"No.","Channel Name","Receive Frequency","Transmit Frequency","Channel Type","Transmit Power","Band Width","CTCSS/DCS Decode","CTCSS/DCS Encode","Contact","Contact Call Type","Contact TG/DMR ID","Radio ID","Busy Lock/TX Permit","Squelch Mode","Optional Signal","DTMF ID","2Tone ID","5Tone ID","PTT ID","Color Code","Slot","Scan List","Receive Group List","PTT Prohibit","Reverse","TDMA","TDMA Adaptive","AES Digital Encryption","Digital Encryption","Call Confirmation","Talk Around(Simplex)","Work Alone","Custom CTCSS","2TONE Decode","Ranging","Simplex","APRS RX","Analog APRS PTT Mode","Digital APRS PTT Mode","APRS Report Type","Digital APRS Report Channel","Correct Frequency[Hz]","SMS Confirmation","Exclude Channel From Roaming","DMR MODE","DataACK Disable","R5toneBot","R5ToneEot","Auto Scan"
"1","BRDCT CT SW","442.20000","447.20000","D-Digital","High","12.5K","Off","Off","CT Statewide","Group Call","3109","KC1JMH / Brad Br","Always","Carrier","Off","1","1","1","Off","1","2","None","None","Off","Off","Off","Off","Normal Encryption","Off","Off","Off","Off","251.1","1","Off","Off","Off","Off","Off","Off","1","0","Off","0","2","0","0","0","0"
"2","BRDCT Local","442.20000","447.20000","D-Digital","High","12.5K","Off","Off","Local","Group Call","9","KC1JMH / Brad Br","Always","Carrier","Off","1","1","1","Off","1","2","None","None","Off","Off","Off","Off","Normal Encryption","Off","Off","Off","Off","251.1","1","Off","Off","Off","Off","Off","Off","1","0","Off","0","2","0","0","0","0"
"3","BRDCT MA SW","442.20000","447.20000","D-Digital","High","12.5K","Off","Off","MA Statewide","Group Call","3125","KC1JMH / Brad Br","Always","Carrier","Off","1","1","1","Off","1","1","None","None","Off","Off","Off","Off","Normal Encryption","Off","Off","Off","Off","251.1","1","Off","Off","Off","Off","Off","Off","1","0","Off","0","2","0","0","0","0"
"4","BRDCT NE Wide","442.20000","447.20000","D-Digital","High","12.5K","Off","Off","New England-Wide","Group Call","3181","KC1JMH / Brad Br","Always","Carrier","Off","1","1","1","Off","1","2","None","None","Off","Off","Off","Off","Normal Encryption","Off","Off","Off","Off","251.1","1","Off","Off","Off","Off","Off","Off","1","0","Off","0","2","0","0","0","0"
"5","BRDCT NETAC1","442.20000","447.20000","D-Digital","High","12.5K","Off","Off","NETAC1","Group Call","8801","KC1JMH / Brad Br","Always","Carrier","Off","1","1","1","Off","1","1","None","None","Off","Off","Off","Off","Normal Encryption","Off","Off","Off","Off","251.1","1","Off","Off","Off","Off","Off","Off","1","0","Off","0","2","0","0","0","0"
"6","BRDCT NETAC2","442.20000","447.20000","D-Digital","High","12.5K","Off","Off","NETAC2","Group Call","8802","KC1JMH / Brad Br","Always","Carrier","Off","1","1","1","Off","1","2","None","None","Off","Off","Off","Off","Normal Encryption","Off","Off","Off","Off","251.1","1","Off","Off","Off","Off","Off","Off","1","0","Off","0","2","0","0","0","0"
"7","BRDCT North Am","442.20000","447.20000","D-Digital","High","12.5K","Off","Off","North America","Group Call","3","KC1JMH / Brad Br","Always","Carrier","Off","1","1","1","Off","1","1","None","None","Off","Off","Off","Off","Normal Encryption","Off","Off","Off","Off","251.1","1","Off","Off","Off","Off","Off","Off","1","0","Off","0","2","0","0","0","0"
"8","BRDCT Northeast","442.20000","447.20000","D-Digital","High","12.5K","Off","Off","Northeast","Group Call","3172","KC1JMH / Brad Br","Always","Carrier","Off","1","1","1","Off","1","1","None","None","Off","Off","Off","Off","Normal Encryption","Off","Off","Off","Off","251.1","1","Off","Off","Off","Off","Off","Off","1","0","Off","0","2","0","0","0","0"
"9","BRDCT Parrot","442.20000","447.20000","D-Digital","High","12.5K","Off","Off","Parrot","Group Call","9998","KC1JMH / Brad Br","Always","Carrier","Off","1","1","1","Off","1","1","None","None","Off","Off","Off","Off","Normal Encryption","Off","Off","Off","Off","251.1","1","Off","Off","Off","Off","Off","Off","1","0","Off","0","2","0","0","0","0"
"10","BRDCT Audio","442.20000","447.20000","D-Digital","High","12.5K","Off","Off","Audio Watch","Group Call","9999","KC1JMH / Brad Br","Always","Carrier","Off","1","1","1","Off","1","1","None","None","Off","Off","Off","Off","Normal Encryption","Off","Off","Off","Off","251.1","1","Off","Off","Off","Off","Off","Off","1","0","Off","0","2","0","0","0","0"
"11","BRDCT ME SW","442.20000","447.20000","D-Digital","High","12.5K","Off","Off","ME Statewide","Group Call","3123","KC1JMH / Brad Br","Always","Carrier","Off","1","1","1","Off","1","1","None","None","Off","Off","Off","Off","Normal Encryption","Off","Off","Off","Off","251.1","1","Off","Off","Off","Off","Off","Off","1","0","Off","0","2","0","0","0","0"
"12","BRDCT NH SW","442.20000","447.20000","D-Digital","High","12.5K","Off","Off","NH Statewide","Group Call","3133","KC1JMH / Brad Br","Always","Carrier","Off","1","1","1","Off","1","1","None","None","Off","Off","Off","Off","Normal Encryption","Off","Off","Off","Off","251.1","1","Off","Off","Off","Off","Off","Off","1","0","Off","0","2","0","0","0","0"
"13","BRDCT NY SW","442.20000","447.20000","D-Digital","High","12.5K","Off","Off","NY Statewide","Group Call","3136","KC1JMH / Brad Br","Always","Carrier","Off","1","1","1","Off","1","1","None","None","Off","Off","Off","Off","Normal Encryption","Off","Off","Off","Off","251.1","1","Off","Off","Off","Off","Off","Off","1","0","Off","0","2","0","0","0","0"
"14","BRDCT RI SW","442.20000","447.20000","D-Digital","High","12.5K","Off","Off","RI Statewide","Group Call","3144","KC1JMH / Brad Br","Always","Carrier","Off","1","1","1","Off","1","1","None","None","Off","Off","Off","Off","Normal Encryption","Off","Off","Off","Off","251.1","1","Off","Off","Off","Off","Off","Off","1","0","Off","0","2","0","0","0","0"
"15","BRDCT VT SW","442.20000","447.20000","D-Digital","High","12.5K","Off","Off","VT Statewide","Group Call","3150","KC1JMH / Brad Br","Always","Carrier","Off","1","1","1","Off","1","1","None","None","Off","Off","Off","Off","Normal Encryption","Off","Off","Off","Off","251.1","1","Off","Off","Off","Off","Off","Off","1","0","Off","0","2","0","0","0","0"
"16","BRDCT SKYWARN","442.20000","447.20000","D-Digital","High","12.5K","Off","Off","SKYWARN","Group Call","759","KC1JMH / Brad Br","Always","Carrier","Off","1","1","1","Off","1","1","None","None","Off","Off","Off","Off","Normal Encryption","Off","Off","Off","Off","251.1","1","Off","Off","Off","Off","Off","Off","1","0","Off","0","2","0","0","0","0"
"17","BRDCT TAC310","442.20000","447.20000","D-Digital","High","12.5K","Off","Off","TAC310","Group Call","310","KC1JMH / Brad Br","Always","Carrier","Off","1","1","1","Off","1","1","None","None","Off","Off","Off","Off","Normal Encryption","Off","Off","Off","Off","251.1","1","Off","Off","Off","Off","Off","Off","1","0","Off","0","2","0","0","0","0"
"18","BRDCT TAC311","442.20000","447.20000","D-Digital","High","12.5K","Off","Off","TAC311","Group Call","311","KC1JMH / Brad Br","Always","Carrier","Off","1","1","1","Off","1","1","None","None","Off","Off","Off","Off","Normal Encryption","Off","Off","Off","Off","251.1","1","Off","Off","Off","Off","Off","Off","1","0","Off","0","2","0","0","0","0"
"19","BRDCT WW","442.20000","447.20000","D-Digital","High","12.5K","Off","Off","WW Call","Group Call","1","KC1JMH / Brad Br","Always","Carrier","Off","1","1","1","Off","1","1","None","None","Off","Off","Off","Off","Normal Encryption","Off","Off","Off","Off","251.1","1","Off","Off","Off","Off","Off","Off","1","0","Off","0","2","0","0","0","0"
"20","CVNCT CT SW","449.87500","444.87500","D-Digital","High","12.5K","Off","Off","CT Statewide","Group Call","3109","KC1JMH / Brad Br","Always","Carrier","Off","1","1","1","Off","1","2","None","None","Off","Off","Off","Off","Normal Encryption","Off","Off","Off","Off","251.1","1","Off","Off","Off","Off","Off","Off","1","0","Off","0","2","0","0","0","0"
"21","CVNCT Local","449.87500","444.87500","D-Digital","High","12.5K","Off","Off","Local","Group Call","9","KC1JMH / Brad Br","Always","Carrier","Off","1","1","1","Off","1","2","None","None","Off","Off","Off","Off","Normal Encryption","Off","Off","Off","Off","251.1","1","Off","Off","Off","Off","Off","Off","1","0","Off","0","2","0","0","0","0"
"22","CVNCT MA SW","449.87500","444.87500","D-Digital","High","12.5K","Off","Off","MA Statewide","Group Call","3125","KC1JMH / Brad Br","Always","Carrier","Off","1","1","1","Off","1","1","None","None","Off","Off","Off","Off","Normal Encryption","Off","Off","Off","Off","251.1","1","Off","Off","Off","Off","Off","Off","1","0","Off","0","2","0","0","0","0"
"23","CVNCT NE Wide","449.87500","444.87500","D-Digital","High","12.5K","Off","Off","New England-Wide","Group Call","3181","KC1JMH / Brad Br","Always","Carrier","Off","1","1","1","Off","1","2","None","None","Off","Off","Off","Off","Normal Encryption","Off","Off","Off","Off","251.1","1","Off","Off","Off","Off","Off","Off","1","0","Off","0","2","0","0","0","0"
"24","CVNCT NETAC1","449.87500","444.87500","D-Digital","High","12.5K","Off","Off","NETAC1","Group Call","8801","KC1JMH / Brad Br","Always","Carrier","Off","1","1","1","Off","1","1","None","None","Off","Off","Off","Off","Normal Encryption","Off","Off","Off","Off","251.1","1","Off","Off","Off","Off","Off","Off","1","0","Off","0","2","0","0","0","0"
"25","CVNCT NETAC2","449.87500","444.87500","D-Digital","High","12.5K","Off","Off","NETAC2","Group Call","8802","KC1JMH / Brad Br","Always","Carrier","Off","1","1","1","Off","1","2","None","None","Off","Off","Off","Off","Normal Encryption","Off","Off","Off","Off","251.1","1","Off","Off","Off","Off","Off","Off","1","0","Off","0","2","0","0","0","0"
"26","CVNCT North Am","449.87500","444.87500","D-Digital","High","12.5K","Off","Off","North America","Group Call","3","KC1JMH / Brad Br","Always","Carrier","Off","1","1","1","Off","1","1","None","None","Off","Off","Off","Off","Normal Encryption","Off","Off","Off","Off","251.1","1","Off","Off","Off","Off","Off","Off","1","0","Off","0","2","0","0","0","0"
"27","CVNCT Northeast","449.87500","444.87500","D-Digital","High","12.5K","Off","Off","Northeast","Group Call","3172","KC1JMH / Brad Br","Always","Carrier","Off","1","1","1","Off","1","1","None","None","Off","Off","Off","Off","Normal Encryption","Off","Off","Off","Off","251.1","1","Off","Off","Off","Off","Off","Off","1","0","Off","0","2","0","0","0","0"
"28","CVNCT Parrot","449.87500","444.87500","D-Digital","High","12.5K","Off","Off","Parrot","Group Call","9998","KC1JMH / Brad Br","Always","Carrier","Off","1","1","1","Off","1","1","None","None","Off","Off","Off","Off","Normal Encryption","Off","Off","Off","Off","251.1","1","Off","Off","Off","Off","Off","Off","1","0","Off","0","2","0","0","0","0"
"29","CVNCT Audio","449.87500","444.87500","D-Digital","High","12.5K","Off","Off","Audio Watch","Group Call","9999","KC1JMH / Brad Br","Always","Carrier","Off","1","1","1","Off","1","1","None","None","Off","Off","Off","Off","Normal Encryption","Off","Off","Off","Off","251.1","1","Off","Off","Off","Off","Off","Off","1","0","Off","0","2","0","0","0","0"
"30","CVNCT ME SW","449.87500","444.87500","D-Digital","High","12.5K","Off","Off","ME Statewide","Group Call","3123","KC1JMH / Brad Br","Always","Carrier","Off","1","1","1","Off","1","1","None","None","Off","Off","Off","Off","Normal Encryption","Off","Off","Off","Off","251.1","1","Off","Off","Off","Off","Off","Off","1","0","Off","0","2","0","0","0","0"
"31","CVNCT NH SW","449.87500","444.87500","D-Digital","High","12.5K","Off","Off","NH Statewide","Group Call","3133","KC1JMH / Brad Br","Always","Carrier","Off","1","1","1","Off","1","1","None","None","Off","Off","Off","Off","Normal Encryption","Off","Off","Off","Off","251.1","1","Off","Off","Off","Off","Off","Off","1","0","Off","0","2","0","0","0","0"
"32","CVNCT NY SW","449.87500","444.87500","D-Digital","High","12.5K","Off","Off","NY Statewide","Group Call","3136","KC1JMH / Brad Br","Always","Carrier","Off","1","1","1","Off","1","1","None","None","Off","Off","Off","Off","Normal Encryption","Off","Off","Off","Off","251.1","1","Off","Off","Off","Off","Off","Off","1","0","Off","0","2","0","0","0","0"
"33","CVNCT RI SW","449.87500","444.87500","D-Digital","High","12.5K","Off","Off","RI Statewide","Group Call","3144","KC1JMH / Brad Br","Always","Carrier","Off","1","1","1","Off","1","1","None","None","Off","Off","Off","Off","Normal Encryption","Off","Off","Off","Off","251.1","1","Off","Off","Off","Off","Off","Off","1","0","Off","0","2","0","0","0","0"
"34","CVNCT VT SW","449.87500","444.87500","D-Digital","High","12.5K","Off","Off","VT Statewide","Group Call","3150","KC1JMH / Brad Br","Always","Carrier","Off","1","1","1","Off","1","1","None","None","Off","Off","Off","Off","Normal Encryption","Off","Off","Off","Off","251.1","1","Off","Off","Off","Off","Off","Off","1","0","Off","0","2","0","0","0","0"
"35","CVNCT SKYWARN","449.87500","444.87500","D-Digital","High","12.5K","Off","Off","SKYWARN","Group Call","759","KC1JMH / Brad Br","Always","Carrier","Off","1","1","1","Off","1","1","None","None","Off","Off","Off","Off","Normal Encryption","Off","Off","Off","Off","251.1","1","Off","Off","Off","Off","Off","Off","1","0","Off","0","2","0","0","0","0"
"36","CVNCT TAC310","449.87500","444.87500","D-Digital","High","12.5K","Off","Off","TAC310","Group Call","310","KC1JMH / Brad Br","Always","Carrier","Off","1","1","1","Off","1","1","None","None","Off","Off","Off","Off","Normal Encryption","Off","Off","Off","Off","251.1","1","Off","Off","Off","Off","Off","Off","1","0","Off","0","2","0","0","0","0"
"37","CVNCT TAC311","449.87500","444.87500","D-Digital","High","12.5K","Off","Off","TAC311","Group Call","311","KC1JMH / Brad Br","Always","Carrier","Off","1","1","1","Off","1","1","None","None","Off","Off","Off","Off","Normal Encryption","Off","Off","Off","Off","251.1","1","Off","Off","Off","Off","Off","Off","1","0","Off","0","2","0","0","0","0"
"38","CVNCT WW","449.87500","444.87500","D-Digital","High","12.5K","Off","Off","WW Call","Group Call","1","KC1JMH / Brad Br","Always","Carrier","Off","1","1","1","Off","1","1","None","None","Off","Off","Off","Off","Normal Encryption","Off","Off","Off","Off","251.1","1","Off","Off","Off","Off","Off","Off","1","0","Off","0","2","0","0","0","0"
"39","KLLCT CT SW","444.85000","449.85000","D-Digital","High","12.5K","Off","Off","CT Statewide","Group Call","3109","KC1JMH / Brad Br","Always","Carrier","Off","1","1","1","Off","1","2","None","None","Off","Off","Off","Off","Normal Encryption","Off","Off","Off","Off","251.1","1","Off","Off","Off","Off","Off","Off","1","0","Off","0","2","0","0","0","0"
"40","KLLCT Local","444.85000","449.85000","D-Digital","High","12.5K","Off","Off","Local","Group Call","9","KC1JMH / Brad Br","Always","Carrier","Off","1","1","1","Off","1","2","None","None","Off","Off","Off","Off","Normal Encryption","Off","Off","Off","Off","251.1","1","Off","Off","Off","Off","Off","Off","1","0","Off","0","2","0","0","0","0"
"41","KLLCT MA SW","444.85000","449.85000","D-Digital","High","12.5K","Off","Off","MA Statewide","Group Call","3125","KC1JMH / Brad Br","Always","Carrier","Off","1","1","1","Off","1","1","None","None","Off","Off","Off","Off","Normal Encryption","Off","Off","Off","Off","251.1","1","Off","Off","Off","Off","Off","Off","1","0","Off","0","2","0","0","0","0"
"42","KLLCT NE Wide","444.85000","449.85000","D-Digital","High","12.5K","Off","Off","New England-Wide","Group Call","3181","KC1JMH / Brad Br","Always","Carrier","Off","1","1","1","Off","1","2","None","None","Off","Off","Off","Off","Normal Encryption","Off","Off","Off","Off","251.1","1","Off","Off","Off","Off","Off","Off","1","0","Off","0","2","0","0","0","0"
"43","KLLCT NETAC1","444.85000","449.85000","D-Digital","High","12.5K","Off","Off","NETAC1","Group Call","8801","KC1JMH / Brad Br","Always","Carrier","Off","1","1","1","Off","1","1","None","None","Off","Off","Off","Off","Normal Encryption","Off","Off","Off","Off","251.1","1","Off","Off","Off","Off","Off","Off","1","0","Off","0","2","0","0","0","0"
"44","KLLCT NETAC2","444.85000","449.85000","D-Digital","High","12.5K","Off","Off","NETAC2","Group Call","8802","KC1JMH / Brad Br","Always","Carrier","Off","1","1","1","Off","1","2","None","None","Off","Off","Off","Off","Normal Encryption","Off","Off","Off","Off","251.1","1","Off","Off","Off","Off","Off","Off","1","0","Off","0","2","0","0","0","0"
"45","KLLCT Northeast","444.85000","449.85000","D-Digital","High","12.5K","Off","Off","Northeast","Group Call","3172","KC1JMH / Brad Br","Always","Carrier","Off","1","1","1","Off","1","1","None","None","Off","Off","Off","Off","Normal Encryption","Off","Off","Off","Off","251.1","1","Off","Off","Off","Off","Off","Off","1","0","Off","0","2","0","0","0","0"
"46","KLLCT Parrot","444.85000","449.85000","D-Digital","High","12.5K","Off","Off","Parrot","Group Call","9998","KC1JMH / Brad Br","Always","Carrier","Off","1","1","1","Off","1","1","None","None","Off","Off","Off","Off","Normal Encryption","Off","Off","Off","Off","251.1","1","Off","Off","Off","Off","Off","Off","1","0","Off","0","2","0","0","0","0"
"47","KLLCT Audio","444.85000","449.85000","D-Digital","High","12.5K","Off","Off","Audio Watch","Group Call","9999","KC1JMH / Brad Br","Always","Carrier","Off","1","1","1","Off","1","1","None","None","Off","Off","Off","Off","Normal Encryption","Off","Off","Off","Off","251.1","1","Off","Off","Off","Off","Off","Off","1","0","Off","0","2","0","0","0","0"
"48","KLLCT WW","444.85000","449.85000","D-Digital","High","12.5K","Off","Off","WW Call","Group Call","1","KC1JMH / Brad Br","Always","Carrier","Off","1","1","1","Off","1","1","None","None","Off","Off","Off","Off","Normal Encryption","Off","Off","Off","Off","251.1","1","Off","Off","Off","Off","Off","Off","1","0","Off","0","2","0","0","0","0"
"49","KLLCT North Am","444.85000","449.85000","D-Digital","High","12.5K","Off","Off","North America","Group Call","3","KC1JMH / Brad Br","Always","Carrier","Off","1","1","1","Off","1","1","None","None","Off","Off","Off","Off","Normal Encryption","Off","Off","Off","Off","251.1","1","Off","Off","Off","Off","Off","Off","1","0","Off","0","2","0","0","0","0"
"50","KLLCT ME SW","444.85000","449.85000","D-Digital","High","12.5K","Off","Off","ME Statewide","Group Call","3123","KC1JMH / Brad Br","Always","Carrier","Off","1","1","1","Off","1","1","None","None","Off","Off","Off","Off","Normal Encryption","Off","Off","Off","Off","251.1","1","Off","Off","Off","Off","Off","Off","1","0","Off","0","2","0","0","0","0"
"51","KLLCT NH SW","444.85000","449.85000","D-Digital","High","12.5K","Off","Off","NH Statewide","Group Call","3133","KC1JMH / Brad Br","Always","Carrier","Off","1","1","1","Off","1","1","None","None","Off","Off","Off","Off","Normal Encryption","Off","Off","Off","Off","251.1","1","Off","Off","Off","Off","Off","Off","1","0","Off","0","2","0","0","0","0"
"52","KLLCT NY SW","444.85000","449.85000","D-Digital","High","12.5K","Off","Off","NY Statewide","Group Call","3136","KC1JMH / Brad Br","Always","Carrier","Off","1","1","1","Off","1","1","None","None","Off","Off","Off","Off","Normal Encryption","Off","Off","Off","Off","251.1","1","Off","Off","Off","Off","Off","Off","1","0","Off","0","2","0","0","0","0"
"53","KLLCT RI SW","444.85000","449.85000","D-Digital","High","12.5K","Off","Off","RI Statewide","Group Call","3144","KC1JMH / Brad Br","Always","Carrier","Off","1","1","1","Off","1","1","None","None","Off","Off","Off","Off","Normal Encryption","Off","Off","Off","Off","251.1","1","Off","Off","Off","Off","Off","Off","1","0","Off","0","2","0","0","0","0"
"54","KLLCT VT SW","444.85000","449.85000","D-Digital","High","12.5K","Off","Off","VT Statewide","Group Call","3150","KC1JMH / Brad Br","Always","Carrier","Off","1","1","1","Off","1","1","None","None","Off","Off","Off","Off","Normal Encryption","Off","Off","Off","Off","251.1","1","Off","Off","Off","Off","Off","Off","1","0","Off","0","2","0","0","0","0"
"55","KLLCT SKYWARN","444.85000","449.85000","D-Digital","High","12.5K","Off","Off","SKYWARN","Group Call","759","KC1JMH / Brad Br","Always","Carrier","Off","1","1","1","Off","1","1","None","None","Off","Off","Off","Off","Normal Encryption","Off","Off","Off","Off","251.1","1","Off","Off","Off","Off","Off","Off","1","0","Off","0","2","0","0","0","0"
"56","KLLCT TAC310","444.85000","449.85000","D-Digital","High","12.5K","Off","Off","TAC310","Group Call","310","KC1JMH / Brad Br","Always","Carrier","Off","1","1","1","Off","1","1","None","None","Off","Off","Off","Off","Normal Encryption","Off","Off","Off","Off","251.1","1","Off","Off","Off","Off","Off","Off","1","0","Off","0","2","0","0","0","0"
"57","KLLCT TAC311","444.85000","449.85000","D-Digital","High","12.5K","Off","Off","TAC311","Group Call","311","KC1JMH / Brad Br","Always","Carrier","Off","1","1","1","Off","1","1","None","None","Off","Off","Off","Off","Normal Encryption","Off","Off","Off","Off","251.1","1","Off","Off","Off","Off","Off","Off","1","0","Off","0","2","0","0","0","0"
"58","MONCT CT SW","444.40000","449.40000","D-Digital","High","12.5K","Off","Off","CT Statewide","Group Call","3109","KC1JMH / Brad Br","Always","Carrier","Off","1","1","1","Off","3","2","None","None","Off","Off","Off","Off","Normal Encryption","Off","Off","Off","Off","251.1","1","Off","Off","Off","Off","Off","Off","1","0","Off","0","2","0","0","0","0"
"59","MONCT Local","444.40000","449.40000","D-Digital","High","12.5K","Off","Off","Local","Group Call","9","KC1JMH / Brad Br","Always","Carrier","Off","1","1","1","Off","3","2","None","None","Off","Off","Off","Off","Normal Encryption","Off","Off","Off","Off","251.1","1","Off","Off","Off","Off","Off","Off","1","0","Off","0","2","0","0","0","0"
"60","MONCT MA SW","444.40000","449.40000","D-Digital","High","12.5K","Off","Off","MA Statewide","Group Call","3125","KC1JMH / Brad Br","Always","Carrier","Off","1","1","1","Off","3","1","None","None","Off","Off","Off","Off","Normal Encryption","Off","Off","Off","Off","251.1","1","Off","Off","Off","Off","Off","Off","1","0","Off","0","2","0","0","0","0"
"61","MONCT NE Wide","444.40000","449.40000","D-Digital","High","12.5K","Off","Off","New England-Wide","Group Call","3181","KC1JMH / Brad Br","Always","Carrier","Off","1","1","1","Off","3","2","None","None","Off","Off","Off","Off","Normal Encryption","Off","Off","Off","Off","251.1","1","Off","Off","Off","Off","Off","Off","1","0","Off","0","2","0","0","0","0"
"62","MONCT NETAC1","444.40000","449.40000","D-Digital","High","12.5K","Off","Off","NETAC1","Group Call","8801","KC1JMH / Brad Br","Always","Carrier","Off","1","1","1","Off","3","1","None","None","Off","Off","Off","Off","Normal Encryption","Off","Off","Off","Off","251.1","1","Off","Off","Off","Off","Off","Off","1","0","Off","0","2","0","0","0","0"
"63","MONCT NETAC2","444.40000","449.40000","D-Digital","High","12.5K","Off","Off","NETAC2","Group Call","8802","KC1JMH / Brad Br","Always","Carrier","Off","1","1","1","Off","3","2","None","None","Off","Off","Off","Off","Normal Encryption","Off","Off","Off","Off","251.1","1","Off","Off","Off","Off","Off","Off","1","0","Off","0","2","0","0","0","0"
"64","MONCT North Am","444.40000","449.40000","D-Digital","High","12.5K","Off","Off","North America","Group Call","3","KC1JMH / Brad Br","Always","Carrier","Off","1","1","1","Off","3","1","None","None","Off","Off","Off","Off","Normal Encryption","Off","Off","Off","Off","251.1","1","Off","Off","Off","Off","Off","Off","1","0","Off","0","2","0","0","0","0"
"65","MONCT Northeast","444.40000","449.40000","D-Digital","High","12.5K","Off","Off","Northeast","Group Call","3172","KC1JMH / Brad Br","Always","Carrier","Off","1","1","1","Off","3","1","None","None","Off","Off","Off","Off","Normal Encryption","Off","Off","Off","Off","251.1","1","Off","Off","Off","Off","Off","Off","1","0","Off","0","2","0","0","0","0"
"66","MONCT Parrot","444.40000","449.40000","D-Digital","High","12.5K","Off","Off","Parrot","Group Call","9998","KC1JMH / Brad Br","Always","Carrier","Off","1","1","1","Off","3","1","None","None","Off","Off","Off","Off","Normal Encryption","Off","Off","Off","Off","251.1","1","Off","Off","Off","Off","Off","Off","1","0","Off","0","2","0","0","0","0"
"67","MONCT Audio","444.40000","449.40000","D-Digital","High","12.5K","Off","Off","Audio Watch","Group Call","9999","KC1JMH / Brad Br","Always","Carrier","Off","1","1","1","Off","3","1","None","None","Off","Off","Off","Off","Normal Encryption","Off","Off","Off","Off","251.1","1","Off","Off","Off","Off","Off","Off","1","0","Off","0","2","0","0","0","0"
"68","MONCT ME SW","444.40000","449.40000","D-Digital","High","12.5K","Off","Off","ME Statewide","Group Call","3123","KC1JMH / Brad Br","Always","Carrier","Off","1","1","1","Off","3","1","None","None","Off","Off","Off","Off","Normal Encryption","Off","Off","Off","Off","251.1","1","Off","Off","Off","Off","Off","Off","1","0","Off","0","2","0","0","0","0"
"69","MONCT NH SW","444.40000","449.40000","D-Digital","High","12.5K","Off","Off","NH Statewide","Group Call","3133","KC1JMH / Brad Br","Always","Carrier","Off","1","1","1","Off","3","1","None","None","Off","Off","Off","Off","Normal Encryption","Off","Off","Off","Off","251.1","1","Off","Off","Off","Off","Off","Off","1","0","Off","0","2","0","0","0","0"
"70","MONCT NY SW","444.40000","449.40000","D-Digital","High","12.5K","Off","Off","NY Statewide","Group Call","3136","KC1JMH / Brad Br","Always","Carrier","Off","1","1","1","Off","3","1","None","None","Off","Off","Off","Off","Normal Encryption","Off","Off","Off","Off","251.1","1","Off","Off","Off","Off","Off","Off","1","0","Off","0","2","0","0","0","0"
"71","MONCT RI SW","444.40000","449.40000","D-Digital","High","12.5K","Off","Off","RI Statewide","Group Call","3144","KC1JMH / Brad Br","Always","Carrier","Off","1","1","1","Off","3","1","None","None","Off","Off","Off","Off","Normal Encryption","Off","Off","Off","Off","251.1","1","Off","Off","Off","Off","Off","Off","1","0","Off","0","2","0","0","0","0"
"72","MONCT VT SW","444.40000","449.40000","D-Digital","High","12.5K","Off","Off","VT Statewide","Group Call","3150","KC1JMH / Brad Br","Always","Carrier","Off","1","1","1","Off","3","1","None","None","Off","Off","Off","Off","Normal Encryption","Off","Off","Off","Off","251.1","1","Off","Off","Off","Off","Off","Off","1","0","Off","0","2","0","0","0","0"
"73","MONCT SKYWARN","444.40000","449.40000","D-Digital","High","12.5K","Off","Off","SKYWARN","Group Call","759","KC1JMH / Brad Br","Always","Carrier","Off","1","1","1","Off","3","1","None","None","Off","Off","Off","Off","Normal Encryption","Off","Off","Off","Off","251.1","1","Off","Off","Off","Off","Off","Off","1","0","Off","0","2","0","0","0","0"
"74","MONCT TAC310","444.40000","449.40000","D-Digital","High","12.5K","Off","Off","TAC310","Group Call","310","KC1JMH / Brad Br","Always","Carrier","Off","1","1","1","Off","3","1","None","None","Off","Off","Off","Off","Normal Encryption","Off","Off","Off","Off","251.1","1","Off","Off","Off","Off","Off","Off","1","0","Off","0","2","0","0","0","0"
"75","MONCT TAC311","444.40000","449.40000","D-Digital","High","12.5K","Off","Off","TAC311","Group Call","311","KC1JMH / Brad Br","Always","Carrier","Off","1","1","1","Off","3","1","None","None","Off","Off","Off","Off","Normal Encryption","Off","Off","Off","Off","251.1","1","Off","Off","Off","Off","Off","Off","1","0","Off","0","2","0","0","0","0"
"76","MONCT WW","444.40000","449.40000","D-Digital","High","12.5K","Off","Off","WW Call","Group Call","1","KC1JMH / Brad Br","Always","Carrier","Off","1","1","1","Off","3","1","None","None","Off","Off","Off","Off","Normal Encryption","Off","Off","Off","Off","251.1","1","Off","Off","Off","Off","Off","Off","1","0","Off","0","2","0","0","0","0"
"77","NRTCT CT SW","449.47500","444.47500","D-Digital","High","12.5K","Off","Off","CT Statewide","Group Call","3109","KC1JMH / Brad Br","Always","Carrier","Off","1","1","1","Off","1","2","None","None","Off","Off","Off","Off","Normal Encryption","Off","Off","Off","Off","251.1","1","Off","Off","Off","Off","Off","Off","1","0","Off","0","2","0","0","0","0"
"78","NRTCT Local","449.47500","444.47500","D-Digital","High","12.5K","Off","Off","Local","Group Call","9","KC1JMH / Brad Br","Always","Carrier","Off","1","1","1","Off","1","2","None","None","Off","Off","Off","Off","Normal Encryption","Off","Off","Off","Off","251.1","1","Off","Off","Off","Off","Off","Off","1","0","Off","0","2","0","0","0","0"
"79","NRTCT MA SW","449.47500","444.47500","D-Digital","High","12.5K","Off","Off","MA Statewide","Group Call","3125","KC1JMH / Brad Br","Always","Carrier","Off","1","1","1","Off","1","1","None","None","Off","Off","Off","Off","Normal Encryption","Off","Off","Off","Off","251.1","1","Off","Off","Off","Off","Off","Off","1","0","Off","0","2","0","0","0","0"
"80","NRTCT NE Wide","449.47500","444.47500","D-Digital","High","12.5K","Off","Off","New England-Wide","Group Call","3181","KC1JMH / Brad Br","Always","Carrier","Off","1","1","1","Off","1","2","None","None","Off","Off","Off","Off","Normal Encryption","Off","Off","Off","Off","251.1","1","Off","Off","Off","Off","Off","Off","1","0","Off","0","2","0","0","0","0"
"81","NRTCT NETAC1","449.47500","444.47500","D-Digital","High","12.5K","Off","Off","NETAC1","Group Call","8801","KC1JMH / Brad Br","Always","Carrier","Off","1","1","1","Off","1","1","None","None","Off","Off","Off","Off","Normal Encryption","Off","Off","Off","Off","251.1","1","Off","Off","Off","Off","Off","Off","1","0","Off","0","2","0","0","0","0"
"82","NRTCT NETAC2","449.47500","444.47500","D-Digital","High","12.5K","Off","Off","NETAC2","Group Call","8802","KC1JMH / Brad Br","Always","Carrier","Off","1","1","1","Off","1","2","None","None","Off","Off","Off","Off","Normal Encryption","Off","Off","Off","Off","251.1","1","Off","Off","Off","Off","Off","Off","1","0","Off","0","2","0","0","0","0"
"83","NRTCT North Am","449.47500","444.47500","D-Digital","High","12.5K","Off","Off","North America","Group Call","3","KC1JMH / Brad Br","Always","Carrier","Off","1","1","1","Off","1","1","None","None","Off","Off","Off","Off","Normal Encryption","Off","Off","Off","Off","251.1","1","Off","Off","Off","Off","Off","Off","1","0","Off","0","2","0","0","0","0"
"84","NRTCT Northeast","449.47500","444.47500","D-Digital","High","12.5K","Off","Off","Northeast","Group Call","3172","KC1JMH / Brad Br","Always","Carrier","Off","1","1","1","Off","1","1","None","None","Off","Off","Off","Off","Normal Encryption","Off","Off","Off","Off","251.1","1","Off","Off","Off","Off","Off","Off","1","0","Off","0","2","0","0","0","0"
"85","NRTCT Parrot","449.47500","444.47500","D-Digital","High","12.5K","Off","Off","Parrot","Group Call","9998","KC1JMH / Brad Br","Always","Carrier","Off","1","1","1","Off","1","1","None","None","Off","Off","Off","Off","Normal Encryption","Off","Off","Off","Off","251.1","1","Off","Off","Off","Off","Off","Off","1","0","Off","0","2","0","0","0","0"
"86","NRTCT SKYWARN","449.47500","444.47500","D-Digital","High","12.5K","Off","Off","SKYWARN","Group Call","759","KC1JMH / Brad Br","Always","Carrier","Off","1","1","1","Off","1","1","None","None","Off","Off","Off","Off","Normal Encryption","Off","Off","Off","Off","251.1","1","Off","Off","Off","Off","Off","Off","1","0","Off","0","2","0","0","0","0"
"87","NRTCT TAC310","449.47500","444.47500","D-Digital","High","12.5K","Off","Off","TAC310","Group Call","310","KC1JMH / Brad Br","Always","Carrier","Off","1","1","1","Off","1","1","None","None","Off","Off","Off","Off","Normal Encryption","Off","Off","Off","Off","251.1","1","Off","Off","Off","Off","Off","Off","1","0","Off","0","2","0","0","0","0"
"88","NRTCT TAC311","449.47500","444.47500","D-Digital","High","12.5K","Off","Off","TAC311","Group Call","311","KC1JMH / Brad Br","Always","Carrier","Off","1","1","1","Off","1","1","None","None","Off","Off","Off","Off","Normal Encryption","Off","Off","Off","Off","251.1","1","Off","Off","Off","Off","Off","Off","1","0","Off","0","2","0","0","0","0"
"89","NRTCT WW","449.47500","444.47500","D-Digital","High","12.5K","Off","Off","WW Call","Group Call","1","KC1JMH / Brad Br","Always","Carrier","Off","1","1","1","Off","1","1","None","None","Off","Off","Off","Off","Normal Encryption","Off","Off","Off","Off","251.1","1","Off","Off","Off","Off","Off","Off","1","0","Off","0","2","0","0","0","0"
"90","NRWCT CT SW","448.07500","443.07500","D-Digital","High","12.5K","Off","Off","CT Statewide","Group Call","3109","KC1JMH / Brad Br","Always","Carrier","Off","1","1","1","Off","1","2","None","None","Off","Off","Off","Off","Normal Encryption","Off","Off","Off","Off","251.1","1","Off","Off","Off","Off","Off","Off","1","0","Off","0","2","0","0","0","0"
"91","NRWCT Local","448.07500","443.07500","D-Digital","High","12.5K","Off","Off","Local","Group Call","9","KC1JMH / Brad Br","Always","Carrier","Off","1","1","1","Off","1","2","None","None","Off","Off","Off","Off","Normal Encryption","Off","Off","Off","Off","251.1","1","Off","Off","Off","Off","Off","Off","1","0","Off","0","2","0","0","0","0"
"92","NRWCT MA SW","448.07500","443.07500","D-Digital","High","12.5K","Off","Off","MA Statewide","Group Call","3125","KC1JMH / Brad Br","Always","Carrier","Off","1","1","1","Off","1","1","None","None","Off","Off","Off","Off","Normal Encryption","Off","Off","Off","Off","251.1","1","Off","Off","Off","Off","Off","Off","1","0","Off","0","2","0","0","0","0"
"93","NRWCT NE Wide","448.07500","443.07500","D-Digital","High","12.5K","Off","Off","New England-Wide","Group Call","3181","KC1JMH / Brad Br","Always","Carrier","Off","1","1","1","Off","1","2","None","None","Off","Off","Off","Off","Normal Encryption","Off","Off","Off","Off","251.1","1","Off","Off","Off","Off","Off","Off","1","0","Off","0","2","0","0","0","0"
"94","NRWCT NETAC1","448.07500","443.07500","D-Digital","High","12.5K","Off","Off","NETAC1","Group Call","8801","KC1JMH / Brad Br","Always","Carrier","Off","1","1","1","Off","1","1","None","None","Off","Off","Off","Off","Normal Encryption","Off","Off","Off","Off","251.1","1","Off","Off","Off","Off","Off","Off","1","0","Off","0","2","0","0","0","0"
"95","NRWCT NETAC2","448.07500","443.07500","D-Digital","High","12.5K","Off","Off","NETAC2","Group Call","8802","KC1JMH / Brad Br","Always","Carrier","Off","1","1","1","Off","1","2","None","None","Off","Off","Off","Off","Normal Encryption","Off","Off","Off","Off","251.1","1","Off","Off","Off","Off","Off","Off","1","0","Off","0","2","0","0","0","0"
"96","NRWCT North Am","448.07500","443.07500","D-Digital","High","12.5K","Off","Off","North America","Group Call","3","KC1JMH / Brad Br","Always","Carrier","Off","1","1","1","Off","1","1","None","None","Off","Off","Off","Off","Normal Encryption","Off","Off","Off","Off","251.1","1","Off","Off","Off","Off","Off","Off","1","0","Off","0","2","0","0","0","0"
"97","NRWCT Northeast","448.07500","443.07500","D-Digital","High","12.5K","Off","Off","Northeast","Group Call","3172","KC1JMH / Brad Br","Always","Carrier","Off","1","1","1","Off","1","1","None","None","Off","Off","Off","Off","Normal Encryption","Off","Off","Off","Off","251.1","1","Off","Off","Off","Off","Off","Off","1","0","Off","0","2","0","0","0","0"
"98","NRWCT Parrot","448.07500","443.07500","D-Digital","High","12.5K","Off","Off","Parrot","Group Call","9998","KC1JMH / Brad Br","Always","Carrier","Off","1","1","1","Off","1","1","None","None","Off","Off","Off","Off","Normal Encryption","Off","Off","Off","Off","251.1","1","Off","Off","Off","Off","Off","Off","1","0","Off","0","2","0","0","0","0"
"99","NRWCT Audio","448.07500","443.07500","D-Digital","High","12.5K","Off","Off","Audio Watch","Group Call","9999","KC1JMH / Brad Br","Always","Carrier","Off","1","1","1","Off","1","1","None","None","Off","Off","Off","Off","Normal Encryption","Off","Off","Off","Off","251.1","1","Off","Off","Off","Off","Off","Off","1","0","Off","0","2","0","0","0","0"
"100","NRWCT ME SW","448.07500","443.07500","D-Digital","High","12.5K","Off","Off","ME Statewide","Group Call","3123","KC1JMH / Brad Br","Always","Carrier","Off","1","1","1","Off","1","1","None","None","Off","Off","Off","Off","Normal Encryption","Off","Off","Off","Off","251.1","1","Off","Off","Off","Off","Off","Off","1","0","Off","0","2","0","0","0","0"
"101","NRWCT NH SW","448.07500","443.07500","D-Digital","High","12.5K","Off","Off","NH Statewide","Group Call","3133","KC1JMH / Brad Br","Always","Carrier","Off","1","1","1","Off","1","1","None","None","Off","Off","Off","Off","Normal Encryption","Off","Off","Off","Off","251.1","1","Off","Off","Off","Off","Off","Off","1","0","Off","0","2","0","0","0","0"
"102","NRWCT NY SW","448.07500","443.07500","D-Digital","High","12.5K","Off","Off","NY Statewide","Group Call","3136","KC1JMH / Brad Br","Always","Carrier","Off","1","1","1","Off","1","1","None","None","Off","Off","Off","Off","Normal Encryption","Off","Off","Off","Off","251.1","1","Off","Off","Off","Off","Off","Off","1","0","Off","0","2","0","0","0","0"
"103","NRWCT RI SW","448.07500","443.07500","D-Digital","High","12.5K","Off","Off","RI Statewide","Group Call","3144","KC1JMH / Brad Br","Always","Carrier","Off","1","1","1","Off","1","1","None","None","Off","Off","Off","Off","Normal Encryption","Off","Off","Off","Off","251.1","1","Off","Off","Off","Off","Off","Off","1","0","Off","0","2","0","0","0","0"
"104","NRWCT VT SW","448.07500","443.07500","D-Digital","High","12.5K","Off","Off","VT Statewide","Group Call","3150","KC1JMH / Brad Br","Always","Carrier","Off","1","1","1","Off","1","1","None","None","Off","Off","Off","Off","Normal Encryption","Off","Off","Off","Off","251.1","1","Off","Off","Off","Off","Off","Off","1","0","Off","0","2","0","0","0","0"
"105","NRWCT SKYWARN","448.07500","443.07500","D-Digital","High","12.5K","Off","Off","SKYWARN","Group Call","759","KC1JMH / Brad Br","Always","Carrier","Off","1","1","1","Off","1","1","None","None","Off","Off","Off","Off","Normal Encryption","Off","Off","Off","Off","251.1","1","Off","Off","Off","Off","Off","Off","1","0","Off","0","2","0","0","0","0"
"106","NRWCT TAC310","448.07500","443.07500","D-Digital","High","12.5K","Off","Off","TAC310","Group Call","310","KC1JMH / Brad Br","Always","Carrier","Off","1","1","1","Off","1","1","None","None","Off","Off","Off","Off","Normal Encryption","Off","Off","Off","Off","251.1","1","Off","Off","Off","Off","Off","Off","1","0","Off","0","2","0","0","0","0"
"107","NRWCT TAC311","448.07500","443.07500","D-Digital","High","12.5K","Off","Off","TAC311","Group Call","311","KC1JMH / Brad Br","Always","Carrier","Off","1","1","1","Off","1","1","None","None","Off","Off","Off","Off","Normal Encryption","Off","Off","Off","Off","251.1","1","Off","Off","Off","Off","Off","Off","1","0","Off","0","2","0","0","0","0"
"108","NRWCT WW","448.07500","443.07500","D-Digital","High","12.5K","Off","Off","WW Call","Group Call","1","KC1JMH / Brad Br","Always","Carrier","Off","1","1","1","Off","1","1","None","None","Off","Off","Off","Off","Normal Encryption","Off","Off","Off","Off","251.1","1","Off","Off","Off","Off","Off","Off","1","0","Off","0","2","0","0","0","0"
"109","PRSCT CT SW","448.17500","443.17500","D-Digital","High","12.5K","Off","Off","CT Statewide","Group Call","3109","KC1JMH / Brad Br","Always","Carrier","Off","1","1","1","Off","1","2","None","None","Off","Off","Off","Off","Normal Encryption","Off","Off","Off","Off","251.1","1","Off","Off","Off","Off","Off","Off","1","0","Off","0","2","0","0","0","0"
"110","PRSCT Local","448.17500","443.17500","D-Digital","High","12.5K","Off","Off","Local","Group Call","9","KC1JMH / Brad Br","Always","Carrier","Off","1","1","1","Off","1","2","None","None","Off","Off","Off","Off","Normal Encryption","Off","Off","Off","Off","251.1","1","Off","Off","Off","Off","Off","Off","1","0","Off","0","2","0","0","0","0"
"111","PRSCT MA SW","448.17500","443.17500","D-Digital","High","12.5K","Off","Off","MA Statewide","Group Call","3125","KC1JMH / Brad Br","Always","Carrier","Off","1","1","1","Off","1","1","None","None","Off","Off","Off","Off","Normal Encryption","Off","Off","Off","Off","251.1","1","Off","Off","Off","Off","Off","Off","1","0","Off","0","2","0","0","0","0"
"112","PRSCT NE Wide","448.17500","443.17500","D-Digital","High","12.5K","Off","Off","New England-Wide","Group Call","3181","KC1JMH / Brad Br","Always","Carrier","Off","1","1","1","Off","1","2","None","None","Off","Off","Off","Off","Normal Encryption","Off","Off","Off","Off","251.1","1","Off","Off","Off","Off","Off","Off","1","0","Off","0","2","0","0","0","0"
"113","PRSCT NETAC1","448.17500","443.17500","D-Digital","High","12.5K","Off","Off","NETAC1","Group Call","8801","KC1JMH / Brad Br","Always","Carrier","Off","1","1","1","Off","1","1","None","None","Off","Off","Off","Off","Normal Encryption","Off","Off","Off","Off","251.1","1","Off","Off","Off","Off","Off","Off","1","0","Off","0","2","0","0","0","0"
"114","PRSCT NETAC2","448.17500","443.17500","D-Digital","High","12.5K","Off","Off","NETAC2","Group Call","8802","KC1JMH / Brad Br","Always","Carrier","Off","1","1","1","Off","1","2","None","None","Off","Off","Off","Off","Normal Encryption","Off","Off","Off","Off","251.1","1","Off","Off","Off","Off","Off","Off","1","0","Off","0","2","0","0","0","0"
"115","PRSCT Northeast","448.17500","443.17500","D-Digital","High","12.5K","Off","Off","Northeast","Group Call","3172","KC1JMH / Brad Br","Always","Carrier","Off","1","1","1","Off","1","1","None","None","Off","Off","Off","Off","Normal Encryption","Off","Off","Off","Off","251.1","1","Off","Off","Off","Off","Off","Off","1","0","Off","0","2","0","0","0","0"
"116","PRSCT Parrot","448.17500","443.17500","D-Digital","High","12.5K","Off","Off","Parrot","Group Call","9998","KC1JMH / Brad Br","Always","Carrier","Off","1","1","1","Off","1","1","None","None","Off","Off","Off","Off","Normal Encryption","Off","Off","Off","Off","251.1","1","Off","Off","Off","Off","Off","Off","1","0","Off","0","2","0","0","0","0"
"117","PRSCT Audio","448.17500","443.17500","D-Digital","High","12.5K","Off","Off","Audio Watch","Group Call","9999","KC1JMH / Brad Br","Always","Carrier","Off","1","1","1","Off","1","1","None","None","Off","Off","Off","Off","Normal Encryption","Off","Off","Off","Off","251.1","1","Off","Off","Off","Off","Off","Off","1","0","Off","0","2","0","0","0","0"
"118","PRSCT WW","448.17500","443.17500","D-Digital","High","12.5K","Off","Off","WW Call","Group Call","1","KC1JMH / Brad Br","Always","Carrier","Off","1","1","1","Off","1","1","None","None","Off","Off","Off","Off","Normal Encryption","Off","Off","Off","Off","251.1","1","Off","Off","Off","Off","Off","Off","1","0","Off","0","2","0","0","0","0"
"119","PRSCT North Am","448.17500","443.17500","D-Digital","High","12.5K","Off","Off","North America","Group Call","3","KC1JMH / Brad Br","Always","Carrier","Off","1","1","1","Off","1","1","None","None","Off","Off","Off","Off","Normal Encryption","Off","Off","Off","Off","251.1","1","Off","Off","Off","Off","Off","Off","1","0","Off","0","2","0","0","0","0"
"120","PRSCT ME SW","448.17500","443.17500","D-Digital","High","12.5K","Off","Off","ME Statewide","Group Call","3123","KC1JMH / Brad Br","Always","Carrier","Off","1","1","1","Off","1","1","None","None","Off","Off","Off","Off","Normal Encryption","Off","Off","Off","Off","251.1","1","Off","Off","Off","Off","Off","Off","1","0","Off","0","2","0","0","0","0"
"121","PRSCT NH SW","448.17500","443.17500","D-Digital","High","12.5K","Off","Off","NH Statewide","Group Call","3133","KC1JMH / Brad Br","Always","Carrier","Off","1","1","1","Off","1","1","None","None","Off","Off","Off","Off","Normal Encryption","Off","Off","Off","Off","251.1","1","Off","Off","Off","Off","Off","Off","1","0","Off","0","2","0","0","0","0"
"122","PRSCT NY SW","448.17500","443.17500","D-Digital","High","12.5K","Off","Off","NY Statewide","Group Call","3136","KC1JMH / Brad Br","Always","Carrier","Off","1","1","1","Off","1","1","None","None","Off","Off","Off","Off","Normal Encryption","Off","Off","Off","Off","251.1","1","Off","Off","Off","Off","Off","Off","1","0","Off","0","2","0","0","0","0"
"123","PRSCT RI SW","448.17500","443.17500","D-Digital","High","12.5K","Off","Off","RI Statewide","Group Call","3144","KC1JMH / Brad Br","Always","Carrier","Off","1","1","1","Off","1","1","None","None","Off","Off","Off","Off","Normal Encryption","Off","Off","Off","Off","251.1","1","Off","Off","Off","Off","Off","Off","1","0","Off","0","2","0","0","0","0"
"124","PRSCT VT SW","448.17500","443.17500","D-Digital","High","12.5K","Off","Off","VT Statewide","Group Call","3150","KC1JMH / Brad Br","Always","Carrier","Off","1","1","1","Off","1","1","None","None","Off","Off","Off","Off","Normal Encryption","Off","Off","Off","Off","251.1","1","Off","Off","Off","Off","Off","Off","1","0","Off","0","2","0","0","0","0"
"125","PRSCT SKYWARN","448.17500","443.17500","D-Digital","High","12.5K","Off","Off","SKYWARN","Group Call","759","KC1JMH / Brad Br","Always","Carrier","Off","1","1","1","Off","1","1","None","None","Off","Off","Off","Off","Normal Encryption","Off","Off","Off","Off","251.1","1","Off","Off","Off","Off","Off","Off","1","0","Off","0","2","0","0","0","0"
"126","PRSCT TAC310","448.17500","443.17500","D-Digital","High","12.5K","Off","Off","TAC310","Group Call","310","KC1JMH / Brad Br","Always","Carrier","Off","1","1","1","Off","1","1","None","None","Off","Off","Off","Off","Normal Encryption","Off","Off","Off","Off","251.1","1","Off","Off","Off","Off","Off","Off","1","0","Off","0","2","0","0","0","0"
"127","PRSCT TAC311","448.17500","443.17500","D-Digital","High","12.5K","Off","Off","TAC311","Group Call","311","KC1JMH / Brad Br","Always","Carrier","Off","1","1","1","Off","1","1","None","None","Off","Off","Off","Off","Normal Encryption","Off","Off","Off","Off","251.1","1","Off","Off","Off","Off","Off","Off","1","0","Off","0","2","0","0","0","0"
"128","RCKCT CT SW","444.15000","449.15000","D-Digital","High","12.5K","Off","Off","CT Statewide","Group Call","3109","KC1JMH / Brad Br","Always","Carrier","Off","1","1","1","Off","3","2","None","None","Off","Off","Off","Off","Normal Encryption","Off","Off","Off","Off","251.1","1","Off","Off","Off","Off","Off","Off","1","0","Off","0","2","0","0","0","0"
"129","RCKCT Local","444.15000","449.15000","D-Digital","High","12.5K","Off","Off","Local","Group Call","9","KC1JMH / Brad Br","Always","Carrier","Off","1","1","1","Off","3","2","None","None","Off","Off","Off","Off","Normal Encryption","Off","Off","Off","Off","251.1","1","Off","Off","Off","Off","Off","Off","1","0","Off","0","2","0","0","0","0"
"130","RCKCT MA SW","444.15000","449.15000","D-Digital","High","12.5K","Off","Off","MA Statewide","Group Call","3125","KC1JMH / Brad Br","Always","Carrier","Off","1","1","1","Off","3","1","None","None","Off","Off","Off","Off","Normal Encryption","Off","Off","Off","Off","251.1","1","Off","Off","Off","Off","Off","Off","1","0","Off","0","2","0","0","0","0"
"131","RCKCT NE Wide","444.15000","449.15000","D-Digital","High","12.5K","Off","Off","New England-Wide","Group Call","3181","KC1JMH / Brad Br","Always","Carrier","Off","1","1","1","Off","3","2","None","None","Off","Off","Off","Off","Normal Encryption","Off","Off","Off","Off","251.1","1","Off","Off","Off","Off","Off","Off","1","0","Off","0","2","0","0","0","0"
"132","RCKCT NETAC1","444.15000","449.15000","D-Digital","High","12.5K","Off","Off","NETAC1","Group Call","8801","KC1JMH / Brad Br","Always","Carrier","Off","1","1","1","Off","3","1","None","None","Off","Off","Off","Off","Normal Encryption","Off","Off","Off","Off","251.1","1","Off","Off","Off","Off","Off","Off","1","0","Off","0","2","0","0","0","0"
"133","RCKCT NETAC2","444.15000","449.15000","D-Digital","High","12.5K","Off","Off","NETAC2","Group Call","8802","KC1JMH / Brad Br","Always","Carrier","Off","1","1","1","Off","3","2","None","None","Off","Off","Off","Off","Normal Encryption","Off","Off","Off","Off","251.1","1","Off","Off","Off","Off","Off","Off","1","0","Off","0","2","0","0","0","0"
"134","RCKCT North Am","444.15000","449.15000","D-Digital","High","12.5K","Off","Off","North America","Group Call","3","KC1JMH / Brad Br","Always","Carrier","Off","1","1","1","Off","3","1","None","None","Off","Off","Off","Off","Normal Encryption","Off","Off","Off","Off","251.1","1","Off","Off","Off","Off","Off","Off","1","0","Off","0","2","0","0","0","0"
"135","RCKCT Northeast","444.15000","449.15000","D-Digital","High","12.5K","Off","Off","Northeast","Group Call","3172","KC1JMH / Brad Br","Always","Carrier","Off","1","1","1","Off","3","1","None","None","Off","Off","Off","Off","Normal Encryption","Off","Off","Off","Off","251.1","1","Off","Off","Off","Off","Off","Off","1","0","Off","0","2","0","0","0","0"
"136","RCKCT Parrot","444.15000","449.15000","D-Digital","High","12.5K","Off","Off","Parrot","Group Call","9998","KC1JMH / Brad Br","Always","Carrier","Off","1","1","1","Off","3","1","None","None","Off","Off","Off","Off","Normal Encryption","Off","Off","Off","Off","251.1","1","Off","Off","Off","Off","Off","Off","1","0","Off","0","2","0","0","0","0"
"137","RCKCT Audio","444.15000","449.15000","D-Digital","High","12.5K","Off","Off","Audio Watch","Group Call","9999","KC1JMH / Brad Br","Always","Carrier","Off","1","1","1","Off","3","1","None","None","Off","Off","Off","Off","Normal Encryption","Off","Off","Off","Off","251.1","1","Off","Off","Off","Off","Off","Off","1","0","Off","0","2","0","0","0","0"
"138","RCKCT ME SW","444.15000","449.15000","D-Digital","High","12.5K","Off","Off","ME Statewide","Group Call","3123","KC1JMH / Brad Br","Always","Carrier","Off","1","1","1","Off","3","1","None","None","Off","Off","Off","Off","Normal Encryption","Off","Off","Off","Off","251.1","1","Off","Off","Off","Off","Off","Off","1","0","Off","0","2","0","0","0","0"
"139","RCKCT NH SW","444.15000","449.15000","D-Digital","High","12.5K","Off","Off","NH Statewide","Group Call","3133","KC1JMH / Brad Br","Always","Carrier","Off","1","1","1","Off","3","1","None","None","Off","Off","Off","Off","Normal Encryption","Off","Off","Off","Off","251.1","1","Off","Off","Off","Off","Off","Off","1","0","Off","0","2","0","0","0","0"
"140","RCKCT NY SW","444.15000","449.15000","D-Digital","High","12.5K","Off","Off","NY Statewide","Group Call","3136","KC1JMH / Brad Br","Always","Carrier","Off","1","1","1","Off","3","1","None","None","Off","Off","Off","Off","Normal Encryption","Off","Off","Off","Off","251.1","1","Off","Off","Off","Off","Off","Off","1","0","Off","0","2","0","0","0","0"
"141","RCKCT RI SW","444.15000","449.15000","D-Digital","High","12.5K","Off","Off","RI Statewide","Group Call","3144","KC1JMH / Brad Br","Always","Carrier","Off","1","1","1","Off","3","1","None","None","Off","Off","Off","Off","Normal Encryption","Off","Off","Off","Off","251.1","1","Off","Off","Off","Off","Off","Off","1","0","Off","0","2","0","0","0","0"
"142","RCKCT VT SW","444.15000","449.15000","D-Digital","High","12.5K","Off","Off","VT Statewide","Group Call","3150","KC1JMH / Brad Br","Always","Carrier","Off","1","1","1","Off","3","1","None","None","Off","Off","Off","Off","Normal Encryption","Off","Off","Off","Off","251.1","1","Off","Off","Off","Off","Off","Off","1","0","Off","0","2","0","0","0","0"
"143","RCKCT SKYWARN","444.15000","449.15000","D-Digital","High","12.5K","Off","Off","SKYWARN","Group Call","759","KC1JMH / Brad Br","Always","Carrier","Off","1","1","1","Off","3","1","None","None","Off","Off","Off","Off","Normal Encryption","Off","Off","Off","Off","251.1","1","Off","Off","Off","Off","Off","Off","1","0","Off","0","2","0","0","0","0"
"144","RCKCT TAC310","444.15000","449.15000","D-Digital","High","12.5K","Off","Off","TAC310","Group Call","310","KC1JMH / Brad Br","Always","Carrier","Off","1","1","1","Off","3","1","None","None","Off","Off","Off","Off","Normal Encryption","Off","Off","Off","Off","251.1","1","Off","Off","Off","Off","Off","Off","1","0","Off","0","2","0","0","0","0"
"145","RCKCT TAC311","444.15000","449.15000","D-Digital","High","12.5K","Off","Off","TAC311","Group Call","311","KC1JMH / Brad Br","Always","Carrier","Off","1","1","1","Off","3","1","None","None","Off","Off","Off","Off","Normal Encryption","Off","Off","Off","Off","251.1","1","Off","Off","Off","Off","Off","Off","1","0","Off","0","2","0","0","0","0"
"146","RCKCT WW","444.15000","449.15000","D-Digital","High","12.5K","Off","Off","WW Call","Group Call","1","KC1JMH / Brad Br","Always","Carrier","Off","1","1","1","Off","3","1","None","None","Off","Off","Off","Off","Normal Encryption","Off","Off","Off","Off","251.1","1","Off","Off","Off","Off","Off","Off","1","0","Off","0","2","0","0","0","0"
"147","SEYCT CT SW","442.90000","447.90000","D-Digital","High","12.5K","Off","Off","CT Statewide","Group Call","3109","KC1JMH / Brad Br","Always","Carrier","Off","1","1","1","Off","1","2","None","None","Off","Off","Off","Off","Normal Encryption","Off","Off","Off","Off","251.1","1","Off","Off","Off","Off","Off","Off","1","0","Off","0","2","0","0","0","0"
"148","SEYCT Local","442.90000","447.90000","D-Digital","High","12.5K","Off","Off","Local","Group Call","9","KC1JMH / Brad Br","Always","Carrier","Off","1","1","1","Off","1","2","None","None","Off","Off","Off","Off","Normal Encryption","Off","Off","Off","Off","251.1","1","Off","Off","Off","Off","Off","Off","1","0","Off","0","2","0","0","0","0"
"149","SEYCT MA SW","442.90000","447.90000","D-Digital","High","12.5K","Off","Off","MA Statewide","Group Call","3125","KC1JMH / Brad Br","Always","Carrier","Off","1","1","1","Off","1","1","None","None","Off","Off","Off","Off","Normal Encryption","Off","Off","Off","Off","251.1","1","Off","Off","Off","Off","Off","Off","1","0","Off","0","2","0","0","0","0"
"150","SEYCT NE Wide","442.90000","447.90000","D-Digital","High","12.5K","Off","Off","New England-Wide","Group Call","3181","KC1JMH / Brad Br","Always","Carrier","Off","1","1","1","Off","1","2","None","None","Off","Off","Off","Off","Normal Encryption","Off","Off","Off","Off","251.1","1","Off","Off","Off","Off","Off","Off","1","0","Off","0","2","0","0","0","0"
"151","SEYCT NETAC1","442.90000","447.90000","D-Digital","High","12.5K","Off","Off","NETAC1","Group Call","8801","KC1JMH / Brad Br","Always","Carrier","Off","1","1","1","Off","1","1","None","None","Off","Off","Off","Off","Normal Encryption","Off","Off","Off","Off","251.1","1","Off","Off","Off","Off","Off","Off","1","0","Off","0","2","0","0","0","0"
"152","SEYCT NETAC2","442.90000","447.90000","D-Digital","High","12.5K","Off","Off","NETAC2","Group Call","8802","KC1JMH / Brad Br","Always","Carrier","Off","1","1","1","Off","1","2","None","None","Off","Off","Off","Off","Normal Encryption","Off","Off","Off","Off","251.1","1","Off","Off","Off","Off","Off","Off","1","0","Off","0","2","0","0","0","0"
"153","SEYCT North Am","442.90000","447.90000","D-Digital","High","12.5K","Off","Off","North America","Group Call","3","KC1JMH / Brad Br","Always","Carrier","Off","1","1","1","Off","1","1","None","None","Off","Off","Off","Off","Normal Encryption","Off","Off","Off","Off","251.1","1","Off","Off","Off","Off","Off","Off","1","0","Off","0","2","0","0","0","0"
"154","SEYCT Northeast","442.90000","447.90000","D-Digital","High","12.5K","Off","Off","Northeast","Group Call","3172","KC1JMH / Brad Br","Always","Carrier","Off","1","1","1","Off","1","1","None","None","Off","Off","Off","Off","Normal Encryption","Off","Off","Off","Off","251.1","1","Off","Off","Off","Off","Off","Off","1","0","Off","0","2","0","0","0","0"
"155","SEYCT Parrot","442.90000","447.90000","D-Digital","High","12.5K","Off","Off","Parrot","Group Call","9998","KC1JMH / Brad Br","Always","Carrier","Off","1","1","1","Off","1","1","None","None","Off","Off","Off","Off","Normal Encryption","Off","Off","Off","Off","251.1","1","Off","Off","Off","Off","Off","Off","1","0","Off","0","2","0","0","0","0"
"156","SEYCT Audio","442.90000","447.90000","D-Digital","High","12.5K","Off","Off","Audio Watch","Group Call","9999","KC1JMH / Brad Br","Always","Carrier","Off","1","1","1","Off","1","1","None","None","Off","Off","Off","Off","Normal Encryption","Off","Off","Off","Off","251.1","1","Off","Off","Off","Off","Off","Off","1","0","Off","0","2","0","0","0","0"
"157","SEYCT ME SW","442.90000","447.90000","D-Digital","High","12.5K","Off","Off","ME Statewide","Group Call","3123","KC1JMH / Brad Br","Always","Carrier","Off","1","1","1","Off","1","1","None","None","Off","Off","Off","Off","Normal Encryption","Off","Off","Off","Off","251.1","1","Off","Off","Off","Off","Off","Off","1","0","Off","0","2","0","0","0","0"
"158","SEYCT NH SW","442.90000","447.90000","D-Digital","High","12.5K","Off","Off","NH Statewide","Group Call","3133","KC1JMH / Brad Br","Always","Carrier","Off","1","1","1","Off","1","1","None","None","Off","Off","Off","Off","Normal Encryption","Off","Off","Off","Off","251.1","1","Off","Off","Off","Off","Off","Off","1","0","Off","0","2","0","0","0","0"
"159","SEYCT NY SW","442.90000","447.90000","D-Digital","High","12.5K","Off","Off","NY Statewide","Group Call","3136","KC1JMH / Brad Br","Always","Carrier","Off","1","1","1","Off","1","1","None","None","Off","Off","Off","Off","Normal Encryption","Off","Off","Off","Off","251.1","1","Off","Off","Off","Off","Off","Off","1","0","Off","0","2","0","0","0","0"
"160","SEYCT RI SW","442.90000","447.90000","D-Digital","High","12.5K","Off","Off","RI Statewide","Group Call","3144","KC1JMH / Brad Br","Always","Carrier","Off","1","1","1","Off","1","1","None","None","Off","Off","Off","Off","Normal Encryption","Off","Off","Off","Off","251.1","1","Off","Off","Off","Off","Off","Off","1","0","Off","0","2","0","0","0","0"
"161","SEYCT VT SW","442.90000","447.90000","D-Digital","High","12.5K","Off","Off","VT Statewide","Group Call","3150","KC1JMH / Brad Br","Always","Carrier","Off","1","1","1","Off","1","1","None","None","Off","Off","Off","Off","Normal Encryption","Off","Off","Off","Off","251.1","1","Off","Off","Off","Off","Off","Off","1","0","Off","0","2","0","0","0","0"
"162","SEYCT SKYWARN","442.90000","447.90000","D-Digital","High","12.5K","Off","Off","SKYWARN","Group Call","759","KC1JMH / Brad Br","Always","Carrier","Off","1","1","1","Off","1","1","None","None","Off","Off","Off","Off","Normal Encryption","Off","Off","Off","Off","251.1","1","Off","Off","Off","Off","Off","Off","1","0","Off","0","2","0","0","0","0"
"163","SEYCT TAC310","442.90000","447.90000","D-Digital","High","12.5K","Off","Off","TAC310","Group Call","310","KC1JMH / Brad Br","Always","Carrier","Off","1","1","1","Off","1","1","None","None","Off","Off","Off","Off","Normal Encryption","Off","Off","Off","Off","251.1","1","Off","Off","Off","Off","Off","Off","1","0","Off","0","2","0","0","0","0"
"164","SEYCT TAC311","442.90000","447.90000","D-Digital","High","12.5K","Off","Off","TAC311","Group Call","311","KC1JMH / Brad Br","Always","Carrier","Off","1","1","1","Off","1","1","None","None","Off","Off","Off","Off","Normal Encryption","Off","Off","Off","Off","251.1","1","Off","Off","Off","Off","Off","Off","1","0","Off","0","2","0","0","0","0"
"165","SEYCT WW","442.90000","447.90000","D-Digital","High","12.5K","Off","Off","WW Call","Group Call","1","KC1JMH / Brad Br","Always","Carrier","Off","1","1","1","Off","1","1","None","None","Off","Off","Off","Off","Normal Encryption","Off","Off","Off","Off","251.1","1","Off","Off","Off","Off","Off","Off","1","0","Off","0","2","0","0","0","0"
"166","BOSTMA CT SW","449.17500","444.17500","D-Digital","High","12.5K","Off","Off","CT Statewide","Group Call","3109","KC1JMH / Brad Br","Always","Carrier","Off","1","1","1","Off","1","1","None","None","Off","Off","Off","Off","Normal Encryption","Off","Off","Off","Off","251.1","1","Off","Off","Off","Off","Off","Off","1","0","Off","0","2","0","0","0","0"
"167","BOSTMA Local","449.17500","444.17500","D-Digital","High","12.5K","Off","Off","Local","Group Call","9","KC1JMH / Brad Br","Always","Carrier","Off","1","1","1","Off","1","2","None","None","Off","Off","Off","Off","Normal Encryption","Off","Off","Off","Off","251.1","1","Off","Off","Off","Off","Off","Off","1","0","Off","0","2","0","0","0","0"
"168","BOSTMA MA SW","449.17500","444.17500","D-Digital","High","12.5K","Off","Off","MA Statewide","Group Call","3125","KC1JMH / Brad Br","Always","Carrier","Off","1","1","1","Off","1","2","None","None","Off","Off","Off","Off","Normal Encryption","Off","Off","Off","Off","251.1","1","Off","Off","Off","Off","Off","Off","1","0","Off","0","2","0","0","0","0"
"169","BOSTMA ME SW","449.17500","444.17500","D-Digital","High","12.5K","Off","Off","ME Statewide","Group Call","3123","KC1JMH / Brad Br","Always","Carrier","Off","1","1","1","Off","1","1","None","None","Off","Off","Off","Off","Normal Encryption","Off","Off","Off","Off","251.1","1","Off","Off","Off","Off","Off","Off","1","0","Off","0","2","0","0","0","0"
"170","BOSTMA NE Wide","449.17500","444.17500","D-Digital","High","12.5K","Off","Off","New England-Wide","Group Call","3181","KC1JMH / Brad Br","Always","Carrier","Off","1","1","1","Off","1","2","None","None","Off","Off","Off","Off","Normal Encryption","Off","Off","Off","Off","251.1","1","Off","Off","Off","Off","Off","Off","1","0","Off","0","2","0","0","0","0"
"171","BOSTMA NETAC1","449.17500","444.17500","D-Digital","High","12.5K","Off","Off","NETAC1","Group Call","8801","KC1JMH / Brad Br","Always","Carrier","Off","1","1","1","Off","1","1","None","None","Off","Off","Off","Off","Normal Encryption","Off","Off","Off","Off","251.1","1","Off","Off","Off","Off","Off","Off","1","0","Off","0","2","0","0","0","0"
"172","BOSTMA NETAC2","449.17500","444.17500","D-Digital","High","12.5K","Off","Off","NETAC2","Group Call","8802","KC1JMH / Brad Br","Always","Carrier","Off","1","1","1","Off","1","2","None","None","Off","Off","Off","Off","Normal Encryption","Off","Off","Off","Off","251.1","1","Off","Off","Off","Off","Off","Off","1","0","Off","0","2","0","0","0","0"
"173","BOSTMA NH SW","449.17500","444.17500","D-Digital","High","12.5K","Off","Off","NH Statewide","Group Call","3133","KC1JMH / Brad Br","Always","Carrier","Off","1","1","1","Off","1","1","None","None","Off","Off","Off","Off","Normal Encryption","Off","Off","Off","Off","251.1","1","Off","Off","Off","Off","Off","Off","1","0","Off","0","2","0","0","0","0"
"174","BOSTMA North Am","449.17500","444.17500","D-Digital","High","12.5K","Off","Off","North America","Group Call","3","KC1JMH / Brad Br","Always","Carrier","Off","1","1","1","Off","1","1","None","None","Off","Off","Off","Off","Normal Encryption","Off","Off","Off","Off","251.1","1","Off","Off","Off","Off","Off","Off","1","0","Off","0","2","0","0","0","0"
"175","BOSTMA Northeast","449.17500","444.17500","D-Digital","High","12.5K","Off","Off","Northeast","Group Call","3172","KC1JMH / Brad Br","Always","Carrier","Off","1","1","1","Off","1","1","None","None","Off","Off","Off","Off","Normal Encryption","Off","Off","Off","Off","251.1","1","Off","Off","Off","Off","Off","Off","1","0","Off","0","2","0","0","0","0"
"176","BOSTMA Parrot","449.17500","444.17500","D-Digital","High","12.5K","Off","Off","Parrot","Group Call","9998","KC1JMH / Brad Br","Always","Carrier","Off","1","1","1","Off","1","1","None","None","Off","Off","Off","Off","Normal Encryption","Off","Off","Off","Off","251.1","1","Off","Off","Off","Off","Off","Off","1","0","Off","0","2","0","0","0","0"
"177","BOSTMA Audio","449.17500","444.17500","D-Digital","High","12.5K","Off","Off","Audio Watch","Group Call","9999","KC1JMH / Brad Br","Always","Carrier","Off","1","1","1","Off","1","1","None","None","Off","Off","Off","Off","Normal Encryption","Off","Off","Off","Off","251.1","1","Off","Off","Off","Off","Off","Off","1","0","Off","0","2","0","0","0","0"
"178","BOSTMA Cape Net","449.17500","444.17500","D-Digital","High","12.5K","Off","Off","Cape Net","Group Call","8804","KC1JMH / Brad Br","Always","Carrier","Off","1","1","1","Off","1","1","None","None","Off","Off","Off","Off","Normal Encryption","Off","Off","Off","Off","251.1","1","Off","Off","Off","Off","Off","Off","1","0","Off","0","2","0","0","0","0"
"179","BOSTMA RI SW","449.17500","444.17500","D-Digital","High","12.5K","Off","Off","RI Statewide","Group Call","3144","KC1JMH / Brad Br","Always","Carrier","Off","1","1","1","Off","1","1","None","None","Off","Off","Off","Off","Normal Encryption","Off","Off","Off","Off","251.1","1","Off","Off","Off","Off","Off","Off","1","0","Off","0","2","0","0","0","0"
"180","BOSTMA SKYWARN","449.17500","444.17500","D-Digital","High","12.5K","Off","Off","SKYWARN","Group Call","759","KC1JMH / Brad Br","Always","Carrier","Off","1","1","1","Off","1","1","None","None","Off","Off","Off","Off","Normal Encryption","Off","Off","Off","Off","251.1","1","Off","Off","Off","Off","Off","Off","1","0","Off","0","2","0","0","0","0"
"181","BOSTMA TAC310","449.17500","444.17500","D-Digital","High","12.5K","Off","Off","TAC310","Group Call","310","KC1JMH / Brad Br","Always","Carrier","Off","1","1","1","Off","1","1","None","None","Off","Off","Off","Off","Normal Encryption","Off","Off","Off","Off","251.1","1","Off","Off","Off","Off","Off","Off","1","0","Off","0","2","0","0","0","0"
"182","BOSTMA TAC311","449.17500","444.17500","D-Digital","High","12.5K","Off","Off","TAC311","Group Call","311","KC1JMH / Brad Br","Always","Carrier","Off","1","1","1","Off","1","1","None","None","Off","Off","Off","Off","Normal Encryption","Off","Off","Off","Off","251.1","1","Off","Off","Off","Off","Off","Off","1","0","Off","0","2","0","0","0","0"
"183","BOSTMA VT SW","449.17500","444.17500","D-Digital","High","12.5K","Off","Off","VT Statewide","Group Call","3150","KC1JMH / Brad Br","Always","Carrier","Off","1","1","1","Off","1","1","None","None","Off","Off","Off","Off","Normal Encryption","Off","Off","Off","Off","251.1","1","Off","Off","Off","Off","Off","Off","1","0","Off","0","2","0","0","0","0"
"184","BOSTMA WW","449.17500","444.17500","D-Digital","High","12.5K","Off","Off","WW Call","Group Call","1","KC1JMH / Brad Br","Always","Carrier","Off","1","1","1","Off","1","1","None","None","Off","Off","Off","Off","Normal Encryption","Off","Off","Off","Off","251.1","1","Off","Off","Off","Off","Off","Off","1","0","Off","0","2","0","0","0","0"
"185","CHLMA CT SW","145.18000","144.58000","D-Digital","High","12.5K","Off","Off","CT Statewide","Group Call","3109","KC1JMH / Brad Br","Always","Carrier","Off","1","1","1","Off","2","1","None","None","Off","Off","Off","Off","Normal Encryption","Off","Off","Off","Off","251.1","1","Off","Off","Off","Off","Off","Off","1","0","Off","0","2","0","0","0","0"
"186","CHLMA Local","145.18000","144.58000","D-Digital","High","12.5K","Off","Off","Local","Group Call","9","KC1JMH / Brad Br","Always","Carrier","Off","1","1","1","Off","2","2","None","None","Off","Off","Off","Off","Normal Encryption","Off","Off","Off","Off","251.1","1","Off","Off","Off","Off","Off","Off","1","0","Off","0","2","0","0","0","0"
"187","CHLMA MA SW","145.18000","144.58000","D-Digital","High","12.5K","Off","Off","MA Statewide","Group Call","3125","KC1JMH / Brad Br","Always","Carrier","Off","1","1","1","Off","2","2","None","None","Off","Off","Off","Off","Normal Encryption","Off","Off","Off","Off","251.1","1","Off","Off","Off","Off","Off","Off","1","0","Off","0","2","0","0","0","0"
"188","CHLMA ME SW","145.18000","144.58000","D-Digital","High","12.5K","Off","Off","ME Statewide","Group Call","3123","KC1JMH / Brad Br","Always","Carrier","Off","1","1","1","Off","2","1","None","None","Off","Off","Off","Off","Normal Encryption","Off","Off","Off","Off","251.1","1","Off","Off","Off","Off","Off","Off","1","0","Off","0","2","0","0","0","0"
"189","CHLMA NE Wide","145.18000","144.58000","D-Digital","High","12.5K","Off","Off","New England-Wide","Group Call","3181","KC1JMH / Brad Br","Always","Carrier","Off","1","1","1","Off","2","2","None","None","Off","Off","Off","Off","Normal Encryption","Off","Off","Off","Off","251.1","1","Off","Off","Off","Off","Off","Off","1","0","Off","0","2","0","0","0","0"
"190","CHLMA NETAC1","145.18000","144.58000","D-Digital","High","12.5K","Off","Off","NETAC1","Group Call","8801","KC1JMH / Brad Br","Always","Carrier","Off","1","1","1","Off","2","1","None","None","Off","Off","Off","Off","Normal Encryption","Off","Off","Off","Off","251.1","1","Off","Off","Off","Off","Off","Off","1","0","Off","0","2","0","0","0","0"
"191","CHLMA NETAC2","145.18000","144.58000","D-Digital","High","12.5K","Off","Off","NETAC2","Group Call","8802","KC1JMH / Brad Br","Always","Carrier","Off","1","1","1","Off","2","2","None","None","Off","Off","Off","Off","Normal Encryption","Off","Off","Off","Off","251.1","1","Off","Off","Off","Off","Off","Off","1","0","Off","0","2","0","0","0","0"
"192","CHLMA NH SW","145.18000","144.58000","D-Digital","High","12.5K","Off","Off","NH Statewide","Group Call","3133","KC1JMH / Brad Br","Always","Carrier","Off","1","1","1","Off","2","1","None","None","Off","Off","Off","Off","Normal Encryption","Off","Off","Off","Off","251.1","1","Off","Off","Off","Off","Off","Off","1","0","Off","0","2","0","0","0","0"
"193","CHLMA North Am","145.18000","144.58000","D-Digital","High","12.5K","Off","Off","North America","Group Call","3","KC1JMH / Brad Br","Always","Carrier","Off","1","1","1","Off","2","1","None","None","Off","Off","Off","Off","Normal Encryption","Off","Off","Off","Off","251.1","1","Off","Off","Off","Off","Off","Off","1","0","Off","0","2","0","0","0","0"
"194","CHLMA Northeast","145.18000","144.58000","D-Digital","High","12.5K","Off","Off","Northeast","Group Call","3172","KC1JMH / Brad Br","Always","Carrier","Off","1","1","1","Off","2","1","None","None","Off","Off","Off","Off","Normal Encryption","Off","Off","Off","Off","251.1","1","Off","Off","Off","Off","Off","Off","1","0","Off","0","2","0","0","0","0"
"195","CHLMA Parrot","145.18000","144.58000","D-Digital","High","12.5K","Off","Off","Parrot","Group Call","9998","KC1JMH / Brad Br","Always","Carrier","Off","1","1","1","Off","2","1","None","None","Off","Off","Off","Off","Normal Encryption","Off","Off","Off","Off","251.1","1","Off","Off","Off","Off","Off","Off","1","0","Off","0","2","0","0","0","0"
"196","CHLMA Audio","145.18000","144.58000","D-Digital","High","12.5K","Off","Off","Audio Watch","Group Call","9999","KC1JMH / Brad Br","Always","Carrier","Off","1","1","1","Off","2","1","None","None","Off","Off","Off","Off","Normal Encryption","Off","Off","Off","Off","251.1","1","Off","Off","Off","Off","Off","Off","1","0","Off","0","2","0","0","0","0"
"197","CHLMA RI SW","145.18000","144.58000","D-Digital","High","12.5K","Off","Off","RI Statewide","Group Call","3144","KC1JMH / Brad Br","Always","Carrier","Off","1","1","1","Off","2","1","None","None","Off","Off","Off","Off","Normal Encryption","Off","Off","Off","Off","251.1","1","Off","Off","Off","Off","Off","Off","1","0","Off","0","2","0","0","0","0"
"198","CHLMA SKYWARN","145.18000","144.58000","D-Digital","High","12.5K","Off","Off","SKYWARN","Group Call","759","KC1JMH / Brad Br","Always","Carrier","Off","1","1","1","Off","2","1","None","None","Off","Off","Off","Off","Normal Encryption","Off","Off","Off","Off","251.1","1","Off","Off","Off","Off","Off","Off","1","0","Off","0","2","0","0","0","0"
"199","CHLMA TAC310","145.18000","144.58000","D-Digital","High","12.5K","Off","Off","TAC310","Group Call","310","KC1JMH / Brad Br","Always","Carrier","Off","1","1","1","Off","2","1","None","None","Off","Off","Off","Off","Normal Encryption","Off","Off","Off","Off","251.1","1","Off","Off","Off","Off","Off","Off","1","0","Off","0","2","0","0","0","0"
"200","CHLMA TAC311","145.18000","144.58000","D-Digital","High","12.5K","Off","Off","TAC311","Group Call","311","KC1JMH / Brad Br","Always","Carrier","Off","1","1","1","Off","2","1","None","None","Off","Off","Off","Off","Normal Encryption","Off","Off","Off","Off","251.1","1","Off","Off","Off","Off","Off","Off","1","0","Off","0","2","0","0","0","0"
"201","CHLMA VT SW","145.18000","144.58000","D-Digital","High","12.5K","Off","Off","VT Statewide","Group Call","3150","KC1JMH / Brad Br","Always","Carrier","Off","1","1","1","Off","2","1","None","None","Off","Off","Off","Off","Normal Encryption","Off","Off","Off","Off","251.1","1","Off","Off","Off","Off","Off","Off","1","0","Off","0","2","0","0","0","0"
"202","CHLMA WW","145.18000","144.58000","D-Digital","High","12.5K","Off","Off","WW Call","Group Call","1","KC1JMH / Brad Br","Always","Carrier","Off","1","1","1","Off","2","1","None","None","Off","Off","Off","Off","Normal Encryption","Off","Off","Off","Off","251.1","1","Off","Off","Off","Off","Off","Off","1","0","Off","0","2","0","0","0","0"
"203","DENMA CT SW","146.47000","144.97000","D-Digital","High","12.5K","Off","Off","CT Statewide","Group Call","3109","KC1JMH / Brad Br","Always","Carrier","Off","1","1","1","Off","11","1","None","None","Off","Off","Off","Off","Normal Encryption","Off","Off","Off","Off","251.1","1","Off","Off","Off","Off","Off","Off","1","0","Off","0","2","0","0","0","0"
"204","DENMA Local","146.47000","144.97000","D-Digital","High","12.5K","Off","Off","Local","Group Call","9","KC1JMH / Brad Br","Always","Carrier","Off","1","1","1","Off","11","2","None","None","Off","Off","Off","Off","Normal Encryption","Off","Off","Off","Off","251.1","1","Off","Off","Off","Off","Off","Off","1","0","Off","0","2","0","0","0","0"
"205","DENMA MA SW","146.47000","144.97000","D-Digital","High","12.5K","Off","Off","MA Statewide","Group Call","3125","KC1JMH / Brad Br","Always","Carrier","Off","1","1","1","Off","11","2","None","None","Off","Off","Off","Off","Normal Encryption","Off","Off","Off","Off","251.1","1","Off","Off","Off","Off","Off","Off","1","0","Off","0","2","0","0","0","0"
"206","DENMA ME SW","146.47000","144.97000","D-Digital","High","12.5K","Off","Off","ME Statewide","Group Call","3123","KC1JMH / Brad Br","Always","Carrier","Off","1","1","1","Off","11","1","None","None","Off","Off","Off","Off","Normal Encryption","Off","Off","Off","Off","251.1","1","Off","Off","Off","Off","Off","Off","1","0","Off","0","2","0","0","0","0"
"207","DENMA NE Wide","146.47000","144.97000","D-Digital","High","12.5K","Off","Off","New England-Wide","Group Call","3181","KC1JMH / Brad Br","Always","Carrier","Off","1","1","1","Off","11","2","None","None","Off","Off","Off","Off","Normal Encryption","Off","Off","Off","Off","251.1","1","Off","Off","Off","Off","Off","Off","1","0","Off","0","2","0","0","0","0"
"208","DENMA NETAC1","146.47000","144.97000","D-Digital","High","12.5K","Off","Off","NETAC1","Group Call","8801","KC1JMH / Brad Br","Always","Carrier","Off","1","1","1","Off","11","1","None","None","Off","Off","Off","Off","Normal Encryption","Off","Off","Off","Off","251.1","1","Off","Off","Off","Off","Off","Off","1","0","Off","0","2","0","0","0","0"
"209","DENMA NETAC2","146.47000","144.97000","D-Digital","High","12.5K","Off","Off","NETAC2","Group Call","8802","KC1JMH / Brad Br","Always","Carrier","Off","1","1","1","Off","11","2","None","None","Off","Off","Off","Off","Normal Encryption","Off","Off","Off","Off","251.1","1","Off","Off","Off","Off","Off","Off","1","0","Off","0","2","0","0","0","0"
"210","DENMA NH SW","146.47000","144.97000","D-Digital","High","12.5K","Off","Off","NH Statewide","Group Call","3133","KC1JMH / Brad Br","Always","Carrier","Off","1","1","1","Off","11","1","None","None","Off","Off","Off","Off","Normal Encryption","Off","Off","Off","Off","251.1","1","Off","Off","Off","Off","Off","Off","1","0","Off","0","2","0","0","0","0"
"211","DENMA North Am","146.47000","144.97000","D-Digital","High","12.5K","Off","Off","North America","Group Call","3","KC1JMH / Brad Br","Always","Carrier","Off","1","1","1","Off","11","1","None","None","Off","Off","Off","Off","Normal Encryption","Off","Off","Off","Off","251.1","1","Off","Off","Off","Off","Off","Off","1","0","Off","0","2","0","0","0","0"
"212","DENMA Northeast","146.47000","144.97000","D-Digital","High","12.5K","Off","Off","Northeast","Group Call","3172","KC1JMH / Brad Br","Always","Carrier","Off","1","1","1","Off","11","1","None","None","Off","Off","Off","Off","Normal Encryption","Off","Off","Off","Off","251.1","1","Off","Off","Off","Off","Off","Off","1","0","Off","0","2","0","0","0","0"
"213","DENMA Parrot","146.47000","144.97000","D-Digital","High","12.5K","Off","Off","Parrot","Group Call","9998","KC1JMH / Brad Br","Always","Carrier","Off","1","1","1","Off","11","1","None","None","Off","Off","Off","Off","Normal Encryption","Off","Off","Off","Off","251.1","1","Off","Off","Off","Off","Off","Off","1","0","Off","0","2","0","0","0","0"
"214","DENMA Audio","146.47000","144.97000","D-Digital","High","12.5K","Off","Off","Audio Watch","Group Call","9999","KC1JMH / Brad Br","Always","Carrier","Off","1","1","1","Off","11","1","None","None","Off","Off","Off","Off","Normal Encryption","Off","Off","Off","Off","251.1","1","Off","Off","Off","Off","Off","Off","1","0","Off","0","2","0","0","0","0"
"215","DENMA Cape Net","146.47000","144.97000","D-Digital","High","12.5K","Off","Off","Cape Net","Group Call","8804","KC1JMH / Brad Br","Always","Carrier","Off","1","1","1","Off","11","2","None","None","Off","Off","Off","Off","Normal Encryption","Off","Off","Off","Off","251.1","1","Off","Off","Off","Off","Off","Off","1","0","Off","0","2","0","0","0","0"
"216","DENMA RI SW","146.47000","144.97000","D-Digital","High","12.5K","Off","Off","RI Statewide","Group Call","3144","KC1JMH / Brad Br","Always","Carrier","Off","1","1","1","Off","11","1","None","None","Off","Off","Off","Off","Normal Encryption","Off","Off","Off","Off","251.1","1","Off","Off","Off","Off","Off","Off","1","0","Off","0","2","0","0","0","0"
"217","DENMA SKYWARN","146.47000","144.97000","D-Digital","High","12.5K","Off","Off","SKYWARN","Group Call","759","KC1JMH / Brad Br","Always","Carrier","Off","1","1","1","Off","11","1","None","None","Off","Off","Off","Off","Normal Encryption","Off","Off","Off","Off","251.1","1","Off","Off","Off","Off","Off","Off","1","0","Off","0","2","0","0","0","0"
"218","DENMA TAC310","146.47000","144.97000","D-Digital","High","12.5K","Off","Off","TAC310","Group Call","310","KC1JMH / Brad Br","Always","Carrier","Off","1","1","1","Off","11","1","None","None","Off","Off","Off","Off","Normal Encryption","Off","Off","Off","Off","251.1","1","Off","Off","Off","Off","Off","Off","1","0","Off","0","2","0","0","0","0"
"219","DENMA TAC311","146.47000","144.97000","D-Digital","High","12.5K","Off","Off","TAC311","Group Call","311","KC1JMH / Brad Br","Always","Carrier","Off","1","1","1","Off","11","1","None","None","Off","Off","Off","Off","Normal Encryption","Off","Off","Off","Off","251.1","1","Off","Off","Off","Off","Off","Off","1","0","Off","0","2","0","0","0","0"
"220","DENMA VT SW","146.47000","144.97000","D-Digital","High","12.5K","Off","Off","VT Statewide","Group Call","3150","KC1JMH / Brad Br","Always","Carrier","Off","1","1","1","Off","11","1","None","None","Off","Off","Off","Off","Normal Encryption","Off","Off","Off","Off","251.1","1","Off","Off","Off","Off","Off","Off","1","0","Off","0","2","0","0","0","0"
"221","DENMA WW","146.47000","144.97000","D-Digital","High","12.5K","Off","Off","WW Call","Group Call","1","KC1JMH / Brad Br","Always","Carrier","Off","1","1","1","Off","11","1","None","None","Off","Off","Off","Off","Normal Encryption","Off","Off","Off","Off","251.1","1","Off","Off","Off","Off","Off","Off","1","0","Off","0","2","0","0","0","0"
"222","DNVMA CT SW","442.80000","447.80000","D-Digital","High","12.5K","Off","Off","CT Statewide","Group Call","3109","KC1JMH / Brad Br","Always","Carrier","Off","1","1","1","Off","4","1","None","None","Off","Off","Off","Off","Normal Encryption","Off","Off","Off","Off","251.1","1","Off","Off","Off","Off","Off","Off","1","0","Off","0","2","0","0","0","0"
"223","DNVMA Local","442.80000","447.80000","D-Digital","High","12.5K","Off","Off","Local","Group Call","9","KC1JMH / Brad Br","Always","Carrier","Off","1","1","1","Off","4","2","None","None","Off","Off","Off","Off","Normal Encryption","Off","Off","Off","Off","251.1","1","Off","Off","Off","Off","Off","Off","1","0","Off","0","2","0","0","0","0"
"224","DNVMA MA SW","442.80000","447.80000","D-Digital","High","12.5K","Off","Off","MA Statewide","Group Call","3125","KC1JMH / Brad Br","Always","Carrier","Off","1","1","1","Off","4","2","None","None","Off","Off","Off","Off","Normal Encryption","Off","Off","Off","Off","251.1","1","Off","Off","Off","Off","Off","Off","1","0","Off","0","2","0","0","0","0"
"225","DNVMA ME SW","442.80000","447.80000","D-Digital","High","12.5K","Off","Off","ME Statewide","Group Call","3123","KC1JMH / Brad Br","Always","Carrier","Off","1","1","1","Off","4","1","None","None","Off","Off","Off","Off","Normal Encryption","Off","Off","Off","Off","251.1","1","Off","Off","Off","Off","Off","Off","1","0","Off","0","2","0","0","0","0"
"226","DNVMA NE Wide","442.80000","447.80000","D-Digital","High","12.5K","Off","Off","New England-Wide","Group Call","3181","KC1JMH / Brad Br","Always","Carrier","Off","1","1","1","Off","4","2","None","None","Off","Off","Off","Off","Normal Encryption","Off","Off","Off","Off","251.1","1","Off","Off","Off","Off","Off","Off","1","0","Off","0","2","0","0","0","0"
"227","DNVMA NETAC1","442.80000","447.80000","D-Digital","High","12.5K","Off","Off","NETAC1","Group Call","8801","KC1JMH / Brad Br","Always","Carrier","Off","1","1","1","Off","4","1","None","None","Off","Off","Off","Off","Normal Encryption","Off","Off","Off","Off","251.1","1","Off","Off","Off","Off","Off","Off","1","0","Off","0","2","0","0","0","0"
"228","DNVMA NETAC2","442.80000","447.80000","D-Digital","High","12.5K","Off","Off","NETAC2","Group Call","8802","KC1JMH / Brad Br","Always","Carrier","Off","1","1","1","Off","4","2","None","None","Off","Off","Off","Off","Normal Encryption","Off","Off","Off","Off","251.1","1","Off","Off","Off","Off","Off","Off","1","0","Off","0","2","0","0","0","0"
"229","DNVMA NH SW","442.80000","447.80000","D-Digital","High","12.5K","Off","Off","NH Statewide","Group Call","3133","KC1JMH / Brad Br","Always","Carrier","Off","1","1","1","Off","4","1","None","None","Off","Off","Off","Off","Normal Encryption","Off","Off","Off","Off","251.1","1","Off","Off","Off","Off","Off","Off","1","0","Off","0","2","0","0","0","0"
"230","DNVMA North Am","442.80000","447.80000","D-Digital","High","12.5K","Off","Off","North America","Group Call","3","KC1JMH / Brad Br","Always","Carrier","Off","1","1","1","Off","4","1","None","None","Off","Off","Off","Off","Normal Encryption","Off","Off","Off","Off","251.1","1","Off","Off","Off","Off","Off","Off","1","0","Off","0","2","0","0","0","0"
"231","DNVMA Northeast","442.80000","447.80000","D-Digital","High","12.5K","Off","Off","Northeast","Group Call","3172","KC1JMH / Brad Br","Always","Carrier","Off","1","1","1","Off","4","1","None","None","Off","Off","Off","Off","Normal Encryption","Off","Off","Off","Off","251.1","1","Off","Off","Off","Off","Off","Off","1","0","Off","0","2","0","0","0","0"
"232","DNVMA Parrot","442.80000","447.80000","D-Digital","High","12.5K","Off","Off","Parrot","Group Call","9998","KC1JMH / Brad Br","Always","Carrier","Off","1","1","1","Off","4","1","None","None","Off","Off","Off","Off","Normal Encryption","Off","Off","Off","Off","251.1","1","Off","Off","Off","Off","Off","Off","1","0","Off","0","2","0","0","0","0"
"233","DNVMA Audio","442.80000","447.80000","D-Digital","High","12.5K","Off","Off","Audio Watch","Group Call","9999","KC1JMH / Brad Br","Always","Carrier","Off","1","1","1","Off","4","1","None","None","Off","Off","Off","Off","Normal Encryption","Off","Off","Off","Off","251.1","1","Off","Off","Off","Off","Off","Off","1","0","Off","0","2","0","0","0","0"
"234","DNVMA RI SW","442.80000","447.80000","D-Digital","High","12.5K","Off","Off","RI Statewide","Group Call","3144","KC1JMH / Brad Br","Always","Carrier","Off","1","1","1","Off","4","1","None","None","Off","Off","Off","Off","Normal Encryption","Off","Off","Off","Off","251.1","1","Off","Off","Off","Off","Off","Off","1","0","Off","0","2","0","0","0","0"
"235","DNVMA SKYWARN","442.80000","447.80000","D-Digital","High","12.5K","Off","Off","SKYWARN","Group Call","759","KC1JMH / Brad Br","Always","Carrier","Off","1","1","1","Off","4","1","None","None","Off","Off","Off","Off","Normal Encryption","Off","Off","Off","Off","251.1","1","Off","Off","Off","Off","Off","Off","1","0","Off","0","2","0","0","0","0"
"236","DNVMA TAC310","442.80000","447.80000","D-Digital","High","12.5K","Off","Off","TAC310","Group Call","310","KC1JMH / Brad Br","Always","Carrier","Off","1","1","1","Off","4","1","None","None","Off","Off","Off","Off","Normal Encryption","Off","Off","Off","Off","251.1","1","Off","Off","Off","Off","Off","Off","1","0","Off","0","2","0","0","0","0"
"237","DNVMA TAC311","442.80000","447.80000","D-Digital","High","12.5K","Off","Off","TAC311","Group Call","311","KC1JMH / Brad Br","Always","Carrier","Off","1","1","1","Off","4","1","None","None","Off","Off","Off","Off","Normal Encryption","Off","Off","Off","Off","251.1","1","Off","Off","Off","Off","Off","Off","1","0","Off","0","2","0","0","0","0"
"238","DNVMA VT SW","442.80000","447.80000","D-Digital","High","12.5K","Off","Off","VT Statewide","Group Call","3150","KC1JMH / Brad Br","Always","Carrier","Off","1","1","1","Off","4","1","None","None","Off","Off","Off","Off","Normal Encryption","Off","Off","Off","Off","251.1","1","Off","Off","Off","Off","Off","Off","1","0","Off","0","2","0","0","0","0"
"239","DNVMA WW","442.80000","447.80000","D-Digital","High","12.5K","Off","Off","WW Call","Group Call","1","KC1JMH / Brad Br","Always","Carrier","Off","1","1","1","Off","4","1","None","None","Off","Off","Off","Off","Normal Encryption","Off","Off","Off","Off","251.1","1","Off","Off","Off","Off","Off","Off","1","0","Off","0","2","0","0","0","0"
"240","EFPMA CT SW","145.21000","144.61000","D-Digital","High","12.5K","Off","Off","CT Statewide","Group Call","3109","KC1JMH / Brad Br","Always","Carrier","Off","1","1","1","Off","9","1","None","None","Off","Off","Off","Off","Normal Encryption","Off","Off","Off","Off","251.1","1","Off","Off","Off","Off","Off","Off","1","0","Off","0","2","0","0","0","0"
"241","EFPMA Local","145.21000","144.61000","D-Digital","High","12.5K","Off","Off","Local","Group Call","9","KC1JMH / Brad Br","Always","Carrier","Off","1","1","1","Off","9","2","None","None","Off","Off","Off","Off","Normal Encryption","Off","Off","Off","Off","251.1","1","Off","Off","Off","Off","Off","Off","1","0","Off","0","2","0","0","0","0"
"242","EFPMA MA SW","145.21000","144.61000","D-Digital","High","12.5K","Off","Off","MA Statewide","Group Call","3125","KC1JMH / Brad Br","Always","Carrier","Off","1","1","1","Off","9","2","None","None","Off","Off","Off","Off","Normal Encryption","Off","Off","Off","Off","251.1","1","Off","Off","Off","Off","Off","Off","1","0","Off","0","2","0","0","0","0"
"243","EFPMA ME SW","145.21000","144.61000","D-Digital","High","12.5K","Off","Off","ME Statewide","Group Call","3123","KC1JMH / Brad Br","Always","Carrier","Off","1","1","1","Off","9","1","None","None","Off","Off","Off","Off","Normal Encryption","Off","Off","Off","Off","251.1","1","Off","Off","Off","Off","Off","Off","1","0","Off","0","2","0","0","0","0"
"244","EFPMA NE Wide","145.21000","144.61000","D-Digital","High","12.5K","Off","Off","New England-Wide","Group Call","3181","KC1JMH / Brad Br","Always","Carrier","Off","1","1","1","Off","9","2","None","None","Off","Off","Off","Off","Normal Encryption","Off","Off","Off","Off","251.1","1","Off","Off","Off","Off","Off","Off","1","0","Off","0","2","0","0","0","0"
"245","EFPMA NETAC1","145.21000","144.61000","D-Digital","High","12.5K","Off","Off","NETAC1","Group Call","8801","KC1JMH / Brad Br","Always","Carrier","Off","1","1","1","Off","9","1","None","None","Off","Off","Off","Off","Normal Encryption","Off","Off","Off","Off","251.1","1","Off","Off","Off","Off","Off","Off","1","0","Off","0","2","0","0","0","0"
"246","EFPMA NETAC2","145.21000","144.61000","D-Digital","High","12.5K","Off","Off","NETAC2","Group Call","8802","KC1JMH / Brad Br","Always","Carrier","Off","1","1","1","Off","9","2","None","None","Off","Off","Off","Off","Normal Encryption","Off","Off","Off","Off","251.1","1","Off","Off","Off","Off","Off","Off","1","0","Off","0","2","0","0","0","0"
"247","EFPMA NH SW","145.21000","144.61000","D-Digital","High","12.5K","Off","Off","NH Statewide","Group Call","3133","KC1JMH / Brad Br","Always","Carrier","Off","1","1","1","Off","9","1","None","None","Off","Off","Off","Off","Normal Encryption","Off","Off","Off","Off","251.1","1","Off","Off","Off","Off","Off","Off","1","0","Off","0","2","0","0","0","0"
"248","EFPMA North Am","145.21000","144.61000","D-Digital","High","12.5K","Off","Off","North America","Group Call","3","KC1JMH / Brad Br","Always","Carrier","Off","1","1","1","Off","9","1","None","None","Off","Off","Off","Off","Normal Encryption","Off","Off","Off","Off","251.1","1","Off","Off","Off","Off","Off","Off","1","0","Off","0","2","0","0","0","0"
"249","EFPMA Northeast","145.21000","144.61000","D-Digital","High","12.5K","Off","Off","Northeast","Group Call","3172","KC1JMH / Brad Br","Always","Carrier","Off","1","1","1","Off","9","1","None","None","Off","Off","Off","Off","Normal Encryption","Off","Off","Off","Off","251.1","1","Off","Off","Off","Off","Off","Off","1","0","Off","0","2","0","0","0","0"
"250","EFPMA Parrot","145.21000","144.61000","D-Digital","High","12.5K","Off","Off","Parrot","Group Call","9998","KC1JMH / Brad Br","Always","Carrier","Off","1","1","1","Off","9","1","None","None","Off","Off","Off","Off","Normal Encryption","Off","Off","Off","Off","251.1","1","Off","Off","Off","Off","Off","Off","1","0","Off","0","2","0","0","0","0"
"251","EFPMA Audio","145.21000","144.61000","D-Digital","High","12.5K","Off","Off","Audio Watch","Group Call","9999","KC1JMH / Brad Br","Always","Carrier","Off","1","1","1","Off","9","1","None","None","Off","Off","Off","Off","Normal Encryption","Off","Off","Off","Off","251.1","1","Off","Off","Off","Off","Off","Off","1","0","Off","0","2","0","0","0","0"
"252","EFPMA Cape Net","145.21000","144.61000","D-Digital","High","12.5K","Off","Off","Cape Net","Group Call","8804","KC1JMH / Brad Br","Always","Carrier","Off","1","1","1","Off","9","2","None","None","Off","Off","Off","Off","Normal Encryption","Off","Off","Off","Off","251.1","1","Off","Off","Off","Off","Off","Off","1","0","Off","0","2","0","0","0","0"
"253","EFPMA RI SW","145.21000","144.61000","D-Digital","High","12.5K","Off","Off","RI Statewide","Group Call","3144","KC1JMH / Brad Br","Always","Carrier","Off","1","1","1","Off","9","1","None","None","Off","Off","Off","Off","Normal Encryption","Off","Off","Off","Off","251.1","1","Off","Off","Off","Off","Off","Off","1","0","Off","0","2","0","0","0","0"
"254","EFPMA SKYWARN","145.21000","144.61000","D-Digital","High","12.5K","Off","Off","SKYWARN","Group Call","759","KC1JMH / Brad Br","Always","Carrier","Off","1","1","1","Off","9","1","None","None","Off","Off","Off","Off","Normal Encryption","Off","Off","Off","Off","251.1","1","Off","Off","Off","Off","Off","Off","1","0","Off","0","2","0","0","0","0"
"255","EFPMA TAC310","145.21000","144.61000","D-Digital","High","12.5K","Off","Off","TAC310","Group Call","310","KC1JMH / Brad Br","Always","Carrier","Off","1","1","1","Off","9","1","None","None","Off","Off","Off","Off","Normal Encryption","Off","Off","Off","Off","251.1","1","Off","Off","Off","Off","Off","Off","1","0","Off","0","2","0","0","0","0"
"256","EFPMA TAC311","145.21000","144.61000","D-Digital","High","12.5K","Off","Off","TAC311","Group Call","311","KC1JMH / Brad Br","Always","Carrier","Off","1","1","1","Off","9","1","None","None","Off","Off","Off","Off","Normal Encryption","Off","Off","Off","Off","251.1","1","Off","Off","Off","Off","Off","Off","1","0","Off","0","2","0","0","0","0"
"257","EFPMA VT SW","145.21000","144.61000","D-Digital","High","12.5K","Off","Off","VT Statewide","Group Call","3150","KC1JMH / Brad Br","Always","Carrier","Off","1","1","1","Off","9","1","None","None","Off","Off","Off","Off","Normal Encryption","Off","Off","Off","Off","251.1","1","Off","Off","Off","Off","Off","Off","1","0","Off","0","2","0","0","0","0"
"258","EFPMA WW","145.21000","144.61000","D-Digital","High","12.5K","Off","Off","WW Call","Group Call","1","KC1JMH / Brad Br","Always","Carrier","Off","1","1","1","Off","9","1","None","None","Off","Off","Off","Off","Normal Encryption","Off","Off","Off","Off","251.1","1","Off","Off","Off","Off","Off","Off","1","0","Off","0","2","0","0","0","0"
"259","ESTMA CT SW","145.36000","144.76000","D-Digital","High","12.5K","Off","Off","CT Statewide","Group Call","3109","KC1JMH / Brad Br","Always","Carrier","Off","1","1","1","Off","10","1","None","None","Off","Off","Off","Off","Normal Encryption","Off","Off","Off","Off","251.1","1","Off","Off","Off","Off","Off","Off","1","0","Off","0","2","0","0","0","0"
"260","ESTMA Local","145.36000","144.76000","D-Digital","High","12.5K","Off","Off","Local","Group Call","9","KC1JMH / Brad Br","Always","Carrier","Off","1","1","1","Off","10","2","None","None","Off","Off","Off","Off","Normal Encryption","Off","Off","Off","Off","251.1","1","Off","Off","Off","Off","Off","Off","1","0","Off","0","2","0","0","0","0"
"261","ESTMA MA SW","145.36000","144.76000","D-Digital","High","12.5K","Off","Off","MA Statewide","Group Call","3125","KC1JMH / Brad Br","Always","Carrier","Off","1","1","1","Off","10","2","None","None","Off","Off","Off","Off","Normal Encryption","Off","Off","Off","Off","251.1","1","Off","Off","Off","Off","Off","Off","1","0","Off","0","2","0","0","0","0"
"262","ESTMA ME SW","145.36000","144.76000","D-Digital","High","12.5K","Off","Off","ME Statewide","Group Call","3123","KC1JMH / Brad Br","Always","Carrier","Off","1","1","1","Off","10","1","None","None","Off","Off","Off","Off","Normal Encryption","Off","Off","Off","Off","251.1","1","Off","Off","Off","Off","Off","Off","1","0","Off","0","2","0","0","0","0"
"263","ESTMA NE Wide","145.36000","144.76000","D-Digital","High","12.5K","Off","Off","New England-Wide","Group Call","3181","KC1JMH / Brad Br","Always","Carrier","Off","1","1","1","Off","10","2","None","None","Off","Off","Off","Off","Normal Encryption","Off","Off","Off","Off","251.1","1","Off","Off","Off","Off","Off","Off","1","0","Off","0","2","0","0","0","0"
"264","ESTMA NETAC1","145.36000","144.76000","D-Digital","High","12.5K","Off","Off","NETAC1","Group Call","8801","KC1JMH / Brad Br","Always","Carrier","Off","1","1","1","Off","10","1","None","None","Off","Off","Off","Off","Normal Encryption","Off","Off","Off","Off","251.1","1","Off","Off","Off","Off","Off","Off","1","0","Off","0","2","0","0","0","0"
"265","ESTMA NETAC2","145.36000","144.76000","D-Digital","High","12.5K","Off","Off","NETAC2","Group Call","8802","KC1JMH / Brad Br","Always","Carrier","Off","1","1","1","Off","10","2","None","None","Off","Off","Off","Off","Normal Encryption","Off","Off","Off","Off","251.1","1","Off","Off","Off","Off","Off","Off","1","0","Off","0","2","0","0","0","0"
"266","ESTMA NH SW","145.36000","144.76000","D-Digital","High","12.5K","Off","Off","NH Statewide","Group Call","3133","KC1JMH / Brad Br","Always","Carrier","Off","1","1","1","Off","10","1","None","None","Off","Off","Off","Off","Normal Encryption","Off","Off","Off","Off","251.1","1","Off","Off","Off","Off","Off","Off","1","0","Off","0","2","0","0","0","0"
"267","ESTMA North Am","145.36000","144.76000","D-Digital","High","12.5K","Off","Off","North America","Group Call","3","KC1JMH / Brad Br","Always","Carrier","Off","1","1","1","Off","10","1","None","None","Off","Off","Off","Off","Normal Encryption","Off","Off","Off","Off","251.1","1","Off","Off","Off","Off","Off","Off","1","0","Off","0","2","0","0","0","0"
"268","ESTMA Northeast","145.36000","144.76000","D-Digital","High","12.5K","Off","Off","Northeast","Group Call","3172","KC1JMH / Brad Br","Always","Carrier","Off","1","1","1","Off","10","1","None","None","Off","Off","Off","Off","Normal Encryption","Off","Off","Off","Off","251.1","1","Off","Off","Off","Off","Off","Off","1","0","Off","0","2","0","0","0","0"
"269","ESTMA Parrot","145.36000","144.76000","D-Digital","High","12.5K","Off","Off","Parrot","Group Call","9998","KC1JMH / Brad Br","Always","Carrier","Off","1","1","1","Off","10","1","None","None","Off","Off","Off","Off","Normal Encryption","Off","Off","Off","Off","251.1","1","Off","Off","Off","Off","Off","Off","1","0","Off","0","2","0","0","0","0"
"270","ESTMA Audio","145.36000","144.76000","D-Digital","High","12.5K","Off","Off","Audio Watch","Group Call","9999","KC1JMH / Brad Br","Always","Carrier","Off","1","1","1","Off","10","1","None","None","Off","Off","Off","Off","Normal Encryption","Off","Off","Off","Off","251.1","1","Off","Off","Off","Off","Off","Off","1","0","Off","0","2","0","0","0","0"
"271","ESTMA Cape Net","145.36000","144.76000","D-Digital","High","12.5K","Off","Off","Cape Net","Group Call","8804","KC1JMH / Brad Br","Always","Carrier","Off","1","1","1","Off","10","2","None","None","Off","Off","Off","Off","Normal Encryption","Off","Off","Off","Off","251.1","1","Off","Off","Off","Off","Off","Off","1","0","Off","0","2","0","0","0","0"
"272","ESTMA RI SW","145.36000","144.76000","D-Digital","High","12.5K","Off","Off","RI Statewide","Group Call","3144","KC1JMH / Brad Br","Always","Carrier","Off","1","1","1","Off","10","1","None","None","Off","Off","Off","Off","Normal Encryption","Off","Off","Off","Off","251.1","1","Off","Off","Off","Off","Off","Off","1","0","Off","0","2","0","0","0","0"
"273","ESTMA SKYWARN","145.36000","144.76000","D-Digital","High","12.5K","Off","Off","SKYWARN","Group Call","759","KC1JMH / Brad Br","Always","Carrier","Off","1","1","1","Off","10","1","None","None","Off","Off","Off","Off","Normal Encryption","Off","Off","Off","Off","251.1","1","Off","Off","Off","Off","Off","Off","1","0","Off","0","2","0","0","0","0"
"274","ESTMA TAC310","145.36000","144.76000","D-Digital","High","12.5K","Off","Off","TAC310","Group Call","310","KC1JMH / Brad Br","Always","Carrier","Off","1","1","1","Off","10","1","None","None","Off","Off","Off","Off","Normal Encryption","Off","Off","Off","Off","251.1","1","Off","Off","Off","Off","Off","Off","1","0","Off","0","2","0","0","0","0"
"275","ESTMA TAC311","145.36000","144.76000","D-Digital","High","12.5K","Off","Off","TAC311","Group Call","311","KC1JMH / Brad Br","Always","Carrier","Off","1","1","1","Off","10","1","None","None","Off","Off","Off","Off","Normal Encryption","Off","Off","Off","Off","251.1","1","Off","Off","Off","Off","Off","Off","1","0","Off","0","2","0","0","0","0"
"276","ESTMA VT SW","145.36000","144.76000","D-Digital","High","12.5K","Off","Off","VT Statewide","Group Call","3150","KC1JMH / Brad Br","Always","Carrier","Off","1","1","1","Off","10","1","None","None","Off","Off","Off","Off","Normal Encryption","Off","Off","Off","Off","251.1","1","Off","Off","Off","Off","Off","Off","1","0","Off","0","2","0","0","0","0"
"277","ESTMA WW","145.36000","144.76000","D-Digital","High","12.5K","Off","Off","WW Call","Group Call","1","KC1JMH / Brad Br","Always","Carrier","Off","1","1","1","Off","10","1","None","None","Off","Off","Off","Off","Normal Encryption","Off","Off","Off","Off","251.1","1","Off","Off","Off","Off","Off","Off","1","0","Off","0","2","0","0","0","0"
"278","GDNMA CT SW","145.34000","144.74000","D-Digital","High","12.5K","Off","Off","CT Statewide","Group Call","3109","KC1JMH / Brad Br","Always","Carrier","Off","1","1","1","Off","3","1","None","None","Off","Off","Off","Off","Normal Encryption","Off","Off","Off","Off","251.1","1","Off","Off","Off","Off","Off","Off","1","0","Off","0","2","0","0","0","0"
"279","GDNMA Local","145.34000","144.74000","D-Digital","High","12.5K","Off","Off","Local","Group Call","9","KC1JMH / Brad Br","Always","Carrier","Off","1","1","1","Off","3","2","None","None","Off","Off","Off","Off","Normal Encryption","Off","Off","Off","Off","251.1","1","Off","Off","Off","Off","Off","Off","1","0","Off","0","2","0","0","0","0"
"280","GDNMA MA SW","145.34000","144.74000","D-Digital","High","12.5K","Off","Off","MA Statewide","Group Call","3125","KC1JMH / Brad Br","Always","Carrier","Off","1","1","1","Off","3","2","None","None","Off","Off","Off","Off","Normal Encryption","Off","Off","Off","Off","251.1","1","Off","Off","Off","Off","Off","Off","1","0","Off","0","2","0","0","0","0"
"281","GDNMA ME SW","145.34000","144.74000","D-Digital","High","12.5K","Off","Off","ME Statewide","Group Call","3123","KC1JMH / Brad Br","Always","Carrier","Off","1","1","1","Off","3","1","None","None","Off","Off","Off","Off","Normal Encryption","Off","Off","Off","Off","251.1","1","Off","Off","Off","Off","Off","Off","1","0","Off","0","2","0","0","0","0"
"282","GDNMA NE Wide","145.34000","144.74000","D-Digital","High","12.5K","Off","Off","New England-Wide","Group Call","3181","KC1JMH / Brad Br","Always","Carrier","Off","1","1","1","Off","3","2","None","None","Off","Off","Off","Off","Normal Encryption","Off","Off","Off","Off","251.1","1","Off","Off","Off","Off","Off","Off","1","0","Off","0","2","0","0","0","0"
"283","GDNMA NETAC1","145.34000","144.74000","D-Digital","High","12.5K","Off","Off","NETAC1","Group Call","8801","KC1JMH / Brad Br","Always","Carrier","Off","1","1","1","Off","3","1","None","None","Off","Off","Off","Off","Normal Encryption","Off","Off","Off","Off","251.1","1","Off","Off","Off","Off","Off","Off","1","0","Off","0","2","0","0","0","0"
"284","GDNMA NETAC2","145.34000","144.74000","D-Digital","High","12.5K","Off","Off","NETAC2","Group Call","8802","KC1JMH / Brad Br","Always","Carrier","Off","1","1","1","Off","3","2","None","None","Off","Off","Off","Off","Normal Encryption","Off","Off","Off","Off","251.1","1","Off","Off","Off","Off","Off","Off","1","0","Off","0","2","0","0","0","0"
"285","GDNMA NH SW","145.34000","144.74000","D-Digital","High","12.5K","Off","Off","NH Statewide","Group Call","3133","KC1JMH / Brad Br","Always","Carrier","Off","1","1","1","Off","3","1","None","None","Off","Off","Off","Off","Normal Encryption","Off","Off","Off","Off","251.1","1","Off","Off","Off","Off","Off","Off","1","0","Off","0","2","0","0","0","0"
"286","GDNMA North Am","145.34000","144.74000","D-Digital","High","12.5K","Off","Off","North America","Group Call","3","KC1JMH / Brad Br","Always","Carrier","Off","1","1","1","Off","3","1","None","None","Off","Off","Off","Off","Normal Encryption","Off","Off","Off","Off","251.1","1","Off","Off","Off","Off","Off","Off","1","0","Off","0","2","0","0","0","0"
"287","GDNMA Northeast","145.34000","144.74000","D-Digital","High","12.5K","Off","Off","Northeast","Group Call","3172","KC1JMH / Brad Br","Always","Carrier","Off","1","1","1","Off","3","1","None","None","Off","Off","Off","Off","Normal Encryption","Off","Off","Off","Off","251.1","1","Off","Off","Off","Off","Off","Off","1","0","Off","0","2","0","0","0","0"
"288","GDNMA Parrot","145.34000","144.74000","D-Digital","High","12.5K","Off","Off","Parrot","Group Call","9998","KC1JMH / Brad Br","Always","Carrier","Off","1","1","1","Off","3","1","None","None","Off","Off","Off","Off","Normal Encryption","Off","Off","Off","Off","251.1","1","Off","Off","Off","Off","Off","Off","1","0","Off","0","2","0","0","0","0"
"289","GDNMA Audio","145.34000","144.74000","D-Digital","High","12.5K","Off","Off","Audio Watch","Group Call","9999","KC1JMH / Brad Br","Always","Carrier","Off","1","1","1","Off","3","1","None","None","Off","Off","Off","Off","Normal Encryption","Off","Off","Off","Off","251.1","1","Off","Off","Off","Off","Off","Off","1","0","Off","0","2","0","0","0","0"
"290","GDNMA RI SW","145.34000","144.74000","D-Digital","High","12.5K","Off","Off","RI Statewide","Group Call","3144","KC1JMH / Brad Br","Always","Carrier","Off","1","1","1","Off","3","1","None","None","Off","Off","Off","Off","Normal Encryption","Off","Off","Off","Off","251.1","1","Off","Off","Off","Off","Off","Off","1","0","Off","0","2","0","0","0","0"
"291","GDNMA SKYWARN","145.34000","144.74000","D-Digital","High","12.5K","Off","Off","SKYWARN","Group Call","759","KC1JMH / Brad Br","Always","Carrier","Off","1","1","1","Off","3","1","None","None","Off","Off","Off","Off","Normal Encryption","Off","Off","Off","Off","251.1","1","Off","Off","Off","Off","Off","Off","1","0","Off","0","2","0","0","0","0"
"292","GDNMA TAC310","145.34000","144.74000","D-Digital","High","12.5K","Off","Off","TAC310","Group Call","310","KC1JMH / Brad Br","Always","Carrier","Off","1","1","1","Off","3","1","None","None","Off","Off","Off","Off","Normal Encryption","Off","Off","Off","Off","251.1","1","Off","Off","Off","Off","Off","Off","1","0","Off","0","2","0","0","0","0"
"293","GDNMA TAC311","145.34000","144.74000","D-Digital","High","12.5K","Off","Off","TAC311","Group Call","311","KC1JMH / Brad Br","Always","Carrier","Off","1","1","1","Off","3","1","None","None","Off","Off","Off","Off","Normal Encryption","Off","Off","Off","Off","251.1","1","Off","Off","Off","Off","Off","Off","1","0","Off","0","2","0","0","0","0"
"294","GDNMA VT SW","145.34000","144.74000","D-Digital","High","12.5K","Off","Off","VT Statewide","Group Call","3150","KC1JMH / Brad Br","Always","Carrier","Off","1","1","1","Off","3","1","None","None","Off","Off","Off","Off","Normal Encryption","Off","Off","Off","Off","251.1","1","Off","Off","Off","Off","Off","Off","1","0","Off","0","2","0","0","0","0"
"295","GDNMA WW","145.34000","144.74000","D-Digital","High","12.5K","Off","Off","WW Call","Group Call","1","KC1JMH / Brad Br","Always","Carrier","Off","1","1","1","Off","3","1","None","None","Off","Off","Off","Off","Normal Encryption","Off","Off","Off","Off","251.1","1","Off","Off","Off","Off","Off","Off","1","0","Off","0","2","0","0","0","0"
"296","HAVMA CT SW","146.46000","144.96000","D-Digital","High","12.5K","Off","Off","CT Statewide","Group Call","3109","KC1JMH / Brad Br","Always","Carrier","Off","1","1","1","Off","6","1","None","None","Off","Off","Off","Off","Normal Encryption","Off","Off","Off","Off","251.1","1","Off","Off","Off","Off","Off","Off","1","0","Off","0","2","0","0","0","0"
"297","HAVMA Local","146.46000","144.96000","D-Digital","High","12.5K","Off","Off","Local","Group Call","9","KC1JMH / Brad Br","Always","Carrier","Off","1","1","1","Off","6","2","None","None","Off","Off","Off","Off","Normal Encryption","Off","Off","Off","Off","251.1","1","Off","Off","Off","Off","Off","Off","1","0","Off","0","2","0","0","0","0"
"298","HAVMA MA SW","146.46000","144.96000","D-Digital","High","12.5K","Off","Off","MA Statewide","Group Call","3125","KC1JMH / Brad Br","Always","Carrier","Off","1","1","1","Off","6","2","None","None","Off","Off","Off","Off","Normal Encryption","Off","Off","Off","Off","251.1","1","Off","Off","Off","Off","Off","Off","1","0","Off","0","2","0","0","0","0"
"299","HAVMA ME SW","146.46000","144.96000","D-Digital","High","12.5K","Off","Off","ME Statewide","Group Call","3123","KC1JMH / Brad Br","Always","Carrier","Off","1","1","1","Off","6","1","None","None","Off","Off","Off","Off","Normal Encryption","Off","Off","Off","Off","251.1","1","Off","Off","Off","Off","Off","Off","1","0","Off","0","2","0","0","0","0"
"300","HAVMA NE Wide","146.46000","144.96000","D-Digital","High","12.5K","Off","Off","New England-Wide","Group Call","3181","KC1JMH / Brad Br","Always","Carrier","Off","1","1","1","Off","6","2","None","None","Off","Off","Off","Off","Normal Encryption","Off","Off","Off","Off","251.1","1","Off","Off","Off","Off","Off","Off","1","0","Off","0","2","0","0","0","0"
"301","HAVMA NETAC1","146.46000","144.96000","D-Digital","High","12.5K","Off","Off","NETAC1","Group Call","8801","KC1JMH / Brad Br","Always","Carrier","Off","1","1","1","Off","6","1","None","None","Off","Off","Off","Off","Normal Encryption","Off","Off","Off","Off","251.1","1","Off","Off","Off","Off","Off","Off","1","0","Off","0","2","0","0","0","0"
"302","HAVMA NETAC2","146.46000","144.96000","D-Digital","High","12.5K","Off","Off","NETAC2","Group Call","8802","KC1JMH / Brad Br","Always","Carrier","Off","1","1","1","Off","6","2","None","None","Off","Off","Off","Off","Normal Encryption","Off","Off","Off","Off","251.1","1","Off","Off","Off","Off","Off","Off","1","0","Off","0","2","0","0","0","0"
"303","HAVMA NH SW","146.46000","144.96000","D-Digital","High","12.5K","Off","Off","NH Statewide","Group Call","3133","KC1JMH / Brad Br","Always","Carrier","Off","1","1","1","Off","6","1","None","None","Off","Off","Off","Off","Normal Encryption","Off","Off","Off","Off","251.1","1","Off","Off","Off","Off","Off","Off","1","0","Off","0","2","0","0","0","0"
"304","HAVMA North Am","146.46000","144.96000","D-Digital","High","12.5K","Off","Off","North America","Group Call","3","KC1JMH / Brad Br","Always","Carrier","Off","1","1","1","Off","6","1","None","None","Off","Off","Off","Off","Normal Encryption","Off","Off","Off","Off","251.1","1","Off","Off","Off","Off","Off","Off","1","0","Off","0","2","0","0","0","0"
"305","HAVMA Northeast","146.46000","144.96000","D-Digital","High","12.5K","Off","Off","Northeast","Group Call","3172","KC1JMH / Brad Br","Always","Carrier","Off","1","1","1","Off","6","1","None","None","Off","Off","Off","Off","Normal Encryption","Off","Off","Off","Off","251.1","1","Off","Off","Off","Off","Off","Off","1","0","Off","0","2","0","0","0","0"
"306","HAVMA Parrot","146.46000","144.96000","D-Digital","High","12.5K","Off","Off","Parrot","Group Call","9998","KC1JMH / Brad Br","Always","Carrier","Off","1","1","1","Off","6","1","None","None","Off","Off","Off","Off","Normal Encryption","Off","Off","Off","Off","251.1","1","Off","Off","Off","Off","Off","Off","1","0","Off","0","2","0","0","0","0"
"307","HAVMA Audio","146.46000","144.96000","D-Digital","High","12.5K","Off","Off","Audio Watch","Group Call","9999","KC1JMH / Brad Br","Always","Carrier","Off","1","1","1","Off","6","1","None","None","Off","Off","Off","Off","Normal Encryption","Off","Off","Off","Off","251.1","1","Off","Off","Off","Off","Off","Off","1","0","Off","0","2","0","0","0","0"
"308","HAVMA RI SW","146.46000","144.96000","D-Digital","High","12.5K","Off","Off","RI Statewide","Group Call","3144","KC1JMH / Brad Br","Always","Carrier","Off","1","1","1","Off","6","1","None","None","Off","Off","Off","Off","Normal Encryption","Off","Off","Off","Off","251.1","1","Off","Off","Off","Off","Off","Off","1","0","Off","0","2","0","0","0","0"
"309","HAVMA SKYWARN","146.46000","144.96000","D-Digital","High","12.5K","Off","Off","SKYWARN","Group Call","759","KC1JMH / Brad Br","Always","Carrier","Off","1","1","1","Off","6","1","None","None","Off","Off","Off","Off","Normal Encryption","Off","Off","Off","Off","251.1","1","Off","Off","Off","Off","Off","Off","1","0","Off","0","2","0","0","0","0"
"310","HAVMA TAC310","146.46000","144.96000","D-Digital","High","12.5K","Off","Off","TAC310","Group Call","310","KC1JMH / Brad Br","Always","Carrier","Off","1","1","1","Off","6","1","None","None","Off","Off","Off","Off","Normal Encryption","Off","Off","Off","Off","251.1","1","Off","Off","Off","Off","Off","Off","1","0","Off","0","2","0","0","0","0"
"311","HAVMA TAC311","146.46000","144.96000","D-Digital","High","12.5K","Off","Off","TAC311","Group Call","311","KC1JMH / Brad Br","Always","Carrier","Off","1","1","1","Off","6","1","None","None","Off","Off","Off","Off","Normal Encryption","Off","Off","Off","Off","251.1","1","Off","Off","Off","Off","Off","Off","1","0","Off","0","2","0","0","0","0"
"312","HAVMA VT SW","146.46000","144.96000","D-Digital","High","12.5K","Off","Off","VT Statewide","Group Call","3150","KC1JMH / Brad Br","Always","Carrier","Off","1","1","1","Off","6","1","None","None","Off","Off","Off","Off","Normal Encryption","Off","Off","Off","Off","251.1","1","Off","Off","Off","Off","Off","Off","1","0","Off","0","2","0","0","0","0"
"313","HAVMA WW","146.46000","144.96000","D-Digital","High","12.5K","Off","Off","WW Call","Group Call","1","KC1JMH / Brad Br","Always","Carrier","Off","1","1","1","Off","6","1","None","None","Off","Off","Off","Off","Normal Encryption","Off","Off","Off","Off","251.1","1","Off","Off","Off","Off","Off","Off","1","0","Off","0","2","0","0","0","0"
"314","HNGMA CT SW","146.43000","144.93000","D-Digital","High","12.5K","Off","Off","CT Statewide","Group Call","3109","KC1JMH / Brad Br","Always","Carrier","Off","1","1","1","Off","1","1","None","None","Off","Off","Off","Off","Normal Encryption","Off","Off","Off","Off","251.1","1","Off","Off","Off","Off","Off","Off","1","0","Off","0","2","0","0","0","0"
"315","HNGMA Local","146.43000","144.93000","D-Digital","High","12.5K","Off","Off","Local","Group Call","9","KC1JMH / Brad Br","Always","Carrier","Off","1","1","1","Off","1","2","None","None","Off","Off","Off","Off","Normal Encryption","Off","Off","Off","Off","251.1","1","Off","Off","Off","Off","Off","Off","1","0","Off","0","2","0","0","0","0"
"316","HNGMA MA SW","146.43000","144.93000","D-Digital","High","12.5K","Off","Off","MA Statewide","Group Call","3125","KC1JMH / Brad Br","Always","Carrier","Off","1","1","1","Off","1","2","None","None","Off","Off","Off","Off","Normal Encryption","Off","Off","Off","Off","251.1","1","Off","Off","Off","Off","Off","Off","1","0","Off","0","2","0","0","0","0"
"317","HNGMA ME SW","146.43000","144.93000","D-Digital","High","12.5K","Off","Off","ME Statewide","Group Call","3123","KC1JMH / Brad Br","Always","Carrier","Off","1","1","1","Off","1","1","None","None","Off","Off","Off","Off","Normal Encryption","Off","Off","Off","Off","251.1","1","Off","Off","Off","Off","Off","Off","1","0","Off","0","2","0","0","0","0"
"318","HNGMA NE Wide","146.43000","144.93000","D-Digital","High","12.5K","Off","Off","New England-Wide","Group Call","3181","KC1JMH / Brad Br","Always","Carrier","Off","1","1","1","Off","1","2","None","None","Off","Off","Off","Off","Normal Encryption","Off","Off","Off","Off","251.1","1","Off","Off","Off","Off","Off","Off","1","0","Off","0","2","0","0","0","0"
"319","HNGMA NETAC1","146.43000","144.93000","D-Digital","High","12.5K","Off","Off","NETAC1","Group Call","8801","KC1JMH / Brad Br","Always","Carrier","Off","1","1","1","Off","1","1","None","None","Off","Off","Off","Off","Normal Encryption","Off","Off","Off","Off","251.1","1","Off","Off","Off","Off","Off","Off","1","0","Off","0","2","0","0","0","0"
"320","HNGMA NETAC2","146.43000","144.93000","D-Digital","High","12.5K","Off","Off","NETAC2","Group Call","8802","KC1JMH / Brad Br","Always","Carrier","Off","1","1","1","Off","1","2","None","None","Off","Off","Off","Off","Normal Encryption","Off","Off","Off","Off","251.1","1","Off","Off","Off","Off","Off","Off","1","0","Off","0","2","0","0","0","0"
"321","HNGMA NH SW","146.43000","144.93000","D-Digital","High","12.5K","Off","Off","NH Statewide","Group Call","3133","KC1JMH / Brad Br","Always","Carrier","Off","1","1","1","Off","1","1","None","None","Off","Off","Off","Off","Normal Encryption","Off","Off","Off","Off","251.1","1","Off","Off","Off","Off","Off","Off","1","0","Off","0","2","0","0","0","0"
"322","HNGMA North Am","146.43000","144.93000","D-Digital","High","12.5K","Off","Off","North America","Group Call","3","KC1JMH / Brad Br","Always","Carrier","Off","1","1","1","Off","1","1","None","None","Off","Off","Off","Off","Normal Encryption","Off","Off","Off","Off","251.1","1","Off","Off","Off","Off","Off","Off","1","0","Off","0","2","0","0","0","0"
"323","HNGMA Northeast","146.43000","144.93000","D-Digital","High","12.5K","Off","Off","Northeast","Group Call","3172","KC1JMH / Brad Br","Always","Carrier","Off","1","1","1","Off","1","1","None","None","Off","Off","Off","Off","Normal Encryption","Off","Off","Off","Off","251.1","1","Off","Off","Off","Off","Off","Off","1","0","Off","0","2","0","0","0","0"
"324","HNGMA Parrot","146.43000","144.93000","D-Digital","High","12.5K","Off","Off","Parrot","Group Call","9998","KC1JMH / Brad Br","Always","Carrier","Off","1","1","1","Off","1","1","None","None","Off","Off","Off","Off","Normal Encryption","Off","Off","Off","Off","251.1","1","Off","Off","Off","Off","Off","Off","1","0","Off","0","2","0","0","0","0"
"325","HNGMA Audio","146.43000","144.93000","D-Digital","High","12.5K","Off","Off","Audio Watch","Group Call","9999","KC1JMH / Brad Br","Always","Carrier","Off","1","1","1","Off","1","1","None","None","Off","Off","Off","Off","Normal Encryption","Off","Off","Off","Off","251.1","1","Off","Off","Off","Off","Off","Off","1","0","Off","0","2","0","0","0","0"
"326","HNGMA Cape Net","146.43000","144.93000","D-Digital","High","12.5K","Off","Off","Cape Net","Group Call","8804","KC1JMH / Brad Br","Always","Carrier","Off","1","1","1","Off","1","2","None","None","Off","Off","Off","Off","Normal Encryption","Off","Off","Off","Off","251.1","1","Off","Off","Off","Off","Off","Off","1","0","Off","0","2","0","0","0","0"
"327","HNGMA RI SW","146.43000","144.93000","D-Digital","High","12.5K","Off","Off","RI Statewide","Group Call","3144","KC1JMH / Brad Br","Always","Carrier","Off","1","1","1","Off","1","1","None","None","Off","Off","Off","Off","Normal Encryption","Off","Off","Off","Off","251.1","1","Off","Off","Off","Off","Off","Off","1","0","Off","0","2","0","0","0","0"
"328","HNGMA SKYWARN","146.43000","144.93000","D-Digital","High","12.5K","Off","Off","SKYWARN","Group Call","759","KC1JMH / Brad Br","Always","Carrier","Off","1","1","1","Off","1","1","None","None","Off","Off","Off","Off","Normal Encryption","Off","Off","Off","Off","251.1","1","Off","Off","Off","Off","Off","Off","1","0","Off","0","2","0","0","0","0"
"329","HNGMA TAC310","146.43000","144.93000","D-Digital","High","12.5K","Off","Off","TAC310","Group Call","310","KC1JMH / Brad Br","Always","Carrier","Off","1","1","1","Off","1","1","None","None","Off","Off","Off","Off","Normal Encryption","Off","Off","Off","Off","251.1","1","Off","Off","Off","Off","Off","Off","1","0","Off","0","2","0","0","0","0"
"330","HNGMA TAC311","146.43000","144.93000","D-Digital","High","12.5K","Off","Off","TAC311","Group Call","311","KC1JMH / Brad Br","Always","Carrier","Off","1","1","1","Off","1","1","None","None","Off","Off","Off","Off","Normal Encryption","Off","Off","Off","Off","251.1","1","Off","Off","Off","Off","Off","Off","1","0","Off","0","2","0","0","0","0"
"331","HNGMA VT SW","146.43000","144.93000","D-Digital","High","12.5K","Off","Off","VT Statewide","Group Call","3150","KC1JMH / Brad Br","Always","Carrier","Off","1","1","1","Off","1","1","None","None","Off","Off","Off","Off","Normal Encryption","Off","Off","Off","Off","251.1","1","Off","Off","Off","Off","Off","Off","1","0","Off","0","2","0","0","0","0"
"332","HNGMA WW","146.43000","144.93000","D-Digital","High","12.5K","Off","Off","WW Call","Group Call","1","KC1JMH / Brad Br","Always","Carrier","Off","1","1","1","Off","1","1","None","None","Off","Off","Off","Off","Normal Encryption","Off","Off","Off","Off","251.1","1","Off","Off","Off","Off","Off","Off","1","0","Off","0","2","0","0","0","0"
"333","K1IRMA CT SW","146.47000","144.97000","D-Digital","High","12.5K","Off","Off","CT Statewide","Group Call","3109","KC1JMH / Brad Br","Always","Carrier","Off","1","1","1","Off","0","1","None","None","Off","Off","Off","Off","Normal Encryption","Off","Off","Off","Off","251.1","1","Off","Off","Off","Off","Off","Off","1","0","Off","0","2","0","0","0","0"
"334","K1IRMA Local","146.47000","144.97000","D-Digital","High","12.5K","Off","Off","Local","Group Call","9","KC1JMH / Brad Br","Always","Carrier","Off","1","1","1","Off","0","2","None","None","Off","Off","Off","Off","Normal Encryption","Off","Off","Off","Off","251.1","1","Off","Off","Off","Off","Off","Off","1","0","Off","0","2","0","0","0","0"
"335","K1IRMA MA SW","146.47000","144.97000","D-Digital","High","12.5K","Off","Off","MA Statewide","Group Call","3125","KC1JMH / Brad Br","Always","Carrier","Off","1","1","1","Off","0","2","None","None","Off","Off","Off","Off","Normal Encryption","Off","Off","Off","Off","251.1","1","Off","Off","Off","Off","Off","Off","1","0","Off","0","2","0","0","0","0"
"336","K1IRMA ME SW","146.47000","144.97000","D-Digital","High","12.5K","Off","Off","ME Statewide","Group Call","3123","KC1JMH / Brad Br","Always","Carrier","Off","1","1","1","Off","0","1","None","None","Off","Off","Off","Off","Normal Encryption","Off","Off","Off","Off","251.1","1","Off","Off","Off","Off","Off","Off","1","0","Off","0","2","0","0","0","0"
"337","K1IRMA NE Wide","146.47000","144.97000","D-Digital","High","12.5K","Off","Off","New England-Wide","Group Call","3181","KC1JMH / Brad Br","Always","Carrier","Off","1","1","1","Off","0","2","None","None","Off","Off","Off","Off","Normal Encryption","Off","Off","Off","Off","251.1","1","Off","Off","Off","Off","Off","Off","1","0","Off","0","2","0","0","0","0"
"338","K1IRMA NETAC1","146.47000","144.97000","D-Digital","High","12.5K","Off","Off","NETAC1","Group Call","8801","KC1JMH / Brad Br","Always","Carrier","Off","1","1","1","Off","0","1","None","None","Off","Off","Off","Off","Normal Encryption","Off","Off","Off","Off","251.1","1","Off","Off","Off","Off","Off","Off","1","0","Off","0","2","0","0","0","0"
"339","K1IRMA NETAC2","146.47000","144.97000","D-Digital","High","12.5K","Off","Off","NETAC2","Group Call","8802","KC1JMH / Brad Br","Always","Carrier","Off","1","1","1","Off","0","2","None","None","Off","Off","Off","Off","Normal Encryption","Off","Off","Off","Off","251.1","1","Off","Off","Off","Off","Off","Off","1","0","Off","0","2","0","0","0","0"
"340","K1IRMA NH SW","146.47000","144.97000","D-Digital","High","12.5K","Off","Off","NH Statewide","Group Call","3133","KC1JMH / Brad Br","Always","Carrier","Off","1","1","1","Off","0","1","None","None","Off","Off","Off","Off","Normal Encryption","Off","Off","Off","Off","251.1","1","Off","Off","Off","Off","Off","Off","1","0","Off","0","2","0","0","0","0"
"341","K1IRMA North Am","146.47000","144.97000","D-Digital","High","12.5K","Off","Off","North America","Group Call","3","KC1JMH / Brad Br","Always","Carrier","Off","1","1","1","Off","0","1","None","None","Off","Off","Off","Off","Normal Encryption","Off","Off","Off","Off","251.1","1","Off","Off","Off","Off","Off","Off","1","0","Off","0","2","0","0","0","0"
"342","K1IRMA Northeast","146.47000","144.97000","D-Digital","High","12.5K","Off","Off","Northeast","Group Call","3172","KC1JMH / Brad Br","Always","Carrier","Off","1","1","1","Off","0","1","None","None","Off","Off","Off","Off","Normal Encryption","Off","Off","Off","Off","251.1","1","Off","Off","Off","Off","Off","Off","1","0","Off","0","2","0","0","0","0"
"343","K1IRMA Parrot","146.47000","144.97000","D-Digital","High","12.5K","Off","Off","Parrot","Group Call","9998","KC1JMH / Brad Br","Always","Carrier","Off","1","1","1","Off","0","1","None","None","Off","Off","Off","Off","Normal Encryption","Off","Off","Off","Off","251.1","1","Off","Off","Off","Off","Off","Off","1","0","Off","0","2","0","0","0","0"
"344","K1IRMA Audio","146.47000","144.97000","D-Digital","High","12.5K","Off","Off","Audio Watch","Group Call","9999","KC1JMH / Brad Br","Always","Carrier","Off","1","1","1","Off","0","1","None","None","Off","Off","Off","Off","Normal Encryption","Off","Off","Off","Off","251.1","1","Off","Off","Off","Off","Off","Off","1","0","Off","0","2","0","0","0","0"
"345","K1IRMA RI SW","146.47000","144.97000","D-Digital","High","12.5K","Off","Off","RI Statewide","Group Call","3144","KC1JMH / Brad Br","Always","Carrier","Off","1","1","1","Off","0","1","None","None","Off","Off","Off","Off","Normal Encryption","Off","Off","Off","Off","251.1","1","Off","Off","Off","Off","Off","Off","1","0","Off","0","2","0","0","0","0"
"346","K1IRMA SKYWARN","146.47000","144.97000","D-Digital","High","12.5K","Off","Off","SKYWARN","Group Call","759","KC1JMH / Brad Br","Always","Carrier","Off","1","1","1","Off","0","1","None","None","Off","Off","Off","Off","Normal Encryption","Off","Off","Off","Off","251.1","1","Off","Off","Off","Off","Off","Off","1","0","Off","0","2","0","0","0","0"
"347","K1IRMA TAC310","146.47000","144.97000","D-Digital","High","12.5K","Off","Off","TAC310","Group Call","310","KC1JMH / Brad Br","Always","Carrier","Off","1","1","1","Off","0","1","None","None","Off","Off","Off","Off","Normal Encryption","Off","Off","Off","Off","251.1","1","Off","Off","Off","Off","Off","Off","1","0","Off","0","2","0","0","0","0"
"348","K1IRMA TAC311","146.47000","144.97000","D-Digital","High","12.5K","Off","Off","TAC311","Group Call","311","KC1JMH / Brad Br","Always","Carrier","Off","1","1","1","Off","0","1","None","None","Off","Off","Off","Off","Normal Encryption","Off","Off","Off","Off","251.1","1","Off","Off","Off","Off","Off","Off","1","0","Off","0","2","0","0","0","0"
"349","K1IRMA VT SW","146.47000","144.97000","D-Digital","High","12.5K","Off","Off","VT Statewide","Group Call","3150","KC1JMH / Brad Br","Always","Carrier","Off","1","1","1","Off","0","1","None","None","Off","Off","Off","Off","Normal Encryption","Off","Off","Off","Off","251.1","1","Off","Off","Off","Off","Off","Off","1","0","Off","0","2","0","0","0","0"
"350","K1IRMA WW","146.47000","144.97000","D-Digital","High","12.5K","Off","Off","WW Call","Group Call","1","KC1JMH / Brad Br","Always","Carrier","Off","1","1","1","Off","0","1","None","None","Off","Off","Off","Off","Normal Encryption","Off","Off","Off","Off","251.1","1","Off","Off","Off","Off","Off","Off","1","0","Off","0","2","0","0","0","0"
"351","MBLMA CT SW","145.37000","144.77000","D-Digital","High","12.5K","Off","Off","CT Statewide","Group Call","3109","KC1JMH / Brad Br","Always","Carrier","Off","1","1","1","Off","0","1","None","None","Off","Off","Off","Off","Normal Encryption","Off","Off","Off","Off","251.1","1","Off","Off","Off","Off","Off","Off","1","0","Off","0","2","0","0","0","0"
"352","MBLMA Local","145.37000","144.77000","D-Digital","High","12.5K","Off","Off","Local","Group Call","9","KC1JMH / Brad Br","Always","Carrier","Off","1","1","1","Off","0","2","None","None","Off","Off","Off","Off","Normal Encryption","Off","Off","Off","Off","251.1","1","Off","Off","Off","Off","Off","Off","1","0","Off","0","2","0","0","0","0"
"353","MBLMA MA SW","145.37000","144.77000","D-Digital","High","12.5K","Off","Off","MA Statewide","Group Call","3125","KC1JMH / Brad Br","Always","Carrier","Off","1","1","1","Off","0","2","None","None","Off","Off","Off","Off","Normal Encryption","Off","Off","Off","Off","251.1","1","Off","Off","Off","Off","Off","Off","1","0","Off","0","2","0","0","0","0"
"354","MBLMA ME SW","145.37000","144.77000","D-Digital","High","12.5K","Off","Off","ME Statewide","Group Call","3123","KC1JMH / Brad Br","Always","Carrier","Off","1","1","1","Off","0","1","None","None","Off","Off","Off","Off","Normal Encryption","Off","Off","Off","Off","251.1","1","Off","Off","Off","Off","Off","Off","1","0","Off","0","2","0","0","0","0"
"355","MBLMA NE Wide","145.37000","144.77000","D-Digital","High","12.5K","Off","Off","New England-Wide","Group Call","3181","KC1JMH / Brad Br","Always","Carrier","Off","1","1","1","Off","0","2","None","None","Off","Off","Off","Off","Normal Encryption","Off","Off","Off","Off","251.1","1","Off","Off","Off","Off","Off","Off","1","0","Off","0","2","0","0","0","0"
"356","MBLMA NETAC1","145.37000","144.77000","D-Digital","High","12.5K","Off","Off","NETAC1","Group Call","8801","KC1JMH / Brad Br","Always","Carrier","Off","1","1","1","Off","0","1","None","None","Off","Off","Off","Off","Normal Encryption","Off","Off","Off","Off","251.1","1","Off","Off","Off","Off","Off","Off","1","0","Off","0","2","0","0","0","0"
"357","MBLMA NETAC2","145.37000","144.77000","D-Digital","High","12.5K","Off","Off","NETAC2","Group Call","8802","KC1JMH / Brad Br","Always","Carrier","Off","1","1","1","Off","0","2","None","None","Off","Off","Off","Off","Normal Encryption","Off","Off","Off","Off","251.1","1","Off","Off","Off","Off","Off","Off","1","0","Off","0","2","0","0","0","0"
"358","MBLMA NH SW","145.37000","144.77000","D-Digital","High","12.5K","Off","Off","NH Statewide","Group Call","3133","KC1JMH / Brad Br","Always","Carrier","Off","1","1","1","Off","0","1","None","None","Off","Off","Off","Off","Normal Encryption","Off","Off","Off","Off","251.1","1","Off","Off","Off","Off","Off","Off","1","0","Off","0","2","0","0","0","0"
"359","MBLMA North Am","145.37000","144.77000","D-Digital","High","12.5K","Off","Off","North America","Group Call","3","KC1JMH / Brad Br","Always","Carrier","Off","1","1","1","Off","0","1","None","None","Off","Off","Off","Off","Normal Encryption","Off","Off","Off","Off","251.1","1","Off","Off","Off","Off","Off","Off","1","0","Off","0","2","0","0","0","0"
"360","MBLMA Northeast","145.37000","144.77000","D-Digital","High","12.5K","Off","Off","Northeast","Group Call","3172","KC1JMH / Brad Br","Always","Carrier","Off","1","1","1","Off","0","1","None","None","Off","Off","Off","Off","Normal Encryption","Off","Off","Off","Off","251.1","1","Off","Off","Off","Off","Off","Off","1","0","Off","0","2","0","0","0","0"
"361","MBLMA Parrot","145.37000","144.77000","D-Digital","High","12.5K","Off","Off","Parrot","Group Call","9998","KC1JMH / Brad Br","Always","Carrier","Off","1","1","1","Off","0","1","None","None","Off","Off","Off","Off","Normal Encryption","Off","Off","Off","Off","251.1","1","Off","Off","Off","Off","Off","Off","1","0","Off","0","2","0","0","0","0"
"362","MBLMA Audio","145.37000","144.77000","D-Digital","High","12.5K","Off","Off","Audio Watch","Group Call","9999","KC1JMH / Brad Br","Always","Carrier","Off","1","1","1","Off","0","1","None","None","Off","Off","Off","Off","Normal Encryption","Off","Off","Off","Off","251.1","1","Off","Off","Off","Off","Off","Off","1","0","Off","0","2","0","0","0","0"
"363","MBLMA RI SW","145.37000","144.77000","D-Digital","High","12.5K","Off","Off","RI Statewide","Group Call","3144","KC1JMH / Brad Br","Always","Carrier","Off","1","1","1","Off","0","1","None","None","Off","Off","Off","Off","Normal Encryption","Off","Off","Off","Off","251.1","1","Off","Off","Off","Off","Off","Off","1","0","Off","0","2","0","0","0","0"
"364","MBLMA SKYWARN","145.37000","144.77000","D-Digital","High","12.5K","Off","Off","SKYWARN","Group Call","759","KC1JMH / Brad Br","Always","Carrier","Off","1","1","1","Off","0","1","None","None","Off","Off","Off","Off","Normal Encryption","Off","Off","Off","Off","251.1","1","Off","Off","Off","Off","Off","Off","1","0","Off","0","2","0","0","0","0"
"365","MBLMA TAC310","145.37000","144.77000","D-Digital","High","12.5K","Off","Off","TAC310","Group Call","310","KC1JMH / Brad Br","Always","Carrier","Off","1","1","1","Off","0","1","None","None","Off","Off","Off","Off","Normal Encryption","Off","Off","Off","Off","251.1","1","Off","Off","Off","Off","Off","Off","1","0","Off","0","2","0","0","0","0"
"366","MBLMA TAC311","145.37000","144.77000","D-Digital","High","12.5K","Off","Off","TAC311","Group Call","311","KC1JMH / Brad Br","Always","Carrier","Off","1","1","1","Off","0","1","None","None","Off","Off","Off","Off","Normal Encryption","Off","Off","Off","Off","251.1","1","Off","Off","Off","Off","Off","Off","1","0","Off","0","2","0","0","0","0"
"367","MBLMA VT SW","145.37000","144.77000","D-Digital","High","12.5K","Off","Off","VT Statewide","Group Call","3150","KC1JMH / Brad Br","Always","Carrier","Off","1","1","1","Off","0","1","None","None","Off","Off","Off","Off","Normal Encryption","Off","Off","Off","Off","251.1","1","Off","Off","Off","Off","Off","Off","1","0","Off","0","2","0","0","0","0"
"368","MBLMA WW","145.37000","144.77000","D-Digital","High","12.5K","Off","Off","WW Call","Group Call","1","KC1JMH / Brad Br","Always","Carrier","Off","1","1","1","Off","0","1","None","None","Off","Off","Off","Off","Normal Encryption","Off","Off","Off","Off","251.1","1","Off","Off","Off","Off","Off","Off","1","0","Off","0","2","0","0","0","0"
"369","MVYMA CT SW","145.18000","144.58000","D-Digital","High","12.5K","Off","Off","CT Statewide","Group Call","3109","KC1JMH / Brad Br","Always","Carrier","Off","1","1","1","Off","10","1","None","None","Off","Off","Off","Off","Normal Encryption","Off","Off","Off","Off","251.1","1","Off","Off","Off","Off","Off","Off","1","0","Off","0","2","0","0","0","0"
"370","MVYMA Local","145.18000","144.58000","D-Digital","High","12.5K","Off","Off","Local","Group Call","9","KC1JMH / Brad Br","Always","Carrier","Off","1","1","1","Off","10","2","None","None","Off","Off","Off","Off","Normal Encryption","Off","Off","Off","Off","251.1","1","Off","Off","Off","Off","Off","Off","1","0","Off","0","2","0","0","0","0"
"371","MVYMA MA SW","145.18000","144.58000","D-Digital","High","12.5K","Off","Off","MA Statewide","Group Call","3125","KC1JMH / Brad Br","Always","Carrier","Off","1","1","1","Off","10","2","None","None","Off","Off","Off","Off","Normal Encryption","Off","Off","Off","Off","251.1","1","Off","Off","Off","Off","Off","Off","1","0","Off","0","2","0","0","0","0"
"372","MVYMA ME SW","145.18000","144.58000","D-Digital","High","12.5K","Off","Off","ME Statewide","Group Call","3123","KC1JMH / Brad Br","Always","Carrier","Off","1","1","1","Off","10","1","None","None","Off","Off","Off","Off","Normal Encryption","Off","Off","Off","Off","251.1","1","Off","Off","Off","Off","Off","Off","1","0","Off","0","2","0","0","0","0"
"373","MVYMA NE Wide","145.18000","144.58000","D-Digital","High","12.5K","Off","Off","New England-Wide","Group Call","3181","KC1JMH / Brad Br","Always","Carrier","Off","1","1","1","Off","10","2","None","None","Off","Off","Off","Off","Normal Encryption","Off","Off","Off","Off","251.1","1","Off","Off","Off","Off","Off","Off","1","0","Off","0","2","0","0","0","0"
"374","MVYMA NETAC1","145.18000","144.58000","D-Digital","High","12.5K","Off","Off","NETAC1","Group Call","8801","KC1JMH / Brad Br","Always","Carrier","Off","1","1","1","Off","10","1","None","None","Off","Off","Off","Off","Normal Encryption","Off","Off","Off","Off","251.1","1","Off","Off","Off","Off","Off","Off","1","0","Off","0","2","0","0","0","0"
"375","MVYMA NETAC2","145.18000","144.58000","D-Digital","High","12.5K","Off","Off","NETAC2","Group Call","8802","KC1JMH / Brad Br","Always","Carrier","Off","1","1","1","Off","10","2","None","None","Off","Off","Off","Off","Normal Encryption","Off","Off","Off","Off","251.1","1","Off","Off","Off","Off","Off","Off","1","0","Off","0","2","0","0","0","0"
"376","MVYMA NH SW","145.18000","144.58000","D-Digital","High","12.5K","Off","Off","NH Statewide","Group Call","3133","KC1JMH / Brad Br","Always","Carrier","Off","1","1","1","Off","10","1","None","None","Off","Off","Off","Off","Normal Encryption","Off","Off","Off","Off","251.1","1","Off","Off","Off","Off","Off","Off","1","0","Off","0","2","0","0","0","0"
"377","MVYMA North Am","145.18000","144.58000","D-Digital","High","12.5K","Off","Off","North America","Group Call","3","KC1JMH / Brad Br","Always","Carrier","Off","1","1","1","Off","10","1","None","None","Off","Off","Off","Off","Normal Encryption","Off","Off","Off","Off","251.1","1","Off","Off","Off","Off","Off","Off","1","0","Off","0","2","0","0","0","0"
"378","MVYMA Northeast","145.18000","144.58000","D-Digital","High","12.5K","Off","Off","Northeast","Group Call","3172","KC1JMH / Brad Br","Always","Carrier","Off","1","1","1","Off","10","1","None","None","Off","Off","Off","Off","Normal Encryption","Off","Off","Off","Off","251.1","1","Off","Off","Off","Off","Off","Off","1","0","Off","0","2","0","0","0","0"
"379","MVYMA Parrot","145.18000","144.58000","D-Digital","High","12.5K","Off","Off","Parrot","Group Call","9998","KC1JMH / Brad Br","Always","Carrier","Off","1","1","1","Off","10","1","None","None","Off","Off","Off","Off","Normal Encryption","Off","Off","Off","Off","251.1","1","Off","Off","Off","Off","Off","Off","1","0","Off","0","2","0","0","0","0"
"380","MVYMA Audio","145.18000","144.58000","D-Digital","High","12.5K","Off","Off","Audio Watch","Group Call","9999","KC1JMH / Brad Br","Always","Carrier","Off","1","1","1","Off","10","1","None","None","Off","Off","Off","Off","Normal Encryption","Off","Off","Off","Off","251.1","1","Off","Off","Off","Off","Off","Off","1","0","Off","0","2","0","0","0","0"
"381","MVYMA Cape Net","145.18000","144.58000","D-Digital","High","12.5K","Off","Off","Cape Net","Group Call","8804","KC1JMH / Brad Br","Always","Carrier","Off","1","1","1","Off","10","2","None","None","Off","Off","Off","Off","Normal Encryption","Off","Off","Off","Off","251.1","1","Off","Off","Off","Off","Off","Off","1","0","Off","0","2","0","0","0","0"
"382","MVYMA RI SW","145.18000","144.58000","D-Digital","High","12.5K","Off","Off","RI Statewide","Group Call","3144","KC1JMH / Brad Br","Always","Carrier","Off","1","1","1","Off","10","1","None","None","Off","Off","Off","Off","Normal Encryption","Off","Off","Off","Off","251.1","1","Off","Off","Off","Off","Off","Off","1","0","Off","0","2","0","0","0","0"
"383","MVYMA SKYWARN","145.18000","144.58000","D-Digital","High","12.5K","Off","Off","SKYWARN","Group Call","759","KC1JMH / Brad Br","Always","Carrier","Off","1","1","1","Off","10","1","None","None","Off","Off","Off","Off","Normal Encryption","Off","Off","Off","Off","251.1","1","Off","Off","Off","Off","Off","Off","1","0","Off","0","2","0","0","0","0"
"384","MVYMA TAC310","145.18000","144.58000","D-Digital","High","12.5K","Off","Off","TAC310","Group Call","310","KC1JMH / Brad Br","Always","Carrier","Off","1","1","1","Off","10","1","None","None","Off","Off","Off","Off","Normal Encryption","Off","Off","Off","Off","251.1","1","Off","Off","Off","Off","Off","Off","1","0","Off","0","2","0","0","0","0"
"385","MVYMA TAC311","145.18000","144.58000","D-Digital","High","12.5K","Off","Off","TAC311","Group Call","311","KC1JMH / Brad Br","Always","Carrier","Off","1","1","1","Off","10","1","None","None","Off","Off","Off","Off","Normal Encryption","Off","Off","Off","Off","251.1","1","Off","Off","Off","Off","Off","Off","1","0","Off","0","2","0","0","0","0"
"386","MVYMA VT SW","145.18000","144.58000","D-Digital","High","12.5K","Off","Off","VT Statewide","Group Call","3150","KC1JMH / Brad Br","Always","Carrier","Off","1","1","1","Off","10","1","None","None","Off","Off","Off","Off","Normal Encryption","Off","Off","Off","Off","251.1","1","Off","Off","Off","Off","Off","Off","1","0","Off","0","2","0","0","0","0"
"387","MVYMA WW","145.18000","144.58000","D-Digital","High","12.5K","Off","Off","WW Call","Group Call","1","KC1JMH / Brad Br","Always","Carrier","Off","1","1","1","Off","10","1","None","None","Off","Off","Off","Off","Normal Encryption","Off","Off","Off","Off","251.1","1","Off","Off","Off","Off","Off","Off","1","0","Off","0","2","0","0","0","0"
"388","NADMA CT SW","449.67500","444.67500","D-Digital","High","12.5K","Off","Off","CT Statewide","Group Call","3109","KC1JMH / Brad Br","Always","Carrier","Off","1","1","1","Off","1","1","None","None","Off","Off","Off","Off","Normal Encryption","Off","Off","Off","Off","251.1","1","Off","Off","Off","Off","Off","Off","1","0","Off","0","2","0","0","0","0"
"389","NADMA Local","449.67500","444.67500","D-Digital","High","12.5K","Off","Off","Local","Group Call","9","KC1JMH / Brad Br","Always","Carrier","Off","1","1","1","Off","1","2","None","None","Off","Off","Off","Off","Normal Encryption","Off","Off","Off","Off","251.1","1","Off","Off","Off","Off","Off","Off","1","0","Off","0","2","0","0","0","0"
"390","NADMA MA SW","449.67500","444.67500","D-Digital","High","12.5K","Off","Off","MA Statewide","Group Call","3125","KC1JMH / Brad Br","Always","Carrier","Off","1","1","1","Off","1","2","None","None","Off","Off","Off","Off","Normal Encryption","Off","Off","Off","Off","251.1","1","Off","Off","Off","Off","Off","Off","1","0","Off","0","2","0","0","0","0"
"391","NADMA ME SW","449.67500","444.67500","D-Digital","High","12.5K","Off","Off","ME Statewide","Group Call","3123","KC1JMH / Brad Br","Always","Carrier","Off","1","1","1","Off","1","1","None","None","Off","Off","Off","Off","Normal Encryption","Off","Off","Off","Off","251.1","1","Off","Off","Off","Off","Off","Off","1","0","Off","0","2","0","0","0","0"
"392","NADMA NE Wide","449.67500","444.67500","D-Digital","High","12.5K","Off","Off","New England-Wide","Group Call","3181","KC1JMH / Brad Br","Always","Carrier","Off","1","1","1","Off","1","2","None","None","Off","Off","Off","Off","Normal Encryption","Off","Off","Off","Off","251.1","1","Off","Off","Off","Off","Off","Off","1","0","Off","0","2","0","0","0","0"
"393","NADMA NETAC1","449.67500","444.67500","D-Digital","High","12.5K","Off","Off","NETAC1","Group Call","8801","KC1JMH / Brad Br","Always","Carrier","Off","1","1","1","Off","1","1","None","None","Off","Off","Off","Off","Normal Encryption","Off","Off","Off","Off","251.1","1","Off","Off","Off","Off","Off","Off","1","0","Off","0","2","0","0","0","0"
"394","NADMA NETAC2","449.67500","444.67500","D-Digital","High","12.5K","Off","Off","NETAC2","Group Call","8802","KC1JMH / Brad Br","Always","Carrier","Off","1","1","1","Off","1","2","None","None","Off","Off","Off","Off","Normal Encryption","Off","Off","Off","Off","251.1","1","Off","Off","Off","Off","Off","Off","1","0","Off","0","2","0","0","0","0"
"395","NADMA NH SW","449.67500","444.67500","D-Digital","High","12.5K","Off","Off","NH Statewide","Group Call","3133","KC1JMH / Brad Br","Always","Carrier","Off","1","1","1","Off","1","1","None","None","Off","Off","Off","Off","Normal Encryption","Off","Off","Off","Off","251.1","1","Off","Off","Off","Off","Off","Off","1","0","Off","0","2","0","0","0","0"
"396","NADMA North Am","449.67500","444.67500","D-Digital","High","12.5K","Off","Off","North America","Group Call","3","KC1JMH / Brad Br","Always","Carrier","Off","1","1","1","Off","1","1","None","None","Off","Off","Off","Off","Normal Encryption","Off","Off","Off","Off","251.1","1","Off","Off","Off","Off","Off","Off","1","0","Off","0","2","0","0","0","0"
"397","NADMA Northeast","449.67500","444.67500","D-Digital","High","12.5K","Off","Off","Northeast","Group Call","3172","KC1JMH / Brad Br","Always","Carrier","Off","1","1","1","Off","1","1","None","None","Off","Off","Off","Off","Normal Encryption","Off","Off","Off","Off","251.1","1","Off","Off","Off","Off","Off","Off","1","0","Off","0","2","0","0","0","0"
"398","NADMA Parrot","449.67500","444.67500","D-Digital","High","12.5K","Off","Off","Parrot","Group Call","9998","KC1JMH / Brad Br","Always","Carrier","Off","1","1","1","Off","1","1","None","None","Off","Off","Off","Off","Normal Encryption","Off","Off","Off","Off","251.1","1","Off","Off","Off","Off","Off","Off","1","0","Off","0","2","0","0","0","0"
"399","NADMA Audio","449.67500","444.67500","D-Digital","High","12.5K","Off","Off","Audio Watch","Group Call","9999","KC1JMH / Brad Br","Always","Carrier","Off","1","1","1","Off","1","1","None","None","Off","Off","Off","Off","Normal Encryption","Off","Off","Off","Off","251.1","1","Off","Off","Off","Off","Off","Off","1","0","Off","0","2","0","0","0","0"
"400","NADMA NY SW","449.67500","444.67500","D-Digital","High","12.5K","Off","Off","NY Statewide","Group Call","3136","KC1JMH / Brad Br","Always","Carrier","Off","1","1","1","Off","1","1","None","None","Off","Off","Off","Off","Normal Encryption","Off","Off","Off","Off","251.1","1","Off","Off","Off","Off","Off","Off","1","0","Off","0","2","0","0","0","0"
"401","NADMA RI SW","449.67500","444.67500","D-Digital","High","12.5K","Off","Off","RI Statewide","Group Call","3144","KC1JMH / Brad Br","Always","Carrier","Off","1","1","1","Off","1","1","None","None","Off","Off","Off","Off","Normal Encryption","Off","Off","Off","Off","251.1","1","Off","Off","Off","Off","Off","Off","1","0","Off","0","2","0","0","0","0"
"402","NADMA SKYWARN","449.67500","444.67500","D-Digital","High","12.5K","Off","Off","SKYWARN","Group Call","759","KC1JMH / Brad Br","Always","Carrier","Off","1","1","1","Off","1","1","None","None","Off","Off","Off","Off","Normal Encryption","Off","Off","Off","Off","251.1","1","Off","Off","Off","Off","Off","Off","1","0","Off","0","2","0","0","0","0"
"403","NADMA TAC310","449.67500","444.67500","D-Digital","High","12.5K","Off","Off","TAC310","Group Call","310","KC1JMH / Brad Br","Always","Carrier","Off","1","1","1","Off","1","1","None","None","Off","Off","Off","Off","Normal Encryption","Off","Off","Off","Off","251.1","1","Off","Off","Off","Off","Off","Off","1","0","Off","0","2","0","0","0","0"
"404","NADMA TAC311","449.67500","444.67500","D-Digital","High","12.5K","Off","Off","TAC311","Group Call","311","KC1JMH / Brad Br","Always","Carrier","Off","1","1","1","Off","1","1","None","None","Off","Off","Off","Off","Normal Encryption","Off","Off","Off","Off","251.1","1","Off","Off","Off","Off","Off","Off","1","0","Off","0","2","0","0","0","0"
"405","NADMA VT SW","449.67500","444.67500","D-Digital","High","12.5K","Off","Off","VT Statewide","Group Call","3150","KC1JMH / Brad Br","Always","Carrier","Off","1","1","1","Off","1","1","None","None","Off","Off","Off","Off","Normal Encryption","Off","Off","Off","Off","251.1","1","Off","Off","Off","Off","Off","Off","1","0","Off","0","2","0","0","0","0"
"406","NADMA WW","449.67500","444.67500","D-Digital","High","12.5K","Off","Off","WW Call","Group Call","1","KC1JMH / Brad Br","Always","Carrier","Off","1","1","1","Off","1","1","None","None","Off","Off","Off","Off","Normal Encryption","Off","Off","Off","Off","251.1","1","Off","Off","Off","Off","Off","Off","1","0","Off","0","2","0","0","0","0"
"407","NMPUHMA CT SW","449.52500","444.52500","D-Digital","High","12.5K","Off","Off","CT Statewide","Group Call","3109","KC1JMH / Brad Br","Always","Carrier","Off","1","1","1","Off","1","1","None","None","Off","Off","Off","Off","Normal Encryption","Off","Off","Off","Off","251.1","1","Off","Off","Off","Off","Off","Off","1","0","Off","0","2","0","0","0","0"
"408","NMPUHMA Local","449.52500","444.52500","D-Digital","High","12.5K","Off","Off","Local","Group Call","9","KC1JMH / Brad Br","Always","Carrier","Off","1","1","1","Off","1","2","None","None","Off","Off","Off","Off","Normal Encryption","Off","Off","Off","Off","251.1","1","Off","Off","Off","Off","Off","Off","1","0","Off","0","2","0","0","0","0"
"409","NMPUHMA MA SW","449.52500","444.52500","D-Digital","High","12.5K","Off","Off","MA Statewide","Group Call","3125","KC1JMH / Brad Br","Always","Carrier","Off","1","1","1","Off","1","2","None","None","Off","Off","Off","Off","Normal Encryption","Off","Off","Off","Off","251.1","1","Off","Off","Off","Off","Off","Off","1","0","Off","0","2","0","0","0","0"
"410","NMPUHMA ME SW","449.52500","444.52500","D-Digital","High","12.5K","Off","Off","ME Statewide","Group Call","3123","KC1JMH / Brad Br","Always","Carrier","Off","1","1","1","Off","1","1","None","None","Off","Off","Off","Off","Normal Encryption","Off","Off","Off","Off","251.1","1","Off","Off","Off","Off","Off","Off","1","0","Off","0","2","0","0","0","0"
"411","NMPUHMA NE Wide","449.52500","444.52500","D-Digital","High","12.5K","Off","Off","New England-Wide","Group Call","3181","KC1JMH / Brad Br","Always","Carrier","Off","1","1","1","Off","1","2","None","None","Off","Off","Off","Off","Normal Encryption","Off","Off","Off","Off","251.1","1","Off","Off","Off","Off","Off","Off","1","0","Off","0","2","0","0","0","0"
"412","NMPUHMA NETAC1","449.52500","444.52500","D-Digital","High","12.5K","Off","Off","NETAC1","Group Call","8801","KC1JMH / Brad Br","Always","Carrier","Off","1","1","1","Off","1","1","None","None","Off","Off","Off","Off","Normal Encryption","Off","Off","Off","Off","251.1","1","Off","Off","Off","Off","Off","Off","1","0","Off","0","2","0","0","0","0"
"413","NMPUHMA NETAC2","449.52500","444.52500","D-Digital","High","12.5K","Off","Off","NETAC2","Group Call","8802","KC1JMH / Brad Br","Always","Carrier","Off","1","1","1","Off","1","2","None","None","Off","Off","Off","Off","Normal Encryption","Off","Off","Off","Off","251.1","1","Off","Off","Off","Off","Off","Off","1","0","Off","0","2","0","0","0","0"
"414","NMPUHMA NH SW","449.52500","444.52500","D-Digital","High","12.5K","Off","Off","NH Statewide","Group Call","3133","KC1JMH / Brad Br","Always","Carrier","Off","1","1","1","Off","1","1","None","None","Off","Off","Off","Off","Normal Encryption","Off","Off","Off","Off","251.1","1","Off","Off","Off","Off","Off","Off","1","0","Off","0","2","0","0","0","0"
"415","NMPUHMA Neast","449.52500","444.52500","D-Digital","High","12.5K","Off","Off","Northeast","Group Call","3172","KC1JMH / Brad Br","Always","Carrier","Off","1","1","1","Off","1","1","None","None","Off","Off","Off","Off","Normal Encryption","Off","Off","Off","Off","251.1","1","Off","Off","Off","Off","Off","Off","1","0","Off","0","2","0","0","0","0"
"416","NMPUHMA North Am","449.52500","444.52500","D-Digital","High","12.5K","Off","Off","North America","Group Call","3","KC1JMH / Brad Br","Always","Carrier","Off","1","1","1","Off","1","1","None","None","Off","Off","Off","Off","Normal Encryption","Off","Off","Off","Off","251.1","1","Off","Off","Off","Off","Off","Off","1","0","Off","0","2","0","0","0","0"
"417","NMPUHMA Parrot","449.52500","444.52500","D-Digital","High","12.5K","Off","Off","Parrot","Group Call","9998","KC1JMH / Brad Br","Always","Carrier","Off","1","1","1","Off","1","1","None","None","Off","Off","Off","Off","Normal Encryption","Off","Off","Off","Off","251.1","1","Off","Off","Off","Off","Off","Off","1","0","Off","0","2","0","0","0","0"
"418","NMPUHMA Audio","449.52500","444.52500","D-Digital","High","12.5K","Off","Off","Audio Watch","Group Call","9999","KC1JMH / Brad Br","Always","Carrier","Off","1","1","1","Off","1","1","None","None","Off","Off","Off","Off","Normal Encryption","Off","Off","Off","Off","251.1","1","Off","Off","Off","Off","Off","Off","1","0","Off","0","2","0","0","0","0"
"419","NMPUHMA NY SW","449.52500","444.52500","D-Digital","High","12.5K","Off","Off","NY Statewide","Group Call","3136","KC1JMH / Brad Br","Always","Carrier","Off","1","1","1","Off","1","1","None","None","Off","Off","Off","Off","Normal Encryption","Off","Off","Off","Off","251.1","1","Off","Off","Off","Off","Off","Off","1","0","Off","0","2","0","0","0","0"
"420","NMPUHMA RI SW","449.52500","444.52500","D-Digital","High","12.5K","Off","Off","RI Statewide","Group Call","3144","KC1JMH / Brad Br","Always","Carrier","Off","1","1","1","Off","1","1","None","None","Off","Off","Off","Off","Normal Encryption","Off","Off","Off","Off","251.1","1","Off","Off","Off","Off","Off","Off","1","0","Off","0","2","0","0","0","0"
"421","NMPUHMA SKYWARN","449.52500","444.52500","D-Digital","High","12.5K","Off","Off","SKYWARN","Group Call","759","KC1JMH / Brad Br","Always","Carrier","Off","1","1","1","Off","1","1","None","None","Off","Off","Off","Off","Normal Encryption","Off","Off","Off","Off","251.1","1","Off","Off","Off","Off","Off","Off","1","0","Off","0","2","0","0","0","0"
"422","NMPUHMA TAC310","449.52500","444.52500","D-Digital","High","12.5K","Off","Off","TAC310","Group Call","310","KC1JMH / Brad Br","Always","Carrier","Off","1","1","1","Off","1","1","None","None","Off","Off","Off","Off","Normal Encryption","Off","Off","Off","Off","251.1","1","Off","Off","Off","Off","Off","Off","1","0","Off","0","2","0","0","0","0"
"423","NMPUHMA TAC311","449.52500","444.52500","D-Digital","High","12.5K","Off","Off","TAC311","Group Call","311","KC1JMH / Brad Br","Always","Carrier","Off","1","1","1","Off","1","1","None","None","Off","Off","Off","Off","Normal Encryption","Off","Off","Off","Off","251.1","1","Off","Off","Off","Off","Off","Off","1","0","Off","0","2","0","0","0","0"
"424","NMPUHMA VT SW","449.52500","444.52500","D-Digital","High","12.5K","Off","Off","VT Statewide","Group Call","3150","KC1JMH / Brad Br","Always","Carrier","Off","1","1","1","Off","1","1","None","None","Off","Off","Off","Off","Normal Encryption","Off","Off","Off","Off","251.1","1","Off","Off","Off","Off","Off","Off","1","0","Off","0","2","0","0","0","0"
"425","NMPUHMA WW","449.52500","444.52500","D-Digital","High","12.5K","Off","Off","WW Call","Group Call","1","KC1JMH / Brad Br","Always","Carrier","Off","1","1","1","Off","1","1","None","None","Off","Off","Off","Off","Normal Encryption","Off","Off","Off","Off","251.1","1","Off","Off","Off","Off","Off","Off","1","0","Off","0","2","0","0","0","0"
"426","NMPVHMA CT SW","145.18000","144.58000","D-Digital","High","12.5K","Off","Off","CT Statewide","Group Call","3109","KC1JMH / Brad Br","Always","Carrier","Off","1","1","1","Off","1","1","None","None","Off","Off","Off","Off","Normal Encryption","Off","Off","Off","Off","251.1","1","Off","Off","Off","Off","Off","Off","1","0","Off","0","2","0","0","0","0"
"427","NMPVHMA Local","145.18000","144.58000","D-Digital","High","12.5K","Off","Off","Local","Group Call","9","KC1JMH / Brad Br","Always","Carrier","Off","1","1","1","Off","1","2","None","None","Off","Off","Off","Off","Normal Encryption","Off","Off","Off","Off","251.1","1","Off","Off","Off","Off","Off","Off","1","0","Off","0","2","0","0","0","0"
"428","NMPVHMA MA SW","145.18000","144.58000","D-Digital","High","12.5K","Off","Off","MA Statewide","Group Call","3125","KC1JMH / Brad Br","Always","Carrier","Off","1","1","1","Off","1","2","None","None","Off","Off","Off","Off","Normal Encryption","Off","Off","Off","Off","251.1","1","Off","Off","Off","Off","Off","Off","1","0","Off","0","2","0","0","0","0"
"429","NMPVHMA ME SW","145.18000","144.58000","D-Digital","High","12.5K","Off","Off","ME Statewide","Group Call","3123","KC1JMH / Brad Br","Always","Carrier","Off","1","1","1","Off","1","1","None","None","Off","Off","Off","Off","Normal Encryption","Off","Off","Off","Off","251.1","1","Off","Off","Off","Off","Off","Off","1","0","Off","0","2","0","0","0","0"
"430","NMPVHMA NE Wide","145.18000","144.58000","D-Digital","High","12.5K","Off","Off","New England-Wide","Group Call","3181","KC1JMH / Brad Br","Always","Carrier","Off","1","1","1","Off","1","2","None","None","Off","Off","Off","Off","Normal Encryption","Off","Off","Off","Off","251.1","1","Off","Off","Off","Off","Off","Off","1","0","Off","0","2","0","0","0","0"
"431","NMPVHMA NETAC1","145.18000","144.58000","D-Digital","High","12.5K","Off","Off","NETAC1","Group Call","8801","KC1JMH / Brad Br","Always","Carrier","Off","1","1","1","Off","1","1","None","None","Off","Off","Off","Off","Normal Encryption","Off","Off","Off","Off","251.1","1","Off","Off","Off","Off","Off","Off","1","0","Off","0","2","0","0","0","0"
"432","NMPVHMA NETAC2","145.18000","144.58000","D-Digital","High","12.5K","Off","Off","NETAC2","Group Call","8802","KC1JMH / Brad Br","Always","Carrier","Off","1","1","1","Off","1","2","None","None","Off","Off","Off","Off","Normal Encryption","Off","Off","Off","Off","251.1","1","Off","Off","Off","Off","Off","Off","1","0","Off","0","2","0","0","0","0"
"433","NMPVHMA NH SW","145.18000","144.58000","D-Digital","High","12.5K","Off","Off","NH Statewide","Group Call","3133","KC1JMH / Brad Br","Always","Carrier","Off","1","1","1","Off","1","1","None","None","Off","Off","Off","Off","Normal Encryption","Off","Off","Off","Off","251.1","1","Off","Off","Off","Off","Off","Off","1","0","Off","0","2","0","0","0","0"
"434","NMPVHMA Neast","145.18000","144.58000","D-Digital","High","12.5K","Off","Off","Northeast","Group Call","3172","KC1JMH / Brad Br","Always","Carrier","Off","1","1","1","Off","1","1","None","None","Off","Off","Off","Off","Normal Encryption","Off","Off","Off","Off","251.1","1","Off","Off","Off","Off","Off","Off","1","0","Off","0","2","0","0","0","0"
"435","NMPVHMA North Am","145.18000","144.58000","D-Digital","High","12.5K","Off","Off","North America","Group Call","3","KC1JMH / Brad Br","Always","Carrier","Off","1","1","1","Off","1","1","None","None","Off","Off","Off","Off","Normal Encryption","Off","Off","Off","Off","251.1","1","Off","Off","Off","Off","Off","Off","1","0","Off","0","2","0","0","0","0"
"436","NMPVHMA Parrot","145.18000","144.58000","D-Digital","High","12.5K","Off","Off","Parrot","Group Call","9998","KC1JMH / Brad Br","Always","Carrier","Off","1","1","1","Off","1","1","None","None","Off","Off","Off","Off","Normal Encryption","Off","Off","Off","Off","251.1","1","Off","Off","Off","Off","Off","Off","1","0","Off","0","2","0","0","0","0"
"437","NMPVHMA Audio","145.18000","144.58000","D-Digital","High","12.5K","Off","Off","Audio Watch","Group Call","9999","KC1JMH / Brad Br","Always","Carrier","Off","1","1","1","Off","1","1","None","None","Off","Off","Off","Off","Normal Encryption","Off","Off","Off","Off","251.1","1","Off","Off","Off","Off","Off","Off","1","0","Off","0","2","0","0","0","0"
"438","NMPVHMA NY SW","145.18000","144.58000","D-Digital","High","12.5K","Off","Off","NY Statewide","Group Call","3136","KC1JMH / Brad Br","Always","Carrier","Off","1","1","1","Off","1","1","None","None","Off","Off","Off","Off","Normal Encryption","Off","Off","Off","Off","251.1","1","Off","Off","Off","Off","Off","Off","1","0","Off","0","2","0","0","0","0"
"439","NMPVHMA RI SW","145.18000","144.58000","D-Digital","High","12.5K","Off","Off","RI Statewide","Group Call","3144","KC1JMH / Brad Br","Always","Carrier","Off","1","1","1","Off","1","1","None","None","Off","Off","Off","Off","Normal Encryption","Off","Off","Off","Off","251.1","1","Off","Off","Off","Off","Off","Off","1","0","Off","0","2","0","0","0","0"
"440","NMPVHMA SKYWARN","145.18000","144.58000","D-Digital","High","12.5K","Off","Off","SKYWARN","Group Call","759","KC1JMH / Brad Br","Always","Carrier","Off","1","1","1","Off","1","1","None","None","Off","Off","Off","Off","Normal Encryption","Off","Off","Off","Off","251.1","1","Off","Off","Off","Off","Off","Off","1","0","Off","0","2","0","0","0","0"
"441","NMPVHMA TAC310","145.18000","144.58000","D-Digital","High","12.5K","Off","Off","TAC310","Group Call","310","KC1JMH / Brad Br","Always","Carrier","Off","1","1","1","Off","1","1","None","None","Off","Off","Off","Off","Normal Encryption","Off","Off","Off","Off","251.1","1","Off","Off","Off","Off","Off","Off","1","0","Off","0","2","0","0","0","0"
"442","NMPVHMA TAC311","145.18000","144.58000","D-Digital","High","12.5K","Off","Off","TAC311","Group Call","311","KC1JMH / Brad Br","Always","Carrier","Off","1","1","1","Off","1","1","None","None","Off","Off","Off","Off","Normal Encryption","Off","Off","Off","Off","251.1","1","Off","Off","Off","Off","Off","Off","1","0","Off","0","2","0","0","0","0"
"443","NMPVHMA VT SW","145.18000","144.58000","D-Digital","High","12.5K","Off","Off","VT Statewide","Group Call","3150","KC1JMH / Brad Br","Always","Carrier","Off","1","1","1","Off","1","1","None","None","Off","Off","Off","Off","Normal Encryption","Off","Off","Off","Off","251.1","1","Off","Off","Off","Off","Off","Off","1","0","Off","0","2","0","0","0","0"
"444","NMPVHMA WW","145.18000","144.58000","D-Digital","High","12.5K","Off","Off","WW Call","Group Call","1","KC1JMH / Brad Br","Always","Carrier","Off","1","1","1","Off","1","1","None","None","Off","Off","Off","Off","Normal Encryption","Off","Off","Off","Off","251.1","1","Off","Off","Off","Off","Off","Off","1","0","Off","0","2","0","0","0","0"
"445","SAGMA CT SW","145.20000","144.60000","D-Digital","High","12.5K","Off","Off","CT Statewide","Group Call","3109","KC1JMH / Brad Br","Always","Carrier","Off","1","1","1","Off","10","1","None","None","Off","Off","Off","Off","Normal Encryption","Off","Off","Off","Off","251.1","1","Off","Off","Off","Off","Off","Off","1","0","Off","0","2","0","0","0","0"
"446","SAGMA Local","145.20000","144.60000","D-Digital","High","12.5K","Off","Off","Local","Group Call","9","KC1JMH / Brad Br","Always","Carrier","Off","1","1","1","Off","10","2","None","None","Off","Off","Off","Off","Normal Encryption","Off","Off","Off","Off","251.1","1","Off","Off","Off","Off","Off","Off","1","0","Off","0","2","0","0","0","0"
"447","SAGMA MA SW","145.20000","144.60000","D-Digital","High","12.5K","Off","Off","MA Statewide","Group Call","3125","KC1JMH / Brad Br","Always","Carrier","Off","1","1","1","Off","10","2","None","None","Off","Off","Off","Off","Normal Encryption","Off","Off","Off","Off","251.1","1","Off","Off","Off","Off","Off","Off","1","0","Off","0","2","0","0","0","0"
"448","SAGMA ME SW","145.20000","144.60000","D-Digital","High","12.5K","Off","Off","ME Statewide","Group Call","3123","KC1JMH / Brad Br","Always","Carrier","Off","1","1","1","Off","10","1","None","None","Off","Off","Off","Off","Normal Encryption","Off","Off","Off","Off","251.1","1","Off","Off","Off","Off","Off","Off","1","0","Off","0","2","0","0","0","0"
"449","SAGMA NE Wide","145.20000","144.60000","D-Digital","High","12.5K","Off","Off","New England-Wide","Group Call","3181","KC1JMH / Brad Br","Always","Carrier","Off","1","1","1","Off","10","2","None","None","Off","Off","Off","Off","Normal Encryption","Off","Off","Off","Off","251.1","1","Off","Off","Off","Off","Off","Off","1","0","Off","0","2","0","0","0","0"
"450","SAGMA NETAC1","145.20000","144.60000","D-Digital","High","12.5K","Off","Off","NETAC1","Group Call","8801","KC1JMH / Brad Br","Always","Carrier","Off","1","1","1","Off","10","1","None","None","Off","Off","Off","Off","Normal Encryption","Off","Off","Off","Off","251.1","1","Off","Off","Off","Off","Off","Off","1","0","Off","0","2","0","0","0","0"
"451","SAGMA NETAC2","145.20000","144.60000","D-Digital","High","12.5K","Off","Off","NETAC2","Group Call","8802","KC1JMH / Brad Br","Always","Carrier","Off","1","1","1","Off","10","2","None","None","Off","Off","Off","Off","Normal Encryption","Off","Off","Off","Off","251.1","1","Off","Off","Off","Off","Off","Off","1","0","Off","0","2","0","0","0","0"
"452","SAGMA NH SW","145.20000","144.60000","D-Digital","High","12.5K","Off","Off","NH Statewide","Group Call","3133","KC1JMH / Brad Br","Always","Carrier","Off","1","1","1","Off","10","1","None","None","Off","Off","Off","Off","Normal Encryption","Off","Off","Off","Off","251.1","1","Off","Off","Off","Off","Off","Off","1","0","Off","0","2","0","0","0","0"
"453","SAGMA North Am","145.20000","144.60000","D-Digital","High","12.5K","Off","Off","North America","Group Call","3","KC1JMH / Brad Br","Always","Carrier","Off","1","1","1","Off","10","1","None","None","Off","Off","Off","Off","Normal Encryption","Off","Off","Off","Off","251.1","1","Off","Off","Off","Off","Off","Off","1","0","Off","0","2","0","0","0","0"
"454","SAGMA Northeast","145.20000","144.60000","D-Digital","High","12.5K","Off","Off","Northeast","Group Call","3172","KC1JMH / Brad Br","Always","Carrier","Off","1","1","1","Off","10","1","None","None","Off","Off","Off","Off","Normal Encryption","Off","Off","Off","Off","251.1","1","Off","Off","Off","Off","Off","Off","1","0","Off","0","2","0","0","0","0"
"455","SAGMA Parrot","145.20000","144.60000","D-Digital","High","12.5K","Off","Off","Parrot","Group Call","9998","KC1JMH / Brad Br","Always","Carrier","Off","1","1","1","Off","10","1","None","None","Off","Off","Off","Off","Normal Encryption","Off","Off","Off","Off","251.1","1","Off","Off","Off","Off","Off","Off","1","0","Off","0","2","0","0","0","0"
"456","SAGMA Audio","145.20000","144.60000","D-Digital","High","12.5K","Off","Off","Audio Watch","Group Call","9999","KC1JMH / Brad Br","Always","Carrier","Off","1","1","1","Off","10","1","None","None","Off","Off","Off","Off","Normal Encryption","Off","Off","Off","Off","251.1","1","Off","Off","Off","Off","Off","Off","1","0","Off","0","2","0","0","0","0"
"457","SAGMA Cape Net","145.20000","144.60000","D-Digital","High","12.5K","Off","Off","Cape Net","Group Call","8804","KC1JMH / Brad Br","Always","Carrier","Off","1","1","1","Off","10","2","None","None","Off","Off","Off","Off","Normal Encryption","Off","Off","Off","Off","251.1","1","Off","Off","Off","Off","Off","Off","1","0","Off","0","2","0","0","0","0"
"458","SAGMA RI SW","145.20000","144.60000","D-Digital","High","12.5K","Off","Off","RI Statewide","Group Call","3144","KC1JMH / Brad Br","Always","Carrier","Off","1","1","1","Off","10","1","None","None","Off","Off","Off","Off","Normal Encryption","Off","Off","Off","Off","251.1","1","Off","Off","Off","Off","Off","Off","1","0","Off","0","2","0","0","0","0"
"459","SAGMA SKYWARN","145.20000","144.60000","D-Digital","High","12.5K","Off","Off","SKYWARN","Group Call","759","KC1JMH / Brad Br","Always","Carrier","Off","1","1","1","Off","10","1","None","None","Off","Off","Off","Off","Normal Encryption","Off","Off","Off","Off","251.1","1","Off","Off","Off","Off","Off","Off","1","0","Off","0","2","0","0","0","0"
"460","SAGMA TAC310","145.20000","144.60000","D-Digital","High","12.5K","Off","Off","TAC310","Group Call","310","KC1JMH / Brad Br","Always","Carrier","Off","1","1","1","Off","10","1","None","None","Off","Off","Off","Off","Normal Encryption","Off","Off","Off","Off","251.1","1","Off","Off","Off","Off","Off","Off","1","0","Off","0","2","0","0","0","0"
"461","SAGMA TAC311","145.20000","144.60000","D-Digital","High","12.5K","Off","Off","TAC311","Group Call","311","KC1JMH / Brad Br","Always","Carrier","Off","1","1","1","Off","10","1","None","None","Off","Off","Off","Off","Normal Encryption","Off","Off","Off","Off","251.1","1","Off","Off","Off","Off","Off","Off","1","0","Off","0","2","0","0","0","0"
"462","SAGMA VT SW","145.20000","144.60000","D-Digital","High","12.5K","Off","Off","VT Statewide","Group Call","3150","KC1JMH / Brad Br","Always","Carrier","Off","1","1","1","Off","10","1","None","None","Off","Off","Off","Off","Normal Encryption","Off","Off","Off","Off","251.1","1","Off","Off","Off","Off","Off","Off","1","0","Off","0","2","0","0","0","0"
"463","SAGMA WW","145.20000","144.60000","D-Digital","High","12.5K","Off","Off","WW Call","Group Call","1","KC1JMH / Brad Br","Always","Carrier","Off","1","1","1","Off","10","1","None","None","Off","Off","Off","Off","Normal Encryption","Off","Off","Off","Off","251.1","1","Off","Off","Off","Off","Off","Off","1","0","Off","0","2","0","0","0","0"
"464","SOBUHMA CT SW","448.37500","443.37500","D-Digital","High","12.5K","Off","Off","CT Statewide","Group Call","3109","KC1JMH / Brad Br","Always","Carrier","Off","1","1","1","Off","1","1","None","None","Off","Off","Off","Off","Normal Encryption","Off","Off","Off","Off","251.1","1","Off","Off","Off","Off","Off","Off","1","0","Off","0","2","0","0","0","0"
"465","SOBUHMA Local","448.37500","443.37500","D-Digital","High","12.5K","Off","Off","Local","Group Call","9","KC1JMH / Brad Br","Always","Carrier","Off","1","1","1","Off","1","2","None","None","Off","Off","Off","Off","Normal Encryption","Off","Off","Off","Off","251.1","1","Off","Off","Off","Off","Off","Off","1","0","Off","0","2","0","0","0","0"
"466","SOBUHMA MA SW","448.37500","443.37500","D-Digital","High","12.5K","Off","Off","MA Statewide","Group Call","3125","KC1JMH / Brad Br","Always","Carrier","Off","1","1","1","Off","1","2","None","None","Off","Off","Off","Off","Normal Encryption","Off","Off","Off","Off","251.1","1","Off","Off","Off","Off","Off","Off","1","0","Off","0","2","0","0","0","0"
"467","SOBUHMA ME SW","448.37500","443.37500","D-Digital","High","12.5K","Off","Off","ME Statewide","Group Call","3123","KC1JMH / Brad Br","Always","Carrier","Off","1","1","1","Off","1","1","None","None","Off","Off","Off","Off","Normal Encryption","Off","Off","Off","Off","251.1","1","Off","Off","Off","Off","Off","Off","1","0","Off","0","2","0","0","0","0"
"468","SOBUHMA NE Wide","448.37500","443.37500","D-Digital","High","12.5K","Off","Off","New England-Wide","Group Call","3181","KC1JMH / Brad Br","Always","Carrier","Off","1","1","1","Off","1","2","None","None","Off","Off","Off","Off","Normal Encryption","Off","Off","Off","Off","251.1","1","Off","Off","Off","Off","Off","Off","1","0","Off","0","2","0","0","0","0"
"469","SOBUHMA NETAC1","448.37500","443.37500","D-Digital","High","12.5K","Off","Off","NETAC1","Group Call","8801","KC1JMH / Brad Br","Always","Carrier","Off","1","1","1","Off","1","1","None","None","Off","Off","Off","Off","Normal Encryption","Off","Off","Off","Off","251.1","1","Off","Off","Off","Off","Off","Off","1","0","Off","0","2","0","0","0","0"
"470","SOBUHMA NETAC2","448.37500","443.37500","D-Digital","High","12.5K","Off","Off","NETAC2","Group Call","8802","KC1JMH / Brad Br","Always","Carrier","Off","1","1","1","Off","1","2","None","None","Off","Off","Off","Off","Normal Encryption","Off","Off","Off","Off","251.1","1","Off","Off","Off","Off","Off","Off","1","0","Off","0","2","0","0","0","0"
"471","SOBUHMA NH SW","448.37500","443.37500","D-Digital","High","12.5K","Off","Off","NH Statewide","Group Call","3133","KC1JMH / Brad Br","Always","Carrier","Off","1","1","1","Off","1","1","None","None","Off","Off","Off","Off","Normal Encryption","Off","Off","Off","Off","251.1","1","Off","Off","Off","Off","Off","Off","1","0","Off","0","2","0","0","0","0"
"472","SOBUHMA Neast","448.37500","443.37500","D-Digital","High","12.5K","Off","Off","Northeast","Group Call","3172","KC1JMH / Brad Br","Always","Carrier","Off","1","1","1","Off","1","1","None","None","Off","Off","Off","Off","Normal Encryption","Off","Off","Off","Off","251.1","1","Off","Off","Off","Off","Off","Off","1","0","Off","0","2","0","0","0","0"
"473","SOBUHMA North Am","448.37500","443.37500","D-Digital","High","12.5K","Off","Off","North America","Group Call","3","KC1JMH / Brad Br","Always","Carrier","Off","1","1","1","Off","1","1","None","None","Off","Off","Off","Off","Normal Encryption","Off","Off","Off","Off","251.1","1","Off","Off","Off","Off","Off","Off","1","0","Off","0","2","0","0","0","0"
"474","SOBUHMA Parrot","448.37500","443.37500","D-Digital","High","12.5K","Off","Off","Parrot","Group Call","9998","KC1JMH / Brad Br","Always","Carrier","Off","1","1","1","Off","1","1","None","None","Off","Off","Off","Off","Normal Encryption","Off","Off","Off","Off","251.1","1","Off","Off","Off","Off","Off","Off","1","0","Off","0","2","0","0","0","0"
"475","SOBUHMA Audio","448.37500","443.37500","D-Digital","High","12.5K","Off","Off","Audio Watch","Group Call","9999","KC1JMH / Brad Br","Always","Carrier","Off","1","1","1","Off","1","1","None","None","Off","Off","Off","Off","Normal Encryption","Off","Off","Off","Off","251.1","1","Off","Off","Off","Off","Off","Off","1","0","Off","0","2","0","0","0","0"
"476","SOBUHMA Cape Net","448.37500","443.37500","D-Digital","High","12.5K","Off","Off","Cape Net","Group Call","8804","KC1JMH / Brad Br","Always","Carrier","Off","1","1","1","Off","1","1","None","None","Off","Off","Off","Off","Normal Encryption","Off","Off","Off","Off","251.1","1","Off","Off","Off","Off","Off","Off","1","0","Off","0","2","0","0","0","0"
"477","SOBUHMA RI SW","448.37500","443.37500","D-Digital","High","12.5K","Off","Off","RI Statewide","Group Call","3144","KC1JMH / Brad Br","Always","Carrier","Off","1","1","1","Off","1","1","None","None","Off","Off","Off","Off","Normal Encryption","Off","Off","Off","Off","251.1","1","Off","Off","Off","Off","Off","Off","1","0","Off","0","2","0","0","0","0"
"478","SOBUHMA SKYWARN","448.37500","443.37500","D-Digital","High","12.5K","Off","Off","SKYWARN","Group Call","759","KC1JMH / Brad Br","Always","Carrier","Off","1","1","1","Off","1","1","None","None","Off","Off","Off","Off","Normal Encryption","Off","Off","Off","Off","251.1","1","Off","Off","Off","Off","Off","Off","1","0","Off","0","2","0","0","0","0"
"479","SOBUHMA TAC310","448.37500","443.37500","D-Digital","High","12.5K","Off","Off","TAC310","Group Call","310","KC1JMH / Brad Br","Always","Carrier","Off","1","1","1","Off","1","1","None","None","Off","Off","Off","Off","Normal Encryption","Off","Off","Off","Off","251.1","1","Off","Off","Off","Off","Off","Off","1","0","Off","0","2","0","0","0","0"
"480","SOBUHMA TAC311","448.37500","443.37500","D-Digital","High","12.5K","Off","Off","TAC311","Group Call","311","KC1JMH / Brad Br","Always","Carrier","Off","1","1","1","Off","1","1","None","None","Off","Off","Off","Off","Normal Encryption","Off","Off","Off","Off","251.1","1","Off","Off","Off","Off","Off","Off","1","0","Off","0","2","0","0","0","0"
"481","SOBUHMA VT SW","448.37500","443.37500","D-Digital","High","12.5K","Off","Off","VT Statewide","Group Call","3150","KC1JMH / Brad Br","Always","Carrier","Off","1","1","1","Off","1","1","None","None","Off","Off","Off","Off","Normal Encryption","Off","Off","Off","Off","251.1","1","Off","Off","Off","Off","Off","Off","1","0","Off","0","2","0","0","0","0"
"482","SOBUHMA WW","448.37500","443.37500","D-Digital","High","12.5K","Off","Off","WW Call","Group Call","1","KC1JMH / Brad Br","Always","Carrier","Off","1","1","1","Off","1","1","None","None","Off","Off","Off","Off","Normal Encryption","Off","Off","Off","Off","251.1","1","Off","Off","Off","Off","Off","Off","1","0","Off","0","2","0","0","0","0"
"483","SOBVHMA CT SW","145.27000","144.67000","D-Digital","High","12.5K","Off","Off","CT Statewide","Group Call","3109","KC1JMH / Brad Br","Always","Carrier","Off","1","1","1","Off","7","1","None","None","Off","Off","Off","Off","Normal Encryption","Off","Off","Off","Off","251.1","1","Off","Off","Off","Off","Off","Off","1","0","Off","0","2","0","0","0","0"
"484","SOBVHMA Local","145.27000","144.67000","D-Digital","High","12.5K","Off","Off","Local","Group Call","9","KC1JMH / Brad Br","Always","Carrier","Off","1","1","1","Off","7","2","None","None","Off","Off","Off","Off","Normal Encryption","Off","Off","Off","Off","251.1","1","Off","Off","Off","Off","Off","Off","1","0","Off","0","2","0","0","0","0"
"485","SOBVHMA MA SW","145.27000","144.67000","D-Digital","High","12.5K","Off","Off","MA Statewide","Group Call","3125","KC1JMH / Brad Br","Always","Carrier","Off","1","1","1","Off","7","2","None","None","Off","Off","Off","Off","Normal Encryption","Off","Off","Off","Off","251.1","1","Off","Off","Off","Off","Off","Off","1","0","Off","0","2","0","0","0","0"
"486","SOBVHMA ME SW","145.27000","144.67000","D-Digital","High","12.5K","Off","Off","ME Statewide","Group Call","3123","KC1JMH / Brad Br","Always","Carrier","Off","1","1","1","Off","7","1","None","None","Off","Off","Off","Off","Normal Encryption","Off","Off","Off","Off","251.1","1","Off","Off","Off","Off","Off","Off","1","0","Off","0","2","0","0","0","0"
"487","SOBVHMA NE Wide","145.27000","144.67000","D-Digital","High","12.5K","Off","Off","New England-Wide","Group Call","3181","KC1JMH / Brad Br","Always","Carrier","Off","1","1","1","Off","7","2","None","None","Off","Off","Off","Off","Normal Encryption","Off","Off","Off","Off","251.1","1","Off","Off","Off","Off","Off","Off","1","0","Off","0","2","0","0","0","0"
"488","SOBVHMA NETAC1","145.27000","144.67000","D-Digital","High","12.5K","Off","Off","NETAC1","Group Call","8801","KC1JMH / Brad Br","Always","Carrier","Off","1","1","1","Off","7","1","None","None","Off","Off","Off","Off","Normal Encryption","Off","Off","Off","Off","251.1","1","Off","Off","Off","Off","Off","Off","1","0","Off","0","2","0","0","0","0"
"489","SOBVHMA NETAC2","145.27000","144.67000","D-Digital","High","12.5K","Off","Off","NETAC2","Group Call","8802","KC1JMH / Brad Br","Always","Carrier","Off","1","1","1","Off","7","2","None","None","Off","Off","Off","Off","Normal Encryption","Off","Off","Off","Off","251.1","1","Off","Off","Off","Off","Off","Off","1","0","Off","0","2","0","0","0","0"
"490","SOBVHMA NH SW","145.27000","144.67000","D-Digital","High","12.5K","Off","Off","NH Statewide","Group Call","3133","KC1JMH / Brad Br","Always","Carrier","Off","1","1","1","Off","7","1","None","None","Off","Off","Off","Off","Normal Encryption","Off","Off","Off","Off","251.1","1","Off","Off","Off","Off","Off","Off","1","0","Off","0","2","0","0","0","0"
"491","SOBVHMA Neast","145.27000","144.67000","D-Digital","High","12.5K","Off","Off","Northeast","Group Call","3172","KC1JMH / Brad Br","Always","Carrier","Off","1","1","1","Off","7","1","None","None","Off","Off","Off","Off","Normal Encryption","Off","Off","Off","Off","251.1","1","Off","Off","Off","Off","Off","Off","1","0","Off","0","2","0","0","0","0"
"492","SOBVHMA North Am","145.27000","144.67000","D-Digital","High","12.5K","Off","Off","North America","Group Call","3","KC1JMH / Brad Br","Always","Carrier","Off","1","1","1","Off","7","1","None","None","Off","Off","Off","Off","Normal Encryption","Off","Off","Off","Off","251.1","1","Off","Off","Off","Off","Off","Off","1","0","Off","0","2","0","0","0","0"
"493","SOBVHMA Parrot","145.27000","144.67000","D-Digital","High","12.5K","Off","Off","Parrot","Group Call","9998","KC1JMH / Brad Br","Always","Carrier","Off","1","1","1","Off","7","1","None","None","Off","Off","Off","Off","Normal Encryption","Off","Off","Off","Off","251.1","1","Off","Off","Off","Off","Off","Off","1","0","Off","0","2","0","0","0","0"
"494","SOBVHMA Audio","145.27000","144.67000","D-Digital","High","12.5K","Off","Off","Audio Watch","Group Call","9999","KC1JMH / Brad Br","Always","Carrier","Off","1","1","1","Off","7","1","None","None","Off","Off","Off","Off","Normal Encryption","Off","Off","Off","Off","251.1","1","Off","Off","Off","Off","Off","Off","1","0","Off","0","2","0","0","0","0"
"495","SOBVHMA Cape Net","145.27000","144.67000","D-Digital","High","12.5K","Off","Off","Cape Net","Group Call","8804","KC1JMH / Brad Br","Always","Carrier","Off","1","1","1","Off","7","1","None","None","Off","Off","Off","Off","Normal Encryption","Off","Off","Off","Off","251.1","1","Off","Off","Off","Off","Off","Off","1","0","Off","0","2","0","0","0","0"
"496","SOBVHMA RI SW","145.27000","144.67000","D-Digital","High","12.5K","Off","Off","RI Statewide","Group Call","3144","KC1JMH / Brad Br","Always","Carrier","Off","1","1","1","Off","7","1","None","None","Off","Off","Off","Off","Normal Encryption","Off","Off","Off","Off","251.1","1","Off","Off","Off","Off","Off","Off","1","0","Off","0","2","0","0","0","0"
"497","SOBVHMA SKYWARN","145.27000","144.67000","D-Digital","High","12.5K","Off","Off","SKYWARN","Group Call","759","KC1JMH / Brad Br","Always","Carrier","Off","1","1","1","Off","7","1","None","None","Off","Off","Off","Off","Normal Encryption","Off","Off","Off","Off","251.1","1","Off","Off","Off","Off","Off","Off","1","0","Off","0","2","0","0","0","0"
"498","SOBVHMA TAC310","145.27000","144.67000","D-Digital","High","12.5K","Off","Off","TAC310","Group Call","310","KC1JMH / Brad Br","Always","Carrier","Off","1","1","1","Off","7","1","None","None","Off","Off","Off","Off","Normal Encryption","Off","Off","Off","Off","251.1","1","Off","Off","Off","Off","Off","Off","1","0","Off","0","2","0","0","0","0"
"499","SOBVHMA TAC311","145.27000","144.67000","D-Digital","High","12.5K","Off","Off","TAC311","Group Call","311","KC1JMH / Brad Br","Always","Carrier","Off","1","1","1","Off","7","1","None","None","Off","Off","Off","Off","Normal Encryption","Off","Off","Off","Off","251.1","1","Off","Off","Off","Off","Off","Off","1","0","Off","0","2","0","0","0","0"
"500","SOBVHMA VT SW","145.27000","144.67000","D-Digital","High","12.5K","Off","Off","VT Statewide","Group Call","3150","KC1JMH / Brad Br","Always","Carrier","Off","1","1","1","Off","7","1","None","None","Off","Off","Off","Off","Normal Encryption","Off","Off","Off","Off","251.1","1","Off","Off","Off","Off","Off","Off","1","0","Off","0","2","0","0","0","0"
"501","SOBVHMA WW","145.27000","144.67000","D-Digital","High","12.5K","Off","Off","WW Call","Group Call","1","KC1JMH / Brad Br","Always","Carrier","Off","1","1","1","Off","7","1","None","None","Off","Off","Off","Off","Normal Encryption","Off","Off","Off","Off","251.1","1","Off","Off","Off","Off","Off","Off","1","0","Off","0","2","0","0","0","0"
"502","WPLMA CT SW","145.38000","144.78000","D-Digital","High","12.5K","Off","Off","CT Statewide","Group Call","3109","KC1JMH / Brad Br","Always","Carrier","Off","1","1","1","Off","12","1","None","None","Off","Off","Off","Off","Normal Encryption","Off","Off","Off","Off","251.1","1","Off","Off","Off","Off","Off","Off","1","0","Off","0","2","0","0","0","0"
"503","WPLMA Local","145.38000","144.78000","D-Digital","High","12.5K","Off","Off","Local","Group Call","9","KC1JMH / Brad Br","Always","Carrier","Off","1","1","1","Off","12","2","None","None","Off","Off","Off","Off","Normal Encryption","Off","Off","Off","Off","251.1","1","Off","Off","Off","Off","Off","Off","1","0","Off","0","2","0","0","0","0"
"504","WPLMA MA SW","145.38000","144.78000","D-Digital","High","12.5K","Off","Off","MA Statewide","Group Call","3125","KC1JMH / Brad Br","Always","Carrier","Off","1","1","1","Off","12","2","None","None","Off","Off","Off","Off","Normal Encryption","Off","Off","Off","Off","251.1","1","Off","Off","Off","Off","Off","Off","1","0","Off","0","2","0","0","0","0"
"505","WPLMA ME SW","145.38000","144.78000","D-Digital","High","12.5K","Off","Off","ME Statewide","Group Call","3123","KC1JMH / Brad Br","Always","Carrier","Off","1","1","1","Off","12","1","None","None","Off","Off","Off","Off","Normal Encryption","Off","Off","Off","Off","251.1","1","Off","Off","Off","Off","Off","Off","1","0","Off","0","2","0","0","0","0"
"506","WPLMA NE Wide","145.38000","144.78000","D-Digital","High","12.5K","Off","Off","New England-Wide","Group Call","3181","KC1JMH / Brad Br","Always","Carrier","Off","1","1","1","Off","12","2","None","None","Off","Off","Off","Off","Normal Encryption","Off","Off","Off","Off","251.1","1","Off","Off","Off","Off","Off","Off","1","0","Off","0","2","0","0","0","0"
"507","WPLMA NETAC1","145.38000","144.78000","D-Digital","High","12.5K","Off","Off","NETAC1","Group Call","8801","KC1JMH / Brad Br","Always","Carrier","Off","1","1","1","Off","12","1","None","None","Off","Off","Off","Off","Normal Encryption","Off","Off","Off","Off","251.1","1","Off","Off","Off","Off","Off","Off","1","0","Off","0","2","0","0","0","0"
"508","WPLMA NETAC2","145.38000","144.78000","D-Digital","High","12.5K","Off","Off","NETAC2","Group Call","8802","KC1JMH / Brad Br","Always","Carrier","Off","1","1","1","Off","12","2","None","None","Off","Off","Off","Off","Normal Encryption","Off","Off","Off","Off","251.1","1","Off","Off","Off","Off","Off","Off","1","0","Off","0","2","0","0","0","0"
"509","WPLMA NH SW","145.38000","144.78000","D-Digital","High","12.5K","Off","Off","NH Statewide","Group Call","3133","KC1JMH / Brad Br","Always","Carrier","Off","1","1","1","Off","12","1","None","None","Off","Off","Off","Off","Normal Encryption","Off","Off","Off","Off","251.1","1","Off","Off","Off","Off","Off","Off","1","0","Off","0","2","0","0","0","0"
"510","WPLMA North Am","145.38000","144.78000","D-Digital","High","12.5K","Off","Off","North America","Group Call","3","KC1JMH / Brad Br","Always","Carrier","Off","1","1","1","Off","12","1","None","None","Off","Off","Off","Off","Normal Encryption","Off","Off","Off","Off","251.1","1","Off","Off","Off","Off","Off","Off","1","0","Off","0","2","0","0","0","0"
"511","WPLMA Northeast","145.38000","144.78000","D-Digital","High","12.5K","Off","Off","Northeast","Group Call","3172","KC1JMH / Brad Br","Always","Carrier","Off","1","1","1","Off","12","1","None","None","Off","Off","Off","Off","Normal Encryption","Off","Off","Off","Off","251.1","1","Off","Off","Off","Off","Off","Off","1","0","Off","0","2","0","0","0","0"
"512","WPLMA Parrot","145.38000","144.78000","D-Digital","High","12.5K","Off","Off","Parrot","Group Call","9998","KC1JMH / Brad Br","Always","Carrier","Off","1","1","1","Off","12","1","None","None","Off","Off","Off","Off","Normal Encryption","Off","Off","Off","Off","251.1","1","Off","Off","Off","Off","Off","Off","1","0","Off","0","2","0","0","0","0"
"513","WPLMA Audio","145.38000","144.78000","D-Digital","High","12.5K","Off","Off","Audio Watch","Group Call","9999","KC1JMH / Brad Br","Always","Carrier","Off","1","1","1","Off","12","1","None","None","Off","Off","Off","Off","Normal Encryption","Off","Off","Off","Off","251.1","1","Off","Off","Off","Off","Off","Off","1","0","Off","0","2","0","0","0","0"
"514","WPLMA RI SW","145.38000","144.78000","D-Digital","High","12.5K","Off","Off","RI Statewide","Group Call","3144","KC1JMH / Brad Br","Always","Carrier","Off","1","1","1","Off","12","1","None","None","Off","Off","Off","Off","Normal Encryption","Off","Off","Off","Off","251.1","1","Off","Off","Off","Off","Off","Off","1","0","Off","0","2","0","0","0","0"
"515","WPLMA SKYWARN","145.38000","144.78000","D-Digital","High","12.5K","Off","Off","SKYWARN","Group Call","759","KC1JMH / Brad Br","Always","Carrier","Off","1","1","1","Off","12","1","None","None","Off","Off","Off","Off","Normal Encryption","Off","Off","Off","Off","251.1","1","Off","Off","Off","Off","Off","Off","1","0","Off","0","2","0","0","0","0"
"516","WPLMA TAC310","145.38000","144.78000","D-Digital","High","12.5K","Off","Off","TAC310","Group Call","310","KC1JMH / Brad Br","Always","Carrier","Off","1","1","1","Off","12","1","None","None","Off","Off","Off","Off","Normal Encryption","Off","Off","Off","Off","251.1","1","Off","Off","Off","Off","Off","Off","1","0","Off","0","2","0","0","0","0"
"517","WPLMA TAC311","145.38000","144.78000","D-Digital","High","12.5K","Off","Off","TAC311","Group Call","311","KC1JMH / Brad Br","Always","Carrier","Off","1","1","1","Off","12","1","None","None","Off","Off","Off","Off","Normal Encryption","Off","Off","Off","Off","251.1","1","Off","Off","Off","Off","Off","Off","1","0","Off","0","2","0","0","0","0"
"518","WPLMA VT SW","145.38000","144.78000","D-Digital","High","12.5K","Off","Off","VT Statewide","Group Call","3150","KC1JMH / Brad Br","Always","Carrier","Off","1","1","1","Off","12","1","None","None","Off","Off","Off","Off","Normal Encryption","Off","Off","Off","Off","251.1","1","Off","Off","Off","Off","Off","Off","1","0","Off","0","2","0","0","0","0"
"519","WPLMA WW","145.38000","144.78000","D-Digital","High","12.5K","Off","Off","WW Call","Group Call","1","KC1JMH / Brad Br","Always","Carrier","Off","1","1","1","Off","12","1","None","None","Off","Off","Off","Off","Normal Encryption","Off","Off","Off","Off","251.1","1","Off","Off","Off","Off","Off","Off","1","0","Off","0","2","0","0","0","0"
"520","WLMMA CT SW","146.47000","144.97000","D-Digital","Turbo","12.5K","Off","Off","CT Statewide","Group Call","3109","KC1JMH / Brad Br","Always","Carrier","Off","1","1","1","Off","10","1","None","None","Off","Off","Off","Off","Normal Encryption","Off","Off","Off","Off","251.1","1","Off","Off","Off","Off","Off","Off","1","0","Off","0","2","0","0","0","0"
"521","WLMMA Local","146.47000","144.97000","D-Digital","Turbo","12.5K","Off","Off","Local","Group Call","9","KC1JMH / Brad Br","Always","Carrier","Off","1","1","1","Off","10","2","None","None","Off","Off","Off","Off","Normal Encryption","Off","Off","Off","Off","251.1","1","Off","Off","Off","Off","Off","Off","1","0","Off","0","2","0","0","0","0"
"522","WLMMA MA SW","146.47000","144.97000","D-Digital","Turbo","12.5K","Off","Off","MA Statewide","Group Call","3125","KC1JMH / Brad Br","Always","Carrier","Off","1","1","1","Off","10","2","None","None","Off","Off","Off","Off","Normal Encryption","Off","Off","Off","Off","251.1","1","Off","Off","Off","Off","Off","Off","1","0","Off","0","2","0","0","0","0"
"523","WLMMA ME SW","146.47000","144.97000","D-Digital","Turbo","12.5K","Off","Off","ME Statewide","Group Call","3123","KC1JMH / Brad Br","Always","Carrier","Off","1","1","1","Off","10","1","None","None","Off","Off","Off","Off","Normal Encryption","Off","Off","Off","Off","251.1","1","Off","Off","Off","Off","Off","Off","1","0","Off","0","2","0","0","0","0"
"524","WLMMA NE Wide","146.47000","144.97000","D-Digital","Turbo","12.5K","Off","Off","New England-Wide","Group Call","3181","KC1JMH / Brad Br","Always","Carrier","Off","1","1","1","Off","10","2","None","None","Off","Off","Off","Off","Normal Encryption","Off","Off","Off","Off","251.1","1","Off","Off","Off","Off","Off","Off","1","0","Off","0","2","0","0","0","0"
"525","WLMMA NETAC1","146.47000","144.97000","D-Digital","Turbo","12.5K","Off","Off","NETAC1","Group Call","8801","KC1JMH / Brad Br","Always","Carrier","Off","1","1","1","Off","10","1","None","None","Off","Off","Off","Off","Normal Encryption","Off","Off","Off","Off","251.1","1","Off","Off","Off","Off","Off","Off","1","0","Off","0","2","0","0","0","0"
"526","WLMMA NETAC2","146.47000","144.97000","D-Digital","Turbo","12.5K","Off","Off","NETAC2","Group Call","8802","KC1JMH / Brad Br","Always","Carrier","Off","1","1","1","Off","10","2","None","None","Off","Off","Off","Off","Normal Encryption","Off","Off","Off","Off","251.1","1","Off","Off","Off","Off","Off","Off","1","0","Off","0","2","0","0","0","0"
"527","WLMMA NH SW","146.47000","144.97000","D-Digital","Turbo","12.5K","Off","Off","NH Statewide","Group Call","3133","KC1JMH / Brad Br","Always","Carrier","Off","1","1","1","Off","10","1","None","None","Off","Off","Off","Off","Normal Encryption","Off","Off","Off","Off","251.1","1","Off","Off","Off","Off","Off","Off","1","0","Off","0","2","0","0","0","0"
"528","WLMMA North Am","146.47000","144.97000","D-Digital","Turbo","12.5K","Off","Off","North America","Group Call","3","KC1JMH / Brad Br","Always","Carrier","Off","1","1","1","Off","10","1","None","None","Off","Off","Off","Off","Normal Encryption","Off","Off","Off","Off","251.1","1","Off","Off","Off","Off","Off","Off","1","0","Off","0","2","0","0","0","0"
"529","WLMMA Northeast","146.47000","144.97000","D-Digital","Turbo","12.5K","Off","Off","Northeast","Group Call","3172","KC1JMH / Brad Br","Always","Carrier","Off","1","1","1","Off","10","1","None","None","Off","Off","Off","Off","Normal Encryption","Off","Off","Off","Off","251.1","1","Off","Off","Off","Off","Off","Off","1","0","Off","0","2","0","0","0","0"
"530","WLMMA Parrot","146.47000","144.97000","D-Digital","Turbo","12.5K","Off","Off","Parrot","Group Call","9998","KC1JMH / Brad Br","Always","Carrier","Off","1","1","1","Off","10","1","None","None","Off","Off","Off","Off","Normal Encryption","Off","Off","Off","Off","251.1","1","Off","Off","Off","Off","Off","Off","1","0","Off","0","2","0","0","0","0"
"531","WLMMA RI SW","146.47000","144.97000","D-Digital","Turbo","12.5K","Off","Off","RI Statewide","Group Call","3144","KC1JMH / Brad Br","Always","Carrier","Off","1","1","1","Off","10","1","None","None","Off","Off","Off","Off","Normal Encryption","Off","Off","Off","Off","251.1","1","Off","Off","Off","Off","Off","Off","1","0","Off","0","2","0","0","0","0"
"532","WLMMA SKYWARN","146.47000","144.97000","D-Digital","Turbo","12.5K","Off","Off","SKYWARN","Group Call","759","KC1JMH / Brad Br","Always","Carrier","Off","1","1","1","Off","10","1","None","None","Off","Off","Off","Off","Normal Encryption","Off","Off","Off","Off","251.1","1","Off","Off","Off","Off","Off","Off","1","0","Off","0","2","0","0","0","0"
"533","WLMMA TAC310","146.47000","144.97000","D-Digital","Turbo","12.5K","Off","Off","TAC310","Group Call","310","KC1JMH / Brad Br","Always","Carrier","Off","1","1","1","Off","10","1","None","None","Off","Off","Off","Off","Normal Encryption","Off","Off","Off","Off","251.1","1","Off","Off","Off","Off","Off","Off","1","0","Off","0","2","0","0","0","0"
"534","WLMMA TAC311","146.47000","144.97000","D-Digital","Turbo","12.5K","Off","Off","TAC311","Group Call","311","KC1JMH / Brad Br","Always","Carrier","Off","1","1","1","Off","10","1","None","None","Off","Off","Off","Off","Normal Encryption","Off","Off","Off","Off","251.1","1","Off","Off","Off","Off","Off","Off","1","0","Off","0","2","0","0","0","0"
"535","WLMMA VT SW","146.47000","144.97000","D-Digital","Turbo","12.5K","Off","Off","VT Statewide","Group Call","3150","KC1JMH / Brad Br","Always","Carrier","Off","1","1","1","Off","10","1","None","None","Off","Off","Off","Off","Normal Encryption","Off","Off","Off","Off","251.1","1","Off","Off","Off","Off","Off","Off","1","0","Off","0","2","0","0","0","0"
"536","WLMMA WW","146.47000","144.97000","D-Digital","Turbo","12.5K","Off","Off","WW Call","Group Call","1","KC1JMH / Brad Br","Always","Carrier","Off","1","1","1","Off","10","1","None","None","Off","Off","Off","Off","Normal Encryption","Off","Off","Off","Off","251.1","1","Off","Off","Off","Off","Off","Off","1","0","Off","0","2","0","0","0","0"
"537","WLMMA Audio","146.47000","144.97000","D-Digital","Turbo","12.5K","Off","Off","Audio Watch","Group Call","9999","KC1JMH / Brad Br","Always","Carrier","Off","1","1","1","Off","10","1","None","None","Off","Off","Off","Off","Normal Encryption","Off","Off","Off","Off","251.1","1","Off","Off","Off","Off","Off","Off","1","0","Off","0","2","0","0","0","0"
"538","WRCMA CT SW","442.20000","447.20000","D-Digital","High","12.5K","Off","Off","CT Statewide","Group Call","3109","KC1JMH / Brad Br","Always","Carrier","Off","1","1","1","Off","1","1","None","None","Off","Off","Off","Off","Normal Encryption","Off","Off","Off","Off","251.1","1","Off","Off","Off","Off","Off","Off","1","0","Off","0","2","0","0","0","0"
"539","WRCMA Local","442.20000","447.20000","D-Digital","High","12.5K","Off","Off","Local","Group Call","9","KC1JMH / Brad Br","Always","Carrier","Off","1","1","1","Off","1","2","None","None","Off","Off","Off","Off","Normal Encryption","Off","Off","Off","Off","251.1","1","Off","Off","Off","Off","Off","Off","1","0","Off","0","2","0","0","0","0"
"540","WRCMA MA SW","442.20000","447.20000","D-Digital","High","12.5K","Off","Off","MA Statewide","Group Call","3125","KC1JMH / Brad Br","Always","Carrier","Off","1","1","1","Off","1","2","None","None","Off","Off","Off","Off","Normal Encryption","Off","Off","Off","Off","251.1","1","Off","Off","Off","Off","Off","Off","1","0","Off","0","2","0","0","0","0"
"541","WRCMA ME SW","442.20000","447.20000","D-Digital","High","12.5K","Off","Off","ME Statewide","Group Call","3123","KC1JMH / Brad Br","Always","Carrier","Off","1","1","1","Off","1","1","None","None","Off","Off","Off","Off","Normal Encryption","Off","Off","Off","Off","251.1","1","Off","Off","Off","Off","Off","Off","1","0","Off","0","2","0","0","0","0"
"542","WRCMA NE Wide","442.20000","447.20000","D-Digital","High","12.5K","Off","Off","New England-Wide","Group Call","3181","KC1JMH / Brad Br","Always","Carrier","Off","1","1","1","Off","1","2","None","None","Off","Off","Off","Off","Normal Encryption","Off","Off","Off","Off","251.1","1","Off","Off","Off","Off","Off","Off","1","0","Off","0","2","0","0","0","0"
"543","WRCMA NETAC1","442.20000","447.20000","D-Digital","High","12.5K","Off","Off","NETAC1","Group Call","8801","KC1JMH / Brad Br","Always","Carrier","Off","1","1","1","Off","1","1","None","None","Off","Off","Off","Off","Normal Encryption","Off","Off","Off","Off","251.1","1","Off","Off","Off","Off","Off","Off","1","0","Off","0","2","0","0","0","0"
"544","WRCMA NETAC2","442.20000","447.20000","D-Digital","High","12.5K","Off","Off","NETAC2","Group Call","8802","KC1JMH / Brad Br","Always","Carrier","Off","1","1","1","Off","1","2","None","None","Off","Off","Off","Off","Normal Encryption","Off","Off","Off","Off","251.1","1","Off","Off","Off","Off","Off","Off","1","0","Off","0","2","0","0","0","0"
"545","WRCMA NH SW","442.20000","447.20000","D-Digital","High","12.5K","Off","Off","NH Statewide","Group Call","3133","KC1JMH / Brad Br","Always","Carrier","Off","1","1","1","Off","1","1","None","None","Off","Off","Off","Off","Normal Encryption","Off","Off","Off","Off","251.1","1","Off","Off","Off","Off","Off","Off","1","0","Off","0","2","0","0","0","0"
"546","WRCMA North Am","442.20000","447.20000","D-Digital","High","12.5K","Off","Off","North America","Group Call","3","KC1JMH / Brad Br","Always","Carrier","Off","1","1","1","Off","1","1","None","None","Off","Off","Off","Off","Normal Encryption","Off","Off","Off","Off","251.1","1","Off","Off","Off","Off","Off","Off","1","0","Off","0","2","0","0","0","0"
"547","WRCMA Northeast","442.20000","447.20000","D-Digital","High","12.5K","Off","Off","Northeast","Group Call","3172","KC1JMH / Brad Br","Always","Carrier","Off","1","1","1","Off","1","1","None","None","Off","Off","Off","Off","Normal Encryption","Off","Off","Off","Off","251.1","1","Off","Off","Off","Off","Off","Off","1","0","Off","0","2","0","0","0","0"
"548","WRCMA Parrot","442.20000","447.20000","D-Digital","High","12.5K","Off","Off","Parrot","Group Call","9998","KC1JMH / Brad Br","Always","Carrier","Off","1","1","1","Off","1","1","None","None","Off","Off","Off","Off","Normal Encryption","Off","Off","Off","Off","251.1","1","Off","Off","Off","Off","Off","Off","1","0","Off","0","2","0","0","0","0"
"549","WRCMA Audio","442.20000","447.20000","D-Digital","High","12.5K","Off","Off","Audio Watch","Group Call","9999","KC1JMH / Brad Br","Always","Carrier","Off","1","1","1","Off","1","1","None","None","Off","Off","Off","Off","Normal Encryption","Off","Off","Off","Off","251.1","1","Off","Off","Off","Off","Off","Off","1","0","Off","0","2","0","0","0","0"
"550","WRCMA RI SW","442.20000","447.20000","D-Digital","High","12.5K","Off","Off","RI Statewide","Group Call","3144","KC1JMH / Brad Br","Always","Carrier","Off","1","1","1","Off","1","1","None","None","Off","Off","Off","Off","Normal Encryption","Off","Off","Off","Off","251.1","1","Off","Off","Off","Off","Off","Off","1","0","Off","0","2","0","0","0","0"
"551","WRCMA SKYWARN","442.20000","447.20000","D-Digital","High","12.5K","Off","Off","SKYWARN","Group Call","759","KC1JMH / Brad Br","Always","Carrier","Off","1","1","1","Off","1","1","None","None","Off","Off","Off","Off","Normal Encryption","Off","Off","Off","Off","251.1","1","Off","Off","Off","Off","Off","Off","1","0","Off","0","2","0","0","0","0"
"552","WRCMA TAC310","442.20000","447.20000","D-Digital","High","12.5K","Off","Off","TAC310","Group Call","310","KC1JMH / Brad Br","Always","Carrier","Off","1","1","1","Off","1","1","None","None","Off","Off","Off","Off","Normal Encryption","Off","Off","Off","Off","251.1","1","Off","Off","Off","Off","Off","Off","1","0","Off","0","2","0","0","0","0"
"553","WRCMA TAC311","442.20000","447.20000","D-Digital","High","12.5K","Off","Off","TAC311","Group Call","311","KC1JMH / Brad Br","Always","Carrier","Off","1","1","1","Off","1","1","None","None","Off","Off","Off","Off","Normal Encryption","Off","Off","Off","Off","251.1","1","Off","Off","Off","Off","Off","Off","1","0","Off","0","2","0","0","0","0"
"554","WRCMA VT SW","442.20000","447.20000","D-Digital","High","12.5K","Off","Off","VT Statewide","Group Call","3150","KC1JMH / Brad Br","Always","Carrier","Off","1","1","1","Off","1","1","None","None","Off","Off","Off","Off","Normal Encryption","Off","Off","Off","Off","251.1","1","Off","Off","Off","Off","Off","Off","1","0","Off","0","2","0","0","0","0"
"555","WRCMA WW","442.20000","447.20000","D-Digital","High","12.5K","Off","Off","WW Call","Group Call","1","KC1JMH / Brad Br","Always","Carrier","Off","1","1","1","Off","1","1","None","None","Off","Off","Off","Off","Normal Encryption","Off","Off","Off","Off","251.1","1","Off","Off","Off","Off","Off","Off","1","0","Off","0","2","0","0","0","0"
"556","AUGME Local","145.24000","144.64000","D-Digital","High","12.5K","Off","Off","Local","Group Call","9","KC1JMH / Brad Br","Always","Carrier","Off","1","1","1","Off","12","2","None","None","Off","Off","Off","Off","Normal Encryption","Off","Off","Off","Off","251.1","1","Off","Off","Off","Off","Off","Off","1","0","Off","0","2","0","0","0","0"
"557","AUGME ME Event 1","145.24000","144.64000","D-Digital","High","12.5K","Off","Off","ME Event 1","Group Call","31231","KC1JMH / Brad Br","Always","Carrier","Off","1","1","1","Off","12","1","None","None","Off","Off","Off","Off","Normal Encryption","Off","Off","Off","Off","251.1","1","Off","Off","Off","Off","Off","Off","1","0","Off","0","2","0","0","0","0"
"558","AUGME ME Event 2","145.24000","144.64000","D-Digital","High","12.5K","Off","Off","ME Event 2","Group Call","31232","KC1JMH / Brad Br","Always","Carrier","Off","1","1","1","Off","12","2","None","None","Off","Off","Off","Off","Normal Encryption","Off","Off","Off","Off","251.1","1","Off","Off","Off","Off","Off","Off","1","0","Off","0","2","0","0","0","0"
"559","AUGME ME SW","145.24000","144.64000","D-Digital","High","12.5K","Off","Off","ME Statewide","Group Call","3123","KC1JMH / Brad Br","Always","Carrier","Off","1","1","1","Off","12","2","None","None","Off","Off","Off","Off","Normal Encryption","Off","Off","Off","Off","251.1","1","Off","Off","Off","Off","Off","Off","1","0","Off","0","2","0","0","0","0"
"560","AUGME NE Wide","145.24000","144.64000","D-Digital","High","12.5K","Off","Off","New England-Wide","Group Call","3181","KC1JMH / Brad Br","Always","Carrier","Off","1","1","1","Off","12","2","None","None","Off","Off","Off","Off","Normal Encryption","Off","Off","Off","Off","251.1","1","Off","Off","Off","Off","Off","Off","1","0","Off","0","2","0","0","0","0"
"561","AUGME NETAC1","145.24000","144.64000","D-Digital","High","12.5K","Off","Off","NETAC1","Group Call","8801","KC1JMH / Brad Br","Always","Carrier","Off","1","1","1","Off","12","1","None","None","Off","Off","Off","Off","Normal Encryption","Off","Off","Off","Off","251.1","1","Off","Off","Off","Off","Off","Off","1","0","Off","0","2","0","0","0","0"
"562","AUGME NETAC2","145.24000","144.64000","D-Digital","High","12.5K","Off","Off","NETAC2","Group Call","8802","KC1JMH / Brad Br","Always","Carrier","Off","1","1","1","Off","12","2","None","None","Off","Off","Off","Off","Normal Encryption","Off","Off","Off","Off","251.1","1","Off","Off","Off","Off","Off","Off","1","0","Off","0","2","0","0","0","0"
"563","AUGME NH SW","145.24000","144.64000","D-Digital","High","12.5K","Off","Off","NH Statewide","Group Call","3133","KC1JMH / Brad Br","Always","Carrier","Off","1","1","1","Off","12","1","None","None","Off","Off","Off","Off","Normal Encryption","Off","Off","Off","Off","251.1","1","Off","Off","Off","Off","Off","Off","1","0","Off","0","2","0","0","0","0"
"564","AUGME North Am","145.24000","144.64000","D-Digital","High","12.5K","Off","Off","North America","Group Call","3","KC1JMH / Brad Br","Always","Carrier","Off","1","1","1","Off","12","1","None","None","Off","Off","Off","Off","Normal Encryption","Off","Off","Off","Off","251.1","1","Off","Off","Off","Off","Off","Off","1","0","Off","0","2","0","0","0","0"
"565","AUGME Northeast","145.24000","144.64000","D-Digital","High","12.5K","Off","Off","Northeast","Group Call","3172","KC1JMH / Brad Br","Always","Carrier","Off","1","1","1","Off","12","1","None","None","Off","Off","Off","Off","Normal Encryption","Off","Off","Off","Off","251.1","1","Off","Off","Off","Off","Off","Off","1","0","Off","0","2","0","0","0","0"
"566","AUGME Parrot","145.24000","144.64000","D-Digital","High","12.5K","Off","Off","Parrot","Group Call","9998","KC1JMH / Brad Br","Always","Carrier","Off","1","1","1","Off","12","1","None","None","Off","Off","Off","Off","Normal Encryption","Off","Off","Off","Off","251.1","1","Off","Off","Off","Off","Off","Off","1","0","Off","0","2","0","0","0","0"
"567","AUGME Reg North","145.24000","144.64000","D-Digital","High","12.5K","Off","Off","Region North","Group Call","8","KC1JMH / Brad Br","Always","Carrier","Off","1","1","1","Off","12","2","None","None","Off","Off","Off","Off","Normal Encryption","Off","Off","Off","Off","251.1","1","Off","Off","Off","Off","Off","Off","1","0","Off","0","2","0","0","0","0"
"568","AUGME SKYWARN","145.24000","144.64000","D-Digital","High","12.5K","Off","Off","SKYWARN","Group Call","759","KC1JMH / Brad Br","Always","Carrier","Off","1","1","1","Off","12","1","None","None","Off","Off","Off","Off","Normal Encryption","Off","Off","Off","Off","251.1","1","Off","Off","Off","Off","Off","Off","1","0","Off","0","2","0","0","0","0"
"569","AUGME TAC310","145.24000","144.64000","D-Digital","High","12.5K","Off","Off","TAC310","Group Call","310","KC1JMH / Brad Br","Always","Carrier","Off","1","1","1","Off","12","1","None","None","Off","Off","Off","Off","Normal Encryption","Off","Off","Off","Off","251.1","1","Off","Off","Off","Off","Off","Off","1","0","Off","0","2","0","0","0","0"
"570","AUGME TAC311","145.24000","144.64000","D-Digital","High","12.5K","Off","Off","TAC311","Group Call","311","KC1JMH / Brad Br","Always","Carrier","Off","1","1","1","Off","12","1","None","None","Off","Off","Off","Off","Normal Encryption","Off","Off","Off","Off","251.1","1","Off","Off","Off","Off","Off","Off","1","0","Off","0","2","0","0","0","0"
"571","AUGME UA Eng1","145.24000","144.64000","D-Digital","High","12.5K","Off","Off","UA English 1-113","Group Call","113","KC1JMH / Brad Br","Always","Carrier","Off","1","1","1","Off","12","1","None","None","Off","Off","Off","Off","Normal Encryption","Off","Off","Off","Off","251.1","1","Off","Off","Off","Off","Off","Off","1","0","Off","0","2","0","0","0","0"
"572","AUGME UA Eng2","145.24000","144.64000","D-Digital","High","12.5K","Off","Off","UA English 2-123","Group Call","123","KC1JMH / Brad Br","Always","Carrier","Off","1","1","1","Off","12","1","None","None","Off","Off","Off","Off","Normal Encryption","Off","Off","Off","Off","251.1","1","Off","Off","Off","Off","Off","Off","1","0","Off","0","2","0","0","0","0"
"573","AUGME WW","145.24000","144.64000","D-Digital","High","12.5K","Off","Off","WW Call","Group Call","1","KC1JMH / Brad Br","Always","Carrier","Off","1","1","1","Off","12","1","None","None","Off","Off","Off","Off","Normal Encryption","Off","Off","Off","Off","251.1","1","Off","Off","Off","Off","Off","Off","1","0","Off","0","2","0","0","0","0"
"574","AUGME Audio","145.24000","144.64000","D-Digital","High","12.5K","Off","Off","Audio Watch","Group Call","9999","KC1JMH / Brad Br","Always","Carrier","Off","1","1","1","Off","12","1","None","None","Off","Off","Off","Off","Normal Encryption","Off","Off","Off","Off","251.1","1","Off","Off","Off","Off","Off","Off","1","0","Off","0","2","0","0","0","0"
"575","AUGME TAC312","145.24000","144.64000","D-Digital","High","12.5K","Off","Off","TAC312","Group Call","312","KC1JMH / Brad Br","Always","Carrier","Off","1","1","1","Off","12","1","None","None","Off","Off","Off","Off","Normal Encryption","Off","Off","Off","Off","251.1","1","Off","Off","Off","Off","Off","Off","1","0","Off","0","2","0","0","0","0"
"576","AUGME CT SW","145.24000","144.64000","D-Digital","High","12.5K","Off","Off","CT Statewide","Group Call","3109","KC1JMH / Brad Br","Always","Carrier","Off","1","1","1","Off","12","1","None","None","Off","Off","Off","Off","Normal Encryption","Off","Off","Off","Off","251.1","1","Off","Off","Off","Off","Off","Off","1","0","Off","0","2","0","0","0","0"
"577","AUGME MA SW","145.24000","144.64000","D-Digital","High","12.5K","Off","Off","MA Statewide","Group Call","3125","KC1JMH / Brad Br","Always","Carrier","Off","1","1","1","Off","12","1","None","None","Off","Off","Off","Off","Normal Encryption","Off","Off","Off","Off","251.1","1","Off","Off","Off","Off","Off","Off","1","0","Off","0","2","0","0","0","0"
"578","AUGME RI SW","145.24000","144.64000","D-Digital","High","12.5K","Off","Off","RI Statewide","Group Call","3144","KC1JMH / Brad Br","Always","Carrier","Off","1","1","1","Off","12","1","None","None","Off","Off","Off","Off","Normal Encryption","Off","Off","Off","Off","251.1","1","Off","Off","Off","Off","Off","Off","1","0","Off","0","2","0","0","0","0"
"579","AUGME VT SW","145.24000","144.64000","D-Digital","High","12.5K","Off","Off","VT Statewide","Group Call","3150","KC1JMH / Brad Br","Always","Carrier","Off","1","1","1","Off","12","1","None","None","Off","Off","Off","Off","Normal Encryption","Off","Off","Off","Off","251.1","1","Off","Off","Off","Off","Off","Off","1","0","Off","0","2","0","0","0","0"
"580","BBYME Local","145.20000","144.60000","D-Digital","High","12.5K","Off","Off","Local","Group Call","9","KC1JMH / Brad Br","Always","Carrier","Off","1","1","1","Off","12","2","None","None","Off","Off","Off","Off","Normal Encryption","Off","Off","Off","Off","251.1","1","Off","Off","Off","Off","Off","Off","1","0","Off","0","2","0","0","0","0"
"581","BBYME ME Event 1","145.20000","144.60000","D-Digital","High","12.5K","Off","Off","ME Event 1","Group Call","31231","KC1JMH / Brad Br","Always","Carrier","Off","1","1","1","Off","12","1","None","None","Off","Off","Off","Off","Normal Encryption","Off","Off","Off","Off","251.1","1","Off","Off","Off","Off","Off","Off","1","0","Off","0","2","0","0","0","0"
"582","BBYME ME Event 2","145.20000","144.60000","D-Digital","High","12.5K","Off","Off","ME Event 2","Group Call","31232","KC1JMH / Brad Br","Always","Carrier","Off","1","1","1","Off","12","2","None","None","Off","Off","Off","Off","Normal Encryption","Off","Off","Off","Off","251.1","1","Off","Off","Off","Off","Off","Off","1","0","Off","0","2","0","0","0","0"
"583","BBYME ME SW","145.20000","144.60000","D-Digital","High","12.5K","Off","Off","ME Statewide","Group Call","3123","KC1JMH / Brad Br","Always","Carrier","Off","1","1","1","Off","12","2","None","None","Off","Off","Off","Off","Normal Encryption","Off","Off","Off","Off","251.1","1","Off","Off","Off","Off","Off","Off","1","0","Off","0","2","0","0","0","0"
"584","BBYME NE Wide","145.20000","144.60000","D-Digital","High","12.5K","Off","Off","New England-Wide","Group Call","3181","KC1JMH / Brad Br","Always","Carrier","Off","1","1","1","Off","12","2","None","None","Off","Off","Off","Off","Normal Encryption","Off","Off","Off","Off","251.1","1","Off","Off","Off","Off","Off","Off","1","0","Off","0","2","0","0","0","0"
"585","BBYME NETAC1","145.20000","144.60000","D-Digital","High","12.5K","Off","Off","NETAC1","Group Call","8801","KC1JMH / Brad Br","Always","Carrier","Off","1","1","1","Off","12","1","None","None","Off","Off","Off","Off","Normal Encryption","Off","Off","Off","Off","251.1","1","Off","Off","Off","Off","Off","Off","1","0","Off","0","2","0","0","0","0"
"586","BBYME NETAC2","145.20000","144.60000","D-Digital","High","12.5K","Off","Off","NETAC2","Group Call","8802","KC1JMH / Brad Br","Always","Carrier","Off","1","1","1","Off","12","2","None","None","Off","Off","Off","Off","Normal Encryption","Off","Off","Off","Off","251.1","1","Off","Off","Off","Off","Off","Off","1","0","Off","0","2","0","0","0","0"
"587","BBYME NH SW","145.20000","144.60000","D-Digital","High","12.5K","Off","Off","NH Statewide","Group Call","3133","KC1JMH / Brad Br","Always","Carrier","Off","1","1","1","Off","12","2","None","None","Off","Off","Off","Off","Normal Encryption","Off","Off","Off","Off","251.1","1","Off","Off","Off","Off","Off","Off","1","0","Off","0","2","0","0","0","0"
"588","BBYME North Am","145.20000","144.60000","D-Digital","High","12.5K","Off","Off","North America","Group Call","3","KC1JMH / Brad Br","Always","Carrier","Off","1","1","1","Off","12","1","None","None","Off","Off","Off","Off","Normal Encryption","Off","Off","Off","Off","251.1","1","Off","Off","Off","Off","Off","Off","1","0","Off","0","2","0","0","0","0"
"589","BBYME Northeast","145.20000","144.60000","D-Digital","High","12.5K","Off","Off","Northeast","Group Call","3172","KC1JMH / Brad Br","Always","Carrier","Off","1","1","1","Off","12","1","None","None","Off","Off","Off","Off","Normal Encryption","Off","Off","Off","Off","251.1","1","Off","Off","Off","Off","Off","Off","1","0","Off","0","2","0","0","0","0"
"590","BBYME Parrot","145.20000","144.60000","D-Digital","High","12.5K","Off","Off","Parrot","Group Call","9998","KC1JMH / Brad Br","Always","Carrier","Off","1","1","1","Off","12","1","None","None","Off","Off","Off","Off","Normal Encryption","Off","Off","Off","Off","251.1","1","Off","Off","Off","Off","Off","Off","1","0","Off","0","2","0","0","0","0"
"591","BBYME Reg North","145.20000","144.60000","D-Digital","High","12.5K","Off","Off","Region North","Group Call","8","KC1JMH / Brad Br","Always","Carrier","Off","1","1","1","Off","12","2","None","None","Off","Off","Off","Off","Normal Encryption","Off","Off","Off","Off","251.1","1","Off","Off","Off","Off","Off","Off","1","0","Off","0","2","0","0","0","0"
"592","BBYME SKYWARN","145.20000","144.60000","D-Digital","High","12.5K","Off","Off","SKYWARN","Group Call","759","KC1JMH / Brad Br","Always","Carrier","Off","1","1","1","Off","12","1","None","None","Off","Off","Off","Off","Normal Encryption","Off","Off","Off","Off","251.1","1","Off","Off","Off","Off","Off","Off","1","0","Off","0","2","0","0","0","0"
"593","BBYME TAC310","145.20000","144.60000","D-Digital","High","12.5K","Off","Off","TAC310","Group Call","310","KC1JMH / Brad Br","Always","Carrier","Off","1","1","1","Off","12","1","None","None","Off","Off","Off","Off","Normal Encryption","Off","Off","Off","Off","251.1","1","Off","Off","Off","Off","Off","Off","1","0","Off","0","2","0","0","0","0"
"594","BBYME TAC311","145.20000","144.60000","D-Digital","High","12.5K","Off","Off","TAC311","Group Call","311","KC1JMH / Brad Br","Always","Carrier","Off","1","1","1","Off","12","1","None","None","Off","Off","Off","Off","Normal Encryption","Off","Off","Off","Off","251.1","1","Off","Off","Off","Off","Off","Off","1","0","Off","0","2","0","0","0","0"
"595","BBYME UA Eng1","145.20000","144.60000","D-Digital","High","12.5K","Off","Off","UA English 1-113","Group Call","113","KC1JMH / Brad Br","Always","Carrier","Off","1","1","1","Off","12","1","None","None","Off","Off","Off","Off","Normal Encryption","Off","Off","Off","Off","251.1","1","Off","Off","Off","Off","Off","Off","1","0","Off","0","2","0","0","0","0"
"596","BBYME UA Eng2","145.20000","144.60000","D-Digital","High","12.5K","Off","Off","UA English 2-123","Group Call","123","KC1JMH / Brad Br","Always","Carrier","Off","1","1","1","Off","12","1","None","None","Off","Off","Off","Off","Normal Encryption","Off","Off","Off","Off","251.1","1","Off","Off","Off","Off","Off","Off","1","0","Off","0","2","0","0","0","0"
"597","BBYME WW","145.20000","144.60000","D-Digital","High","12.5K","Off","Off","WW Call","Group Call","1","KC1JMH / Brad Br","Always","Carrier","Off","1","1","1","Off","12","1","None","None","Off","Off","Off","Off","Normal Encryption","Off","Off","Off","Off","251.1","1","Off","Off","Off","Off","Off","Off","1","0","Off","0","2","0","0","0","0"
"598","BGTME CT SW","145.16000","144.56000","D-Digital","Turbo","12.5K","Off","Off","CT Statewide","Group Call","3109","KC1JMH / Brad Br","Always","Carrier","Off","1","1","1","Off","12","1","None","None","Off","Off","Off","Off","Normal Encryption","Off","Off","Off","Off","251.1","1","Off","Off","Off","Off","Off","Off","1","0","Off","0","2","0","0","0","0"
"599","BGTME Local","145.16000","144.56000","D-Digital","Turbo","12.5K","Off","Off","Local","Group Call","9","KC1JMH / Brad Br","Always","Carrier","Off","1","1","1","Off","12","2","None","None","Off","Off","Off","Off","Normal Encryption","Off","Off","Off","Off","251.1","1","Off","Off","Off","Off","Off","Off","1","0","Off","0","2","0","0","0","0"
"600","BGTME MA SW","145.16000","144.56000","D-Digital","Turbo","12.5K","Off","Off","MA Statewide","Group Call","3125","KC1JMH / Brad Br","Always","Carrier","Off","1","1","1","Off","12","1","None","None","Off","Off","Off","Off","Normal Encryption","Off","Off","Off","Off","251.1","1","Off","Off","Off","Off","Off","Off","1","0","Off","0","2","0","0","0","0"
"601","BGTME ME Event 1","145.16000","144.56000","D-Digital","Turbo","12.5K","Off","Off","ME Event 1","Group Call","31231","KC1JMH / Brad Br","Always","Carrier","Off","1","1","1","Off","12","1","None","None","Off","Off","Off","Off","Normal Encryption","Off","Off","Off","Off","251.1","1","Off","Off","Off","Off","Off","Off","1","0","Off","0","2","0","0","0","0"
"602","BGTME ME Event 2","145.16000","144.56000","D-Digital","Turbo","12.5K","Off","Off","ME Event 2","Group Call","31232","KC1JMH / Brad Br","Always","Carrier","Off","1","1","1","Off","12","2","None","None","Off","Off","Off","Off","Normal Encryption","Off","Off","Off","Off","251.1","1","Off","Off","Off","Off","Off","Off","1","0","Off","0","2","0","0","0","0"
"603","BGTME ME SW","145.16000","144.56000","D-Digital","Turbo","12.5K","Off","Off","ME Statewide","Group Call","3123","KC1JMH / Brad Br","Always","Carrier","Off","1","1","1","Off","12","2","None","None","Off","Off","Off","Off","Normal Encryption","Off","Off","Off","Off","251.1","1","Off","Off","Off","Off","Off","Off","1","0","Off","0","2","0","0","0","0"
"604","BGTME NE Wide","145.16000","144.56000","D-Digital","Turbo","12.5K","Off","Off","New England-Wide","Group Call","3181","KC1JMH / Brad Br","Always","Carrier","Off","1","1","1","Off","12","2","None","None","Off","Off","Off","Off","Normal Encryption","Off","Off","Off","Off","251.1","1","Off","Off","Off","Off","Off","Off","1","0","Off","0","2","0","0","0","0"
"605","BGTME NETAC1","145.16000","144.56000","D-Digital","Turbo","12.5K","Off","Off","NETAC1","Group Call","8801","KC1JMH / Brad Br","Always","Carrier","Off","1","1","1","Off","12","1","None","None","Off","Off","Off","Off","Normal Encryption","Off","Off","Off","Off","251.1","1","Off","Off","Off","Off","Off","Off","1","0","Off","0","2","0","0","0","0"
"606","BGTME NETAC2","145.16000","144.56000","D-Digital","Turbo","12.5K","Off","Off","NETAC2","Group Call","8802","KC1JMH / Brad Br","Always","Carrier","Off","1","1","1","Off","12","2","None","None","Off","Off","Off","Off","Normal Encryption","Off","Off","Off","Off","251.1","1","Off","Off","Off","Off","Off","Off","1","0","Off","0","2","0","0","0","0"
"607","BGTME NH SW","145.16000","144.56000","D-Digital","Turbo","12.5K","Off","Off","NH Statewide","Group Call","3133","KC1JMH / Brad Br","Always","Carrier","Off","1","1","1","Off","12","2","None","None","Off","Off","Off","Off","Normal Encryption","Off","Off","Off","Off","251.1","1","Off","Off","Off","Off","Off","Off","1","0","Off","0","2","0","0","0","0"
"608","BGTME North Am","145.16000","144.56000","D-Digital","Turbo","12.5K","Off","Off","North America","Group Call","3","KC1JMH / Brad Br","Always","Carrier","Off","1","1","1","Off","12","1","None","None","Off","Off","Off","Off","Normal Encryption","Off","Off","Off","Off","251.1","1","Off","Off","Off","Off","Off","Off","1","0","Off","0","2","0","0","0","0"
"609","BGTME Northeast","145.16000","144.56000","D-Digital","Turbo","12.5K","Off","Off","Northeast","Group Call","3172","KC1JMH / Brad Br","Always","Carrier","Off","1","1","1","Off","12","1","None","None","Off","Off","Off","Off","Normal Encryption","Off","Off","Off","Off","251.1","1","Off","Off","Off","Off","Off","Off","1","0","Off","0","2","0","0","0","0"
"610","BGTME Parrot","145.16000","144.56000","D-Digital","Turbo","12.5K","Off","Off","Parrot","Group Call","9998","KC1JMH / Brad Br","Always","Carrier","Off","1","1","1","Off","12","1","None","None","Off","Off","Off","Off","Normal Encryption","Off","Off","Off","Off","251.1","1","Off","Off","Off","Off","Off","Off","1","0","Off","0","2","0","0","0","0"
"611","BGTME RI SW","145.16000","144.56000","D-Digital","Turbo","12.5K","Off","Off","RI Statewide","Group Call","3144","KC1JMH / Brad Br","Always","Carrier","Off","1","1","1","Off","12","2","None","None","Off","Off","Off","Off","Normal Encryption","Off","Off","Off","Off","251.1","1","Off","Off","Off","Off","Off","Off","1","0","Off","0","2","0","0","0","0"
"612","BGTME SKYWARN","145.16000","144.56000","D-Digital","Turbo","12.5K","Off","Off","SKYWARN","Group Call","759","KC1JMH / Brad Br","Always","Carrier","Off","1","1","1","Off","12","1","None","None","Off","Off","Off","Off","Normal Encryption","Off","Off","Off","Off","251.1","1","Off","Off","Off","Off","Off","Off","1","0","Off","0","2","0","0","0","0"
"613","BGTME TAC310","145.16000","144.56000","D-Digital","Turbo","12.5K","Off","Off","TAC310","Group Call","310","KC1JMH / Brad Br","Always","Carrier","Off","1","1","1","Off","12","1","None","None","Off","Off","Off","Off","Normal Encryption","Off","Off","Off","Off","251.1","1","Off","Off","Off","Off","Off","Off","1","0","Off","0","2","0","0","0","0"
"614","BGTME TAC311","145.16000","144.56000","D-Digital","Turbo","12.5K","Off","Off","TAC311","Group Call","311","KC1JMH / Brad Br","Always","Carrier","Off","1","1","1","Off","12","1","None","None","Off","Off","Off","Off","Normal Encryption","Off","Off","Off","Off","251.1","1","Off","Off","Off","Off","Off","Off","1","0","Off","0","2","0","0","0","0"
"615","BGTME VT SW","145.16000","144.56000","D-Digital","Turbo","12.5K","Off","Off","VT Statewide","Group Call","3150","KC1JMH / Brad Br","Always","Carrier","Off","1","1","1","Off","12","1","None","None","Off","Off","Off","Off","Normal Encryption","Off","Off","Off","Off","251.1","1","Off","Off","Off","Off","Off","Off","1","0","Off","0","2","0","0","0","0"
"616","BGTME WW","145.16000","144.56000","D-Digital","Turbo","12.5K","Off","Off","WW Call","Group Call","1","KC1JMH / Brad Br","Always","Carrier","Off","1","1","1","Off","12","1","None","None","Off","Off","Off","Off","Normal Encryption","Off","Off","Off","Off","251.1","1","Off","Off","Off","Off","Off","Off","1","0","Off","0","2","0","0","0","0"
"617","BGTME Audio","145.16000","144.56000","D-Digital","Turbo","12.5K","Off","Off","Audio Watch","Group Call","9999","KC1JMH / Brad Br","Always","Carrier","Off","1","1","1","Off","12","1","None","None","Off","Off","Off","Off","Normal Encryption","Off","Off","Off","Off","251.1","1","Off","Off","Off","Off","Off","Off","1","0","Off","0","2","0","0","0","0"
"618","BGTME TAC312","145.16000","144.56000","D-Digital","Turbo","12.5K","Off","Off","TAC312","Group Call","312","KC1JMH / Brad Br","Always","Carrier","Off","1","1","1","Off","12","1","None","None","Off","Off","Off","Off","Normal Encryption","Off","Off","Off","Off","251.1","1","Off","Off","Off","Off","Off","Off","1","0","Off","0","2","0","0","0","0"
"619","BKFME Local","145.32000","144.72000","D-Digital","High","12.5K","Off","Off","Local","Group Call","9","KC1JMH / Brad Br","Always","Carrier","Off","1","1","1","Off","12","2","None","None","Off","Off","Off","Off","Normal Encryption","Off","Off","Off","Off","251.1","1","Off","Off","Off","Off","Off","Off","1","0","Off","0","2","0","0","0","0"
"620","BKFME ME Event 1","145.32000","144.72000","D-Digital","High","12.5K","Off","Off","ME Event 1","Group Call","31231","KC1JMH / Brad Br","Always","Carrier","Off","1","1","1","Off","12","1","None","None","Off","Off","Off","Off","Normal Encryption","Off","Off","Off","Off","251.1","1","Off","Off","Off","Off","Off","Off","1","0","Off","0","2","0","0","0","0"
"621","BKFME ME Event 2","145.32000","144.72000","D-Digital","High","12.5K","Off","Off","ME Event 2","Group Call","31232","KC1JMH / Brad Br","Always","Carrier","Off","1","1","1","Off","12","2","None","None","Off","Off","Off","Off","Normal Encryption","Off","Off","Off","Off","251.1","1","Off","Off","Off","Off","Off","Off","1","0","Off","0","2","0","0","0","0"
"622","BKFME ME SW","145.32000","144.72000","D-Digital","Turbo","12.5K","Off","Off","ME Statewide","Group Call","3123","KC1JMH / Brad Br","Always","Carrier","Off","1","1","1","Off","12","2","None","None","Off","Off","Off","Off","Normal Encryption","Off","Off","Off","Off","251.1","1","Off","Off","Off","Off","Off","Off","1","0","Off","0","2","0","0","0","0"
"623","BKFME NE Wide","145.32000","144.72000","D-Digital","High","12.5K","Off","Off","New England-Wide","Group Call","3181","KC1JMH / Brad Br","Always","Carrier","Off","1","1","1","Off","12","2","None","None","Off","Off","Off","Off","Normal Encryption","Off","Off","Off","Off","251.1","1","Off","Off","Off","Off","Off","Off","1","0","Off","0","2","0","0","0","0"
"624","BKFME NETAC1","145.32000","144.72000","D-Digital","High","12.5K","Off","Off","NETAC1","Group Call","8801","KC1JMH / Brad Br","Always","Carrier","Off","1","1","1","Off","12","1","None","None","Off","Off","Off","Off","Normal Encryption","Off","Off","Off","Off","251.1","1","Off","Off","Off","Off","Off","Off","1","0","Off","0","2","0","0","0","0"
"625","BKFME NETAC2","145.32000","144.72000","D-Digital","High","12.5K","Off","Off","NETAC2","Group Call","8802","KC1JMH / Brad Br","Always","Carrier","Off","1","1","1","Off","12","2","None","None","Off","Off","Off","Off","Normal Encryption","Off","Off","Off","Off","251.1","1","Off","Off","Off","Off","Off","Off","1","0","Off","0","2","0","0","0","0"
"626","BKFME NH SW","145.32000","144.72000","D-Digital","High","12.5K","Off","Off","NH Statewide","Group Call","3133","KC1JMH / Brad Br","Always","Carrier","Off","1","1","1","Off","12","1","None","None","Off","Off","Off","Off","Normal Encryption","Off","Off","Off","Off","251.1","1","Off","Off","Off","Off","Off","Off","1","0","Off","0","2","0","0","0","0"
"627","BKFME North Am","145.32000","144.72000","D-Digital","High","12.5K","Off","Off","North America","Group Call","3","KC1JMH / Brad Br","Always","Carrier","Off","1","1","1","Off","12","1","None","None","Off","Off","Off","Off","Normal Encryption","Off","Off","Off","Off","251.1","1","Off","Off","Off","Off","Off","Off","1","0","Off","0","2","0","0","0","0"
"628","BKFME Northeast","145.32000","144.72000","D-Digital","High","12.5K","Off","Off","Northeast","Group Call","3172","KC1JMH / Brad Br","Always","Carrier","Off","1","1","1","Off","12","1","None","None","Off","Off","Off","Off","Normal Encryption","Off","Off","Off","Off","251.1","1","Off","Off","Off","Off","Off","Off","1","0","Off","0","2","0","0","0","0"
"629","BKFME Parrot","145.32000","144.72000","D-Digital","High","12.5K","Off","Off","Parrot","Group Call","9998","KC1JMH / Brad Br","Always","Carrier","Off","1","1","1","Off","12","1","None","None","Off","Off","Off","Off","Normal Encryption","Off","Off","Off","Off","251.1","1","Off","Off","Off","Off","Off","Off","1","0","Off","0","2","0","0","0","0"
"630","BKFME Reg North","145.32000","144.72000","D-Digital","High","12.5K","Off","Off","Region North","Group Call","8","KC1JMH / Brad Br","Always","Carrier","Off","1","1","1","Off","12","2","None","None","Off","Off","Off","Off","Normal Encryption","Off","Off","Off","Off","251.1","1","Off","Off","Off","Off","Off","Off","1","0","Off","0","2","0","0","0","0"
"631","BKFME SKYWARN","145.32000","144.72000","D-Digital","High","12.5K","Off","Off","SKYWARN","Group Call","759","KC1JMH / Brad Br","Always","Carrier","Off","1","1","1","Off","12","1","None","None","Off","Off","Off","Off","Normal Encryption","Off","Off","Off","Off","251.1","1","Off","Off","Off","Off","Off","Off","1","0","Off","0","2","0","0","0","0"
"632","BKFME TAC310","145.32000","144.72000","D-Digital","High","12.5K","Off","Off","TAC310","Group Call","310","KC1JMH / Brad Br","Always","Carrier","Off","1","1","1","Off","12","1","None","None","Off","Off","Off","Off","Normal Encryption","Off","Off","Off","Off","251.1","1","Off","Off","Off","Off","Off","Off","1","0","Off","0","2","0","0","0","0"
"633","BKFME TAC311","145.32000","144.72000","D-Digital","High","12.5K","Off","Off","TAC311","Group Call","311","KC1JMH / Brad Br","Always","Carrier","Off","1","1","1","Off","12","1","None","None","Off","Off","Off","Off","Normal Encryption","Off","Off","Off","Off","251.1","1","Off","Off","Off","Off","Off","Off","1","0","Off","0","2","0","0","0","0"
"634","BKFME UA Eng1","145.32000","144.72000","D-Digital","High","12.5K","Off","Off","UA English 1-113","Group Call","113","KC1JMH / Brad Br","Always","Carrier","Off","1","1","1","Off","12","1","None","None","Off","Off","Off","Off","Normal Encryption","Off","Off","Off","Off","251.1","1","Off","Off","Off","Off","Off","Off","1","0","Off","0","2","0","0","0","0"
"635","BKFME UA Eng2","145.32000","144.72000","D-Digital","High","12.5K","Off","Off","UA English 2-123","Group Call","123","KC1JMH / Brad Br","Always","Carrier","Off","1","1","1","Off","12","1","None","None","Off","Off","Off","Off","Normal Encryption","Off","Off","Off","Off","251.1","1","Off","Off","Off","Off","Off","Off","1","0","Off","0","2","0","0","0","0"
"636","BKFME WW","145.32000","144.72000","D-Digital","High","12.5K","Off","Off","WW Call","Group Call","1","KC1JMH / Brad Br","Always","Carrier","Off","1","1","1","Off","12","1","None","None","Off","Off","Off","Off","Normal Encryption","Off","Off","Off","Off","251.1","1","Off","Off","Off","Off","Off","Off","1","0","Off","0","2","0","0","0","0"
"637","BKFME Audio","145.32000","144.72000","D-Digital","High","12.5K","Off","Off","Audio Watch","Group Call","9999","KC1JMH / Brad Br","Always","Carrier","Off","1","1","1","Off","12","1","None","None","Off","Off","Off","Off","Normal Encryption","Off","Off","Off","Off","251.1","1","Off","Off","Off","Off","Off","Off","1","0","Off","0","2","0","0","0","0"
"638","BKFME TAC312","145.32000","144.72000","D-Digital","High","12.5K","Off","Off","TAC312","Group Call","312","KC1JMH / Brad Br","Always","Carrier","Off","1","1","1","Off","12","1","None","None","Off","Off","Off","Off","Normal Encryption","Off","Off","Off","Off","251.1","1","Off","Off","Off","Off","Off","Off","1","0","Off","0","2","0","0","0","0"
"639","BKFME CT SW","145.32000","144.72000","D-Digital","High","12.5K","Off","Off","CT Statewide","Group Call","3109","KC1JMH / Brad Br","Always","Carrier","Off","1","1","1","Off","12","1","None","None","Off","Off","Off","Off","Normal Encryption","Off","Off","Off","Off","251.1","1","Off","Off","Off","Off","Off","Off","1","0","Off","0","2","0","0","0","0"
"640","BKFME MA SW","145.32000","144.72000","D-Digital","High","12.5K","Off","Off","MA Statewide","Group Call","3125","KC1JMH / Brad Br","Always","Carrier","Off","1","1","1","Off","12","1","None","None","Off","Off","Off","Off","Normal Encryption","Off","Off","Off","Off","251.1","1","Off","Off","Off","Off","Off","Off","1","0","Off","0","2","0","0","0","0"
"641","BKFME RI SW","145.32000","144.72000","D-Digital","High","12.5K","Off","Off","RI Statewide","Group Call","3144","KC1JMH / Brad Br","Always","Carrier","Off","1","1","1","Off","12","1","None","None","Off","Off","Off","Off","Normal Encryption","Off","Off","Off","Off","251.1","1","Off","Off","Off","Off","Off","Off","1","0","Off","0","2","0","0","0","0"
"642","BKFME VT SW","145.32000","144.72000","D-Digital","High","12.5K","Off","Off","VT Statewide","Group Call","3150","KC1JMH / Brad Br","Always","Carrier","Off","1","1","1","Off","12","1","None","None","Off","Off","Off","Off","Normal Encryption","Off","Off","Off","Off","251.1","1","Off","Off","Off","Off","Off","Off","1","0","Off","0","2","0","0","0","0"
"643","CLSME  Parrot","147.04500","147.64500","D-Digital","High","12.5K","Off","Off","Parrot","Group Call","9998","KC1JMH / Brad Br","Always","Carrier","Off","1","1","1","Off","1","1","None","None","Off","Off","Off","Off","Normal Encryption","Off","Off","Off","Off","251.1","1","Off","Off","Off","Off","Off","Off","1","0","Off","0","2","0","0","0","0"
"644","CLSME Local","147.04500","147.64500","D-Digital","High","12.5K","Off","Off","Local","Group Call","9","KC1JMH / Brad Br","Always","Carrier","Off","1","1","1","Off","1","2","None","None","Off","Off","Off","Off","Normal Encryption","Off","Off","Off","Off","251.1","1","Off","Off","Off","Off","Off","Off","1","0","Off","0","2","0","0","0","0"
"645","CLSME ME Event 1","147.04500","147.64500","D-Digital","High","12.5K","Off","Off","ME Event 1","Group Call","31231","KC1JMH / Brad Br","Always","Carrier","Off","1","1","1","Off","1","1","None","None","Off","Off","Off","Off","Normal Encryption","Off","Off","Off","Off","251.1","1","Off","Off","Off","Off","Off","Off","1","0","Off","0","2","0","0","0","0"
"646","CLSME ME Event 2","147.04500","147.64500","D-Digital","High","12.5K","Off","Off","ME Event 2","Group Call","31232","KC1JMH / Brad Br","Always","Carrier","Off","1","1","1","Off","1","2","None","None","Off","Off","Off","Off","Normal Encryption","Off","Off","Off","Off","251.1","1","Off","Off","Off","Off","Off","Off","1","0","Off","0","2","0","0","0","0"
"647","CLSME ME SW","147.04500","147.64500","D-Digital","High","12.5K","Off","Off","ME Statewide","Group Call","3123","KC1JMH / Brad Br","Always","Carrier","Off","1","1","1","Off","1","2","None","None","Off","Off","Off","Off","Normal Encryption","Off","Off","Off","Off","251.1","1","Off","Off","Off","Off","Off","Off","1","0","Off","0","2","0","0","0","0"
"648","CLSME NE Wide","147.04500","147.64500","D-Digital","High","12.5K","Off","Off","New England-Wide","Group Call","3181","KC1JMH / Brad Br","Always","Carrier","Off","1","1","1","Off","1","2","None","None","Off","Off","Off","Off","Normal Encryption","Off","Off","Off","Off","251.1","1","Off","Off","Off","Off","Off","Off","1","0","Off","0","2","0","0","0","0"
"649","CLSME NETAC1","147.04500","147.64500","D-Digital","High","12.5K","Off","Off","NETAC1","Group Call","8801","KC1JMH / Brad Br","Always","Carrier","Off","1","1","1","Off","1","1","None","None","Off","Off","Off","Off","Normal Encryption","Off","Off","Off","Off","251.1","1","Off","Off","Off","Off","Off","Off","1","0","Off","0","2","0","0","0","0"
"650","CLSME NETAC2","147.04500","147.64500","D-Digital","High","12.5K","Off","Off","NETAC2","Group Call","8802","KC1JMH / Brad Br","Always","Carrier","Off","1","1","1","Off","1","2","None","None","Off","Off","Off","Off","Normal Encryption","Off","Off","Off","Off","251.1","1","Off","Off","Off","Off","Off","Off","1","0","Off","0","2","0","0","0","0"
"651","CLSME NEWBRNSWCK","147.04500","147.64500","D-Digital","High","12.5K","Off","Off","New Brunswick","Group Call","3029","KC1JMH / Brad Br","Always","Carrier","Off","1","1","1","Off","1","2","None","None","Off","Off","Off","Off","Normal Encryption","Off","Off","Off","Off","251.1","1","Off","Off","Off","Off","Off","Off","1","0","Off","0","2","0","0","0","0"
"652","CLSME NH SW","147.04500","147.64500","D-Digital","High","12.5K","Off","Off","NH Statewide","Group Call","3133","KC1JMH / Brad Br","Always","Carrier","Off","1","1","1","Off","1","1","None","None","Off","Off","Off","Off","Normal Encryption","Off","Off","Off","Off","251.1","1","Off","Off","Off","Off","Off","Off","1","0","Off","0","2","0","0","0","0"
"653","CLSME North Am","147.04500","147.64500","D-Digital","High","12.5K","Off","Off","North America","Group Call","3","KC1JMH / Brad Br","Always","Carrier","Off","1","1","1","Off","1","1","None","None","Off","Off","Off","Off","Normal Encryption","Off","Off","Off","Off","251.1","1","Off","Off","Off","Off","Off","Off","1","0","Off","0","2","0","0","0","0"
"654","CLSME Northeast","147.04500","147.64500","D-Digital","High","12.5K","Off","Off","Northeast","Group Call","3172","KC1JMH / Brad Br","Always","Carrier","Off","1","1","1","Off","1","1","None","None","Off","Off","Off","Off","Normal Encryption","Off","Off","Off","Off","251.1","1","Off","Off","Off","Off","Off","Off","1","0","Off","0","2","0","0","0","0"
"655","CLSME Reg North","147.04500","147.64500","D-Digital","High","12.5K","Off","Off","Region North","Group Call","8","KC1JMH / Brad Br","Always","Carrier","Off","1","1","1","Off","1","2","None","None","Off","Off","Off","Off","Normal Encryption","Off","Off","Off","Off","251.1","1","Off","Off","Off","Off","Off","Off","1","0","Off","0","2","0","0","0","0"
"656","CLSME SKYWARN","147.04500","147.64500","D-Digital","High","12.5K","Off","Off","SKYWARN","Group Call","759","KC1JMH / Brad Br","Always","Carrier","Off","1","1","1","Off","1","1","None","None","Off","Off","Off","Off","Normal Encryption","Off","Off","Off","Off","251.1","1","Off","Off","Off","Off","Off","Off","1","0","Off","0","2","0","0","0","0"
"657","CLSME TAC310","147.04500","147.64500","D-Digital","High","12.5K","Off","Off","TAC310","Group Call","310","KC1JMH / Brad Br","Always","Carrier","Off","1","1","1","Off","1","1","None","None","Off","Off","Off","Off","Normal Encryption","Off","Off","Off","Off","251.1","1","Off","Off","Off","Off","Off","Off","1","0","Off","0","2","0","0","0","0"
"658","CLSME TAC311","147.04500","147.64500","D-Digital","High","12.5K","Off","Off","TAC311","Group Call","311","KC1JMH / Brad Br","Always","Carrier","Off","1","1","1","Off","1","1","None","None","Off","Off","Off","Off","Normal Encryption","Off","Off","Off","Off","251.1","1","Off","Off","Off","Off","Off","Off","1","0","Off","0","2","0","0","0","0"
"659","CLSME UA Eng1","147.04500","147.64500","D-Digital","High","12.5K","Off","Off","UA English 1-113","Group Call","113","KC1JMH / Brad Br","Always","Carrier","Off","1","1","1","Off","1","1","None","None","Off","Off","Off","Off","Normal Encryption","Off","Off","Off","Off","251.1","1","Off","Off","Off","Off","Off","Off","1","0","Off","0","2","0","0","0","0"
"660","CLSME UA Eng2","147.04500","147.64500","D-Digital","High","12.5K","Off","Off","UA English 2-123","Group Call","123","KC1JMH / Brad Br","Always","Carrier","Off","1","1","1","Off","1","1","None","None","Off","Off","Off","Off","Normal Encryption","Off","Off","Off","Off","251.1","1","Off","Off","Off","Off","Off","Off","1","0","Off","0","2","0","0","0","0"
"661","CLSME WW","147.04500","147.64500","D-Digital","High","12.5K","Off","Off","WW Call","Group Call","1","KC1JMH / Brad Br","Always","Carrier","Off","1","1","1","Off","1","1","None","None","Off","Off","Off","Off","Normal Encryption","Off","Off","Off","Off","251.1","1","Off","Off","Off","Off","Off","Off","1","0","Off","0","2","0","0","0","0"
"662","CLSME Audio","147.04500","147.64500","D-Digital","High","12.5K","Off","Off","Audio Watch","Group Call","9999","KC1JMH / Brad Br","Always","Carrier","Off","1","1","1","Off","1","1","None","None","Off","Off","Off","Off","Normal Encryption","Off","Off","Off","Off","251.1","1","Off","Off","Off","Off","Off","Off","1","0","Off","0","2","0","0","0","0"
"663","CLSME TAC312","147.04500","147.64500","D-Digital","High","12.5K","Off","Off","TAC312","Group Call","312","KC1JMH / Brad Br","Always","Carrier","Off","1","1","1","Off","1","1","None","None","Off","Off","Off","Off","Normal Encryption","Off","Off","Off","Off","251.1","1","Off","Off","Off","Off","Off","Off","1","0","Off","0","2","0","0","0","0"
"664","CLSME CT SW","147.04500","147.64500","D-Digital","High","12.5K","Off","Off","CT Statewide","Group Call","3109","KC1JMH / Brad Br","Always","Carrier","Off","1","1","1","Off","1","1","None","None","Off","Off","Off","Off","Normal Encryption","Off","Off","Off","Off","251.1","1","Off","Off","Off","Off","Off","Off","1","0","Off","0","2","0","0","0","0"
"665","CLSME MA SW","147.04500","147.64500","D-Digital","High","12.5K","Off","Off","MA Statewide","Group Call","3125","KC1JMH / Brad Br","Always","Carrier","Off","1","1","1","Off","1","1","None","None","Off","Off","Off","Off","Normal Encryption","Off","Off","Off","Off","251.1","1","Off","Off","Off","Off","Off","Off","1","0","Off","0","2","0","0","0","0"
"666","CLSME RI SW","147.04500","147.64500","D-Digital","High","12.5K","Off","Off","RI Statewide","Group Call","3144","KC1JMH / Brad Br","Always","Carrier","Off","1","1","1","Off","1","1","None","None","Off","Off","Off","Off","Normal Encryption","Off","Off","Off","Off","251.1","1","Off","Off","Off","Off","Off","Off","1","0","Off","0","2","0","0","0","0"
"667","CLSME VT SW","147.04500","147.64500","D-Digital","High","12.5K","Off","Off","VT Statewide","Group Call","3150","KC1JMH / Brad Br","Always","Carrier","Off","1","1","1","Off","1","1","None","None","Off","Off","Off","Off","Normal Encryption","Off","Off","Off","Off","251.1","1","Off","Off","Off","Off","Off","Off","1","0","Off","0","2","0","0","0","0"
"668","CMDME Local","145.37000","144.77000","D-Digital","High","12.5K","Off","Off","Local","Group Call","9","KC1JMH / Brad Br","Always","Carrier","Off","1","1","1","Off","12","2","None","None","Off","Off","Off","Off","Normal Encryption","Off","Off","Off","Off","251.1","1","Off","Off","Off","Off","Off","Off","1","0","Off","0","2","0","0","0","0"
"669","CMDME ME Event 1","145.37000","144.77000","D-Digital","High","12.5K","Off","Off","ME Event 1","Group Call","31231","KC1JMH / Brad Br","Always","Carrier","Off","1","1","1","Off","12","1","None","None","Off","Off","Off","Off","Normal Encryption","Off","Off","Off","Off","251.1","1","Off","Off","Off","Off","Off","Off","1","0","Off","0","2","0","0","0","0"
"670","CMDME ME Event 2","145.37000","144.77000","D-Digital","High","12.5K","Off","Off","ME Event 2","Group Call","31232","KC1JMH / Brad Br","Always","Carrier","Off","1","1","1","Off","12","2","None","None","Off","Off","Off","Off","Normal Encryption","Off","Off","Off","Off","251.1","1","Off","Off","Off","Off","Off","Off","1","0","Off","0","2","0","0","0","0"
"671","CMDME ME SW","145.37000","144.77000","D-Digital","High","12.5K","Off","Off","ME Statewide","Group Call","3123","KC1JMH / Brad Br","Always","Carrier","Off","1","1","1","Off","12","2","None","None","Off","Off","Off","Off","Normal Encryption","Off","Off","Off","Off","251.1","1","Off","Off","Off","Off","Off","Off","1","0","Off","0","2","0","0","0","0"
"672","CMDME NE Wide","145.37000","144.77000","D-Digital","High","12.5K","Off","Off","New England-Wide","Group Call","3181","KC1JMH / Brad Br","Always","Carrier","Off","1","1","1","Off","12","2","None","None","Off","Off","Off","Off","Normal Encryption","Off","Off","Off","Off","251.1","1","Off","Off","Off","Off","Off","Off","1","0","Off","0","2","0","0","0","0"
"673","CMDME NETAC1","145.37000","144.77000","D-Digital","High","12.5K","Off","Off","NETAC1","Group Call","8801","KC1JMH / Brad Br","Always","Carrier","Off","1","1","1","Off","12","1","None","None","Off","Off","Off","Off","Normal Encryption","Off","Off","Off","Off","251.1","1","Off","Off","Off","Off","Off","Off","1","0","Off","0","2","0","0","0","0"
"674","CMDME NETAC2","145.37000","144.77000","D-Digital","High","12.5K","Off","Off","NETAC2","Group Call","8802","KC1JMH / Brad Br","Always","Carrier","Off","1","1","1","Off","12","2","None","None","Off","Off","Off","Off","Normal Encryption","Off","Off","Off","Off","251.1","1","Off","Off","Off","Off","Off","Off","1","0","Off","0","2","0","0","0","0"
"675","CMDME NH SW","145.37000","144.77000","D-Digital","High","12.5K","Off","Off","NH Statewide","Group Call","3133","KC1JMH / Brad Br","Always","Carrier","Off","1","1","1","Off","12","1","None","None","Off","Off","Off","Off","Normal Encryption","Off","Off","Off","Off","251.1","1","Off","Off","Off","Off","Off","Off","1","0","Off","0","2","0","0","0","0"
"676","CMDME North Am","145.37000","144.77000","D-Digital","High","12.5K","Off","Off","North America","Group Call","3","KC1JMH / Brad Br","Always","Carrier","Off","1","1","1","Off","12","1","None","None","Off","Off","Off","Off","Normal Encryption","Off","Off","Off","Off","251.1","1","Off","Off","Off","Off","Off","Off","1","0","Off","0","2","0","0","0","0"
"677","CMDME Northeast","145.37000","144.77000","D-Digital","High","12.5K","Off","Off","Northeast","Group Call","3172","KC1JMH / Brad Br","Always","Carrier","Off","1","1","1","Off","12","1","None","None","Off","Off","Off","Off","Normal Encryption","Off","Off","Off","Off","251.1","1","Off","Off","Off","Off","Off","Off","1","0","Off","0","2","0","0","0","0"
"678","CMDME Parrot","145.37000","144.77000","D-Digital","High","12.5K","Off","Off","Parrot","Group Call","9998","KC1JMH / Brad Br","Always","Carrier","Off","1","1","1","Off","12","1","None","None","Off","Off","Off","Off","Normal Encryption","Off","Off","Off","Off","251.1","1","Off","Off","Off","Off","Off","Off","1","0","Off","0","2","0","0","0","0"
"679","CMDME Reg North","145.37000","144.77000","D-Digital","High","12.5K","Off","Off","Region North","Group Call","8","KC1JMH / Brad Br","Always","Carrier","Off","1","1","1","Off","12","2","None","None","Off","Off","Off","Off","Normal Encryption","Off","Off","Off","Off","251.1","1","Off","Off","Off","Off","Off","Off","1","0","Off","0","2","0","0","0","0"
"680","CMDME SKYWARN","145.37000","144.77000","D-Digital","High","12.5K","Off","Off","SKYWARN","Group Call","759","KC1JMH / Brad Br","Always","Carrier","Off","1","1","1","Off","12","1","None","None","Off","Off","Off","Off","Normal Encryption","Off","Off","Off","Off","251.1","1","Off","Off","Off","Off","Off","Off","1","0","Off","0","2","0","0","0","0"
"681","CMDME TAC310","145.37000","144.77000","D-Digital","High","12.5K","Off","Off","TAC310","Group Call","310","KC1JMH / Brad Br","Always","Carrier","Off","1","1","1","Off","12","1","None","None","Off","Off","Off","Off","Normal Encryption","Off","Off","Off","Off","251.1","1","Off","Off","Off","Off","Off","Off","1","0","Off","0","2","0","0","0","0"
"682","CMDME TAC311","145.37000","144.77000","D-Digital","High","12.5K","Off","Off","TAC311","Group Call","311","KC1JMH / Brad Br","Always","Carrier","Off","1","1","1","Off","12","1","None","None","Off","Off","Off","Off","Normal Encryption","Off","Off","Off","Off","251.1","1","Off","Off","Off","Off","Off","Off","1","0","Off","0","2","0","0","0","0"
"683","CMDME UA Eng1","145.37000","144.77000","D-Digital","High","12.5K","Off","Off","UA English 1-113","Group Call","113","KC1JMH / Brad Br","Always","Carrier","Off","1","1","1","Off","12","1","None","None","Off","Off","Off","Off","Normal Encryption","Off","Off","Off","Off","251.1","1","Off","Off","Off","Off","Off","Off","1","0","Off","0","2","0","0","0","0"
"684","CMDME UA Eng2","145.37000","144.77000","D-Digital","High","12.5K","Off","Off","UA English 2-123","Group Call","123","KC1JMH / Brad Br","Always","Carrier","Off","1","1","1","Off","12","1","None","None","Off","Off","Off","Off","Normal Encryption","Off","Off","Off","Off","251.1","1","Off","Off","Off","Off","Off","Off","1","0","Off","0","2","0","0","0","0"
"685","CMDME WW","145.37000","144.77000","D-Digital","High","12.5K","Off","Off","WW Call","Group Call","1","KC1JMH / Brad Br","Always","Carrier","Off","1","1","1","Off","12","1","None","None","Off","Off","Off","Off","Normal Encryption","Off","Off","Off","Off","251.1","1","Off","Off","Off","Off","Off","Off","1","0","Off","0","2","0","0","0","0"
"686","CMDME Audio","145.37000","144.77000","D-Digital","High","12.5K","Off","Off","Audio Watch","Group Call","9999","KC1JMH / Brad Br","Always","Carrier","Off","1","1","1","Off","12","1","None","None","Off","Off","Off","Off","Normal Encryption","Off","Off","Off","Off","251.1","1","Off","Off","Off","Off","Off","Off","1","0","Off","0","2","0","0","0","0"
"687","CMDME TAC312","145.37000","144.77000","D-Digital","High","12.5K","Off","Off","TAC312","Group Call","312","KC1JMH / Brad Br","Always","Carrier","Off","1","1","1","Off","12","1","None","None","Off","Off","Off","Off","Normal Encryption","Off","Off","Off","Off","251.1","1","Off","Off","Off","Off","Off","Off","1","0","Off","0","2","0","0","0","0"
"688","CMDME CT SW","145.37000","144.77000","D-Digital","High","12.5K","Off","Off","CT Statewide","Group Call","3109","KC1JMH / Brad Br","Always","Carrier","Off","1","1","1","Off","12","1","None","None","Off","Off","Off","Off","Normal Encryption","Off","Off","Off","Off","251.1","1","Off","Off","Off","Off","Off","Off","1","0","Off","0","2","0","0","0","0"
"689","CMDME MA SW","145.37000","144.77000","D-Digital","High","12.5K","Off","Off","MA Statewide","Group Call","3125","KC1JMH / Brad Br","Always","Carrier","Off","1","1","1","Off","12","1","None","None","Off","Off","Off","Off","Normal Encryption","Off","Off","Off","Off","251.1","1","Off","Off","Off","Off","Off","Off","1","0","Off","0","2","0","0","0","0"
"690","CMDME RI SW","145.37000","144.77000","D-Digital","High","12.5K","Off","Off","RI Statewide","Group Call","3144","KC1JMH / Brad Br","Always","Carrier","Off","1","1","1","Off","12","1","None","None","Off","Off","Off","Off","Normal Encryption","Off","Off","Off","Off","251.1","1","Off","Off","Off","Off","Off","Off","1","0","Off","0","2","0","0","0","0"
"691","CMDME VT SW","145.37000","144.77000","D-Digital","High","12.5K","Off","Off","VT Statewide","Group Call","3150","KC1JMH / Brad Br","Always","Carrier","Off","1","1","1","Off","12","1","None","None","Off","Off","Off","Off","Normal Encryption","Off","Off","Off","Off","251.1","1","Off","Off","Off","Off","Off","Off","1","0","Off","0","2","0","0","0","0"
"692","DRSME Local","145.43000","144.83000","D-Digital","High","12.5K","Off","Off","Local","Group Call","9","KC1JMH / Brad Br","Always","Carrier","Off","1","1","1","Off","12","2","None","None","Off","Off","Off","Off","Normal Encryption","Off","Off","Off","Off","251.1","1","Off","Off","Off","Off","Off","Off","1","0","Off","0","2","0","0","0","0"
"693","DRSME ME Event 1","145.43000","144.83000","D-Digital","High","12.5K","Off","Off","ME Event 1","Group Call","31231","KC1JMH / Brad Br","Always","Carrier","Off","1","1","1","Off","12","1","None","None","Off","Off","Off","Off","Normal Encryption","Off","Off","Off","Off","251.1","1","Off","Off","Off","Off","Off","Off","1","0","Off","0","2","0","0","0","0"
"694","DRSME ME Event 2","145.43000","144.83000","D-Digital","High","12.5K","Off","Off","ME Event 2","Group Call","31232","KC1JMH / Brad Br","Always","Carrier","Off","1","1","1","Off","12","2","None","None","Off","Off","Off","Off","Normal Encryption","Off","Off","Off","Off","251.1","1","Off","Off","Off","Off","Off","Off","1","0","Off","0","2","0","0","0","0"
"695","DRSME ME SW","145.43000","144.83000","D-Digital","High","12.5K","Off","Off","ME Statewide","Group Call","3123","KC1JMH / Brad Br","Always","Carrier","Off","1","1","1","Off","12","2","None","None","Off","Off","Off","Off","Normal Encryption","Off","Off","Off","Off","251.1","1","Off","Off","Off","Off","Off","Off","1","0","Off","0","2","0","0","0","0"
"696","DRSME NE Wide","145.43000","144.83000","D-Digital","High","12.5K","Off","Off","New England-Wide","Group Call","3181","KC1JMH / Brad Br","Always","Carrier","Off","1","1","1","Off","12","2","None","None","Off","Off","Off","Off","Normal Encryption","Off","Off","Off","Off","251.1","1","Off","Off","Off","Off","Off","Off","1","0","Off","0","2","0","0","0","0"
"697","DRSME NETAC1","145.43000","144.83000","D-Digital","High","12.5K","Off","Off","NETAC1","Group Call","8801","KC1JMH / Brad Br","Always","Carrier","Off","1","1","1","Off","12","1","None","None","Off","Off","Off","Off","Normal Encryption","Off","Off","Off","Off","251.1","1","Off","Off","Off","Off","Off","Off","1","0","Off","0","2","0","0","0","0"
"698","DRSME NETAC2","145.43000","144.83000","D-Digital","High","12.5K","Off","Off","NETAC2","Group Call","8802","KC1JMH / Brad Br","Always","Carrier","Off","1","1","1","Off","12","2","None","None","Off","Off","Off","Off","Normal Encryption","Off","Off","Off","Off","251.1","1","Off","Off","Off","Off","Off","Off","1","0","Off","0","2","0","0","0","0"
"699","DRSME NH SW","145.43000","144.83000","D-Digital","High","12.5K","Off","Off","NH Statewide","Group Call","3133","KC1JMH / Brad Br","Always","Carrier","Off","1","1","1","Off","12","1","None","None","Off","Off","Off","Off","Normal Encryption","Off","Off","Off","Off","251.1","1","Off","Off","Off","Off","Off","Off","1","0","Off","0","2","0","0","0","0"
"700","DRSME North Am","145.43000","144.83000","D-Digital","High","12.5K","Off","Off","North America","Group Call","3","KC1JMH / Brad Br","Always","Carrier","Off","1","1","1","Off","12","1","None","None","Off","Off","Off","Off","Normal Encryption","Off","Off","Off","Off","251.1","1","Off","Off","Off","Off","Off","Off","1","0","Off","0","2","0","0","0","0"
"701","DRSME Northeast","145.43000","144.83000","D-Digital","High","12.5K","Off","Off","Northeast","Group Call","3172","KC1JMH / Brad Br","Always","Carrier","Off","1","1","1","Off","12","1","None","None","Off","Off","Off","Off","Normal Encryption","Off","Off","Off","Off","251.1","1","Off","Off","Off","Off","Off","Off","1","0","Off","0","2","0","0","0","0"
"702","DRSME Parrot","145.43000","144.83000","D-Digital","High","12.5K","Off","Off","Parrot","Group Call","9998","KC1JMH / Brad Br","Always","Carrier","Off","1","1","1","Off","12","1","None","None","Off","Off","Off","Off","Normal Encryption","Off","Off","Off","Off","251.1","1","Off","Off","Off","Off","Off","Off","1","0","Off","0","2","0","0","0","0"
"703","DRSME Reg North","145.43000","144.83000","D-Digital","High","12.5K","Off","Off","Region North","Group Call","8","KC1JMH / Brad Br","Always","Carrier","Off","1","1","1","Off","12","2","None","None","Off","Off","Off","Off","Normal Encryption","Off","Off","Off","Off","251.1","1","Off","Off","Off","Off","Off","Off","1","0","Off","0","2","0","0","0","0"
"704","DRSME SKYWARN","145.43000","144.83000","D-Digital","High","12.5K","Off","Off","SKYWARN","Group Call","759","KC1JMH / Brad Br","Always","Carrier","Off","1","1","1","Off","12","1","None","None","Off","Off","Off","Off","Normal Encryption","Off","Off","Off","Off","251.1","1","Off","Off","Off","Off","Off","Off","1","0","Off","0","2","0","0","0","0"
"705","DRSME TAC310","145.43000","144.83000","D-Digital","High","12.5K","Off","Off","TAC310","Group Call","310","KC1JMH / Brad Br","Always","Carrier","Off","1","1","1","Off","12","1","None","None","Off","Off","Off","Off","Normal Encryption","Off","Off","Off","Off","251.1","1","Off","Off","Off","Off","Off","Off","1","0","Off","0","2","0","0","0","0"
"706","DRSME TAC311","145.43000","144.83000","D-Digital","High","12.5K","Off","Off","TAC311","Group Call","311","KC1JMH / Brad Br","Always","Carrier","Off","1","1","1","Off","12","1","None","None","Off","Off","Off","Off","Normal Encryption","Off","Off","Off","Off","251.1","1","Off","Off","Off","Off","Off","Off","1","0","Off","0","2","0","0","0","0"
"707","DRSME UA Eng1","145.43000","144.83000","D-Digital","High","12.5K","Off","Off","UA English 1-113","Group Call","113","KC1JMH / Brad Br","Always","Carrier","Off","1","1","1","Off","12","1","None","None","Off","Off","Off","Off","Normal Encryption","Off","Off","Off","Off","251.1","1","Off","Off","Off","Off","Off","Off","1","0","Off","0","2","0","0","0","0"
"708","DRSME UA Eng2","145.43000","144.83000","D-Digital","High","12.5K","Off","Off","UA English 2-123","Group Call","123","KC1JMH / Brad Br","Always","Carrier","Off","1","1","1","Off","12","1","None","None","Off","Off","Off","Off","Normal Encryption","Off","Off","Off","Off","251.1","1","Off","Off","Off","Off","Off","Off","1","0","Off","0","2","0","0","0","0"
"709","DRSME WW","145.43000","144.83000","D-Digital","High","12.5K","Off","Off","WW Call","Group Call","1","KC1JMH / Brad Br","Always","Carrier","Off","1","1","1","Off","12","1","None","None","Off","Off","Off","Off","Normal Encryption","Off","Off","Off","Off","251.1","1","Off","Off","Off","Off","Off","Off","1","0","Off","0","2","0","0","0","0"
"710","DRSME Audio","145.43000","144.83000","D-Digital","High","12.5K","Off","Off","Audio Watch","Group Call","9999","KC1JMH / Brad Br","Always","Carrier","Off","1","1","1","Off","12","1","None","None","Off","Off","Off","Off","Normal Encryption","Off","Off","Off","Off","251.1","1","Off","Off","Off","Off","Off","Off","1","0","Off","0","2","0","0","0","0"
"711","DRSME TAC312","145.43000","144.83000","D-Digital","High","12.5K","Off","Off","TAC312","Group Call","312","KC1JMH / Brad Br","Always","Carrier","Off","1","1","1","Off","12","1","None","None","Off","Off","Off","Off","Normal Encryption","Off","Off","Off","Off","251.1","1","Off","Off","Off","Off","Off","Off","1","0","Off","0","2","0","0","0","0"
"712","DRSME CT SW","145.43000","144.83000","D-Digital","High","12.5K","Off","Off","CT Statewide","Group Call","3109","KC1JMH / Brad Br","Always","Carrier","Off","1","1","1","Off","12","1","None","None","Off","Off","Off","Off","Normal Encryption","Off","Off","Off","Off","251.1","1","Off","Off","Off","Off","Off","Off","1","0","Off","0","2","0","0","0","0"
"713","DRSME MA SW","145.43000","144.83000","D-Digital","High","12.5K","Off","Off","MA Statewide","Group Call","3125","KC1JMH / Brad Br","Always","Carrier","Off","1","1","1","Off","12","1","None","None","Off","Off","Off","Off","Normal Encryption","Off","Off","Off","Off","251.1","1","Off","Off","Off","Off","Off","Off","1","0","Off","0","2","0","0","0","0"
"714","DRSME RI SW","145.43000","144.83000","D-Digital","High","12.5K","Off","Off","RI Statewide","Group Call","3144","KC1JMH / Brad Br","Always","Carrier","Off","1","1","1","Off","12","1","None","None","Off","Off","Off","Off","Normal Encryption","Off","Off","Off","Off","251.1","1","Off","Off","Off","Off","Off","Off","1","0","Off","0","2","0","0","0","0"
"715","DRSME VT SW","145.43000","144.83000","D-Digital","High","12.5K","Off","Off","VT Statewide","Group Call","3150","KC1JMH / Brad Br","Always","Carrier","Off","1","1","1","Off","12","1","None","None","Off","Off","Off","Off","Normal Encryption","Off","Off","Off","Off","251.1","1","Off","Off","Off","Off","Off","Off","1","0","Off","0","2","0","0","0","0"
"716","DXTME Local","145.22000","144.62000","D-Digital","High","12.5K","Off","Off","Local","Group Call","9","KC1JMH / Brad Br","Always","Carrier","Off","1","1","1","Off","12","2","None","None","Off","Off","Off","Off","Normal Encryption","Off","Off","Off","Off","251.1","1","Off","Off","Off","Off","Off","Off","1","0","Off","0","2","0","0","0","0"
"717","DXTME ME Event 1","145.22000","144.62000","D-Digital","High","12.5K","Off","Off","ME Event 1","Group Call","31231","KC1JMH / Brad Br","Always","Carrier","Off","1","1","1","Off","12","1","None","None","Off","Off","Off","Off","Normal Encryption","Off","Off","Off","Off","251.1","1","Off","Off","Off","Off","Off","Off","1","0","Off","0","2","0","0","0","0"
"718","DXTME ME Event 2","145.22000","144.62000","D-Digital","High","12.5K","Off","Off","ME Event 2","Group Call","31232","KC1JMH / Brad Br","Always","Carrier","Off","1","1","1","Off","12","2","None","None","Off","Off","Off","Off","Normal Encryption","Off","Off","Off","Off","251.1","1","Off","Off","Off","Off","Off","Off","1","0","Off","0","2","0","0","0","0"
"719","DXTME ME SW","145.22000","144.62000","D-Digital","High","12.5K","Off","Off","ME Statewide","Group Call","3123","KC1JMH / Brad Br","Always","Carrier","Off","1","1","1","Off","12","2","None","None","Off","Off","Off","Off","Normal Encryption","Off","Off","Off","Off","251.1","1","Off","Off","Off","Off","Off","Off","1","0","Off","0","2","0","0","0","0"
"720","DXTME NE Wide","145.22000","144.62000","D-Digital","High","12.5K","Off","Off","New England-Wide","Group Call","3181","KC1JMH / Brad Br","Always","Carrier","Off","1","1","1","Off","12","2","None","None","Off","Off","Off","Off","Normal Encryption","Off","Off","Off","Off","251.1","1","Off","Off","Off","Off","Off","Off","1","0","Off","0","2","0","0","0","0"
"721","DXTME NETAC1","145.22000","144.62000","D-Digital","High","12.5K","Off","Off","NETAC1","Group Call","8801","KC1JMH / Brad Br","Always","Carrier","Off","1","1","1","Off","12","1","None","None","Off","Off","Off","Off","Normal Encryption","Off","Off","Off","Off","251.1","1","Off","Off","Off","Off","Off","Off","1","0","Off","0","2","0","0","0","0"
"722","DXTME NETAC2","145.22000","144.62000","D-Digital","High","12.5K","Off","Off","NETAC2","Group Call","8802","KC1JMH / Brad Br","Always","Carrier","Off","1","1","1","Off","12","2","None","None","Off","Off","Off","Off","Normal Encryption","Off","Off","Off","Off","251.1","1","Off","Off","Off","Off","Off","Off","1","0","Off","0","2","0","0","0","0"
"723","DXTME NH SW","145.22000","144.62000","D-Digital","High","12.5K","Off","Off","NH Statewide","Group Call","3133","KC1JMH / Brad Br","Always","Carrier","Off","1","1","1","Off","12","1","None","None","Off","Off","Off","Off","Normal Encryption","Off","Off","Off","Off","251.1","1","Off","Off","Off","Off","Off","Off","1","0","Off","0","2","0","0","0","0"
"724","DXTME North Am","145.22000","144.62000","D-Digital","High","12.5K","Off","Off","North America","Group Call","3","KC1JMH / Brad Br","Always","Carrier","Off","1","1","1","Off","12","1","None","None","Off","Off","Off","Off","Normal Encryption","Off","Off","Off","Off","251.1","1","Off","Off","Off","Off","Off","Off","1","0","Off","0","2","0","0","0","0"
"725","DXTME Northeast","145.22000","144.62000","D-Digital","High","12.5K","Off","Off","Northeast","Group Call","3172","KC1JMH / Brad Br","Always","Carrier","Off","1","1","1","Off","12","1","None","None","Off","Off","Off","Off","Normal Encryption","Off","Off","Off","Off","251.1","1","Off","Off","Off","Off","Off","Off","1","0","Off","0","2","0","0","0","0"
"726","DXTME Parrot","145.22000","144.62000","D-Digital","High","12.5K","Off","Off","Parrot","Group Call","9998","KC1JMH / Brad Br","Always","Carrier","Off","1","1","1","Off","12","1","None","None","Off","Off","Off","Off","Normal Encryption","Off","Off","Off","Off","251.1","1","Off","Off","Off","Off","Off","Off","1","0","Off","0","2","0","0","0","0"
"727","DXTME Reg North","145.22000","144.62000","D-Digital","High","12.5K","Off","Off","Region North","Group Call","8","KC1JMH / Brad Br","Always","Carrier","Off","1","1","1","Off","12","2","None","None","Off","Off","Off","Off","Normal Encryption","Off","Off","Off","Off","251.1","1","Off","Off","Off","Off","Off","Off","1","0","Off","0","2","0","0","0","0"
"728","DXTME SKYWARN","145.22000","144.62000","D-Digital","High","12.5K","Off","Off","SKYWARN","Group Call","759","KC1JMH / Brad Br","Always","Carrier","Off","1","1","1","Off","12","1","None","None","Off","Off","Off","Off","Normal Encryption","Off","Off","Off","Off","251.1","1","Off","Off","Off","Off","Off","Off","1","0","Off","0","2","0","0","0","0"
"729","DXTME TAC310","145.22000","144.62000","D-Digital","High","12.5K","Off","Off","TAC310","Group Call","310","KC1JMH / Brad Br","Always","Carrier","Off","1","1","1","Off","12","1","None","None","Off","Off","Off","Off","Normal Encryption","Off","Off","Off","Off","251.1","1","Off","Off","Off","Off","Off","Off","1","0","Off","0","2","0","0","0","0"
"730","DXTME TAC311","145.22000","144.62000","D-Digital","High","12.5K","Off","Off","TAC311","Group Call","311","KC1JMH / Brad Br","Always","Carrier","Off","1","1","1","Off","12","1","None","None","Off","Off","Off","Off","Normal Encryption","Off","Off","Off","Off","251.1","1","Off","Off","Off","Off","Off","Off","1","0","Off","0","2","0","0","0","0"
"731","DXTME UA Eng1","145.22000","144.62000","D-Digital","High","12.5K","Off","Off","UA English 1-113","Group Call","113","KC1JMH / Brad Br","Always","Carrier","Off","1","1","1","Off","12","1","None","None","Off","Off","Off","Off","Normal Encryption","Off","Off","Off","Off","251.1","1","Off","Off","Off","Off","Off","Off","1","0","Off","0","2","0","0","0","0"
"732","DXTME UA Eng2","145.22000","144.62000","D-Digital","High","12.5K","Off","Off","UA English 2-123","Group Call","123","KC1JMH / Brad Br","Always","Carrier","Off","1","1","1","Off","12","1","None","None","Off","Off","Off","Off","Normal Encryption","Off","Off","Off","Off","251.1","1","Off","Off","Off","Off","Off","Off","1","0","Off","0","2","0","0","0","0"
"733","DXTME WW","145.22000","144.62000","D-Digital","High","12.5K","Off","Off","WW Call","Group Call","1","KC1JMH / Brad Br","Always","Carrier","Off","1","1","1","Off","12","1","None","None","Off","Off","Off","Off","Normal Encryption","Off","Off","Off","Off","251.1","1","Off","Off","Off","Off","Off","Off","1","0","Off","0","2","0","0","0","0"
"734","DXTME Audio","145.22000","144.62000","D-Digital","High","12.5K","Off","Off","Audio Watch","Group Call","9999","KC1JMH / Brad Br","Always","Carrier","Off","1","1","1","Off","12","1","None","None","Off","Off","Off","Off","Normal Encryption","Off","Off","Off","Off","251.1","1","Off","Off","Off","Off","Off","Off","1","0","Off","0","2","0","0","0","0"
"735","DXTME TAC312","145.22000","144.62000","D-Digital","High","12.5K","Off","Off","TAC312","Group Call","312","KC1JMH / Brad Br","Always","Carrier","Off","1","1","1","Off","12","1","None","None","Off","Off","Off","Off","Normal Encryption","Off","Off","Off","Off","251.1","1","Off","Off","Off","Off","Off","Off","1","0","Off","0","2","0","0","0","0"
"736","DXTME TAC316","145.22000","144.62000","D-Digital","High","12.5K","Off","Off","TAC316","Group Call","316","KC1JMH / Brad Br","Always","Carrier","Off","1","1","1","Off","12","1","None","None","Off","Off","Off","Off","Normal Encryption","Off","Off","Off","Off","251.1","1","Off","Off","Off","Off","Off","Off","1","0","Off","0","2","0","0","0","0"
"737","DXTME CT SW","145.22000","144.62000","D-Digital","High","12.5K","Off","Off","CT Statewide","Group Call","3109","KC1JMH / Brad Br","Always","Carrier","Off","1","1","1","Off","12","1","None","None","Off","Off","Off","Off","Normal Encryption","Off","Off","Off","Off","251.1","1","Off","Off","Off","Off","Off","Off","1","0","Off","0","2","0","0","0","0"
"738","DXTME MA SW","145.22000","144.62000","D-Digital","High","12.5K","Off","Off","MA Statewide","Group Call","3125","KC1JMH / Brad Br","Always","Carrier","Off","1","1","1","Off","12","1","None","None","Off","Off","Off","Off","Normal Encryption","Off","Off","Off","Off","251.1","1","Off","Off","Off","Off","Off","Off","1","0","Off","0","2","0","0","0","0"
"739","DXTME RI SW","145.22000","144.62000","D-Digital","High","12.5K","Off","Off","RI Statewide","Group Call","3144","KC1JMH / Brad Br","Always","Carrier","Off","1","1","1","Off","12","1","None","None","Off","Off","Off","Off","Normal Encryption","Off","Off","Off","Off","251.1","1","Off","Off","Off","Off","Off","Off","1","0","Off","0","2","0","0","0","0"
"740","DXTME VT SW","145.22000","144.62000","D-Digital","High","12.5K","Off","Off","VT Statewide","Group Call","3150","KC1JMH / Brad Br","Always","Carrier","Off","1","1","1","Off","12","1","None","None","Off","Off","Off","Off","Normal Encryption","Off","Off","Off","Off","251.1","1","Off","Off","Off","Off","Off","Off","1","0","Off","0","2","0","0","0","0"
"741","FRMME Local","442.40000","447.40000","D-Digital","High","12.5K","Off","Off","Local","Group Call","9","KC1JMH / Brad Br","Always","Carrier","Off","1","1","1","Off","11","2","None","None","Off","Off","Off","Off","Normal Encryption","Off","Off","Off","Off","251.1","1","Off","Off","Off","Off","Off","Off","1","0","Off","0","2","0","0","0","0"
"742","FRMME ME Event 1","442.40000","447.40000","D-Digital","High","12.5K","Off","Off","ME Event 1","Group Call","31231","KC1JMH / Brad Br","Always","Carrier","Off","1","1","1","Off","11","1","None","None","Off","Off","Off","Off","Normal Encryption","Off","Off","Off","Off","251.1","1","Off","Off","Off","Off","Off","Off","1","0","Off","0","2","0","0","0","0"
"743","FRMME ME Event 2","442.40000","447.40000","D-Digital","High","12.5K","Off","Off","ME Event 2","Group Call","31232","KC1JMH / Brad Br","Always","Carrier","Off","1","1","1","Off","11","2","None","None","Off","Off","Off","Off","Normal Encryption","Off","Off","Off","Off","251.1","1","Off","Off","Off","Off","Off","Off","1","0","Off","0","2","0","0","0","0"
"744","FRMME ME SW","442.40000","447.40000","D-Digital","High","12.5K","Off","Off","ME Statewide","Group Call","3123","KC1JMH / Brad Br","Always","Carrier","Off","1","1","1","Off","11","2","None","None","Off","Off","Off","Off","Normal Encryption","Off","Off","Off","Off","251.1","1","Off","Off","Off","Off","Off","Off","1","0","Off","0","2","0","0","0","0"
"745","FRMME NE Wide","442.40000","447.40000","D-Digital","High","12.5K","Off","Off","New England-Wide","Group Call","3181","KC1JMH / Brad Br","Always","Carrier","Off","1","1","1","Off","11","2","None","None","Off","Off","Off","Off","Normal Encryption","Off","Off","Off","Off","251.1","1","Off","Off","Off","Off","Off","Off","1","0","Off","0","2","0","0","0","0"
"746","FRMME NH SW","442.40000","447.40000","D-Digital","High","12.5K","Off","Off","NH Statewide","Group Call","3133","KC1JMH / Brad Br","Always","Carrier","Off","1","1","1","Off","11","1","None","None","Off","Off","Off","Off","Normal Encryption","Off","Off","Off","Off","251.1","1","Off","Off","Off","Off","Off","Off","1","0","Off","0","2","0","0","0","0"
"747","FRMME North Am","442.40000","447.40000","D-Digital","High","12.5K","Off","Off","North America","Group Call","3","KC1JMH / Brad Br","Always","Carrier","Off","1","1","1","Off","11","1","None","None","Off","Off","Off","Off","Normal Encryption","Off","Off","Off","Off","251.1","1","Off","Off","Off","Off","Off","Off","1","0","Off","0","2","0","0","0","0"
"748","FRMME Northeast","442.40000","447.40000","D-Digital","High","12.5K","Off","Off","Northeast","Group Call","3172","KC1JMH / Brad Br","Always","Carrier","Off","1","1","1","Off","11","1","None","None","Off","Off","Off","Off","Normal Encryption","Off","Off","Off","Off","251.1","1","Off","Off","Off","Off","Off","Off","1","0","Off","0","2","0","0","0","0"
"749","FRMME Parrot","442.40000","447.40000","D-Digital","High","12.5K","Off","Off","Parrot","Group Call","9998","KC1JMH / Brad Br","Always","Carrier","Off","1","1","1","Off","11","1","None","None","Off","Off","Off","Off","Normal Encryption","Off","Off","Off","Off","251.1","1","Off","Off","Off","Off","Off","Off","1","0","Off","0","2","0","0","0","0"
"750","FRMME Reg North","442.40000","447.40000","D-Digital","High","12.5K","Off","Off","Region North","Group Call","8","KC1JMH / Brad Br","Always","Carrier","Off","1","1","1","Off","11","2","None","None","Off","Off","Off","Off","Normal Encryption","Off","Off","Off","Off","251.1","1","Off","Off","Off","Off","Off","Off","1","0","Off","0","2","0","0","0","0"
"751","FRMME SKYWARN","442.40000","447.40000","D-Digital","High","12.5K","Off","Off","SKYWARN","Group Call","759","KC1JMH / Brad Br","Always","Carrier","Off","1","1","1","Off","11","1","None","None","Off","Off","Off","Off","Normal Encryption","Off","Off","Off","Off","251.1","1","Off","Off","Off","Off","Off","Off","1","0","Off","0","2","0","0","0","0"
"752","FRMME WW","442.40000","447.40000","D-Digital","High","12.5K","Off","Off","WW Call","Group Call","1","KC1JMH / Brad Br","Always","Carrier","Off","1","1","1","Off","11","1","None","None","Off","Off","Off","Off","Normal Encryption","Off","Off","Off","Off","251.1","1","Off","Off","Off","Off","Off","Off","1","0","Off","0","2","0","0","0","0"
"753","FRMME Audio","442.40000","447.40000","D-Digital","High","12.5K","Off","Off","Audio Watch","Group Call","9999","KC1JMH / Brad Br","Always","Carrier","Off","1","1","1","Off","11","1","None","None","Off","Off","Off","Off","Normal Encryption","Off","Off","Off","Off","251.1","1","Off","Off","Off","Off","Off","Off","1","0","Off","0","2","0","0","0","0"
"754","FRMME TAC310","442.40000","447.40000","D-Digital","High","12.5K","Off","Off","TAC310","Group Call","310","KC1JMH / Brad Br","Always","Carrier","Off","1","1","1","Off","11","1","None","None","Off","Off","Off","Off","Normal Encryption","Off","Off","Off","Off","251.1","1","Off","Off","Off","Off","Off","Off","1","0","Off","0","2","0","0","0","0"
"755","FRMME TAC311","442.40000","447.40000","D-Digital","High","12.5K","Off","Off","TAC311","Group Call","311","KC1JMH / Brad Br","Always","Carrier","Off","1","1","1","Off","11","1","None","None","Off","Off","Off","Off","Normal Encryption","Off","Off","Off","Off","251.1","1","Off","Off","Off","Off","Off","Off","1","0","Off","0","2","0","0","0","0"
"756","FRMME TAC312","442.40000","447.40000","D-Digital","High","12.5K","Off","Off","TAC312","Group Call","312","KC1JMH / Brad Br","Always","Carrier","Off","1","1","1","Off","11","1","None","None","Off","Off","Off","Off","Normal Encryption","Off","Off","Off","Off","251.1","1","Off","Off","Off","Off","Off","Off","1","0","Off","0","2","0","0","0","0"
"757","FRMME NETAC1","442.40000","447.40000","D-Digital","High","12.5K","Off","Off","NETAC1","Group Call","8801","KC1JMH / Brad Br","Always","Carrier","Off","1","1","1","Off","11","1","None","None","Off","Off","Off","Off","Normal Encryption","Off","Off","Off","Off","251.1","1","Off","Off","Off","Off","Off","Off","1","0","Off","0","2","0","0","0","0"
"758","FRMME FCEMA","442.40000","447.40000","D-Digital","High","12.5K","Off","Off","FCEMA","Group Call","31235","KC1JMH / Brad Br","Always","Carrier","Off","1","1","1","Off","11","1","None","None","Off","Off","Off","Off","Normal Encryption","Off","Off","Off","Off","251.1","1","Off","Off","Off","Off","Off","Off","1","0","Off","0","2","0","0","0","0"
"759","FRMME CT SW","442.40000","447.40000","D-Digital","High","12.5K","Off","Off","CT Statewide","Group Call","3109","KC1JMH / Brad Br","Always","Carrier","Off","1","1","1","Off","11","1","None","None","Off","Off","Off","Off","Normal Encryption","Off","Off","Off","Off","251.1","1","Off","Off","Off","Off","Off","Off","1","0","Off","0","2","0","0","0","0"
"760","FRMME MA SW","442.40000","447.40000","D-Digital","High","12.5K","Off","Off","MA Statewide","Group Call","3125","KC1JMH / Brad Br","Always","Carrier","Off","1","1","1","Off","11","1","None","None","Off","Off","Off","Off","Normal Encryption","Off","Off","Off","Off","251.1","1","Off","Off","Off","Off","Off","Off","1","0","Off","0","2","0","0","0","0"
"761","FRMME RI SW","442.40000","447.40000","D-Digital","High","12.5K","Off","Off","RI Statewide","Group Call","3144","KC1JMH / Brad Br","Always","Carrier","Off","1","1","1","Off","11","1","None","None","Off","Off","Off","Off","Normal Encryption","Off","Off","Off","Off","251.1","1","Off","Off","Off","Off","Off","Off","1","0","Off","0","2","0","0","0","0"
"762","FRMME VT SW","442.40000","447.40000","D-Digital","High","12.5K","Off","Off","VT Statewide","Group Call","3150","KC1JMH / Brad Br","Always","Carrier","Off","1","1","1","Off","11","1","None","None","Off","Off","Off","Off","Normal Encryption","Off","Off","Off","Off","251.1","1","Off","Off","Off","Off","Off","Off","1","0","Off","0","2","0","0","0","0"
"763","FRMME NETAC2","442.40000","447.40000","D-Digital","High","12.5K","Off","Off","NETAC2","Group Call","8802","KC1JMH / Brad Br","Always","Carrier","Off","1","1","1","Off","11","2","None","None","Off","Off","Off","Off","Normal Encryption","Off","Off","Off","Off","251.1","1","Off","Off","Off","Off","Off","Off","1","0","Off","0","2","0","0","0","0"
"764","FTKME Local","145.20000","144.60000","D-Digital","High","12.5K","Off","Off","Local","Group Call","9","KC1JMH / Brad Br","Always","Carrier","Off","1","1","1","Off","12","2","None","None","Off","Off","Off","Off","Normal Encryption","Off","Off","Off","Off","251.1","1","Off","Off","Off","Off","Off","Off","1","0","Off","0","2","0","0","0","0"
"765","FTKME ME Event 1","145.20000","144.60000","D-Digital","High","12.5K","Off","Off","ME Event 1","Group Call","31231","KC1JMH / Brad Br","Always","Carrier","Off","1","1","1","Off","12","1","None","None","Off","Off","Off","Off","Normal Encryption","Off","Off","Off","Off","251.1","1","Off","Off","Off","Off","Off","Off","1","0","Off","0","2","0","0","0","0"
"766","FTKME ME Event 2","145.20000","144.60000","D-Digital","High","12.5K","Off","Off","ME Event 2","Group Call","31232","KC1JMH / Brad Br","Always","Carrier","Off","1","1","1","Off","12","2","None","None","Off","Off","Off","Off","Normal Encryption","Off","Off","Off","Off","251.1","1","Off","Off","Off","Off","Off","Off","1","0","Off","0","2","0","0","0","0"
"767","FTKME ME SW","145.20000","144.60000","D-Digital","High","12.5K","Off","Off","ME Statewide","Group Call","3123","KC1JMH / Brad Br","Always","Carrier","Off","1","1","1","Off","12","2","None","None","Off","Off","Off","Off","Normal Encryption","Off","Off","Off","Off","251.1","1","Off","Off","Off","Off","Off","Off","1","0","Off","0","2","0","0","0","0"
"768","FTKME NE Wide","145.20000","144.60000","D-Digital","High","12.5K","Off","Off","New England-Wide","Group Call","3181","KC1JMH / Brad Br","Always","Carrier","Off","1","1","1","Off","12","2","None","None","Off","Off","Off","Off","Normal Encryption","Off","Off","Off","Off","251.1","1","Off","Off","Off","Off","Off","Off","1","0","Off","0","2","0","0","0","0"
"769","FTKME NETAC1","145.20000","144.60000","D-Digital","High","12.5K","Off","Off","NETAC1","Group Call","8801","KC1JMH / Brad Br","Always","Carrier","Off","1","1","1","Off","12","1","None","None","Off","Off","Off","Off","Normal Encryption","Off","Off","Off","Off","251.1","1","Off","Off","Off","Off","Off","Off","1","0","Off","0","2","0","0","0","0"
"770","FTKME NETAC2","145.20000","144.60000","D-Digital","High","12.5K","Off","Off","NETAC2","Group Call","8802","KC1JMH / Brad Br","Always","Carrier","Off","1","1","1","Off","12","2","None","None","Off","Off","Off","Off","Normal Encryption","Off","Off","Off","Off","251.1","1","Off","Off","Off","Off","Off","Off","1","0","Off","0","2","0","0","0","0"
"771","FTKME NEWBRNSWCK","145.20000","144.60000","D-Digital","High","12.5K","Off","Off","New Brunswick","Group Call","3029","KC1JMH / Brad Br","Always","Carrier","Off","1","1","1","Off","12","1","None","None","Off","Off","Off","Off","Normal Encryption","Off","Off","Off","Off","251.1","1","Off","Off","Off","Off","Off","Off","1","0","Off","0","2","0","0","0","0"
"772","FTKME NH SW","145.20000","144.60000","D-Digital","High","12.5K","Off","Off","NH Statewide","Group Call","3133","KC1JMH / Brad Br","Always","Carrier","Off","1","1","1","Off","12","1","None","None","Off","Off","Off","Off","Normal Encryption","Off","Off","Off","Off","251.1","1","Off","Off","Off","Off","Off","Off","1","0","Off","0","2","0","0","0","0"
"773","FTKME North Am","145.20000","144.60000","D-Digital","High","12.5K","Off","Off","North America","Group Call","3","KC1JMH / Brad Br","Always","Carrier","Off","1","1","1","Off","12","1","None","None","Off","Off","Off","Off","Normal Encryption","Off","Off","Off","Off","251.1","1","Off","Off","Off","Off","Off","Off","1","0","Off","0","2","0","0","0","0"
"774","FTKME Northeast","145.20000","144.60000","D-Digital","High","12.5K","Off","Off","Northeast","Group Call","3172","KC1JMH / Brad Br","Always","Carrier","Off","1","1","1","Off","12","1","None","None","Off","Off","Off","Off","Normal Encryption","Off","Off","Off","Off","251.1","1","Off","Off","Off","Off","Off","Off","1","0","Off","0","2","0","0","0","0"
"775","FTKME Parrot","145.20000","144.60000","D-Digital","High","12.5K","Off","Off","Parrot","Group Call","9998","KC1JMH / Brad Br","Always","Carrier","Off","1","1","1","Off","12","1","None","None","Off","Off","Off","Off","Normal Encryption","Off","Off","Off","Off","251.1","1","Off","Off","Off","Off","Off","Off","1","0","Off","0","2","0","0","0","0"
"776","FTKME Reg North","145.20000","144.60000","D-Digital","High","12.5K","Off","Off","Region North","Group Call","8","KC1JMH / Brad Br","Always","Carrier","Off","1","1","1","Off","12","2","None","None","Off","Off","Off","Off","Normal Encryption","Off","Off","Off","Off","251.1","1","Off","Off","Off","Off","Off","Off","1","0","Off","0","2","0","0","0","0"
"777","FTKME SKYWARN","145.20000","144.60000","D-Digital","High","12.5K","Off","Off","SKYWARN","Group Call","759","KC1JMH / Brad Br","Always","Carrier","Off","1","1","1","Off","12","1","None","None","Off","Off","Off","Off","Normal Encryption","Off","Off","Off","Off","251.1","1","Off","Off","Off","Off","Off","Off","1","0","Off","0","2","0","0","0","0"
"778","FTKME TAC310","145.20000","144.60000","D-Digital","High","12.5K","Off","Off","TAC310","Group Call","310","KC1JMH / Brad Br","Always","Carrier","Off","1","1","1","Off","12","1","None","None","Off","Off","Off","Off","Normal Encryption","Off","Off","Off","Off","251.1","1","Off","Off","Off","Off","Off","Off","1","0","Off","0","2","0","0","0","0"
"779","FTKME TAC311","145.20000","144.60000","D-Digital","High","12.5K","Off","Off","TAC311","Group Call","311","KC1JMH / Brad Br","Always","Carrier","Off","1","1","1","Off","12","1","None","None","Off","Off","Off","Off","Normal Encryption","Off","Off","Off","Off","251.1","1","Off","Off","Off","Off","Off","Off","1","0","Off","0","2","0","0","0","0"
"780","FTKME UA Eng1","145.20000","144.60000","D-Digital","High","12.5K","Off","Off","UA English 1-113","Group Call","113","KC1JMH / Brad Br","Always","Carrier","Off","1","1","1","Off","12","1","None","None","Off","Off","Off","Off","Normal Encryption","Off","Off","Off","Off","251.1","1","Off","Off","Off","Off","Off","Off","1","0","Off","0","2","0","0","0","0"
"781","FTKME UA Eng2","145.20000","144.60000","D-Digital","High","12.5K","Off","Off","UA English 2-123","Group Call","123","KC1JMH / Brad Br","Always","Carrier","Off","1","1","1","Off","12","1","None","None","Off","Off","Off","Off","Normal Encryption","Off","Off","Off","Off","251.1","1","Off","Off","Off","Off","Off","Off","1","0","Off","0","2","0","0","0","0"
"782","FTKME WW","145.20000","144.60000","D-Digital","High","12.5K","Off","Off","WW Call","Group Call","1","KC1JMH / Brad Br","Always","Carrier","Off","1","1","1","Off","12","1","None","None","Off","Off","Off","Off","Normal Encryption","Off","Off","Off","Off","251.1","1","Off","Off","Off","Off","Off","Off","1","0","Off","0","2","0","0","0","0"
"783","FTKME Audio","145.20000","144.60000","D-Digital","High","12.5K","Off","Off","Audio Watch","Group Call","9999","KC1JMH / Brad Br","Always","Carrier","Off","1","1","1","Off","12","1","None","None","Off","Off","Off","Off","Normal Encryption","Off","Off","Off","Off","251.1","1","Off","Off","Off","Off","Off","Off","1","0","Off","0","2","0","0","0","0"
"784","FTKME TAC312","145.20000","144.60000","D-Digital","High","12.5K","Off","Off","TAC312","Group Call","312","KC1JMH / Brad Br","Always","Carrier","Off","1","1","1","Off","12","1","None","None","Off","Off","Off","Off","Normal Encryption","Off","Off","Off","Off","251.1","1","Off","Off","Off","Off","Off","Off","1","0","Off","0","2","0","0","0","0"
"785","FTKME CT SW","145.20000","144.60000","D-Digital","High","12.5K","Off","Off","CT Statewide","Group Call","3109","KC1JMH / Brad Br","Always","Carrier","Off","1","1","1","Off","12","1","None","None","Off","Off","Off","Off","Normal Encryption","Off","Off","Off","Off","251.1","1","Off","Off","Off","Off","Off","Off","1","0","Off","0","2","0","0","0","0"
"786","FTKME MA SW","145.20000","144.60000","D-Digital","High","12.5K","Off","Off","MA Statewide","Group Call","3125","KC1JMH / Brad Br","Always","Carrier","Off","1","1","1","Off","12","1","None","None","Off","Off","Off","Off","Normal Encryption","Off","Off","Off","Off","251.1","1","Off","Off","Off","Off","Off","Off","1","0","Off","0","2","0","0","0","0"
"787","FTKME RI SW","145.20000","144.60000","D-Digital","High","12.5K","Off","Off","RI Statewide","Group Call","3144","KC1JMH / Brad Br","Always","Carrier","Off","1","1","1","Off","12","1","None","None","Off","Off","Off","Off","Normal Encryption","Off","Off","Off","Off","251.1","1","Off","Off","Off","Off","Off","Off","1","0","Off","0","2","0","0","0","0"
"788","FTKME VT SW","145.20000","144.60000","D-Digital","High","12.5K","Off","Off","VT Statewide","Group Call","3150","KC1JMH / Brad Br","Always","Carrier","Off","1","1","1","Off","12","1","None","None","Off","Off","Off","Off","Normal Encryption","Off","Off","Off","Off","251.1","1","Off","Off","Off","Off","Off","Off","1","0","Off","0","2","0","0","0","0"
"789","GLDME Local","145.21000","144.61000","D-Digital","High","12.5K","Off","Off","Local","Group Call","9","KC1JMH / Brad Br","Always","Carrier","Off","1","1","1","Off","12","2","None","None","Off","Off","Off","Off","Normal Encryption","Off","Off","Off","Off","251.1","1","Off","Off","Off","Off","Off","Off","1","0","Off","0","2","0","0","0","0"
"790","GLDME ME Event 1","145.21000","144.61000","D-Digital","High","12.5K","Off","Off","ME Event 1","Group Call","31231","KC1JMH / Brad Br","Always","Carrier","Off","1","1","1","Off","12","1","None","None","Off","Off","Off","Off","Normal Encryption","Off","Off","Off","Off","251.1","1","Off","Off","Off","Off","Off","Off","1","0","Off","0","2","0","0","0","0"
"791","GLDME ME Event 2","145.21000","144.61000","D-Digital","High","12.5K","Off","Off","ME Event 2","Group Call","31232","KC1JMH / Brad Br","Always","Carrier","Off","1","1","1","Off","12","2","None","None","Off","Off","Off","Off","Normal Encryption","Off","Off","Off","Off","251.1","1","Off","Off","Off","Off","Off","Off","1","0","Off","0","2","0","0","0","0"
"792","GLDME ME SW","145.21000","144.61000","D-Digital","High","12.5K","Off","Off","ME Statewide","Group Call","3123","KC1JMH / Brad Br","Always","Carrier","Off","1","1","1","Off","12","2","None","None","Off","Off","Off","Off","Normal Encryption","Off","Off","Off","Off","251.1","1","Off","Off","Off","Off","Off","Off","1","0","Off","0","2","0","0","0","0"
"793","GLDME NE Wide","145.21000","144.61000","D-Digital","High","12.5K","Off","Off","New England-Wide","Group Call","3181","KC1JMH / Brad Br","Always","Carrier","Off","1","1","1","Off","12","2","None","None","Off","Off","Off","Off","Normal Encryption","Off","Off","Off","Off","251.1","1","Off","Off","Off","Off","Off","Off","1","0","Off","0","2","0","0","0","0"
"794","GLDME NETAC1","145.21000","144.61000","D-Digital","High","12.5K","Off","Off","NETAC1","Group Call","8801","KC1JMH / Brad Br","Always","Carrier","Off","1","1","1","Off","12","1","None","None","Off","Off","Off","Off","Normal Encryption","Off","Off","Off","Off","251.1","1","Off","Off","Off","Off","Off","Off","1","0","Off","0","2","0","0","0","0"
"795","GLDME NETAC2","145.21000","144.61000","D-Digital","High","12.5K","Off","Off","NETAC2","Group Call","8802","KC1JMH / Brad Br","Always","Carrier","Off","1","1","1","Off","12","2","None","None","Off","Off","Off","Off","Normal Encryption","Off","Off","Off","Off","251.1","1","Off","Off","Off","Off","Off","Off","1","0","Off","0","2","0","0","0","0"
"796","GLDME NEWBRNSWCK","145.21000","144.61000","D-Digital","High","12.5K","Off","Off","New Brunswick","Group Call","3029","KC1JMH / Brad Br","Always","Carrier","Off","1","1","1","Off","12","1","None","None","Off","Off","Off","Off","Normal Encryption","Off","Off","Off","Off","251.1","1","Off","Off","Off","Off","Off","Off","1","0","Off","0","2","0","0","0","0"
"797","GLDME NH SW","145.21000","144.61000","D-Digital","High","12.5K","Off","Off","NH Statewide","Group Call","3133","KC1JMH / Brad Br","Always","Carrier","Off","1","1","1","Off","12","1","None","None","Off","Off","Off","Off","Normal Encryption","Off","Off","Off","Off","251.1","1","Off","Off","Off","Off","Off","Off","1","0","Off","0","2","0","0","0","0"
"798","GLDME North Am","145.21000","144.61000","D-Digital","High","12.5K","Off","Off","North America","Group Call","3","KC1JMH / Brad Br","Always","Carrier","Off","1","1","1","Off","12","1","None","None","Off","Off","Off","Off","Normal Encryption","Off","Off","Off","Off","251.1","1","Off","Off","Off","Off","Off","Off","1","0","Off","0","2","0","0","0","0"
"799","GLDME Northeast","145.21000","144.61000","D-Digital","High","12.5K","Off","Off","Northeast","Group Call","3172","KC1JMH / Brad Br","Always","Carrier","Off","1","1","1","Off","12","1","None","None","Off","Off","Off","Off","Normal Encryption","Off","Off","Off","Off","251.1","1","Off","Off","Off","Off","Off","Off","1","0","Off","0","2","0","0","0","0"
"800","GLDME Parrot","145.21000","144.61000","D-Digital","High","12.5K","Off","Off","Parrot","Group Call","9998","KC1JMH / Brad Br","Always","Carrier","Off","1","1","1","Off","12","1","None","None","Off","Off","Off","Off","Normal Encryption","Off","Off","Off","Off","251.1","1","Off","Off","Off","Off","Off","Off","1","0","Off","0","2","0","0","0","0"
"801","GLDME Reg North","145.21000","144.61000","D-Digital","High","12.5K","Off","Off","Region North","Group Call","8","KC1JMH / Brad Br","Always","Carrier","Off","1","1","1","Off","12","2","None","None","Off","Off","Off","Off","Normal Encryption","Off","Off","Off","Off","251.1","1","Off","Off","Off","Off","Off","Off","1","0","Off","0","2","0","0","0","0"
"802","GLDME SKYWARN","145.21000","144.61000","D-Digital","High","12.5K","Off","Off","SKYWARN","Group Call","759","KC1JMH / Brad Br","Always","Carrier","Off","1","1","1","Off","12","1","None","None","Off","Off","Off","Off","Normal Encryption","Off","Off","Off","Off","251.1","1","Off","Off","Off","Off","Off","Off","1","0","Off","0","2","0","0","0","0"
"803","GLDME TAC310","145.21000","144.61000","D-Digital","High","12.5K","Off","Off","TAC310","Group Call","310","KC1JMH / Brad Br","Always","Carrier","Off","1","1","1","Off","12","1","None","None","Off","Off","Off","Off","Normal Encryption","Off","Off","Off","Off","251.1","1","Off","Off","Off","Off","Off","Off","1","0","Off","0","2","0","0","0","0"
"804","GLDME TAC311","145.21000","144.61000","D-Digital","High","12.5K","Off","Off","TAC311","Group Call","311","KC1JMH / Brad Br","Always","Carrier","Off","1","1","1","Off","12","1","None","None","Off","Off","Off","Off","Normal Encryption","Off","Off","Off","Off","251.1","1","Off","Off","Off","Off","Off","Off","1","0","Off","0","2","0","0","0","0"
"805","GLDME UA Eng1","145.21000","144.61000","D-Digital","High","12.5K","Off","Off","UA English 1-113","Group Call","113","KC1JMH / Brad Br","Always","Carrier","Off","1","1","1","Off","12","1","None","None","Off","Off","Off","Off","Normal Encryption","Off","Off","Off","Off","251.1","1","Off","Off","Off","Off","Off","Off","1","0","Off","0","2","0","0","0","0"
"806","GLDME UA Eng2","145.21000","144.61000","D-Digital","High","12.5K","Off","Off","UA English 2-123","Group Call","123","KC1JMH / Brad Br","Always","Carrier","Off","1","1","1","Off","12","1","None","None","Off","Off","Off","Off","Normal Encryption","Off","Off","Off","Off","251.1","1","Off","Off","Off","Off","Off","Off","1","0","Off","0","2","0","0","0","0"
"807","GLDME WW","145.21000","144.61000","D-Digital","High","12.5K","Off","Off","WW Call","Group Call","1","KC1JMH / Brad Br","Always","Carrier","Off","1","1","1","Off","12","1","None","None","Off","Off","Off","Off","Normal Encryption","Off","Off","Off","Off","251.1","1","Off","Off","Off","Off","Off","Off","1","0","Off","0","2","0","0","0","0"
"808","GLDME Audio","145.21000","144.61000","D-Digital","High","12.5K","Off","Off","Audio Watch","Group Call","9999","KC1JMH / Brad Br","Always","Carrier","Off","1","1","1","Off","12","1","None","None","Off","Off","Off","Off","Normal Encryption","Off","Off","Off","Off","251.1","1","Off","Off","Off","Off","Off","Off","1","0","Off","0","2","0","0","0","0"
"809","GLDME TAC312","145.21000","144.61000","D-Digital","High","12.5K","Off","Off","TAC312","Group Call","312","KC1JMH / Brad Br","Always","Carrier","Off","1","1","1","Off","12","1","None","None","Off","Off","Off","Off","Normal Encryption","Off","Off","Off","Off","251.1","1","Off","Off","Off","Off","Off","Off","1","0","Off","0","2","0","0","0","0"
"810","GLDME TAC316","145.21000","144.61000","D-Digital","High","12.5K","Off","Off","TAC316","Group Call","316","KC1JMH / Brad Br","Always","Carrier","Off","1","1","1","Off","12","1","None","None","Off","Off","Off","Off","Normal Encryption","Off","Off","Off","Off","251.1","1","Off","Off","Off","Off","Off","Off","1","0","Off","0","2","0","0","0","0"
"811","GLDME CT SW","145.21000","144.61000","D-Digital","High","12.5K","Off","Off","CT Statewide","Group Call","3109","KC1JMH / Brad Br","Always","Carrier","Off","1","1","1","Off","12","1","None","None","Off","Off","Off","Off","Normal Encryption","Off","Off","Off","Off","251.1","1","Off","Off","Off","Off","Off","Off","1","0","Off","0","2","0","0","0","0"
"812","GLDME MA SW","145.21000","144.61000","D-Digital","High","12.5K","Off","Off","MA Statewide","Group Call","3125","KC1JMH / Brad Br","Always","Carrier","Off","1","1","1","Off","12","1","None","None","Off","Off","Off","Off","Normal Encryption","Off","Off","Off","Off","251.1","1","Off","Off","Off","Off","Off","Off","1","0","Off","0","2","0","0","0","0"
"813","GLDME RI SW","145.21000","144.61000","D-Digital","High","12.5K","Off","Off","RI Statewide","Group Call","3144","KC1JMH / Brad Br","Always","Carrier","Off","1","1","1","Off","12","1","None","None","Off","Off","Off","Off","Normal Encryption","Off","Off","Off","Off","251.1","1","Off","Off","Off","Off","Off","Off","1","0","Off","0","2","0","0","0","0"
"814","GLDME VT SW","145.21000","144.61000","D-Digital","High","12.5K","Off","Off","VT Statewide","Group Call","3150","KC1JMH / Brad Br","Always","Carrier","Off","1","1","1","Off","12","1","None","None","Off","Off","Off","Off","Normal Encryption","Off","Off","Off","Off","251.1","1","Off","Off","Off","Off","Off","Off","1","0","Off","0","2","0","0","0","0"
"815","HLDME Local","145.31000","144.71000","D-Digital","High","12.5K","Off","Off","Local","Group Call","9","KC1JMH / Brad Br","Always","Carrier","Off","1","1","1","Off","10","2","None","None","Off","Off","Off","Off","Normal Encryption","Off","Off","Off","Off","251.1","1","Off","Off","Off","Off","Off","Off","1","0","Off","0","2","0","0","0","0"
"816","HLDME ME Event 1","145.31000","144.71000","D-Digital","Turbo","12.5K","Off","Off","ME Event 1","Group Call","31231","KC1JMH / Brad Br","Always","Carrier","Off","1","1","1","Off","10","1","None","None","Off","Off","Off","Off","Normal Encryption","Off","Off","Off","Off","251.1","1","Off","Off","Off","Off","Off","Off","1","0","Off","0","2","0","0","0","0"
"817","HLDME ME Event 2","145.31000","144.71000","D-Digital","Turbo","12.5K","Off","Off","ME Event 2","Group Call","31232","KC1JMH / Brad Br","Always","Carrier","Off","1","1","1","Off","10","2","None","None","Off","Off","Off","Off","Normal Encryption","Off","Off","Off","Off","251.1","1","Off","Off","Off","Off","Off","Off","1","0","Off","0","2","0","0","0","0"
"818","HLDME ME SW","145.31000","144.71000","D-Digital","High","12.5K","Off","Off","ME Statewide","Group Call","3123","KC1JMH / Brad Br","Always","Carrier","Off","1","1","1","Off","10","2","None","None","Off","Off","Off","Off","Normal Encryption","Off","Off","Off","Off","251.1","1","Off","Off","Off","Off","Off","Off","1","0","Off","0","2","0","0","0","0"
"819","HLDME NE Wide","145.31000","144.71000","D-Digital","High","12.5K","Off","Off","New England-Wide","Group Call","3181","KC1JMH / Brad Br","Always","Carrier","Off","1","1","1","Off","10","2","None","None","Off","Off","Off","Off","Normal Encryption","Off","Off","Off","Off","251.1","1","Off","Off","Off","Off","Off","Off","1","0","Off","0","2","0","0","0","0"
"820","HLDME NETAC1","145.31000","144.71000","D-Digital","High","12.5K","Off","Off","NETAC1","Group Call","8801","KC1JMH / Brad Br","Always","Carrier","Off","1","1","1","Off","10","1","None","None","Off","Off","Off","Off","Normal Encryption","Off","Off","Off","Off","251.1","1","Off","Off","Off","Off","Off","Off","1","0","Off","0","2","0","0","0","0"
"821","HLDME NETAC2","145.31000","144.71000","D-Digital","High","12.5K","Off","Off","NETAC2","Group Call","8802","KC1JMH / Brad Br","Always","Carrier","Off","1","1","1","Off","10","2","None","None","Off","Off","Off","Off","Normal Encryption","Off","Off","Off","Off","251.1","1","Off","Off","Off","Off","Off","Off","1","0","Off","0","2","0","0","0","0"
"822","HLDME NH SW","145.31000","144.71000","D-Digital","High","12.5K","Off","Off","NH Statewide","Group Call","3133","KC1JMH / Brad Br","Always","Carrier","Off","1","1","1","Off","10","1","None","None","Off","Off","Off","Off","Normal Encryption","Off","Off","Off","Off","251.1","1","Off","Off","Off","Off","Off","Off","1","0","Off","0","2","0","0","0","0"
"823","HLDME North Am","145.31000","144.71000","D-Digital","High","12.5K","Off","Off","North America","Group Call","3","KC1JMH / Brad Br","Always","Carrier","Off","1","1","1","Off","10","1","None","None","Off","Off","Off","Off","Normal Encryption","Off","Off","Off","Off","251.1","1","Off","Off","Off","Off","Off","Off","1","0","Off","0","2","0","0","0","0"
"824","HLDME Northeast","145.31000","144.71000","D-Digital","High","12.5K","Off","Off","Northeast","Group Call","3172","KC1JMH / Brad Br","Always","Carrier","Off","1","1","1","Off","10","1","None","None","Off","Off","Off","Off","Normal Encryption","Off","Off","Off","Off","251.1","1","Off","Off","Off","Off","Off","Off","1","0","Off","0","2","0","0","0","0"
"825","HLDME Parrot","145.31000","144.71000","D-Digital","High","12.5K","Off","Off","Parrot","Group Call","9998","KC1JMH / Brad Br","Always","Carrier","Off","1","1","1","Off","10","1","None","None","Off","Off","Off","Off","Normal Encryption","Off","Off","Off","Off","251.1","1","Off","Off","Off","Off","Off","Off","1","0","Off","0","2","0","0","0","0"
"826","HLDME Reg North","145.31000","144.71000","D-Digital","High","12.5K","Off","Off","Region North","Group Call","8","KC1JMH / Brad Br","Always","Carrier","Off","1","1","1","Off","10","2","None","None","Off","Off","Off","Off","Normal Encryption","Off","Off","Off","Off","251.1","1","Off","Off","Off","Off","Off","Off","1","0","Off","0","2","0","0","0","0"
"827","HLDME SKYWARN","145.31000","144.71000","D-Digital","High","12.5K","Off","Off","SKYWARN","Group Call","759","KC1JMH / Brad Br","Always","Carrier","Off","1","1","1","Off","10","1","None","None","Off","Off","Off","Off","Normal Encryption","Off","Off","Off","Off","251.1","1","Off","Off","Off","Off","Off","Off","1","0","Off","0","2","0","0","0","0"
"828","HLDME TAC310","145.31000","144.71000","D-Digital","High","12.5K","Off","Off","TAC310","Group Call","310","KC1JMH / Brad Br","Always","Carrier","Off","1","1","1","Off","10","1","None","None","Off","Off","Off","Off","Normal Encryption","Off","Off","Off","Off","251.1","1","Off","Off","Off","Off","Off","Off","1","0","Off","0","2","0","0","0","0"
"829","HLDME TAC311","145.31000","144.71000","D-Digital","High","12.5K","Off","Off","TAC311","Group Call","311","KC1JMH / Brad Br","Always","Carrier","Off","1","1","1","Off","10","1","None","None","Off","Off","Off","Off","Normal Encryption","Off","Off","Off","Off","251.1","1","Off","Off","Off","Off","Off","Off","1","0","Off","0","2","0","0","0","0"
"830","HLDME UA Eng1","145.31000","144.71000","D-Digital","High","12.5K","Off","Off","UA English 1-113","Group Call","113","KC1JMH / Brad Br","Always","Carrier","Off","1","1","1","Off","10","1","None","None","Off","Off","Off","Off","Normal Encryption","Off","Off","Off","Off","251.1","1","Off","Off","Off","Off","Off","Off","1","0","Off","0","2","0","0","0","0"
"831","HLDME UA Eng2","145.31000","144.71000","D-Digital","High","12.5K","Off","Off","UA English 2-123","Group Call","123","KC1JMH / Brad Br","Always","Carrier","Off","1","1","1","Off","10","1","None","None","Off","Off","Off","Off","Normal Encryption","Off","Off","Off","Off","251.1","1","Off","Off","Off","Off","Off","Off","1","0","Off","0","2","0","0","0","0"
"832","HLDME WW","145.31000","144.71000","D-Digital","High","12.5K","Off","Off","WW Call","Group Call","1","KC1JMH / Brad Br","Always","Carrier","Off","1","1","1","Off","10","1","None","None","Off","Off","Off","Off","Normal Encryption","Off","Off","Off","Off","251.1","1","Off","Off","Off","Off","Off","Off","1","0","Off","0","2","0","0","0","0"
"833","HLDME Audio","145.31000","144.71000","D-Digital","High","12.5K","Off","Off","Audio Watch","Group Call","9999","KC1JMH / Brad Br","Always","Carrier","Off","1","1","1","Off","10","1","None","None","Off","Off","Off","Off","Normal Encryption","Off","Off","Off","Off","251.1","1","Off","Off","Off","Off","Off","Off","1","0","Off","0","2","0","0","0","0"
"834","HLDME TAC312","145.31000","144.71000","D-Digital","High","12.5K","Off","Off","TAC312","Group Call","312","KC1JMH / Brad Br","Always","Carrier","Off","1","1","1","Off","10","1","None","None","Off","Off","Off","Off","Normal Encryption","Off","Off","Off","Off","251.1","1","Off","Off","Off","Off","Off","Off","1","0","Off","0","2","0","0","0","0"
"835","HLDME TAC316","145.31000","144.71000","D-Digital","High","12.5K","Off","Off","TAC316","Group Call","316","KC1JMH / Brad Br","Always","Carrier","Off","1","1","1","Off","10","1","None","None","Off","Off","Off","Off","Normal Encryption","Off","Off","Off","Off","251.1","1","Off","Off","Off","Off","Off","Off","1","0","Off","0","2","0","0","0","0"
"836","HLDME CT SW","145.31000","144.71000","D-Digital","High","12.5K","Off","Off","CT Statewide","Group Call","3109","KC1JMH / Brad Br","Always","Carrier","Off","1","1","1","Off","10","1","None","None","Off","Off","Off","Off","Normal Encryption","Off","Off","Off","Off","251.1","1","Off","Off","Off","Off","Off","Off","1","0","Off","0","2","0","0","0","0"
"837","HLDME MA SW","145.31000","144.71000","D-Digital","High","12.5K","Off","Off","MA Statewide","Group Call","3125","KC1JMH / Brad Br","Always","Carrier","Off","1","1","1","Off","10","1","None","None","Off","Off","Off","Off","Normal Encryption","Off","Off","Off","Off","251.1","1","Off","Off","Off","Off","Off","Off","1","0","Off","0","2","0","0","0","0"
"838","HLDME RI SW","145.31000","144.71000","D-Digital","High","12.5K","Off","Off","RI Statewide","Group Call","3144","KC1JMH / Brad Br","Always","Carrier","Off","1","1","1","Off","10","1","None","None","Off","Off","Off","Off","Normal Encryption","Off","Off","Off","Off","251.1","1","Off","Off","Off","Off","Off","Off","1","0","Off","0","2","0","0","0","0"
"839","HLDME VT SW","145.31000","144.71000","D-Digital","High","12.5K","Off","Off","VT Statewide","Group Call","3150","KC1JMH / Brad Br","Always","Carrier","Off","1","1","1","Off","10","1","None","None","Off","Off","Off","Off","Normal Encryption","Off","Off","Off","Off","251.1","1","Off","Off","Off","Off","Off","Off","1","0","Off","0","2","0","0","0","0"
"840","KBYME CT SW","145.12000","144.52000","D-Digital","High","12.5K","Off","Off","CT Statewide","Group Call","3109","KC1JMH / Brad Br","Always","Carrier","Off","1","1","1","Off","11","1","None","None","Off","Off","Off","Off","Normal Encryption","Off","Off","Off","Off","251.1","1","Off","Off","Off","Off","Off","Off","1","0","Off","0","2","0","0","0","0"
"841","KBYME Local","145.12000","144.52000","D-Digital","High","12.5K","Off","Off","Local","Group Call","9","KC1JMH / Brad Br","Always","Carrier","Off","1","1","1","Off","11","2","None","None","Off","Off","Off","Off","Normal Encryption","Off","Off","Off","Off","251.1","1","Off","Off","Off","Off","Off","Off","1","0","Off","0","2","0","0","0","0"
"842","KBYME MA SW","145.12000","144.52000","D-Digital","High","12.5K","Off","Off","MA Statewide","Group Call","3125","KC1JMH / Brad Br","Always","Carrier","Off","1","1","1","Off","11","1","None","None","Off","Off","Off","Off","Normal Encryption","Off","Off","Off","Off","251.1","1","Off","Off","Off","Off","Off","Off","1","0","Off","0","2","0","0","0","0"
"843","KBYME ME Event 1","145.12000","144.52000","D-Digital","High","12.5K","Off","Off","ME Event 1","Group Call","31231","KC1JMH / Brad Br","Always","Carrier","Off","1","1","1","Off","11","1","None","None","Off","Off","Off","Off","Normal Encryption","Off","Off","Off","Off","251.1","1","Off","Off","Off","Off","Off","Off","1","0","Off","0","2","0","0","0","0"
"844","KBYME ME Event 2","145.12000","144.52000","D-Digital","High","12.5K","Off","Off","ME Event 2","Group Call","31232","KC1JMH / Brad Br","Always","Carrier","Off","1","1","1","Off","11","2","None","None","Off","Off","Off","Off","Normal Encryption","Off","Off","Off","Off","251.1","1","Off","Off","Off","Off","Off","Off","1","0","Off","0","2","0","0","0","0"
"845","KBYME ME SW","145.12000","144.52000","D-Digital","High","12.5K","Off","Off","ME Statewide","Group Call","3123","KC1JMH / Brad Br","Always","Carrier","Off","1","1","1","Off","11","2","None","None","Off","Off","Off","Off","Normal Encryption","Off","Off","Off","Off","251.1","1","Off","Off","Off","Off","Off","Off","1","0","Off","0","2","0","0","0","0"
"846","KBYME NE Wide","145.12000","144.52000","D-Digital","High","12.5K","Off","Off","New England-Wide","Group Call","3181","KC1JMH / Brad Br","Always","Carrier","Off","1","1","1","Off","11","2","None","None","Off","Off","Off","Off","Normal Encryption","Off","Off","Off","Off","251.1","1","Off","Off","Off","Off","Off","Off","1","0","Off","0","2","0","0","0","0"
"847","KBYME NETAC1","145.12000","144.52000","D-Digital","High","12.5K","Off","Off","NETAC1","Group Call","8801","KC1JMH / Brad Br","Always","Carrier","Off","1","1","1","Off","11","1","None","None","Off","Off","Off","Off","Normal Encryption","Off","Off","Off","Off","251.1","1","Off","Off","Off","Off","Off","Off","1","0","Off","0","2","0","0","0","0"
"848","KBYME NETAC2","145.12000","144.52000","D-Digital","High","12.5K","Off","Off","NETAC2","Group Call","8802","KC1JMH / Brad Br","Always","Carrier","Off","1","1","1","Off","11","2","None","None","Off","Off","Off","Off","Normal Encryption","Off","Off","Off","Off","251.1","1","Off","Off","Off","Off","Off","Off","1","0","Off","0","2","0","0","0","0"
"849","KBYME NH SW","145.12000","144.52000","D-Digital","High","12.5K","Off","Off","NH Statewide","Group Call","3133","KC1JMH / Brad Br","Always","Carrier","Off","1","1","1","Off","11","1","None","None","Off","Off","Off","Off","Normal Encryption","Off","Off","Off","Off","251.1","1","Off","Off","Off","Off","Off","Off","1","0","Off","0","2","0","0","0","0"
"850","KBYME North Am","145.12000","144.52000","D-Digital","High","12.5K","Off","Off","North America","Group Call","3","KC1JMH / Brad Br","Always","Carrier","Off","1","1","1","Off","11","1","None","None","Off","Off","Off","Off","Normal Encryption","Off","Off","Off","Off","251.1","1","Off","Off","Off","Off","Off","Off","1","0","Off","0","2","0","0","0","0"
"851","KBYME Northeast","145.12000","144.52000","D-Digital","High","12.5K","Off","Off","Northeast","Group Call","3172","KC1JMH / Brad Br","Always","Carrier","Off","1","1","1","Off","11","1","None","None","Off","Off","Off","Off","Normal Encryption","Off","Off","Off","Off","251.1","1","Off","Off","Off","Off","Off","Off","1","0","Off","0","2","0","0","0","0"
"852","KBYME Parrot","145.12000","144.52000","D-Digital","High","12.5K","Off","Off","Parrot","Group Call","9998","KC1JMH / Brad Br","Always","Carrier","Off","1","1","1","Off","11","1","None","None","Off","Off","Off","Off","Normal Encryption","Off","Off","Off","Off","251.1","1","Off","Off","Off","Off","Off","Off","1","0","Off","0","2","0","0","0","0"
"853","KBYME Reg North","145.12000","144.52000","D-Digital","High","12.5K","Off","Off","Region North","Group Call","8","KC1JMH / Brad Br","Always","Carrier","Off","1","1","1","Off","11","1","None","None","Off","Off","Off","Off","Normal Encryption","Off","Off","Off","Off","251.1","1","Off","Off","Off","Off","Off","Off","1","0","Off","0","2","0","0","0","0"
"854","KBYME SKYWARN","145.12000","144.52000","D-Digital","High","12.5K","Off","Off","SKYWARN","Group Call","759","KC1JMH / Brad Br","Always","Carrier","Off","1","1","1","Off","11","1","None","None","Off","Off","Off","Off","Normal Encryption","Off","Off","Off","Off","251.1","1","Off","Off","Off","Off","Off","Off","1","0","Off","0","2","0","0","0","0"
"855","KBYME TAC310","145.12000","144.52000","D-Digital","High","12.5K","Off","Off","TAC310","Group Call","310","KC1JMH / Brad Br","Always","Carrier","Off","1","1","1","Off","11","1","None","None","Off","Off","Off","Off","Normal Encryption","Off","Off","Off","Off","251.1","1","Off","Off","Off","Off","Off","Off","1","0","Off","0","2","0","0","0","0"
"856","KBYME TAC311","145.12000","144.52000","D-Digital","High","12.5K","Off","Off","TAC311","Group Call","311","KC1JMH / Brad Br","Always","Carrier","Off","1","1","1","Off","11","1","None","None","Off","Off","Off","Off","Normal Encryption","Off","Off","Off","Off","251.1","1","Off","Off","Off","Off","Off","Off","1","0","Off","0","2","0","0","0","0"
"857","KBYME UA Eng1","145.12000","144.52000","D-Digital","High","12.5K","Off","Off","UA English 1-113","Group Call","113","KC1JMH / Brad Br","Always","Carrier","Off","1","1","1","Off","11","1","None","None","Off","Off","Off","Off","Normal Encryption","Off","Off","Off","Off","251.1","1","Off","Off","Off","Off","Off","Off","1","0","Off","0","2","0","0","0","0"
"858","KBYME UA Eng2","145.12000","144.52000","D-Digital","High","12.5K","Off","Off","UA English 2-123","Group Call","123","KC1JMH / Brad Br","Always","Carrier","Off","1","1","1","Off","11","1","None","None","Off","Off","Off","Off","Normal Encryption","Off","Off","Off","Off","251.1","1","Off","Off","Off","Off","Off","Off","1","0","Off","0","2","0","0","0","0"
"859","KBYME VT SW","145.12000","144.52000","D-Digital","High","12.5K","Off","Off","VT Statewide","Group Call","3150","KC1JMH / Brad Br","Always","Carrier","Off","1","1","1","Off","11","1","None","None","Off","Off","Off","Off","Normal Encryption","Off","Off","Off","Off","251.1","1","Off","Off","Off","Off","Off","Off","1","0","Off","0","2","0","0","0","0"
"860","KBYME WW","145.12000","144.52000","D-Digital","High","12.5K","Off","Off","WW Call","Group Call","1","KC1JMH / Brad Br","Always","Carrier","Off","1","1","1","Off","11","1","None","None","Off","Off","Off","Off","Normal Encryption","Off","Off","Off","Off","251.1","1","Off","Off","Off","Off","Off","Off","1","0","Off","0","2","0","0","0","0"
"861","KBYME Audio","145.12000","144.52000","D-Digital","High","12.5K","Off","Off","Audio Watch","Group Call","9999","KC1JMH / Brad Br","Always","Carrier","Off","1","1","1","Off","11","1","None","None","Off","Off","Off","Off","Normal Encryption","Off","Off","Off","Off","251.1","1","Off","Off","Off","Off","Off","Off","1","0","Off","0","2","0","0","0","0"
"862","KBYME TAC312","145.12000","144.52000","D-Digital","High","12.5K","Off","Off","TAC312","Group Call","312","KC1JMH / Brad Br","Always","Carrier","Off","1","1","1","Off","11","1","None","None","Off","Off","Off","Off","Normal Encryption","Off","Off","Off","Off","251.1","1","Off","Off","Off","Off","Off","Off","1","0","Off","0","2","0","0","0","0"
"863","KBYME RI SW","145.12000","144.52000","D-Digital","High","12.5K","Off","Off","RI Statewide","Group Call","3144","KC1JMH / Brad Br","Always","Carrier","Off","1","1","1","Off","11","1","None","None","Off","Off","Off","Off","Normal Encryption","Off","Off","Off","Off","251.1","1","Off","Off","Off","Off","Off","Off","1","0","Off","0","2","0","0","0","0"
"864","KNXME Local","145.42000","144.82000","D-Digital","High","12.5K","Off","Off","Local","Group Call","9","KC1JMH / Brad Br","Always","Carrier","Off","1","1","1","Off","12","2","None","None","Off","Off","Off","Off","Normal Encryption","Off","Off","Off","Off","251.1","1","Off","Off","Off","Off","Off","Off","1","0","Off","0","2","0","0","0","0"
"865","KNXME ME Event 1","145.42000","144.82000","D-Digital","High","12.5K","Off","Off","ME Event 1","Group Call","31231","KC1JMH / Brad Br","Always","Carrier","Off","1","1","1","Off","12","1","None","None","Off","Off","Off","Off","Normal Encryption","Off","Off","Off","Off","251.1","1","Off","Off","Off","Off","Off","Off","1","0","Off","0","2","0","0","0","0"
"866","KNXME ME Event 2","145.42000","144.82000","D-Digital","High","12.5K","Off","Off","ME Event 2","Group Call","31232","KC1JMH / Brad Br","Always","Carrier","Off","1","1","1","Off","12","2","None","None","Off","Off","Off","Off","Normal Encryption","Off","Off","Off","Off","251.1","1","Off","Off","Off","Off","Off","Off","1","0","Off","0","2","0","0","0","0"
"867","KNXME ME SW","145.42000","144.82000","D-Digital","High","12.5K","Off","Off","ME Statewide","Group Call","3123","KC1JMH / Brad Br","Always","Carrier","Off","1","1","1","Off","12","2","None","None","Off","Off","Off","Off","Normal Encryption","Off","Off","Off","Off","251.1","1","Off","Off","Off","Off","Off","Off","1","0","Off","0","2","0","0","0","0"
"868","KNXME NE Wide","145.42000","144.82000","D-Digital","High","12.5K","Off","Off","New England-Wide","Group Call","3181","KC1JMH / Brad Br","Always","Carrier","Off","1","1","1","Off","12","2","None","None","Off","Off","Off","Off","Normal Encryption","Off","Off","Off","Off","251.1","1","Off","Off","Off","Off","Off","Off","1","0","Off","0","2","0","0","0","0"
"869","KNXME NETAC1","145.42000","144.82000","D-Digital","High","12.5K","Off","Off","NETAC1","Group Call","8801","KC1JMH / Brad Br","Always","Carrier","Off","1","1","1","Off","12","1","None","None","Off","Off","Off","Off","Normal Encryption","Off","Off","Off","Off","251.1","1","Off","Off","Off","Off","Off","Off","1","0","Off","0","2","0","0","0","0"
"870","KNXME NETAC2","145.42000","144.82000","D-Digital","High","12.5K","Off","Off","NETAC2","Group Call","8802","KC1JMH / Brad Br","Always","Carrier","Off","1","1","1","Off","12","2","None","None","Off","Off","Off","Off","Normal Encryption","Off","Off","Off","Off","251.1","1","Off","Off","Off","Off","Off","Off","1","0","Off","0","2","0","0","0","0"
"871","KNXME NH SW","145.42000","144.82000","D-Digital","High","12.5K","Off","Off","NH Statewide","Group Call","3133","KC1JMH / Brad Br","Always","Carrier","Off","1","1","1","Off","12","1","None","None","Off","Off","Off","Off","Normal Encryption","Off","Off","Off","Off","251.1","1","Off","Off","Off","Off","Off","Off","1","0","Off","0","2","0","0","0","0"
"872","KNXME North Am","145.42000","144.82000","D-Digital","High","12.5K","Off","Off","North America","Group Call","3","KC1JMH / Brad Br","Always","Carrier","Off","1","1","1","Off","12","1","None","None","Off","Off","Off","Off","Normal Encryption","Off","Off","Off","Off","251.1","1","Off","Off","Off","Off","Off","Off","1","0","Off","0","2","0","0","0","0"
"873","KNXME Northeast","145.42000","144.82000","D-Digital","High","12.5K","Off","Off","Northeast","Group Call","3172","KC1JMH / Brad Br","Always","Carrier","Off","1","1","1","Off","12","1","None","None","Off","Off","Off","Off","Normal Encryption","Off","Off","Off","Off","251.1","1","Off","Off","Off","Off","Off","Off","1","0","Off","0","2","0","0","0","0"
"874","KNXME Parrot","145.42000","144.82000","D-Digital","High","12.5K","Off","Off","Parrot","Group Call","9998","KC1JMH / Brad Br","Always","Carrier","Off","1","1","1","Off","12","1","None","None","Off","Off","Off","Off","Normal Encryption","Off","Off","Off","Off","251.1","1","Off","Off","Off","Off","Off","Off","1","0","Off","0","2","0","0","0","0"
"875","KNXME Reg North","145.42000","144.82000","D-Digital","High","12.5K","Off","Off","Region North","Group Call","8","KC1JMH / Brad Br","Always","Carrier","Off","1","1","1","Off","12","2","None","None","Off","Off","Off","Off","Normal Encryption","Off","Off","Off","Off","251.1","1","Off","Off","Off","Off","Off","Off","1","0","Off","0","2","0","0","0","0"
"876","KNXME SKYWARN","145.42000","144.82000","D-Digital","High","12.5K","Off","Off","SKYWARN","Group Call","759","KC1JMH / Brad Br","Always","Carrier","Off","1","1","1","Off","12","1","None","None","Off","Off","Off","Off","Normal Encryption","Off","Off","Off","Off","251.1","1","Off","Off","Off","Off","Off","Off","1","0","Off","0","2","0","0","0","0"
"877","KNXME TAC310","145.42000","144.82000","D-Digital","High","12.5K","Off","Off","TAC310","Group Call","310","KC1JMH / Brad Br","Always","Carrier","Off","1","1","1","Off","12","1","None","None","Off","Off","Off","Off","Normal Encryption","Off","Off","Off","Off","251.1","1","Off","Off","Off","Off","Off","Off","1","0","Off","0","2","0","0","0","0"
"878","KNXME TAC311","145.42000","144.82000","D-Digital","High","12.5K","Off","Off","TAC311","Group Call","311","KC1JMH / Brad Br","Always","Carrier","Off","1","1","1","Off","12","1","None","None","Off","Off","Off","Off","Normal Encryption","Off","Off","Off","Off","251.1","1","Off","Off","Off","Off","Off","Off","1","0","Off","0","2","0","0","0","0"
"879","KNXME UA Eng1","145.42000","144.82000","D-Digital","High","12.5K","Off","Off","UA English 1-113","Group Call","113","KC1JMH / Brad Br","Always","Carrier","Off","1","1","1","Off","12","1","None","None","Off","Off","Off","Off","Normal Encryption","Off","Off","Off","Off","251.1","1","Off","Off","Off","Off","Off","Off","1","0","Off","0","2","0","0","0","0"
"880","KNXME UA Eng2","145.42000","144.82000","D-Digital","High","12.5K","Off","Off","UA English 2-123","Group Call","123","KC1JMH / Brad Br","Always","Carrier","Off","1","1","1","Off","12","1","None","None","Off","Off","Off","Off","Normal Encryption","Off","Off","Off","Off","251.1","1","Off","Off","Off","Off","Off","Off","1","0","Off","0","2","0","0","0","0"
"881","KNXME WW","145.42000","144.82000","D-Digital","High","12.5K","Off","Off","WW Call","Group Call","1","KC1JMH / Brad Br","Always","Carrier","Off","1","1","1","Off","12","1","None","None","Off","Off","Off","Off","Normal Encryption","Off","Off","Off","Off","251.1","1","Off","Off","Off","Off","Off","Off","1","0","Off","0","2","0","0","0","0"
"882","KNXME Audio","145.42000","144.82000","D-Digital","High","12.5K","Off","Off","Audio Watch","Group Call","9999","KC1JMH / Brad Br","Always","Carrier","Off","1","1","1","Off","12","1","None","None","Off","Off","Off","Off","Normal Encryption","Off","Off","Off","Off","251.1","1","Off","Off","Off","Off","Off","Off","1","0","Off","0","2","0","0","0","0"
"883","KNXME TAC312","145.42000","144.82000","D-Digital","High","12.5K","Off","Off","TAC312","Group Call","312","KC1JMH / Brad Br","Always","Carrier","Off","1","1","1","Off","12","1","None","None","Off","Off","Off","Off","Normal Encryption","Off","Off","Off","Off","251.1","1","Off","Off","Off","Off","Off","Off","1","0","Off","0","2","0","0","0","0"
"884","KNXME CT SW","145.42000","144.82000","D-Digital","High","12.5K","Off","Off","CT Statewide","Group Call","3109","KC1JMH / Brad Br","Always","Carrier","Off","1","1","1","Off","12","1","None","None","Off","Off","Off","Off","Normal Encryption","Off","Off","Off","Off","251.1","1","Off","Off","Off","Off","Off","Off","1","0","Off","0","2","0","0","0","0"
"885","KNXME MA SW","145.42000","144.82000","D-Digital","High","12.5K","Off","Off","MA Statewide","Group Call","3125","KC1JMH / Brad Br","Always","Carrier","Off","1","1","1","Off","12","1","None","None","Off","Off","Off","Off","Normal Encryption","Off","Off","Off","Off","251.1","1","Off","Off","Off","Off","Off","Off","1","0","Off","0","2","0","0","0","0"
"886","KNXME RI SW","145.42000","144.82000","D-Digital","High","12.5K","Off","Off","RI Statewide","Group Call","3144","KC1JMH / Brad Br","Always","Carrier","Off","1","1","1","Off","12","1","None","None","Off","Off","Off","Off","Normal Encryption","Off","Off","Off","Off","251.1","1","Off","Off","Off","Off","Off","Off","1","0","Off","0","2","0","0","0","0"
"887","KNXME VT SW","145.42000","144.82000","D-Digital","High","12.5K","Off","Off","VT Statewide","Group Call","3150","KC1JMH / Brad Br","Always","Carrier","Off","1","1","1","Off","12","1","None","None","Off","Off","Off","Off","Normal Encryption","Off","Off","Off","Off","251.1","1","Off","Off","Off","Off","Off","Off","1","0","Off","0","2","0","0","0","0"
"888","LCHME Local","146.70000","146.10000","D-Digital","High","12.5K","Off","Off","Local","Group Call","9","KC1JMH / Brad Br","Always","Carrier","Off","1","1","1","Off","12","2","None","None","Off","Off","Off","Off","Normal Encryption","Off","Off","Off","Off","251.1","1","Off","Off","Off","Off","Off","Off","1","0","Off","0","2","0","0","0","0"
"889","LCHME ME Event 1","146.70000","146.10000","D-Digital","High","12.5K","Off","Off","ME Event 1","Group Call","31231","KC1JMH / Brad Br","Always","Carrier","Off","1","1","1","Off","12","1","None","None","Off","Off","Off","Off","Normal Encryption","Off","Off","Off","Off","251.1","1","Off","Off","Off","Off","Off","Off","1","0","Off","0","2","0","0","0","0"
"890","LCHME ME Event 2","146.70000","146.10000","D-Digital","High","12.5K","Off","Off","ME Event 2","Group Call","31232","KC1JMH / Brad Br","Always","Carrier","Off","1","1","1","Off","12","2","None","None","Off","Off","Off","Off","Normal Encryption","Off","Off","Off","Off","251.1","1","Off","Off","Off","Off","Off","Off","1","0","Off","0","2","0","0","0","0"
"891","LCHME ME SW","146.70000","146.10000","D-Digital","Turbo","12.5K","Off","Off","ME Statewide","Group Call","3123","KC1JMH / Brad Br","Always","Carrier","Off","1","1","1","Off","12","2","None","None","Off","Off","Off","Off","Normal Encryption","Off","Off","Off","Off","251.1","1","Off","Off","Off","Off","Off","Off","1","0","Off","0","2","0","0","0","0"
"892","LCHME NE Wide","146.70000","146.10000","D-Digital","High","12.5K","Off","Off","New England-Wide","Group Call","3181","KC1JMH / Brad Br","Always","Carrier","Off","1","1","1","Off","12","2","None","None","Off","Off","Off","Off","Normal Encryption","Off","Off","Off","Off","251.1","1","Off","Off","Off","Off","Off","Off","1","0","Off","0","2","0","0","0","0"
"893","LCHME NETAC1","146.70000","146.10000","D-Digital","High","12.5K","Off","Off","NETAC1","Group Call","8801","KC1JMH / Brad Br","Always","Carrier","Off","1","1","1","Off","12","1","None","None","Off","Off","Off","Off","Normal Encryption","Off","Off","Off","Off","251.1","1","Off","Off","Off","Off","Off","Off","1","0","Off","0","2","0","0","0","0"
"894","LCHME NETAC2","146.70000","146.10000","D-Digital","High","12.5K","Off","Off","NETAC2","Group Call","8802","KC1JMH / Brad Br","Always","Carrier","Off","1","1","1","Off","12","2","None","None","Off","Off","Off","Off","Normal Encryption","Off","Off","Off","Off","251.1","1","Off","Off","Off","Off","Off","Off","1","0","Off","0","2","0","0","0","0"
"895","LCHME NH SW","146.70000","146.10000","D-Digital","High","12.5K","Off","Off","NH Statewide","Group Call","3133","KC1JMH / Brad Br","Always","Carrier","Off","1","1","1","Off","12","1","None","None","Off","Off","Off","Off","Normal Encryption","Off","Off","Off","Off","251.1","1","Off","Off","Off","Off","Off","Off","1","0","Off","0","2","0","0","0","0"
"896","LCHME North Am","146.70000","146.10000","D-Digital","High","12.5K","Off","Off","North America","Group Call","3","KC1JMH / Brad Br","Always","Carrier","Off","1","1","1","Off","12","1","None","None","Off","Off","Off","Off","Normal Encryption","Off","Off","Off","Off","251.1","1","Off","Off","Off","Off","Off","Off","1","0","Off","0","2","0","0","0","0"
"897","LCHME Northeast","146.70000","146.10000","D-Digital","High","12.5K","Off","Off","Northeast","Group Call","3172","KC1JMH / Brad Br","Always","Carrier","Off","1","1","1","Off","12","1","None","None","Off","Off","Off","Off","Normal Encryption","Off","Off","Off","Off","251.1","1","Off","Off","Off","Off","Off","Off","1","0","Off","0","2","0","0","0","0"
"898","LCHME Parrot","146.70000","146.10000","D-Digital","High","12.5K","Off","Off","Parrot","Group Call","9998","KC1JMH / Brad Br","Always","Carrier","Off","1","1","1","Off","12","1","None","None","Off","Off","Off","Off","Normal Encryption","Off","Off","Off","Off","251.1","1","Off","Off","Off","Off","Off","Off","1","0","Off","0","2","0","0","0","0"
"899","LCHME Reg North","146.70000","146.10000","D-Digital","High","12.5K","Off","Off","Region North","Group Call","8","KC1JMH / Brad Br","Always","Carrier","Off","1","1","1","Off","12","2","None","None","Off","Off","Off","Off","Normal Encryption","Off","Off","Off","Off","251.1","1","Off","Off","Off","Off","Off","Off","1","0","Off","0","2","0","0","0","0"
"900","LCHME SKYWARN","146.70000","146.10000","D-Digital","High","12.5K","Off","Off","SKYWARN","Group Call","759","KC1JMH / Brad Br","Always","Carrier","Off","1","1","1","Off","12","1","None","None","Off","Off","Off","Off","Normal Encryption","Off","Off","Off","Off","251.1","1","Off","Off","Off","Off","Off","Off","1","0","Off","0","2","0","0","0","0"
"901","LCHME TAC310","146.70000","146.10000","D-Digital","High","12.5K","Off","Off","TAC310","Group Call","310","KC1JMH / Brad Br","Always","Carrier","Off","1","1","1","Off","12","1","None","None","Off","Off","Off","Off","Normal Encryption","Off","Off","Off","Off","251.1","1","Off","Off","Off","Off","Off","Off","1","0","Off","0","2","0","0","0","0"
"902","LCHME TAC311","146.70000","146.10000","D-Digital","High","12.5K","Off","Off","TAC311","Group Call","311","KC1JMH / Brad Br","Always","Carrier","Off","1","1","1","Off","12","1","None","None","Off","Off","Off","Off","Normal Encryption","Off","Off","Off","Off","251.1","1","Off","Off","Off","Off","Off","Off","1","0","Off","0","2","0","0","0","0"
"903","LCHME UA Eng1","146.70000","146.10000","D-Digital","High","12.5K","Off","Off","UA English 1-113","Group Call","113","KC1JMH / Brad Br","Always","Carrier","Off","1","1","1","Off","12","1","None","None","Off","Off","Off","Off","Normal Encryption","Off","Off","Off","Off","251.1","1","Off","Off","Off","Off","Off","Off","1","0","Off","0","2","0","0","0","0"
"904","LCHME UA Eng2","146.70000","146.10000","D-Digital","High","12.5K","Off","Off","UA English 2-123","Group Call","123","KC1JMH / Brad Br","Always","Carrier","Off","1","1","1","Off","12","1","None","None","Off","Off","Off","Off","Normal Encryption","Off","Off","Off","Off","251.1","1","Off","Off","Off","Off","Off","Off","1","0","Off","0","2","0","0","0","0"
"905","LCHME WW","146.70000","146.10000","D-Digital","High","12.5K","Off","Off","WW Call","Group Call","1","KC1JMH / Brad Br","Always","Carrier","Off","1","1","1","Off","12","1","None","None","Off","Off","Off","Off","Normal Encryption","Off","Off","Off","Off","251.1","1","Off","Off","Off","Off","Off","Off","1","0","Off","0","2","0","0","0","0"
"906","LCHME Audio","146.70000","146.10000","D-Digital","High","12.5K","Off","Off","Audio Watch","Group Call","9999","KC1JMH / Brad Br","Always","Carrier","Off","1","1","1","Off","12","1","None","None","Off","Off","Off","Off","Normal Encryption","Off","Off","Off","Off","251.1","1","Off","Off","Off","Off","Off","Off","1","0","Off","0","2","0","0","0","0"
"907","LCHME TAC312","146.70000","146.10000","D-Digital","High","12.5K","Off","Off","TAC312","Group Call","312","KC1JMH / Brad Br","Always","Carrier","Off","1","1","1","Off","12","1","None","None","Off","Off","Off","Off","Normal Encryption","Off","Off","Off","Off","251.1","1","Off","Off","Off","Off","Off","Off","1","0","Off","0","2","0","0","0","0"
"908","LCHME CT SW","146.70000","146.10000","D-Digital","High","12.5K","Off","Off","CT Statewide","Group Call","3109","KC1JMH / Brad Br","Always","Carrier","Off","1","1","1","Off","12","1","None","None","Off","Off","Off","Off","Normal Encryption","Off","Off","Off","Off","251.1","1","Off","Off","Off","Off","Off","Off","1","0","Off","0","2","0","0","0","0"
"909","LCHME MA SW","146.70000","146.10000","D-Digital","High","12.5K","Off","Off","MA Statewide","Group Call","3125","KC1JMH / Brad Br","Always","Carrier","Off","1","1","1","Off","12","1","None","None","Off","Off","Off","Off","Normal Encryption","Off","Off","Off","Off","251.1","1","Off","Off","Off","Off","Off","Off","1","0","Off","0","2","0","0","0","0"
"910","LCHME RI SW","146.70000","146.10000","D-Digital","High","12.5K","Off","Off","RI Statewide","Group Call","3144","KC1JMH / Brad Br","Always","Carrier","Off","1","1","1","Off","12","1","None","None","Off","Off","Off","Off","Normal Encryption","Off","Off","Off","Off","251.1","1","Off","Off","Off","Off","Off","Off","1","0","Off","0","2","0","0","0","0"
"911","LCHME VT SW","146.70000","146.10000","D-Digital","High","12.5K","Off","Off","VT Statewide","Group Call","3150","KC1JMH / Brad Br","Always","Carrier","Off","1","1","1","Off","12","1","None","None","Off","Off","Off","Off","Normal Encryption","Off","Off","Off","Off","251.1","1","Off","Off","Off","Off","Off","Off","1","0","Off","0","2","0","0","0","0"
"912","LNCME Local","145.35000","144.75000","D-Digital","High","12.5K","Off","Off","Local","Group Call","9","KC1JMH / Brad Br","Always","Carrier","Off","1","1","1","Off","12","2","None","None","Off","Off","Off","Off","Normal Encryption","Off","Off","Off","Off","251.1","1","Off","Off","Off","Off","Off","Off","1","0","Off","0","2","0","0","0","0"
"913","LNCME ME Event 1","145.35000","144.75000","D-Digital","High","12.5K","Off","Off","ME Event 1","Group Call","31231","KC1JMH / Brad Br","Always","Carrier","Off","1","1","1","Off","12","1","None","None","Off","Off","Off","Off","Normal Encryption","Off","Off","Off","Off","251.1","1","Off","Off","Off","Off","Off","Off","1","0","Off","0","2","0","0","0","0"
"914","LNCME ME Event 2","145.35000","144.75000","D-Digital","High","12.5K","Off","Off","ME Event 2","Group Call","31232","KC1JMH / Brad Br","Always","Carrier","Off","1","1","1","Off","12","2","None","None","Off","Off","Off","Off","Normal Encryption","Off","Off","Off","Off","251.1","1","Off","Off","Off","Off","Off","Off","1","0","Off","0","2","0","0","0","0"
"915","LNCME ME SW","145.35000","144.75000","D-Digital","High","12.5K","Off","Off","ME Statewide","Group Call","3123","KC1JMH / Brad Br","Always","Carrier","Off","1","1","1","Off","12","2","None","None","Off","Off","Off","Off","Normal Encryption","Off","Off","Off","Off","251.1","1","Off","Off","Off","Off","Off","Off","1","0","Off","0","2","0","0","0","0"
"916","LNCME NE Wide","145.35000","144.75000","D-Digital","High","12.5K","Off","Off","New England-Wide","Group Call","3181","KC1JMH / Brad Br","Always","Carrier","Off","1","1","1","Off","12","2","None","None","Off","Off","Off","Off","Normal Encryption","Off","Off","Off","Off","251.1","1","Off","Off","Off","Off","Off","Off","1","0","Off","0","2","0","0","0","0"
"917","LNCME NETAC1","145.35000","144.75000","D-Digital","High","12.5K","Off","Off","NETAC1","Group Call","8801","KC1JMH / Brad Br","Always","Carrier","Off","1","1","1","Off","12","1","None","None","Off","Off","Off","Off","Normal Encryption","Off","Off","Off","Off","251.1","1","Off","Off","Off","Off","Off","Off","1","0","Off","0","2","0","0","0","0"
"918","LNCME NETAC2","145.35000","144.75000","D-Digital","High","12.5K","Off","Off","NETAC2","Group Call","8802","KC1JMH / Brad Br","Always","Carrier","Off","1","1","1","Off","12","2","None","None","Off","Off","Off","Off","Normal Encryption","Off","Off","Off","Off","251.1","1","Off","Off","Off","Off","Off","Off","1","0","Off","0","2","0","0","0","0"
"919","LNCME NEWBRNSWCK","145.35000","144.75000","D-Digital","High","12.5K","Off","Off","New Brunswick","Group Call","3029","KC1JMH / Brad Br","Always","Carrier","Off","1","1","1","Off","12","1","None","None","Off","Off","Off","Off","Normal Encryption","Off","Off","Off","Off","251.1","1","Off","Off","Off","Off","Off","Off","1","0","Off","0","2","0","0","0","0"
"920","LNCME NH SW","145.35000","144.75000","D-Digital","High","12.5K","Off","Off","NH Statewide","Group Call","3133","KC1JMH / Brad Br","Always","Carrier","Off","1","1","1","Off","12","1","None","None","Off","Off","Off","Off","Normal Encryption","Off","Off","Off","Off","251.1","1","Off","Off","Off","Off","Off","Off","1","0","Off","0","2","0","0","0","0"
"921","LNCME North Am","145.35000","144.75000","D-Digital","High","12.5K","Off","Off","North America","Group Call","3","KC1JMH / Brad Br","Always","Carrier","Off","1","1","1","Off","12","1","None","None","Off","Off","Off","Off","Normal Encryption","Off","Off","Off","Off","251.1","1","Off","Off","Off","Off","Off","Off","1","0","Off","0","2","0","0","0","0"
"922","LNCME Northeast","145.35000","144.75000","D-Digital","High","12.5K","Off","Off","Northeast","Group Call","3172","KC1JMH / Brad Br","Always","Carrier","Off","1","1","1","Off","12","1","None","None","Off","Off","Off","Off","Normal Encryption","Off","Off","Off","Off","251.1","1","Off","Off","Off","Off","Off","Off","1","0","Off","0","2","0","0","0","0"
"923","LNCME Parrot","145.35000","144.75000","D-Digital","High","12.5K","Off","Off","Parrot","Group Call","9998","KC1JMH / Brad Br","Always","Carrier","Off","1","1","1","Off","12","1","None","None","Off","Off","Off","Off","Normal Encryption","Off","Off","Off","Off","251.1","1","Off","Off","Off","Off","Off","Off","1","0","Off","0","2","0","0","0","0"
"924","LNCME Reg North","145.35000","144.75000","D-Digital","High","12.5K","Off","Off","Region North","Group Call","8","KC1JMH / Brad Br","Always","Carrier","Off","1","1","1","Off","12","2","None","None","Off","Off","Off","Off","Normal Encryption","Off","Off","Off","Off","251.1","1","Off","Off","Off","Off","Off","Off","1","0","Off","0","2","0","0","0","0"
"925","LNCME SKYWARN","145.35000","144.75000","D-Digital","High","12.5K","Off","Off","SKYWARN","Group Call","759","KC1JMH / Brad Br","Always","Carrier","Off","1","1","1","Off","12","1","None","None","Off","Off","Off","Off","Normal Encryption","Off","Off","Off","Off","251.1","1","Off","Off","Off","Off","Off","Off","1","0","Off","0","2","0","0","0","0"
"926","LNCME TAC310","145.35000","144.75000","D-Digital","High","12.5K","Off","Off","TAC310","Group Call","310","KC1JMH / Brad Br","Always","Carrier","Off","1","1","1","Off","12","1","None","None","Off","Off","Off","Off","Normal Encryption","Off","Off","Off","Off","251.1","1","Off","Off","Off","Off","Off","Off","1","0","Off","0","2","0","0","0","0"
"927","LNCME TAC311","145.35000","144.75000","D-Digital","High","12.5K","Off","Off","TAC311","Group Call","311","KC1JMH / Brad Br","Always","Carrier","Off","1","1","1","Off","12","1","None","None","Off","Off","Off","Off","Normal Encryption","Off","Off","Off","Off","251.1","1","Off","Off","Off","Off","Off","Off","1","0","Off","0","2","0","0","0","0"
"928","LNCME UA Eng1","145.35000","144.75000","D-Digital","High","12.5K","Off","Off","UA English 1-113","Group Call","113","KC1JMH / Brad Br","Always","Carrier","Off","1","1","1","Off","12","1","None","None","Off","Off","Off","Off","Normal Encryption","Off","Off","Off","Off","251.1","1","Off","Off","Off","Off","Off","Off","1","0","Off","0","2","0","0","0","0"
"929","LNCME UA Eng2","145.35000","144.75000","D-Digital","High","12.5K","Off","Off","UA English 2-123","Group Call","123","KC1JMH / Brad Br","Always","Carrier","Off","1","1","1","Off","12","1","None","None","Off","Off","Off","Off","Normal Encryption","Off","Off","Off","Off","251.1","1","Off","Off","Off","Off","Off","Off","1","0","Off","0","2","0","0","0","0"
"930","LNCME WW","145.35000","144.75000","D-Digital","High","12.5K","Off","Off","WW Call","Group Call","1","KC1JMH / Brad Br","Always","Carrier","Off","1","1","1","Off","12","1","None","None","Off","Off","Off","Off","Normal Encryption","Off","Off","Off","Off","251.1","1","Off","Off","Off","Off","Off","Off","1","0","Off","0","2","0","0","0","0"
"931","LNCME Audio","145.35000","144.75000","D-Digital","High","12.5K","Off","Off","Audio Watch","Group Call","9999","KC1JMH / Brad Br","Always","Carrier","Off","1","1","1","Off","12","1","None","None","Off","Off","Off","Off","Normal Encryption","Off","Off","Off","Off","251.1","1","Off","Off","Off","Off","Off","Off","1","0","Off","0","2","0","0","0","0"
"932","LNCME TAC312","145.35000","144.75000","D-Digital","High","12.5K","Off","Off","TAC312","Group Call","312","KC1JMH / Brad Br","Always","Carrier","Off","1","1","1","Off","12","1","None","None","Off","Off","Off","Off","Normal Encryption","Off","Off","Off","Off","251.1","1","Off","Off","Off","Off","Off","Off","1","0","Off","0","2","0","0","0","0"
"933","LNCME TAC316","145.35000","144.75000","D-Digital","High","12.5K","Off","Off","TAC316","Group Call","316","KC1JMH / Brad Br","Always","Carrier","Off","1","1","1","Off","12","1","None","None","Off","Off","Off","Off","Normal Encryption","Off","Off","Off","Off","251.1","1","Off","Off","Off","Off","Off","Off","1","0","Off","0","2","0","0","0","0"
"934","LNCME CT SW","145.35000","144.75000","D-Digital","High","12.5K","Off","Off","CT Statewide","Group Call","3109","KC1JMH / Brad Br","Always","Carrier","Off","1","1","1","Off","12","1","None","None","Off","Off","Off","Off","Normal Encryption","Off","Off","Off","Off","251.1","1","Off","Off","Off","Off","Off","Off","1","0","Off","0","2","0","0","0","0"
"935","LNCME MA SW","145.35000","144.75000","D-Digital","High","12.5K","Off","Off","MA Statewide","Group Call","3125","KC1JMH / Brad Br","Always","Carrier","Off","1","1","1","Off","12","1","None","None","Off","Off","Off","Off","Normal Encryption","Off","Off","Off","Off","251.1","1","Off","Off","Off","Off","Off","Off","1","0","Off","0","2","0","0","0","0"
"936","LNCME RI SW","145.35000","144.75000","D-Digital","High","12.5K","Off","Off","RI Statewide","Group Call","3144","KC1JMH / Brad Br","Always","Carrier","Off","1","1","1","Off","12","1","None","None","Off","Off","Off","Off","Normal Encryption","Off","Off","Off","Off","251.1","1","Off","Off","Off","Off","Off","Off","1","0","Off","0","2","0","0","0","0"
"937","LNCME VT SW","145.35000","144.75000","D-Digital","High","12.5K","Off","Off","VT Statewide","Group Call","3150","KC1JMH / Brad Br","Always","Carrier","Off","1","1","1","Off","12","1","None","None","Off","Off","Off","Off","Normal Encryption","Off","Off","Off","Off","251.1","1","Off","Off","Off","Off","Off","Off","1","0","Off","0","2","0","0","0","0"
"938","NSHME Local","145.14000","144.54000","D-Digital","High","12.5K","Off","Off","Local","Group Call","9","KC1JMH / Brad Br","Always","Carrier","Off","1","1","1","Off","11","2","None","None","Off","Off","Off","Off","Normal Encryption","Off","Off","Off","Off","251.1","1","Off","Off","Off","Off","Off","Off","1","0","Off","0","2","0","0","0","0"
"939","NSHME ME Event 1","145.14000","144.54000","D-Digital","High","12.5K","Off","Off","ME Event 1","Group Call","31231","KC1JMH / Brad Br","Always","Carrier","Off","1","1","1","Off","11","1","None","None","Off","Off","Off","Off","Normal Encryption","Off","Off","Off","Off","251.1","1","Off","Off","Off","Off","Off","Off","1","0","Off","0","2","0","0","0","0"
"940","NSHME ME Event 2","145.14000","144.54000","D-Digital","High","12.5K","Off","Off","ME Event 2","Group Call","31232","KC1JMH / Brad Br","Always","Carrier","Off","1","1","1","Off","11","2","None","None","Off","Off","Off","Off","Normal Encryption","Off","Off","Off","Off","251.1","1","Off","Off","Off","Off","Off","Off","1","0","Off","0","2","0","0","0","0"
"941","NSHME ME SW","145.14000","144.54000","D-Digital","High","12.5K","Off","Off","ME Statewide","Group Call","3123","KC1JMH / Brad Br","Always","Carrier","Off","1","1","1","Off","11","2","None","None","Off","Off","Off","Off","Normal Encryption","Off","Off","Off","Off","251.1","1","Off","Off","Off","Off","Off","Off","1","0","Off","0","2","0","0","0","0"
"942","NSHME NE Wide","145.14000","144.54000","D-Digital","High","12.5K","Off","Off","New England-Wide","Group Call","3181","KC1JMH / Brad Br","Always","Carrier","Off","1","1","1","Off","11","2","None","None","Off","Off","Off","Off","Normal Encryption","Off","Off","Off","Off","251.1","1","Off","Off","Off","Off","Off","Off","1","0","Off","0","2","0","0","0","0"
"943","NSHME NETAC1","145.14000","144.54000","D-Digital","High","12.5K","Off","Off","NETAC1","Group Call","8801","KC1JMH / Brad Br","Always","Carrier","Off","1","1","1","Off","11","1","None","None","Off","Off","Off","Off","Normal Encryption","Off","Off","Off","Off","251.1","1","Off","Off","Off","Off","Off","Off","1","0","Off","0","2","0","0","0","0"
"944","NSHME NETAC2","145.14000","144.54000","D-Digital","High","12.5K","Off","Off","NETAC2","Group Call","8802","KC1JMH / Brad Br","Always","Carrier","Off","1","1","1","Off","11","2","None","None","Off","Off","Off","Off","Normal Encryption","Off","Off","Off","Off","251.1","1","Off","Off","Off","Off","Off","Off","1","0","Off","0","2","0","0","0","0"
"945","NSHME NH SW","145.14000","144.54000","D-Digital","High","12.5K","Off","Off","NH Statewide","Group Call","3133","KC1JMH / Brad Br","Always","Carrier","Off","1","1","1","Off","11","1","None","None","Off","Off","Off","Off","Normal Encryption","Off","Off","Off","Off","251.1","1","Off","Off","Off","Off","Off","Off","1","0","Off","0","2","0","0","0","0"
"946","NSHME North Am","145.14000","144.54000","D-Digital","High","12.5K","Off","Off","North America","Group Call","3","KC1JMH / Brad Br","Always","Carrier","Off","1","1","1","Off","11","1","None","None","Off","Off","Off","Off","Normal Encryption","Off","Off","Off","Off","251.1","1","Off","Off","Off","Off","Off","Off","1","0","Off","0","2","0","0","0","0"
"947","NSHME Northeast","145.14000","144.54000","D-Digital","High","12.5K","Off","Off","Northeast","Group Call","3172","KC1JMH / Brad Br","Always","Carrier","Off","1","1","1","Off","11","1","None","None","Off","Off","Off","Off","Normal Encryption","Off","Off","Off","Off","251.1","1","Off","Off","Off","Off","Off","Off","1","0","Off","0","2","0","0","0","0"
"948","NSHME Parrot","145.14000","144.54000","D-Digital","High","12.5K","Off","Off","Parrot","Group Call","9998","KC1JMH / Brad Br","Always","Carrier","Off","1","1","1","Off","11","1","None","None","Off","Off","Off","Off","Normal Encryption","Off","Off","Off","Off","251.1","1","Off","Off","Off","Off","Off","Off","1","0","Off","0","2","0","0","0","0"
"949","NSHME Reg North","145.14000","144.54000","D-Digital","High","12.5K","Off","Off","Region North","Group Call","8","KC1JMH / Brad Br","Always","Carrier","Off","1","1","1","Off","11","2","None","None","Off","Off","Off","Off","Normal Encryption","Off","Off","Off","Off","251.1","1","Off","Off","Off","Off","Off","Off","1","0","Off","0","2","0","0","0","0"
"950","NSHME SKYWARN","145.14000","144.54000","D-Digital","High","12.5K","Off","Off","SKYWARN","Group Call","759","KC1JMH / Brad Br","Always","Carrier","Off","1","1","1","Off","11","1","None","None","Off","Off","Off","Off","Normal Encryption","Off","Off","Off","Off","251.1","1","Off","Off","Off","Off","Off","Off","1","0","Off","0","2","0","0","0","0"
"951","NSHME TAC310","145.14000","144.54000","D-Digital","High","12.5K","Off","Off","TAC310","Group Call","310","KC1JMH / Brad Br","Always","Carrier","Off","1","1","1","Off","11","1","None","None","Off","Off","Off","Off","Normal Encryption","Off","Off","Off","Off","251.1","1","Off","Off","Off","Off","Off","Off","1","0","Off","0","2","0","0","0","0"
"952","NSHME TAC311","145.14000","144.54000","D-Digital","High","12.5K","Off","Off","TAC311","Group Call","311","KC1JMH / Brad Br","Always","Carrier","Off","1","1","1","Off","11","1","None","None","Off","Off","Off","Off","Normal Encryption","Off","Off","Off","Off","251.1","1","Off","Off","Off","Off","Off","Off","1","0","Off","0","2","0","0","0","0"
"953","NSHME UA Eng1","145.14000","144.54000","D-Digital","High","12.5K","Off","Off","UA English 1-113","Group Call","113","KC1JMH / Brad Br","Always","Carrier","Off","1","1","1","Off","11","1","None","None","Off","Off","Off","Off","Normal Encryption","Off","Off","Off","Off","251.1","1","Off","Off","Off","Off","Off","Off","1","0","Off","0","2","0","0","0","0"
"954","NSHME UA Eng2","145.14000","144.54000","D-Digital","High","12.5K","Off","Off","UA English 2-123","Group Call","123","KC1JMH / Brad Br","Always","Carrier","Off","1","1","1","Off","11","1","None","None","Off","Off","Off","Off","Normal Encryption","Off","Off","Off","Off","251.1","1","Off","Off","Off","Off","Off","Off","1","0","Off","0","2","0","0","0","0"
"955","NSHME WW","145.14000","144.54000","D-Digital","High","12.5K","Off","Off","WW Call","Group Call","1","KC1JMH / Brad Br","Always","Carrier","Off","1","1","1","Off","11","1","None","None","Off","Off","Off","Off","Normal Encryption","Off","Off","Off","Off","251.1","1","Off","Off","Off","Off","Off","Off","1","0","Off","0","2","0","0","0","0"
"956","NSHME TAC312","145.14000","144.54000","D-Digital","High","12.5K","Off","Off","TAC312","Group Call","312","KC1JMH / Brad Br","Always","Carrier","Off","1","1","1","Off","11","1","None","None","Off","Off","Off","Off","Normal Encryption","Off","Off","Off","Off","251.1","1","Off","Off","Off","Off","Off","Off","1","0","Off","0","2","0","0","0","0"
"957","NSHME CT SW","145.14000","144.54000","D-Digital","High","12.5K","Off","Off","CT Statewide","Group Call","3109","KC1JMH / Brad Br","Always","Carrier","Off","1","1","1","Off","11","1","None","None","Off","Off","Off","Off","Normal Encryption","Off","Off","Off","Off","251.1","1","Off","Off","Off","Off","Off","Off","1","0","Off","0","2","0","0","0","0"
"958","NSHME MA SW","145.14000","144.54000","D-Digital","High","12.5K","Off","Off","MA Statewide","Group Call","3125","KC1JMH / Brad Br","Always","Carrier","Off","1","1","1","Off","11","1","None","None","Off","Off","Off","Off","Normal Encryption","Off","Off","Off","Off","251.1","1","Off","Off","Off","Off","Off","Off","1","0","Off","0","2","0","0","0","0"
"959","NSHME RI SW","145.14000","144.54000","D-Digital","High","12.5K","Off","Off","RI Statewide","Group Call","3144","KC1JMH / Brad Br","Always","Carrier","Off","1","1","1","Off","11","1","None","None","Off","Off","Off","Off","Normal Encryption","Off","Off","Off","Off","251.1","1","Off","Off","Off","Off","Off","Off","1","0","Off","0","2","0","0","0","0"
"960","NSHME VT SW","145.14000","144.54000","D-Digital","High","12.5K","Off","Off","VT Statewide","Group Call","3150","KC1JMH / Brad Br","Always","Carrier","Off","1","1","1","Off","11","1","None","None","Off","Off","Off","Off","Normal Encryption","Off","Off","Off","Off","251.1","1","Off","Off","Off","Off","Off","Off","1","0","Off","0","2","0","0","0","0"
"961","PQIME Local","145.18000","144.58000","D-Digital","High","12.5K","Off","Off","Local","Group Call","9","KC1JMH / Brad Br","Always","Carrier","Off","1","1","1","Off","12","2","None","None","Off","Off","Off","Off","Normal Encryption","Off","Off","Off","Off","251.1","1","Off","Off","Off","Off","Off","Off","1","0","Off","0","2","0","0","0","0"
"962","PQIME ME Event 1","145.18000","144.58000","D-Digital","High","12.5K","Off","Off","ME Event 1","Group Call","31231","KC1JMH / Brad Br","Always","Carrier","Off","1","1","1","Off","12","1","None","None","Off","Off","Off","Off","Normal Encryption","Off","Off","Off","Off","251.1","1","Off","Off","Off","Off","Off","Off","1","0","Off","0","2","0","0","0","0"
"963","PQIME ME Event 2","145.18000","144.58000","D-Digital","High","12.5K","Off","Off","ME Event 2","Group Call","31232","KC1JMH / Brad Br","Always","Carrier","Off","1","1","1","Off","12","2","None","None","Off","Off","Off","Off","Normal Encryption","Off","Off","Off","Off","251.1","1","Off","Off","Off","Off","Off","Off","1","0","Off","0","2","0","0","0","0"
"964","PQIME ME SW","145.18000","144.58000","D-Digital","High","12.5K","Off","Off","ME Statewide","Group Call","3123","KC1JMH / Brad Br","Always","Carrier","Off","1","1","1","Off","12","2","None","None","Off","Off","Off","Off","Normal Encryption","Off","Off","Off","Off","251.1","1","Off","Off","Off","Off","Off","Off","1","0","Off","0","2","0","0","0","0"
"965","PQIME NE Wide","145.18000","144.58000","D-Digital","High","12.5K","Off","Off","New England-Wide","Group Call","3181","KC1JMH / Brad Br","Always","Carrier","Off","1","1","1","Off","12","2","None","None","Off","Off","Off","Off","Normal Encryption","Off","Off","Off","Off","251.1","1","Off","Off","Off","Off","Off","Off","1","0","Off","0","2","0","0","0","0"
"966","PQIME NETAC1","145.18000","144.58000","D-Digital","High","12.5K","Off","Off","NETAC1","Group Call","8801","KC1JMH / Brad Br","Always","Carrier","Off","1","1","1","Off","12","1","None","None","Off","Off","Off","Off","Normal Encryption","Off","Off","Off","Off","251.1","1","Off","Off","Off","Off","Off","Off","1","0","Off","0","2","0","0","0","0"
"967","PQIME NETAC2","145.18000","144.58000","D-Digital","High","12.5K","Off","Off","NETAC2","Group Call","8802","KC1JMH / Brad Br","Always","Carrier","Off","1","1","1","Off","12","2","None","None","Off","Off","Off","Off","Normal Encryption","Off","Off","Off","Off","251.1","1","Off","Off","Off","Off","Off","Off","1","0","Off","0","2","0","0","0","0"
"968","PQIME NEWBRNSWCK","145.18000","144.58000","D-Digital","High","12.5K","Off","Off","New Brunswick","Group Call","3029","KC1JMH / Brad Br","Always","Carrier","Off","1","1","1","Off","12","1","None","None","Off","Off","Off","Off","Normal Encryption","Off","Off","Off","Off","251.1","1","Off","Off","Off","Off","Off","Off","1","0","Off","0","2","0","0","0","0"
"969","PQIME NH SW","145.18000","144.58000","D-Digital","High","12.5K","Off","Off","NH Statewide","Group Call","3133","KC1JMH / Brad Br","Always","Carrier","Off","1","1","1","Off","12","1","None","None","Off","Off","Off","Off","Normal Encryption","Off","Off","Off","Off","251.1","1","Off","Off","Off","Off","Off","Off","1","0","Off","0","2","0","0","0","0"
"970","PQIME North Am","145.18000","144.58000","D-Digital","High","12.5K","Off","Off","North America","Group Call","3","KC1JMH / Brad Br","Always","Carrier","Off","1","1","1","Off","12","1","None","None","Off","Off","Off","Off","Normal Encryption","Off","Off","Off","Off","251.1","1","Off","Off","Off","Off","Off","Off","1","0","Off","0","2","0","0","0","0"
"971","PQIME Northeast","145.18000","144.58000","D-Digital","High","12.5K","Off","Off","Northeast","Group Call","3172","KC1JMH / Brad Br","Always","Carrier","Off","1","1","1","Off","12","1","None","None","Off","Off","Off","Off","Normal Encryption","Off","Off","Off","Off","251.1","1","Off","Off","Off","Off","Off","Off","1","0","Off","0","2","0","0","0","0"
"972","PQIME Parrot","145.18000","144.58000","D-Digital","High","12.5K","Off","Off","Parrot","Group Call","9998","KC1JMH / Brad Br","Always","Carrier","Off","1","1","1","Off","12","1","None","None","Off","Off","Off","Off","Normal Encryption","Off","Off","Off","Off","251.1","1","Off","Off","Off","Off","Off","Off","1","0","Off","0","2","0","0","0","0"
"973","PQIME Reg North","145.18000","144.58000","D-Digital","High","12.5K","Off","Off","Region North","Group Call","8","KC1JMH / Brad Br","Always","Carrier","Off","1","1","1","Off","12","2","None","None","Off","Off","Off","Off","Normal Encryption","Off","Off","Off","Off","251.1","1","Off","Off","Off","Off","Off","Off","1","0","Off","0","2","0","0","0","0"
"974","PQIME SKYWARN","145.18000","144.58000","D-Digital","High","12.5K","Off","Off","SKYWARN","Group Call","759","KC1JMH / Brad Br","Always","Carrier","Off","1","1","1","Off","12","1","None","None","Off","Off","Off","Off","Normal Encryption","Off","Off","Off","Off","251.1","1","Off","Off","Off","Off","Off","Off","1","0","Off","0","2","0","0","0","0"
"975","PQIME TAC310","145.18000","144.58000","D-Digital","High","12.5K","Off","Off","TAC310","Group Call","310","KC1JMH / Brad Br","Always","Carrier","Off","1","1","1","Off","12","1","None","None","Off","Off","Off","Off","Normal Encryption","Off","Off","Off","Off","251.1","1","Off","Off","Off","Off","Off","Off","1","0","Off","0","2","0","0","0","0"
"976","PQIME TAC311","145.18000","144.58000","D-Digital","High","12.5K","Off","Off","TAC311","Group Call","311","KC1JMH / Brad Br","Always","Carrier","Off","1","1","1","Off","12","1","None","None","Off","Off","Off","Off","Normal Encryption","Off","Off","Off","Off","251.1","1","Off","Off","Off","Off","Off","Off","1","0","Off","0","2","0","0","0","0"
"977","PQIME UA Eng1","145.18000","144.58000","D-Digital","High","12.5K","Off","Off","UA English 1-113","Group Call","113","KC1JMH / Brad Br","Always","Carrier","Off","1","1","1","Off","12","1","None","None","Off","Off","Off","Off","Normal Encryption","Off","Off","Off","Off","251.1","1","Off","Off","Off","Off","Off","Off","1","0","Off","0","2","0","0","0","0"
"978","PQIME UA Eng2","145.18000","144.58000","D-Digital","High","12.5K","Off","Off","UA English 2-123","Group Call","123","KC1JMH / Brad Br","Always","Carrier","Off","1","1","1","Off","12","1","None","None","Off","Off","Off","Off","Normal Encryption","Off","Off","Off","Off","251.1","1","Off","Off","Off","Off","Off","Off","1","0","Off","0","2","0","0","0","0"
"979","PQIME WW","145.18000","144.58000","D-Digital","High","12.5K","Off","Off","WW Call","Group Call","1","KC1JMH / Brad Br","Always","Carrier","Off","1","1","1","Off","12","1","None","None","Off","Off","Off","Off","Normal Encryption","Off","Off","Off","Off","251.1","1","Off","Off","Off","Off","Off","Off","1","0","Off","0","2","0","0","0","0"
"980","PQIME Audio","145.18000","144.58000","D-Digital","High","12.5K","Off","Off","Audio Watch","Group Call","9999","KC1JMH / Brad Br","Always","Carrier","Off","1","1","1","Off","12","1","None","None","Off","Off","Off","Off","Normal Encryption","Off","Off","Off","Off","251.1","1","Off","Off","Off","Off","Off","Off","1","0","Off","0","2","0","0","0","0"
"981","PQIME TAC312","145.18000","144.58000","D-Digital","High","12.5K","Off","Off","TAC312","Group Call","312","KC1JMH / Brad Br","Always","Carrier","Off","1","1","1","Off","12","1","None","None","Off","Off","Off","Off","Normal Encryption","Off","Off","Off","Off","251.1","1","Off","Off","Off","Off","Off","Off","1","0","Off","0","2","0","0","0","0"
"982","PQIME CT SW","145.18000","144.58000","D-Digital","High","12.5K","Off","Off","CT Statewide","Group Call","3109","KC1JMH / Brad Br","Always","Carrier","Off","1","1","1","Off","12","1","None","None","Off","Off","Off","Off","Normal Encryption","Off","Off","Off","Off","251.1","1","Off","Off","Off","Off","Off","Off","1","0","Off","0","2","0","0","0","0"
"983","PQIME MA SW","145.18000","144.58000","D-Digital","High","12.5K","Off","Off","MA Statewide","Group Call","3125","KC1JMH / Brad Br","Always","Carrier","Off","1","1","1","Off","12","1","None","None","Off","Off","Off","Off","Normal Encryption","Off","Off","Off","Off","251.1","1","Off","Off","Off","Off","Off","Off","1","0","Off","0","2","0","0","0","0"
"984","PQIME RI SW","145.18000","144.58000","D-Digital","High","12.5K","Off","Off","RI Statewide","Group Call","3144","KC1JMH / Brad Br","Always","Carrier","Off","1","1","1","Off","12","1","None","None","Off","Off","Off","Off","Normal Encryption","Off","Off","Off","Off","251.1","1","Off","Off","Off","Off","Off","Off","1","0","Off","0","2","0","0","0","0"
"985","PQIME VT SW","145.18000","144.58000","D-Digital","High","12.5K","Off","Off","VT Statewide","Group Call","3150","KC1JMH / Brad Br","Always","Carrier","Off","1","1","1","Off","12","1","None","None","Off","Off","Off","Off","Normal Encryption","Off","Off","Off","Off","251.1","1","Off","Off","Off","Off","Off","Off","1","0","Off","0","2","0","0","0","0"
"986","PRUME CT SW","145.19000","144.59000","D-Digital","Turbo","12.5K","Off","Off","CT Statewide","Group Call","3109","KC1JMH / Brad Br","Always","Carrier","Off","1","1","1","Off","13","1","None","None","Off","Off","Off","Off","Normal Encryption","Off","Off","Off","Off","251.1","1","Off","Off","Off","Off","Off","Off","1","0","Off","0","2","0","0","0","0"
"987","PRUME Local","145.19000","144.59000","D-Digital","Turbo","12.5K","Off","Off","Local","Group Call","9","KC1JMH / Brad Br","Always","Carrier","Off","1","1","1","Off","13","2","None","None","Off","Off","Off","Off","Normal Encryption","Off","Off","Off","Off","251.1","1","Off","Off","Off","Off","Off","Off","1","0","Off","0","2","0","0","0","0"
"988","PRUME MA SW","145.19000","144.59000","D-Digital","Turbo","12.5K","Off","Off","MA Statewide","Group Call","3125","KC1JMH / Brad Br","Always","Carrier","Off","1","1","1","Off","13","1","None","None","Off","Off","Off","Off","Normal Encryption","Off","Off","Off","Off","251.1","1","Off","Off","Off","Off","Off","Off","1","0","Off","0","2","0","0","0","0"
"989","PRUME ME Event 1","145.19000","144.59000","D-Digital","Turbo","12.5K","Off","Off","ME Event 1","Group Call","31231","KC1JMH / Brad Br","Always","Carrier","Off","1","1","1","Off","13","1","None","None","Off","Off","Off","Off","Normal Encryption","Off","Off","Off","Off","251.1","1","Off","Off","Off","Off","Off","Off","1","0","Off","0","2","0","0","0","0"
"990","PRUME ME Event 2","145.19000","144.59000","D-Digital","Turbo","12.5K","Off","Off","ME Event 2","Group Call","31232","KC1JMH / Brad Br","Always","Carrier","Off","1","1","1","Off","13","2","None","None","Off","Off","Off","Off","Normal Encryption","Off","Off","Off","Off","251.1","1","Off","Off","Off","Off","Off","Off","1","0","Off","0","2","0","0","0","0"
"991","PRUME ME SW","145.19000","144.59000","D-Digital","Turbo","12.5K","Off","Off","ME Statewide","Group Call","3123","KC1JMH / Brad Br","Always","Carrier","Off","1","1","1","Off","13","2","None","None","Off","Off","Off","Off","Normal Encryption","Off","Off","Off","Off","251.1","1","Off","Off","Off","Off","Off","Off","1","0","Off","0","2","0","0","0","0"
"992","PRUME NE Wide","145.19000","144.59000","D-Digital","Turbo","12.5K","Off","Off","New England-Wide","Group Call","3181","KC1JMH / Brad Br","Always","Carrier","Off","1","1","1","Off","13","2","None","None","Off","Off","Off","Off","Normal Encryption","Off","Off","Off","Off","251.1","1","Off","Off","Off","Off","Off","Off","1","0","Off","0","2","0","0","0","0"
"993","PRUME NETAC1","145.19000","144.59000","D-Digital","Turbo","12.5K","Off","Off","NETAC1","Group Call","8801","KC1JMH / Brad Br","Always","Carrier","Off","1","1","1","Off","13","1","None","None","Off","Off","Off","Off","Normal Encryption","Off","Off","Off","Off","251.1","1","Off","Off","Off","Off","Off","Off","1","0","Off","0","2","0","0","0","0"
"994","PRUME NETAC2","145.19000","144.59000","D-Digital","Turbo","12.5K","Off","Off","NETAC2","Group Call","8802","KC1JMH / Brad Br","Always","Carrier","Off","1","1","1","Off","13","2","None","None","Off","Off","Off","Off","Normal Encryption","Off","Off","Off","Off","251.1","1","Off","Off","Off","Off","Off","Off","1","0","Off","0","2","0","0","0","0"
"995","PRUME NH SW","145.19000","144.59000","D-Digital","Turbo","12.5K","Off","Off","NH Statewide","Group Call","3133","KC1JMH / Brad Br","Always","Carrier","Off","1","1","1","Off","13","1","None","None","Off","Off","Off","Off","Normal Encryption","Off","Off","Off","Off","251.1","1","Off","Off","Off","Off","Off","Off","1","0","Off","0","2","0","0","0","0"
"996","PRUME North Am","145.19000","144.59000","D-Digital","Turbo","12.5K","Off","Off","North America","Group Call","3","KC1JMH / Brad Br","Always","Carrier","Off","1","1","1","Off","13","1","None","None","Off","Off","Off","Off","Normal Encryption","Off","Off","Off","Off","251.1","1","Off","Off","Off","Off","Off","Off","1","0","Off","0","2","0","0","0","0"
"997","PRUME Northeast","145.19000","144.59000","D-Digital","Turbo","12.5K","Off","Off","Northeast","Group Call","3172","KC1JMH / Brad Br","Always","Carrier","Off","1","1","1","Off","13","1","None","None","Off","Off","Off","Off","Normal Encryption","Off","Off","Off","Off","251.1","1","Off","Off","Off","Off","Off","Off","1","0","Off","0","2","0","0","0","0"
"998","PRUME Parrot","145.19000","144.59000","D-Digital","Turbo","12.5K","Off","Off","Parrot","Group Call","9998","KC1JMH / Brad Br","Always","Carrier","Off","1","1","1","Off","13","1","None","None","Off","Off","Off","Off","Normal Encryption","Off","Off","Off","Off","251.1","1","Off","Off","Off","Off","Off","Off","1","0","Off","0","2","0","0","0","0"
"999","PRUME RI SW","145.19000","144.59000","D-Digital","Turbo","12.5K","Off","Off","RI Statewide","Group Call","3144","KC1JMH / Brad Br","Always","Carrier","Off","1","1","1","Off","13","1","None","None","Off","Off","Off","Off","Normal Encryption","Off","Off","Off","Off","251.1","1","Off","Off","Off","Off","Off","Off","1","0","Off","0","2","0","0","0","0"
"1000","PRUME SKYWARN","145.19000","144.59000","D-Digital","Turbo","12.5K","Off","Off","SKYWARN","Group Call","759","KC1JMH / Brad Br","Always","Carrier","Off","1","1","1","Off","13","1","None","None","Off","Off","Off","Off","Normal Encryption","Off","Off","Off","Off","251.1","1","Off","Off","Off","Off","Off","Off","1","0","Off","0","2","0","0","0","0"
"1001","PRUME TAC310","145.19000","144.59000","D-Digital","Turbo","12.5K","Off","Off","TAC310","Group Call","310","KC1JMH / Brad Br","Always","Carrier","Off","1","1","1","Off","13","1","None","None","Off","Off","Off","Off","Normal Encryption","Off","Off","Off","Off","251.1","1","Off","Off","Off","Off","Off","Off","1","0","Off","0","2","0","0","0","0"
"1002","PRUME TAC311","145.19000","144.59000","D-Digital","Turbo","12.5K","Off","Off","TAC311","Group Call","311","KC1JMH / Brad Br","Always","Carrier","Off","1","1","1","Off","13","1","None","None","Off","Off","Off","Off","Normal Encryption","Off","Off","Off","Off","251.1","1","Off","Off","Off","Off","Off","Off","1","0","Off","0","2","0","0","0","0"
"1003","PRUME VT SW","145.19000","144.59000","D-Digital","Turbo","12.5K","Off","Off","VT Statewide","Group Call","3150","KC1JMH / Brad Br","Always","Carrier","Off","1","1","1","Off","13","1","None","None","Off","Off","Off","Off","Normal Encryption","Off","Off","Off","Off","251.1","1","Off","Off","Off","Off","Off","Off","1","0","Off","0","2","0","0","0","0"
"1004","PRUME WW","145.19000","144.59000","D-Digital","Turbo","12.5K","Off","Off","WW Call","Group Call","1","KC1JMH / Brad Br","Always","Carrier","Off","1","1","1","Off","13","1","None","None","Off","Off","Off","Off","Normal Encryption","Off","Off","Off","Off","251.1","1","Off","Off","Off","Off","Off","Off","1","0","Off","0","2","0","0","0","0"
"1005","PRUME Audio","145.19000","144.59000","D-Digital","Turbo","12.5K","Off","Off","Audio Watch","Group Call","9999","KC1JMH / Brad Br","Always","Carrier","Off","1","1","1","Off","13","1","None","None","Off","Off","Off","Off","Normal Encryption","Off","Off","Off","Off","251.1","1","Off","Off","Off","Off","Off","Off","1","0","Off","0","2","0","0","0","0"
"1006","PRUME TAC312","145.19000","144.59000","D-Digital","Turbo","12.5K","Off","Off","TAC312","Group Call","312","KC1JMH / Brad Br","Always","Carrier","Off","1","1","1","Off","13","1","None","None","Off","Off","Off","Off","Normal Encryption","Off","Off","Off","Off","251.1","1","Off","Off","Off","Off","Off","Off","1","0","Off","0","2","0","0","0","0"
"1007","PTLME Local","145.34000","144.74000","D-Digital","High","12.5K","Off","Off","Local","Group Call","9","KC1JMH / Brad Br","Always","Carrier","Off","1","1","1","Off","12","2","None","None","Off","Off","Off","Off","Normal Encryption","Off","Off","Off","Off","251.1","1","Off","Off","Off","Off","Off","Off","1","0","Off","0","2","0","0","0","0"
"1008","PTLME ME Event 1","145.34000","144.74000","D-Digital","High","12.5K","Off","Off","ME Event 1","Group Call","31231","KC1JMH / Brad Br","Always","Carrier","Off","1","1","1","Off","12","1","None","None","Off","Off","Off","Off","Normal Encryption","Off","Off","Off","Off","251.1","1","Off","Off","Off","Off","Off","Off","1","0","Off","0","2","0","0","0","0"
"1009","PTLME ME Event 2","145.34000","144.74000","D-Digital","High","12.5K","Off","Off","ME Event 2","Group Call","31232","KC1JMH / Brad Br","Always","Carrier","Off","1","1","1","Off","12","2","None","None","Off","Off","Off","Off","Normal Encryption","Off","Off","Off","Off","251.1","1","Off","Off","Off","Off","Off","Off","1","0","Off","0","2","0","0","0","0"
"1010","PTLME ME SW","145.34000","144.74000","D-Digital","High","12.5K","Off","Off","ME Statewide","Group Call","3123","KC1JMH / Brad Br","Always","Carrier","Off","1","1","1","Off","12","2","None","None","Off","Off","Off","Off","Normal Encryption","Off","Off","Off","Off","251.1","1","Off","Off","Off","Off","Off","Off","1","0","Off","0","2","0","0","0","0"
"1011","PTLME NE Wide","145.34000","144.74000","D-Digital","High","12.5K","Off","Off","New England-Wide","Group Call","3181","KC1JMH / Brad Br","Always","Carrier","Off","1","1","1","Off","12","2","None","None","Off","Off","Off","Off","Normal Encryption","Off","Off","Off","Off","251.1","1","Off","Off","Off","Off","Off","Off","1","0","Off","0","2","0","0","0","0"
"1012","PTLME NETAC1","145.34000","144.74000","D-Digital","High","12.5K","Off","Off","NETAC1","Group Call","8801","KC1JMH / Brad Br","Always","Carrier","Off","1","1","1","Off","12","1","None","None","Off","Off","Off","Off","Normal Encryption","Off","Off","Off","Off","251.1","1","Off","Off","Off","Off","Off","Off","1","0","Off","0","2","0","0","0","0"
"1013","PTLME NETAC2","145.34000","144.74000","D-Digital","High","12.5K","Off","Off","NETAC2","Group Call","8802","KC1JMH / Brad Br","Always","Carrier","Off","1","1","1","Off","12","2","None","None","Off","Off","Off","Off","Normal Encryption","Off","Off","Off","Off","251.1","1","Off","Off","Off","Off","Off","Off","1","0","Off","0","2","0","0","0","0"
"1014","PTLME NH SW","145.34000","144.74000","D-Digital","High","12.5K","Off","Off","NH Statewide","Group Call","3133","KC1JMH / Brad Br","Always","Carrier","Off","1","1","1","Off","12","1","None","None","Off","Off","Off","Off","Normal Encryption","Off","Off","Off","Off","251.1","1","Off","Off","Off","Off","Off","Off","1","0","Off","0","2","0","0","0","0"
"1015","PTLME North Am","145.34000","144.74000","D-Digital","High","12.5K","Off","Off","North America","Group Call","3","KC1JMH / Brad Br","Always","Carrier","Off","1","1","1","Off","12","1","None","None","Off","Off","Off","Off","Normal Encryption","Off","Off","Off","Off","251.1","1","Off","Off","Off","Off","Off","Off","1","0","Off","0","2","0","0","0","0"
"1016","PTLME Northeast","145.34000","144.74000","D-Digital","High","12.5K","Off","Off","Northeast","Group Call","3172","KC1JMH / Brad Br","Always","Carrier","Off","1","1","1","Off","12","1","None","None","Off","Off","Off","Off","Normal Encryption","Off","Off","Off","Off","251.1","1","Off","Off","Off","Off","Off","Off","1","0","Off","0","2","0","0","0","0"
"1017","PTLME Parrot","145.34000","144.74000","D-Digital","High","12.5K","Off","Off","Parrot","Group Call","9998","KC1JMH / Brad Br","Always","Carrier","Off","1","1","1","Off","12","1","None","None","Off","Off","Off","Off","Normal Encryption","Off","Off","Off","Off","251.1","1","Off","Off","Off","Off","Off","Off","1","0","Off","0","2","0","0","0","0"
"1018","PTLME Reg North","145.34000","144.74000","D-Digital","High","12.5K","Off","Off","Region North","Group Call","8","KC1JMH / Brad Br","Always","Carrier","Off","1","1","1","Off","12","2","None","None","Off","Off","Off","Off","Normal Encryption","Off","Off","Off","Off","251.1","1","Off","Off","Off","Off","Off","Off","1","0","Off","0","2","0","0","0","0"
"1019","PTLME SKYWARN","145.34000","144.74000","D-Digital","High","12.5K","Off","Off","SKYWARN","Group Call","759","KC1JMH / Brad Br","Always","Carrier","Off","1","1","1","Off","12","1","None","None","Off","Off","Off","Off","Normal Encryption","Off","Off","Off","Off","251.1","1","Off","Off","Off","Off","Off","Off","1","0","Off","0","2","0","0","0","0"
"1020","PTLME TAC310","145.34000","144.74000","D-Digital","High","12.5K","Off","Off","TAC310","Group Call","310","KC1JMH / Brad Br","Always","Carrier","Off","1","1","1","Off","12","1","None","None","Off","Off","Off","Off","Normal Encryption","Off","Off","Off","Off","251.1","1","Off","Off","Off","Off","Off","Off","1","0","Off","0","2","0","0","0","0"
"1021","PTLME TAC311","145.34000","144.74000","D-Digital","High","12.5K","Off","Off","TAC311","Group Call","311","KC1JMH / Brad Br","Always","Carrier","Off","1","1","1","Off","12","1","None","None","Off","Off","Off","Off","Normal Encryption","Off","Off","Off","Off","251.1","1","Off","Off","Off","Off","Off","Off","1","0","Off","0","2","0","0","0","0"
"1022","PTLME UA Eng1","145.34000","144.74000","D-Digital","High","12.5K","Off","Off","UA English 1-113","Group Call","113","KC1JMH / Brad Br","Always","Carrier","Off","1","1","1","Off","12","1","None","None","Off","Off","Off","Off","Normal Encryption","Off","Off","Off","Off","251.1","1","Off","Off","Off","Off","Off","Off","1","0","Off","0","2","0","0","0","0"
"1023","PTLME UA Eng2","145.34000","144.74000","D-Digital","High","12.5K","Off","Off","UA English 2-123","Group Call","123","KC1JMH / Brad Br","Always","Carrier","Off","1","1","1","Off","12","1","None","None","Off","Off","Off","Off","Normal Encryption","Off","Off","Off","Off","251.1","1","Off","Off","Off","Off","Off","Off","1","0","Off","0","2","0","0","0","0"
"1024","PTLME WW","145.34000","144.74000","D-Digital","High","12.5K","Off","Off","WW Call","Group Call","1","KC1JMH / Brad Br","Always","Carrier","Off","1","1","1","Off","12","1","None","None","Off","Off","Off","Off","Normal Encryption","Off","Off","Off","Off","251.1","1","Off","Off","Off","Off","Off","Off","1","0","Off","0","2","0","0","0","0"
"1025","PTLME Audio","145.34000","144.74000","D-Digital","High","12.5K","Off","Off","Audio Watch","Group Call","9999","KC1JMH / Brad Br","Always","Carrier","Off","1","1","1","Off","12","1","None","None","Off","Off","Off","Off","Normal Encryption","Off","Off","Off","Off","251.1","1","Off","Off","Off","Off","Off","Off","1","0","Off","0","2","0","0","0","0"
"1026","PTLME TAC316","145.34000","144.74000","D-Digital","High","12.5K","Off","Off","TAC316","Group Call","316","KC1JMH / Brad Br","Always","Carrier","Off","1","1","1","Off","12","1","None","None","Off","Off","Off","Off","Normal Encryption","Off","Off","Off","Off","251.1","1","Off","Off","Off","Off","Off","Off","1","0","Off","0","2","0","0","0","0"
"1027","PTLME CT SW","145.34000","144.74000","D-Digital","High","12.5K","Off","Off","CT Statewide","Group Call","3109","KC1JMH / Brad Br","Always","Carrier","Off","1","1","1","Off","12","1","None","None","Off","Off","Off","Off","Normal Encryption","Off","Off","Off","Off","251.1","1","Off","Off","Off","Off","Off","Off","1","0","Off","0","2","0","0","0","0"
"1028","PTLME MA SW","145.34000","144.74000","D-Digital","High","12.5K","Off","Off","MA Statewide","Group Call","3125","KC1JMH / Brad Br","Always","Carrier","Off","1","1","1","Off","12","1","None","None","Off","Off","Off","Off","Normal Encryption","Off","Off","Off","Off","251.1","1","Off","Off","Off","Off","Off","Off","1","0","Off","0","2","0","0","0","0"
"1029","PTLME RI SW","145.34000","144.74000","D-Digital","High","12.5K","Off","Off","RI Statewide","Group Call","3144","KC1JMH / Brad Br","Always","Carrier","Off","1","1","1","Off","12","1","None","None","Off","Off","Off","Off","Normal Encryption","Off","Off","Off","Off","251.1","1","Off","Off","Off","Off","Off","Off","1","0","Off","0","2","0","0","0","0"
"1030","PTLME VT SW","145.34000","144.74000","D-Digital","High","12.5K","Off","Off","VT Statewide","Group Call","3150","KC1JMH / Brad Br","Always","Carrier","Off","1","1","1","Off","12","1","None","None","Off","Off","Off","Off","Normal Encryption","Off","Off","Off","Off","251.1","1","Off","Off","Off","Off","Off","Off","1","0","Off","0","2","0","0","0","0"
"1031","SHPME Local","145.11000","144.51000","D-Digital","High","12.5K","Off","Off","Local","Group Call","9","KC1JMH / Brad Br","Always","Carrier","Off","1","1","1","Off","4","2","None","None","Off","Off","Off","Off","Normal Encryption","Off","Off","Off","Off","251.1","1","Off","Off","Off","Off","Off","Off","1","0","Off","0","2","0","0","0","0"
"1032","SHPME ME Event 1","145.11000","144.51000","D-Digital","High","12.5K","Off","Off","ME Event 1","Group Call","31231","KC1JMH / Brad Br","Always","Carrier","Off","1","1","1","Off","4","1","None","None","Off","Off","Off","Off","Normal Encryption","Off","Off","Off","Off","251.1","1","Off","Off","Off","Off","Off","Off","1","0","Off","0","2","0","0","0","0"
"1033","SHPME ME Event 2","145.11000","144.51000","D-Digital","High","12.5K","Off","Off","ME Event 2","Group Call","31232","KC1JMH / Brad Br","Always","Carrier","Off","1","1","1","Off","4","2","None","None","Off","Off","Off","Off","Normal Encryption","Off","Off","Off","Off","251.1","1","Off","Off","Off","Off","Off","Off","1","0","Off","0","2","0","0","0","0"
"1034","SHPME ME SW","145.11000","144.51000","D-Digital","Turbo","12.5K","Off","Off","ME Statewide","Group Call","3123","KC1JMH / Brad Br","Always","Carrier","Off","1","1","1","Off","4","2","None","None","Off","Off","Off","Off","Normal Encryption","Off","Off","Off","Off","251.1","1","Off","Off","Off","Off","Off","Off","1","0","Off","0","2","0","0","0","0"
"1035","SHPME NE Wide","145.11000","144.51000","D-Digital","High","12.5K","Off","Off","New England-Wide","Group Call","3181","KC1JMH / Brad Br","Always","Carrier","Off","1","1","1","Off","4","2","None","None","Off","Off","Off","Off","Normal Encryption","Off","Off","Off","Off","251.1","1","Off","Off","Off","Off","Off","Off","1","0","Off","0","2","0","0","0","0"
"1036","SHPME NETAC1","145.11000","144.51000","D-Digital","High","12.5K","Off","Off","NETAC1","Group Call","8801","KC1JMH / Brad Br","Always","Carrier","Off","1","1","1","Off","4","1","None","None","Off","Off","Off","Off","Normal Encryption","Off","Off","Off","Off","251.1","1","Off","Off","Off","Off","Off","Off","1","0","Off","0","2","0","0","0","0"
"1037","SHPME NETAC2","145.11000","144.51000","D-Digital","High","12.5K","Off","Off","NETAC2","Group Call","8802","KC1JMH / Brad Br","Always","Carrier","Off","1","1","1","Off","4","2","None","None","Off","Off","Off","Off","Normal Encryption","Off","Off","Off","Off","251.1","1","Off","Off","Off","Off","Off","Off","1","0","Off","0","2","0","0","0","0"
"1038","SHPME NH SW","145.11000","144.51000","D-Digital","High","12.5K","Off","Off","NH Statewide","Group Call","3133","KC1JMH / Brad Br","Always","Carrier","Off","1","1","1","Off","4","1","None","None","Off","Off","Off","Off","Normal Encryption","Off","Off","Off","Off","251.1","1","Off","Off","Off","Off","Off","Off","1","0","Off","0","2","0","0","0","0"
"1039","SHPME North Am","145.11000","144.51000","D-Digital","High","12.5K","Off","Off","North America","Group Call","3","KC1JMH / Brad Br","Always","Carrier","Off","1","1","1","Off","4","1","None","None","Off","Off","Off","Off","Normal Encryption","Off","Off","Off","Off","251.1","1","Off","Off","Off","Off","Off","Off","1","0","Off","0","2","0","0","0","0"
"1040","SHPME Northeast","145.11000","144.51000","D-Digital","High","12.5K","Off","Off","Northeast","Group Call","3172","KC1JMH / Brad Br","Always","Carrier","Off","1","1","1","Off","4","1","None","None","Off","Off","Off","Off","Normal Encryption","Off","Off","Off","Off","251.1","1","Off","Off","Off","Off","Off","Off","1","0","Off","0","2","0","0","0","0"
"1041","SHPME Parrot","145.11000","144.51000","D-Digital","High","12.5K","Off","Off","Parrot","Group Call","9998","KC1JMH / Brad Br","Always","Carrier","Off","1","1","1","Off","4","1","None","None","Off","Off","Off","Off","Normal Encryption","Off","Off","Off","Off","251.1","1","Off","Off","Off","Off","Off","Off","1","0","Off","0","2","0","0","0","0"
"1042","SHPME Reg North","145.11000","144.51000","D-Digital","High","12.5K","Off","Off","Region North","Group Call","8","KC1JMH / Brad Br","Always","Carrier","Off","1","1","1","Off","4","2","None","None","Off","Off","Off","Off","Normal Encryption","Off","Off","Off","Off","251.1","1","Off","Off","Off","Off","Off","Off","1","0","Off","0","2","0","0","0","0"
"1043","SHPME SKYWARN","145.11000","144.51000","D-Digital","Turbo","12.5K","Off","Off","SKYWARN","Group Call","759","KC1JMH / Brad Br","Always","Carrier","Off","1","1","1","Off","4","1","None","None","Off","Off","Off","Off","Normal Encryption","Off","Off","Off","Off","251.1","1","Off","Off","Off","Off","Off","Off","1","0","Off","0","2","0","0","0","0"
"1044","SHPME TAC310","145.11000","144.51000","D-Digital","High","12.5K","Off","Off","TAC310","Group Call","310","KC1JMH / Brad Br","Always","Carrier","Off","1","1","1","Off","4","1","None","None","Off","Off","Off","Off","Normal Encryption","Off","Off","Off","Off","251.1","1","Off","Off","Off","Off","Off","Off","1","0","Off","0","2","0","0","0","0"
"1045","SHPME TAC311","145.11000","144.51000","D-Digital","High","12.5K","Off","Off","TAC311","Group Call","311","KC1JMH / Brad Br","Always","Carrier","Off","1","1","1","Off","4","1","None","None","Off","Off","Off","Off","Normal Encryption","Off","Off","Off","Off","251.1","1","Off","Off","Off","Off","Off","Off","1","0","Off","0","2","0","0","0","0"
"1046","SHPME UA Eng1","145.11000","144.51000","D-Digital","High","12.5K","Off","Off","UA English 1-113","Group Call","113","KC1JMH / Brad Br","Always","Carrier","Off","1","1","1","Off","4","1","None","None","Off","Off","Off","Off","Normal Encryption","Off","Off","Off","Off","251.1","1","Off","Off","Off","Off","Off","Off","1","0","Off","0","2","0","0","0","0"
"1047","SHPME UA Eng2","145.11000","144.51000","D-Digital","High","12.5K","Off","Off","UA English 2-123","Group Call","123","KC1JMH / Brad Br","Always","Carrier","Off","1","1","1","Off","4","1","None","None","Off","Off","Off","Off","Normal Encryption","Off","Off","Off","Off","251.1","1","Off","Off","Off","Off","Off","Off","1","0","Off","0","2","0","0","0","0"
"1048","SHPME VT SW","145.11000","144.51000","D-Digital","High","12.5K","Off","Off","VT Statewide","Group Call","3150","KC1JMH / Brad Br","Always","Carrier","Off","1","1","1","Off","4","1","None","None","Off","Off","Off","Off","Normal Encryption","Off","Off","Off","Off","251.1","1","Off","Off","Off","Off","Off","Off","1","0","Off","0","2","0","0","0","0"
"1049","SHPME WW","145.11000","144.51000","D-Digital","High","12.5K","Off","Off","WW Call","Group Call","1","KC1JMH / Brad Br","Always","Carrier","Off","1","1","1","Off","4","1","None","None","Off","Off","Off","Off","Normal Encryption","Off","Off","Off","Off","251.1","1","Off","Off","Off","Off","Off","Off","1","0","Off","0","2","0","0","0","0"
"1050","SHPME Audio","145.11000","144.51000","D-Digital","High","12.5K","Off","Off","Audio Watch","Group Call","9999","KC1JMH / Brad Br","Always","Carrier","Off","1","1","1","Off","4","1","None","None","Off","Off","Off","Off","Normal Encryption","Off","Off","Off","Off","251.1","1","Off","Off","Off","Off","Off","Off","1","0","Off","0","2","0","0","0","0"
"1051","SHPME CT SW","145.11000","144.51000","D-Digital","High","12.5K","Off","Off","CT Statewide","Group Call","3109","KC1JMH / Brad Br","Always","Carrier","Off","1","1","1","Off","4","1","None","None","Off","Off","Off","Off","Normal Encryption","Off","Off","Off","Off","251.1","1","Off","Off","Off","Off","Off","Off","1","0","Off","0","2","0","0","0","0"
"1052","SHPME MA SW","145.11000","144.51000","D-Digital","High","12.5K","Off","Off","MA Statewide","Group Call","3125","KC1JMH / Brad Br","Always","Carrier","Off","1","1","1","Off","4","1","None","None","Off","Off","Off","Off","Normal Encryption","Off","Off","Off","Off","251.1","1","Off","Off","Off","Off","Off","Off","1","0","Off","0","2","0","0","0","0"
"1053","SHPME RI SW","145.11000","144.51000","D-Digital","High","12.5K","Off","Off","RI Statewide","Group Call","3144","KC1JMH / Brad Br","Always","Carrier","Off","1","1","1","Off","4","1","None","None","Off","Off","Off","Off","Normal Encryption","Off","Off","Off","Off","251.1","1","Off","Off","Off","Off","Off","Off","1","0","Off","0","2","0","0","0","0"
"1054","SMYME Local","145.19000","144.59000","D-Digital","High","12.5K","Off","Off","Local","Group Call","9","KC1JMH / Brad Br","Always","Carrier","Off","1","1","1","Off","12","2","None","None","Off","Off","Off","Off","Normal Encryption","Off","Off","Off","Off","251.1","1","Off","Off","Off","Off","Off","Off","1","0","Off","0","2","0","0","0","0"
"1055","SMYME ME Event 1","145.19000","144.59000","D-Digital","High","12.5K","Off","Off","ME Event 1","Group Call","31231","KC1JMH / Brad Br","Always","Carrier","Off","1","1","1","Off","12","1","None","None","Off","Off","Off","Off","Normal Encryption","Off","Off","Off","Off","251.1","1","Off","Off","Off","Off","Off","Off","1","0","Off","0","2","0","0","0","0"
"1056","SMYME ME Event 2","145.19000","144.59000","D-Digital","High","12.5K","Off","Off","ME Event 2","Group Call","31232","KC1JMH / Brad Br","Always","Carrier","Off","1","1","1","Off","12","2","None","None","Off","Off","Off","Off","Normal Encryption","Off","Off","Off","Off","251.1","1","Off","Off","Off","Off","Off","Off","1","0","Off","0","2","0","0","0","0"
"1057","SMYME ME SW","145.19000","144.59000","D-Digital","High","12.5K","Off","Off","ME Statewide","Group Call","3123","KC1JMH / Brad Br","Always","Carrier","Off","1","1","1","Off","12","2","None","None","Off","Off","Off","Off","Normal Encryption","Off","Off","Off","Off","251.1","1","Off","Off","Off","Off","Off","Off","1","0","Off","0","2","0","0","0","0"
"1058","SMYME NE Wide","145.19000","144.59000","D-Digital","High","12.5K","Off","Off","New England-Wide","Group Call","3181","KC1JMH / Brad Br","Always","Carrier","Off","1","1","1","Off","12","2","None","None","Off","Off","Off","Off","Normal Encryption","Off","Off","Off","Off","251.1","1","Off","Off","Off","Off","Off","Off","1","0","Off","0","2","0","0","0","0"
"1059","SMYME NETAC1","145.19000","144.59000","D-Digital","High","12.5K","Off","Off","NETAC1","Group Call","8801","KC1JMH / Brad Br","Always","Carrier","Off","1","1","1","Off","12","1","None","None","Off","Off","Off","Off","Normal Encryption","Off","Off","Off","Off","251.1","1","Off","Off","Off","Off","Off","Off","1","0","Off","0","2","0","0","0","0"
"1060","SMYME NETAC2","145.19000","144.59000","D-Digital","High","12.5K","Off","Off","NETAC2","Group Call","8802","KC1JMH / Brad Br","Always","Carrier","Off","1","1","1","Off","12","2","None","None","Off","Off","Off","Off","Normal Encryption","Off","Off","Off","Off","251.1","1","Off","Off","Off","Off","Off","Off","1","0","Off","0","2","0","0","0","0"
"1061","SMYME NEWBRNSWCK","145.19000","144.59000","D-Digital","High","12.5K","Off","Off","New Brunswick","Group Call","3029","KC1JMH / Brad Br","Always","Carrier","Off","1","1","1","Off","12","1","None","None","Off","Off","Off","Off","Normal Encryption","Off","Off","Off","Off","251.1","1","Off","Off","Off","Off","Off","Off","1","0","Off","0","2","0","0","0","0"
"1062","SMYME NH SW","145.19000","144.59000","D-Digital","High","12.5K","Off","Off","NH Statewide","Group Call","3133","KC1JMH / Brad Br","Always","Carrier","Off","1","1","1","Off","12","1","None","None","Off","Off","Off","Off","Normal Encryption","Off","Off","Off","Off","251.1","1","Off","Off","Off","Off","Off","Off","1","0","Off","0","2","0","0","0","0"
"1063","SMYME North Am","145.19000","144.59000","D-Digital","High","12.5K","Off","Off","North America","Group Call","3","KC1JMH / Brad Br","Always","Carrier","Off","1","1","1","Off","12","1","None","None","Off","Off","Off","Off","Normal Encryption","Off","Off","Off","Off","251.1","1","Off","Off","Off","Off","Off","Off","1","0","Off","0","2","0","0","0","0"
"1064","SMYME Northeast","145.19000","144.59000","D-Digital","High","12.5K","Off","Off","Northeast","Group Call","3172","KC1JMH / Brad Br","Always","Carrier","Off","1","1","1","Off","12","1","None","None","Off","Off","Off","Off","Normal Encryption","Off","Off","Off","Off","251.1","1","Off","Off","Off","Off","Off","Off","1","0","Off","0","2","0","0","0","0"
"1065","SMYME Parrot","145.19000","144.59000","D-Digital","High","12.5K","Off","Off","Parrot","Group Call","9998","KC1JMH / Brad Br","Always","Carrier","Off","1","1","1","Off","12","1","None","None","Off","Off","Off","Off","Normal Encryption","Off","Off","Off","Off","251.1","1","Off","Off","Off","Off","Off","Off","1","0","Off","0","2","0","0","0","0"
"1066","SMYME Reg North","145.19000","144.59000","D-Digital","High","12.5K","Off","Off","Region North","Group Call","8","KC1JMH / Brad Br","Always","Carrier","Off","1","1","1","Off","12","2","None","None","Off","Off","Off","Off","Normal Encryption","Off","Off","Off","Off","251.1","1","Off","Off","Off","Off","Off","Off","1","0","Off","0","2","0","0","0","0"
"1067","SMYME SKYWARN","145.19000","144.59000","D-Digital","High","12.5K","Off","Off","SKYWARN","Group Call","759","KC1JMH / Brad Br","Always","Carrier","Off","1","1","1","Off","12","1","None","None","Off","Off","Off","Off","Normal Encryption","Off","Off","Off","Off","251.1","1","Off","Off","Off","Off","Off","Off","1","0","Off","0","2","0","0","0","0"
"1068","SMYME TAC310","145.19000","144.59000","D-Digital","High","12.5K","Off","Off","TAC310","Group Call","310","KC1JMH / Brad Br","Always","Carrier","Off","1","1","1","Off","12","1","None","None","Off","Off","Off","Off","Normal Encryption","Off","Off","Off","Off","251.1","1","Off","Off","Off","Off","Off","Off","1","0","Off","0","2","0","0","0","0"
"1069","SMYME TAC311","145.19000","144.59000","D-Digital","High","12.5K","Off","Off","TAC311","Group Call","311","KC1JMH / Brad Br","Always","Carrier","Off","1","1","1","Off","12","1","None","None","Off","Off","Off","Off","Normal Encryption","Off","Off","Off","Off","251.1","1","Off","Off","Off","Off","Off","Off","1","0","Off","0","2","0","0","0","0"
"1070","SMYME UA Eng1","145.19000","144.59000","D-Digital","High","12.5K","Off","Off","UA English 1-113","Group Call","113","KC1JMH / Brad Br","Always","Carrier","Off","1","1","1","Off","12","1","None","None","Off","Off","Off","Off","Normal Encryption","Off","Off","Off","Off","251.1","1","Off","Off","Off","Off","Off","Off","1","0","Off","0","2","0","0","0","0"
"1071","SMYME UA Eng2","145.19000","144.59000","D-Digital","High","12.5K","Off","Off","UA English 2-123","Group Call","123","KC1JMH / Brad Br","Always","Carrier","Off","1","1","1","Off","12","1","None","None","Off","Off","Off","Off","Normal Encryption","Off","Off","Off","Off","251.1","1","Off","Off","Off","Off","Off","Off","1","0","Off","0","2","0","0","0","0"
"1072","SMYME WW","145.19000","144.59000","D-Digital","High","12.5K","Off","Off","WW Call","Group Call","1","KC1JMH / Brad Br","Always","Carrier","Off","1","1","1","Off","12","1","None","None","Off","Off","Off","Off","Normal Encryption","Off","Off","Off","Off","251.1","1","Off","Off","Off","Off","Off","Off","1","0","Off","0","2","0","0","0","0"
"1073","SMYME Audio","145.19000","144.59000","D-Digital","High","12.5K","Off","Off","Audio Watch","Group Call","9999","KC1JMH / Brad Br","Always","Carrier","Off","1","1","1","Off","12","1","None","None","Off","Off","Off","Off","Normal Encryption","Off","Off","Off","Off","251.1","1","Off","Off","Off","Off","Off","Off","1","0","Off","0","2","0","0","0","0"
"1074","SMYME TAC312","145.19000","144.59000","D-Digital","High","12.5K","Off","Off","TAC312","Group Call","312","KC1JMH / Brad Br","Always","Carrier","Off","1","1","1","Off","12","1","None","None","Off","Off","Off","Off","Normal Encryption","Off","Off","Off","Off","251.1","1","Off","Off","Off","Off","Off","Off","1","0","Off","0","2","0","0","0","0"
"1075","SMYME CT SW","145.19000","144.59000","D-Digital","High","12.5K","Off","Off","CT Statewide","Group Call","3109","KC1JMH / Brad Br","Always","Carrier","Off","1","1","1","Off","12","1","None","None","Off","Off","Off","Off","Normal Encryption","Off","Off","Off","Off","251.1","1","Off","Off","Off","Off","Off","Off","1","0","Off","0","2","0","0","0","0"
"1076","SMYME MA SW","145.19000","144.59000","D-Digital","High","12.5K","Off","Off","MA Statewide","Group Call","3125","KC1JMH / Brad Br","Always","Carrier","Off","1","1","1","Off","12","1","None","None","Off","Off","Off","Off","Normal Encryption","Off","Off","Off","Off","251.1","1","Off","Off","Off","Off","Off","Off","1","0","Off","0","2","0","0","0","0"
"1077","SMYME RI SW","145.19000","144.59000","D-Digital","High","12.5K","Off","Off","RI Statewide","Group Call","3144","KC1JMH / Brad Br","Always","Carrier","Off","1","1","1","Off","12","1","None","None","Off","Off","Off","Off","Normal Encryption","Off","Off","Off","Off","251.1","1","Off","Off","Off","Off","Off","Off","1","0","Off","0","2","0","0","0","0"
"1078","SMYME VT SW","145.19000","144.59000","D-Digital","High","12.5K","Off","Off","VT Statewide","Group Call","3150","KC1JMH / Brad Br","Always","Carrier","Off","1","1","1","Off","12","1","None","None","Off","Off","Off","Off","Normal Encryption","Off","Off","Off","Off","251.1","1","Off","Off","Off","Off","Off","Off","1","0","Off","0","2","0","0","0","0"
"1079","TPMME Local","145.19000","144.59000","D-Digital","High","12.5K","Off","Off","Local","Group Call","9","KC1JMH / Brad Br","Always","Carrier","Off","1","1","1","Off","13","2","None","None","Off","Off","Off","Off","Normal Encryption","Off","Off","Off","Off","251.1","1","Off","Off","Off","Off","Off","Off","1","0","Off","0","2","0","0","0","0"
"1080","TPMME ME Event 1","145.19000","144.59000","D-Digital","High","12.5K","Off","Off","ME Event 1","Group Call","31231","KC1JMH / Brad Br","Always","Carrier","Off","1","1","1","Off","13","1","None","None","Off","Off","Off","Off","Normal Encryption","Off","Off","Off","Off","251.1","1","Off","Off","Off","Off","Off","Off","1","0","Off","0","2","0","0","0","0"
"1081","TPMME ME Event 2","145.19000","144.59000","D-Digital","High","12.5K","Off","Off","ME Event 2","Group Call","31232","KC1JMH / Brad Br","Always","Carrier","Off","1","1","1","Off","13","2","None","None","Off","Off","Off","Off","Normal Encryption","Off","Off","Off","Off","251.1","1","Off","Off","Off","Off","Off","Off","1","0","Off","0","2","0","0","0","0"
"1082","TPMME ME SW","145.19000","144.59000","D-Digital","High","12.5K","Off","Off","ME Statewide","Group Call","3123","KC1JMH / Brad Br","Always","Carrier","Off","1","1","1","Off","13","2","None","None","Off","Off","Off","Off","Normal Encryption","Off","Off","Off","Off","251.1","1","Off","Off","Off","Off","Off","Off","1","0","Off","0","2","0","0","0","0"
"1083","TPMME NE Wide","145.19000","144.59000","D-Digital","High","12.5K","Off","Off","New England-Wide","Group Call","3181","KC1JMH / Brad Br","Always","Carrier","Off","1","1","1","Off","13","2","None","None","Off","Off","Off","Off","Normal Encryption","Off","Off","Off","Off","251.1","1","Off","Off","Off","Off","Off","Off","1","0","Off","0","2","0","0","0","0"
"1084","TPMME NETAC1","145.19000","144.59000","D-Digital","High","12.5K","Off","Off","NETAC1","Group Call","8801","KC1JMH / Brad Br","Always","Carrier","Off","1","1","1","Off","13","1","None","None","Off","Off","Off","Off","Normal Encryption","Off","Off","Off","Off","251.1","1","Off","Off","Off","Off","Off","Off","1","0","Off","0","2","0","0","0","0"
"1085","TPMME NETAC2","145.19000","144.59000","D-Digital","High","12.5K","Off","Off","NETAC2","Group Call","8802","KC1JMH / Brad Br","Always","Carrier","Off","1","1","1","Off","13","2","None","None","Off","Off","Off","Off","Normal Encryption","Off","Off","Off","Off","251.1","1","Off","Off","Off","Off","Off","Off","1","0","Off","0","2","0","0","0","0"
"1086","TPMME NH SW","145.19000","144.59000","D-Digital","High","12.5K","Off","Off","NH Statewide","Group Call","3133","KC1JMH / Brad Br","Always","Carrier","Off","1","1","1","Off","13","2","None","None","Off","Off","Off","Off","Normal Encryption","Off","Off","Off","Off","251.1","1","Off","Off","Off","Off","Off","Off","1","0","Off","0","2","0","0","0","0"
"1087","TPMME North Am","145.19000","144.59000","D-Digital","High","12.5K","Off","Off","North America","Group Call","3","KC1JMH / Brad Br","Always","Carrier","Off","1","1","1","Off","13","1","None","None","Off","Off","Off","Off","Normal Encryption","Off","Off","Off","Off","251.1","1","Off","Off","Off","Off","Off","Off","1","0","Off","0","2","0","0","0","0"
"1088","TPMME Northeast","145.19000","144.59000","D-Digital","High","12.5K","Off","Off","Northeast","Group Call","3172","KC1JMH / Brad Br","Always","Carrier","Off","1","1","1","Off","13","1","None","None","Off","Off","Off","Off","Normal Encryption","Off","Off","Off","Off","251.1","1","Off","Off","Off","Off","Off","Off","1","0","Off","0","2","0","0","0","0"
"1089","TPMME Parrot","145.19000","144.59000","D-Digital","High","12.5K","Off","Off","Parrot","Group Call","9998","KC1JMH / Brad Br","Always","Carrier","Off","1","1","1","Off","13","1","None","None","Off","Off","Off","Off","Normal Encryption","Off","Off","Off","Off","251.1","1","Off","Off","Off","Off","Off","Off","1","0","Off","0","2","0","0","0","0"
"1090","TPMME Reg North","145.19000","144.59000","D-Digital","High","12.5K","Off","Off","Region North","Group Call","8","KC1JMH / Brad Br","Always","Carrier","Off","1","1","1","Off","13","2","None","None","Off","Off","Off","Off","Normal Encryption","Off","Off","Off","Off","251.1","1","Off","Off","Off","Off","Off","Off","1","0","Off","0","2","0","0","0","0"
"1091","TPMME SKYWARN","145.19000","144.59000","D-Digital","High","12.5K","Off","Off","SKYWARN","Group Call","759","KC1JMH / Brad Br","Always","Carrier","Off","1","1","1","Off","13","1","None","None","Off","Off","Off","Off","Normal Encryption","Off","Off","Off","Off","251.1","1","Off","Off","Off","Off","Off","Off","1","0","Off","0","2","0","0","0","0"
"1092","TPMME TAC310","145.19000","144.59000","D-Digital","High","12.5K","Off","Off","TAC310","Group Call","310","KC1JMH / Brad Br","Always","Carrier","Off","1","1","1","Off","13","1","None","None","Off","Off","Off","Off","Normal Encryption","Off","Off","Off","Off","251.1","1","Off","Off","Off","Off","Off","Off","1","0","Off","0","2","0","0","0","0"
"1093","TPMME TAC311","145.19000","144.59000","D-Digital","High","12.5K","Off","Off","TAC311","Group Call","311","KC1JMH / Brad Br","Always","Carrier","Off","1","1","1","Off","13","1","None","None","Off","Off","Off","Off","Normal Encryption","Off","Off","Off","Off","251.1","1","Off","Off","Off","Off","Off","Off","1","0","Off","0","2","0","0","0","0"
"1094","TPMME UA Eng1","145.19000","144.59000","D-Digital","High","12.5K","Off","Off","UA English 1-113","Group Call","113","KC1JMH / Brad Br","Always","Carrier","Off","1","1","1","Off","13","1","None","None","Off","Off","Off","Off","Normal Encryption","Off","Off","Off","Off","251.1","1","Off","Off","Off","Off","Off","Off","1","0","Off","0","2","0","0","0","0"
"1095","TPMME UA Eng2","145.19000","144.59000","D-Digital","High","12.5K","Off","Off","UA English 2-123","Group Call","123","KC1JMH / Brad Br","Always","Carrier","Off","1","1","1","Off","13","1","None","None","Off","Off","Off","Off","Normal Encryption","Off","Off","Off","Off","251.1","1","Off","Off","Off","Off","Off","Off","1","0","Off","0","2","0","0","0","0"
"1096","TPMME WW","145.19000","144.59000","D-Digital","High","12.5K","Off","Off","WW Call","Group Call","1","KC1JMH / Brad Br","Always","Carrier","Off","1","1","1","Off","13","1","None","None","Off","Off","Off","Off","Normal Encryption","Off","Off","Off","Off","251.1","1","Off","Off","Off","Off","Off","Off","1","0","Off","0","2","0","0","0","0"
"1097","WTVME Local","146.92500","146.32500","D-Digital","High","12.5K","Off","Off","Local","Group Call","9","KC1JMH / Brad Br","Always","Carrier","Off","1","1","1","Off","12","2","None","None","Off","Off","Off","Off","Normal Encryption","Off","Off","Off","Off","251.1","1","Off","Off","Off","Off","Off","Off","1","0","Off","0","2","0","0","0","0"
"1098","WTVME ME Event 1","146.92500","146.32500","D-Digital","High","12.5K","Off","Off","ME Event 1","Group Call","31231","KC1JMH / Brad Br","Always","Carrier","Off","1","1","1","Off","12","1","None","None","Off","Off","Off","Off","Normal Encryption","Off","Off","Off","Off","251.1","1","Off","Off","Off","Off","Off","Off","1","0","Off","0","2","0","0","0","0"
"1099","WTVME ME Event 2","146.92500","146.32500","D-Digital","High","12.5K","Off","Off","ME Event 2","Group Call","31232","KC1JMH / Brad Br","Always","Carrier","Off","1","1","1","Off","12","2","None","None","Off","Off","Off","Off","Normal Encryption","Off","Off","Off","Off","251.1","1","Off","Off","Off","Off","Off","Off","1","0","Off","0","2","0","0","0","0"
"1100","WTVME ME SW","146.92500","146.32500","D-Digital","High","12.5K","Off","Off","ME Statewide","Group Call","3123","KC1JMH / Brad Br","Always","Carrier","Off","1","1","1","Off","12","2","None","None","Off","Off","Off","Off","Normal Encryption","Off","Off","Off","Off","251.1","1","Off","Off","Off","Off","Off","Off","1","0","Off","0","2","0","0","0","0"
"1101","WTVME NE Wide","146.92500","146.32500","D-Digital","High","12.5K","Off","Off","New England-Wide","Group Call","3181","KC1JMH / Brad Br","Always","Carrier","Off","1","1","1","Off","12","2","None","None","Off","Off","Off","Off","Normal Encryption","Off","Off","Off","Off","251.1","1","Off","Off","Off","Off","Off","Off","1","0","Off","0","2","0","0","0","0"
"1102","WTVME NETAC1","146.92500","146.32500","D-Digital","High","12.5K","Off","Off","NETAC1","Group Call","8801","KC1JMH / Brad Br","Always","Carrier","Off","1","1","1","Off","12","1","None","None","Off","Off","Off","Off","Normal Encryption","Off","Off","Off","Off","251.1","1","Off","Off","Off","Off","Off","Off","1","0","Off","0","2","0","0","0","0"
"1103","WTVME NETAC2","146.92500","146.32500","D-Digital","High","12.5K","Off","Off","NETAC2","Group Call","8802","KC1JMH / Brad Br","Always","Carrier","Off","1","1","1","Off","12","2","None","None","Off","Off","Off","Off","Normal Encryption","Off","Off","Off","Off","251.1","1","Off","Off","Off","Off","Off","Off","1","0","Off","0","2","0","0","0","0"
"1104","WTVME NH SW","146.92500","146.32500","D-Digital","High","12.5K","Off","Off","NH Statewide","Group Call","3133","KC1JMH / Brad Br","Always","Carrier","Off","1","1","1","Off","12","1","None","None","Off","Off","Off","Off","Normal Encryption","Off","Off","Off","Off","251.1","1","Off","Off","Off","Off","Off","Off","1","0","Off","0","2","0","0","0","0"
"1105","WTVME North Am","146.92500","146.32500","D-Digital","High","12.5K","Off","Off","North America","Group Call","3","KC1JMH / Brad Br","Always","Carrier","Off","1","1","1","Off","12","1","None","None","Off","Off","Off","Off","Normal Encryption","Off","Off","Off","Off","251.1","1","Off","Off","Off","Off","Off","Off","1","0","Off","0","2","0","0","0","0"
"1106","WTVME Northeast","146.92500","146.32500","D-Digital","High","12.5K","Off","Off","Northeast","Group Call","3172","KC1JMH / Brad Br","Always","Carrier","Off","1","1","1","Off","12","1","None","None","Off","Off","Off","Off","Normal Encryption","Off","Off","Off","Off","251.1","1","Off","Off","Off","Off","Off","Off","1","0","Off","0","2","0","0","0","0"
"1107","WTVME Parrot","146.92500","146.32500","D-Digital","High","12.5K","Off","Off","Parrot","Group Call","9998","KC1JMH / Brad Br","Always","Carrier","Off","1","1","1","Off","12","1","None","None","Off","Off","Off","Off","Normal Encryption","Off","Off","Off","Off","251.1","1","Off","Off","Off","Off","Off","Off","1","0","Off","0","2","0","0","0","0"
"1108","WTVME Reg North","146.92500","146.32500","D-Digital","High","12.5K","Off","Off","Region North","Group Call","8","KC1JMH / Brad Br","Always","Carrier","Off","1","1","1","Off","12","2","None","None","Off","Off","Off","Off","Normal Encryption","Off","Off","Off","Off","251.1","1","Off","Off","Off","Off","Off","Off","1","0","Off","0","2","0","0","0","0"
"1109","WTVME SKYWARN","146.92500","146.32500","D-Digital","High","12.5K","Off","Off","SKYWARN","Group Call","759","KC1JMH / Brad Br","Always","Carrier","Off","1","1","1","Off","12","1","None","None","Off","Off","Off","Off","Normal Encryption","Off","Off","Off","Off","251.1","1","Off","Off","Off","Off","Off","Off","1","0","Off","0","2","0","0","0","0"
"1110","WTVME TAC310","146.92500","146.32500","D-Digital","High","12.5K","Off","Off","TAC310","Group Call","310","KC1JMH / Brad Br","Always","Carrier","Off","1","1","1","Off","12","1","None","None","Off","Off","Off","Off","Normal Encryption","Off","Off","Off","Off","251.1","1","Off","Off","Off","Off","Off","Off","1","0","Off","0","2","0","0","0","0"
"1111","WTVME TAC311","146.92500","146.32500","D-Digital","High","12.5K","Off","Off","TAC311","Group Call","311","KC1JMH / Brad Br","Always","Carrier","Off","1","1","1","Off","12","1","None","None","Off","Off","Off","Off","Normal Encryption","Off","Off","Off","Off","251.1","1","Off","Off","Off","Off","Off","Off","1","0","Off","0","2","0","0","0","0"
"1112","WTVME UA Eng1","146.92500","146.32500","D-Digital","High","12.5K","Off","Off","UA English 1-113","Group Call","113","KC1JMH / Brad Br","Always","Carrier","Off","1","1","1","Off","12","1","None","None","Off","Off","Off","Off","Normal Encryption","Off","Off","Off","Off","251.1","1","Off","Off","Off","Off","Off","Off","1","0","Off","0","2","0","0","0","0"
"1113","WTVME UA Eng2","146.92500","146.32500","D-Digital","High","12.5K","Off","Off","UA English 2-123","Group Call","123","KC1JMH / Brad Br","Always","Carrier","Off","1","1","1","Off","12","1","None","None","Off","Off","Off","Off","Normal Encryption","Off","Off","Off","Off","251.1","1","Off","Off","Off","Off","Off","Off","1","0","Off","0","2","0","0","0","0"
"1114","WTVME WW","146.92500","146.32500","D-Digital","High","12.5K","Off","Off","WW Call","Group Call","1","KC1JMH / Brad Br","Always","Carrier","Off","1","1","1","Off","12","1","None","None","Off","Off","Off","Off","Normal Encryption","Off","Off","Off","Off","251.1","1","Off","Off","Off","Off","Off","Off","1","0","Off","0","2","0","0","0","0"
"1115","WTVME Audio","146.92500","146.32500","D-Digital","High","12.5K","Off","Off","Audio Watch","Group Call","9999","KC1JMH / Brad Br","Always","Carrier","Off","1","1","1","Off","12","1","None","None","Off","Off","Off","Off","Normal Encryption","Off","Off","Off","Off","251.1","1","Off","Off","Off","Off","Off","Off","1","0","Off","0","2","0","0","0","0"
"1116","WTVME TAC312","146.92500","146.32500","D-Digital","High","12.5K","Off","Off","TAC312","Group Call","312","KC1JMH / Brad Br","Always","Carrier","Off","1","1","1","Off","12","1","None","None","Off","Off","Off","Off","Normal Encryption","Off","Off","Off","Off","251.1","1","Off","Off","Off","Off","Off","Off","1","0","Off","0","2","0","0","0","0"
"1117","WTVME CT SW","146.92500","146.32500","D-Digital","High","12.5K","Off","Off","CT Statewide","Group Call","3109","KC1JMH / Brad Br","Always","Carrier","Off","1","1","1","Off","12","1","None","None","Off","Off","Off","Off","Normal Encryption","Off","Off","Off","Off","251.1","1","Off","Off","Off","Off","Off","Off","1","0","Off","0","2","0","0","0","0"
"1118","WTVME MA SW","146.92500","146.32500","D-Digital","High","12.5K","Off","Off","MA Statewide","Group Call","3125","KC1JMH / Brad Br","Always","Carrier","Off","1","1","1","Off","12","1","None","None","Off","Off","Off","Off","Normal Encryption","Off","Off","Off","Off","251.1","1","Off","Off","Off","Off","Off","Off","1","0","Off","0","2","0","0","0","0"
"1119","WTVME RI SW","146.92500","146.32500","D-Digital","High","12.5K","Off","Off","RI Statewide","Group Call","3144","KC1JMH / Brad Br","Always","Carrier","Off","1","1","1","Off","12","1","None","None","Off","Off","Off","Off","Normal Encryption","Off","Off","Off","Off","251.1","1","Off","Off","Off","Off","Off","Off","1","0","Off","0","2","0","0","0","0"
"1120","WTVME VT SW","146.92500","146.32500","D-Digital","High","12.5K","Off","Off","VT Statewide","Group Call","3150","KC1JMH / Brad Br","Always","Carrier","Off","1","1","1","Off","12","1","None","None","Off","Off","Off","Off","Normal Encryption","Off","Off","Off","Off","251.1","1","Off","Off","Off","Off","Off","Off","1","0","Off","0","2","0","0","0","0"
"1121","BOWNH Local","145.17000","144.57000","D-Digital","High","12.5K","Off","Off","Local","Group Call","9","KC1JMH / Brad Br","Always","Carrier","Off","1","1","1","Off","8","2","None","None","Off","Off","Off","Off","Normal Encryption","Off","Off","Off","Off","251.1","1","Off","Off","Off","Off","Off","Off","1","0","Off","0","2","0","0","0","0"
"1122","BOWNH NE Wide","145.17000","144.57000","D-Digital","High","12.5K","Off","Off","New England-Wide","Group Call","3181","KC1JMH / Brad Br","Always","Carrier","Off","1","1","1","Off","8","2","None","None","Off","Off","Off","Off","Normal Encryption","Off","Off","Off","Off","251.1","1","Off","Off","Off","Off","Off","Off","1","0","Off","0","2","0","0","0","0"
"1123","BOWNH NETAC1","145.17000","144.57000","D-Digital","High","12.5K","Off","Off","NETAC1","Group Call","8801","KC1JMH / Brad Br","Always","Carrier","Off","1","1","1","Off","8","1","None","None","Off","Off","Off","Off","Normal Encryption","Off","Off","Off","Off","251.1","1","Off","Off","Off","Off","Off","Off","1","0","Off","0","2","0","0","0","0"
"1124","BOWNH NETAC2","145.17000","144.57000","D-Digital","High","12.5K","Off","Off","NETAC2","Group Call","8802","KC1JMH / Brad Br","Always","Carrier","Off","1","1","1","Off","8","2","None","None","Off","Off","Off","Off","Normal Encryption","Off","Off","Off","Off","251.1","1","Off","Off","Off","Off","Off","Off","1","0","Off","0","2","0","0","0","0"
"1125","BOWNH NH SW","145.17000","144.57000","D-Digital","High","12.5K","Off","Off","NH Statewide","Group Call","3133","KC1JMH / Brad Br","Always","Carrier","Off","1","1","1","Off","8","2","None","None","Off","Off","Off","Off","Normal Encryption","Off","Off","Off","Off","251.1","1","Off","Off","Off","Off","Off","Off","1","0","Off","0","2","0","0","0","0"
"1126","BOWNH North Am","145.17000","144.57000","D-Digital","High","12.5K","Off","Off","North America","Group Call","3","KC1JMH / Brad Br","Always","Carrier","Off","1","1","1","Off","8","1","None","None","Off","Off","Off","Off","Normal Encryption","Off","Off","Off","Off","251.1","1","Off","Off","Off","Off","Off","Off","1","0","Off","0","2","0","0","0","0"
"1127","BOWNH Northeast","145.17000","144.57000","D-Digital","High","12.5K","Off","Off","Northeast","Group Call","3172","KC1JMH / Brad Br","Always","Carrier","Off","1","1","1","Off","8","1","None","None","Off","Off","Off","Off","Normal Encryption","Off","Off","Off","Off","251.1","1","Off","Off","Off","Off","Off","Off","1","0","Off","0","2","0","0","0","0"
"1128","BOWNH Parrot","145.17000","144.57000","D-Digital","High","12.5K","Off","Off","Parrot","Group Call","9998","KC1JMH / Brad Br","Always","Carrier","Off","1","1","1","Off","8","1","None","None","Off","Off","Off","Off","Normal Encryption","Off","Off","Off","Off","251.1","1","Off","Off","Off","Off","Off","Off","1","0","Off","0","2","0","0","0","0"
"1129","BOWNH Audio","145.17000","144.57000","D-Digital","High","12.5K","Off","Off","Audio Watch","Group Call","9999","KC1JMH / Brad Br","Always","Carrier","Off","1","1","1","Off","8","1","None","None","Off","Off","Off","Off","Normal Encryption","Off","Off","Off","Off","251.1","1","Off","Off","Off","Off","Off","Off","1","0","Off","0","2","0","0","0","0"
"1130","BOWNH TAC316","145.17000","144.57000","D-Digital","High","12.5K","Off","Off","TAC316","Group Call","316","KC1JMH / Brad Br","Always","Carrier","Off","1","1","1","Off","8","1","None","None","Off","Off","Off","Off","Normal Encryption","Off","Off","Off","Off","251.1","1","Off","Off","Off","Off","Off","Off","1","0","Off","0","2","0","0","0","0"
"1131","BOWNH CT SW","145.17000","144.57000","D-Digital","High","12.5K","Off","Off","CT Statewide","Group Call","3109","KC1JMH / Brad Br","Always","Carrier","Off","1","1","1","Off","8","1","None","None","Off","Off","Off","Off","Normal Encryption","Off","Off","Off","Off","251.1","1","Off","Off","Off","Off","Off","Off","1","0","Off","0","2","0","0","0","0"
"1132","BOWNH MA SW","145.17000","144.57000","D-Digital","High","12.5K","Off","Off","MA Statewide","Group Call","3125","KC1JMH / Brad Br","Always","Carrier","Off","1","1","1","Off","8","1","None","None","Off","Off","Off","Off","Normal Encryption","Off","Off","Off","Off","251.1","1","Off","Off","Off","Off","Off","Off","1","0","Off","0","2","0","0","0","0"
"1133","BOWNH ME SW","145.17000","144.57000","D-Digital","High","12.5K","Off","Off","ME Statewide","Group Call","3123","KC1JMH / Brad Br","Always","Carrier","Off","1","1","1","Off","8","1","None","None","Off","Off","Off","Off","Normal Encryption","Off","Off","Off","Off","251.1","1","Off","Off","Off","Off","Off","Off","1","0","Off","0","2","0","0","0","0"
"1134","BOWNH RI SW","145.17000","144.57000","D-Digital","High","12.5K","Off","Off","RI Statewide","Group Call","3144","KC1JMH / Brad Br","Always","Carrier","Off","1","1","1","Off","8","1","None","None","Off","Off","Off","Off","Normal Encryption","Off","Off","Off","Off","251.1","1","Off","Off","Off","Off","Off","Off","1","0","Off","0","2","0","0","0","0"
"1135","BOWNH VT SW","145.17000","144.57000","D-Digital","High","12.5K","Off","Off","VT Statewide","Group Call","3150","KC1JMH / Brad Br","Always","Carrier","Off","1","1","1","Off","8","1","None","None","Off","Off","Off","Off","Normal Encryption","Off","Off","Off","Off","251.1","1","Off","Off","Off","Off","Off","Off","1","0","Off","0","2","0","0","0","0"
"1136","BOWNH Reg North","145.17000","144.57000","D-Digital","High","12.5K","Off","Off","Region North","Group Call","8","KC1JMH / Brad Br","Always","Carrier","Off","1","1","1","Off","8","2","None","None","Off","Off","Off","Off","Normal Encryption","Off","Off","Off","Off","251.1","1","Off","Off","Off","Off","Off","Off","1","0","Off","0","2","0","0","0","0"
"1137","BOWNH SKYWARN","145.17000","144.57000","D-Digital","High","12.5K","Off","Off","SKYWARN","Group Call","759","KC1JMH / Brad Br","Always","Carrier","Off","1","1","1","Off","8","1","None","None","Off","Off","Off","Off","Normal Encryption","Off","Off","Off","Off","251.1","1","Off","Off","Off","Off","Off","Off","1","0","Off","0","2","0","0","0","0"
"1138","BOWNH TAC310","145.17000","144.57000","D-Digital","High","12.5K","Off","Off","TAC310","Group Call","310","KC1JMH / Brad Br","Always","Carrier","Off","1","1","1","Off","8","1","None","None","Off","Off","Off","Off","Normal Encryption","Off","Off","Off","Off","251.1","1","Off","Off","Off","Off","Off","Off","1","0","Off","0","2","0","0","0","0"
"1139","BOWNH TAC311","145.17000","144.57000","D-Digital","High","12.5K","Off","Off","TAC311","Group Call","311","KC1JMH / Brad Br","Always","Carrier","Off","1","1","1","Off","8","1","None","None","Off","Off","Off","Off","Normal Encryption","Off","Off","Off","Off","251.1","1","Off","Off","Off","Off","Off","Off","1","0","Off","0","2","0","0","0","0"
"1140","BOWNH UA Eng1","145.17000","144.57000","D-Digital","High","12.5K","Off","Off","UA English 1-113","Group Call","113","KC1JMH / Brad Br","Always","Carrier","Off","1","1","1","Off","8","1","None","None","Off","Off","Off","Off","Normal Encryption","Off","Off","Off","Off","251.1","1","Off","Off","Off","Off","Off","Off","1","0","Off","0","2","0","0","0","0"
"1141","BOWNH UA Eng2","145.17000","144.57000","D-Digital","High","12.5K","Off","Off","UA English 2-123","Group Call","123","KC1JMH / Brad Br","Always","Carrier","Off","1","1","1","Off","8","1","None","None","Off","Off","Off","Off","Normal Encryption","Off","Off","Off","Off","251.1","1","Off","Off","Off","Off","Off","Off","1","0","Off","0","2","0","0","0","0"
"1142","BOWNH WW","145.17000","144.57000","D-Digital","High","12.5K","Off","Off","WW Call","Group Call","1","KC1JMH / Brad Br","Always","Carrier","Off","1","1","1","Off","8","1","None","None","Off","Off","Off","Off","Normal Encryption","Off","Off","Off","Off","251.1","1","Off","Off","Off","Off","Off","Off","1","0","Off","0","2","0","0","0","0"
"1143","CHSNH Local","145.19000","144.59000","D-Digital","High","12.5K","Off","Off","Local","Group Call","9","KC1JMH / Brad Br","Always","Carrier","Off","1","1","1","Off","9","2","None","None","Off","Off","Off","Off","Normal Encryption","Off","Off","Off","Off","251.1","1","Off","Off","Off","Off","Off","Off","1","0","Off","0","2","0","0","0","0"
"1144","CHSNH MA SW","145.19000","144.59000","D-Digital","High","12.5K","Off","Off","MA Statewide","Group Call","3125","KC1JMH / Brad Br","Always","Carrier","Off","1","1","1","Off","9","1","None","None","Off","Off","Off","Off","Normal Encryption","Off","Off","Off","Off","251.1","1","Off","Off","Off","Off","Off","Off","1","0","Off","0","2","0","0","0","0"
"1145","CHSNH ME SW","145.19000","144.59000","D-Digital","High","12.5K","Off","Off","ME Statewide","Group Call","3123","KC1JMH / Brad Br","Always","Carrier","Off","1","1","1","Off","9","1","None","None","Off","Off","Off","Off","Normal Encryption","Off","Off","Off","Off","251.1","1","Off","Off","Off","Off","Off","Off","1","0","Off","0","2","0","0","0","0"
"1146","CHSNH NE Wide","145.19000","144.59000","D-Digital","High","12.5K","Off","Off","New England-Wide","Group Call","3181","KC1JMH / Brad Br","Always","Carrier","Off","1","1","1","Off","9","2","None","None","Off","Off","Off","Off","Normal Encryption","Off","Off","Off","Off","251.1","1","Off","Off","Off","Off","Off","Off","1","0","Off","0","2","0","0","0","0"
"1147","CHSNH NETAC1","145.19000","144.59000","D-Digital","High","12.5K","Off","Off","NETAC1","Group Call","8801","KC1JMH / Brad Br","Always","Carrier","Off","1","1","1","Off","9","1","None","None","Off","Off","Off","Off","Normal Encryption","Off","Off","Off","Off","251.1","1","Off","Off","Off","Off","Off","Off","1","0","Off","0","2","0","0","0","0"
"1148","CHSNH NETAC2","145.19000","144.59000","D-Digital","High","12.5K","Off","Off","NETAC2","Group Call","8802","KC1JMH / Brad Br","Always","Carrier","Off","1","1","1","Off","9","2","None","None","Off","Off","Off","Off","Normal Encryption","Off","Off","Off","Off","251.1","1","Off","Off","Off","Off","Off","Off","1","0","Off","0","2","0","0","0","0"
"1149","CHSNH NH SW","145.19000","144.59000","D-Digital","High","12.5K","Off","Off","NH Statewide","Group Call","3133","KC1JMH / Brad Br","Always","Carrier","Off","1","1","1","Off","9","2","None","None","Off","Off","Off","Off","Normal Encryption","Off","Off","Off","Off","251.1","1","Off","Off","Off","Off","Off","Off","1","0","Off","0","2","0","0","0","0"
"1150","CHSNH North Am","145.19000","144.59000","D-Digital","High","12.5K","Off","Off","North America","Group Call","3","KC1JMH / Brad Br","Always","Carrier","Off","1","1","1","Off","9","1","None","None","Off","Off","Off","Off","Normal Encryption","Off","Off","Off","Off","251.1","1","Off","Off","Off","Off","Off","Off","1","0","Off","0","2","0","0","0","0"
"1151","CHSNH Northeast","145.19000","144.59000","D-Digital","High","12.5K","Off","Off","Northeast","Group Call","3172","KC1JMH / Brad Br","Always","Carrier","Off","1","1","1","Off","9","1","None","None","Off","Off","Off","Off","Normal Encryption","Off","Off","Off","Off","251.1","1","Off","Off","Off","Off","Off","Off","1","0","Off","0","2","0","0","0","0"
"1152","CHSNH Parrot","145.19000","144.59000","D-Digital","High","12.5K","Off","Off","Parrot","Group Call","9998","KC1JMH / Brad Br","Always","Carrier","Off","1","1","1","Off","9","1","None","None","Off","Off","Off","Off","Normal Encryption","Off","Off","Off","Off","251.1","1","Off","Off","Off","Off","Off","Off","1","0","Off","0","2","0","0","0","0"
"1153","CHSNH Audio","145.19000","144.59000","D-Digital","High","12.5K","Off","Off","Audio Watch","Group Call","9999","KC1JMH / Brad Br","Always","Carrier","Off","1","1","1","Off","9","1","None","None","Off","Off","Off","Off","Normal Encryption","Off","Off","Off","Off","251.1","1","Off","Off","Off","Off","Off","Off","1","0","Off","0","2","0","0","0","0"
"1154","CHSNH CT SW","145.19000","144.59000","D-Digital","High","12.5K","Off","Off","CT Statewide","Group Call","3109","KC1JMH / Brad Br","Always","Carrier","Off","1","1","1","Off","9","1","None","None","Off","Off","Off","Off","Normal Encryption","Off","Off","Off","Off","251.1","1","Off","Off","Off","Off","Off","Off","1","0","Off","0","2","0","0","0","0"
"1155","CHSNH RI SW","145.19000","144.59000","D-Digital","High","12.5K","Off","Off","RI Statewide","Group Call","3144","KC1JMH / Brad Br","Always","Carrier","Off","1","1","1","Off","9","1","None","None","Off","Off","Off","Off","Normal Encryption","Off","Off","Off","Off","251.1","1","Off","Off","Off","Off","Off","Off","1","0","Off","0","2","0","0","0","0"
"1156","CHSNH VT SW","145.19000","144.59000","D-Digital","High","12.5K","Off","Off","VT Statewide","Group Call","3150","KC1JMH / Brad Br","Always","Carrier","Off","1","1","1","Off","9","1","None","None","Off","Off","Off","Off","Normal Encryption","Off","Off","Off","Off","251.1","1","Off","Off","Off","Off","Off","Off","1","0","Off","0","2","0","0","0","0"
"1157","CHSNH Reg North","145.19000","144.59000","D-Digital","High","12.5K","Off","Off","Region North","Group Call","8","KC1JMH / Brad Br","Always","Carrier","Off","1","1","1","Off","9","2","None","None","Off","Off","Off","Off","Normal Encryption","Off","Off","Off","Off","251.1","1","Off","Off","Off","Off","Off","Off","1","0","Off","0","2","0","0","0","0"
"1158","CHSNH SKYWARN","145.19000","144.59000","D-Digital","High","12.5K","Off","Off","SKYWARN","Group Call","759","KC1JMH / Brad Br","Always","Carrier","Off","1","1","1","Off","9","1","None","None","Off","Off","Off","Off","Normal Encryption","Off","Off","Off","Off","251.1","1","Off","Off","Off","Off","Off","Off","1","0","Off","0","2","0","0","0","0"
"1159","CHSNH TAC310","145.19000","144.59000","D-Digital","High","12.5K","Off","Off","TAC310","Group Call","310","KC1JMH / Brad Br","Always","Carrier","Off","1","1","1","Off","9","1","None","None","Off","Off","Off","Off","Normal Encryption","Off","Off","Off","Off","251.1","1","Off","Off","Off","Off","Off","Off","1","0","Off","0","2","0","0","0","0"
"1160","CHSNH TAC311","145.19000","144.59000","D-Digital","High","12.5K","Off","Off","TAC311","Group Call","311","KC1JMH / Brad Br","Always","Carrier","Off","1","1","1","Off","9","1","None","None","Off","Off","Off","Off","Normal Encryption","Off","Off","Off","Off","251.1","1","Off","Off","Off","Off","Off","Off","1","0","Off","0","2","0","0","0","0"
"1161","CHSNH UA Eng1","145.19000","144.59000","D-Digital","High","12.5K","Off","Off","UA English 1-113","Group Call","113","KC1JMH / Brad Br","Always","Carrier","Off","1","1","1","Off","9","1","None","None","Off","Off","Off","Off","Normal Encryption","Off","Off","Off","Off","251.1","1","Off","Off","Off","Off","Off","Off","1","0","Off","0","2","0","0","0","0"
"1162","CHSNH UA Eng2","145.19000","144.59000","D-Digital","High","12.5K","Off","Off","UA English 2-123","Group Call","123","KC1JMH / Brad Br","Always","Carrier","Off","1","1","1","Off","9","1","None","None","Off","Off","Off","Off","Normal Encryption","Off","Off","Off","Off","251.1","1","Off","Off","Off","Off","Off","Off","1","0","Off","0","2","0","0","0","0"
"1163","CHSNH WW","145.19000","144.59000","D-Digital","High","12.5K","Off","Off","WW Call","Group Call","1","KC1JMH / Brad Br","Always","Carrier","Off","1","1","1","Off","9","1","None","None","Off","Off","Off","Off","Normal Encryption","Off","Off","Off","Off","251.1","1","Off","Off","Off","Off","Off","Off","1","0","Off","0","2","0","0","0","0"
"1164","CLKNH COOS","145.25000","144.65000","D-Digital","High","12.5K","Off","Off","Coos Net","Group Call","8803","KC1JMH / Brad Br","Always","Carrier","Off","1","1","1","Off","0","2","None","None","Off","Off","Off","Off","Normal Encryption","Off","Off","Off","Off","251.1","1","Off","Off","Off","Off","Off","Off","1","0","Off","0","2","0","0","0","0"
"1165","CLKNH Local","145.25000","144.65000","D-Digital","High","12.5K","Off","Off","Local","Group Call","9","KC1JMH / Brad Br","Always","Carrier","Off","1","1","1","Off","0","2","None","None","Off","Off","Off","Off","Normal Encryption","Off","Off","Off","Off","251.1","1","Off","Off","Off","Off","Off","Off","1","0","Off","0","2","0","0","0","0"
"1166","CLKNH NE Wide","145.25000","144.65000","D-Digital","High","12.5K","Off","Off","New England-Wide","Group Call","3181","KC1JMH / Brad Br","Always","Carrier","Off","1","1","1","Off","0","2","None","None","Off","Off","Off","Off","Normal Encryption","Off","Off","Off","Off","251.1","1","Off","Off","Off","Off","Off","Off","1","0","Off","0","2","0","0","0","0"
"1167","CLKNH NETAC1","145.25000","144.65000","D-Digital","High","12.5K","Off","Off","NETAC1","Group Call","8801","KC1JMH / Brad Br","Always","Carrier","Off","1","1","1","Off","0","1","None","None","Off","Off","Off","Off","Normal Encryption","Off","Off","Off","Off","251.1","1","Off","Off","Off","Off","Off","Off","1","0","Off","0","2","0","0","0","0"
"1168","CLKNH NETAC2","145.25000","144.65000","D-Digital","High","12.5K","Off","Off","NETAC2","Group Call","8802","KC1JMH / Brad Br","Always","Carrier","Off","1","1","1","Off","0","2","None","None","Off","Off","Off","Off","Normal Encryption","Off","Off","Off","Off","251.1","1","Off","Off","Off","Off","Off","Off","1","0","Off","0","2","0","0","0","0"
"1169","CLKNH NH SW","145.25000","144.65000","D-Digital","High","12.5K","Off","Off","NH Statewide","Group Call","3133","KC1JMH / Brad Br","Always","Carrier","Off","1","1","1","Off","0","2","None","None","Off","Off","Off","Off","Normal Encryption","Off","Off","Off","Off","251.1","1","Off","Off","Off","Off","Off","Off","1","0","Off","0","2","0","0","0","0"
"1170","CLKNH North Am","145.25000","144.65000","D-Digital","High","12.5K","Off","Off","North America","Group Call","3","KC1JMH / Brad Br","Always","Carrier","Off","1","1","1","Off","0","1","None","None","Off","Off","Off","Off","Normal Encryption","Off","Off","Off","Off","251.1","1","Off","Off","Off","Off","Off","Off","1","0","Off","0","2","0","0","0","0"
"1171","CLKNH Northeast","145.25000","144.65000","D-Digital","High","12.5K","Off","Off","Northeast","Group Call","3172","KC1JMH / Brad Br","Always","Carrier","Off","1","1","1","Off","0","1","None","None","Off","Off","Off","Off","Normal Encryption","Off","Off","Off","Off","251.1","1","Off","Off","Off","Off","Off","Off","1","0","Off","0","2","0","0","0","0"
"1172","CLKNH Parrot","145.25000","144.65000","D-Digital","High","12.5K","Off","Off","Parrot","Group Call","9998","KC1JMH / Brad Br","Always","Carrier","Off","1","1","1","Off","0","1","None","None","Off","Off","Off","Off","Normal Encryption","Off","Off","Off","Off","251.1","1","Off","Off","Off","Off","Off","Off","1","0","Off","0","2","0","0","0","0"
"1173","CLKNH Audio","145.25000","144.65000","D-Digital","High","12.5K","Off","Off","Audio Watch","Group Call","9999","KC1JMH / Brad Br","Always","Carrier","Off","1","1","1","Off","0","1","None","None","Off","Off","Off","Off","Normal Encryption","Off","Off","Off","Off","251.1","1","Off","Off","Off","Off","Off","Off","1","0","Off","0","2","0","0","0","0"
"1174","CLKNH CT SW","145.25000","144.65000","D-Digital","High","12.5K","Off","Off","CT Statewide","Group Call","3109","KC1JMH / Brad Br","Always","Carrier","Off","1","1","1","Off","0","1","None","None","Off","Off","Off","Off","Normal Encryption","Off","Off","Off","Off","251.1","1","Off","Off","Off","Off","Off","Off","1","0","Off","0","2","0","0","0","0"
"1175","CLKNH MA SW","145.25000","144.65000","D-Digital","High","12.5K","Off","Off","MA Statewide","Group Call","3125","KC1JMH / Brad Br","Always","Carrier","Off","1","1","1","Off","0","1","None","None","Off","Off","Off","Off","Normal Encryption","Off","Off","Off","Off","251.1","1","Off","Off","Off","Off","Off","Off","1","0","Off","0","2","0","0","0","0"
"1176","CLKNH ME SW","145.25000","144.65000","D-Digital","High","12.5K","Off","Off","ME Statewide","Group Call","3123","KC1JMH / Brad Br","Always","Carrier","Off","1","1","1","Off","0","1","None","None","Off","Off","Off","Off","Normal Encryption","Off","Off","Off","Off","251.1","1","Off","Off","Off","Off","Off","Off","1","0","Off","0","2","0","0","0","0"
"1177","CLKNH RI SW","145.25000","144.65000","D-Digital","High","12.5K","Off","Off","RI Statewide","Group Call","3144","KC1JMH / Brad Br","Always","Carrier","Off","1","1","1","Off","0","1","None","None","Off","Off","Off","Off","Normal Encryption","Off","Off","Off","Off","251.1","1","Off","Off","Off","Off","Off","Off","1","0","Off","0","2","0","0","0","0"
"1178","CLKNH Reg North","145.25000","144.65000","D-Digital","High","12.5K","Off","Off","Region North","Group Call","8","KC1JMH / Brad Br","Always","Carrier","Off","1","1","1","Off","0","2","None","None","Off","Off","Off","Off","Normal Encryption","Off","Off","Off","Off","251.1","1","Off","Off","Off","Off","Off","Off","1","0","Off","0","2","0","0","0","0"
"1179","CLKNH SKYWARN","145.25000","144.65000","D-Digital","High","12.5K","Off","Off","SKYWARN","Group Call","759","KC1JMH / Brad Br","Always","Carrier","Off","1","1","1","Off","0","1","None","None","Off","Off","Off","Off","Normal Encryption","Off","Off","Off","Off","251.1","1","Off","Off","Off","Off","Off","Off","1","0","Off","0","2","0","0","0","0"
"1180","CLKNH TAC310","145.25000","144.65000","D-Digital","High","12.5K","Off","Off","TAC310","Group Call","310","KC1JMH / Brad Br","Always","Carrier","Off","1","1","1","Off","0","1","None","None","Off","Off","Off","Off","Normal Encryption","Off","Off","Off","Off","251.1","1","Off","Off","Off","Off","Off","Off","1","0","Off","0","2","0","0","0","0"
"1181","CLKNH TAC311","145.25000","144.65000","D-Digital","High","12.5K","Off","Off","TAC311","Group Call","311","KC1JMH / Brad Br","Always","Carrier","Off","1","1","1","Off","0","1","None","None","Off","Off","Off","Off","Normal Encryption","Off","Off","Off","Off","251.1","1","Off","Off","Off","Off","Off","Off","1","0","Off","0","2","0","0","0","0"
"1182","CLKNH UA Eng1","145.25000","144.65000","D-Digital","High","12.5K","Off","Off","UA English 1-113","Group Call","113","KC1JMH / Brad Br","Always","Carrier","Off","1","1","1","Off","0","1","None","None","Off","Off","Off","Off","Normal Encryption","Off","Off","Off","Off","251.1","1","Off","Off","Off","Off","Off","Off","1","0","Off","0","2","0","0","0","0"
"1183","CLKNH UA Eng2","145.25000","144.65000","D-Digital","High","12.5K","Off","Off","UA English 2-123","Group Call","123","KC1JMH / Brad Br","Always","Carrier","Off","1","1","1","Off","0","1","None","None","Off","Off","Off","Off","Normal Encryption","Off","Off","Off","Off","251.1","1","Off","Off","Off","Off","Off","Off","1","0","Off","0","2","0","0","0","0"
"1184","CLKNH VT SW","145.25000","144.65000","D-Digital","High","12.5K","Off","Off","VT Statewide","Group Call","3150","KC1JMH / Brad Br","Always","Carrier","Off","1","1","1","Off","0","1","None","None","Off","Off","Off","Off","Normal Encryption","Off","Off","Off","Off","251.1","1","Off","Off","Off","Off","Off","Off","1","0","Off","0","2","0","0","0","0"
"1185","CLKNH WW","145.25000","144.65000","D-Digital","High","12.5K","Off","Off","WW Call","Group Call","1","KC1JMH / Brad Br","Always","Carrier","Off","1","1","1","Off","0","1","None","None","Off","Off","Off","Off","Normal Encryption","Off","Off","Off","Off","251.1","1","Off","Off","Off","Off","Off","Off","1","0","Off","0","2","0","0","0","0"
"1186","CMPNH CT SW","145.18000","144.58000","D-Digital","High","12.5K","Off","Off","CT Statewide","Group Call","3109","KC1JMH / Brad Br","Always","Carrier","Off","1","1","1","Off","6","1","None","None","Off","Off","Off","Off","Normal Encryption","Off","Off","Off","Off","251.1","1","Off","Off","Off","Off","Off","Off","1","0","Off","0","2","0","0","0","0"
"1187","CMPNH Local","145.18000","144.58000","D-Digital","High","12.5K","Off","Off","Local","Group Call","9","KC1JMH / Brad Br","Always","Carrier","Off","1","1","1","Off","6","2","None","None","Off","Off","Off","Off","Normal Encryption","Off","Off","Off","Off","251.1","1","Off","Off","Off","Off","Off","Off","1","0","Off","0","2","0","0","0","0"
"1188","CMPNH MA SW","145.18000","144.58000","D-Digital","High","12.5K","Off","Off","MA Statewide","Group Call","3125","KC1JMH / Brad Br","Always","Carrier","Off","1","1","1","Off","6","1","None","None","Off","Off","Off","Off","Normal Encryption","Off","Off","Off","Off","251.1","1","Off","Off","Off","Off","Off","Off","1","0","Off","0","2","0","0","0","0"
"1189","CMPNH ME SW","145.18000","144.58000","D-Digital","High","12.5K","Off","Off","ME Statewide","Group Call","3123","KC1JMH / Brad Br","Always","Carrier","Off","1","1","1","Off","6","1","None","None","Off","Off","Off","Off","Normal Encryption","Off","Off","Off","Off","251.1","1","Off","Off","Off","Off","Off","Off","1","0","Off","0","2","0","0","0","0"
"1190","CMPNH NE Wide","145.18000","144.58000","D-Digital","High","12.5K","Off","Off","New England-Wide","Group Call","3181","KC1JMH / Brad Br","Always","Carrier","Off","1","1","1","Off","6","2","None","None","Off","Off","Off","Off","Normal Encryption","Off","Off","Off","Off","251.1","1","Off","Off","Off","Off","Off","Off","1","0","Off","0","2","0","0","0","0"
"1191","CMPNH NETAC1","145.18000","144.58000","D-Digital","High","12.5K","Off","Off","NETAC1","Group Call","8801","KC1JMH / Brad Br","Always","Carrier","Off","1","1","1","Off","6","1","None","None","Off","Off","Off","Off","Normal Encryption","Off","Off","Off","Off","251.1","1","Off","Off","Off","Off","Off","Off","1","0","Off","0","2","0","0","0","0"
"1192","CMPNH NETAC2","145.18000","144.58000","D-Digital","High","12.5K","Off","Off","NETAC2","Group Call","8802","KC1JMH / Brad Br","Always","Carrier","Off","1","1","1","Off","6","2","None","None","Off","Off","Off","Off","Normal Encryption","Off","Off","Off","Off","251.1","1","Off","Off","Off","Off","Off","Off","1","0","Off","0","2","0","0","0","0"
"1193","CMPNH NH SW","145.18000","144.58000","D-Digital","High","12.5K","Off","Off","NH Statewide","Group Call","3133","KC1JMH / Brad Br","Always","Carrier","Off","1","1","1","Off","6","2","None","None","Off","Off","Off","Off","Normal Encryption","Off","Off","Off","Off","251.1","1","Off","Off","Off","Off","Off","Off","1","0","Off","0","2","0","0","0","0"
"1194","CMPNH North Am","145.18000","144.58000","D-Digital","High","12.5K","Off","Off","North America","Group Call","3","KC1JMH / Brad Br","Always","Carrier","Off","1","1","1","Off","6","1","None","None","Off","Off","Off","Off","Normal Encryption","Off","Off","Off","Off","251.1","1","Off","Off","Off","Off","Off","Off","1","0","Off","0","2","0","0","0","0"
"1195","CMPNH Northeast","145.18000","144.58000","D-Digital","High","12.5K","Off","Off","Northeast","Group Call","3172","KC1JMH / Brad Br","Always","Carrier","Off","1","1","1","Off","6","1","None","None","Off","Off","Off","Off","Normal Encryption","Off","Off","Off","Off","251.1","1","Off","Off","Off","Off","Off","Off","1","0","Off","0","2","0","0","0","0"
"1196","CMPNH Parrot","145.18000","144.58000","D-Digital","High","12.5K","Off","Off","Parrot","Group Call","9998","KC1JMH / Brad Br","Always","Carrier","Off","1","1","1","Off","6","1","None","None","Off","Off","Off","Off","Normal Encryption","Off","Off","Off","Off","251.1","1","Off","Off","Off","Off","Off","Off","1","0","Off","0","2","0","0","0","0"
"1197","CMPNH Audio","145.18000","144.58000","D-Digital","High","12.5K","Off","Off","Audio Watch","Group Call","9999","KC1JMH / Brad Br","Always","Carrier","Off","1","1","1","Off","6","1","None","None","Off","Off","Off","Off","Normal Encryption","Off","Off","Off","Off","251.1","1","Off","Off","Off","Off","Off","Off","1","0","Off","0","2","0","0","0","0"
"1198","CMPNH RI SW","145.18000","144.58000","D-Digital","High","12.5K","Off","Off","RI Statewide","Group Call","3144","KC1JMH / Brad Br","Always","Carrier","Off","1","1","1","Off","6","1","None","None","Off","Off","Off","Off","Normal Encryption","Off","Off","Off","Off","251.1","1","Off","Off","Off","Off","Off","Off","1","0","Off","0","2","0","0","0","0"
"1199","CMPNH Reg North","145.18000","144.58000","D-Digital","High","12.5K","Off","Off","Region North","Group Call","8","KC1JMH / Brad Br","Always","Carrier","Off","1","1","1","Off","6","1","None","None","Off","Off","Off","Off","Normal Encryption","Off","Off","Off","Off","251.1","1","Off","Off","Off","Off","Off","Off","1","0","Off","0","2","0","0","0","0"
"1200","CMPNH SKYWARN","145.18000","144.58000","D-Digital","High","12.5K","Off","Off","SKYWARN","Group Call","759","KC1JMH / Brad Br","Always","Carrier","Off","1","1","1","Off","6","1","None","None","Off","Off","Off","Off","Normal Encryption","Off","Off","Off","Off","251.1","1","Off","Off","Off","Off","Off","Off","1","0","Off","0","2","0","0","0","0"
"1201","CMPNH TAC310","145.18000","144.58000","D-Digital","High","12.5K","Off","Off","TAC310","Group Call","310","KC1JMH / Brad Br","Always","Carrier","Off","1","1","1","Off","6","1","None","None","Off","Off","Off","Off","Normal Encryption","Off","Off","Off","Off","251.1","1","Off","Off","Off","Off","Off","Off","1","0","Off","0","2","0","0","0","0"
"1202","CMPNH TAC311","145.18000","144.58000","D-Digital","High","12.5K","Off","Off","TAC311","Group Call","311","KC1JMH / Brad Br","Always","Carrier","Off","1","1","1","Off","6","1","None","None","Off","Off","Off","Off","Normal Encryption","Off","Off","Off","Off","251.1","1","Off","Off","Off","Off","Off","Off","1","0","Off","0","2","0","0","0","0"
"1203","CMPNH UA Eng1","145.18000","144.58000","D-Digital","High","12.5K","Off","Off","UA English 1-113","Group Call","113","KC1JMH / Brad Br","Always","Carrier","Off","1","1","1","Off","6","1","None","None","Off","Off","Off","Off","Normal Encryption","Off","Off","Off","Off","251.1","1","Off","Off","Off","Off","Off","Off","1","0","Off","0","2","0","0","0","0"
"1204","CMPNH UA Eng2","145.18000","144.58000","D-Digital","High","12.5K","Off","Off","UA English 2-123","Group Call","123","KC1JMH / Brad Br","Always","Carrier","Off","1","1","1","Off","6","1","None","None","Off","Off","Off","Off","Normal Encryption","Off","Off","Off","Off","251.1","1","Off","Off","Off","Off","Off","Off","1","0","Off","0","2","0","0","0","0"
"1205","CMPNH VT SW","145.18000","144.58000","D-Digital","High","12.5K","Off","Off","VT Statewide","Group Call","3150","KC1JMH / Brad Br","Always","Carrier","Off","1","1","1","Off","6","1","None","None","Off","Off","Off","Off","Normal Encryption","Off","Off","Off","Off","251.1","1","Off","Off","Off","Off","Off","Off","1","0","Off","0","2","0","0","0","0"
"1206","CMPNH WW","145.18000","144.58000","D-Digital","High","12.5K","Off","Off","WW Call","Group Call","1","KC1JMH / Brad Br","Always","Carrier","Off","1","1","1","Off","6","1","None","None","Off","Off","Off","Off","Normal Encryption","Off","Off","Off","Off","251.1","1","Off","Off","Off","Off","Off","Off","1","0","Off","0","2","0","0","0","0"
"1207","CMTNH Local","446.97500","441.97500","D-Digital","High","12.5K","Off","Off","Local","Group Call","9","KC1JMH / Brad Br","Always","Carrier","Off","1","1","1","Off","10","2","None","None","Off","Off","Off","Off","Normal Encryption","Off","Off","Off","Off","251.1","1","Off","Off","Off","Off","Off","Off","1","0","Off","0","2","0","0","0","0"
"1208","CMTNH MA SW","446.97500","441.97500","D-Digital","High","12.5K","Off","Off","MA Statewide","Group Call","3125","KC1JMH / Brad Br","Always","Carrier","Off","1","1","1","Off","10","1","None","None","Off","Off","Off","Off","Normal Encryption","Off","Off","Off","Off","251.1","1","Off","Off","Off","Off","Off","Off","1","0","Off","0","2","0","0","0","0"
"1209","CMTNH NE Wide","446.97500","441.97500","D-Digital","High","12.5K","Off","Off","New England-Wide","Group Call","3181","KC1JMH / Brad Br","Always","Carrier","Off","1","1","1","Off","10","2","None","None","Off","Off","Off","Off","Normal Encryption","Off","Off","Off","Off","251.1","1","Off","Off","Off","Off","Off","Off","1","0","Off","0","2","0","0","0","0"
"1210","CMTNH NETAC1","446.97500","441.97500","D-Digital","High","12.5K","Off","Off","NETAC1","Group Call","8801","KC1JMH / Brad Br","Always","Carrier","Off","1","1","1","Off","10","1","None","None","Off","Off","Off","Off","Normal Encryption","Off","Off","Off","Off","251.1","1","Off","Off","Off","Off","Off","Off","1","0","Off","0","2","0","0","0","0"
"1211","CMTNH NETAC2","446.97500","441.97500","D-Digital","High","12.5K","Off","Off","NETAC2","Group Call","8802","KC1JMH / Brad Br","Always","Carrier","Off","1","1","1","Off","10","2","None","None","Off","Off","Off","Off","Normal Encryption","Off","Off","Off","Off","251.1","1","Off","Off","Off","Off","Off","Off","1","0","Off","0","2","0","0","0","0"
"1212","CMTNH NH SW","446.97500","441.97500","D-Digital","High","12.5K","Off","Off","NH Statewide","Group Call","3133","KC1JMH / Brad Br","Always","Carrier","Off","1","1","1","Off","10","2","None","None","Off","Off","Off","Off","Normal Encryption","Off","Off","Off","Off","251.1","1","Off","Off","Off","Off","Off","Off","1","0","Off","0","2","0","0","0","0"
"1213","CMTNH North Am","446.97500","441.97500","D-Digital","High","12.5K","Off","Off","North America","Group Call","3","KC1JMH / Brad Br","Always","Carrier","Off","1","1","1","Off","10","1","None","None","Off","Off","Off","Off","Normal Encryption","Off","Off","Off","Off","251.1","1","Off","Off","Off","Off","Off","Off","1","0","Off","0","2","0","0","0","0"
"1214","CMTNH Northeast","446.97500","441.97500","D-Digital","High","12.5K","Off","Off","Northeast","Group Call","3172","KC1JMH / Brad Br","Always","Carrier","Off","1","1","1","Off","10","1","None","None","Off","Off","Off","Off","Normal Encryption","Off","Off","Off","Off","251.1","1","Off","Off","Off","Off","Off","Off","1","0","Off","0","2","0","0","0","0"
"1215","CMTNH Parrot","446.97500","441.97500","D-Digital","High","12.5K","Off","Off","Parrot","Group Call","9998","KC1JMH / Brad Br","Always","Carrier","Off","1","1","1","Off","10","1","None","None","Off","Off","Off","Off","Normal Encryption","Off","Off","Off","Off","251.1","1","Off","Off","Off","Off","Off","Off","1","0","Off","0","2","0","0","0","0"
"1216","CMTNH Audio","446.97500","441.97500","D-Digital","High","12.5K","Off","Off","Audio Watch","Group Call","9999","KC1JMH / Brad Br","Always","Carrier","Off","1","1","1","Off","10","1","None","None","Off","Off","Off","Off","Normal Encryption","Off","Off","Off","Off","251.1","1","Off","Off","Off","Off","Off","Off","1","0","Off","0","2","0","0","0","0"
"1217","CMTNH CT SW","446.97500","441.97500","D-Digital","High","12.5K","Off","Off","CT Statewide","Group Call","3109","KC1JMH / Brad Br","Always","Carrier","Off","1","1","1","Off","10","1","None","None","Off","Off","Off","Off","Normal Encryption","Off","Off","Off","Off","251.1","1","Off","Off","Off","Off","Off","Off","1","0","Off","0","2","0","0","0","0"
"1218","CMTNH ME SW","446.97500","441.97500","D-Digital","High","12.5K","Off","Off","ME Statewide","Group Call","3123","KC1JMH / Brad Br","Always","Carrier","Off","1","1","1","Off","10","1","None","None","Off","Off","Off","Off","Normal Encryption","Off","Off","Off","Off","251.1","1","Off","Off","Off","Off","Off","Off","1","0","Off","0","2","0","0","0","0"
"1219","CMTNH RI SW","446.97500","441.97500","D-Digital","High","12.5K","Off","Off","RI Statewide","Group Call","3144","KC1JMH / Brad Br","Always","Carrier","Off","1","1","1","Off","10","1","None","None","Off","Off","Off","Off","Normal Encryption","Off","Off","Off","Off","251.1","1","Off","Off","Off","Off","Off","Off","1","0","Off","0","2","0","0","0","0"
"1220","CMTNH Reg North","446.97500","441.97500","D-Digital","High","12.5K","Off","Off","Region North","Group Call","8","KC1JMH / Brad Br","Always","Carrier","Off","1","1","1","Off","10","2","None","None","Off","Off","Off","Off","Normal Encryption","Off","Off","Off","Off","251.1","1","Off","Off","Off","Off","Off","Off","1","0","Off","0","2","0","0","0","0"
"1221","CMTNH SKYWARN","446.97500","441.97500","D-Digital","High","12.5K","Off","Off","SKYWARN","Group Call","759","KC1JMH / Brad Br","Always","Carrier","Off","1","1","1","Off","10","1","None","None","Off","Off","Off","Off","Normal Encryption","Off","Off","Off","Off","251.1","1","Off","Off","Off","Off","Off","Off","1","0","Off","0","2","0","0","0","0"
"1222","CMTNH TAC310","446.97500","441.97500","D-Digital","High","12.5K","Off","Off","TAC310","Group Call","310","KC1JMH / Brad Br","Always","Carrier","Off","1","1","1","Off","10","1","None","None","Off","Off","Off","Off","Normal Encryption","Off","Off","Off","Off","251.1","1","Off","Off","Off","Off","Off","Off","1","0","Off","0","2","0","0","0","0"
"1223","CMTNH TAC311","446.97500","441.97500","D-Digital","High","12.5K","Off","Off","TAC311","Group Call","311","KC1JMH / Brad Br","Always","Carrier","Off","1","1","1","Off","10","1","None","None","Off","Off","Off","Off","Normal Encryption","Off","Off","Off","Off","251.1","1","Off","Off","Off","Off","Off","Off","1","0","Off","0","2","0","0","0","0"
"1224","CMTNH UA Eng1","446.97500","441.97500","D-Digital","High","12.5K","Off","Off","UA English 1-113","Group Call","113","KC1JMH / Brad Br","Always","Carrier","Off","1","1","1","Off","10","1","None","None","Off","Off","Off","Off","Normal Encryption","Off","Off","Off","Off","251.1","1","Off","Off","Off","Off","Off","Off","1","0","Off","0","2","0","0","0","0"
"1225","CMTNH UA Eng2","446.97500","441.97500","D-Digital","High","12.5K","Off","Off","UA English 2-123","Group Call","123","KC1JMH / Brad Br","Always","Carrier","Off","1","1","1","Off","10","1","None","None","Off","Off","Off","Off","Normal Encryption","Off","Off","Off","Off","251.1","1","Off","Off","Off","Off","Off","Off","1","0","Off","0","2","0","0","0","0"
"1226","CMTNH VT SW","446.97500","441.97500","D-Digital","High","12.5K","Off","Off","VT Statewide","Group Call","3150","KC1JMH / Brad Br","Always","Carrier","Off","1","1","1","Off","10","1","None","None","Off","Off","Off","Off","Normal Encryption","Off","Off","Off","Off","251.1","1","Off","Off","Off","Off","Off","Off","1","0","Off","0","2","0","0","0","0"
"1227","CMTNH WW","446.97500","441.97500","D-Digital","High","12.5K","Off","Off","WW Call","Group Call","1","KC1JMH / Brad Br","Always","Carrier","Off","1","1","1","Off","10","1","None","None","Off","Off","Off","Off","Normal Encryption","Off","Off","Off","Off","251.1","1","Off","Off","Off","Off","Off","Off","1","0","Off","0","2","0","0","0","0"
"1228","CNCNH Local","145.42000","144.82000","D-Digital","High","12.5K","Off","Off","Local","Group Call","9","KC1JMH / Brad Br","Always","Carrier","Off","1","1","1","Off","7","2","None","None","Off","Off","Off","Off","Normal Encryption","Off","Off","Off","Off","251.1","1","Off","Off","Off","Off","Off","Off","1","0","Off","0","2","0","0","0","0"
"1229","CNCNH NE Wide","145.42000","144.82000","D-Digital","High","12.5K","Off","Off","New England-Wide","Group Call","3181","KC1JMH / Brad Br","Always","Carrier","Off","1","1","1","Off","7","2","None","None","Off","Off","Off","Off","Normal Encryption","Off","Off","Off","Off","251.1","1","Off","Off","Off","Off","Off","Off","1","0","Off","0","2","0","0","0","0"
"1230","CNCNH NETAC1","145.42000","144.82000","D-Digital","High","12.5K","Off","Off","NETAC1","Group Call","8801","KC1JMH / Brad Br","Always","Carrier","Off","1","1","1","Off","7","1","None","None","Off","Off","Off","Off","Normal Encryption","Off","Off","Off","Off","251.1","1","Off","Off","Off","Off","Off","Off","1","0","Off","0","2","0","0","0","0"
"1231","CNCNH NETAC2","145.42000","144.82000","D-Digital","High","12.5K","Off","Off","NETAC2","Group Call","8802","KC1JMH / Brad Br","Always","Carrier","Off","1","1","1","Off","7","2","None","None","Off","Off","Off","Off","Normal Encryption","Off","Off","Off","Off","251.1","1","Off","Off","Off","Off","Off","Off","1","0","Off","0","2","0","0","0","0"
"1232","CNCNH NH SW","145.42000","144.82000","D-Digital","High","12.5K","Off","Off","NH Statewide","Group Call","3133","KC1JMH / Brad Br","Always","Carrier","Off","1","1","1","Off","7","2","None","None","Off","Off","Off","Off","Normal Encryption","Off","Off","Off","Off","251.1","1","Off","Off","Off","Off","Off","Off","1","0","Off","0","2","0","0","0","0"
"1233","CNCNH North Am","145.42000","144.82000","D-Digital","High","12.5K","Off","Off","North America","Group Call","3","KC1JMH / Brad Br","Always","Carrier","Off","1","1","1","Off","7","1","None","None","Off","Off","Off","Off","Normal Encryption","Off","Off","Off","Off","251.1","1","Off","Off","Off","Off","Off","Off","1","0","Off","0","2","0","0","0","0"
"1234","CNCNH Northeast","145.42000","144.82000","D-Digital","High","12.5K","Off","Off","Northeast","Group Call","3172","KC1JMH / Brad Br","Always","Carrier","Off","1","1","1","Off","7","1","None","None","Off","Off","Off","Off","Normal Encryption","Off","Off","Off","Off","251.1","1","Off","Off","Off","Off","Off","Off","1","0","Off","0","2","0","0","0","0"
"1235","CNCNH Parrot","145.42000","144.82000","D-Digital","High","12.5K","Off","Off","Parrot","Group Call","9998","KC1JMH / Brad Br","Always","Carrier","Off","1","1","1","Off","7","1","None","None","Off","Off","Off","Off","Normal Encryption","Off","Off","Off","Off","251.1","1","Off","Off","Off","Off","Off","Off","1","0","Off","0","2","0","0","0","0"
"1236","CNCNH Audio","145.42000","144.82000","D-Digital","High","12.5K","Off","Off","Audio Watch","Group Call","9999","KC1JMH / Brad Br","Always","Carrier","Off","1","1","1","Off","7","1","None","None","Off","Off","Off","Off","Normal Encryption","Off","Off","Off","Off","251.1","1","Off","Off","Off","Off","Off","Off","1","0","Off","0","2","0","0","0","0"
"1237","CNCNH CT SW","145.42000","144.82000","D-Digital","High","12.5K","Off","Off","CT Statewide","Group Call","3109","KC1JMH / Brad Br","Always","Carrier","Off","1","1","1","Off","7","1","None","None","Off","Off","Off","Off","Normal Encryption","Off","Off","Off","Off","251.1","1","Off","Off","Off","Off","Off","Off","1","0","Off","0","2","0","0","0","0"
"1238","CNCNH MA SW","145.42000","144.82000","D-Digital","High","12.5K","Off","Off","MA Statewide","Group Call","3125","KC1JMH / Brad Br","Always","Carrier","Off","1","1","1","Off","7","1","None","None","Off","Off","Off","Off","Normal Encryption","Off","Off","Off","Off","251.1","1","Off","Off","Off","Off","Off","Off","1","0","Off","0","2","0","0","0","0"
"1239","CNCNH ME SW","145.42000","144.82000","D-Digital","High","12.5K","Off","Off","ME Statewide","Group Call","3123","KC1JMH / Brad Br","Always","Carrier","Off","1","1","1","Off","7","1","None","None","Off","Off","Off","Off","Normal Encryption","Off","Off","Off","Off","251.1","1","Off","Off","Off","Off","Off","Off","1","0","Off","0","2","0","0","0","0"
"1240","CNCNH RI SW","145.42000","144.82000","D-Digital","High","12.5K","Off","Off","RI Statewide","Group Call","3144","KC1JMH / Brad Br","Always","Carrier","Off","1","1","1","Off","7","1","None","None","Off","Off","Off","Off","Normal Encryption","Off","Off","Off","Off","251.1","1","Off","Off","Off","Off","Off","Off","1","0","Off","0","2","0","0","0","0"
"1241","CNCNH VT SW","145.42000","144.82000","D-Digital","High","12.5K","Off","Off","VT Statewide","Group Call","3150","KC1JMH / Brad Br","Always","Carrier","Off","1","1","1","Off","7","1","None","None","Off","Off","Off","Off","Normal Encryption","Off","Off","Off","Off","251.1","1","Off","Off","Off","Off","Off","Off","1","0","Off","0","2","0","0","0","0"
"1242","CNCNH Reg North","145.42000","144.82000","D-Digital","High","12.5K","Off","Off","Region North","Group Call","8","KC1JMH / Brad Br","Always","Carrier","Off","1","1","1","Off","7","2","None","None","Off","Off","Off","Off","Normal Encryption","Off","Off","Off","Off","251.1","1","Off","Off","Off","Off","Off","Off","1","0","Off","0","2","0","0","0","0"
"1243","CNCNH SKYWARN","145.42000","144.82000","D-Digital","High","12.5K","Off","Off","SKYWARN","Group Call","759","KC1JMH / Brad Br","Always","Carrier","Off","1","1","1","Off","7","1","None","None","Off","Off","Off","Off","Normal Encryption","Off","Off","Off","Off","251.1","1","Off","Off","Off","Off","Off","Off","1","0","Off","0","2","0","0","0","0"
"1244","CNCNH TAC310","145.42000","144.82000","D-Digital","High","12.5K","Off","Off","TAC310","Group Call","310","KC1JMH / Brad Br","Always","Carrier","Off","1","1","1","Off","7","1","None","None","Off","Off","Off","Off","Normal Encryption","Off","Off","Off","Off","251.1","1","Off","Off","Off","Off","Off","Off","1","0","Off","0","2","0","0","0","0"
"1245","CNCNH TAC311","145.42000","144.82000","D-Digital","High","12.5K","Off","Off","TAC311","Group Call","311","KC1JMH / Brad Br","Always","Carrier","Off","1","1","1","Off","7","1","None","None","Off","Off","Off","Off","Normal Encryption","Off","Off","Off","Off","251.1","1","Off","Off","Off","Off","Off","Off","1","0","Off","0","2","0","0","0","0"
"1246","CNCNH UA Eng1","145.42000","144.82000","D-Digital","High","12.5K","Off","Off","UA English 1-113","Group Call","113","KC1JMH / Brad Br","Always","Carrier","Off","1","1","1","Off","7","1","None","None","Off","Off","Off","Off","Normal Encryption","Off","Off","Off","Off","251.1","1","Off","Off","Off","Off","Off","Off","1","0","Off","0","2","0","0","0","0"
"1247","CNCNH UA Eng2","145.42000","144.82000","D-Digital","High","12.5K","Off","Off","UA English 2-123","Group Call","123","KC1JMH / Brad Br","Always","Carrier","Off","1","1","1","Off","7","1","None","None","Off","Off","Off","Off","Normal Encryption","Off","Off","Off","Off","251.1","1","Off","Off","Off","Off","Off","Off","1","0","Off","0","2","0","0","0","0"
"1248","CNCNH WW","145.42000","144.82000","D-Digital","High","12.5K","Off","Off","WW Call","Group Call","1","KC1JMH / Brad Br","Always","Carrier","Off","1","1","1","Off","7","1","None","None","Off","Off","Off","Off","Normal Encryption","Off","Off","Off","Off","251.1","1","Off","Off","Off","Off","Off","Off","1","0","Off","0","2","0","0","0","0"
"1249","DRYNH Local","145.31000","144.71000","D-Digital","High","12.5K","Off","Off","Local","Group Call","9","KC1JMH / Brad Br","Always","Carrier","Off","1","1","1","Off","1","2","None","None","Off","Off","Off","Off","Normal Encryption","Off","Off","Off","Off","251.1","1","Off","Off","Off","Off","Off","Off","1","0","Off","0","2","0","0","0","0"
"1250","DRYNH NE Wide","145.31000","144.71000","D-Digital","High","12.5K","Off","Off","New England-Wide","Group Call","3181","KC1JMH / Brad Br","Always","Carrier","Off","1","1","1","Off","1","2","None","None","Off","Off","Off","Off","Normal Encryption","Off","Off","Off","Off","251.1","1","Off","Off","Off","Off","Off","Off","1","0","Off","0","2","0","0","0","0"
"1251","DRYNH NETAC1","145.31000","144.71000","D-Digital","High","12.5K","Off","Off","NETAC1","Group Call","8801","KC1JMH / Brad Br","Always","Carrier","Off","1","1","1","Off","1","1","None","None","Off","Off","Off","Off","Normal Encryption","Off","Off","Off","Off","251.1","1","Off","Off","Off","Off","Off","Off","1","0","Off","0","2","0","0","0","0"
"1252","DRYNH NETAC2","145.31000","144.71000","D-Digital","High","12.5K","Off","Off","NETAC2","Group Call","8802","KC1JMH / Brad Br","Always","Carrier","Off","1","1","1","Off","1","2","None","None","Off","Off","Off","Off","Normal Encryption","Off","Off","Off","Off","251.1","1","Off","Off","Off","Off","Off","Off","1","0","Off","0","2","0","0","0","0"
"1253","DRYNH NH SW","145.31000","144.71000","D-Digital","High","12.5K","Off","Off","NH Statewide","Group Call","3133","KC1JMH / Brad Br","Always","Carrier","Off","1","1","1","Off","1","2","None","None","Off","Off","Off","Off","Normal Encryption","Off","Off","Off","Off","251.1","1","Off","Off","Off","Off","Off","Off","1","0","Off","0","2","0","0","0","0"
"1254","DRYNH North Am","145.31000","144.71000","D-Digital","High","12.5K","Off","Off","North America","Group Call","3","KC1JMH / Brad Br","Always","Carrier","Off","1","1","1","Off","1","1","None","None","Off","Off","Off","Off","Normal Encryption","Off","Off","Off","Off","251.1","1","Off","Off","Off","Off","Off","Off","1","0","Off","0","2","0","0","0","0"
"1255","DRYNH Northeast","145.31000","144.71000","D-Digital","High","12.5K","Off","Off","Northeast","Group Call","3172","KC1JMH / Brad Br","Always","Carrier","Off","1","1","1","Off","1","1","None","None","Off","Off","Off","Off","Normal Encryption","Off","Off","Off","Off","251.1","1","Off","Off","Off","Off","Off","Off","1","0","Off","0","2","0","0","0","0"
"1256","DRYNH Parrot","145.31000","144.71000","D-Digital","High","12.5K","Off","Off","Parrot","Group Call","9998","KC1JMH / Brad Br","Always","Carrier","Off","1","1","1","Off","1","1","None","None","Off","Off","Off","Off","Normal Encryption","Off","Off","Off","Off","251.1","1","Off","Off","Off","Off","Off","Off","1","0","Off","0","2","0","0","0","0"
"1257","DRYNH Audio","145.31000","144.71000","D-Digital","High","12.5K","Off","Off","Audio Watch","Group Call","9999","KC1JMH / Brad Br","Always","Carrier","Off","1","1","1","Off","1","1","None","None","Off","Off","Off","Off","Normal Encryption","Off","Off","Off","Off","251.1","1","Off","Off","Off","Off","Off","Off","1","0","Off","0","2","0","0","0","0"
"1258","DRYNH CT SW","145.31000","144.71000","D-Digital","High","12.5K","Off","Off","CT Statewide","Group Call","3109","KC1JMH / Brad Br","Always","Carrier","Off","1","1","1","Off","1","1","None","None","Off","Off","Off","Off","Normal Encryption","Off","Off","Off","Off","251.1","1","Off","Off","Off","Off","Off","Off","1","0","Off","0","2","0","0","0","0"
"1259","DRYNH MA SW","145.31000","144.71000","D-Digital","High","12.5K","Off","Off","MA Statewide","Group Call","3125","KC1JMH / Brad Br","Always","Carrier","Off","1","1","1","Off","1","1","None","None","Off","Off","Off","Off","Normal Encryption","Off","Off","Off","Off","251.1","1","Off","Off","Off","Off","Off","Off","1","0","Off","0","2","0","0","0","0"
"1260","DRYNH ME SW","145.31000","144.71000","D-Digital","High","12.5K","Off","Off","ME Statewide","Group Call","3123","KC1JMH / Brad Br","Always","Carrier","Off","1","1","1","Off","1","1","None","None","Off","Off","Off","Off","Normal Encryption","Off","Off","Off","Off","251.1","1","Off","Off","Off","Off","Off","Off","1","0","Off","0","2","0","0","0","0"
"1261","DRYNH RI SW","145.31000","144.71000","D-Digital","High","12.5K","Off","Off","RI Statewide","Group Call","3144","KC1JMH / Brad Br","Always","Carrier","Off","1","1","1","Off","1","1","None","None","Off","Off","Off","Off","Normal Encryption","Off","Off","Off","Off","251.1","1","Off","Off","Off","Off","Off","Off","1","0","Off","0","2","0","0","0","0"
"1262","DRYNH VT SW","145.31000","144.71000","D-Digital","High","12.5K","Off","Off","VT Statewide","Group Call","3150","KC1JMH / Brad Br","Always","Carrier","Off","1","1","1","Off","1","1","None","None","Off","Off","Off","Off","Normal Encryption","Off","Off","Off","Off","251.1","1","Off","Off","Off","Off","Off","Off","1","0","Off","0","2","0","0","0","0"
"1263","DRYNH Reg North","145.31000","144.71000","D-Digital","High","12.5K","Off","Off","Region North","Group Call","8","KC1JMH / Brad Br","Always","Carrier","Off","1","1","1","Off","1","2","None","None","Off","Off","Off","Off","Normal Encryption","Off","Off","Off","Off","251.1","1","Off","Off","Off","Off","Off","Off","1","0","Off","0","2","0","0","0","0"
"1264","DRYNH SKYWARN","145.31000","144.71000","D-Digital","High","12.5K","Off","Off","SKYWARN","Group Call","759","KC1JMH / Brad Br","Always","Carrier","Off","1","1","1","Off","1","1","None","None","Off","Off","Off","Off","Normal Encryption","Off","Off","Off","Off","251.1","1","Off","Off","Off","Off","Off","Off","1","0","Off","0","2","0","0","0","0"
"1265","DRYNH TAC310","145.31000","144.71000","D-Digital","High","12.5K","Off","Off","TAC310","Group Call","310","KC1JMH / Brad Br","Always","Carrier","Off","1","1","1","Off","1","1","None","None","Off","Off","Off","Off","Normal Encryption","Off","Off","Off","Off","251.1","1","Off","Off","Off","Off","Off","Off","1","0","Off","0","2","0","0","0","0"
"1266","DRYNH TAC311","145.31000","144.71000","D-Digital","High","12.5K","Off","Off","TAC311","Group Call","311","KC1JMH / Brad Br","Always","Carrier","Off","1","1","1","Off","1","1","None","None","Off","Off","Off","Off","Normal Encryption","Off","Off","Off","Off","251.1","1","Off","Off","Off","Off","Off","Off","1","0","Off","0","2","0","0","0","0"
"1267","DRYNH UA Eng1","145.31000","144.71000","D-Digital","High","12.5K","Off","Off","UA English 1-113","Group Call","113","KC1JMH / Brad Br","Always","Carrier","Off","1","1","1","Off","1","1","None","None","Off","Off","Off","Off","Normal Encryption","Off","Off","Off","Off","251.1","1","Off","Off","Off","Off","Off","Off","1","0","Off","0","2","0","0","0","0"
"1268","DRYNH UA Eng2","145.31000","144.71000","D-Digital","High","12.5K","Off","Off","UA English 2-123","Group Call","123","KC1JMH / Brad Br","Always","Carrier","Off","1","1","1","Off","1","1","None","None","Off","Off","Off","Off","Normal Encryption","Off","Off","Off","Off","251.1","1","Off","Off","Off","Off","Off","Off","1","0","Off","0","2","0","0","0","0"
"1269","DRYNH WW","145.31000","144.71000","D-Digital","High","12.5K","Off","Off","WW Call","Group Call","1","KC1JMH / Brad Br","Always","Carrier","Off","1","1","1","Off","1","1","None","None","Off","Off","Off","Off","Normal Encryption","Off","Off","Off","Off","251.1","1","Off","Off","Off","Off","Off","Off","1","0","Off","0","2","0","0","0","0"
"1270","FRNNH CT SW","145.46000","144.86000","D-Digital","High","12.5K","Off","Off","CT Statewide","Group Call","3109","KC1JMH / Brad Br","Always","Carrier","Off","1","1","1","Off","1","1","None","None","Off","Off","Off","Off","Normal Encryption","Off","Off","Off","Off","251.1","1","Off","Off","Off","Off","Off","Off","1","0","Off","0","2","0","0","0","0"
"1271","FRNNH Local","145.46000","144.86000","D-Digital","High","12.5K","Off","Off","Local","Group Call","9","KC1JMH / Brad Br","Always","Carrier","Off","1","1","1","Off","1","2","None","None","Off","Off","Off","Off","Normal Encryption","Off","Off","Off","Off","251.1","1","Off","Off","Off","Off","Off","Off","1","0","Off","0","2","0","0","0","0"
"1272","FRNNH MA SW","145.46000","144.86000","D-Digital","High","12.5K","Off","Off","MA Statewide","Group Call","3125","KC1JMH / Brad Br","Always","Carrier","Off","1","1","1","Off","1","1","None","None","Off","Off","Off","Off","Normal Encryption","Off","Off","Off","Off","251.1","1","Off","Off","Off","Off","Off","Off","1","0","Off","0","2","0","0","0","0"
"1273","FRNNH ME SW","145.46000","144.86000","D-Digital","High","12.5K","Off","Off","ME Statewide","Group Call","3123","KC1JMH / Brad Br","Always","Carrier","Off","1","1","1","Off","1","1","None","None","Off","Off","Off","Off","Normal Encryption","Off","Off","Off","Off","251.1","1","Off","Off","Off","Off","Off","Off","1","0","Off","0","2","0","0","0","0"
"1274","FRNNH NE Wide","145.46000","144.86000","D-Digital","High","12.5K","Off","Off","New England-Wide","Group Call","3181","KC1JMH / Brad Br","Always","Carrier","Off","1","1","1","Off","1","2","None","None","Off","Off","Off","Off","Normal Encryption","Off","Off","Off","Off","251.1","1","Off","Off","Off","Off","Off","Off","1","0","Off","0","2","0","0","0","0"
"1275","FRNNH NETAC1","145.46000","144.86000","D-Digital","High","12.5K","Off","Off","NETAC1","Group Call","8801","KC1JMH / Brad Br","Always","Carrier","Off","1","1","1","Off","1","1","None","None","Off","Off","Off","Off","Normal Encryption","Off","Off","Off","Off","251.1","1","Off","Off","Off","Off","Off","Off","1","0","Off","0","2","0","0","0","0"
"1276","FRNNH NETAC2","145.46000","144.86000","D-Digital","High","12.5K","Off","Off","NETAC2","Group Call","8802","KC1JMH / Brad Br","Always","Carrier","Off","1","1","1","Off","1","2","None","None","Off","Off","Off","Off","Normal Encryption","Off","Off","Off","Off","251.1","1","Off","Off","Off","Off","Off","Off","1","0","Off","0","2","0","0","0","0"
"1277","FRNNH NH SW","145.46000","144.86000","D-Digital","High","12.5K","Off","Off","NH Statewide","Group Call","3133","KC1JMH / Brad Br","Always","Carrier","Off","1","1","1","Off","1","2","None","None","Off","Off","Off","Off","Normal Encryption","Off","Off","Off","Off","251.1","1","Off","Off","Off","Off","Off","Off","1","0","Off","0","2","0","0","0","0"
"1278","FRNNH NH Lakes","145.46000","144.86000","D-Digital","High","12.5K","Off","Off","NH Lakes","Group Call","8808","KC1JMH / Brad Br","Always","Carrier","Off","1","1","1","Off","1","2","None","None","Off","Off","Off","Off","Normal Encryption","Off","Off","Off","Off","251.1","1","Off","Off","Off","Off","Off","Off","1","0","Off","0","2","0","0","0","0"
"1279","FRNNH North Am","145.46000","144.86000","D-Digital","High","12.5K","Off","Off","North America","Group Call","3","KC1JMH / Brad Br","Always","Carrier","Off","1","1","1","Off","1","1","None","None","Off","Off","Off","Off","Normal Encryption","Off","Off","Off","Off","251.1","1","Off","Off","Off","Off","Off","Off","1","0","Off","0","2","0","0","0","0"
"1280","FRNNH Northeast","145.46000","144.86000","D-Digital","High","12.5K","Off","Off","Northeast","Group Call","3172","KC1JMH / Brad Br","Always","Carrier","Off","1","1","1","Off","1","1","None","None","Off","Off","Off","Off","Normal Encryption","Off","Off","Off","Off","251.1","1","Off","Off","Off","Off","Off","Off","1","0","Off","0","2","0","0","0","0"
"1281","FRNNH Parrot","145.46000","144.86000","D-Digital","High","12.5K","Off","Off","Parrot","Group Call","9998","KC1JMH / Brad Br","Always","Carrier","Off","1","1","1","Off","1","1","None","None","Off","Off","Off","Off","Normal Encryption","Off","Off","Off","Off","251.1","1","Off","Off","Off","Off","Off","Off","1","0","Off","0","2","0","0","0","0"
"1282","FRNNH Audio","145.46000","144.86000","D-Digital","High","12.5K","Off","Off","Audio Watch","Group Call","9999","KC1JMH / Brad Br","Always","Carrier","Off","1","1","1","Off","1","1","None","None","Off","Off","Off","Off","Normal Encryption","Off","Off","Off","Off","251.1","1","Off","Off","Off","Off","Off","Off","1","0","Off","0","2","0","0","0","0"
"1283","FRNNH RI SW","145.46000","144.86000","D-Digital","High","12.5K","Off","Off","RI Statewide","Group Call","3144","KC1JMH / Brad Br","Always","Carrier","Off","1","1","1","Off","1","1","None","None","Off","Off","Off","Off","Normal Encryption","Off","Off","Off","Off","251.1","1","Off","Off","Off","Off","Off","Off","1","0","Off","0","2","0","0","0","0"
"1284","FRNNH Reg North","145.46000","144.86000","D-Digital","High","12.5K","Off","Off","Region North","Group Call","8","KC1JMH / Brad Br","Always","Carrier","Off","1","1","1","Off","1","1","None","None","Off","Off","Off","Off","Normal Encryption","Off","Off","Off","Off","251.1","1","Off","Off","Off","Off","Off","Off","1","0","Off","0","2","0","0","0","0"
"1285","FRNNH SKYWARN","145.46000","144.86000","D-Digital","High","12.5K","Off","Off","SKYWARN","Group Call","759","KC1JMH / Brad Br","Always","Carrier","Off","1","1","1","Off","1","1","None","None","Off","Off","Off","Off","Normal Encryption","Off","Off","Off","Off","251.1","1","Off","Off","Off","Off","Off","Off","1","0","Off","0","2","0","0","0","0"
"1286","FRNNH TAC310","145.46000","144.86000","D-Digital","High","12.5K","Off","Off","TAC310","Group Call","310","KC1JMH / Brad Br","Always","Carrier","Off","1","1","1","Off","1","1","None","None","Off","Off","Off","Off","Normal Encryption","Off","Off","Off","Off","251.1","1","Off","Off","Off","Off","Off","Off","1","0","Off","0","2","0","0","0","0"
"1287","FRNNH TAC311","145.46000","144.86000","D-Digital","High","12.5K","Off","Off","TAC311","Group Call","311","KC1JMH / Brad Br","Always","Carrier","Off","1","1","1","Off","1","1","None","None","Off","Off","Off","Off","Normal Encryption","Off","Off","Off","Off","251.1","1","Off","Off","Off","Off","Off","Off","1","0","Off","0","2","0","0","0","0"
"1288","FRNNH UA Eng1","145.46000","144.86000","D-Digital","High","12.5K","Off","Off","UA English 1-113","Group Call","113","KC1JMH / Brad Br","Always","Carrier","Off","1","1","1","Off","1","1","None","None","Off","Off","Off","Off","Normal Encryption","Off","Off","Off","Off","251.1","1","Off","Off","Off","Off","Off","Off","1","0","Off","0","2","0","0","0","0"
"1289","FRNNH UA Eng2","145.46000","144.86000","D-Digital","High","12.5K","Off","Off","UA English 2-123","Group Call","123","KC1JMH / Brad Br","Always","Carrier","Off","1","1","1","Off","1","1","None","None","Off","Off","Off","Off","Normal Encryption","Off","Off","Off","Off","251.1","1","Off","Off","Off","Off","Off","Off","1","0","Off","0","2","0","0","0","0"
"1290","FRNNH VT SW","145.46000","144.86000","D-Digital","High","12.5K","Off","Off","VT Statewide","Group Call","3150","KC1JMH / Brad Br","Always","Carrier","Off","1","1","1","Off","1","1","None","None","Off","Off","Off","Off","Normal Encryption","Off","Off","Off","Off","251.1","1","Off","Off","Off","Off","Off","Off","1","0","Off","0","2","0","0","0","0"
"1291","FRNNH WW","145.46000","144.86000","D-Digital","High","12.5K","Off","Off","WW Call","Group Call","1","KC1JMH / Brad Br","Always","Carrier","Off","1","1","1","Off","1","1","None","None","Off","Off","Off","Off","Normal Encryption","Off","Off","Off","Off","251.1","1","Off","Off","Off","Off","Off","Off","1","0","Off","0","2","0","0","0","0"
"1292","GILFNH Local","449.42500","444.42500","D-Digital","High","12.5K","Off","Off","Local","Group Call","9","KC1JMH / Brad Br","Always","Carrier","Off","1","1","1","Off","3","2","None","None","Off","Off","Off","Off","Normal Encryption","Off","Off","Off","Off","251.1","1","Off","Off","Off","Off","Off","Off","1","0","Off","0","2","0","0","0","0"
"1293","GILFNH MA SW","449.42500","444.42500","D-Digital","High","12.5K","Off","Off","MA Statewide","Group Call","3125","KC1JMH / Brad Br","Always","Carrier","Off","1","1","1","Off","3","1","None","None","Off","Off","Off","Off","Normal Encryption","Off","Off","Off","Off","251.1","1","Off","Off","Off","Off","Off","Off","1","0","Off","0","2","0","0","0","0"
"1294","GILFNH NE Wide","449.42500","444.42500","D-Digital","High","12.5K","Off","Off","New England-Wide","Group Call","3181","KC1JMH / Brad Br","Always","Carrier","Off","1","1","1","Off","3","2","None","None","Off","Off","Off","Off","Normal Encryption","Off","Off","Off","Off","251.1","1","Off","Off","Off","Off","Off","Off","1","0","Off","0","2","0","0","0","0"
"1295","GILFNH NETAC1","449.42500","444.42500","D-Digital","High","12.5K","Off","Off","NETAC1","Group Call","8801","KC1JMH / Brad Br","Always","Carrier","Off","1","1","1","Off","3","1","None","None","Off","Off","Off","Off","Normal Encryption","Off","Off","Off","Off","251.1","1","Off","Off","Off","Off","Off","Off","1","0","Off","0","2","0","0","0","0"
"1296","GILFNH NETAC2","449.42500","444.42500","D-Digital","High","12.5K","Off","Off","NETAC2","Group Call","8802","KC1JMH / Brad Br","Always","Carrier","Off","1","1","1","Off","3","2","None","None","Off","Off","Off","Off","Normal Encryption","Off","Off","Off","Off","251.1","1","Off","Off","Off","Off","Off","Off","1","0","Off","0","2","0","0","0","0"
"1297","GILFNH NH SW","449.42500","444.42500","D-Digital","High","12.5K","Off","Off","NH Statewide","Group Call","3133","KC1JMH / Brad Br","Always","Carrier","Off","1","1","1","Off","3","2","None","None","Off","Off","Off","Off","Normal Encryption","Off","Off","Off","Off","251.1","1","Off","Off","Off","Off","Off","Off","1","0","Off","0","2","0","0","0","0"
"1298","GILFNH North Am","449.42500","444.42500","D-Digital","High","12.5K","Off","Off","North America","Group Call","3","KC1JMH / Brad Br","Always","Carrier","Off","1","1","1","Off","3","1","None","None","Off","Off","Off","Off","Normal Encryption","Off","Off","Off","Off","251.1","1","Off","Off","Off","Off","Off","Off","1","0","Off","0","2","0","0","0","0"
"1299","GILFNH Northeast","449.42500","444.42500","D-Digital","High","12.5K","Off","Off","Northeast","Group Call","3172","KC1JMH / Brad Br","Always","Carrier","Off","1","1","1","Off","3","1","None","None","Off","Off","Off","Off","Normal Encryption","Off","Off","Off","Off","251.1","1","Off","Off","Off","Off","Off","Off","1","0","Off","0","2","0","0","0","0"
"1300","GILFNH Parrot","449.42500","444.42500","D-Digital","High","12.5K","Off","Off","Parrot","Group Call","9998","KC1JMH / Brad Br","Always","Carrier","Off","1","1","1","Off","3","1","None","None","Off","Off","Off","Off","Normal Encryption","Off","Off","Off","Off","251.1","1","Off","Off","Off","Off","Off","Off","1","0","Off","0","2","0","0","0","0"
"1301","GILFNH Audio","449.42500","444.42500","D-Digital","High","12.5K","Off","Off","Audio Watch","Group Call","9999","KC1JMH / Brad Br","Always","Carrier","Off","1","1","1","Off","3","1","None","None","Off","Off","Off","Off","Normal Encryption","Off","Off","Off","Off","251.1","1","Off","Off","Off","Off","Off","Off","1","0","Off","0","2","0","0","0","0"
"1302","GILFNH TAC316","449.42500","444.42500","D-Digital","High","12.5K","Off","Off","TAC316","Group Call","316","KC1JMH / Brad Br","Always","Carrier","Off","1","1","1","Off","3","1","None","None","Off","Off","Off","Off","Normal Encryption","Off","Off","Off","Off","251.1","1","Off","Off","Off","Off","Off","Off","1","0","Off","0","2","0","0","0","0"
"1303","GILFNH CT SW","449.42500","444.42500","D-Digital","High","12.5K","Off","Off","CT Statewide","Group Call","3109","KC1JMH / Brad Br","Always","Carrier","Off","1","1","1","Off","3","1","None","None","Off","Off","Off","Off","Normal Encryption","Off","Off","Off","Off","251.1","1","Off","Off","Off","Off","Off","Off","1","0","Off","0","2","0","0","0","0"
"1304","GILFNH ME SW","449.42500","444.42500","D-Digital","High","12.5K","Off","Off","ME Statewide","Group Call","3123","KC1JMH / Brad Br","Always","Carrier","Off","1","1","1","Off","3","1","None","None","Off","Off","Off","Off","Normal Encryption","Off","Off","Off","Off","251.1","1","Off","Off","Off","Off","Off","Off","1","0","Off","0","2","0","0","0","0"
"1305","GILFNH RI SW","449.42500","444.42500","D-Digital","High","12.5K","Off","Off","RI Statewide","Group Call","3144","KC1JMH / Brad Br","Always","Carrier","Off","1","1","1","Off","3","1","None","None","Off","Off","Off","Off","Normal Encryption","Off","Off","Off","Off","251.1","1","Off","Off","Off","Off","Off","Off","1","0","Off","0","2","0","0","0","0"
"1306","GILFNH Reg North","449.42500","444.42500","D-Digital","High","12.5K","Off","Off","Region North","Group Call","8","KC1JMH / Brad Br","Always","Carrier","Off","1","1","1","Off","3","2","None","None","Off","Off","Off","Off","Normal Encryption","Off","Off","Off","Off","251.1","1","Off","Off","Off","Off","Off","Off","1","0","Off","0","2","0","0","0","0"
"1307","GILFNH SKYWARN","449.42500","444.42500","D-Digital","High","12.5K","Off","Off","SKYWARN","Group Call","759","KC1JMH / Brad Br","Always","Carrier","Off","1","1","1","Off","3","1","None","None","Off","Off","Off","Off","Normal Encryption","Off","Off","Off","Off","251.1","1","Off","Off","Off","Off","Off","Off","1","0","Off","0","2","0","0","0","0"
"1308","GILFNH TAC310","449.42500","444.42500","D-Digital","High","12.5K","Off","Off","TAC310","Group Call","310","KC1JMH / Brad Br","Always","Carrier","Off","1","1","1","Off","3","1","None","None","Off","Off","Off","Off","Normal Encryption","Off","Off","Off","Off","251.1","1","Off","Off","Off","Off","Off","Off","1","0","Off","0","2","0","0","0","0"
"1309","GILFNH TAC311","449.42500","444.42500","D-Digital","High","12.5K","Off","Off","TAC311","Group Call","311","KC1JMH / Brad Br","Always","Carrier","Off","1","1","1","Off","3","1","None","None","Off","Off","Off","Off","Normal Encryption","Off","Off","Off","Off","251.1","1","Off","Off","Off","Off","Off","Off","1","0","Off","0","2","0","0","0","0"
"1310","GILFNH UA Eng1","449.42500","444.42500","D-Digital","High","12.5K","Off","Off","UA English 1-113","Group Call","113","KC1JMH / Brad Br","Always","Carrier","Off","1","1","1","Off","3","1","None","None","Off","Off","Off","Off","Normal Encryption","Off","Off","Off","Off","251.1","1","Off","Off","Off","Off","Off","Off","1","0","Off","0","2","0","0","0","0"
"1311","GILFNH UA Eng2","449.42500","444.42500","D-Digital","High","12.5K","Off","Off","UA English 2-123","Group Call","123","KC1JMH / Brad Br","Always","Carrier","Off","1","1","1","Off","3","1","None","None","Off","Off","Off","Off","Normal Encryption","Off","Off","Off","Off","251.1","1","Off","Off","Off","Off","Off","Off","1","0","Off","0","2","0","0","0","0"
"1312","GILFNH VT SW","449.42500","444.42500","D-Digital","High","12.5K","Off","Off","VT Statewide","Group Call","3150","KC1JMH / Brad Br","Always","Carrier","Off","1","1","1","Off","3","1","None","None","Off","Off","Off","Off","Normal Encryption","Off","Off","Off","Off","251.1","1","Off","Off","Off","Off","Off","Off","1","0","Off","0","2","0","0","0","0"
"1313","GILFNH WW","449.42500","444.42500","D-Digital","High","12.5K","Off","Off","WW Call","Group Call","1","KC1JMH / Brad Br","Always","Carrier","Off","1","1","1","Off","3","1","None","None","Off","Off","Off","Off","Normal Encryption","Off","Off","Off","Off","251.1","1","Off","Off","Off","Off","Off","Off","1","0","Off","0","2","0","0","0","0"
"1314","GNUNH Local","447.87500","442.87500","D-Digital","High","12.5K","Off","Off","Local","Group Call","9","KC1JMH / Brad Br","Always","Carrier","Off","1","1","1","Off","9","2","None","None","Off","Off","Off","Off","Normal Encryption","Off","Off","Off","Off","251.1","1","Off","Off","Off","Off","Off","Off","1","0","Off","0","2","0","0","0","0"
"1315","GNUNH MA SW","447.87500","442.87500","D-Digital","High","12.5K","Off","Off","MA Statewide","Group Call","3125","KC1JMH / Brad Br","Always","Carrier","Off","1","1","1","Off","9","1","None","None","Off","Off","Off","Off","Normal Encryption","Off","Off","Off","Off","251.1","1","Off","Off","Off","Off","Off","Off","1","0","Off","0","2","0","0","0","0"
"1316","GNUNH ME SW","447.87500","442.87500","D-Digital","High","12.5K","Off","Off","ME Statewide","Group Call","3123","KC1JMH / Brad Br","Always","Carrier","Off","1","1","1","Off","9","1","None","None","Off","Off","Off","Off","Normal Encryption","Off","Off","Off","Off","251.1","1","Off","Off","Off","Off","Off","Off","1","0","Off","0","2","0","0","0","0"
"1317","GNUNH NE Wide","447.87500","442.87500","D-Digital","High","12.5K","Off","Off","New England-Wide","Group Call","3181","KC1JMH / Brad Br","Always","Carrier","Off","1","1","1","Off","9","2","None","None","Off","Off","Off","Off","Normal Encryption","Off","Off","Off","Off","251.1","1","Off","Off","Off","Off","Off","Off","1","0","Off","0","2","0","0","0","0"
"1318","GNUNH NETAC1","447.87500","442.87500","D-Digital","High","12.5K","Off","Off","NETAC1","Group Call","8801","KC1JMH / Brad Br","Always","Carrier","Off","1","1","1","Off","9","1","None","None","Off","Off","Off","Off","Normal Encryption","Off","Off","Off","Off","251.1","1","Off","Off","Off","Off","Off","Off","1","0","Off","0","2","0","0","0","0"
"1319","GNUNH NETAC2","447.87500","442.87500","D-Digital","High","12.5K","Off","Off","NETAC2","Group Call","8802","KC1JMH / Brad Br","Always","Carrier","Off","1","1","1","Off","9","2","None","None","Off","Off","Off","Off","Normal Encryption","Off","Off","Off","Off","251.1","1","Off","Off","Off","Off","Off","Off","1","0","Off","0","2","0","0","0","0"
"1320","GNUNH NH SW","447.87500","442.87500","D-Digital","High","12.5K","Off","Off","NH Statewide","Group Call","3133","KC1JMH / Brad Br","Always","Carrier","Off","1","1","1","Off","9","2","None","None","Off","Off","Off","Off","Normal Encryption","Off","Off","Off","Off","251.1","1","Off","Off","Off","Off","Off","Off","1","0","Off","0","2","0","0","0","0"
"1321","GNUNH NH Lakes","447.87500","442.87500","D-Digital","High","12.5K","Off","Off","NH Lakes","Group Call","8808","KC1JMH / Brad Br","Always","Carrier","Off","1","1","1","Off","9","2","None","None","Off","Off","Off","Off","Normal Encryption","Off","Off","Off","Off","251.1","1","Off","Off","Off","Off","Off","Off","1","0","Off","0","2","0","0","0","0"
"1322","GNUNH North Am","447.87500","442.87500","D-Digital","High","12.5K","Off","Off","North America","Group Call","3","KC1JMH / Brad Br","Always","Carrier","Off","1","1","1","Off","9","1","None","None","Off","Off","Off","Off","Normal Encryption","Off","Off","Off","Off","251.1","1","Off","Off","Off","Off","Off","Off","1","0","Off","0","2","0","0","0","0"
"1323","GNUNH Northeast","447.87500","442.87500","D-Digital","High","12.5K","Off","Off","Northeast","Group Call","3172","KC1JMH / Brad Br","Always","Carrier","Off","1","1","1","Off","9","1","None","None","Off","Off","Off","Off","Normal Encryption","Off","Off","Off","Off","251.1","1","Off","Off","Off","Off","Off","Off","1","0","Off","0","2","0","0","0","0"
"1324","GNUNH Parrot","447.87500","442.87500","D-Digital","High","12.5K","Off","Off","Parrot","Group Call","9998","KC1JMH / Brad Br","Always","Carrier","Off","1","1","1","Off","9","1","None","None","Off","Off","Off","Off","Normal Encryption","Off","Off","Off","Off","251.1","1","Off","Off","Off","Off","Off","Off","1","0","Off","0","2","0","0","0","0"
"1325","GNUNH Reg North","447.87500","442.87500","D-Digital","High","12.5K","Off","Off","Region North","Group Call","8","KC1JMH / Brad Br","Always","Carrier","Off","1","1","1","Off","9","2","None","None","Off","Off","Off","Off","Normal Encryption","Off","Off","Off","Off","251.1","1","Off","Off","Off","Off","Off","Off","1","0","Off","0","2","0","0","0","0"
"1326","GNUNH SKYWARN","447.87500","442.87500","D-Digital","High","12.5K","Off","Off","SKYWARN","Group Call","759","KC1JMH / Brad Br","Always","Carrier","Off","1","1","1","Off","9","1","None","None","Off","Off","Off","Off","Normal Encryption","Off","Off","Off","Off","251.1","1","Off","Off","Off","Off","Off","Off","1","0","Off","0","2","0","0","0","0"
"1327","GNUNH TAC310","447.87500","442.87500","D-Digital","High","12.5K","Off","Off","TAC310","Group Call","310","KC1JMH / Brad Br","Always","Carrier","Off","1","1","1","Off","9","1","None","None","Off","Off","Off","Off","Normal Encryption","Off","Off","Off","Off","251.1","1","Off","Off","Off","Off","Off","Off","1","0","Off","0","2","0","0","0","0"
"1328","GNUNH TAC311","447.87500","442.87500","D-Digital","High","12.5K","Off","Off","TAC311","Group Call","311","KC1JMH / Brad Br","Always","Carrier","Off","1","1","1","Off","9","1","None","None","Off","Off","Off","Off","Normal Encryption","Off","Off","Off","Off","251.1","1","Off","Off","Off","Off","Off","Off","1","0","Off","0","2","0","0","0","0"
"1329","GNUNH UA Eng1","447.87500","442.87500","D-Digital","High","12.5K","Off","Off","UA English 1-113","Group Call","113","KC1JMH / Brad Br","Always","Carrier","Off","1","1","1","Off","9","1","None","None","Off","Off","Off","Off","Normal Encryption","Off","Off","Off","Off","251.1","1","Off","Off","Off","Off","Off","Off","1","0","Off","0","2","0","0","0","0"
"1330","GNUNH UA Eng2","447.87500","442.87500","D-Digital","High","12.5K","Off","Off","UA English 2-123","Group Call","123","KC1JMH / Brad Br","Always","Carrier","Off","1","1","1","Off","9","1","None","None","Off","Off","Off","Off","Normal Encryption","Off","Off","Off","Off","251.1","1","Off","Off","Off","Off","Off","Off","1","0","Off","0","2","0","0","0","0"
"1331","GNUNH VT SW","447.87500","442.87500","D-Digital","High","12.5K","Off","Off","VT Statewide","Group Call","3150","KC1JMH / Brad Br","Always","Carrier","Off","1","1","1","Off","9","1","None","None","Off","Off","Off","Off","Normal Encryption","Off","Off","Off","Off","251.1","1","Off","Off","Off","Off","Off","Off","1","0","Off","0","2","0","0","0","0"
"1332","GNUNH WW","447.87500","442.87500","D-Digital","High","12.5K","Off","Off","WW Call","Group Call","1","KC1JMH / Brad Br","Always","Carrier","Off","1","1","1","Off","9","1","None","None","Off","Off","Off","Off","Normal Encryption","Off","Off","Off","Off","251.1","1","Off","Off","Off","Off","Off","Off","1","0","Off","0","2","0","0","0","0"
"1333","GNVNH Local","145.36000","144.76000","D-Digital","High","12.5K","Off","Off","Local","Group Call","9","KC1JMH / Brad Br","Always","Carrier","Off","1","1","1","Off","3","2","None","None","Off","Off","Off","Off","Normal Encryption","Off","Off","Off","Off","251.1","1","Off","Off","Off","Off","Off","Off","1","0","Off","0","2","0","0","0","0"
"1334","GNVNH NE Wide","145.36000","144.76000","D-Digital","High","12.5K","Off","Off","New England-Wide","Group Call","3181","KC1JMH / Brad Br","Always","Carrier","Off","1","1","1","Off","3","2","None","None","Off","Off","Off","Off","Normal Encryption","Off","Off","Off","Off","251.1","1","Off","Off","Off","Off","Off","Off","1","0","Off","0","2","0","0","0","0"
"1335","GNVNH NETAC1","145.36000","144.76000","D-Digital","High","12.5K","Off","Off","NETAC1","Group Call","8801","KC1JMH / Brad Br","Always","Carrier","Off","1","1","1","Off","3","1","None","None","Off","Off","Off","Off","Normal Encryption","Off","Off","Off","Off","251.1","1","Off","Off","Off","Off","Off","Off","1","0","Off","0","2","0","0","0","0"
"1336","GNVNH NETAC2","145.36000","144.76000","D-Digital","High","12.5K","Off","Off","NETAC2","Group Call","8802","KC1JMH / Brad Br","Always","Carrier","Off","1","1","1","Off","3","2","None","None","Off","Off","Off","Off","Normal Encryption","Off","Off","Off","Off","251.1","1","Off","Off","Off","Off","Off","Off","1","0","Off","0","2","0","0","0","0"
"1337","GNVNH NH SW","145.36000","144.76000","D-Digital","High","12.5K","Off","Off","NH Statewide","Group Call","3133","KC1JMH / Brad Br","Always","Carrier","Off","1","1","1","Off","3","2","None","None","Off","Off","Off","Off","Normal Encryption","Off","Off","Off","Off","251.1","1","Off","Off","Off","Off","Off","Off","1","0","Off","0","2","0","0","0","0"
"1338","GNVNH NH Lakes","145.36000","144.76000","D-Digital","High","12.5K","Off","Off","NH Lakes","Group Call","8808","KC1JMH / Brad Br","Always","Carrier","Off","1","1","1","Off","3","2","None","None","Off","Off","Off","Off","Normal Encryption","Off","Off","Off","Off","251.1","1","Off","Off","Off","Off","Off","Off","1","0","Off","0","2","0","0","0","0"
"1339","GNVNH North Am","145.36000","144.76000","D-Digital","High","12.5K","Off","Off","North America","Group Call","3","KC1JMH / Brad Br","Always","Carrier","Off","1","1","1","Off","3","1","None","None","Off","Off","Off","Off","Normal Encryption","Off","Off","Off","Off","251.1","1","Off","Off","Off","Off","Off","Off","1","0","Off","0","2","0","0","0","0"
"1340","GNVNH Northeast","145.36000","144.76000","D-Digital","High","12.5K","Off","Off","Northeast","Group Call","3172","KC1JMH / Brad Br","Always","Carrier","Off","1","1","1","Off","3","1","None","None","Off","Off","Off","Off","Normal Encryption","Off","Off","Off","Off","251.1","1","Off","Off","Off","Off","Off","Off","1","0","Off","0","2","0","0","0","0"
"1341","GNVNH Parrot","145.36000","144.76000","D-Digital","High","12.5K","Off","Off","Parrot","Group Call","9998","KC1JMH / Brad Br","Always","Carrier","Off","1","1","1","Off","3","1","None","None","Off","Off","Off","Off","Normal Encryption","Off","Off","Off","Off","251.1","1","Off","Off","Off","Off","Off","Off","1","0","Off","0","2","0","0","0","0"
"1342","GNVNH Audio","145.36000","144.76000","D-Digital","High","12.5K","Off","Off","Audio Watch","Group Call","9999","KC1JMH / Brad Br","Always","Carrier","Off","1","1","1","Off","3","1","None","None","Off","Off","Off","Off","Normal Encryption","Off","Off","Off","Off","251.1","1","Off","Off","Off","Off","Off","Off","1","0","Off","0","2","0","0","0","0"
"1343","GNVNH TAC310","145.36000","144.76000","D-Digital","High","12.5K","Off","Off","TAC310","Group Call","310","KC1JMH / Brad Br","Always","Carrier","Off","1","1","1","Off","3","1","None","None","Off","Off","Off","Off","Normal Encryption","Off","Off","Off","Off","251.1","1","Off","Off","Off","Off","Off","Off","1","0","Off","0","2","0","0","0","0"
"1344","GNVNH CT SW","145.36000","144.76000","D-Digital","High","12.5K","Off","Off","CT Statewide","Group Call","3109","KC1JMH / Brad Br","Always","Carrier","Off","1","1","1","Off","3","1","None","None","Off","Off","Off","Off","Normal Encryption","Off","Off","Off","Off","251.1","1","Off","Off","Off","Off","Off","Off","1","0","Off","0","2","0","0","0","0"
"1345","GNVNH MA SW","145.36000","144.76000","D-Digital","High","12.5K","Off","Off","MA Statewide","Group Call","3125","KC1JMH / Brad Br","Always","Carrier","Off","1","1","1","Off","3","1","None","None","Off","Off","Off","Off","Normal Encryption","Off","Off","Off","Off","251.1","1","Off","Off","Off","Off","Off","Off","1","0","Off","0","2","0","0","0","0"
"1346","GNVNH ME SW","145.36000","144.76000","D-Digital","High","12.5K","Off","Off","ME Statewide","Group Call","3123","KC1JMH / Brad Br","Always","Carrier","Off","1","1","1","Off","3","1","None","None","Off","Off","Off","Off","Normal Encryption","Off","Off","Off","Off","251.1","1","Off","Off","Off","Off","Off","Off","1","0","Off","0","2","0","0","0","0"
"1347","GNVNH RI SW","145.36000","144.76000","D-Digital","High","12.5K","Off","Off","RI Statewide","Group Call","3144","KC1JMH / Brad Br","Always","Carrier","Off","1","1","1","Off","3","1","None","None","Off","Off","Off","Off","Normal Encryption","Off","Off","Off","Off","251.1","1","Off","Off","Off","Off","Off","Off","1","0","Off","0","2","0","0","0","0"
"1348","GNVNH VT SW","145.36000","144.76000","D-Digital","High","12.5K","Off","Off","VT Statewide","Group Call","3150","KC1JMH / Brad Br","Always","Carrier","Off","1","1","1","Off","3","1","None","None","Off","Off","Off","Off","Normal Encryption","Off","Off","Off","Off","251.1","1","Off","Off","Off","Off","Off","Off","1","0","Off","0","2","0","0","0","0"
"1349","GNVNH TAC316","145.36000","144.76000","D-Digital","High","12.5K","Off","Off","TAC316","Group Call","316","KC1JMH / Brad Br","Always","Carrier","Off","1","1","1","Off","3","1","None","None","Off","Off","Off","Off","Normal Encryption","Off","Off","Off","Off","251.1","1","Off","Off","Off","Off","Off","Off","1","0","Off","0","2","0","0","0","0"
"1350","GNVNH Reg North","145.36000","144.76000","D-Digital","High","12.5K","Off","Off","Region North","Group Call","8","KC1JMH / Brad Br","Always","Carrier","Off","1","1","1","Off","3","2","None","None","Off","Off","Off","Off","Normal Encryption","Off","Off","Off","Off","251.1","1","Off","Off","Off","Off","Off","Off","1","0","Off","0","2","0","0","0","0"
"1351","GNVNH SKYWARN","145.36000","144.76000","D-Digital","High","12.5K","Off","Off","SKYWARN","Group Call","759","KC1JMH / Brad Br","Always","Carrier","Off","1","1","1","Off","3","1","None","None","Off","Off","Off","Off","Normal Encryption","Off","Off","Off","Off","251.1","1","Off","Off","Off","Off","Off","Off","1","0","Off","0","2","0","0","0","0"
"1352","GNVNH TAC311","145.36000","144.76000","D-Digital","High","12.5K","Off","Off","TAC311","Group Call","311","KC1JMH / Brad Br","Always","Carrier","Off","1","1","1","Off","3","1","None","None","Off","Off","Off","Off","Normal Encryption","Off","Off","Off","Off","251.1","1","Off","Off","Off","Off","Off","Off","1","0","Off","0","2","0","0","0","0"
"1353","GNVNH UA Eng1","145.36000","144.76000","D-Digital","High","12.5K","Off","Off","UA English 1-113","Group Call","113","KC1JMH / Brad Br","Always","Carrier","Off","1","1","1","Off","3","1","None","None","Off","Off","Off","Off","Normal Encryption","Off","Off","Off","Off","251.1","1","Off","Off","Off","Off","Off","Off","1","0","Off","0","2","0","0","0","0"
"1354","GNVNH UA Eng2","145.36000","144.76000","D-Digital","High","12.5K","Off","Off","UA English 2-123","Group Call","123","KC1JMH / Brad Br","Always","Carrier","Off","1","1","1","Off","3","1","None","None","Off","Off","Off","Off","Normal Encryption","Off","Off","Off","Off","251.1","1","Off","Off","Off","Off","Off","Off","1","0","Off","0","2","0","0","0","0"
"1355","GNVNH WW","145.36000","144.76000","D-Digital","High","12.5K","Off","Off","WW Call","Group Call","1","KC1JMH / Brad Br","Always","Carrier","Off","1","1","1","Off","3","1","None","None","Off","Off","Off","Off","Normal Encryption","Off","Off","Off","Off","251.1","1","Off","Off","Off","Off","Off","Off","1","0","Off","0","2","0","0","0","0"
"1356","GOFNH Local","145.22000","144.62000","D-Digital","High","12.5K","Off","Off","Local","Group Call","9","KC1JMH / Brad Br","Always","Carrier","Off","1","1","1","Off","11","2","None","None","Off","Off","Off","Off","Normal Encryption","Off","Off","Off","Off","251.1","1","Off","Off","Off","Off","Off","Off","1","0","Off","0","2","0","0","0","0"
"1357","GOFNH MA SW","145.22000","144.62000","D-Digital","High","12.5K","Off","Off","MA Statewide","Group Call","3125","KC1JMH / Brad Br","Always","Carrier","Off","1","1","1","Off","11","1","None","None","Off","Off","Off","Off","Normal Encryption","Off","Off","Off","Off","251.1","1","Off","Off","Off","Off","Off","Off","1","0","Off","0","2","0","0","0","0"
"1358","GOFNH NE Wide","145.22000","144.62000","D-Digital","High","12.5K","Off","Off","New England-Wide","Group Call","3181","KC1JMH / Brad Br","Always","Carrier","Off","1","1","1","Off","11","2","None","None","Off","Off","Off","Off","Normal Encryption","Off","Off","Off","Off","251.1","1","Off","Off","Off","Off","Off","Off","1","0","Off","0","2","0","0","0","0"
"1359","GOFNH NETAC1","145.22000","144.62000","D-Digital","High","12.5K","Off","Off","NETAC1","Group Call","8801","KC1JMH / Brad Br","Always","Carrier","Off","1","1","1","Off","11","1","None","None","Off","Off","Off","Off","Normal Encryption","Off","Off","Off","Off","251.1","1","Off","Off","Off","Off","Off","Off","1","0","Off","0","2","0","0","0","0"
"1360","GOFNH NETAC2","145.22000","144.62000","D-Digital","High","12.5K","Off","Off","NETAC2","Group Call","8802","KC1JMH / Brad Br","Always","Carrier","Off","1","1","1","Off","11","2","None","None","Off","Off","Off","Off","Normal Encryption","Off","Off","Off","Off","251.1","1","Off","Off","Off","Off","Off","Off","1","0","Off","0","2","0","0","0","0"
"1361","GOFNH NH SW","145.22000","144.62000","D-Digital","High","12.5K","Off","Off","NH Statewide","Group Call","3133","KC1JMH / Brad Br","Always","Carrier","Off","1","1","1","Off","11","2","None","None","Off","Off","Off","Off","Normal Encryption","Off","Off","Off","Off","251.1","1","Off","Off","Off","Off","Off","Off","1","0","Off","0","2","0","0","0","0"
"1362","GOFNH North Am","145.22000","144.62000","D-Digital","High","12.5K","Off","Off","North America","Group Call","3","KC1JMH / Brad Br","Always","Carrier","Off","1","1","1","Off","11","1","None","None","Off","Off","Off","Off","Normal Encryption","Off","Off","Off","Off","251.1","1","Off","Off","Off","Off","Off","Off","1","0","Off","0","2","0","0","0","0"
"1363","GOFNH Northeast","145.22000","144.62000","D-Digital","High","12.5K","Off","Off","Northeast","Group Call","3172","KC1JMH / Brad Br","Always","Carrier","Off","1","1","1","Off","11","1","None","None","Off","Off","Off","Off","Normal Encryption","Off","Off","Off","Off","251.1","1","Off","Off","Off","Off","Off","Off","1","0","Off","0","2","0","0","0","0"
"1364","GOFNH Parrot","145.22000","144.62000","D-Digital","High","12.5K","Off","Off","Parrot","Group Call","9998","KC1JMH / Brad Br","Always","Carrier","Off","1","1","1","Off","11","1","None","None","Off","Off","Off","Off","Normal Encryption","Off","Off","Off","Off","251.1","1","Off","Off","Off","Off","Off","Off","1","0","Off","0","2","0","0","0","0"
"1365","GOFNH Audio","145.22000","144.62000","D-Digital","High","12.5K","Off","Off","Audio Watch","Group Call","9999","KC1JMH / Brad Br","Always","Carrier","Off","1","1","1","Off","11","1","None","None","Off","Off","Off","Off","Normal Encryption","Off","Off","Off","Off","251.1","1","Off","Off","Off","Off","Off","Off","1","0","Off","0","2","0","0","0","0"
"1366","GOFNH TAC316","145.22000","144.62000","D-Digital","High","12.5K","Off","Off","TAC316","Group Call","316","KC1JMH / Brad Br","Always","Carrier","Off","1","1","1","Off","11","1","None","None","Off","Off","Off","Off","Normal Encryption","Off","Off","Off","Off","251.1","1","Off","Off","Off","Off","Off","Off","1","0","Off","0","2","0","0","0","0"
"1367","GOFNH CT SW","145.22000","144.62000","D-Digital","High","12.5K","Off","Off","CT Statewide","Group Call","3109","KC1JMH / Brad Br","Always","Carrier","Off","1","1","1","Off","11","1","None","None","Off","Off","Off","Off","Normal Encryption","Off","Off","Off","Off","251.1","1","Off","Off","Off","Off","Off","Off","1","0","Off","0","2","0","0","0","0"
"1368","GOFNH ME SW","145.22000","144.62000","D-Digital","High","12.5K","Off","Off","ME Statewide","Group Call","3123","KC1JMH / Brad Br","Always","Carrier","Off","1","1","1","Off","11","1","None","None","Off","Off","Off","Off","Normal Encryption","Off","Off","Off","Off","251.1","1","Off","Off","Off","Off","Off","Off","1","0","Off","0","2","0","0","0","0"
"1369","GOFNH RI SW","145.22000","144.62000","D-Digital","High","12.5K","Off","Off","RI Statewide","Group Call","3144","KC1JMH / Brad Br","Always","Carrier","Off","1","1","1","Off","11","1","None","None","Off","Off","Off","Off","Normal Encryption","Off","Off","Off","Off","251.1","1","Off","Off","Off","Off","Off","Off","1","0","Off","0","2","0","0","0","0"
"1370","GOFNH VT SW","145.22000","144.62000","D-Digital","High","12.5K","Off","Off","VT Statewide","Group Call","3150","KC1JMH / Brad Br","Always","Carrier","Off","1","1","1","Off","11","1","None","None","Off","Off","Off","Off","Normal Encryption","Off","Off","Off","Off","251.1","1","Off","Off","Off","Off","Off","Off","1","0","Off","0","2","0","0","0","0"
"1371","GOFNH Reg North","145.22000","144.62000","D-Digital","High","12.5K","Off","Off","Region North","Group Call","8","KC1JMH / Brad Br","Always","Carrier","Off","1","1","1","Off","11","2","None","None","Off","Off","Off","Off","Normal Encryption","Off","Off","Off","Off","251.1","1","Off","Off","Off","Off","Off","Off","1","0","Off","0","2","0","0","0","0"
"1372","GOFNH SKYWARN","145.22000","144.62000","D-Digital","High","12.5K","Off","Off","SKYWARN","Group Call","759","KC1JMH / Brad Br","Always","Carrier","Off","1","1","1","Off","11","1","None","None","Off","Off","Off","Off","Normal Encryption","Off","Off","Off","Off","251.1","1","Off","Off","Off","Off","Off","Off","1","0","Off","0","2","0","0","0","0"
"1373","GOFNH TAC310","145.22000","144.62000","D-Digital","High","12.5K","Off","Off","TAC310","Group Call","310","KC1JMH / Brad Br","Always","Carrier","Off","1","1","1","Off","11","1","None","None","Off","Off","Off","Off","Normal Encryption","Off","Off","Off","Off","251.1","1","Off","Off","Off","Off","Off","Off","1","0","Off","0","2","0","0","0","0"
"1374","GOFNH TAC311","145.22000","144.62000","D-Digital","High","12.5K","Off","Off","TAC311","Group Call","311","KC1JMH / Brad Br","Always","Carrier","Off","1","1","1","Off","11","1","None","None","Off","Off","Off","Off","Normal Encryption","Off","Off","Off","Off","251.1","1","Off","Off","Off","Off","Off","Off","1","0","Off","0","2","0","0","0","0"
"1375","GOFNH UA Eng1","145.22000","144.62000","D-Digital","High","12.5K","Off","Off","UA English 1-113","Group Call","113","KC1JMH / Brad Br","Always","Carrier","Off","1","1","1","Off","11","1","None","None","Off","Off","Off","Off","Normal Encryption","Off","Off","Off","Off","251.1","1","Off","Off","Off","Off","Off","Off","1","0","Off","0","2","0","0","0","0"
"1376","GOFNH UA Eng2","145.22000","144.62000","D-Digital","High","12.5K","Off","Off","UA English 2-123","Group Call","123","KC1JMH / Brad Br","Always","Carrier","Off","1","1","1","Off","11","1","None","None","Off","Off","Off","Off","Normal Encryption","Off","Off","Off","Off","251.1","1","Off","Off","Off","Off","Off","Off","1","0","Off","0","2","0","0","0","0"
"1377","GOFNH WW","145.22000","144.62000","D-Digital","High","12.5K","Off","Off","WW Call","Group Call","1","KC1JMH / Brad Br","Always","Carrier","Off","1","1","1","Off","11","1","None","None","Off","Off","Off","Off","Normal Encryption","Off","Off","Off","Off","251.1","1","Off","Off","Off","Off","Off","Off","1","0","Off","0","2","0","0","0","0"
"1378","GOFUNH CT SW","444.30000","449.30000","D-Digital","High","12.5K","Off","Off","CT Statewide","Group Call","3109","KC1JMH / Brad Br","Always","Carrier","Off","1","1","1","Off","10","1","None","None","Off","Off","Off","Off","Normal Encryption","Off","Off","Off","Off","251.1","1","Off","Off","Off","Off","Off","Off","1","0","Off","0","2","0","0","0","0"
"1379","GOFUNH Local","444.30000","449.30000","D-Digital","High","12.5K","Off","Off","Local","Group Call","9","KC1JMH / Brad Br","Always","Carrier","Off","1","1","1","Off","10","2","None","None","Off","Off","Off","Off","Normal Encryption","Off","Off","Off","Off","251.1","1","Off","Off","Off","Off","Off","Off","1","0","Off","0","2","0","0","0","0"
"1380","GOFUNH MA SW","444.30000","449.30000","D-Digital","High","12.5K","Off","Off","MA Statewide","Group Call","3125","KC1JMH / Brad Br","Always","Carrier","Off","1","1","1","Off","10","1","None","None","Off","Off","Off","Off","Normal Encryption","Off","Off","Off","Off","251.1","1","Off","Off","Off","Off","Off","Off","1","0","Off","0","2","0","0","0","0"
"1381","GOFUNH ME SW","444.30000","449.30000","D-Digital","High","12.5K","Off","Off","ME Statewide","Group Call","3123","KC1JMH / Brad Br","Always","Carrier","Off","1","1","1","Off","10","1","None","None","Off","Off","Off","Off","Normal Encryption","Off","Off","Off","Off","251.1","1","Off","Off","Off","Off","Off","Off","1","0","Off","0","2","0","0","0","0"
"1382","GOFUNH NE Wide","444.30000","449.30000","D-Digital","High","12.5K","Off","Off","New England-Wide","Group Call","3181","KC1JMH / Brad Br","Always","Carrier","Off","1","1","1","Off","10","2","None","None","Off","Off","Off","Off","Normal Encryption","Off","Off","Off","Off","251.1","1","Off","Off","Off","Off","Off","Off","1","0","Off","0","2","0","0","0","0"
"1383","GOFUNH NETAC1","444.30000","449.30000","D-Digital","High","12.5K","Off","Off","NETAC1","Group Call","8801","KC1JMH / Brad Br","Always","Carrier","Off","1","1","1","Off","10","1","None","None","Off","Off","Off","Off","Normal Encryption","Off","Off","Off","Off","251.1","1","Off","Off","Off","Off","Off","Off","1","0","Off","0","2","0","0","0","0"
"1384","GOFUNH NETAC2","444.30000","449.30000","D-Digital","High","12.5K","Off","Off","NETAC2","Group Call","8802","KC1JMH / Brad Br","Always","Carrier","Off","1","1","1","Off","10","2","None","None","Off","Off","Off","Off","Normal Encryption","Off","Off","Off","Off","251.1","1","Off","Off","Off","Off","Off","Off","1","0","Off","0","2","0","0","0","0"
"1385","GOFUNH NH SW","444.30000","449.30000","D-Digital","High","12.5K","Off","Off","NH Statewide","Group Call","3133","KC1JMH / Brad Br","Always","Carrier","Off","1","1","1","Off","10","2","None","None","Off","Off","Off","Off","Normal Encryption","Off","Off","Off","Off","251.1","1","Off","Off","Off","Off","Off","Off","1","0","Off","0","2","0","0","0","0"
"1386","GOFUNH North Am","444.30000","449.30000","D-Digital","High","12.5K","Off","Off","North America","Group Call","3","KC1JMH / Brad Br","Always","Carrier","Off","1","1","1","Off","10","1","None","None","Off","Off","Off","Off","Normal Encryption","Off","Off","Off","Off","251.1","1","Off","Off","Off","Off","Off","Off","1","0","Off","0","2","0","0","0","0"
"1387","GOFUNH Northeast","444.30000","449.30000","D-Digital","High","12.5K","Off","Off","Northeast","Group Call","3172","KC1JMH / Brad Br","Always","Carrier","Off","1","1","1","Off","10","1","None","None","Off","Off","Off","Off","Normal Encryption","Off","Off","Off","Off","251.1","1","Off","Off","Off","Off","Off","Off","1","0","Off","0","2","0","0","0","0"
"1388","GOFUNH Parrot","444.30000","449.30000","D-Digital","High","12.5K","Off","Off","Parrot","Group Call","9998","KC1JMH / Brad Br","Always","Carrier","Off","1","1","1","Off","10","1","None","None","Off","Off","Off","Off","Normal Encryption","Off","Off","Off","Off","251.1","1","Off","Off","Off","Off","Off","Off","1","0","Off","0","2","0","0","0","0"
"1389","GOFUNH Reg North","444.30000","449.30000","D-Digital","High","12.5K","Off","Off","Region North","Group Call","8","KC1JMH / Brad Br","Always","Carrier","Off","1","1","1","Off","10","1","None","None","Off","Off","Off","Off","Normal Encryption","Off","Off","Off","Off","251.1","1","Off","Off","Off","Off","Off","Off","1","0","Off","0","2","0","0","0","0"
"1390","GOFUNH SKYWARN","444.30000","449.30000","D-Digital","High","12.5K","Off","Off","SKYWARN","Group Call","759","KC1JMH / Brad Br","Always","Carrier","Off","1","1","1","Off","10","1","None","None","Off","Off","Off","Off","Normal Encryption","Off","Off","Off","Off","251.1","1","Off","Off","Off","Off","Off","Off","1","0","Off","0","2","0","0","0","0"
"1391","GOFUNH TAC310","444.30000","449.30000","D-Digital","High","12.5K","Off","Off","TAC310","Group Call","310","KC1JMH / Brad Br","Always","Carrier","Off","1","1","1","Off","10","1","None","None","Off","Off","Off","Off","Normal Encryption","Off","Off","Off","Off","251.1","1","Off","Off","Off","Off","Off","Off","1","0","Off","0","2","0","0","0","0"
"1392","GOFUNH TAC311","444.30000","449.30000","D-Digital","High","12.5K","Off","Off","TAC311","Group Call","311","KC1JMH / Brad Br","Always","Carrier","Off","1","1","1","Off","10","1","None","None","Off","Off","Off","Off","Normal Encryption","Off","Off","Off","Off","251.1","1","Off","Off","Off","Off","Off","Off","1","0","Off","0","2","0","0","0","0"
"1393","GOFUNH UA Eng1","444.30000","449.30000","D-Digital","High","12.5K","Off","Off","UA English 1-113","Group Call","113","KC1JMH / Brad Br","Always","Carrier","Off","1","1","1","Off","10","1","None","None","Off","Off","Off","Off","Normal Encryption","Off","Off","Off","Off","251.1","1","Off","Off","Off","Off","Off","Off","1","0","Off","0","2","0","0","0","0"
"1394","GOFUNH UA Eng2","444.30000","449.30000","D-Digital","High","12.5K","Off","Off","UA English 2-123","Group Call","123","KC1JMH / Brad Br","Always","Carrier","Off","1","1","1","Off","10","1","None","None","Off","Off","Off","Off","Normal Encryption","Off","Off","Off","Off","251.1","1","Off","Off","Off","Off","Off","Off","1","0","Off","0","2","0","0","0","0"
"1395","GOFUNH VT SW","444.30000","449.30000","D-Digital","High","12.5K","Off","Off","VT Statewide","Group Call","3150","KC1JMH / Brad Br","Always","Carrier","Off","1","1","1","Off","10","1","None","None","Off","Off","Off","Off","Normal Encryption","Off","Off","Off","Off","251.1","1","Off","Off","Off","Off","Off","Off","1","0","Off","0","2","0","0","0","0"
"1396","GOFUNH WW","444.30000","449.30000","D-Digital","High","12.5K","Off","Off","WW Call","Group Call","1","KC1JMH / Brad Br","Always","Carrier","Off","1","1","1","Off","10","1","None","None","Off","Off","Off","Off","Normal Encryption","Off","Off","Off","Off","251.1","1","Off","Off","Off","Off","Off","Off","1","0","Off","0","2","0","0","0","0"
"1397","HANNH CT SW","146.64000","146.04000","D-Digital","High","12.5K","Off","Off","CT Statewide","Group Call","3109","KC1JMH / Brad Br","Always","Carrier","Off","1","1","1","Off","1","1","None","None","Off","Off","Off","Off","Normal Encryption","Off","Off","Off","Off","251.1","1","Off","Off","Off","Off","Off","Off","1","0","Off","0","2","0","0","0","0"
"1398","HANNH Local","146.64000","146.04000","D-Digital","High","12.5K","Off","Off","Local","Group Call","9","KC1JMH / Brad Br","Always","Carrier","Off","1","1","1","Off","1","2","None","None","Off","Off","Off","Off","Normal Encryption","Off","Off","Off","Off","251.1","1","Off","Off","Off","Off","Off","Off","1","0","Off","0","2","0","0","0","0"
"1399","HANNH MA SW","146.64000","146.04000","D-Digital","High","12.5K","Off","Off","MA Statewide","Group Call","3125","KC1JMH / Brad Br","Always","Carrier","Off","1","1","1","Off","1","1","None","None","Off","Off","Off","Off","Normal Encryption","Off","Off","Off","Off","251.1","1","Off","Off","Off","Off","Off","Off","1","0","Off","0","2","0","0","0","0"
"1400","HANNH ME SW","146.64000","146.04000","D-Digital","High","12.5K","Off","Off","ME Statewide","Group Call","3123","KC1JMH / Brad Br","Always","Carrier","Off","1","1","1","Off","1","1","None","None","Off","Off","Off","Off","Normal Encryption","Off","Off","Off","Off","251.1","1","Off","Off","Off","Off","Off","Off","1","0","Off","0","2","0","0","0","0"
"1401","HANNH NE Wide","146.64000","146.04000","D-Digital","High","12.5K","Off","Off","New England-Wide","Group Call","3181","KC1JMH / Brad Br","Always","Carrier","Off","1","1","1","Off","1","2","None","None","Off","Off","Off","Off","Normal Encryption","Off","Off","Off","Off","251.1","1","Off","Off","Off","Off","Off","Off","1","0","Off","0","2","0","0","0","0"
"1402","HANNH NETAC1","146.64000","146.04000","D-Digital","High","12.5K","Off","Off","NETAC1","Group Call","8801","KC1JMH / Brad Br","Always","Carrier","Off","1","1","1","Off","1","1","None","None","Off","Off","Off","Off","Normal Encryption","Off","Off","Off","Off","251.1","1","Off","Off","Off","Off","Off","Off","1","0","Off","0","2","0","0","0","0"
"1403","HANNH NETAC2","146.64000","146.04000","D-Digital","High","12.5K","Off","Off","NETAC2","Group Call","8802","KC1JMH / Brad Br","Always","Carrier","Off","1","1","1","Off","1","2","None","None","Off","Off","Off","Off","Normal Encryption","Off","Off","Off","Off","251.1","1","Off","Off","Off","Off","Off","Off","1","0","Off","0","2","0","0","0","0"
"1404","HANNH NH SW","146.64000","146.04000","D-Digital","High","12.5K","Off","Off","NH Statewide","Group Call","3133","KC1JMH / Brad Br","Always","Carrier","Off","1","1","1","Off","1","2","None","None","Off","Off","Off","Off","Normal Encryption","Off","Off","Off","Off","251.1","1","Off","Off","Off","Off","Off","Off","1","0","Off","0","2","0","0","0","0"
"1405","HANNH North Am","146.64000","146.04000","D-Digital","High","12.5K","Off","Off","North America","Group Call","3","KC1JMH / Brad Br","Always","Carrier","Off","1","1","1","Off","1","1","None","None","Off","Off","Off","Off","Normal Encryption","Off","Off","Off","Off","251.1","1","Off","Off","Off","Off","Off","Off","1","0","Off","0","2","0","0","0","0"
"1406","HANNH Northeast","146.64000","146.04000","D-Digital","High","12.5K","Off","Off","Northeast","Group Call","3172","KC1JMH / Brad Br","Always","Carrier","Off","1","1","1","Off","1","1","None","None","Off","Off","Off","Off","Normal Encryption","Off","Off","Off","Off","251.1","1","Off","Off","Off","Off","Off","Off","1","0","Off","0","2","0","0","0","0"
"1407","HANNH Parrot","146.64000","146.04000","D-Digital","High","12.5K","Off","Off","Parrot","Group Call","9998","KC1JMH / Brad Br","Always","Carrier","Off","1","1","1","Off","1","1","None","None","Off","Off","Off","Off","Normal Encryption","Off","Off","Off","Off","251.1","1","Off","Off","Off","Off","Off","Off","1","0","Off","0","2","0","0","0","0"
"1408","HANNH Audio","146.64000","146.04000","D-Digital","High","12.5K","Off","Off","Audio Watch","Group Call","9999","KC1JMH / Brad Br","Always","Carrier","Off","1","1","1","Off","1","1","None","None","Off","Off","Off","Off","Normal Encryption","Off","Off","Off","Off","251.1","1","Off","Off","Off","Off","Off","Off","1","0","Off","0","2","0","0","0","0"
"1409","HANNH RI SW","146.64000","146.04000","D-Digital","High","12.5K","Off","Off","RI Statewide","Group Call","3144","KC1JMH / Brad Br","Always","Carrier","Off","1","1","1","Off","1","1","None","None","Off","Off","Off","Off","Normal Encryption","Off","Off","Off","Off","251.1","1","Off","Off","Off","Off","Off","Off","1","0","Off","0","2","0","0","0","0"
"1410","HANNH Reg North","146.64000","146.04000","D-Digital","High","12.5K","Off","Off","Region North","Group Call","8","KC1JMH / Brad Br","Always","Carrier","Off","1","1","1","Off","1","1","None","None","Off","Off","Off","Off","Normal Encryption","Off","Off","Off","Off","251.1","1","Off","Off","Off","Off","Off","Off","1","0","Off","0","2","0","0","0","0"
"1411","HANNH SKYWARN","146.64000","146.04000","D-Digital","High","12.5K","Off","Off","SKYWARN","Group Call","759","KC1JMH / Brad Br","Always","Carrier","Off","1","1","1","Off","1","1","None","None","Off","Off","Off","Off","Normal Encryption","Off","Off","Off","Off","251.1","1","Off","Off","Off","Off","Off","Off","1","0","Off","0","2","0","0","0","0"
"1412","HANNH TAC310","146.64000","146.04000","D-Digital","High","12.5K","Off","Off","TAC310","Group Call","310","KC1JMH / Brad Br","Always","Carrier","Off","1","1","1","Off","1","1","None","None","Off","Off","Off","Off","Normal Encryption","Off","Off","Off","Off","251.1","1","Off","Off","Off","Off","Off","Off","1","0","Off","0","2","0","0","0","0"
"1413","HANNH TAC311","146.64000","146.04000","D-Digital","High","12.5K","Off","Off","TAC311","Group Call","311","KC1JMH / Brad Br","Always","Carrier","Off","1","1","1","Off","1","1","None","None","Off","Off","Off","Off","Normal Encryption","Off","Off","Off","Off","251.1","1","Off","Off","Off","Off","Off","Off","1","0","Off","0","2","0","0","0","0"
"1414","HANNH UA Eng1","146.64000","146.04000","D-Digital","High","12.5K","Off","Off","UA English 1-113","Group Call","113","KC1JMH / Brad Br","Always","Carrier","Off","1","1","1","Off","1","1","None","None","Off","Off","Off","Off","Normal Encryption","Off","Off","Off","Off","251.1","1","Off","Off","Off","Off","Off","Off","1","0","Off","0","2","0","0","0","0"
"1415","HANNH UA Eng2","146.64000","146.04000","D-Digital","High","12.5K","Off","Off","UA English 2-123","Group Call","123","KC1JMH / Brad Br","Always","Carrier","Off","1","1","1","Off","1","1","None","None","Off","Off","Off","Off","Normal Encryption","Off","Off","Off","Off","251.1","1","Off","Off","Off","Off","Off","Off","1","0","Off","0","2","0","0","0","0"
"1416","HANNH VT SW","146.64000","146.04000","D-Digital","High","12.5K","Off","Off","VT Statewide","Group Call","3150","KC1JMH / Brad Br","Always","Carrier","Off","1","1","1","Off","1","1","None","None","Off","Off","Off","Off","Normal Encryption","Off","Off","Off","Off","251.1","1","Off","Off","Off","Off","Off","Off","1","0","Off","0","2","0","0","0","0"
"1417","HANNH WW","146.64000","146.04000","D-Digital","High","12.5K","Off","Off","WW Call","Group Call","1","KC1JMH / Brad Br","Always","Carrier","Off","1","1","1","Off","1","1","None","None","Off","Off","Off","Off","Normal Encryption","Off","Off","Off","Off","251.1","1","Off","Off","Off","Off","Off","Off","1","0","Off","0","2","0","0","0","0"
"1418","HDUNH CT SW","447.72500","442.72500","D-Digital","High","12.5K","Off","Off","CT Statewide","Group Call","3109","KC1JMH / Brad Br","Always","Carrier","Off","1","1","1","Off","1","2","None","None","Off","Off","Off","Off","Normal Encryption","Off","Off","Off","Off","251.1","1","Off","Off","Off","Off","Off","Off","1","0","Off","0","2","0","0","0","0"
"1419","HDUNH Local","447.72500","442.72500","D-Digital","High","12.5K","Off","Off","Local","Group Call","9","KC1JMH / Brad Br","Always","Carrier","Off","1","1","1","Off","1","2","None","None","Off","Off","Off","Off","Normal Encryption","Off","Off","Off","Off","251.1","1","Off","Off","Off","Off","Off","Off","1","0","Off","0","2","0","0","0","0"
"1420","HDUNH MA SW","447.72500","442.72500","D-Digital","High","12.5K","Off","Off","MA Statewide","Group Call","3125","KC1JMH / Brad Br","Always","Carrier","Off","1","1","1","Off","1","1","None","None","Off","Off","Off","Off","Normal Encryption","Off","Off","Off","Off","251.1","1","Off","Off","Off","Off","Off","Off","1","0","Off","0","2","0","0","0","0"
"1421","HDUNH NE Wide","447.72500","442.72500","D-Digital","High","12.5K","Off","Off","New England-Wide","Group Call","3181","KC1JMH / Brad Br","Always","Carrier","Off","1","1","1","Off","1","2","None","None","Off","Off","Off","Off","Normal Encryption","Off","Off","Off","Off","251.1","1","Off","Off","Off","Off","Off","Off","1","0","Off","0","2","0","0","0","0"
"1422","HDUNH NETAC1","447.72500","442.72500","D-Digital","High","12.5K","Off","Off","NETAC1","Group Call","8801","KC1JMH / Brad Br","Always","Carrier","Off","1","1","1","Off","1","1","None","None","Off","Off","Off","Off","Normal Encryption","Off","Off","Off","Off","251.1","1","Off","Off","Off","Off","Off","Off","1","0","Off","0","2","0","0","0","0"
"1423","HDUNH NETAC2","447.72500","442.72500","D-Digital","High","12.5K","Off","Off","NETAC2","Group Call","8802","KC1JMH / Brad Br","Always","Carrier","Off","1","1","1","Off","1","2","None","None","Off","Off","Off","Off","Normal Encryption","Off","Off","Off","Off","251.1","1","Off","Off","Off","Off","Off","Off","1","0","Off","0","2","0","0","0","0"
"1424","HDUNH NH SW","447.72500","442.72500","D-Digital","High","12.5K","Off","Off","NH Statewide","Group Call","3133","KC1JMH / Brad Br","Always","Carrier","Off","1","1","1","Off","1","2","None","None","Off","Off","Off","Off","Normal Encryption","Off","Off","Off","Off","251.1","1","Off","Off","Off","Off","Off","Off","1","0","Off","0","2","0","0","0","0"
"1425","HDUNH North Am","447.72500","442.72500","D-Digital","High","12.5K","Off","Off","North America","Group Call","3","KC1JMH / Brad Br","Always","Carrier","Off","1","1","1","Off","1","1","None","None","Off","Off","Off","Off","Normal Encryption","Off","Off","Off","Off","251.1","1","Off","Off","Off","Off","Off","Off","1","0","Off","0","2","0","0","0","0"
"1426","HDUNH Northeast","447.72500","442.72500","D-Digital","High","12.5K","Off","Off","Northeast","Group Call","3172","KC1JMH / Brad Br","Always","Carrier","Off","1","1","1","Off","1","1","None","None","Off","Off","Off","Off","Normal Encryption","Off","Off","Off","Off","251.1","1","Off","Off","Off","Off","Off","Off","1","0","Off","0","2","0","0","0","0"
"1427","HDUNH Parrot","447.72500","442.72500","D-Digital","High","12.5K","Off","Off","Parrot","Group Call","9998","KC1JMH / Brad Br","Always","Carrier","Off","1","1","1","Off","1","1","None","None","Off","Off","Off","Off","Normal Encryption","Off","Off","Off","Off","251.1","1","Off","Off","Off","Off","Off","Off","1","0","Off","0","2","0","0","0","0"
"1428","HDUNH Reg North","447.72500","442.72500","D-Digital","High","12.5K","Off","Off","Region North","Group Call","8","KC1JMH / Brad Br","Always","Carrier","Off","1","1","1","Off","1","2","None","None","Off","Off","Off","Off","Normal Encryption","Off","Off","Off","Off","251.1","1","Off","Off","Off","Off","Off","Off","1","0","Off","0","2","0","0","0","0"
"1429","HDUNH SKYWARN","447.72500","442.72500","D-Digital","High","12.5K","Off","Off","SKYWARN","Group Call","759","KC1JMH / Brad Br","Always","Carrier","Off","1","1","1","Off","1","1","None","None","Off","Off","Off","Off","Normal Encryption","Off","Off","Off","Off","251.1","1","Off","Off","Off","Off","Off","Off","1","0","Off","0","2","0","0","0","0"
"1430","HDUNH TAC310","447.72500","442.72500","D-Digital","High","12.5K","Off","Off","TAC310","Group Call","310","KC1JMH / Brad Br","Always","Carrier","Off","1","1","1","Off","1","1","None","None","Off","Off","Off","Off","Normal Encryption","Off","Off","Off","Off","251.1","1","Off","Off","Off","Off","Off","Off","1","0","Off","0","2","0","0","0","0"
"1431","HDUNH TAC311","447.72500","442.72500","D-Digital","High","12.5K","Off","Off","TAC311","Group Call","311","KC1JMH / Brad Br","Always","Carrier","Off","1","1","1","Off","1","1","None","None","Off","Off","Off","Off","Normal Encryption","Off","Off","Off","Off","251.1","1","Off","Off","Off","Off","Off","Off","1","0","Off","0","2","0","0","0","0"
"1432","HDUNH UA Eng1","447.72500","442.72500","D-Digital","High","12.5K","Off","Off","UA English 1-113","Group Call","113","KC1JMH / Brad Br","Always","Carrier","Off","1","1","1","Off","1","1","None","None","Off","Off","Off","Off","Normal Encryption","Off","Off","Off","Off","251.1","1","Off","Off","Off","Off","Off","Off","1","0","Off","0","2","0","0","0","0"
"1433","HDUNH UA Eng2","447.72500","442.72500","D-Digital","High","12.5K","Off","Off","UA English 2-123","Group Call","123","KC1JMH / Brad Br","Always","Carrier","Off","1","1","1","Off","1","1","None","None","Off","Off","Off","Off","Normal Encryption","Off","Off","Off","Off","251.1","1","Off","Off","Off","Off","Off","Off","1","0","Off","0","2","0","0","0","0"
"1434","HDUNH VT SW","447.72500","442.72500","D-Digital","High","12.5K","Off","Off","VT Statewide","Group Call","3150","KC1JMH / Brad Br","Always","Carrier","Off","1","1","1","Off","1","1","None","None","Off","Off","Off","Off","Normal Encryption","Off","Off","Off","Off","251.1","1","Off","Off","Off","Off","Off","Off","1","0","Off","0","2","0","0","0","0"
"1435","HDUNH WW","447.72500","442.72500","D-Digital","High","12.5K","Off","Off","WW Call","Group Call","1","KC1JMH / Brad Br","Always","Carrier","Off","1","1","1","Off","1","1","None","None","Off","Off","Off","Off","Normal Encryption","Off","Off","Off","Off","251.1","1","Off","Off","Off","Off","Off","Off","1","0","Off","0","2","0","0","0","0"
"1436","HDVNH Local","145.26000","144.66000","D-Digital","High","12.5K","Off","Off","Local","Group Call","9","KC1JMH / Brad Br","Always","Carrier","Off","1","1","1","Off","5","2","None","None","Off","Off","Off","Off","Normal Encryption","Off","Off","Off","Off","251.1","1","Off","Off","Off","Off","Off","Off","1","0","Off","0","2","0","0","0","0"
"1437","HDVNH NE Wide","145.26000","144.66000","D-Digital","High","12.5K","Off","Off","New England-Wide","Group Call","3181","KC1JMH / Brad Br","Always","Carrier","Off","1","1","1","Off","5","2","None","None","Off","Off","Off","Off","Normal Encryption","Off","Off","Off","Off","251.1","1","Off","Off","Off","Off","Off","Off","1","0","Off","0","2","0","0","0","0"
"1438","HDVNH NETAC1","145.26000","144.66000","D-Digital","High","12.5K","Off","Off","NETAC1","Group Call","8801","KC1JMH / Brad Br","Always","Carrier","Off","1","1","1","Off","5","1","None","None","Off","Off","Off","Off","Normal Encryption","Off","Off","Off","Off","251.1","1","Off","Off","Off","Off","Off","Off","1","0","Off","0","2","0","0","0","0"
"1439","HDVNH NETAC2","145.26000","144.66000","D-Digital","High","12.5K","Off","Off","NETAC2","Group Call","8802","KC1JMH / Brad Br","Always","Carrier","Off","1","1","1","Off","5","2","None","None","Off","Off","Off","Off","Normal Encryption","Off","Off","Off","Off","251.1","1","Off","Off","Off","Off","Off","Off","1","0","Off","0","2","0","0","0","0"
"1440","HDVNH NH SW","145.26000","144.66000","D-Digital","High","12.5K","Off","Off","NH Statewide","Group Call","3133","KC1JMH / Brad Br","Always","Carrier","Off","1","1","1","Off","5","2","None","None","Off","Off","Off","Off","Normal Encryption","Off","Off","Off","Off","251.1","1","Off","Off","Off","Off","Off","Off","1","0","Off","0","2","0","0","0","0"
"1441","HDVNH North Am","145.26000","144.66000","D-Digital","High","12.5K","Off","Off","North America","Group Call","3","KC1JMH / Brad Br","Always","Carrier","Off","1","1","1","Off","5","1","None","None","Off","Off","Off","Off","Normal Encryption","Off","Off","Off","Off","251.1","1","Off","Off","Off","Off","Off","Off","1","0","Off","0","2","0","0","0","0"
"1442","HDVNH Northeast","145.26000","144.66000","D-Digital","High","12.5K","Off","Off","Northeast","Group Call","3172","KC1JMH / Brad Br","Always","Carrier","Off","1","1","1","Off","5","1","None","None","Off","Off","Off","Off","Normal Encryption","Off","Off","Off","Off","251.1","1","Off","Off","Off","Off","Off","Off","1","0","Off","0","2","0","0","0","0"
"1443","HDVNH Parrot","145.26000","144.66000","D-Digital","High","12.5K","Off","Off","Parrot","Group Call","9998","KC1JMH / Brad Br","Always","Carrier","Off","1","1","1","Off","5","1","None","None","Off","Off","Off","Off","Normal Encryption","Off","Off","Off","Off","251.1","1","Off","Off","Off","Off","Off","Off","1","0","Off","0","2","0","0","0","0"
"1444","HDVNH Audio","145.26000","144.66000","D-Digital","High","12.5K","Off","Off","Audio Watch","Group Call","9999","KC1JMH / Brad Br","Always","Carrier","Off","1","1","1","Off","5","1","None","None","Off","Off","Off","Off","Normal Encryption","Off","Off","Off","Off","251.1","1","Off","Off","Off","Off","Off","Off","1","0","Off","0","2","0","0","0","0"
"1445","HDVNH TAC316","145.26000","144.66000","D-Digital","High","12.5K","Off","Off","TAC316","Group Call","316","KC1JMH / Brad Br","Always","Carrier","Off","1","1","1","Off","5","1","None","None","Off","Off","Off","Off","Normal Encryption","Off","Off","Off","Off","251.1","1","Off","Off","Off","Off","Off","Off","1","0","Off","0","2","0","0","0","0"
"1446","HDVNH CT SW","145.26000","144.66000","D-Digital","High","12.5K","Off","Off","CT Statewide","Group Call","3109","KC1JMH / Brad Br","Always","Carrier","Off","1","1","1","Off","5","1","None","None","Off","Off","Off","Off","Normal Encryption","Off","Off","Off","Off","251.1","1","Off","Off","Off","Off","Off","Off","1","0","Off","0","2","0","0","0","0"
"1447","HDVNH MA SW","145.26000","144.66000","D-Digital","High","12.5K","Off","Off","MA Statewide","Group Call","3125","KC1JMH / Brad Br","Always","Carrier","Off","1","1","1","Off","5","1","None","None","Off","Off","Off","Off","Normal Encryption","Off","Off","Off","Off","251.1","1","Off","Off","Off","Off","Off","Off","1","0","Off","0","2","0","0","0","0"
"1448","HDVNH ME SW","145.26000","144.66000","D-Digital","High","12.5K","Off","Off","ME Statewide","Group Call","3123","KC1JMH / Brad Br","Always","Carrier","Off","1","1","1","Off","5","1","None","None","Off","Off","Off","Off","Normal Encryption","Off","Off","Off","Off","251.1","1","Off","Off","Off","Off","Off","Off","1","0","Off","0","2","0","0","0","0"
"1449","HDVNH RI SW","145.26000","144.66000","D-Digital","High","12.5K","Off","Off","RI Statewide","Group Call","3144","KC1JMH / Brad Br","Always","Carrier","Off","1","1","1","Off","5","1","None","None","Off","Off","Off","Off","Normal Encryption","Off","Off","Off","Off","251.1","1","Off","Off","Off","Off","Off","Off","1","0","Off","0","2","0","0","0","0"
"1450","HDVNH VT SW","145.26000","144.66000","D-Digital","High","12.5K","Off","Off","VT Statewide","Group Call","3150","KC1JMH / Brad Br","Always","Carrier","Off","1","1","1","Off","5","1","None","None","Off","Off","Off","Off","Normal Encryption","Off","Off","Off","Off","251.1","1","Off","Off","Off","Off","Off","Off","1","0","Off","0","2","0","0","0","0"
"1451","HDVNH Reg North","145.26000","144.66000","D-Digital","High","12.5K","Off","Off","Region North","Group Call","8","KC1JMH / Brad Br","Always","Carrier","Off","1","1","1","Off","5","2","None","None","Off","Off","Off","Off","Normal Encryption","Off","Off","Off","Off","251.1","1","Off","Off","Off","Off","Off","Off","1","0","Off","0","2","0","0","0","0"
"1452","HDVNH SKYWARN","145.26000","144.66000","D-Digital","High","12.5K","Off","Off","SKYWARN","Group Call","759","KC1JMH / Brad Br","Always","Carrier","Off","1","1","1","Off","5","1","None","None","Off","Off","Off","Off","Normal Encryption","Off","Off","Off","Off","251.1","1","Off","Off","Off","Off","Off","Off","1","0","Off","0","2","0","0","0","0"
"1453","HDVNH TAC310","145.26000","144.66000","D-Digital","High","12.5K","Off","Off","TAC310","Group Call","310","KC1JMH / Brad Br","Always","Carrier","Off","1","1","1","Off","5","1","None","None","Off","Off","Off","Off","Normal Encryption","Off","Off","Off","Off","251.1","1","Off","Off","Off","Off","Off","Off","1","0","Off","0","2","0","0","0","0"
"1454","HDVNH TAC311","145.26000","144.66000","D-Digital","High","12.5K","Off","Off","TAC311","Group Call","311","KC1JMH / Brad Br","Always","Carrier","Off","1","1","1","Off","5","1","None","None","Off","Off","Off","Off","Normal Encryption","Off","Off","Off","Off","251.1","1","Off","Off","Off","Off","Off","Off","1","0","Off","0","2","0","0","0","0"
"1455","HDVNH UA Eng1","145.26000","144.66000","D-Digital","High","12.5K","Off","Off","UA English 1-113","Group Call","113","KC1JMH / Brad Br","Always","Carrier","Off","1","1","1","Off","5","1","None","None","Off","Off","Off","Off","Normal Encryption","Off","Off","Off","Off","251.1","1","Off","Off","Off","Off","Off","Off","1","0","Off","0","2","0","0","0","0"
"1456","HDVNH UA Eng2","145.26000","144.66000","D-Digital","High","12.5K","Off","Off","UA English 2-123","Group Call","123","KC1JMH / Brad Br","Always","Carrier","Off","1","1","1","Off","5","1","None","None","Off","Off","Off","Off","Normal Encryption","Off","Off","Off","Off","251.1","1","Off","Off","Off","Off","Off","Off","1","0","Off","0","2","0","0","0","0"
"1457","HDVNH WW","145.26000","144.66000","D-Digital","High","12.5K","Off","Off","WW Call","Group Call","1","KC1JMH / Brad Br","Always","Carrier","Off","1","1","1","Off","5","1","None","None","Off","Off","Off","Off","Normal Encryption","Off","Off","Off","Off","251.1","1","Off","Off","Off","Off","Off","Off","1","0","Off","0","2","0","0","0","0"
"1458","KNENH Local","444.65000","449.65000","D-Digital","High","12.5K","Off","Off","Local","Group Call","9","KC1JMH / Brad Br","Always","Carrier","Off","1","1","1","Off","1","2","None","None","Off","Off","Off","Off","Normal Encryption","Off","Off","Off","Off","251.1","1","Off","Off","Off","Off","Off","Off","1","0","Off","0","2","0","0","0","0"
"1459","KNENH MA SW","444.65000","449.65000","D-Digital","High","12.5K","Off","Off","MA Statewide","Group Call","3125","KC1JMH / Brad Br","Always","Carrier","Off","1","1","1","Off","1","1","None","None","Off","Off","Off","Off","Normal Encryption","Off","Off","Off","Off","251.1","1","Off","Off","Off","Off","Off","Off","1","0","Off","0","2","0","0","0","0"
"1460","KNENH NE Wide","444.65000","449.65000","D-Digital","High","12.5K","Off","Off","New England-Wide","Group Call","3181","KC1JMH / Brad Br","Always","Carrier","Off","1","1","1","Off","1","2","None","None","Off","Off","Off","Off","Normal Encryption","Off","Off","Off","Off","251.1","1","Off","Off","Off","Off","Off","Off","1","0","Off","0","2","0","0","0","0"
"1461","KNENH NETAC1","444.65000","449.65000","D-Digital","High","12.5K","Off","Off","NETAC1","Group Call","8801","KC1JMH / Brad Br","Always","Carrier","Off","1","1","1","Off","1","1","None","None","Off","Off","Off","Off","Normal Encryption","Off","Off","Off","Off","251.1","1","Off","Off","Off","Off","Off","Off","1","0","Off","0","2","0","0","0","0"
"1462","KNENH NETAC2","444.65000","449.65000","D-Digital","High","12.5K","Off","Off","NETAC2","Group Call","8802","KC1JMH / Brad Br","Always","Carrier","Off","1","1","1","Off","1","2","None","None","Off","Off","Off","Off","Normal Encryption","Off","Off","Off","Off","251.1","1","Off","Off","Off","Off","Off","Off","1","0","Off","0","2","0","0","0","0"
"1463","KNENH NH SW","444.65000","449.65000","D-Digital","High","12.5K","Off","Off","NH Statewide","Group Call","3133","KC1JMH / Brad Br","Always","Carrier","Off","1","1","1","Off","1","2","None","None","Off","Off","Off","Off","Normal Encryption","Off","Off","Off","Off","251.1","1","Off","Off","Off","Off","Off","Off","1","0","Off","0","2","0","0","0","0"
"1464","KNENH North Am","444.65000","449.65000","D-Digital","High","12.5K","Off","Off","North America","Group Call","3","KC1JMH / Brad Br","Always","Carrier","Off","1","1","1","Off","1","1","None","None","Off","Off","Off","Off","Normal Encryption","Off","Off","Off","Off","251.1","1","Off","Off","Off","Off","Off","Off","1","0","Off","0","2","0","0","0","0"
"1465","KNENH Northeast","444.65000","449.65000","D-Digital","High","12.5K","Off","Off","Northeast","Group Call","3172","KC1JMH / Brad Br","Always","Carrier","Off","1","1","1","Off","1","1","None","None","Off","Off","Off","Off","Normal Encryption","Off","Off","Off","Off","251.1","1","Off","Off","Off","Off","Off","Off","1","0","Off","0","2","0","0","0","0"
"1466","KNENH Parrot","444.65000","449.65000","D-Digital","High","12.5K","Off","Off","Parrot","Group Call","9998","KC1JMH / Brad Br","Always","Carrier","Off","1","1","1","Off","1","1","None","None","Off","Off","Off","Off","Normal Encryption","Off","Off","Off","Off","251.1","1","Off","Off","Off","Off","Off","Off","1","0","Off","0","2","0","0","0","0"
"1467","KNENH Audio","444.65000","449.65000","D-Digital","High","12.5K","Off","Off","Audio Watch","Group Call","9999","KC1JMH / Brad Br","Always","Carrier","Off","1","1","1","Off","1","1","None","None","Off","Off","Off","Off","Normal Encryption","Off","Off","Off","Off","251.1","1","Off","Off","Off","Off","Off","Off","1","0","Off","0","2","0","0","0","0"
"1468","KNENH CT SW","444.65000","449.65000","D-Digital","High","12.5K","Off","Off","CT Statewide","Group Call","3109","KC1JMH / Brad Br","Always","Carrier","Off","1","1","1","Off","1","1","None","None","Off","Off","Off","Off","Normal Encryption","Off","Off","Off","Off","251.1","1","Off","Off","Off","Off","Off","Off","1","0","Off","0","2","0","0","0","0"
"1469","KNENH ME SW","444.65000","449.65000","D-Digital","High","12.5K","Off","Off","ME Statewide","Group Call","3123","KC1JMH / Brad Br","Always","Carrier","Off","1","1","1","Off","1","1","None","None","Off","Off","Off","Off","Normal Encryption","Off","Off","Off","Off","251.1","1","Off","Off","Off","Off","Off","Off","1","0","Off","0","2","0","0","0","0"
"1470","KNENH RI SW","444.65000","449.65000","D-Digital","High","12.5K","Off","Off","RI Statewide","Group Call","3144","KC1JMH / Brad Br","Always","Carrier","Off","1","1","1","Off","1","1","None","None","Off","Off","Off","Off","Normal Encryption","Off","Off","Off","Off","251.1","1","Off","Off","Off","Off","Off","Off","1","0","Off","0","2","0","0","0","0"
"1471","KNENH Reg North","444.65000","449.65000","D-Digital","High","12.5K","Off","Off","Region North","Group Call","8","KC1JMH / Brad Br","Always","Carrier","Off","1","1","1","Off","1","2","None","None","Off","Off","Off","Off","Normal Encryption","Off","Off","Off","Off","251.1","1","Off","Off","Off","Off","Off","Off","1","0","Off","0","2","0","0","0","0"
"1472","KNENH SKYWARN","444.65000","449.65000","D-Digital","High","12.5K","Off","Off","SKYWARN","Group Call","759","KC1JMH / Brad Br","Always","Carrier","Off","1","1","1","Off","1","1","None","None","Off","Off","Off","Off","Normal Encryption","Off","Off","Off","Off","251.1","1","Off","Off","Off","Off","Off","Off","1","0","Off","0","2","0","0","0","0"
"1473","KNENH TAC310","444.65000","449.65000","D-Digital","High","12.5K","Off","Off","TAC310","Group Call","310","KC1JMH / Brad Br","Always","Carrier","Off","1","1","1","Off","1","1","None","None","Off","Off","Off","Off","Normal Encryption","Off","Off","Off","Off","251.1","1","Off","Off","Off","Off","Off","Off","1","0","Off","0","2","0","0","0","0"
"1474","KNENH TAC311","444.65000","449.65000","D-Digital","High","12.5K","Off","Off","TAC311","Group Call","311","KC1JMH / Brad Br","Always","Carrier","Off","1","1","1","Off","1","1","None","None","Off","Off","Off","Off","Normal Encryption","Off","Off","Off","Off","251.1","1","Off","Off","Off","Off","Off","Off","1","0","Off","0","2","0","0","0","0"
"1475","KNENH UA Eng1","444.65000","449.65000","D-Digital","High","12.5K","Off","Off","UA English 1-113","Group Call","113","KC1JMH / Brad Br","Always","Carrier","Off","1","1","1","Off","1","1","None","None","Off","Off","Off","Off","Normal Encryption","Off","Off","Off","Off","251.1","1","Off","Off","Off","Off","Off","Off","1","0","Off","0","2","0","0","0","0"
"1476","KNENH UA Eng2","444.65000","449.65000","D-Digital","High","12.5K","Off","Off","UA English 2-123","Group Call","123","KC1JMH / Brad Br","Always","Carrier","Off","1","1","1","Off","1","1","None","None","Off","Off","Off","Off","Normal Encryption","Off","Off","Off","Off","251.1","1","Off","Off","Off","Off","Off","Off","1","0","Off","0","2","0","0","0","0"
"1477","KNENH VT SW","444.65000","449.65000","D-Digital","High","12.5K","Off","Off","VT Statewide","Group Call","3150","KC1JMH / Brad Br","Always","Carrier","Off","1","1","1","Off","1","1","None","None","Off","Off","Off","Off","Normal Encryption","Off","Off","Off","Off","251.1","1","Off","Off","Off","Off","Off","Off","1","0","Off","0","2","0","0","0","0"
"1478","KNENH WW","444.65000","449.65000","D-Digital","High","12.5K","Off","Off","WW Call","Group Call","1","KC1JMH / Brad Br","Always","Carrier","Off","1","1","1","Off","1","1","None","None","Off","Off","Off","Off","Normal Encryption","Off","Off","Off","Off","251.1","1","Off","Off","Off","Off","Off","Off","1","0","Off","0","2","0","0","0","0"
"1479","LYNDNH CT SW","443.93750","448.93750","D-Digital","High","12.5K","Off","Off","CT Statewide","Group Call","3109","KC1JMH / Brad Br","Always","Carrier","Off","1","1","1","Off","1","1","None","None","Off","Off","Off","Off","Normal Encryption","Off","Off","Off","Off","251.1","1","Off","Off","Off","Off","Off","Off","1","0","Off","0","2","0","0","0","0"
"1480","LYNDNH Local","443.93750","448.93750","D-Digital","High","12.5K","Off","Off","Local","Group Call","9","KC1JMH / Brad Br","Always","Carrier","Off","1","1","1","Off","1","2","None","None","Off","Off","Off","Off","Normal Encryption","Off","Off","Off","Off","251.1","1","Off","Off","Off","Off","Off","Off","1","0","Off","0","2","0","0","0","0"
"1481","LYNDNH MA SW","443.93750","448.93750","D-Digital","High","12.5K","Off","Off","MA Statewide","Group Call","3125","KC1JMH / Brad Br","Always","Carrier","Off","1","1","1","Off","1","1","None","None","Off","Off","Off","Off","Normal Encryption","Off","Off","Off","Off","251.1","1","Off","Off","Off","Off","Off","Off","1","0","Off","0","2","0","0","0","0"
"1482","LYNDNH ME SW","443.93750","448.93750","D-Digital","High","12.5K","Off","Off","ME Statewide","Group Call","3123","KC1JMH / Brad Br","Always","Carrier","Off","1","1","1","Off","1","1","None","None","Off","Off","Off","Off","Normal Encryption","Off","Off","Off","Off","251.1","1","Off","Off","Off","Off","Off","Off","1","0","Off","0","2","0","0","0","0"
"1483","LYNDNH NE Wide","443.93750","448.93750","D-Digital","High","12.5K","Off","Off","New England-Wide","Group Call","3181","KC1JMH / Brad Br","Always","Carrier","Off","1","1","1","Off","1","2","None","None","Off","Off","Off","Off","Normal Encryption","Off","Off","Off","Off","251.1","1","Off","Off","Off","Off","Off","Off","1","0","Off","0","2","0","0","0","0"
"1484","LYNDNH NETAC1","443.93750","448.93750","D-Digital","High","12.5K","Off","Off","NETAC1","Group Call","8801","KC1JMH / Brad Br","Always","Carrier","Off","1","1","1","Off","1","1","None","None","Off","Off","Off","Off","Normal Encryption","Off","Off","Off","Off","251.1","1","Off","Off","Off","Off","Off","Off","1","0","Off","0","2","0","0","0","0"
"1485","LYNDNH NETAC2","443.93750","448.93750","D-Digital","High","12.5K","Off","Off","NETAC2","Group Call","8802","KC1JMH / Brad Br","Always","Carrier","Off","1","1","1","Off","1","2","None","None","Off","Off","Off","Off","Normal Encryption","Off","Off","Off","Off","251.1","1","Off","Off","Off","Off","Off","Off","1","0","Off","0","2","0","0","0","0"
"1486","LYNDNH NH SW","443.93750","448.93750","D-Digital","High","12.5K","Off","Off","NH Statewide","Group Call","3133","KC1JMH / Brad Br","Always","Carrier","Off","1","1","1","Off","1","2","None","None","Off","Off","Off","Off","Normal Encryption","Off","Off","Off","Off","251.1","1","Off","Off","Off","Off","Off","Off","1","0","Off","0","2","0","0","0","0"
"1487","LYNDNH North Am","443.93750","448.93750","D-Digital","High","12.5K","Off","Off","North America","Group Call","3","KC1JMH / Brad Br","Always","Carrier","Off","1","1","1","Off","1","1","None","None","Off","Off","Off","Off","Normal Encryption","Off","Off","Off","Off","251.1","1","Off","Off","Off","Off","Off","Off","1","0","Off","0","2","0","0","0","0"
"1488","LYNDNH Northeast","443.93750","448.93750","D-Digital","High","12.5K","Off","Off","Northeast","Group Call","3172","KC1JMH / Brad Br","Always","Carrier","Off","1","1","1","Off","1","1","None","None","Off","Off","Off","Off","Normal Encryption","Off","Off","Off","Off","251.1","1","Off","Off","Off","Off","Off","Off","1","0","Off","0","2","0","0","0","0"
"1489","LYNDNH Parrot","443.93750","448.93750","D-Digital","High","12.5K","Off","Off","Parrot","Group Call","9998","KC1JMH / Brad Br","Always","Carrier","Off","1","1","1","Off","1","1","None","None","Off","Off","Off","Off","Normal Encryption","Off","Off","Off","Off","251.1","1","Off","Off","Off","Off","Off","Off","1","0","Off","0","2","0","0","0","0"
"1490","LYNDNH Reg North","443.93750","448.93750","D-Digital","High","12.5K","Off","Off","Region North","Group Call","8","KC1JMH / Brad Br","Always","Carrier","Off","1","1","1","Off","1","1","None","None","Off","Off","Off","Off","Normal Encryption","Off","Off","Off","Off","251.1","1","Off","Off","Off","Off","Off","Off","1","0","Off","0","2","0","0","0","0"
"1491","LYNDNH SKYWARN","443.93750","448.93750","D-Digital","High","12.5K","Off","Off","SKYWARN","Group Call","759","KC1JMH / Brad Br","Always","Carrier","Off","1","1","1","Off","1","1","None","None","Off","Off","Off","Off","Normal Encryption","Off","Off","Off","Off","251.1","1","Off","Off","Off","Off","Off","Off","1","0","Off","0","2","0","0","0","0"
"1492","LYNDNH TAC310","443.93750","448.93750","D-Digital","High","12.5K","Off","Off","TAC310","Group Call","310","KC1JMH / Brad Br","Always","Carrier","Off","1","1","1","Off","1","1","None","None","Off","Off","Off","Off","Normal Encryption","Off","Off","Off","Off","251.1","1","Off","Off","Off","Off","Off","Off","1","0","Off","0","2","0","0","0","0"
"1493","LYNDNH TAC311","443.93750","448.93750","D-Digital","High","12.5K","Off","Off","TAC311","Group Call","311","KC1JMH / Brad Br","Always","Carrier","Off","1","1","1","Off","1","1","None","None","Off","Off","Off","Off","Normal Encryption","Off","Off","Off","Off","251.1","1","Off","Off","Off","Off","Off","Off","1","0","Off","0","2","0","0","0","0"
"1494","LYNDNH UA Eng1","443.93750","448.93750","D-Digital","High","12.5K","Off","Off","UA English 1-113","Group Call","113","KC1JMH / Brad Br","Always","Carrier","Off","1","1","1","Off","1","1","None","None","Off","Off","Off","Off","Normal Encryption","Off","Off","Off","Off","251.1","1","Off","Off","Off","Off","Off","Off","1","0","Off","0","2","0","0","0","0"
"1495","LYNDNH UA Eng2","443.93750","448.93750","D-Digital","High","12.5K","Off","Off","UA English 2-123","Group Call","123","KC1JMH / Brad Br","Always","Carrier","Off","1","1","1","Off","1","1","None","None","Off","Off","Off","Off","Normal Encryption","Off","Off","Off","Off","251.1","1","Off","Off","Off","Off","Off","Off","1","0","Off","0","2","0","0","0","0"
"1496","LYNDNH VT SW","443.93750","448.93750","D-Digital","High","12.5K","Off","Off","VT Statewide","Group Call","3150","KC1JMH / Brad Br","Always","Carrier","Off","1","1","1","Off","1","1","None","None","Off","Off","Off","Off","Normal Encryption","Off","Off","Off","Off","251.1","1","Off","Off","Off","Off","Off","Off","1","0","Off","0","2","0","0","0","0"
"1497","LYNDNH WW","443.93750","448.93750","D-Digital","High","12.5K","Off","Off","WW Call","Group Call","1","KC1JMH / Brad Br","Always","Carrier","Off","1","1","1","Off","1","1","None","None","Off","Off","Off","Off","Normal Encryption","Off","Off","Off","Off","251.1","1","Off","Off","Off","Off","Off","Off","1","0","Off","0","2","0","0","0","0"
"1498","MTWNH COOS","448.97500","443.97500","D-Digital","High","12.5K","Off","Off","Coos Net","Group Call","8803","KC1JMH / Brad Br","Always","Carrier","Off","1","1","1","Off","2","2","None","None","Off","Off","Off","Off","Normal Encryption","Off","Off","Off","Off","251.1","1","Off","Off","Off","Off","Off","Off","1","0","Off","0","2","0","0","0","0"
"1499","MTWNH Local","448.97500","443.97500","D-Digital","High","12.5K","Off","Off","Local","Group Call","9","KC1JMH / Brad Br","Always","Carrier","Off","1","1","1","Off","2","2","None","None","Off","Off","Off","Off","Normal Encryption","Off","Off","Off","Off","251.1","1","Off","Off","Off","Off","Off","Off","1","0","Off","0","2","0","0","0","0"
"1500","MTWNH ME SW","448.97500","443.97500","D-Digital","High","12.5K","Off","Off","ME Statewide","Group Call","3123","KC1JMH / Brad Br","Always","Carrier","Off","1","1","1","Off","2","1","None","None","Off","Off","Off","Off","Normal Encryption","Off","Off","Off","Off","251.1","1","Off","Off","Off","Off","Off","Off","1","0","Off","0","2","0","0","0","0"
"1501","MTWNH NE Wide","448.97500","443.97500","D-Digital","High","12.5K","Off","Off","New England-Wide","Group Call","3181","KC1JMH / Brad Br","Always","Carrier","Off","1","1","1","Off","2","2","None","None","Off","Off","Off","Off","Normal Encryption","Off","Off","Off","Off","251.1","1","Off","Off","Off","Off","Off","Off","1","0","Off","0","2","0","0","0","0"
"1502","MTWNH NETAC1","448.97500","443.97500","D-Digital","High","12.5K","Off","Off","NETAC1","Group Call","8801","KC1JMH / Brad Br","Always","Carrier","Off","1","1","1","Off","2","1","None","None","Off","Off","Off","Off","Normal Encryption","Off","Off","Off","Off","251.1","1","Off","Off","Off","Off","Off","Off","1","0","Off","0","2","0","0","0","0"
"1503","MTWNH NETAC2","448.97500","443.97500","D-Digital","High","12.5K","Off","Off","NETAC2","Group Call","8802","KC1JMH / Brad Br","Always","Carrier","Off","1","1","1","Off","2","2","None","None","Off","Off","Off","Off","Normal Encryption","Off","Off","Off","Off","251.1","1","Off","Off","Off","Off","Off","Off","1","0","Off","0","2","0","0","0","0"
"1504","MTWNH NH SW","448.97500","443.97500","D-Digital","High","12.5K","Off","Off","NH Statewide","Group Call","3133","KC1JMH / Brad Br","Always","Carrier","Off","1","1","1","Off","2","2","None","None","Off","Off","Off","Off","Normal Encryption","Off","Off","Off","Off","251.1","1","Off","Off","Off","Off","Off","Off","1","0","Off","0","2","0","0","0","0"
"1505","MTWNH North Am","448.97500","443.97500","D-Digital","High","12.5K","Off","Off","North America","Group Call","3","KC1JMH / Brad Br","Always","Carrier","Off","1","1","1","Off","2","1","None","None","Off","Off","Off","Off","Normal Encryption","Off","Off","Off","Off","251.1","1","Off","Off","Off","Off","Off","Off","1","0","Off","0","2","0","0","0","0"
"1506","MTWNH Northeast","448.97500","443.97500","D-Digital","High","12.5K","Off","Off","Northeast","Group Call","3172","KC1JMH / Brad Br","Always","Carrier","Off","1","1","1","Off","2","1","None","None","Off","Off","Off","Off","Normal Encryption","Off","Off","Off","Off","251.1","1","Off","Off","Off","Off","Off","Off","1","0","Off","0","2","0","0","0","0"
"1507","MTWNH Parrot","448.97500","443.97500","D-Digital","High","12.5K","Off","Off","Parrot","Group Call","9998","KC1JMH / Brad Br","Always","Carrier","Off","1","1","1","Off","2","1","None","None","Off","Off","Off","Off","Normal Encryption","Off","Off","Off","Off","251.1","1","Off","Off","Off","Off","Off","Off","1","0","Off","0","2","0","0","0","0"
"1508","MTWNH Audio","448.97500","443.97500","D-Digital","High","12.5K","Off","Off","Audio Watch","Group Call","9999","KC1JMH / Brad Br","Always","Carrier","Off","1","1","1","Off","2","1","None","None","Off","Off","Off","Off","Normal Encryption","Off","Off","Off","Off","251.1","1","Off","Off","Off","Off","Off","Off","1","0","Off","0","2","0","0","0","0"
"1509","MTWNH TAC316","448.97500","443.97500","D-Digital","High","12.5K","Off","Off","TAC316","Group Call","316","KC1JMH / Brad Br","Always","Carrier","Off","1","1","1","Off","2","1","None","None","Off","Off","Off","Off","Normal Encryption","Off","Off","Off","Off","251.1","1","Off","Off","Off","Off","Off","Off","1","0","Off","0","2","0","0","0","0"
"1510","MTWNH CT SW","448.97500","443.97500","D-Digital","High","12.5K","Off","Off","CT Statewide","Group Call","3109","KC1JMH / Brad Br","Always","Carrier","Off","1","1","1","Off","2","1","None","None","Off","Off","Off","Off","Normal Encryption","Off","Off","Off","Off","251.1","1","Off","Off","Off","Off","Off","Off","1","0","Off","0","2","0","0","0","0"
"1511","MTWNH MA SW","448.97500","443.97500","D-Digital","High","12.5K","Off","Off","MA Statewide","Group Call","3125","KC1JMH / Brad Br","Always","Carrier","Off","1","1","1","Off","2","1","None","None","Off","Off","Off","Off","Normal Encryption","Off","Off","Off","Off","251.1","1","Off","Off","Off","Off","Off","Off","1","0","Off","0","2","0","0","0","0"
"1512","MTWNH RI SW","448.97500","443.97500","D-Digital","High","12.5K","Off","Off","RI Statewide","Group Call","3144","KC1JMH / Brad Br","Always","Carrier","Off","1","1","1","Off","2","1","None","None","Off","Off","Off","Off","Normal Encryption","Off","Off","Off","Off","251.1","1","Off","Off","Off","Off","Off","Off","1","0","Off","0","2","0","0","0","0"
"1513","MTWNH Reg North","448.97500","443.97500","D-Digital","High","12.5K","Off","Off","Region North","Group Call","8","KC1JMH / Brad Br","Always","Carrier","Off","1","1","1","Off","2","2","None","None","Off","Off","Off","Off","Normal Encryption","Off","Off","Off","Off","251.1","1","Off","Off","Off","Off","Off","Off","1","0","Off","0","2","0","0","0","0"
"1514","MTWNH SKYWARN","448.97500","443.97500","D-Digital","High","12.5K","Off","Off","SKYWARN","Group Call","759","KC1JMH / Brad Br","Always","Carrier","Off","1","1","1","Off","2","1","None","None","Off","Off","Off","Off","Normal Encryption","Off","Off","Off","Off","251.1","1","Off","Off","Off","Off","Off","Off","1","0","Off","0","2","0","0","0","0"
"1515","MTWNH TAC310","448.97500","443.97500","D-Digital","High","12.5K","Off","Off","TAC310","Group Call","310","KC1JMH / Brad Br","Always","Carrier","Off","1","1","1","Off","2","1","None","None","Off","Off","Off","Off","Normal Encryption","Off","Off","Off","Off","251.1","1","Off","Off","Off","Off","Off","Off","1","0","Off","0","2","0","0","0","0"
"1516","MTWNH TAC311","448.97500","443.97500","D-Digital","High","12.5K","Off","Off","TAC311","Group Call","311","KC1JMH / Brad Br","Always","Carrier","Off","1","1","1","Off","2","1","None","None","Off","Off","Off","Off","Normal Encryption","Off","Off","Off","Off","251.1","1","Off","Off","Off","Off","Off","Off","1","0","Off","0","2","0","0","0","0"
"1517","MTWNH UA Eng1","448.97500","443.97500","D-Digital","High","12.5K","Off","Off","UA English 1-113","Group Call","113","KC1JMH / Brad Br","Always","Carrier","Off","1","1","1","Off","2","1","None","None","Off","Off","Off","Off","Normal Encryption","Off","Off","Off","Off","251.1","1","Off","Off","Off","Off","Off","Off","1","0","Off","0","2","0","0","0","0"
"1518","MTWNH UA Eng2","448.97500","443.97500","D-Digital","High","12.5K","Off","Off","UA English 2-123","Group Call","123","KC1JMH / Brad Br","Always","Carrier","Off","1","1","1","Off","2","1","None","None","Off","Off","Off","Off","Normal Encryption","Off","Off","Off","Off","251.1","1","Off","Off","Off","Off","Off","Off","1","0","Off","0","2","0","0","0","0"
"1519","MTWNH VT SW","448.97500","443.97500","D-Digital","High","12.5K","Off","Off","VT Statewide","Group Call","3150","KC1JMH / Brad Br","Always","Carrier","Off","1","1","1","Off","2","1","None","None","Off","Off","Off","Off","Normal Encryption","Off","Off","Off","Off","251.1","1","Off","Off","Off","Off","Off","Off","1","0","Off","0","2","0","0","0","0"
"1520","MTWNH WW","448.97500","443.97500","D-Digital","High","12.5K","Off","Off","WW Call","Group Call","1","KC1JMH / Brad Br","Always","Carrier","Off","1","1","1","Off","2","1","None","None","Off","Off","Off","Off","Normal Encryption","Off","Off","Off","Off","251.1","1","Off","Off","Off","Off","Off","Off","1","0","Off","0","2","0","0","0","0"
"1521","NCWNH Local","448.77500","443.77500","D-Digital","High","12.5K","Off","Off","Local","Group Call","9","KC1JMH / Brad Br","Always","Carrier","Off","1","1","1","Off","2","2","None","None","Off","Off","Off","Off","Normal Encryption","Off","Off","Off","Off","251.1","1","Off","Off","Off","Off","Off","Off","1","0","Off","0","2","0","0","0","0"
"1522","NCWNH ME SW","448.77500","443.77500","D-Digital","High","12.5K","Off","Off","ME Statewide","Group Call","3123","KC1JMH / Brad Br","Always","Carrier","Off","1","1","1","Off","2","1","None","None","Off","Off","Off","Off","Normal Encryption","Off","Off","Off","Off","251.1","1","Off","Off","Off","Off","Off","Off","1","0","Off","0","2","0","0","0","0"
"1523","NCWNH NE Wide","448.77500","443.77500","D-Digital","High","12.5K","Off","Off","New England-Wide","Group Call","3181","KC1JMH / Brad Br","Always","Carrier","Off","1","1","1","Off","2","2","None","None","Off","Off","Off","Off","Normal Encryption","Off","Off","Off","Off","251.1","1","Off","Off","Off","Off","Off","Off","1","0","Off","0","2","0","0","0","0"
"1524","NCWNH NETAC1","448.77500","443.77500","D-Digital","High","12.5K","Off","Off","NETAC1","Group Call","8801","KC1JMH / Brad Br","Always","Carrier","Off","1","1","1","Off","2","1","None","None","Off","Off","Off","Off","Normal Encryption","Off","Off","Off","Off","251.1","1","Off","Off","Off","Off","Off","Off","1","0","Off","0","2","0","0","0","0"
"1525","NCWNH NETAC2","448.77500","443.77500","D-Digital","High","12.5K","Off","Off","NETAC2","Group Call","8802","KC1JMH / Brad Br","Always","Carrier","Off","1","1","1","Off","2","2","None","None","Off","Off","Off","Off","Normal Encryption","Off","Off","Off","Off","251.1","1","Off","Off","Off","Off","Off","Off","1","0","Off","0","2","0","0","0","0"
"1526","NCWNH NH SW","448.77500","443.77500","D-Digital","High","12.5K","Off","Off","NH Statewide","Group Call","3133","KC1JMH / Brad Br","Always","Carrier","Off","1","1","1","Off","2","2","None","None","Off","Off","Off","Off","Normal Encryption","Off","Off","Off","Off","251.1","1","Off","Off","Off","Off","Off","Off","1","0","Off","0","2","0","0","0","0"
"1527","NCWNH North Am","448.77500","443.77500","D-Digital","High","12.5K","Off","Off","North America","Group Call","3","KC1JMH / Brad Br","Always","Carrier","Off","1","1","1","Off","2","1","None","None","Off","Off","Off","Off","Normal Encryption","Off","Off","Off","Off","251.1","1","Off","Off","Off","Off","Off","Off","1","0","Off","0","2","0","0","0","0"
"1528","NCWNH Northeast","448.77500","443.77500","D-Digital","High","12.5K","Off","Off","Northeast","Group Call","3172","KC1JMH / Brad Br","Always","Carrier","Off","1","1","1","Off","2","1","None","None","Off","Off","Off","Off","Normal Encryption","Off","Off","Off","Off","251.1","1","Off","Off","Off","Off","Off","Off","1","0","Off","0","2","0","0","0","0"
"1529","NCWNH Parrot","448.77500","443.77500","D-Digital","High","12.5K","Off","Off","Parrot","Group Call","9998","KC1JMH / Brad Br","Always","Carrier","Off","1","1","1","Off","2","1","None","None","Off","Off","Off","Off","Normal Encryption","Off","Off","Off","Off","251.1","1","Off","Off","Off","Off","Off","Off","1","0","Off","0","2","0","0","0","0"
"1530","NCWNH Audio","448.77500","443.77500","D-Digital","High","12.5K","Off","Off","Audio Watch","Group Call","9999","KC1JMH / Brad Br","Always","Carrier","Off","1","1","1","Off","2","1","None","None","Off","Off","Off","Off","Normal Encryption","Off","Off","Off","Off","251.1","1","Off","Off","Off","Off","Off","Off","1","0","Off","0","2","0","0","0","0"
"1531","NCWNH CT SW","448.77500","443.77500","D-Digital","High","12.5K","Off","Off","CT Statewide","Group Call","3109","KC1JMH / Brad Br","Always","Carrier","Off","1","1","1","Off","2","1","None","None","Off","Off","Off","Off","Normal Encryption","Off","Off","Off","Off","251.1","1","Off","Off","Off","Off","Off","Off","1","0","Off","0","2","0","0","0","0"
"1532","NCWNH MA SW","448.77500","443.77500","D-Digital","High","12.5K","Off","Off","MA Statewide","Group Call","3125","KC1JMH / Brad Br","Always","Carrier","Off","1","1","1","Off","2","1","None","None","Off","Off","Off","Off","Normal Encryption","Off","Off","Off","Off","251.1","1","Off","Off","Off","Off","Off","Off","1","0","Off","0","2","0","0","0","0"
"1533","NCWNH RI SW","448.77500","443.77500","D-Digital","High","12.5K","Off","Off","RI Statewide","Group Call","3144","KC1JMH / Brad Br","Always","Carrier","Off","1","1","1","Off","2","1","None","None","Off","Off","Off","Off","Normal Encryption","Off","Off","Off","Off","251.1","1","Off","Off","Off","Off","Off","Off","1","0","Off","0","2","0","0","0","0"
"1534","NCWNH VT SW","448.77500","443.77500","D-Digital","High","12.5K","Off","Off","VT Statewide","Group Call","3150","KC1JMH / Brad Br","Always","Carrier","Off","1","1","1","Off","2","1","None","None","Off","Off","Off","Off","Normal Encryption","Off","Off","Off","Off","251.1","1","Off","Off","Off","Off","Off","Off","1","0","Off","0","2","0","0","0","0"
"1535","NCWNH Reg North","448.77500","443.77500","D-Digital","High","12.5K","Off","Off","Region North","Group Call","8","KC1JMH / Brad Br","Always","Carrier","Off","1","1","1","Off","2","2","None","None","Off","Off","Off","Off","Normal Encryption","Off","Off","Off","Off","251.1","1","Off","Off","Off","Off","Off","Off","1","0","Off","0","2","0","0","0","0"
"1536","NCWNH SKYWARN","448.77500","443.77500","D-Digital","High","12.5K","Off","Off","SKYWARN","Group Call","759","KC1JMH / Brad Br","Always","Carrier","Off","1","1","1","Off","2","1","None","None","Off","Off","Off","Off","Normal Encryption","Off","Off","Off","Off","251.1","1","Off","Off","Off","Off","Off","Off","1","0","Off","0","2","0","0","0","0"
"1537","NCWNH TAC310","448.77500","443.77500","D-Digital","High","12.5K","Off","Off","TAC310","Group Call","310","KC1JMH / Brad Br","Always","Carrier","Off","1","1","1","Off","2","1","None","None","Off","Off","Off","Off","Normal Encryption","Off","Off","Off","Off","251.1","1","Off","Off","Off","Off","Off","Off","1","0","Off","0","2","0","0","0","0"
"1538","NCWNH TAC311","448.77500","443.77500","D-Digital","High","12.5K","Off","Off","TAC311","Group Call","311","KC1JMH / Brad Br","Always","Carrier","Off","1","1","1","Off","2","1","None","None","Off","Off","Off","Off","Normal Encryption","Off","Off","Off","Off","251.1","1","Off","Off","Off","Off","Off","Off","1","0","Off","0","2","0","0","0","0"
"1539","NCWNH UA Eng1","448.77500","443.77500","D-Digital","High","12.5K","Off","Off","UA English 1-113","Group Call","113","KC1JMH / Brad Br","Always","Carrier","Off","1","1","1","Off","2","1","None","None","Off","Off","Off","Off","Normal Encryption","Off","Off","Off","Off","251.1","1","Off","Off","Off","Off","Off","Off","1","0","Off","0","2","0","0","0","0"
"1540","NCWNH UA Eng2","448.77500","443.77500","D-Digital","High","12.5K","Off","Off","UA English 2-123","Group Call","123","KC1JMH / Brad Br","Always","Carrier","Off","1","1","1","Off","2","1","None","None","Off","Off","Off","Off","Normal Encryption","Off","Off","Off","Off","251.1","1","Off","Off","Off","Off","Off","Off","1","0","Off","0","2","0","0","0","0"
"1541","NCWNH WW","448.77500","443.77500","D-Digital","High","12.5K","Off","Off","WW Call","Group Call","1","KC1JMH / Brad Br","Always","Carrier","Off","1","1","1","Off","2","1","None","None","Off","Off","Off","Off","Normal Encryption","Off","Off","Off","Off","251.1","1","Off","Off","Off","Off","Off","Off","1","0","Off","0","2","0","0","0","0"
"1542","PSMNH CT SW","444.55000","449.55000","D-Digital","Turbo","12.5K","Off","Off","CT Statewide","Group Call","3109","KC1JMH / Brad Br","Always","Carrier","Off","1","1","1","Off","5","1","None","None","Off","Off","Off","Off","Normal Encryption","Off","Off","Off","Off","251.1","1","Off","Off","Off","Off","Off","Off","1","0","Off","0","2","0","0","0","0"
"1543","PSMNH Local","444.55000","449.55000","D-Digital","Turbo","12.5K","Off","Off","Local","Group Call","9","KC1JMH / Brad Br","Always","Carrier","Off","1","1","1","Off","5","2","None","None","Off","Off","Off","Off","Normal Encryption","Off","Off","Off","Off","251.1","1","Off","Off","Off","Off","Off","Off","1","0","Off","0","2","0","0","0","0"
"1544","PSMNH MA SW","444.55000","449.55000","D-Digital","Turbo","12.5K","Off","Off","MA Statewide","Group Call","3125","KC1JMH / Brad Br","Always","Carrier","Off","1","1","1","Off","5","1","None","None","Off","Off","Off","Off","Normal Encryption","Off","Off","Off","Off","251.1","1","Off","Off","Off","Off","Off","Off","1","0","Off","0","2","0","0","0","0"
"1545","PSMNH ME SW","444.55000","449.55000","D-Digital","Turbo","12.5K","Off","Off","ME Statewide","Group Call","3123","KC1JMH / Brad Br","Always","Carrier","Off","1","1","1","Off","5","1","None","None","Off","Off","Off","Off","Normal Encryption","Off","Off","Off","Off","251.1","1","Off","Off","Off","Off","Off","Off","1","0","Off","0","2","0","0","0","0"
"1546","PSMNH NE Wide","444.55000","449.55000","D-Digital","Turbo","12.5K","Off","Off","New England-Wide","Group Call","3181","KC1JMH / Brad Br","Always","Carrier","Off","1","1","1","Off","5","2","None","None","Off","Off","Off","Off","Normal Encryption","Off","Off","Off","Off","251.1","1","Off","Off","Off","Off","Off","Off","1","0","Off","0","2","0","0","0","0"
"1547","PSMNH NETAC1","444.55000","449.55000","D-Digital","Turbo","12.5K","Off","Off","NETAC1","Group Call","8801","KC1JMH / Brad Br","Always","Carrier","Off","1","1","1","Off","5","1","None","None","Off","Off","Off","Off","Normal Encryption","Off","Off","Off","Off","251.1","1","Off","Off","Off","Off","Off","Off","1","0","Off","0","2","0","0","0","0"
"1548","PSMNH NETAC2","444.55000","449.55000","D-Digital","Turbo","12.5K","Off","Off","NETAC2","Group Call","8802","KC1JMH / Brad Br","Always","Carrier","Off","1","1","1","Off","5","2","None","None","Off","Off","Off","Off","Normal Encryption","Off","Off","Off","Off","251.1","1","Off","Off","Off","Off","Off","Off","1","0","Off","0","2","0","0","0","0"
"1549","PSMNH NH SW","444.55000","449.55000","D-Digital","Turbo","12.5K","Off","Off","NH Statewide","Group Call","3133","KC1JMH / Brad Br","Always","Carrier","Off","1","1","1","Off","5","2","None","None","Off","Off","Off","Off","Normal Encryption","Off","Off","Off","Off","251.1","1","Off","Off","Off","Off","Off","Off","1","0","Off","0","2","0","0","0","0"
"1550","PSMNH North Am","444.55000","449.55000","D-Digital","Turbo","12.5K","Off","Off","North America","Group Call","3","KC1JMH / Brad Br","Always","Carrier","Off","1","1","1","Off","5","1","None","None","Off","Off","Off","Off","Normal Encryption","Off","Off","Off","Off","251.1","1","Off","Off","Off","Off","Off","Off","1","0","Off","0","2","0","0","0","0"
"1551","PSMNH Northeast","444.55000","449.55000","D-Digital","Turbo","12.5K","Off","Off","Northeast","Group Call","3172","KC1JMH / Brad Br","Always","Carrier","Off","1","1","1","Off","5","1","None","None","Off","Off","Off","Off","Normal Encryption","Off","Off","Off","Off","251.1","1","Off","Off","Off","Off","Off","Off","1","0","Off","0","2","0","0","0","0"
"1552","PSMNH Parrot","444.55000","449.55000","D-Digital","Turbo","12.5K","Off","Off","Parrot","Group Call","9998","KC1JMH / Brad Br","Always","Carrier","Off","1","1","1","Off","5","1","None","None","Off","Off","Off","Off","Normal Encryption","Off","Off","Off","Off","251.1","1","Off","Off","Off","Off","Off","Off","1","0","Off","0","2","0","0","0","0"
"1553","PSMNH RI SW","444.55000","449.55000","D-Digital","Turbo","12.5K","Off","Off","RI Statewide","Group Call","3144","KC1JMH / Brad Br","Always","Carrier","Off","1","1","1","Off","5","1","None","None","Off","Off","Off","Off","Normal Encryption","Off","Off","Off","Off","251.1","1","Off","Off","Off","Off","Off","Off","1","0","Off","0","2","0","0","0","0"
"1554","PSMNH SKYWARN","444.55000","449.55000","D-Digital","Turbo","12.5K","Off","Off","SKYWARN","Group Call","759","KC1JMH / Brad Br","Always","Carrier","Off","1","1","1","Off","5","1","None","None","Off","Off","Off","Off","Normal Encryption","Off","Off","Off","Off","251.1","1","Off","Off","Off","Off","Off","Off","1","0","Off","0","2","0","0","0","0"
"1555","PSMNH TAC310","444.55000","449.55000","D-Digital","Turbo","12.5K","Off","Off","TAC310","Group Call","310","KC1JMH / Brad Br","Always","Carrier","Off","1","1","1","Off","5","1","None","None","Off","Off","Off","Off","Normal Encryption","Off","Off","Off","Off","251.1","1","Off","Off","Off","Off","Off","Off","1","0","Off","0","2","0","0","0","0"
"1556","PSMNH TAC311","444.55000","449.55000","D-Digital","Turbo","12.5K","Off","Off","TAC311","Group Call","311","KC1JMH / Brad Br","Always","Carrier","Off","1","1","1","Off","5","1","None","None","Off","Off","Off","Off","Normal Encryption","Off","Off","Off","Off","251.1","1","Off","Off","Off","Off","Off","Off","1","0","Off","0","2","0","0","0","0"
"1557","PSMNH VT SW","444.55000","449.55000","D-Digital","Turbo","12.5K","Off","Off","VT Statewide","Group Call","3150","KC1JMH / Brad Br","Always","Carrier","Off","1","1","1","Off","5","1","None","None","Off","Off","Off","Off","Normal Encryption","Off","Off","Off","Off","251.1","1","Off","Off","Off","Off","Off","Off","1","0","Off","0","2","0","0","0","0"
"1558","PSMNH WW","444.55000","449.55000","D-Digital","Turbo","12.5K","Off","Off","WW Call","Group Call","1","KC1JMH / Brad Br","Always","Carrier","Off","1","1","1","Off","5","1","None","None","Off","Off","Off","Off","Normal Encryption","Off","Off","Off","Off","251.1","1","Off","Off","Off","Off","Off","Off","1","0","Off","0","2","0","0","0","0"
"1559","PSMNH Audio","444.55000","449.55000","D-Digital","Turbo","12.5K","Off","Off","Audio Watch","Group Call","9999","KC1JMH / Brad Br","Always","Carrier","Off","1","1","1","Off","5","1","None","None","Off","Off","Off","Off","Normal Encryption","Off","Off","Off","Off","251.1","1","Off","Off","Off","Off","Off","Off","1","0","Off","0","2","0","0","0","0"
"1560","RCHNH Local","145.24000","144.64000","D-Digital","High","12.5K","Off","Off","Local","Group Call","9","KC1JMH / Brad Br","Always","Carrier","Off","1","1","1","Off","3","2","None","None","Off","Off","Off","Off","Normal Encryption","Off","Off","Off","Off","251.1","1","Off","Off","Off","Off","Off","Off","1","0","Off","0","2","0","0","0","0"
"1561","RCHNH ME SW","145.24000","144.64000","D-Digital","High","12.5K","Off","Off","ME Statewide","Group Call","3123","KC1JMH / Brad Br","Always","Carrier","Off","1","1","1","Off","3","1","None","None","Off","Off","Off","Off","Normal Encryption","Off","Off","Off","Off","251.1","1","Off","Off","Off","Off","Off","Off","1","0","Off","0","2","0","0","0","0"
"1562","RCHNH NE Wide","145.24000","144.64000","D-Digital","High","12.5K","Off","Off","New England-Wide","Group Call","3181","KC1JMH / Brad Br","Always","Carrier","Off","1","1","1","Off","3","2","None","None","Off","Off","Off","Off","Normal Encryption","Off","Off","Off","Off","251.1","1","Off","Off","Off","Off","Off","Off","1","0","Off","0","2","0","0","0","0"
"1563","RCHNH NETAC1","145.24000","144.64000","D-Digital","High","12.5K","Off","Off","NETAC1","Group Call","8801","KC1JMH / Brad Br","Always","Carrier","Off","1","1","1","Off","3","1","None","None","Off","Off","Off","Off","Normal Encryption","Off","Off","Off","Off","251.1","1","Off","Off","Off","Off","Off","Off","1","0","Off","0","2","0","0","0","0"
"1564","RCHNH NETAC2","145.24000","144.64000","D-Digital","High","12.5K","Off","Off","NETAC2","Group Call","8802","KC1JMH / Brad Br","Always","Carrier","Off","1","1","1","Off","3","2","None","None","Off","Off","Off","Off","Normal Encryption","Off","Off","Off","Off","251.1","1","Off","Off","Off","Off","Off","Off","1","0","Off","0","2","0","0","0","0"
"1565","RCHNH NH SW","145.24000","144.64000","D-Digital","High","12.5K","Off","Off","NH Statewide","Group Call","3133","KC1JMH / Brad Br","Always","Carrier","Off","1","1","1","Off","3","2","None","None","Off","Off","Off","Off","Normal Encryption","Off","Off","Off","Off","251.1","1","Off","Off","Off","Off","Off","Off","1","0","Off","0","2","0","0","0","0"
"1566","RCHNH North Am","145.24000","144.64000","D-Digital","High","12.5K","Off","Off","North America","Group Call","3","KC1JMH / Brad Br","Always","Carrier","Off","1","1","1","Off","3","1","None","None","Off","Off","Off","Off","Normal Encryption","Off","Off","Off","Off","251.1","1","Off","Off","Off","Off","Off","Off","1","0","Off","0","2","0","0","0","0"
"1567","RCHNH Northeast","145.24000","144.64000","D-Digital","High","12.5K","Off","Off","Northeast","Group Call","3172","KC1JMH / Brad Br","Always","Carrier","Off","1","1","1","Off","3","1","None","None","Off","Off","Off","Off","Normal Encryption","Off","Off","Off","Off","251.1","1","Off","Off","Off","Off","Off","Off","1","0","Off","0","2","0","0","0","0"
"1568","RCHNH Parrot","145.24000","144.64000","D-Digital","High","12.5K","Off","Off","Parrot","Group Call","9998","KC1JMH / Brad Br","Always","Carrier","Off","1","1","1","Off","3","1","None","None","Off","Off","Off","Off","Normal Encryption","Off","Off","Off","Off","251.1","1","Off","Off","Off","Off","Off","Off","1","0","Off","0","2","0","0","0","0"
"1569","RCHNH Audio","145.24000","144.64000","D-Digital","High","12.5K","Off","Off","Audio Watch","Group Call","9999","KC1JMH / Brad Br","Always","Carrier","Off","1","1","1","Off","3","1","None","None","Off","Off","Off","Off","Normal Encryption","Off","Off","Off","Off","251.1","1","Off","Off","Off","Off","Off","Off","1","0","Off","0","2","0","0","0","0"
"1570","RCHNH CT SW","145.24000","144.64000","D-Digital","High","12.5K","Off","Off","CT Statewide","Group Call","3109","KC1JMH / Brad Br","Always","Carrier","Off","1","1","1","Off","3","1","None","None","Off","Off","Off","Off","Normal Encryption","Off","Off","Off","Off","251.1","1","Off","Off","Off","Off","Off","Off","1","0","Off","0","2","0","0","0","0"
"1571","RCHNH MA SW","145.24000","144.64000","D-Digital","High","12.5K","Off","Off","MA Statewide","Group Call","3125","KC1JMH / Brad Br","Always","Carrier","Off","1","1","1","Off","3","1","None","None","Off","Off","Off","Off","Normal Encryption","Off","Off","Off","Off","251.1","1","Off","Off","Off","Off","Off","Off","1","0","Off","0","2","0","0","0","0"
"1572","RCHNH RI SW","145.24000","144.64000","D-Digital","High","12.5K","Off","Off","RI Statewide","Group Call","3144","KC1JMH / Brad Br","Always","Carrier","Off","1","1","1","Off","3","1","None","None","Off","Off","Off","Off","Normal Encryption","Off","Off","Off","Off","251.1","1","Off","Off","Off","Off","Off","Off","1","0","Off","0","2","0","0","0","0"
"1573","RCHNH VT SW","145.24000","144.64000","D-Digital","High","12.5K","Off","Off","VT Statewide","Group Call","3150","KC1JMH / Brad Br","Always","Carrier","Off","1","1","1","Off","3","1","None","None","Off","Off","Off","Off","Normal Encryption","Off","Off","Off","Off","251.1","1","Off","Off","Off","Off","Off","Off","1","0","Off","0","2","0","0","0","0"
"1574","RCHNH Reg North","145.24000","144.64000","D-Digital","High","12.5K","Off","Off","Region North","Group Call","8","KC1JMH / Brad Br","Always","Carrier","Off","1","1","1","Off","3","2","None","None","Off","Off","Off","Off","Normal Encryption","Off","Off","Off","Off","251.1","1","Off","Off","Off","Off","Off","Off","1","0","Off","0","2","0","0","0","0"
"1575","RCHNH SKYWARN","145.24000","144.64000","D-Digital","High","12.5K","Off","Off","SKYWARN","Group Call","759","KC1JMH / Brad Br","Always","Carrier","Off","1","1","1","Off","3","1","None","None","Off","Off","Off","Off","Normal Encryption","Off","Off","Off","Off","251.1","1","Off","Off","Off","Off","Off","Off","1","0","Off","0","2","0","0","0","0"
"1576","RCHNH TAC310","145.24000","144.64000","D-Digital","High","12.5K","Off","Off","TAC310","Group Call","310","KC1JMH / Brad Br","Always","Carrier","Off","1","1","1","Off","3","1","None","None","Off","Off","Off","Off","Normal Encryption","Off","Off","Off","Off","251.1","1","Off","Off","Off","Off","Off","Off","1","0","Off","0","2","0","0","0","0"
"1577","RCHNH TAC311","145.24000","144.64000","D-Digital","High","12.5K","Off","Off","TAC311","Group Call","311","KC1JMH / Brad Br","Always","Carrier","Off","1","1","1","Off","3","1","None","None","Off","Off","Off","Off","Normal Encryption","Off","Off","Off","Off","251.1","1","Off","Off","Off","Off","Off","Off","1","0","Off","0","2","0","0","0","0"
"1578","RCHNH UA Eng1","145.24000","144.64000","D-Digital","High","12.5K","Off","Off","UA English 1-113","Group Call","113","KC1JMH / Brad Br","Always","Carrier","Off","1","1","1","Off","3","1","None","None","Off","Off","Off","Off","Normal Encryption","Off","Off","Off","Off","251.1","1","Off","Off","Off","Off","Off","Off","1","0","Off","0","2","0","0","0","0"
"1579","RCHNH UA Eng2","145.24000","144.64000","D-Digital","High","12.5K","Off","Off","UA English 2-123","Group Call","123","KC1JMH / Brad Br","Always","Carrier","Off","1","1","1","Off","3","1","None","None","Off","Off","Off","Off","Normal Encryption","Off","Off","Off","Off","251.1","1","Off","Off","Off","Off","Off","Off","1","0","Off","0","2","0","0","0","0"
"1580","RCHNH WW","145.24000","144.64000","D-Digital","High","12.5K","Off","Off","WW Call","Group Call","1","KC1JMH / Brad Br","Always","Carrier","Off","1","1","1","Off","3","1","None","None","Off","Off","Off","Off","Normal Encryption","Off","Off","Off","Off","251.1","1","Off","Off","Off","Off","Off","Off","1","0","Off","0","2","0","0","0","0"
"1581","SANNH Local","145.18000","144.58000","D-Digital","High","12.5K","Off","Off","Local","Group Call","9","KC1JMH / Brad Br","Always","Carrier","Off","1","1","1","Off","6","2","None","None","Off","Off","Off","Off","Normal Encryption","Off","Off","Off","Off","251.1","1","Off","Off","Off","Off","Off","Off","1","0","Off","0","2","0","0","0","0"
"1582","SANNH NE Wide","145.18000","144.58000","D-Digital","High","12.5K","Off","Off","New England-Wide","Group Call","3181","KC1JMH / Brad Br","Always","Carrier","Off","1","1","1","Off","6","2","None","None","Off","Off","Off","Off","Normal Encryption","Off","Off","Off","Off","251.1","1","Off","Off","Off","Off","Off","Off","1","0","Off","0","2","0","0","0","0"
"1583","SANNH NETAC1","145.18000","144.58000","D-Digital","High","12.5K","Off","Off","NETAC1","Group Call","8801","KC1JMH / Brad Br","Always","Carrier","Off","1","1","1","Off","6","1","None","None","Off","Off","Off","Off","Normal Encryption","Off","Off","Off","Off","251.1","1","Off","Off","Off","Off","Off","Off","1","0","Off","0","2","0","0","0","0"
"1584","SANNH NETAC2","145.18000","144.58000","D-Digital","High","12.5K","Off","Off","NETAC2","Group Call","8802","KC1JMH / Brad Br","Always","Carrier","Off","1","1","1","Off","6","2","None","None","Off","Off","Off","Off","Normal Encryption","Off","Off","Off","Off","251.1","1","Off","Off","Off","Off","Off","Off","1","0","Off","0","2","0","0","0","0"
"1585","SANNH NH SW","145.18000","144.58000","D-Digital","High","12.5K","Off","Off","NH Statewide","Group Call","3133","KC1JMH / Brad Br","Always","Carrier","Off","1","1","1","Off","6","2","None","None","Off","Off","Off","Off","Normal Encryption","Off","Off","Off","Off","251.1","1","Off","Off","Off","Off","Off","Off","1","0","Off","0","2","0","0","0","0"
"1586","SANNH North Am","145.18000","144.58000","D-Digital","High","12.5K","Off","Off","North America","Group Call","3","KC1JMH / Brad Br","Always","Carrier","Off","1","1","1","Off","6","1","None","None","Off","Off","Off","Off","Normal Encryption","Off","Off","Off","Off","251.1","1","Off","Off","Off","Off","Off","Off","1","0","Off","0","2","0","0","0","0"
"1587","SANNH Northeast","145.18000","144.58000","D-Digital","High","12.5K","Off","Off","Northeast","Group Call","3172","KC1JMH / Brad Br","Always","Carrier","Off","1","1","1","Off","6","1","None","None","Off","Off","Off","Off","Normal Encryption","Off","Off","Off","Off","251.1","1","Off","Off","Off","Off","Off","Off","1","0","Off","0","2","0","0","0","0"
"1588","SANNH Parrot","145.18000","144.58000","D-Digital","High","12.5K","Off","Off","Parrot","Group Call","9998","KC1JMH / Brad Br","Always","Carrier","Off","1","1","1","Off","6","1","None","None","Off","Off","Off","Off","Normal Encryption","Off","Off","Off","Off","251.1","1","Off","Off","Off","Off","Off","Off","1","0","Off","0","2","0","0","0","0"
"1589","SANNH Audio","145.18000","144.58000","D-Digital","High","12.5K","Off","Off","Audio Watch","Group Call","9999","KC1JMH / Brad Br","Always","Carrier","Off","1","1","1","Off","6","1","None","None","Off","Off","Off","Off","Normal Encryption","Off","Off","Off","Off","251.1","1","Off","Off","Off","Off","Off","Off","1","0","Off","0","2","0","0","0","0"
"1590","SANNH CT SW","145.18000","144.58000","D-Digital","High","12.5K","Off","Off","CT Statewide","Group Call","3109","KC1JMH / Brad Br","Always","Carrier","Off","1","1","1","Off","6","1","None","None","Off","Off","Off","Off","Normal Encryption","Off","Off","Off","Off","251.1","1","Off","Off","Off","Off","Off","Off","1","0","Off","0","2","0","0","0","0"
"1591","SANNH MA SW","145.18000","144.58000","D-Digital","High","12.5K","Off","Off","MA Statewide","Group Call","3125","KC1JMH / Brad Br","Always","Carrier","Off","1","1","1","Off","6","1","None","None","Off","Off","Off","Off","Normal Encryption","Off","Off","Off","Off","251.1","1","Off","Off","Off","Off","Off","Off","1","0","Off","0","2","0","0","0","0"
"1592","SANNH ME SW","145.18000","144.58000","D-Digital","High","12.5K","Off","Off","ME Statewide","Group Call","3123","KC1JMH / Brad Br","Always","Carrier","Off","1","1","1","Off","6","1","None","None","Off","Off","Off","Off","Normal Encryption","Off","Off","Off","Off","251.1","1","Off","Off","Off","Off","Off","Off","1","0","Off","0","2","0","0","0","0"
"1593","SANNH RI SW","145.18000","144.58000","D-Digital","High","12.5K","Off","Off","RI Statewide","Group Call","3144","KC1JMH / Brad Br","Always","Carrier","Off","1","1","1","Off","6","1","None","None","Off","Off","Off","Off","Normal Encryption","Off","Off","Off","Off","251.1","1","Off","Off","Off","Off","Off","Off","1","0","Off","0","2","0","0","0","0"
"1594","SANNH VT SW","145.18000","144.58000","D-Digital","High","12.5K","Off","Off","VT Statewide","Group Call","3150","KC1JMH / Brad Br","Always","Carrier","Off","1","1","1","Off","6","1","None","None","Off","Off","Off","Off","Normal Encryption","Off","Off","Off","Off","251.1","1","Off","Off","Off","Off","Off","Off","1","0","Off","0","2","0","0","0","0"
"1595","SANNH Reg North","145.18000","144.58000","D-Digital","High","12.5K","Off","Off","Region North","Group Call","8","KC1JMH / Brad Br","Always","Carrier","Off","1","1","1","Off","6","2","None","None","Off","Off","Off","Off","Normal Encryption","Off","Off","Off","Off","251.1","1","Off","Off","Off","Off","Off","Off","1","0","Off","0","2","0","0","0","0"
"1596","SANNH SKYWARN","145.18000","144.58000","D-Digital","High","12.5K","Off","Off","SKYWARN","Group Call","759","KC1JMH / Brad Br","Always","Carrier","Off","1","1","1","Off","6","1","None","None","Off","Off","Off","Off","Normal Encryption","Off","Off","Off","Off","251.1","1","Off","Off","Off","Off","Off","Off","1","0","Off","0","2","0","0","0","0"
"1597","SANNH TAC310","145.18000","144.58000","D-Digital","High","12.5K","Off","Off","TAC310","Group Call","310","KC1JMH / Brad Br","Always","Carrier","Off","1","1","1","Off","6","1","None","None","Off","Off","Off","Off","Normal Encryption","Off","Off","Off","Off","251.1","1","Off","Off","Off","Off","Off","Off","1","0","Off","0","2","0","0","0","0"
"1598","SANNH TAC311","145.18000","144.58000","D-Digital","High","12.5K","Off","Off","TAC311","Group Call","311","KC1JMH / Brad Br","Always","Carrier","Off","1","1","1","Off","6","1","None","None","Off","Off","Off","Off","Normal Encryption","Off","Off","Off","Off","251.1","1","Off","Off","Off","Off","Off","Off","1","0","Off","0","2","0","0","0","0"
"1599","SANNH UA Eng1","145.18000","144.58000","D-Digital","High","12.5K","Off","Off","UA English 1-113","Group Call","113","KC1JMH / Brad Br","Always","Carrier","Off","1","1","1","Off","6","1","None","None","Off","Off","Off","Off","Normal Encryption","Off","Off","Off","Off","251.1","1","Off","Off","Off","Off","Off","Off","1","0","Off","0","2","0","0","0","0"
"1600","SANNH UA Eng2","145.18000","144.58000","D-Digital","High","12.5K","Off","Off","UA English 2-123","Group Call","123","KC1JMH / Brad Br","Always","Carrier","Off","1","1","1","Off","6","1","None","None","Off","Off","Off","Off","Normal Encryption","Off","Off","Off","Off","251.1","1","Off","Off","Off","Off","Off","Off","1","0","Off","0","2","0","0","0","0"
"1601","SANNH WW","145.18000","144.58000","D-Digital","High","12.5K","Off","Off","WW Call","Group Call","1","KC1JMH / Brad Br","Always","Carrier","Off","1","1","1","Off","6","1","None","None","Off","Off","Off","Off","Normal Encryption","Off","Off","Off","Off","251.1","1","Off","Off","Off","Off","Off","Off","1","0","Off","0","2","0","0","0","0"
"1602","SOMNH Local","145.18000","144.58000","D-Digital","High","12.5K","Off","Off","Local","Group Call","9","KC1JMH / Brad Br","Always","Carrier","Off","1","1","1","Off","5","2","None","None","Off","Off","Off","Off","Normal Encryption","Off","Off","Off","Off","251.1","1","Off","Off","Off","Off","Off","Off","1","0","Off","0","2","0","0","0","0"
"1603","SOMNH NE Wide","145.18000","144.58000","D-Digital","High","12.5K","Off","Off","New England-Wide","Group Call","3181","KC1JMH / Brad Br","Always","Carrier","Off","1","1","1","Off","5","2","None","None","Off","Off","Off","Off","Normal Encryption","Off","Off","Off","Off","251.1","1","Off","Off","Off","Off","Off","Off","1","0","Off","0","2","0","0","0","0"
"1604","SOMNH NETAC1","145.18000","144.58000","D-Digital","High","12.5K","Off","Off","NETAC1","Group Call","8801","KC1JMH / Brad Br","Always","Carrier","Off","1","1","1","Off","5","1","None","None","Off","Off","Off","Off","Normal Encryption","Off","Off","Off","Off","251.1","1","Off","Off","Off","Off","Off","Off","1","0","Off","0","2","0","0","0","0"
"1605","SOMNH NETAC2","145.18000","144.58000","D-Digital","High","12.5K","Off","Off","NETAC2","Group Call","8802","KC1JMH / Brad Br","Always","Carrier","Off","1","1","1","Off","5","2","None","None","Off","Off","Off","Off","Normal Encryption","Off","Off","Off","Off","251.1","1","Off","Off","Off","Off","Off","Off","1","0","Off","0","2","0","0","0","0"
"1606","SOMNH NH SW","145.18000","144.58000","D-Digital","High","12.5K","Off","Off","NH Statewide","Group Call","3133","KC1JMH / Brad Br","Always","Carrier","Off","1","1","1","Off","5","2","None","None","Off","Off","Off","Off","Normal Encryption","Off","Off","Off","Off","251.1","1","Off","Off","Off","Off","Off","Off","1","0","Off","0","2","0","0","0","0"
"1607","SOMNH North Am","145.18000","144.58000","D-Digital","High","12.5K","Off","Off","North America","Group Call","3","KC1JMH / Brad Br","Always","Carrier","Off","1","1","1","Off","5","1","None","None","Off","Off","Off","Off","Normal Encryption","Off","Off","Off","Off","251.1","1","Off","Off","Off","Off","Off","Off","1","0","Off","0","2","0","0","0","0"
"1608","SOMNH Northeast","145.18000","144.58000","D-Digital","High","12.5K","Off","Off","Northeast","Group Call","3172","KC1JMH / Brad Br","Always","Carrier","Off","1","1","1","Off","5","1","None","None","Off","Off","Off","Off","Normal Encryption","Off","Off","Off","Off","251.1","1","Off","Off","Off","Off","Off","Off","1","0","Off","0","2","0","0","0","0"
"1609","SOMNH Parrot","145.18000","144.58000","D-Digital","High","12.5K","Off","Off","Parrot","Group Call","9998","KC1JMH / Brad Br","Always","Carrier","Off","1","1","1","Off","5","1","None","None","Off","Off","Off","Off","Normal Encryption","Off","Off","Off","Off","251.1","1","Off","Off","Off","Off","Off","Off","1","0","Off","0","2","0","0","0","0"
"1610","SOMNH Audio","145.18000","144.58000","D-Digital","High","12.5K","Off","Off","Audio Watch","Group Call","9999","KC1JMH / Brad Br","Always","Carrier","Off","1","1","1","Off","5","1","None","None","Off","Off","Off","Off","Normal Encryption","Off","Off","Off","Off","251.1","1","Off","Off","Off","Off","Off","Off","1","0","Off","0","2","0","0","0","0"
"1611","SOMNH CT SW","145.18000","144.58000","D-Digital","High","12.5K","Off","Off","CT Statewide","Group Call","3109","KC1JMH / Brad Br","Always","Carrier","Off","1","1","1","Off","5","1","None","None","Off","Off","Off","Off","Normal Encryption","Off","Off","Off","Off","251.1","1","Off","Off","Off","Off","Off","Off","1","0","Off","0","2","0","0","0","0"
"1612","SOMNH MA SW","145.18000","144.58000","D-Digital","High","12.5K","Off","Off","MA Statewide","Group Call","3125","KC1JMH / Brad Br","Always","Carrier","Off","1","1","1","Off","5","1","None","None","Off","Off","Off","Off","Normal Encryption","Off","Off","Off","Off","251.1","1","Off","Off","Off","Off","Off","Off","1","0","Off","0","2","0","0","0","0"
"1613","SOMNH ME SW","145.18000","144.58000","D-Digital","High","12.5K","Off","Off","ME Statewide","Group Call","3123","KC1JMH / Brad Br","Always","Carrier","Off","1","1","1","Off","5","1","None","None","Off","Off","Off","Off","Normal Encryption","Off","Off","Off","Off","251.1","1","Off","Off","Off","Off","Off","Off","1","0","Off","0","2","0","0","0","0"
"1614","SOMNH RI SW","145.18000","144.58000","D-Digital","High","12.5K","Off","Off","RI Statewide","Group Call","3144","KC1JMH / Brad Br","Always","Carrier","Off","1","1","1","Off","5","1","None","None","Off","Off","Off","Off","Normal Encryption","Off","Off","Off","Off","251.1","1","Off","Off","Off","Off","Off","Off","1","0","Off","0","2","0","0","0","0"
"1615","SOMNH VT SW","145.18000","144.58000","D-Digital","High","12.5K","Off","Off","VT Statewide","Group Call","3150","KC1JMH / Brad Br","Always","Carrier","Off","1","1","1","Off","5","1","None","None","Off","Off","Off","Off","Normal Encryption","Off","Off","Off","Off","251.1","1","Off","Off","Off","Off","Off","Off","1","0","Off","0","2","0","0","0","0"
"1616","SOMNH Reg North","145.18000","144.58000","D-Digital","High","12.5K","Off","Off","Region North","Group Call","8","KC1JMH / Brad Br","Always","Carrier","Off","1","1","1","Off","5","2","None","None","Off","Off","Off","Off","Normal Encryption","Off","Off","Off","Off","251.1","1","Off","Off","Off","Off","Off","Off","1","0","Off","0","2","0","0","0","0"
"1617","SOMNH SKYWARN","145.18000","144.58000","D-Digital","High","12.5K","Off","Off","SKYWARN","Group Call","759","KC1JMH / Brad Br","Always","Carrier","Off","1","1","1","Off","5","1","None","None","Off","Off","Off","Off","Normal Encryption","Off","Off","Off","Off","251.1","1","Off","Off","Off","Off","Off","Off","1","0","Off","0","2","0","0","0","0"
"1618","SOMNH TAC310","145.18000","144.58000","D-Digital","High","12.5K","Off","Off","TAC310","Group Call","310","KC1JMH / Brad Br","Always","Carrier","Off","1","1","1","Off","5","1","None","None","Off","Off","Off","Off","Normal Encryption","Off","Off","Off","Off","251.1","1","Off","Off","Off","Off","Off","Off","1","0","Off","0","2","0","0","0","0"
"1619","SOMNH TAC311","145.18000","144.58000","D-Digital","High","12.5K","Off","Off","TAC311","Group Call","311","KC1JMH / Brad Br","Always","Carrier","Off","1","1","1","Off","5","1","None","None","Off","Off","Off","Off","Normal Encryption","Off","Off","Off","Off","251.1","1","Off","Off","Off","Off","Off","Off","1","0","Off","0","2","0","0","0","0"
"1620","SOMNH UA Eng1","145.18000","144.58000","D-Digital","High","12.5K","Off","Off","UA English 1-113","Group Call","113","KC1JMH / Brad Br","Always","Carrier","Off","1","1","1","Off","5","1","None","None","Off","Off","Off","Off","Normal Encryption","Off","Off","Off","Off","251.1","1","Off","Off","Off","Off","Off","Off","1","0","Off","0","2","0","0","0","0"
"1621","SOMNH UA Eng2","145.18000","144.58000","D-Digital","High","12.5K","Off","Off","UA English 2-123","Group Call","123","KC1JMH / Brad Br","Always","Carrier","Off","1","1","1","Off","5","1","None","None","Off","Off","Off","Off","Normal Encryption","Off","Off","Off","Off","251.1","1","Off","Off","Off","Off","Off","Off","1","0","Off","0","2","0","0","0","0"
"1622","SOMNH WW","145.18000","144.58000","D-Digital","High","12.5K","Off","Off","WW Call","Group Call","1","KC1JMH / Brad Br","Always","Carrier","Off","1","1","1","Off","5","1","None","None","Off","Off","Off","Off","Normal Encryption","Off","Off","Off","Off","251.1","1","Off","Off","Off","Off","Off","Off","1","0","Off","0","2","0","0","0","0"
"1623","WKFNH Local","145.28000","144.68000","D-Digital","High","12.5K","Off","Off","Local","Group Call","9","KC1JMH / Brad Br","Always","Carrier","Off","1","1","1","Off","7","2","None","None","Off","Off","Off","Off","Normal Encryption","Off","Off","Off","Off","251.1","1","Off","Off","Off","Off","Off","Off","1","0","Off","0","2","0","0","0","0"
"1624","WKFNH ME SW","145.28000","144.68000","D-Digital","High","12.5K","Off","Off","ME Statewide","Group Call","3123","KC1JMH / Brad Br","Always","Carrier","Off","1","1","1","Off","7","1","None","None","Off","Off","Off","Off","Normal Encryption","Off","Off","Off","Off","251.1","1","Off","Off","Off","Off","Off","Off","1","0","Off","0","2","0","0","0","0"
"1625","WKFNH NE Wide","145.28000","144.68000","D-Digital","High","12.5K","Off","Off","New England-Wide","Group Call","3181","KC1JMH / Brad Br","Always","Carrier","Off","1","1","1","Off","7","2","None","None","Off","Off","Off","Off","Normal Encryption","Off","Off","Off","Off","251.1","1","Off","Off","Off","Off","Off","Off","1","0","Off","0","2","0","0","0","0"
"1626","WKFNH NETAC1","145.28000","144.68000","D-Digital","High","12.5K","Off","Off","NETAC1","Group Call","8801","KC1JMH / Brad Br","Always","Carrier","Off","1","1","1","Off","7","1","None","None","Off","Off","Off","Off","Normal Encryption","Off","Off","Off","Off","251.1","1","Off","Off","Off","Off","Off","Off","1","0","Off","0","2","0","0","0","0"
"1627","WKFNH NETAC2","145.28000","144.68000","D-Digital","High","12.5K","Off","Off","NETAC2","Group Call","8802","KC1JMH / Brad Br","Always","Carrier","Off","1","1","1","Off","7","2","None","None","Off","Off","Off","Off","Normal Encryption","Off","Off","Off","Off","251.1","1","Off","Off","Off","Off","Off","Off","1","0","Off","0","2","0","0","0","0"
"1628","WKFNH NH SW","145.28000","144.68000","D-Digital","High","12.5K","Off","Off","NH Statewide","Group Call","3133","KC1JMH / Brad Br","Always","Carrier","Off","1","1","1","Off","7","2","None","None","Off","Off","Off","Off","Normal Encryption","Off","Off","Off","Off","251.1","1","Off","Off","Off","Off","Off","Off","1","0","Off","0","2","0","0","0","0"
"1629","WKFNH NH Lakes","145.28000","144.68000","D-Digital","High","12.5K","Off","Off","NH Lakes","Group Call","8808","KC1JMH / Brad Br","Always","Carrier","Off","1","1","1","Off","7","2","None","None","Off","Off","Off","Off","Normal Encryption","Off","Off","Off","Off","251.1","1","Off","Off","Off","Off","Off","Off","1","0","Off","0","2","0","0","0","0"
"1630","WKFNH North Am","145.28000","144.68000","D-Digital","High","12.5K","Off","Off","North America","Group Call","3","KC1JMH / Brad Br","Always","Carrier","Off","1","1","1","Off","7","1","None","None","Off","Off","Off","Off","Normal Encryption","Off","Off","Off","Off","251.1","1","Off","Off","Off","Off","Off","Off","1","0","Off","0","2","0","0","0","0"
"1631","WKFNH Northeast","145.28000","144.68000","D-Digital","High","12.5K","Off","Off","Northeast","Group Call","3172","KC1JMH / Brad Br","Always","Carrier","Off","1","1","1","Off","7","1","None","None","Off","Off","Off","Off","Normal Encryption","Off","Off","Off","Off","251.1","1","Off","Off","Off","Off","Off","Off","1","0","Off","0","2","0","0","0","0"
"1632","WKFNH Parrot","145.28000","144.68000","D-Digital","High","12.5K","Off","Off","Parrot","Group Call","9998","KC1JMH / Brad Br","Always","Carrier","Off","1","1","1","Off","7","1","None","None","Off","Off","Off","Off","Normal Encryption","Off","Off","Off","Off","251.1","1","Off","Off","Off","Off","Off","Off","1","0","Off","0","2","0","0","0","0"
"1633","WKFNH Audio","145.28000","144.68000","D-Digital","High","12.5K","Off","Off","Audio Watch","Group Call","9999","KC1JMH / Brad Br","Always","Carrier","Off","1","1","1","Off","7","1","None","None","Off","Off","Off","Off","Normal Encryption","Off","Off","Off","Off","251.1","1","Off","Off","Off","Off","Off","Off","1","0","Off","0","2","0","0","0","0"
"1634","WKFNH CT SW","145.28000","144.68000","D-Digital","High","12.5K","Off","Off","CT Statewide","Group Call","3109","KC1JMH / Brad Br","Always","Carrier","Off","1","1","1","Off","7","1","None","None","Off","Off","Off","Off","Normal Encryption","Off","Off","Off","Off","251.1","1","Off","Off","Off","Off","Off","Off","1","0","Off","0","2","0","0","0","0"
"1635","WKFNH MA SW","145.28000","144.68000","D-Digital","High","12.5K","Off","Off","MA Statewide","Group Call","3125","KC1JMH / Brad Br","Always","Carrier","Off","1","1","1","Off","7","1","None","None","Off","Off","Off","Off","Normal Encryption","Off","Off","Off","Off","251.1","1","Off","Off","Off","Off","Off","Off","1","0","Off","0","2","0","0","0","0"
"1636","WKFNH RI SW","145.28000","144.68000","D-Digital","High","12.5K","Off","Off","RI Statewide","Group Call","3144","KC1JMH / Brad Br","Always","Carrier","Off","1","1","1","Off","7","1","None","None","Off","Off","Off","Off","Normal Encryption","Off","Off","Off","Off","251.1","1","Off","Off","Off","Off","Off","Off","1","0","Off","0","2","0","0","0","0"
"1637","WKFNH VT SW","145.28000","144.68000","D-Digital","High","12.5K","Off","Off","VT Statewide","Group Call","3150","KC1JMH / Brad Br","Always","Carrier","Off","1","1","1","Off","7","1","None","None","Off","Off","Off","Off","Normal Encryption","Off","Off","Off","Off","251.1","1","Off","Off","Off","Off","Off","Off","1","0","Off","0","2","0","0","0","0"
"1638","WKFNH Reg North","145.28000","144.68000","D-Digital","High","12.5K","Off","Off","Region North","Group Call","8","KC1JMH / Brad Br","Always","Carrier","Off","1","1","1","Off","7","2","None","None","Off","Off","Off","Off","Normal Encryption","Off","Off","Off","Off","251.1","1","Off","Off","Off","Off","Off","Off","1","0","Off","0","2","0","0","0","0"
"1639","WKFNH SKYWARN","145.28000","144.68000","D-Digital","High","12.5K","Off","Off","SKYWARN","Group Call","759","KC1JMH / Brad Br","Always","Carrier","Off","1","1","1","Off","7","1","None","None","Off","Off","Off","Off","Normal Encryption","Off","Off","Off","Off","251.1","1","Off","Off","Off","Off","Off","Off","1","0","Off","0","2","0","0","0","0"
"1640","WKFNH TAC310","145.28000","144.68000","D-Digital","High","12.5K","Off","Off","TAC310","Group Call","310","KC1JMH / Brad Br","Always","Carrier","Off","1","1","1","Off","7","1","None","None","Off","Off","Off","Off","Normal Encryption","Off","Off","Off","Off","251.1","1","Off","Off","Off","Off","Off","Off","1","0","Off","0","2","0","0","0","0"
"1641","WKFNH TAC311","145.28000","144.68000","D-Digital","High","12.5K","Off","Off","TAC311","Group Call","311","KC1JMH / Brad Br","Always","Carrier","Off","1","1","1","Off","7","1","None","None","Off","Off","Off","Off","Normal Encryption","Off","Off","Off","Off","251.1","1","Off","Off","Off","Off","Off","Off","1","0","Off","0","2","0","0","0","0"
"1642","WKFNH UA Eng1","145.28000","144.68000","D-Digital","High","12.5K","Off","Off","UA English 1-113","Group Call","113","KC1JMH / Brad Br","Always","Carrier","Off","1","1","1","Off","7","1","None","None","Off","Off","Off","Off","Normal Encryption","Off","Off","Off","Off","251.1","1","Off","Off","Off","Off","Off","Off","1","0","Off","0","2","0","0","0","0"
"1643","WKFNH UA Eng2","145.28000","144.68000","D-Digital","High","12.5K","Off","Off","UA English 2-123","Group Call","123","KC1JMH / Brad Br","Always","Carrier","Off","1","1","1","Off","7","1","None","None","Off","Off","Off","Off","Normal Encryption","Off","Off","Off","Off","251.1","1","Off","Off","Off","Off","Off","Off","1","0","Off","0","2","0","0","0","0"
"1644","WKFNH WW","145.28000","144.68000","D-Digital","High","12.5K","Off","Off","WW Call","Group Call","1","KC1JMH / Brad Br","Always","Carrier","Off","1","1","1","Off","7","1","None","None","Off","Off","Off","Off","Normal Encryption","Off","Off","Off","Off","251.1","1","Off","Off","Off","Off","Off","Off","1","0","Off","0","2","0","0","0","0"
"1645","WOSNH Local","147.07500","147.67500","D-Digital","High","12.5K","Off","Off","Local","Group Call","9","KC1JMH / Brad Br","Always","Carrier","Off","1","1","1","Off","6","2","None","None","Off","Off","Off","Off","Normal Encryption","Off","Off","Off","Off","251.1","1","Off","Off","Off","Off","Off","Off","1","0","Off","0","2","0","0","0","0"
"1646","WOSNH ME SW","147.07500","147.67500","D-Digital","High","12.5K","Off","Off","ME Statewide","Group Call","3123","KC1JMH / Brad Br","Always","Carrier","Off","1","1","1","Off","6","1","None","None","Off","Off","Off","Off","Normal Encryption","Off","Off","Off","Off","251.1","1","Off","Off","Off","Off","Off","Off","1","0","Off","0","2","0","0","0","0"
"1647","WOSNH NE Wide","147.07500","147.67500","D-Digital","High","12.5K","Off","Off","New England-Wide","Group Call","3181","KC1JMH / Brad Br","Always","Carrier","Off","1","1","1","Off","6","2","None","None","Off","Off","Off","Off","Normal Encryption","Off","Off","Off","Off","251.1","1","Off","Off","Off","Off","Off","Off","1","0","Off","0","2","0","0","0","0"
"1648","WOSNH NETAC1","147.07500","147.67500","D-Digital","High","12.5K","Off","Off","NETAC1","Group Call","8801","KC1JMH / Brad Br","Always","Carrier","Off","1","1","1","Off","6","1","None","None","Off","Off","Off","Off","Normal Encryption","Off","Off","Off","Off","251.1","1","Off","Off","Off","Off","Off","Off","1","0","Off","0","2","0","0","0","0"
"1649","WOSNH NETAC2","147.07500","147.67500","D-Digital","High","12.5K","Off","Off","NETAC2","Group Call","8802","KC1JMH / Brad Br","Always","Carrier","Off","1","1","1","Off","6","2","None","None","Off","Off","Off","Off","Normal Encryption","Off","Off","Off","Off","251.1","1","Off","Off","Off","Off","Off","Off","1","0","Off","0","2","0","0","0","0"
"1650","WOSNH NH SW","147.07500","147.67500","D-Digital","High","12.5K","Off","Off","NH Statewide","Group Call","3133","KC1JMH / Brad Br","Always","Carrier","Off","1","1","1","Off","6","2","None","None","Off","Off","Off","Off","Normal Encryption","Off","Off","Off","Off","251.1","1","Off","Off","Off","Off","Off","Off","1","0","Off","0","2","0","0","0","0"
"1651","WOSNH NH Lakes","147.07500","147.67500","D-Digital","High","12.5K","Off","Off","NH Lakes","Group Call","8808","KC1JMH / Brad Br","Always","Carrier","Off","1","1","1","Off","6","2","None","None","Off","Off","Off","Off","Normal Encryption","Off","Off","Off","Off","251.1","1","Off","Off","Off","Off","Off","Off","1","0","Off","0","2","0","0","0","0"
"1652","WOSNH North Am","147.07500","147.67500","D-Digital","High","12.5K","Off","Off","North America","Group Call","3","KC1JMH / Brad Br","Always","Carrier","Off","1","1","1","Off","6","1","None","None","Off","Off","Off","Off","Normal Encryption","Off","Off","Off","Off","251.1","1","Off","Off","Off","Off","Off","Off","1","0","Off","0","2","0","0","0","0"
"1653","WOSNH Northeast","147.07500","147.67500","D-Digital","High","12.5K","Off","Off","Northeast","Group Call","3172","KC1JMH / Brad Br","Always","Carrier","Off","1","1","1","Off","6","1","None","None","Off","Off","Off","Off","Normal Encryption","Off","Off","Off","Off","251.1","1","Off","Off","Off","Off","Off","Off","1","0","Off","0","2","0","0","0","0"
"1654","WOSNH Parrot","147.07500","147.67500","D-Digital","High","12.5K","Off","Off","Parrot","Group Call","9998","KC1JMH / Brad Br","Always","Carrier","Off","1","1","1","Off","6","1","None","None","Off","Off","Off","Off","Normal Encryption","Off","Off","Off","Off","251.1","1","Off","Off","Off","Off","Off","Off","1","0","Off","0","2","0","0","0","0"
"1655","WOSNH Audio","147.07500","147.67500","D-Digital","High","12.5K","Off","Off","Audio Watch","Group Call","9999","KC1JMH / Brad Br","Always","Carrier","Off","1","1","1","Off","6","1","None","None","Off","Off","Off","Off","Normal Encryption","Off","Off","Off","Off","251.1","1","Off","Off","Off","Off","Off","Off","1","0","Off","0","2","0","0","0","0"
"1656","WOSNH CT SW","147.07500","147.67500","D-Digital","High","12.5K","Off","Off","CT Statewide","Group Call","3109","KC1JMH / Brad Br","Always","Carrier","Off","1","1","1","Off","6","1","None","None","Off","Off","Off","Off","Normal Encryption","Off","Off","Off","Off","251.1","1","Off","Off","Off","Off","Off","Off","1","0","Off","0","2","0","0","0","0"
"1657","WOSNH MA SW","147.07500","147.67500","D-Digital","High","12.5K","Off","Off","MA Statewide","Group Call","3125","KC1JMH / Brad Br","Always","Carrier","Off","1","1","1","Off","6","1","None","None","Off","Off","Off","Off","Normal Encryption","Off","Off","Off","Off","251.1","1","Off","Off","Off","Off","Off","Off","1","0","Off","0","2","0","0","0","0"
"1658","WOSNH RI SW","147.07500","147.67500","D-Digital","High","12.5K","Off","Off","RI Statewide","Group Call","3144","KC1JMH / Brad Br","Always","Carrier","Off","1","1","1","Off","6","1","None","None","Off","Off","Off","Off","Normal Encryption","Off","Off","Off","Off","251.1","1","Off","Off","Off","Off","Off","Off","1","0","Off","0","2","0","0","0","0"
"1659","WOSNH VT SW","147.07500","147.67500","D-Digital","High","12.5K","Off","Off","VT Statewide","Group Call","3150","KC1JMH / Brad Br","Always","Carrier","Off","1","1","1","Off","6","1","None","None","Off","Off","Off","Off","Normal Encryption","Off","Off","Off","Off","251.1","1","Off","Off","Off","Off","Off","Off","1","0","Off","0","2","0","0","0","0"
"1660","WOSNH Reg North","147.07500","147.67500","D-Digital","High","12.5K","Off","Off","Region North","Group Call","8","KC1JMH / Brad Br","Always","Carrier","Off","1","1","1","Off","6","2","None","None","Off","Off","Off","Off","Normal Encryption","Off","Off","Off","Off","251.1","1","Off","Off","Off","Off","Off","Off","1","0","Off","0","2","0","0","0","0"
"1661","WOSNH SKYWARN","147.07500","147.67500","D-Digital","High","12.5K","Off","Off","SKYWARN","Group Call","759","KC1JMH / Brad Br","Always","Carrier","Off","1","1","1","Off","6","1","None","None","Off","Off","Off","Off","Normal Encryption","Off","Off","Off","Off","251.1","1","Off","Off","Off","Off","Off","Off","1","0","Off","0","2","0","0","0","0"
"1662","WOSNH TAC310","147.07500","147.67500","D-Digital","High","12.5K","Off","Off","TAC310","Group Call","310","KC1JMH / Brad Br","Always","Carrier","Off","1","1","1","Off","6","1","None","None","Off","Off","Off","Off","Normal Encryption","Off","Off","Off","Off","251.1","1","Off","Off","Off","Off","Off","Off","1","0","Off","0","2","0","0","0","0"
"1663","WOSNH TAC311","147.07500","147.67500","D-Digital","High","12.5K","Off","Off","TAC311","Group Call","311","KC1JMH / Brad Br","Always","Carrier","Off","1","1","1","Off","6","1","None","None","Off","Off","Off","Off","Normal Encryption","Off","Off","Off","Off","251.1","1","Off","Off","Off","Off","Off","Off","1","0","Off","0","2","0","0","0","0"
"1664","WOSNH UA Eng1","147.07500","147.67500","D-Digital","High","12.5K","Off","Off","UA English 1-113","Group Call","113","KC1JMH / Brad Br","Always","Carrier","Off","1","1","1","Off","6","1","None","None","Off","Off","Off","Off","Normal Encryption","Off","Off","Off","Off","251.1","1","Off","Off","Off","Off","Off","Off","1","0","Off","0","2","0","0","0","0"
"1665","WOSNH UA Eng2","147.07500","147.67500","D-Digital","High","12.5K","Off","Off","UA English 2-123","Group Call","123","KC1JMH / Brad Br","Always","Carrier","Off","1","1","1","Off","6","1","None","None","Off","Off","Off","Off","Normal Encryption","Off","Off","Off","Off","251.1","1","Off","Off","Off","Off","Off","Off","1","0","Off","0","2","0","0","0","0"
"1666","WOSNH WW","147.07500","147.67500","D-Digital","High","12.5K","Off","Off","WW Call","Group Call","1","KC1JMH / Brad Br","Always","Carrier","Off","1","1","1","Off","6","1","None","None","Off","Off","Off","Off","Normal Encryption","Off","Off","Off","Off","251.1","1","Off","Off","Off","Off","Off","Off","1","0","Off","0","2","0","0","0","0"
"1667","MTBNY CT SW","441.01875","446.01875","D-Digital","High","12.5K","Off","Off","CT Statewide","Group Call","3109","KC1JMH / Brad Br","Always","Carrier","Off","1","1","1","Off","10","1","None","None","Off","Off","Off","Off","Normal Encryption","Off","Off","Off","Off","251.1","1","Off","Off","Off","Off","Off","Off","1","0","Off","0","2","0","0","0","0"
"1668","MTBNY Local","441.01875","446.01875","D-Digital","High","12.5K","Off","Off","Local","Group Call","9","KC1JMH / Brad Br","Always","Carrier","Off","1","1","1","Off","10","2","None","None","Off","Off","Off","Off","Normal Encryption","Off","Off","Off","Off","251.1","1","Off","Off","Off","Off","Off","Off","1","0","Off","0","2","0","0","0","0"
"1669","MTBNY NE Wide","441.01875","446.01875","D-Digital","High","12.5K","Off","Off","New England-Wide","Group Call","3181","KC1JMH / Brad Br","Always","Carrier","Off","1","1","1","Off","10","2","None","None","Off","Off","Off","Off","Normal Encryption","Off","Off","Off","Off","251.1","1","Off","Off","Off","Off","Off","Off","1","0","Off","0","2","0","0","0","0"
"1670","MTBNY NETAC1","441.01875","446.01875","D-Digital","High","12.5K","Off","Off","NETAC1","Group Call","8801","KC1JMH / Brad Br","Always","Carrier","Off","1","1","1","Off","10","1","None","None","Off","Off","Off","Off","Normal Encryption","Off","Off","Off","Off","251.1","1","Off","Off","Off","Off","Off","Off","1","0","Off","0","2","0","0","0","0"
"1671","MTBNY NETAC2","441.01875","446.01875","D-Digital","High","12.5K","Off","Off","NETAC2","Group Call","8802","KC1JMH / Brad Br","Always","Carrier","Off","1","1","1","Off","10","2","None","None","Off","Off","Off","Off","Normal Encryption","Off","Off","Off","Off","251.1","1","Off","Off","Off","Off","Off","Off","1","0","Off","0","2","0","0","0","0"
"1672","MTBNY NY SW","441.01875","446.01875","D-Digital","High","12.5K","Off","Off","NY Statewide","Group Call","3136","KC1JMH / Brad Br","Always","Carrier","Off","1","1","1","Off","10","2","None","None","Off","Off","Off","Off","Normal Encryption","Off","Off","Off","Off","251.1","1","Off","Off","Off","Off","Off","Off","1","0","Off","0","2","0","0","0","0"
"1673","MTBNY North Am","441.01875","446.01875","D-Digital","High","12.5K","Off","Off","North America","Group Call","3","KC1JMH / Brad Br","Always","Carrier","Off","1","1","1","Off","10","1","None","None","Off","Off","Off","Off","Normal Encryption","Off","Off","Off","Off","251.1","1","Off","Off","Off","Off","Off","Off","1","0","Off","0","2","0","0","0","0"
"1674","MTBNY Northeast","441.01875","446.01875","D-Digital","High","12.5K","Off","Off","Northeast","Group Call","3172","KC1JMH / Brad Br","Always","Carrier","Off","1","1","1","Off","10","1","None","None","Off","Off","Off","Off","Normal Encryption","Off","Off","Off","Off","251.1","1","Off","Off","Off","Off","Off","Off","1","0","Off","0","2","0","0","0","0"
"1675","MTBNY Parrot","441.01875","446.01875","D-Digital","High","12.5K","Off","Off","Parrot","Group Call","9998","KC1JMH / Brad Br","Always","Carrier","Off","1","1","1","Off","10","2","None","None","Off","Off","Off","Off","Normal Encryption","Off","Off","Off","Off","251.1","1","Off","Off","Off","Off","Off","Off","1","0","Off","0","2","0","0","0","0"
"1676","MTBNY SKYWARN","441.01875","446.01875","D-Digital","High","12.5K","Off","Off","SKYWARN","Group Call","759","KC1JMH / Brad Br","Always","Carrier","Off","1","1","1","Off","10","1","None","None","Off","Off","Off","Off","Normal Encryption","Off","Off","Off","Off","251.1","1","Off","Off","Off","Off","Off","Off","1","0","Off","0","2","0","0","0","0"
"1677","MTBNY TAC310","441.01875","446.01875","D-Digital","High","12.5K","Off","Off","TAC310","Group Call","310","KC1JMH / Brad Br","Always","Carrier","Off","1","1","1","Off","10","1","None","None","Off","Off","Off","Off","Normal Encryption","Off","Off","Off","Off","251.1","1","Off","Off","Off","Off","Off","Off","1","0","Off","0","2","0","0","0","0"
"1678","MTBNY TAC311","441.01875","446.01875","D-Digital","High","12.5K","Off","Off","TAC311","Group Call","311","KC1JMH / Brad Br","Always","Carrier","Off","1","1","1","Off","10","2","None","None","Off","Off","Off","Off","Normal Encryption","Off","Off","Off","Off","251.1","1","Off","Off","Off","Off","Off","Off","1","0","Off","0","2","0","0","0","0"
"1679","MTBNY WW","441.01875","446.01875","D-Digital","High","12.5K","Off","Off","WW Call","Group Call","1","KC1JMH / Brad Br","Always","Carrier","Off","1","1","1","Off","10","1","None","None","Off","Off","Off","Off","Normal Encryption","Off","Off","Off","Off","251.1","1","Off","Off","Off","Off","Off","Off","1","0","Off","0","2","0","0","0","0"
"1680","MTKNY CT SW","443.20000","448.20000","D-Digital","High","12.5K","Off","Off","CT Statewide","Group Call","3109","KC1JMH / Brad Br","Always","Carrier","Off","1","1","1","Off","1","2","None","None","Off","Off","Off","Off","Normal Encryption","Off","Off","Off","Off","251.1","1","Off","Off","Off","Off","Off","Off","1","0","Off","0","2","0","0","0","0"
"1681","MTUNY Audio","449.67500","444.67500","D-Digital","Turbo","12.5K","Off","Off","Audio Watch","Group Call","9999","KC1JMH / Brad Br","Always","Carrier","Off","1","1","1","Off","1","1","None","None","Off","Off","Off","Off","Normal Encryption","Off","Off","Off","Off","251.1","1","Off","Off","Off","Off","Off","Off","1","0","Off","0","2","0","0","0","0"
"1682","MTUNY CT SW","449.67500","444.67500","D-Digital","Turbo","12.5K","Off","Off","CT Statewide","Group Call","3109","KC1JMH / Brad Br","Always","Carrier","Off","1","1","1","Off","1","2","None","None","Off","Off","Off","Off","Normal Encryption","Off","Off","Off","Off","251.1","1","Off","Off","Off","Off","Off","Off","1","0","Off","0","2","0","0","0","0"
"1683","MTUNY Local","449.67500","444.67500","D-Digital","Turbo","12.5K","Off","Off","Local","Group Call","9","KC1JMH / Brad Br","Always","Carrier","Off","1","1","1","Off","1","2","None","None","Off","Off","Off","Off","Normal Encryption","Off","Off","Off","Off","251.1","1","Off","Off","Off","Off","Off","Off","1","0","Off","0","2","0","0","0","0"
"1684","MTUNY NETAC1","449.67500","444.67500","D-Digital","Turbo","12.5K","Off","Off","NETAC1","Group Call","8801","KC1JMH / Brad Br","Always","Carrier","Off","1","1","1","Off","1","1","None","None","Off","Off","Off","Off","Normal Encryption","Off","Off","Off","Off","251.1","1","Off","Off","Off","Off","Off","Off","1","0","Off","0","2","0","0","0","0"
"1685","MTUNY NETAC2","449.67500","444.67500","D-Digital","Turbo","12.5K","Off","Off","NETAC2","Group Call","8802","KC1JMH / Brad Br","Always","Carrier","Off","1","1","1","Off","1","2","None","None","Off","Off","Off","Off","Normal Encryption","Off","Off","Off","Off","251.1","1","Off","Off","Off","Off","Off","Off","1","0","Off","0","2","0","0","0","0"
"1686","MTUNY North Am","449.67500","444.67500","D-Digital","Turbo","12.5K","Off","Off","North America","Group Call","3","KC1JMH / Brad Br","Always","Carrier","Off","1","1","1","Off","1","1","None","None","Off","Off","Off","Off","Normal Encryption","Off","Off","Off","Off","251.1","1","Off","Off","Off","Off","Off","Off","1","0","Off","0","2","0","0","0","0"
"1687","MTUNY Northeast","449.67500","444.67500","D-Digital","Turbo","12.5K","Off","Off","Northeast","Group Call","3172","KC1JMH / Brad Br","Always","Carrier","Off","1","1","1","Off","1","1","None","None","Off","Off","Off","Off","Normal Encryption","Off","Off","Off","Off","251.1","1","Off","Off","Off","Off","Off","Off","1","0","Off","0","2","0","0","0","0"
"1688","MTUNY NY SW","449.67500","444.67500","D-Digital","Turbo","12.5K","Off","Off","NY Statewide","Group Call","3136","KC1JMH / Brad Br","Always","Carrier","Off","1","1","1","Off","1","1","None","None","Off","Off","Off","Off","Normal Encryption","Off","Off","Off","Off","251.1","1","Off","Off","Off","Off","Off","Off","1","0","Off","0","2","0","0","0","0"
"1689","MTUNY Parrot","449.67500","444.67500","D-Digital","Turbo","12.5K","Off","Off","Parrot","Group Call","9998","KC1JMH / Brad Br","Always","Carrier","Off","1","1","1","Off","1","1","None","None","Off","Off","Off","Off","Normal Encryption","Off","Off","Off","Off","251.1","1","Off","Off","Off","Off","Off","Off","1","0","Off","0","2","0","0","0","0"
"1690","MTUNY SKYWARN","449.67500","444.67500","D-Digital","Turbo","12.5K","Off","Off","SKYWARN","Group Call","759","KC1JMH / Brad Br","Always","Carrier","Off","1","1","1","Off","1","1","None","None","Off","Off","Off","Off","Normal Encryption","Off","Off","Off","Off","251.1","1","Off","Off","Off","Off","Off","Off","1","0","Off","0","2","0","0","0","0"
"1691","MTUNY TAC310","449.67500","444.67500","D-Digital","Turbo","12.5K","Off","Off","TAC310","Group Call","310","KC1JMH / Brad Br","Always","Carrier","Off","1","1","1","Off","1","1","None","None","Off","Off","Off","Off","Normal Encryption","Off","Off","Off","Off","251.1","1","Off","Off","Off","Off","Off","Off","1","0","Off","0","2","0","0","0","0"
"1692","MTUNY TAC311","449.67500","444.67500","D-Digital","Turbo","12.5K","Off","Off","TAC311","Group Call","311","KC1JMH / Brad Br","Always","Carrier","Off","1","1","1","Off","1","1","None","None","Off","Off","Off","Off","Normal Encryption","Off","Off","Off","Off","251.1","1","Off","Off","Off","Off","Off","Off","1","0","Off","0","2","0","0","0","0"
"1693","MTUNY WW","449.67500","444.67500","D-Digital","Turbo","12.5K","Off","Off","WW Call","Group Call","1","KC1JMH / Brad Br","Always","Carrier","Off","1","1","1","Off","1","2","None","None","Off","Off","Off","Off","Normal Encryption","Off","Off","Off","Off","251.1","1","Off","Off","Off","Off","Off","Off","1","0","Off","0","2","0","0","0","0"
"1694","MTKNY Local","443.20000","448.20000","D-Digital","High","12.5K","Off","Off","Local","Group Call","9","KC1JMH / Brad Br","Always","Carrier","Off","1","1","1","Off","1","2","None","None","Off","Off","Off","Off","Normal Encryption","Off","Off","Off","Off","251.1","1","Off","Off","Off","Off","Off","Off","1","0","Off","0","2","0","0","0","0"
"1695","MTKNY NE Wide","443.20000","448.20000","D-Digital","High","12.5K","Off","Off","New England-Wide","Group Call","3181","KC1JMH / Brad Br","Always","Carrier","Off","1","1","1","Off","1","2","None","None","Off","Off","Off","Off","Normal Encryption","Off","Off","Off","Off","251.1","1","Off","Off","Off","Off","Off","Off","1","0","Off","0","2","0","0","0","0"
"1696","MTKNY NETAC1","443.20000","448.20000","D-Digital","High","12.5K","Off","Off","NETAC1","Group Call","8801","KC1JMH / Brad Br","Always","Carrier","Off","1","1","1","Off","1","1","None","None","Off","Off","Off","Off","Normal Encryption","Off","Off","Off","Off","251.1","1","Off","Off","Off","Off","Off","Off","1","0","Off","0","2","0","0","0","0"
"1697","MTKNY NETAC2","443.20000","448.20000","D-Digital","High","12.5K","Off","Off","NETAC2","Group Call","8802","KC1JMH / Brad Br","Always","Carrier","Off","1","1","1","Off","1","2","None","None","Off","Off","Off","Off","Normal Encryption","Off","Off","Off","Off","251.1","1","Off","Off","Off","Off","Off","Off","1","0","Off","0","2","0","0","0","0"
"1698","MTKNY NY SW","443.20000","448.20000","D-Digital","High","12.5K","Off","Off","NY Statewide","Group Call","3136","KC1JMH / Brad Br","Always","Carrier","Off","1","1","1","Off","1","1","None","None","Off","Off","Off","Off","Normal Encryption","Off","Off","Off","Off","251.1","1","Off","Off","Off","Off","Off","Off","1","0","Off","0","2","0","0","0","0"
"1699","MTKNY North Am","443.20000","448.20000","D-Digital","High","12.5K","Off","Off","North America","Group Call","3","KC1JMH / Brad Br","Always","Carrier","Off","1","1","1","Off","1","1","None","None","Off","Off","Off","Off","Normal Encryption","Off","Off","Off","Off","251.1","1","Off","Off","Off","Off","Off","Off","1","0","Off","0","2","0","0","0","0"
"1700","MTKNY Northeast","443.20000","448.20000","D-Digital","High","12.5K","Off","Off","Northeast","Group Call","3172","KC1JMH / Brad Br","Always","Carrier","Off","1","1","1","Off","1","1","None","None","Off","Off","Off","Off","Normal Encryption","Off","Off","Off","Off","251.1","1","Off","Off","Off","Off","Off","Off","1","0","Off","0","2","0","0","0","0"
"1701","MTKNY Parrot","443.20000","448.20000","D-Digital","High","12.5K","Off","Off","Parrot","Group Call","9998","KC1JMH / Brad Br","Always","Carrier","Off","1","1","1","Off","1","1","None","None","Off","Off","Off","Off","Normal Encryption","Off","Off","Off","Off","251.1","1","Off","Off","Off","Off","Off","Off","1","0","Off","0","2","0","0","0","0"
"1702","MTKNY Audio","443.20000","448.20000","D-Digital","High","12.5K","Off","Off","Audio Watch","Group Call","9999","KC1JMH / Brad Br","Always","Carrier","Off","1","1","1","Off","1","1","None","None","Off","Off","Off","Off","Normal Encryption","Off","Off","Off","Off","251.1","1","Off","Off","Off","Off","Off","Off","1","0","Off","0","2","0","0","0","0"
"1703","MTKNY TAC316","443.20000","448.20000","D-Digital","High","12.5K","Off","Off","TAC316","Group Call","316","KC1JMH / Brad Br","Always","Carrier","Off","1","1","1","Off","1","1","None","None","Off","Off","Off","Off","Normal Encryption","Off","Off","Off","Off","251.1","1","Off","Off","Off","Off","Off","Off","1","0","Off","0","2","0","0","0","0"
"1704","MTKNY SKYWARN","443.20000","448.20000","D-Digital","High","12.5K","Off","Off","SKYWARN","Group Call","759","KC1JMH / Brad Br","Always","Carrier","Off","1","1","1","Off","1","1","None","None","Off","Off","Off","Off","Normal Encryption","Off","Off","Off","Off","251.1","1","Off","Off","Off","Off","Off","Off","1","0","Off","0","2","0","0","0","0"
"1705","MTKNY TAC310","443.20000","448.20000","D-Digital","High","12.5K","Off","Off","TAC310","Group Call","310","KC1JMH / Brad Br","Always","Carrier","Off","1","1","1","Off","1","1","None","None","Off","Off","Off","Off","Normal Encryption","Off","Off","Off","Off","251.1","1","Off","Off","Off","Off","Off","Off","1","0","Off","0","2","0","0","0","0"
"1706","MTKNY TAC311","443.20000","448.20000","D-Digital","High","12.5K","Off","Off","TAC311","Group Call","311","KC1JMH / Brad Br","Always","Carrier","Off","1","1","1","Off","1","1","None","None","Off","Off","Off","Off","Normal Encryption","Off","Off","Off","Off","251.1","1","Off","Off","Off","Off","Off","Off","1","0","Off","0","2","0","0","0","0"
"1707","MTKNY WW","443.20000","448.20000","D-Digital","High","12.5K","Off","Off","WW Call","Group Call","1","KC1JMH / Brad Br","Always","Carrier","Off","1","1","1","Off","1","1","None","None","Off","Off","Off","Off","Normal Encryption","Off","Off","Off","Off","251.1","1","Off","Off","Off","Off","Off","Off","1","0","Off","0","2","0","0","0","0"
"1708","PECNY CT SW","449.97500","444.97500","D-Digital","High","12.5K","Off","Off","CT Statewide","Group Call","3109","KC1JMH / Brad Br","Always","Carrier","Off","1","1","1","Off","1","2","None","None","Off","Off","Off","Off","Normal Encryption","Off","Off","Off","Off","251.1","1","Off","Off","Off","Off","Off","Off","1","0","Off","0","2","0","0","0","0"
"1709","PECNY Local","449.97500","444.97500","D-Digital","High","12.5K","Off","Off","Local","Group Call","9","KC1JMH / Brad Br","Always","Carrier","Off","1","1","1","Off","1","2","None","None","Off","Off","Off","Off","Normal Encryption","Off","Off","Off","Off","251.1","1","Off","Off","Off","Off","Off","Off","1","0","Off","0","2","0","0","0","0"
"1710","PECNY NE Wide","449.97500","444.97500","D-Digital","High","12.5K","Off","Off","New England-Wide","Group Call","3181","KC1JMH / Brad Br","Always","Carrier","Off","1","1","1","Off","1","2","None","None","Off","Off","Off","Off","Normal Encryption","Off","Off","Off","Off","251.1","1","Off","Off","Off","Off","Off","Off","1","0","Off","0","2","0","0","0","0"
"1711","PECNY NETAC1","449.97500","444.97500","D-Digital","High","12.5K","Off","Off","NETAC1","Group Call","8801","KC1JMH / Brad Br","Always","Carrier","Off","1","1","1","Off","1","1","None","None","Off","Off","Off","Off","Normal Encryption","Off","Off","Off","Off","251.1","1","Off","Off","Off","Off","Off","Off","1","0","Off","0","2","0","0","0","0"
"1712","PECNY NETAC2","449.97500","444.97500","D-Digital","High","12.5K","Off","Off","NETAC2","Group Call","8802","KC1JMH / Brad Br","Always","Carrier","Off","1","1","1","Off","1","2","None","None","Off","Off","Off","Off","Normal Encryption","Off","Off","Off","Off","251.1","1","Off","Off","Off","Off","Off","Off","1","0","Off","0","2","0","0","0","0"
"1713","PECNY NY SW","449.97500","444.97500","D-Digital","High","12.5K","Off","Off","NY Statewide","Group Call","3136","KC1JMH / Brad Br","Always","Carrier","Off","1","1","1","Off","1","1","None","None","Off","Off","Off","Off","Normal Encryption","Off","Off","Off","Off","251.1","1","Off","Off","Off","Off","Off","Off","1","0","Off","0","2","0","0","0","0"
"1714","PECNY North Am","449.97500","444.97500","D-Digital","High","12.5K","Off","Off","North America","Group Call","3","KC1JMH / Brad Br","Always","Carrier","Off","1","1","1","Off","1","1","None","None","Off","Off","Off","Off","Normal Encryption","Off","Off","Off","Off","251.1","1","Off","Off","Off","Off","Off","Off","1","0","Off","0","2","0","0","0","0"
"1715","PECNY Northeast","449.97500","444.97500","D-Digital","High","12.5K","Off","Off","Northeast","Group Call","3172","KC1JMH / Brad Br","Always","Carrier","Off","1","1","1","Off","1","1","None","None","Off","Off","Off","Off","Normal Encryption","Off","Off","Off","Off","251.1","1","Off","Off","Off","Off","Off","Off","1","0","Off","0","2","0","0","0","0"
"1716","PECNY Parrot","449.97500","444.97500","D-Digital","High","12.5K","Off","Off","Parrot","Group Call","9998","KC1JMH / Brad Br","Always","Carrier","Off","1","1","1","Off","1","1","None","None","Off","Off","Off","Off","Normal Encryption","Off","Off","Off","Off","251.1","1","Off","Off","Off","Off","Off","Off","1","0","Off","0","2","0","0","0","0"
"1717","PECNY Audio","449.97500","444.97500","D-Digital","High","12.5K","Off","Off","Audio Watch","Group Call","9999","KC1JMH / Brad Br","Always","Carrier","Off","1","1","1","Off","1","1","None","None","Off","Off","Off","Off","Normal Encryption","Off","Off","Off","Off","251.1","1","Off","Off","Off","Off","Off","Off","1","0","Off","0","2","0","0","0","0"
"1718","RVHNY Audio","442.30000","447.30000","D-Digital","Turbo","12.5K","Off","Off","Audio Watch","Group Call","9999","KC1JMH / Brad Br","Always","Carrier","Off","1","1","1","Off","1","1","None","None","Off","Off","Off","Off","Normal Encryption","Off","Off","Off","Off","251.1","1","Off","Off","Off","Off","Off","Off","1","0","Off","0","2","0","0","0","0"
"1719","RVHNY CT SW","442.30000","447.30000","D-Digital","Turbo","12.5K","Off","Off","CT Statewide","Group Call","3109","KC1JMH / Brad Br","Always","Carrier","Off","1","1","1","Off","1","2","None","None","Off","Off","Off","Off","Normal Encryption","Off","Off","Off","Off","251.1","1","Off","Off","Off","Off","Off","Off","1","0","Off","0","2","0","0","0","0"
"1720","RVHNY Local","442.30000","447.30000","D-Digital","Turbo","12.5K","Off","Off","Local","Group Call","9","KC1JMH / Brad Br","Always","Carrier","Off","1","1","1","Off","1","2","None","None","Off","Off","Off","Off","Normal Encryption","Off","Off","Off","Off","251.1","1","Off","Off","Off","Off","Off","Off","1","0","Off","0","2","0","0","0","0"
"1721","RVHNY NE Wide","442.30000","447.30000","D-Digital","Turbo","12.5K","Off","Off","New England-Wide","Group Call","3181","KC1JMH / Brad Br","Always","Carrier","Off","1","1","1","Off","1","2","None","None","Off","Off","Off","Off","Normal Encryption","Off","Off","Off","Off","251.1","1","Off","Off","Off","Off","Off","Off","1","0","Off","0","2","0","0","0","0"
"1722","RVHNY NETAC1","442.30000","447.30000","D-Digital","Turbo","12.5K","Off","Off","NETAC1","Group Call","8801","KC1JMH / Brad Br","Always","Carrier","Off","1","1","1","Off","1","1","None","None","Off","Off","Off","Off","Normal Encryption","Off","Off","Off","Off","251.1","1","Off","Off","Off","Off","Off","Off","1","0","Off","0","2","0","0","0","0"
"1723","RVHNY NETAC2","442.30000","447.30000","D-Digital","Turbo","12.5K","Off","Off","NETAC2","Group Call","8802","KC1JMH / Brad Br","Always","Carrier","Off","1","1","1","Off","1","2","None","None","Off","Off","Off","Off","Normal Encryption","Off","Off","Off","Off","251.1","1","Off","Off","Off","Off","Off","Off","1","0","Off","0","2","0","0","0","0"
"1724","RVHNY North Am","442.30000","447.30000","D-Digital","Turbo","12.5K","Off","Off","North America","Group Call","3","KC1JMH / Brad Br","Always","Carrier","Off","1","1","1","Off","1","1","None","None","Off","Off","Off","Off","Normal Encryption","Off","Off","Off","Off","251.1","1","Off","Off","Off","Off","Off","Off","1","0","Off","0","2","0","0","0","0"
"1725","RVHNY Northeast","442.30000","447.30000","D-Digital","Turbo","12.5K","Off","Off","Northeast","Group Call","3172","KC1JMH / Brad Br","Always","Carrier","Off","1","1","1","Off","1","1","None","None","Off","Off","Off","Off","Normal Encryption","Off","Off","Off","Off","251.1","1","Off","Off","Off","Off","Off","Off","1","0","Off","0","2","0","0","0","0"
"1726","RVHNY NY SW","442.30000","447.30000","D-Digital","Turbo","12.5K","Off","Off","NY Statewide","Group Call","3136","KC1JMH / Brad Br","Always","Carrier","Off","1","1","1","Off","1","1","None","None","Off","Off","Off","Off","Normal Encryption","Off","Off","Off","Off","251.1","1","Off","Off","Off","Off","Off","Off","1","0","Off","0","2","0","0","0","0"
"1727","RVHNY Parrot","442.30000","447.30000","D-Digital","Turbo","12.5K","Off","Off","Parrot","Group Call","9998","KC1JMH / Brad Br","Always","Carrier","Off","1","1","1","Off","1","1","None","None","Off","Off","Off","Off","Normal Encryption","Off","Off","Off","Off","251.1","1","Off","Off","Off","Off","Off","Off","1","0","Off","0","2","0","0","0","0"
"1728","RVHNY SKYWARN","442.30000","447.30000","D-Digital","Turbo","12.5K","Off","Off","SKYWARN","Group Call","759","KC1JMH / Brad Br","Always","Carrier","Off","1","1","1","Off","1","1","None","None","Off","Off","Off","Off","Normal Encryption","Off","Off","Off","Off","251.1","1","Off","Off","Off","Off","Off","Off","1","0","Off","0","2","0","0","0","0"
"1729","RVHNY TAC310","442.30000","447.30000","D-Digital","Turbo","12.5K","Off","Off","TAC310","Group Call","310","KC1JMH / Brad Br","Always","Carrier","Off","1","1","1","Off","1","1","None","None","Off","Off","Off","Off","Normal Encryption","Off","Off","Off","Off","251.1","1","Off","Off","Off","Off","Off","Off","1","0","Off","0","2","0","0","0","0"
"1730","RVHNY TAC311","442.30000","447.30000","D-Digital","Turbo","12.5K","Off","Off","TAC311","Group Call","311","KC1JMH / Brad Br","Always","Carrier","Off","1","1","1","Off","1","1","None","None","Off","Off","Off","Off","Normal Encryption","Off","Off","Off","Off","251.1","1","Off","Off","Off","Off","Off","Off","1","0","Off","0","2","0","0","0","0"
"1731","RVHNY WW","442.30000","447.30000","D-Digital","Turbo","12.5K","Off","Off","WW Call","Group Call","1","KC1JMH / Brad Br","Always","Carrier","Off","1","1","1","Off","1","1","None","None","Off","Off","Off","Off","Normal Encryption","Off","Off","Off","Off","251.1","1","Off","Off","Off","Off","Off","Off","1","0","Off","0","2","0","0","0","0"
"1732","SLDNY Audio","448.82500","443.82500","D-Digital","Turbo","12.5K","Off","Off","Audio Watch","Group Call","9999","KC1JMH / Brad Br","Always","Carrier","Off","1","1","1","Off","1","1","None","None","Off","Off","Off","Off","Normal Encryption","Off","Off","Off","Off","251.1","1","Off","Off","Off","Off","Off","Off","1","0","Off","0","2","0","0","0","0"
"1733","SLDNY CT SW","448.82500","443.82500","D-Digital","Turbo","12.5K","Off","Off","CT Statewide","Group Call","3109","KC1JMH / Brad Br","Always","Carrier","Off","1","1","1","Off","1","2","None","None","Off","Off","Off","Off","Normal Encryption","Off","Off","Off","Off","251.1","1","Off","Off","Off","Off","Off","Off","1","0","Off","0","2","0","0","0","0"
"1734","SLDNY Local","448.82500","443.82500","D-Digital","Turbo","12.5K","Off","Off","Local","Group Call","9","KC1JMH / Brad Br","Always","Carrier","Off","1","1","1","Off","1","2","None","None","Off","Off","Off","Off","Normal Encryption","Off","Off","Off","Off","251.1","1","Off","Off","Off","Off","Off","Off","1","0","Off","0","2","0","0","0","0"
"1735","SLDNY NE Wide","448.82500","443.82500","D-Digital","Turbo","12.5K","Off","Off","New England-Wide","Group Call","3181","KC1JMH / Brad Br","Always","Carrier","Off","1","1","1","Off","1","2","None","None","Off","Off","Off","Off","Normal Encryption","Off","Off","Off","Off","251.1","1","Off","Off","Off","Off","Off","Off","1","0","Off","0","2","0","0","0","0"
"1736","SLDNY North Am","448.82500","443.82500","D-Digital","Turbo","12.5K","Off","Off","North America","Group Call","3","KC1JMH / Brad Br","Always","Carrier","Off","1","1","1","Off","1","1","None","None","Off","Off","Off","Off","Normal Encryption","Off","Off","Off","Off","251.1","1","Off","Off","Off","Off","Off","Off","1","0","Off","0","2","0","0","0","0"
"1737","SLDNY Northeast","448.82500","443.82500","D-Digital","Turbo","12.5K","Off","Off","Northeast","Group Call","3172","KC1JMH / Brad Br","Always","Carrier","Off","1","1","1","Off","1","1","None","None","Off","Off","Off","Off","Normal Encryption","Off","Off","Off","Off","251.1","1","Off","Off","Off","Off","Off","Off","1","0","Off","0","2","0","0","0","0"
"1738","SLDNY Parrot","448.82500","443.82500","D-Digital","Turbo","12.5K","Off","Off","Parrot","Group Call","9998","KC1JMH / Brad Br","Always","Carrier","Off","1","1","1","Off","1","1","None","None","Off","Off","Off","Off","Normal Encryption","Off","Off","Off","Off","251.1","1","Off","Off","Off","Off","Off","Off","1","0","Off","0","2","0","0","0","0"
"1739","SLDNY SKYWARN","448.82500","443.82500","D-Digital","Turbo","12.5K","Off","Off","SKYWARN","Group Call","759","KC1JMH / Brad Br","Always","Carrier","Off","1","1","1","Off","1","1","None","None","Off","Off","Off","Off","Normal Encryption","Off","Off","Off","Off","251.1","1","Off","Off","Off","Off","Off","Off","1","0","Off","0","2","0","0","0","0"
"1740","SLDNY TAC310","448.82500","443.82500","D-Digital","Turbo","12.5K","Off","Off","TAC310","Group Call","310","KC1JMH / Brad Br","Always","Carrier","Off","1","1","1","Off","1","2","None","None","Off","Off","Off","Off","Normal Encryption","Off","Off","Off","Off","251.1","1","Off","Off","Off","Off","Off","Off","1","0","Off","0","2","0","0","0","0"
"1741","SLDNY WW","448.82500","443.82500","D-Digital","Turbo","12.5K","Off","Off","WW Call","Group Call","1","KC1JMH / Brad Br","Always","Carrier","Off","1","1","1","Off","1","1","None","None","Off","Off","Off","Off","Normal Encryption","Off","Off","Off","Off","251.1","1","Off","Off","Off","Off","Off","Off","1","0","Off","0","2","0","0","0","0"
"1742","PECNY SKYWARN","449.97500","444.97500","D-Digital","High","12.5K","Off","Off","SKYWARN","Group Call","759","KC1JMH / Brad Br","Always","Carrier","Off","1","1","1","Off","1","1","None","None","Off","Off","Off","Off","Normal Encryption","Off","Off","Off","Off","251.1","1","Off","Off","Off","Off","Off","Off","1","0","Off","0","2","0","0","0","0"
"1743","PECNY TAC310","449.97500","444.97500","D-Digital","High","12.5K","Off","Off","TAC310","Group Call","310","KC1JMH / Brad Br","Always","Carrier","Off","1","1","1","Off","1","1","None","None","Off","Off","Off","Off","Normal Encryption","Off","Off","Off","Off","251.1","1","Off","Off","Off","Off","Off","Off","1","0","Off","0","2","0","0","0","0"
"1744","PECNY TAC311","449.97500","444.97500","D-Digital","High","12.5K","Off","Off","TAC311","Group Call","311","KC1JMH / Brad Br","Always","Carrier","Off","1","1","1","Off","1","1","None","None","Off","Off","Off","Off","Normal Encryption","Off","Off","Off","Off","251.1","1","Off","Off","Off","Off","Off","Off","1","0","Off","0","2","0","0","0","0"
"1745","PECNY WW","449.97500","444.97500","D-Digital","High","12.5K","Off","Off","WW Call","Group Call","1","KC1JMH / Brad Br","Always","Carrier","Off","1","1","1","Off","1","1","None","None","Off","Off","Off","Off","Normal Encryption","Off","Off","Off","Off","251.1","1","Off","Off","Off","Off","Off","Off","1","0","Off","0","2","0","0","0","0"
"1746","PRVDRI CT SW","447.72500","442.72500","D-Digital","High","12.5K","Off","Off","CT Statewide","Group Call","3109","KC1JMH / Brad Br","Always","Carrier","Off","1","1","1","Off","2","1","None","None","Off","Off","Off","Off","Normal Encryption","Off","Off","Off","Off","251.1","1","Off","Off","Off","Off","Off","Off","1","0","Off","0","2","0","0","0","0"
"1747","BRSRI Audio","145.33000","144.73000","D-Digital","Turbo","12.5K","Off","Off","Audio Watch","Group Call","9999","KC1JMH / Brad Br","Always","Carrier","Off","1","1","1","Off","2","1","None","None","Off","Off","Off","Off","Normal Encryption","Off","Off","Off","Off","251.1","1","Off","Off","Off","Off","Off","Off","1","0","Off","0","2","0","0","0","0"
"1748","BRSRI Cape Net","145.33000","144.73000","D-Digital","Turbo","12.5K","Off","Off","Cape Net","Group Call","8804","KC1JMH / Brad Br","Always","Carrier","Off","1","1","1","Off","2","1","None","None","Off","Off","Off","Off","Normal Encryption","Off","Off","Off","Off","251.1","1","Off","Off","Off","Off","Off","Off","1","0","Off","0","2","0","0","0","0"
"1749","BRSRI CT SW","145.33000","144.73000","D-Digital","Turbo","12.5K","Off","Off","CT Statewide","Group Call","3109","KC1JMH / Brad Br","Always","Carrier","Off","1","1","1","Off","2","1","None","None","Off","Off","Off","Off","Normal Encryption","Off","Off","Off","Off","251.1","1","Off","Off","Off","Off","Off","Off","1","0","Off","0","2","0","0","0","0"
"1750","BRSRI Local","145.33000","144.73000","D-Digital","Turbo","12.5K","Off","Off","Local","Group Call","9","KC1JMH / Brad Br","Always","Carrier","Off","1","1","1","Off","2","2","None","None","Off","Off","Off","Off","Normal Encryption","Off","Off","Off","Off","251.1","1","Off","Off","Off","Off","Off","Off","1","0","Off","0","2","0","0","0","0"
"1751","BRSRI MA SW","145.33000","144.73000","D-Digital","Turbo","12.5K","Off","Off","MA Statewide","Group Call","3125","KC1JMH / Brad Br","Always","Carrier","Off","1","1","1","Off","2","1","None","None","Off","Off","Off","Off","Normal Encryption","Off","Off","Off","Off","251.1","1","Off","Off","Off","Off","Off","Off","1","0","Off","0","2","0","0","0","0"
"1752","BRSRI ME SW","145.33000","144.73000","D-Digital","Turbo","12.5K","Off","Off","ME Statewide","Group Call","3123","KC1JMH / Brad Br","Always","Carrier","Off","1","1","1","Off","2","1","None","None","Off","Off","Off","Off","Normal Encryption","Off","Off","Off","Off","251.1","1","Off","Off","Off","Off","Off","Off","1","0","Off","0","2","0","0","0","0"
"1753","BRSRI NE Wide","145.33000","144.73000","D-Digital","Turbo","12.5K","Off","Off","New England-Wide","Group Call","3181","KC1JMH / Brad Br","Always","Carrier","Off","1","1","1","Off","2","2","None","None","Off","Off","Off","Off","Normal Encryption","Off","Off","Off","Off","251.1","1","Off","Off","Off","Off","Off","Off","1","0","Off","0","2","0","0","0","0"
"1754","BRSRI NETAC1","145.33000","144.73000","D-Digital","Turbo","12.5K","Off","Off","NETAC1","Group Call","8801","KC1JMH / Brad Br","Always","Carrier","Off","1","1","1","Off","2","1","None","None","Off","Off","Off","Off","Normal Encryption","Off","Off","Off","Off","251.1","1","Off","Off","Off","Off","Off","Off","1","0","Off","0","2","0","0","0","0"
"1755","BRSRI NETAC2","145.33000","144.73000","D-Digital","Turbo","12.5K","Off","Off","NETAC2","Group Call","8802","KC1JMH / Brad Br","Always","Carrier","Off","1","1","1","Off","2","2","None","None","Off","Off","Off","Off","Normal Encryption","Off","Off","Off","Off","251.1","1","Off","Off","Off","Off","Off","Off","1","0","Off","0","2","0","0","0","0"
"1756","BRSRI NH SW","145.33000","144.73000","D-Digital","Turbo","12.5K","Off","Off","NH Statewide","Group Call","3133","KC1JMH / Brad Br","Always","Carrier","Off","1","1","1","Off","2","1","None","None","Off","Off","Off","Off","Normal Encryption","Off","Off","Off","Off","251.1","1","Off","Off","Off","Off","Off","Off","1","0","Off","0","2","0","0","0","0"
"1757","BRSRI North Am","145.33000","144.73000","D-Digital","Turbo","12.5K","Off","Off","North America","Group Call","3","KC1JMH / Brad Br","Always","Carrier","Off","1","1","1","Off","2","1","None","None","Off","Off","Off","Off","Normal Encryption","Off","Off","Off","Off","251.1","1","Off","Off","Off","Off","Off","Off","1","0","Off","0","2","0","0","0","0"
"1758","BRSRI Northeast","145.33000","144.73000","D-Digital","Turbo","12.5K","Off","Off","Northeast","Group Call","3172","KC1JMH / Brad Br","Always","Carrier","Off","1","1","1","Off","2","1","None","None","Off","Off","Off","Off","Normal Encryption","Off","Off","Off","Off","251.1","1","Off","Off","Off","Off","Off","Off","1","0","Off","0","2","0","0","0","0"
"1759","BRSRI Parrot","145.33000","144.73000","D-Digital","Turbo","12.5K","Off","Off","Parrot","Group Call","9998","KC1JMH / Brad Br","Always","Carrier","Off","1","1","1","Off","2","1","None","None","Off","Off","Off","Off","Normal Encryption","Off","Off","Off","Off","251.1","1","Off","Off","Off","Off","Off","Off","1","0","Off","0","2","0","0","0","0"
"1760","BRSRI RI SW","145.33000","144.73000","D-Digital","Turbo","12.5K","Off","Off","RI Statewide","Group Call","3144","KC1JMH / Brad Br","Always","Carrier","Off","1","1","1","Off","2","2","None","None","Off","Off","Off","Off","Normal Encryption","Off","Off","Off","Off","251.1","1","Off","Off","Off","Off","Off","Off","1","0","Off","0","2","0","0","0","0"
"1761","BRSRI SKYWARN","145.33000","144.73000","D-Digital","Turbo","12.5K","Off","Off","SKYWARN","Group Call","759","KC1JMH / Brad Br","Always","Carrier","Off","1","1","1","Off","2","1","None","None","Off","Off","Off","Off","Normal Encryption","Off","Off","Off","Off","251.1","1","Off","Off","Off","Off","Off","Off","1","0","Off","0","2","0","0","0","0"
"1762","BRSRI TAC310","145.33000","144.73000","D-Digital","Turbo","12.5K","Off","Off","TAC310","Group Call","310","KC1JMH / Brad Br","Always","Carrier","Off","1","1","1","Off","2","1","None","None","Off","Off","Off","Off","Normal Encryption","Off","Off","Off","Off","251.1","1","Off","Off","Off","Off","Off","Off","1","0","Off","0","2","0","0","0","0"
"1763","BRSRI VT SW","145.33000","144.73000","D-Digital","Turbo","12.5K","Off","Off","VT Statewide","Group Call","3150","KC1JMH / Brad Br","Always","Carrier","Off","1","1","1","Off","2","1","None","None","Off","Off","Off","Off","Normal Encryption","Off","Off","Off","Off","251.1","1","Off","Off","Off","Off","Off","Off","1","0","Off","0","2","0","0","0","0"
"1764","BRSRI WW","145.33000","144.73000","D-Digital","Turbo","12.5K","Off","Off","WW Call","Group Call","1","KC1JMH / Brad Br","Always","Carrier","Off","1","1","1","Off","2","1","None","None","Off","Off","Off","Off","Normal Encryption","Off","Off","Off","Off","251.1","1","Off","Off","Off","Off","Off","Off","1","0","Off","0","2","0","0","0","0"
"1765","BRSRI UA Eng1","145.33000","144.73000","D-Digital","Turbo","12.5K","Off","Off","UA English 1-113","Group Call","113","KC1JMH / Brad Br","Always","Carrier","Off","1","1","1","Off","2","1","None","None","Off","Off","Off","Off","Normal Encryption","Off","Off","Off","Off","251.1","1","Off","Off","Off","Off","Off","Off","1","0","Off","0","2","0","0","0","0"
"1766","BRSRI UA Eng2","145.33000","144.73000","D-Digital","Turbo","12.5K","Off","Off","UA English 2-123","Group Call","123","KC1JMH / Brad Br","Always","Carrier","Off","1","1","1","Off","2","1","None","None","Off","Off","Off","Off","Normal Encryption","Off","Off","Off","Off","251.1","1","Off","Off","Off","Off","Off","Off","1","0","Off","0","2","0","0","0","0"
"1767","BRSRI Reg North","145.33000","144.73000","D-Digital","Turbo","12.5K","Off","Off","Region North","Group Call","8","KC1JMH / Brad Br","Always","Carrier","Off","1","1","1","Off","2","2","None","None","Off","Off","Off","Off","Normal Encryption","Off","Off","Off","Off","251.1","1","Off","Off","Off","Off","Off","Off","1","0","Off","0","2","0","0","0","0"
"1768","BRSRI TAC311","145.33000","144.73000","D-Digital","Turbo","12.5K","Off","Off","TAC311","Group Call","311","KC1JMH / Brad Br","Always","Carrier","Off","1","1","1","Off","2","1","None","None","Off","Off","Off","Off","Normal Encryption","Off","Off","Off","Off","251.1","1","Off","Off","Off","Off","Off","Off","1","0","Off","0","2","0","0","0","0"
"1769","PRVDRI Local","447.72500","442.72500","D-Digital","High","12.5K","Off","Off","Local","Group Call","9","KC1JMH / Brad Br","Always","Carrier","Off","1","1","1","Off","2","2","None","None","Off","Off","Off","Off","Normal Encryption","Off","Off","Off","Off","251.1","1","Off","Off","Off","Off","Off","Off","1","0","Off","0","2","0","0","0","0"
"1770","PRVDRI MA SW","447.72500","442.72500","D-Digital","High","12.5K","Off","Off","MA Statewide","Group Call","3125","KC1JMH / Brad Br","Always","Carrier","Off","1","1","1","Off","2","1","None","None","Off","Off","Off","Off","Normal Encryption","Off","Off","Off","Off","251.1","1","Off","Off","Off","Off","Off","Off","1","0","Off","0","2","0","0","0","0"
"1771","PRVDRI ME SW","447.72500","442.72500","D-Digital","High","12.5K","Off","Off","ME Statewide","Group Call","3123","KC1JMH / Brad Br","Always","Carrier","Off","1","1","1","Off","2","1","None","None","Off","Off","Off","Off","Normal Encryption","Off","Off","Off","Off","251.1","1","Off","Off","Off","Off","Off","Off","1","0","Off","0","2","0","0","0","0"
"1772","PRVDRI NE Wide","447.72500","442.72500","D-Digital","High","12.5K","Off","Off","New England-Wide","Group Call","3181","KC1JMH / Brad Br","Always","Carrier","Off","1","1","1","Off","2","2","None","None","Off","Off","Off","Off","Normal Encryption","Off","Off","Off","Off","251.1","1","Off","Off","Off","Off","Off","Off","1","0","Off","0","2","0","0","0","0"
"1773","PRVDRI NETAC1","447.72500","442.72500","D-Digital","High","12.5K","Off","Off","NETAC1","Group Call","8801","KC1JMH / Brad Br","Always","Carrier","Off","1","1","1","Off","2","1","None","None","Off","Off","Off","Off","Normal Encryption","Off","Off","Off","Off","251.1","1","Off","Off","Off","Off","Off","Off","1","0","Off","0","2","0","0","0","0"
"1774","PRVDRI NETAC2","447.72500","442.72500","D-Digital","High","12.5K","Off","Off","NETAC2","Group Call","8802","KC1JMH / Brad Br","Always","Carrier","Off","1","1","1","Off","2","2","None","None","Off","Off","Off","Off","Normal Encryption","Off","Off","Off","Off","251.1","1","Off","Off","Off","Off","Off","Off","1","0","Off","0","2","0","0","0","0"
"1775","PRVDRI NH SW","447.72500","442.72500","D-Digital","High","12.5K","Off","Off","NH Statewide","Group Call","3133","KC1JMH / Brad Br","Always","Carrier","Off","1","1","1","Off","2","1","None","None","Off","Off","Off","Off","Normal Encryption","Off","Off","Off","Off","251.1","1","Off","Off","Off","Off","Off","Off","1","0","Off","0","2","0","0","0","0"
"1776","PRVDRI North Am","447.72500","442.72500","D-Digital","High","12.5K","Off","Off","North America","Group Call","3","KC1JMH / Brad Br","Always","Carrier","Off","1","1","1","Off","2","1","None","None","Off","Off","Off","Off","Normal Encryption","Off","Off","Off","Off","251.1","1","Off","Off","Off","Off","Off","Off","1","0","Off","0","2","0","0","0","0"
"1777","PRVDRI Northeast","447.72500","442.72500","D-Digital","High","12.5K","Off","Off","Northeast","Group Call","3172","KC1JMH / Brad Br","Always","Carrier","Off","1","1","1","Off","2","1","None","None","Off","Off","Off","Off","Normal Encryption","Off","Off","Off","Off","251.1","1","Off","Off","Off","Off","Off","Off","1","0","Off","0","2","0","0","0","0"
"1778","PRVDRI Parrot","447.72500","442.72500","D-Digital","High","12.5K","Off","Off","Parrot","Group Call","9998","KC1JMH / Brad Br","Always","Carrier","Off","1","1","1","Off","2","1","None","None","Off","Off","Off","Off","Normal Encryption","Off","Off","Off","Off","251.1","1","Off","Off","Off","Off","Off","Off","1","0","Off","0","2","0","0","0","0"
"1779","PRVDRI Audio","447.72500","442.72500","D-Digital","High","12.5K","Off","Off","Audio Watch","Group Call","9999","KC1JMH / Brad Br","Always","Carrier","Off","1","1","1","Off","2","1","None","None","Off","Off","Off","Off","Normal Encryption","Off","Off","Off","Off","251.1","1","Off","Off","Off","Off","Off","Off","1","0","Off","0","2","0","0","0","0"
"1780","PRVDRI VT SW","447.72500","442.72500","D-Digital","High","12.5K","Off","Off","VT Statewide","Group Call","3150","KC1JMH / Brad Br","Always","Carrier","Off","1","1","1","Off","2","1","None","None","Off","Off","Off","Off","Normal Encryption","Off","Off","Off","Off","251.1","1","Off","Off","Off","Off","Off","Off","1","0","Off","0","2","0","0","0","0"
"1781","PRVDRI Cape Net","447.72500","442.72500","D-Digital","High","12.5K","Off","Off","Cape Net","Group Call","8804","KC1JMH / Brad Br","Always","Carrier","Off","1","1","1","Off","2","1","None","None","Off","Off","Off","Off","Normal Encryption","Off","Off","Off","Off","251.1","1","Off","Off","Off","Off","Off","Off","1","0","Off","0","2","0","0","0","0"
"1782","PRVDRI RI SW","447.72500","442.72500","D-Digital","High","12.5K","Off","Off","RI Statewide","Group Call","3144","KC1JMH / Brad Br","Always","Carrier","Off","1","1","1","Off","2","2","None","None","Off","Off","Off","Off","Normal Encryption","Off","Off","Off","Off","251.1","1","Off","Off","Off","Off","Off","Off","1","0","Off","0","2","0","0","0","0"
"1783","PRVDRI SKYWARN","447.72500","442.72500","D-Digital","High","12.5K","Off","Off","SKYWARN","Group Call","759","KC1JMH / Brad Br","Always","Carrier","Off","1","1","1","Off","2","1","None","None","Off","Off","Off","Off","Normal Encryption","Off","Off","Off","Off","251.1","1","Off","Off","Off","Off","Off","Off","1","0","Off","0","2","0","0","0","0"
"1784","PRVDRI TAC310","447.72500","442.72500","D-Digital","High","12.5K","Off","Off","TAC310","Group Call","310","KC1JMH / Brad Br","Always","Carrier","Off","1","1","1","Off","2","1","None","None","Off","Off","Off","Off","Normal Encryption","Off","Off","Off","Off","251.1","1","Off","Off","Off","Off","Off","Off","1","0","Off","0","2","0","0","0","0"
"1785","PRVDRI TAC311","447.72500","442.72500","D-Digital","High","12.5K","Off","Off","TAC311","Group Call","311","KC1JMH / Brad Br","Always","Carrier","Off","1","1","1","Off","2","1","None","None","Off","Off","Off","Off","Normal Encryption","Off","Off","Off","Off","251.1","1","Off","Off","Off","Off","Off","Off","1","0","Off","0","2","0","0","0","0"
"1786","PRVDRI WW","447.72500","442.72500","D-Digital","High","12.5K","Off","Off","WW Call","Group Call","1","KC1JMH / Brad Br","Always","Carrier","Off","1","1","1","Off","2","1","None","None","Off","Off","Off","Off","Normal Encryption","Off","Off","Off","Off","251.1","1","Off","Off","Off","Off","Off","Off","1","0","Off","0","2","0","0","0","0"
"1787","ASCVT Local","448.47500","443.47500","D-Digital","High","12.5K","Off","Off","Local","Group Call","9","KC1JMH / Brad Br","Always","Carrier","Off","1","1","1","Off","5","2","None","None","Off","Off","Off","Off","Normal Encryption","Off","Off","Off","Off","251.1","1","Off","Off","Off","Off","Off","Off","1","0","Off","0","2","0","0","0","0"
"1788","ASCVT MA SW","448.47500","443.47500","D-Digital","High","12.5K","Off","Off","MA Statewide","Group Call","3125","KC1JMH / Brad Br","Always","Carrier","Off","1","1","1","Off","5","1","None","None","Off","Off","Off","Off","Normal Encryption","Off","Off","Off","Off","251.1","1","Off","Off","Off","Off","Off","Off","1","0","Off","0","2","0","0","0","0"
"1789","ASCVT NE Wide","448.47500","443.47500","D-Digital","High","12.5K","Off","Off","New England-Wide","Group Call","3181","KC1JMH / Brad Br","Always","Carrier","Off","1","1","1","Off","5","2","None","None","Off","Off","Off","Off","Normal Encryption","Off","Off","Off","Off","251.1","1","Off","Off","Off","Off","Off","Off","1","0","Off","0","2","0","0","0","0"
"1790","ASCVT NETAC1","448.47500","443.47500","D-Digital","High","12.5K","Off","Off","NETAC1","Group Call","8801","KC1JMH / Brad Br","Always","Carrier","Off","1","1","1","Off","5","1","None","None","Off","Off","Off","Off","Normal Encryption","Off","Off","Off","Off","251.1","1","Off","Off","Off","Off","Off","Off","1","0","Off","0","2","0","0","0","0"
"1791","ASCVT NETAC2","448.47500","443.47500","D-Digital","High","12.5K","Off","Off","NETAC2","Group Call","8802","KC1JMH / Brad Br","Always","Carrier","Off","1","1","1","Off","5","2","None","None","Off","Off","Off","Off","Normal Encryption","Off","Off","Off","Off","251.1","1","Off","Off","Off","Off","Off","Off","1","0","Off","0","2","0","0","0","0"
"1792","ASCVT NH SW","448.47500","443.47500","D-Digital","High","12.5K","Off","Off","NH Statewide","Group Call","3133","KC1JMH / Brad Br","Always","Carrier","Off","1","1","1","Off","5","1","None","None","Off","Off","Off","Off","Normal Encryption","Off","Off","Off","Off","251.1","1","Off","Off","Off","Off","Off","Off","1","0","Off","0","2","0","0","0","0"
"1793","ASCVT North Am","448.47500","443.47500","D-Digital","High","12.5K","Off","Off","North America","Group Call","3","KC1JMH / Brad Br","Always","Carrier","Off","1","1","1","Off","5","1","None","None","Off","Off","Off","Off","Normal Encryption","Off","Off","Off","Off","251.1","1","Off","Off","Off","Off","Off","Off","1","0","Off","0","2","0","0","0","0"
"1794","ASCVT Northeast","448.47500","443.47500","D-Digital","High","12.5K","Off","Off","Northeast","Group Call","3172","KC1JMH / Brad Br","Always","Carrier","Off","1","1","1","Off","5","1","None","None","Off","Off","Off","Off","Normal Encryption","Off","Off","Off","Off","251.1","1","Off","Off","Off","Off","Off","Off","1","0","Off","0","2","0","0","0","0"
"1795","ASCVT Parrot","448.47500","443.47500","D-Digital","High","12.5K","Off","Off","Parrot","Group Call","9998","KC1JMH / Brad Br","Always","Carrier","Off","1","1","1","Off","5","1","None","None","Off","Off","Off","Off","Normal Encryption","Off","Off","Off","Off","251.1","1","Off","Off","Off","Off","Off","Off","1","0","Off","0","2","0","0","0","0"
"1796","ASCVT Audio","448.47500","443.47500","D-Digital","High","12.5K","Off","Off","Audio Watch","Group Call","9999","KC1JMH / Brad Br","Always","Carrier","Off","1","1","1","Off","5","1","None","None","Off","Off","Off","Off","Normal Encryption","Off","Off","Off","Off","251.1","1","Off","Off","Off","Off","Off","Off","1","0","Off","0","2","0","0","0","0"
"1797","ASCVT TAC316","448.47500","443.47500","D-Digital","High","12.5K","Off","Off","TAC316","Group Call","316","KC1JMH / Brad Br","Always","Carrier","Off","1","1","1","Off","5","1","None","None","Off","Off","Off","Off","Normal Encryption","Off","Off","Off","Off","251.1","1","Off","Off","Off","Off","Off","Off","1","0","Off","0","2","0","0","0","0"
"1798","ASCVT CT SW","448.47500","443.47500","D-Digital","High","12.5K","Off","Off","CT Statewide","Group Call","3109","KC1JMH / Brad Br","Always","Carrier","Off","1","1","1","Off","5","1","None","None","Off","Off","Off","Off","Normal Encryption","Off","Off","Off","Off","251.1","1","Off","Off","Off","Off","Off","Off","1","0","Off","0","2","0","0","0","0"
"1799","ASCVT ME SW","448.47500","443.47500","D-Digital","High","12.5K","Off","Off","ME Statewide","Group Call","3123","KC1JMH / Brad Br","Always","Carrier","Off","1","1","1","Off","5","1","None","None","Off","Off","Off","Off","Normal Encryption","Off","Off","Off","Off","251.1","1","Off","Off","Off","Off","Off","Off","1","0","Off","0","2","0","0","0","0"
"1800","ASCVT RI SW","448.47500","443.47500","D-Digital","High","12.5K","Off","Off","RI Statewide","Group Call","3144","KC1JMH / Brad Br","Always","Carrier","Off","1","1","1","Off","5","1","None","None","Off","Off","Off","Off","Normal Encryption","Off","Off","Off","Off","251.1","1","Off","Off","Off","Off","Off","Off","1","0","Off","0","2","0","0","0","0"
"1801","ASCVT Reg North","448.47500","443.47500","D-Digital","High","12.5K","Off","Off","Region North","Group Call","8","KC1JMH / Brad Br","Always","Carrier","Off","1","1","1","Off","5","2","None","None","Off","Off","Off","Off","Normal Encryption","Off","Off","Off","Off","251.1","1","Off","Off","Off","Off","Off","Off","1","0","Off","0","2","0","0","0","0"
"1802","ASCVT SKYWARN","448.47500","443.47500","D-Digital","High","12.5K","Off","Off","SKYWARN","Group Call","759","KC1JMH / Brad Br","Always","Carrier","Off","1","1","1","Off","5","1","None","None","Off","Off","Off","Off","Normal Encryption","Off","Off","Off","Off","251.1","1","Off","Off","Off","Off","Off","Off","1","0","Off","0","2","0","0","0","0"
"1803","ASCVT TAC310","448.47500","443.47500","D-Digital","High","12.5K","Off","Off","TAC310","Group Call","310","KC1JMH / Brad Br","Always","Carrier","Off","1","1","1","Off","5","1","None","None","Off","Off","Off","Off","Normal Encryption","Off","Off","Off","Off","251.1","1","Off","Off","Off","Off","Off","Off","1","0","Off","0","2","0","0","0","0"
"1804","ASCVT TAC311","448.47500","443.47500","D-Digital","High","12.5K","Off","Off","TAC311","Group Call","311","KC1JMH / Brad Br","Always","Carrier","Off","1","1","1","Off","5","1","None","None","Off","Off","Off","Off","Normal Encryption","Off","Off","Off","Off","251.1","1","Off","Off","Off","Off","Off","Off","1","0","Off","0","2","0","0","0","0"
"1805","ASCVT UA Eng1","448.47500","443.47500","D-Digital","High","12.5K","Off","Off","UA English 1-113","Group Call","113","KC1JMH / Brad Br","Always","Carrier","Off","1","1","1","Off","5","1","None","None","Off","Off","Off","Off","Normal Encryption","Off","Off","Off","Off","251.1","1","Off","Off","Off","Off","Off","Off","1","0","Off","0","2","0","0","0","0"
"1806","ASCVT UA Eng2","448.47500","443.47500","D-Digital","High","12.5K","Off","Off","UA English 2-123","Group Call","123","KC1JMH / Brad Br","Always","Carrier","Off","1","1","1","Off","5","1","None","None","Off","Off","Off","Off","Normal Encryption","Off","Off","Off","Off","251.1","1","Off","Off","Off","Off","Off","Off","1","0","Off","0","2","0","0","0","0"
"1807","ASCVT VT SW","448.47500","443.47500","D-Digital","High","12.5K","Off","Off","VT Statewide","Group Call","3150","KC1JMH / Brad Br","Always","Carrier","Off","1","1","1","Off","5","2","None","None","Off","Off","Off","Off","Normal Encryption","Off","Off","Off","Off","251.1","1","Off","Off","Off","Off","Off","Off","1","0","Off","0","2","0","0","0","0"
"1808","ASCVT WW","448.47500","443.47500","D-Digital","High","12.5K","Off","Off","WW Call","Group Call","1","KC1JMH / Brad Br","Always","Carrier","Off","1","1","1","Off","5","1","None","None","Off","Off","Off","Off","Normal Encryption","Off","Off","Off","Off","251.1","1","Off","Off","Off","Off","Off","Off","1","0","Off","0","2","0","0","0","0"
"1809","BOLVT Local","445.07500","440.07500","D-Digital","High","12.5K","Off","Off","Local","Group Call","9","KC1JMH / Brad Br","Always","Carrier","Off","1","1","1","Off","7","2","None","None","Off","Off","Off","Off","Normal Encryption","Off","Off","Off","Off","251.1","1","Off","Off","Off","Off","Off","Off","1","0","Off","0","2","0","0","0","0"
"1810","BOLVT MA SW","445.07500","440.07500","D-Digital","High","12.5K","Off","Off","MA Statewide","Group Call","3125","KC1JMH / Brad Br","Always","Carrier","Off","1","1","1","Off","7","1","None","None","Off","Off","Off","Off","Normal Encryption","Off","Off","Off","Off","251.1","1","Off","Off","Off","Off","Off","Off","1","0","Off","0","2","0","0","0","0"
"1811","BOLVT NE Wide","445.07500","440.07500","D-Digital","High","12.5K","Off","Off","New England-Wide","Group Call","3181","KC1JMH / Brad Br","Always","Carrier","Off","1","1","1","Off","7","2","None","None","Off","Off","Off","Off","Normal Encryption","Off","Off","Off","Off","251.1","1","Off","Off","Off","Off","Off","Off","1","0","Off","0","2","0","0","0","0"
"1812","BOLVT NETAC1","445.07500","440.07500","D-Digital","High","12.5K","Off","Off","NETAC1","Group Call","8801","KC1JMH / Brad Br","Always","Carrier","Off","1","1","1","Off","7","1","None","None","Off","Off","Off","Off","Normal Encryption","Off","Off","Off","Off","251.1","1","Off","Off","Off","Off","Off","Off","1","0","Off","0","2","0","0","0","0"
"1813","BOLVT NETAC2","445.07500","440.07500","D-Digital","High","12.5K","Off","Off","NETAC2","Group Call","8802","KC1JMH / Brad Br","Always","Carrier","Off","1","1","1","Off","7","2","None","None","Off","Off","Off","Off","Normal Encryption","Off","Off","Off","Off","251.1","1","Off","Off","Off","Off","Off","Off","1","0","Off","0","2","0","0","0","0"
"1814","BOLVT NH SW","445.07500","440.07500","D-Digital","High","12.5K","Off","Off","NH Statewide","Group Call","3133","KC1JMH / Brad Br","Always","Carrier","Off","1","1","1","Off","7","1","None","None","Off","Off","Off","Off","Normal Encryption","Off","Off","Off","Off","251.1","1","Off","Off","Off","Off","Off","Off","1","0","Off","0","2","0","0","0","0"
"1815","BOLVT North Am","445.07500","440.07500","D-Digital","High","12.5K","Off","Off","North America","Group Call","3","KC1JMH / Brad Br","Always","Carrier","Off","1","1","1","Off","7","1","None","None","Off","Off","Off","Off","Normal Encryption","Off","Off","Off","Off","251.1","1","Off","Off","Off","Off","Off","Off","1","0","Off","0","2","0","0","0","0"
"1816","BOLVT Northeast","445.07500","440.07500","D-Digital","High","12.5K","Off","Off","Northeast","Group Call","3172","KC1JMH / Brad Br","Always","Carrier","Off","1","1","1","Off","7","1","None","None","Off","Off","Off","Off","Normal Encryption","Off","Off","Off","Off","251.1","1","Off","Off","Off","Off","Off","Off","1","0","Off","0","2","0","0","0","0"
"1817","BOLVT Parrot","445.07500","440.07500","D-Digital","High","12.5K","Off","Off","Parrot","Group Call","9998","KC1JMH / Brad Br","Always","Carrier","Off","1","1","1","Off","7","1","None","None","Off","Off","Off","Off","Normal Encryption","Off","Off","Off","Off","251.1","1","Off","Off","Off","Off","Off","Off","1","0","Off","0","2","0","0","0","0"
"1818","BOLVT Audio","445.07500","440.07500","D-Digital","High","12.5K","Off","Off","Audio Watch","Group Call","9999","KC1JMH / Brad Br","Always","Carrier","Off","1","1","1","Off","7","1","None","None","Off","Off","Off","Off","Normal Encryption","Off","Off","Off","Off","251.1","1","Off","Off","Off","Off","Off","Off","1","0","Off","0","2","0","0","0","0"
"1819","BOLVT TAC316","445.07500","440.07500","D-Digital","High","12.5K","Off","Off","TAC316","Group Call","316","KC1JMH / Brad Br","Always","Carrier","Off","1","1","1","Off","7","1","None","None","Off","Off","Off","Off","Normal Encryption","Off","Off","Off","Off","251.1","1","Off","Off","Off","Off","Off","Off","1","0","Off","0","2","0","0","0","0"
"1820","BOLVT CT SW","445.07500","440.07500","D-Digital","High","12.5K","Off","Off","CT Statewide","Group Call","3109","KC1JMH / Brad Br","Always","Carrier","Off","1","1","1","Off","7","1","None","None","Off","Off","Off","Off","Normal Encryption","Off","Off","Off","Off","251.1","1","Off","Off","Off","Off","Off","Off","1","0","Off","0","2","0","0","0","0"
"1821","BOLVT ME SW","445.07500","440.07500","D-Digital","High","12.5K","Off","Off","ME Statewide","Group Call","3123","KC1JMH / Brad Br","Always","Carrier","Off","1","1","1","Off","7","1","None","None","Off","Off","Off","Off","Normal Encryption","Off","Off","Off","Off","251.1","1","Off","Off","Off","Off","Off","Off","1","0","Off","0","2","0","0","0","0"
"1822","BOLVT RI SW","445.07500","440.07500","D-Digital","High","12.5K","Off","Off","RI Statewide","Group Call","3144","KC1JMH / Brad Br","Always","Carrier","Off","1","1","1","Off","7","1","None","None","Off","Off","Off","Off","Normal Encryption","Off","Off","Off","Off","251.1","1","Off","Off","Off","Off","Off","Off","1","0","Off","0","2","0","0","0","0"
"1823","BOLVT Reg North","445.07500","440.07500","D-Digital","High","12.5K","Off","Off","Region North","Group Call","8","KC1JMH / Brad Br","Always","Carrier","Off","1","1","1","Off","7","2","None","None","Off","Off","Off","Off","Normal Encryption","Off","Off","Off","Off","251.1","1","Off","Off","Off","Off","Off","Off","1","0","Off","0","2","0","0","0","0"
"1824","BOLVT SKYWARN","445.07500","440.07500","D-Digital","High","12.5K","Off","Off","SKYWARN","Group Call","759","KC1JMH / Brad Br","Always","Carrier","Off","1","1","1","Off","7","1","None","None","Off","Off","Off","Off","Normal Encryption","Off","Off","Off","Off","251.1","1","Off","Off","Off","Off","Off","Off","1","0","Off","0","2","0","0","0","0"
"1825","BOLVT TAC310","445.07500","440.07500","D-Digital","High","12.5K","Off","Off","TAC310","Group Call","310","KC1JMH / Brad Br","Always","Carrier","Off","1","1","1","Off","7","1","None","None","Off","Off","Off","Off","Normal Encryption","Off","Off","Off","Off","251.1","1","Off","Off","Off","Off","Off","Off","1","0","Off","0","2","0","0","0","0"
"1826","BOLVT TAC311","445.07500","440.07500","D-Digital","High","12.5K","Off","Off","TAC311","Group Call","311","KC1JMH / Brad Br","Always","Carrier","Off","1","1","1","Off","7","1","None","None","Off","Off","Off","Off","Normal Encryption","Off","Off","Off","Off","251.1","1","Off","Off","Off","Off","Off","Off","1","0","Off","0","2","0","0","0","0"
"1827","BOLVT UA Eng1","445.07500","440.07500","D-Digital","High","12.5K","Off","Off","UA English 1-113","Group Call","113","KC1JMH / Brad Br","Always","Carrier","Off","1","1","1","Off","7","1","None","None","Off","Off","Off","Off","Normal Encryption","Off","Off","Off","Off","251.1","1","Off","Off","Off","Off","Off","Off","1","0","Off","0","2","0","0","0","0"
"1828","BOLVT UA Eng2","445.07500","440.07500","D-Digital","High","12.5K","Off","Off","UA English 2-123","Group Call","123","KC1JMH / Brad Br","Always","Carrier","Off","1","1","1","Off","7","1","None","None","Off","Off","Off","Off","Normal Encryption","Off","Off","Off","Off","251.1","1","Off","Off","Off","Off","Off","Off","1","0","Off","0","2","0","0","0","0"
"1829","BOLVT VT SW","445.07500","440.07500","D-Digital","High","12.5K","Off","Off","VT Statewide","Group Call","3150","KC1JMH / Brad Br","Always","Carrier","Off","1","1","1","Off","7","2","None","None","Off","Off","Off","Off","Normal Encryption","Off","Off","Off","Off","251.1","1","Off","Off","Off","Off","Off","Off","1","0","Off","0","2","0","0","0","0"
"1830","BOLVT WW","445.07500","440.07500","D-Digital","High","12.5K","Off","Off","WW Call","Group Call","1","KC1JMH / Brad Br","Always","Carrier","Off","1","1","1","Off","7","1","None","None","Off","Off","Off","Off","Normal Encryption","Off","Off","Off","Off","251.1","1","Off","Off","Off","Off","Off","Off","1","0","Off","0","2","0","0","0","0"
"1831","BRLVT Local","446.47500","441.47500","D-Digital","High","12.5K","Off","Off","Local","Group Call","9","KC1JMH / Brad Br","Always","Carrier","Off","1","1","1","Off","1","2","None","None","Off","Off","Off","Off","Normal Encryption","Off","Off","Off","Off","251.1","1","Off","Off","Off","Off","Off","Off","1","0","Off","0","2","0","0","0","0"
"1832","BRLVT MA SW","446.47500","441.47500","D-Digital","High","12.5K","Off","Off","MA Statewide","Group Call","3125","KC1JMH / Brad Br","Always","Carrier","Off","1","1","1","Off","1","1","None","None","Off","Off","Off","Off","Normal Encryption","Off","Off","Off","Off","251.1","1","Off","Off","Off","Off","Off","Off","1","0","Off","0","2","0","0","0","0"
"1833","BRLVT NE Wide","446.47500","441.47500","D-Digital","High","12.5K","Off","Off","New England-Wide","Group Call","3181","KC1JMH / Brad Br","Always","Carrier","Off","1","1","1","Off","1","2","None","None","Off","Off","Off","Off","Normal Encryption","Off","Off","Off","Off","251.1","1","Off","Off","Off","Off","Off","Off","1","0","Off","0","2","0","0","0","0"
"1834","BRLVT NETAC1","446.47500","441.47500","D-Digital","High","12.5K","Off","Off","NETAC1","Group Call","8801","KC1JMH / Brad Br","Always","Carrier","Off","1","1","1","Off","1","1","None","None","Off","Off","Off","Off","Normal Encryption","Off","Off","Off","Off","251.1","1","Off","Off","Off","Off","Off","Off","1","0","Off","0","2","0","0","0","0"
"1835","BRLVT NETAC2","446.47500","441.47500","D-Digital","High","12.5K","Off","Off","NETAC2","Group Call","8802","KC1JMH / Brad Br","Always","Carrier","Off","1","1","1","Off","1","2","None","None","Off","Off","Off","Off","Normal Encryption","Off","Off","Off","Off","251.1","1","Off","Off","Off","Off","Off","Off","1","0","Off","0","2","0","0","0","0"
"1836","BRLVT NH SW","446.47500","441.47500","D-Digital","High","12.5K","Off","Off","NH Statewide","Group Call","3133","KC1JMH / Brad Br","Always","Carrier","Off","1","1","1","Off","1","1","None","None","Off","Off","Off","Off","Normal Encryption","Off","Off","Off","Off","251.1","1","Off","Off","Off","Off","Off","Off","1","0","Off","0","2","0","0","0","0"
"1837","BRLVT North Am","446.47500","441.47500","D-Digital","High","12.5K","Off","Off","North America","Group Call","3","KC1JMH / Brad Br","Always","Carrier","Off","1","1","1","Off","1","1","None","None","Off","Off","Off","Off","Normal Encryption","Off","Off","Off","Off","251.1","1","Off","Off","Off","Off","Off","Off","1","0","Off","0","2","0","0","0","0"
"1838","BRLVT Northeast","446.47500","441.47500","D-Digital","High","12.5K","Off","Off","Northeast","Group Call","3172","KC1JMH / Brad Br","Always","Carrier","Off","1","1","1","Off","1","1","None","None","Off","Off","Off","Off","Normal Encryption","Off","Off","Off","Off","251.1","1","Off","Off","Off","Off","Off","Off","1","0","Off","0","2","0","0","0","0"
"1839","BRLVT Parrot","446.47500","441.47500","D-Digital","High","12.5K","Off","Off","Parrot","Group Call","9998","KC1JMH / Brad Br","Always","Carrier","Off","1","1","1","Off","1","1","None","None","Off","Off","Off","Off","Normal Encryption","Off","Off","Off","Off","251.1","1","Off","Off","Off","Off","Off","Off","1","0","Off","0","2","0","0","0","0"
"1840","BRLVT Audio","446.47500","441.47500","D-Digital","High","12.5K","Off","Off","Audio Watch","Group Call","9999","KC1JMH / Brad Br","Always","Carrier","Off","1","1","1","Off","1","1","None","None","Off","Off","Off","Off","Normal Encryption","Off","Off","Off","Off","251.1","1","Off","Off","Off","Off","Off","Off","1","0","Off","0","2","0","0","0","0"
"1841","BRLVT TAC316","446.47500","441.47500","D-Digital","High","12.5K","Off","Off","TAC316","Group Call","316","KC1JMH / Brad Br","Always","Carrier","Off","1","1","1","Off","1","1","None","None","Off","Off","Off","Off","Normal Encryption","Off","Off","Off","Off","251.1","1","Off","Off","Off","Off","Off","Off","1","0","Off","0","2","0","0","0","0"
"1842","BRLVT CT SW","446.47500","441.47500","D-Digital","High","12.5K","Off","Off","CT Statewide","Group Call","3109","KC1JMH / Brad Br","Always","Carrier","Off","1","1","1","Off","1","1","None","None","Off","Off","Off","Off","Normal Encryption","Off","Off","Off","Off","251.1","1","Off","Off","Off","Off","Off","Off","1","0","Off","0","2","0","0","0","0"
"1843","BRLVT ME SW","446.47500","441.47500","D-Digital","High","12.5K","Off","Off","ME Statewide","Group Call","3123","KC1JMH / Brad Br","Always","Carrier","Off","1","1","1","Off","1","1","None","None","Off","Off","Off","Off","Normal Encryption","Off","Off","Off","Off","251.1","1","Off","Off","Off","Off","Off","Off","1","0","Off","0","2","0","0","0","0"
"1844","BRLVT RI SW","446.47500","441.47500","D-Digital","High","12.5K","Off","Off","RI Statewide","Group Call","3144","KC1JMH / Brad Br","Always","Carrier","Off","1","1","1","Off","1","1","None","None","Off","Off","Off","Off","Normal Encryption","Off","Off","Off","Off","251.1","1","Off","Off","Off","Off","Off","Off","1","0","Off","0","2","0","0","0","0"
"1845","BRLVT UpNY","446.47500","441.47500","D-Digital","High","12.5K","Off","Off","Upstate NY","Group Call","31361","KC1JMH / Brad Br","Always","Carrier","Off","1","1","1","Off","1","1","None","None","Off","Off","Off","Off","Normal Encryption","Off","Off","Off","Off","251.1","1","Off","Off","Off","Off","Off","Off","1","0","Off","0","2","0","0","0","0"
"1846","BRLVT Reg North","446.47500","441.47500","D-Digital","High","12.5K","Off","Off","Region North","Group Call","8","KC1JMH / Brad Br","Always","Carrier","Off","1","1","1","Off","1","2","None","None","Off","Off","Off","Off","Normal Encryption","Off","Off","Off","Off","251.1","1","Off","Off","Off","Off","Off","Off","1","0","Off","0","2","0","0","0","0"
"1847","BRLVT SKYWARN","446.47500","441.47500","D-Digital","High","12.5K","Off","Off","SKYWARN","Group Call","759","KC1JMH / Brad Br","Always","Carrier","Off","1","1","1","Off","1","1","None","None","Off","Off","Off","Off","Normal Encryption","Off","Off","Off","Off","251.1","1","Off","Off","Off","Off","Off","Off","1","0","Off","0","2","0","0","0","0"
"1848","BRLVT TAC310","446.47500","441.47500","D-Digital","High","12.5K","Off","Off","TAC310","Group Call","310","KC1JMH / Brad Br","Always","Carrier","Off","1","1","1","Off","1","1","None","None","Off","Off","Off","Off","Normal Encryption","Off","Off","Off","Off","251.1","1","Off","Off","Off","Off","Off","Off","1","0","Off","0","2","0","0","0","0"
"1849","BRLVT TAC311","446.47500","441.47500","D-Digital","High","12.5K","Off","Off","TAC311","Group Call","311","KC1JMH / Brad Br","Always","Carrier","Off","1","1","1","Off","1","1","None","None","Off","Off","Off","Off","Normal Encryption","Off","Off","Off","Off","251.1","1","Off","Off","Off","Off","Off","Off","1","0","Off","0","2","0","0","0","0"
"1850","BRLVT UA Eng1","446.47500","441.47500","D-Digital","High","12.5K","Off","Off","UA English 1-113","Group Call","113","KC1JMH / Brad Br","Always","Carrier","Off","1","1","1","Off","1","1","None","None","Off","Off","Off","Off","Normal Encryption","Off","Off","Off","Off","251.1","1","Off","Off","Off","Off","Off","Off","1","0","Off","0","2","0","0","0","0"
"1851","BRLVT UA Eng2","446.47500","441.47500","D-Digital","High","12.5K","Off","Off","UA English 2-123","Group Call","123","KC1JMH / Brad Br","Always","Carrier","Off","1","1","1","Off","1","1","None","None","Off","Off","Off","Off","Normal Encryption","Off","Off","Off","Off","251.1","1","Off","Off","Off","Off","Off","Off","1","0","Off","0","2","0","0","0","0"
"1852","BRLVT VT SW","446.47500","441.47500","D-Digital","High","12.5K","Off","Off","VT Statewide","Group Call","3150","KC1JMH / Brad Br","Always","Carrier","Off","1","1","1","Off","1","2","None","None","Off","Off","Off","Off","Normal Encryption","Off","Off","Off","Off","251.1","1","Off","Off","Off","Off","Off","Off","1","0","Off","0","2","0","0","0","0"
"1853","BRLVT WW","446.47500","441.47500","D-Digital","High","12.5K","Off","Off","WW Call","Group Call","1","KC1JMH / Brad Br","Always","Carrier","Off","1","1","1","Off","1","1","None","None","Off","Off","Off","Off","Normal Encryption","Off","Off","Off","Off","251.1","1","Off","Off","Off","Off","Off","Off","1","0","Off","0","2","0","0","0","0"
"1854","BRTVT Local","444.40000","449.40000","D-Digital","High","12.5K","Off","Off","Local","Group Call","9","KC1JMH / Brad Br","Always","Carrier","Off","1","1","1","Off","1","2","None","None","Off","Off","Off","Off","Normal Encryption","Off","Off","Off","Off","251.1","1","Off","Off","Off","Off","Off","Off","1","0","Off","0","2","0","0","0","0"
"1855","BRTVT MA SW","444.40000","449.40000","D-Digital","High","12.5K","Off","Off","MA Statewide","Group Call","3125","KC1JMH / Brad Br","Always","Carrier","Off","1","1","1","Off","1","1","None","None","Off","Off","Off","Off","Normal Encryption","Off","Off","Off","Off","251.1","1","Off","Off","Off","Off","Off","Off","1","0","Off","0","2","0","0","0","0"
"1856","BRTVT NE Wide","444.40000","449.40000","D-Digital","High","12.5K","Off","Off","New England-Wide","Group Call","3181","KC1JMH / Brad Br","Always","Carrier","Off","1","1","1","Off","1","2","None","None","Off","Off","Off","Off","Normal Encryption","Off","Off","Off","Off","251.1","1","Off","Off","Off","Off","Off","Off","1","0","Off","0","2","0","0","0","0"
"1857","BRTVT NETAC1","444.40000","449.40000","D-Digital","High","12.5K","Off","Off","NETAC1","Group Call","8801","KC1JMH / Brad Br","Always","Carrier","Off","1","1","1","Off","1","1","None","None","Off","Off","Off","Off","Normal Encryption","Off","Off","Off","Off","251.1","1","Off","Off","Off","Off","Off","Off","1","0","Off","0","2","0","0","0","0"
"1858","BRTVT NETAC2","444.40000","449.40000","D-Digital","High","12.5K","Off","Off","NETAC2","Group Call","8802","KC1JMH / Brad Br","Always","Carrier","Off","1","1","1","Off","1","2","None","None","Off","Off","Off","Off","Normal Encryption","Off","Off","Off","Off","251.1","1","Off","Off","Off","Off","Off","Off","1","0","Off","0","2","0","0","0","0"
"1859","BRTVT NH SW","444.40000","449.40000","D-Digital","High","12.5K","Off","Off","NH Statewide","Group Call","3133","KC1JMH / Brad Br","Always","Carrier","Off","1","1","1","Off","1","1","None","None","Off","Off","Off","Off","Normal Encryption","Off","Off","Off","Off","251.1","1","Off","Off","Off","Off","Off","Off","1","0","Off","0","2","0","0","0","0"
"1860","BRTVT North Am","444.40000","449.40000","D-Digital","High","12.5K","Off","Off","North America","Group Call","3","KC1JMH / Brad Br","Always","Carrier","Off","1","1","1","Off","1","1","None","None","Off","Off","Off","Off","Normal Encryption","Off","Off","Off","Off","251.1","1","Off","Off","Off","Off","Off","Off","1","0","Off","0","2","0","0","0","0"
"1861","BRTVT Northeast","444.40000","449.40000","D-Digital","High","12.5K","Off","Off","Northeast","Group Call","3172","KC1JMH / Brad Br","Always","Carrier","Off","1","1","1","Off","1","1","None","None","Off","Off","Off","Off","Normal Encryption","Off","Off","Off","Off","251.1","1","Off","Off","Off","Off","Off","Off","1","0","Off","0","2","0","0","0","0"
"1862","BRTVT Parrot","444.40000","449.40000","D-Digital","High","12.5K","Off","Off","Parrot","Group Call","9998","KC1JMH / Brad Br","Always","Carrier","Off","1","1","1","Off","1","1","None","None","Off","Off","Off","Off","Normal Encryption","Off","Off","Off","Off","251.1","1","Off","Off","Off","Off","Off","Off","1","0","Off","0","2","0","0","0","0"
"1863","BRTVT Audio","444.40000","449.40000","D-Digital","High","12.5K","Off","Off","Audio Watch","Group Call","9999","KC1JMH / Brad Br","Always","Carrier","Off","1","1","1","Off","1","1","None","None","Off","Off","Off","Off","Normal Encryption","Off","Off","Off","Off","251.1","1","Off","Off","Off","Off","Off","Off","1","0","Off","0","2","0","0","0","0"
"1864","BRTVT TAC316","444.40000","449.40000","D-Digital","High","12.5K","Off","Off","TAC316","Group Call","316","KC1JMH / Brad Br","Always","Carrier","Off","1","1","1","Off","1","1","None","None","Off","Off","Off","Off","Normal Encryption","Off","Off","Off","Off","251.1","1","Off","Off","Off","Off","Off","Off","1","0","Off","0","2","0","0","0","0"
"1865","BRTVT CT SW","444.40000","449.40000","D-Digital","High","12.5K","Off","Off","CT Statewide","Group Call","3109","KC1JMH / Brad Br","Always","Carrier","Off","1","1","1","Off","1","1","None","None","Off","Off","Off","Off","Normal Encryption","Off","Off","Off","Off","251.1","1","Off","Off","Off","Off","Off","Off","1","0","Off","0","2","0","0","0","0"
"1866","BRTVT ME SW","444.40000","449.40000","D-Digital","High","12.5K","Off","Off","ME Statewide","Group Call","3123","KC1JMH / Brad Br","Always","Carrier","Off","1","1","1","Off","1","1","None","None","Off","Off","Off","Off","Normal Encryption","Off","Off","Off","Off","251.1","1","Off","Off","Off","Off","Off","Off","1","0","Off","0","2","0","0","0","0"
"1867","BRTVT RI SW","444.40000","449.40000","D-Digital","High","12.5K","Off","Off","RI Statewide","Group Call","3144","KC1JMH / Brad Br","Always","Carrier","Off","1","1","1","Off","1","1","None","None","Off","Off","Off","Off","Normal Encryption","Off","Off","Off","Off","251.1","1","Off","Off","Off","Off","Off","Off","1","0","Off","0","2","0","0","0","0"
"1868","BRTVT Reg North","444.40000","449.40000","D-Digital","High","12.5K","Off","Off","Region North","Group Call","8","KC1JMH / Brad Br","Always","Carrier","Off","1","1","1","Off","1","2","None","None","Off","Off","Off","Off","Normal Encryption","Off","Off","Off","Off","251.1","1","Off","Off","Off","Off","Off","Off","1","0","Off","0","2","0","0","0","0"
"1869","BRTVT SKYWARN","444.40000","449.40000","D-Digital","High","12.5K","Off","Off","SKYWARN","Group Call","759","KC1JMH / Brad Br","Always","Carrier","Off","1","1","1","Off","1","1","None","None","Off","Off","Off","Off","Normal Encryption","Off","Off","Off","Off","251.1","1","Off","Off","Off","Off","Off","Off","1","0","Off","0","2","0","0","0","0"
"1870","BRTVT TAC310","444.40000","449.40000","D-Digital","High","12.5K","Off","Off","TAC310","Group Call","310","KC1JMH / Brad Br","Always","Carrier","Off","1","1","1","Off","1","1","None","None","Off","Off","Off","Off","Normal Encryption","Off","Off","Off","Off","251.1","1","Off","Off","Off","Off","Off","Off","1","0","Off","0","2","0","0","0","0"
"1871","BRTVT TAC311","444.40000","449.40000","D-Digital","High","12.5K","Off","Off","TAC311","Group Call","311","KC1JMH / Brad Br","Always","Carrier","Off","1","1","1","Off","1","1","None","None","Off","Off","Off","Off","Normal Encryption","Off","Off","Off","Off","251.1","1","Off","Off","Off","Off","Off","Off","1","0","Off","0","2","0","0","0","0"
"1872","BRTVT UA Eng1","444.40000","449.40000","D-Digital","High","12.5K","Off","Off","UA English 1-113","Group Call","113","KC1JMH / Brad Br","Always","Carrier","Off","1","1","1","Off","1","1","None","None","Off","Off","Off","Off","Normal Encryption","Off","Off","Off","Off","251.1","1","Off","Off","Off","Off","Off","Off","1","0","Off","0","2","0","0","0","0"
"1873","BRTVT UA Eng2","444.40000","449.40000","D-Digital","High","12.5K","Off","Off","UA English 2-123","Group Call","123","KC1JMH / Brad Br","Always","Carrier","Off","1","1","1","Off","1","1","None","None","Off","Off","Off","Off","Normal Encryption","Off","Off","Off","Off","251.1","1","Off","Off","Off","Off","Off","Off","1","0","Off","0","2","0","0","0","0"
"1874","BRTVT VT SW","444.40000","449.40000","D-Digital","High","12.5K","Off","Off","VT Statewide","Group Call","3150","KC1JMH / Brad Br","Always","Carrier","Off","1","1","1","Off","1","2","None","None","Off","Off","Off","Off","Normal Encryption","Off","Off","Off","Off","251.1","1","Off","Off","Off","Off","Off","Off","1","0","Off","0","2","0","0","0","0"
"1875","BRTVT WW","444.40000","449.40000","D-Digital","High","12.5K","Off","Off","WW Call","Group Call","1","KC1JMH / Brad Br","Always","Carrier","Off","1","1","1","Off","1","1","None","None","Off","Off","Off","Off","Normal Encryption","Off","Off","Off","Off","251.1","1","Off","Off","Off","Off","Off","Off","1","0","Off","0","2","0","0","0","0"
"1876","BURKEVT CT SW","448.57500","443.57500","D-Digital","High","12.5K","Off","Off","CT Statewide","Group Call","3109","KC1JMH / Brad Br","Always","Carrier","Off","1","1","1","Off","5","1","None","None","Off","Off","Off","Off","Normal Encryption","Off","Off","Off","Off","251.1","1","Off","Off","Off","Off","Off","Off","1","0","Off","0","2","0","0","0","0"
"1877","BURKEVT Local","448.57500","443.57500","D-Digital","High","12.5K","Off","Off","Local","Group Call","9","KC1JMH / Brad Br","Always","Carrier","Off","1","1","1","Off","5","2","None","None","Off","Off","Off","Off","Normal Encryption","Off","Off","Off","Off","251.1","1","Off","Off","Off","Off","Off","Off","1","0","Off","0","2","0","0","0","0"
"1878","BURKEVT MA SW","448.57500","443.57500","D-Digital","High","12.5K","Off","Off","MA Statewide","Group Call","3125","KC1JMH / Brad Br","Always","Carrier","Off","1","1","1","Off","5","1","None","None","Off","Off","Off","Off","Normal Encryption","Off","Off","Off","Off","251.1","1","Off","Off","Off","Off","Off","Off","1","0","Off","0","2","0","0","0","0"
"1879","BURKEVT ME SW","448.57500","443.57500","D-Digital","High","12.5K","Off","Off","ME Statewide","Group Call","3123","KC1JMH / Brad Br","Always","Carrier","Off","1","1","1","Off","5","1","None","None","Off","Off","Off","Off","Normal Encryption","Off","Off","Off","Off","251.1","1","Off","Off","Off","Off","Off","Off","1","0","Off","0","2","0","0","0","0"
"1880","BURKEVT NE Wide","448.57500","443.57500","D-Digital","High","12.5K","Off","Off","New England-Wide","Group Call","3181","KC1JMH / Brad Br","Always","Carrier","Off","1","1","1","Off","5","2","None","None","Off","Off","Off","Off","Normal Encryption","Off","Off","Off","Off","251.1","1","Off","Off","Off","Off","Off","Off","1","0","Off","0","2","0","0","0","0"
"1881","BURKEVT NETAC1","448.57500","443.57500","D-Digital","High","12.5K","Off","Off","NETAC1","Group Call","8801","KC1JMH / Brad Br","Always","Carrier","Off","1","1","1","Off","5","1","None","None","Off","Off","Off","Off","Normal Encryption","Off","Off","Off","Off","251.1","1","Off","Off","Off","Off","Off","Off","1","0","Off","0","2","0","0","0","0"
"1882","BURKEVT NETAC2","448.57500","443.57500","D-Digital","High","12.5K","Off","Off","NETAC2","Group Call","8802","KC1JMH / Brad Br","Always","Carrier","Off","1","1","1","Off","5","2","None","None","Off","Off","Off","Off","Normal Encryption","Off","Off","Off","Off","251.1","1","Off","Off","Off","Off","Off","Off","1","0","Off","0","2","0","0","0","0"
"1883","BURKEVT NH SW","448.57500","443.57500","D-Digital","High","12.5K","Off","Off","NH Statewide","Group Call","3133","KC1JMH / Brad Br","Always","Carrier","Off","1","1","1","Off","5","1","None","None","Off","Off","Off","Off","Normal Encryption","Off","Off","Off","Off","251.1","1","Off","Off","Off","Off","Off","Off","1","0","Off","0","2","0","0","0","0"
"1884","BURKEVT Neast","448.57500","443.57500","D-Digital","High","12.5K","Off","Off","Northeast","Group Call","3172","KC1JMH / Brad Br","Always","Carrier","Off","1","1","1","Off","5","1","None","None","Off","Off","Off","Off","Normal Encryption","Off","Off","Off","Off","251.1","1","Off","Off","Off","Off","Off","Off","1","0","Off","0","2","0","0","0","0"
"1885","BURKEVT North Am","448.57500","443.57500","D-Digital","High","12.5K","Off","Off","North America","Group Call","3","KC1JMH / Brad Br","Always","Carrier","Off","1","1","1","Off","5","1","None","None","Off","Off","Off","Off","Normal Encryption","Off","Off","Off","Off","251.1","1","Off","Off","Off","Off","Off","Off","1","0","Off","0","2","0","0","0","0"
"1886","BURKEVT Parrot","448.57500","443.57500","D-Digital","High","12.5K","Off","Off","Parrot","Group Call","9998","KC1JMH / Brad Br","Always","Carrier","Off","1","1","1","Off","5","1","None","None","Off","Off","Off","Off","Normal Encryption","Off","Off","Off","Off","251.1","1","Off","Off","Off","Off","Off","Off","1","0","Off","0","2","0","0","0","0"
"1887","BURKEVT Audio","448.57500","443.57500","D-Digital","High","12.5K","Off","Off","Audio Watch","Group Call","9999","KC1JMH / Brad Br","Always","Carrier","Off","1","1","1","Off","5","1","None","None","Off","Off","Off","Off","Normal Encryption","Off","Off","Off","Off","251.1","1","Off","Off","Off","Off","Off","Off","1","0","Off","0","2","0","0","0","0"
"1888","BURKEVT TAC316","448.57500","443.57500","D-Digital","High","12.5K","Off","Off","TAC316","Group Call","316","KC1JMH / Brad Br","Always","Carrier","Off","1","1","1","Off","5","1","None","None","Off","Off","Off","Off","Normal Encryption","Off","Off","Off","Off","251.1","1","Off","Off","Off","Off","Off","Off","1","0","Off","0","2","0","0","0","0"
"1889","BURKEVT RI SW","448.57500","443.57500","D-Digital","High","12.5K","Off","Off","RI Statewide","Group Call","3144","KC1JMH / Brad Br","Always","Carrier","Off","1","1","1","Off","5","1","None","None","Off","Off","Off","Off","Normal Encryption","Off","Off","Off","Off","251.1","1","Off","Off","Off","Off","Off","Off","1","0","Off","0","2","0","0","0","0"
"1890","BURKEVT Reg N","448.57500","443.57500","D-Digital","High","12.5K","Off","Off","Region North","Group Call","8","KC1JMH / Brad Br","Always","Carrier","Off","1","1","1","Off","5","1","None","None","Off","Off","Off","Off","Normal Encryption","Off","Off","Off","Off","251.1","1","Off","Off","Off","Off","Off","Off","1","0","Off","0","2","0","0","0","0"
"1891","BURKEVT SKYWARN","448.57500","443.57500","D-Digital","High","12.5K","Off","Off","SKYWARN","Group Call","759","KC1JMH / Brad Br","Always","Carrier","Off","1","1","1","Off","5","1","None","None","Off","Off","Off","Off","Normal Encryption","Off","Off","Off","Off","251.1","1","Off","Off","Off","Off","Off","Off","1","0","Off","0","2","0","0","0","0"
"1892","BURKEVT TAC310","448.57500","443.57500","D-Digital","High","12.5K","Off","Off","TAC310","Group Call","310","KC1JMH / Brad Br","Always","Carrier","Off","1","1","1","Off","5","1","None","None","Off","Off","Off","Off","Normal Encryption","Off","Off","Off","Off","251.1","1","Off","Off","Off","Off","Off","Off","1","0","Off","0","2","0","0","0","0"
"1893","BURKEVT TAC311","448.57500","443.57500","D-Digital","High","12.5K","Off","Off","TAC311","Group Call","311","KC1JMH / Brad Br","Always","Carrier","Off","1","1","1","Off","5","1","None","None","Off","Off","Off","Off","Normal Encryption","Off","Off","Off","Off","251.1","1","Off","Off","Off","Off","Off","Off","1","0","Off","0","2","0","0","0","0"
"1894","BURKEVT UA Eng1","448.57500","443.57500","D-Digital","High","12.5K","Off","Off","UA English 1-113","Group Call","113","KC1JMH / Brad Br","Always","Carrier","Off","1","1","1","Off","5","1","None","None","Off","Off","Off","Off","Normal Encryption","Off","Off","Off","Off","251.1","1","Off","Off","Off","Off","Off","Off","1","0","Off","0","2","0","0","0","0"
"1895","BURKEVT UA Eng2","448.57500","443.57500","D-Digital","High","12.5K","Off","Off","UA English 2-123","Group Call","123","KC1JMH / Brad Br","Always","Carrier","Off","1","1","1","Off","5","1","None","None","Off","Off","Off","Off","Normal Encryption","Off","Off","Off","Off","251.1","1","Off","Off","Off","Off","Off","Off","1","0","Off","0","2","0","0","0","0"
"1896","BURKEVT VT SW","448.57500","443.57500","D-Digital","High","12.5K","Off","Off","VT Statewide","Group Call","3150","KC1JMH / Brad Br","Always","Carrier","Off","1","1","1","Off","5","2","None","None","Off","Off","Off","Off","Normal Encryption","Off","Off","Off","Off","251.1","1","Off","Off","Off","Off","Off","Off","1","0","Off","0","2","0","0","0","0"
"1897","BURKEVT WW","448.57500","443.57500","D-Digital","High","12.5K","Off","Off","WW Call","Group Call","1","KC1JMH / Brad Br","Always","Carrier","Off","1","1","1","Off","5","1","None","None","Off","Off","Off","Off","Normal Encryption","Off","Off","Off","Off","251.1","1","Off","Off","Off","Off","Off","Off","1","0","Off","0","2","0","0","0","0"
"1898","CORVT Local","443.90000","448.90000","D-Digital","High","12.5K","Off","Off","Local","Group Call","9","KC1JMH / Brad Br","Always","Carrier","Off","1","1","1","Off","8","2","None","None","Off","Off","Off","Off","Normal Encryption","Off","Off","Off","Off","251.1","1","Off","Off","Off","Off","Off","Off","1","0","Off","0","2","0","0","0","0"
"1899","CORVT MA SW","443.90000","448.90000","D-Digital","High","12.5K","Off","Off","MA Statewide","Group Call","3125","KC1JMH / Brad Br","Always","Carrier","Off","1","1","1","Off","8","1","None","None","Off","Off","Off","Off","Normal Encryption","Off","Off","Off","Off","251.1","1","Off","Off","Off","Off","Off","Off","1","0","Off","0","2","0","0","0","0"
"1900","CORVT NE Wide","443.90000","448.90000","D-Digital","High","12.5K","Off","Off","New England-Wide","Group Call","3181","KC1JMH / Brad Br","Always","Carrier","Off","1","1","1","Off","8","2","None","None","Off","Off","Off","Off","Normal Encryption","Off","Off","Off","Off","251.1","1","Off","Off","Off","Off","Off","Off","1","0","Off","0","2","0","0","0","0"
"1901","CORVT NETAC1","443.90000","448.90000","D-Digital","High","12.5K","Off","Off","NETAC1","Group Call","8801","KC1JMH / Brad Br","Always","Carrier","Off","1","1","1","Off","8","1","None","None","Off","Off","Off","Off","Normal Encryption","Off","Off","Off","Off","251.1","1","Off","Off","Off","Off","Off","Off","1","0","Off","0","2","0","0","0","0"
"1902","CORVT NETAC2","443.90000","448.90000","D-Digital","High","12.5K","Off","Off","NETAC2","Group Call","8802","KC1JMH / Brad Br","Always","Carrier","Off","1","1","1","Off","8","2","None","None","Off","Off","Off","Off","Normal Encryption","Off","Off","Off","Off","251.1","1","Off","Off","Off","Off","Off","Off","1","0","Off","0","2","0","0","0","0"
"1903","CORVT NH SW","443.90000","448.90000","D-Digital","High","12.5K","Off","Off","NH Statewide","Group Call","3133","KC1JMH / Brad Br","Always","Carrier","Off","1","1","1","Off","8","1","None","None","Off","Off","Off","Off","Normal Encryption","Off","Off","Off","Off","251.1","1","Off","Off","Off","Off","Off","Off","1","0","Off","0","2","0","0","0","0"
"1904","CORVT North Am","443.90000","448.90000","D-Digital","High","12.5K","Off","Off","North America","Group Call","3","KC1JMH / Brad Br","Always","Carrier","Off","1","1","1","Off","8","1","None","None","Off","Off","Off","Off","Normal Encryption","Off","Off","Off","Off","251.1","1","Off","Off","Off","Off","Off","Off","1","0","Off","0","2","0","0","0","0"
"1905","CORVT Northeast","443.90000","448.90000","D-Digital","High","12.5K","Off","Off","Northeast","Group Call","3172","KC1JMH / Brad Br","Always","Carrier","Off","1","1","1","Off","8","1","None","None","Off","Off","Off","Off","Normal Encryption","Off","Off","Off","Off","251.1","1","Off","Off","Off","Off","Off","Off","1","0","Off","0","2","0","0","0","0"
"1906","CORVT Parrot","443.90000","448.90000","D-Digital","High","12.5K","Off","Off","Parrot","Group Call","9998","KC1JMH / Brad Br","Always","Carrier","Off","1","1","1","Off","8","1","None","None","Off","Off","Off","Off","Normal Encryption","Off","Off","Off","Off","251.1","1","Off","Off","Off","Off","Off","Off","1","0","Off","0","2","0","0","0","0"
"1907","CORVT Audio","443.90000","448.90000","D-Digital","High","12.5K","Off","Off","Audio Watch","Group Call","9999","KC1JMH / Brad Br","Always","Carrier","Off","1","1","1","Off","8","1","None","None","Off","Off","Off","Off","Normal Encryption","Off","Off","Off","Off","251.1","1","Off","Off","Off","Off","Off","Off","1","0","Off","0","2","0","0","0","0"
"1908","CORVT TAC316","443.90000","448.90000","D-Digital","High","12.5K","Off","Off","TAC316","Group Call","316","KC1JMH / Brad Br","Always","Carrier","Off","1","1","1","Off","8","1","None","None","Off","Off","Off","Off","Normal Encryption","Off","Off","Off","Off","251.1","1","Off","Off","Off","Off","Off","Off","1","0","Off","0","2","0","0","0","0"
"1909","CORVT CT SW","443.90000","448.90000","D-Digital","High","12.5K","Off","Off","CT Statewide","Group Call","3109","KC1JMH / Brad Br","Always","Carrier","Off","1","1","1","Off","8","1","None","None","Off","Off","Off","Off","Normal Encryption","Off","Off","Off","Off","251.1","1","Off","Off","Off","Off","Off","Off","1","0","Off","0","2","0","0","0","0"
"1910","CORVT ME SW","443.90000","448.90000","D-Digital","High","12.5K","Off","Off","ME Statewide","Group Call","3123","KC1JMH / Brad Br","Always","Carrier","Off","1","1","1","Off","8","1","None","None","Off","Off","Off","Off","Normal Encryption","Off","Off","Off","Off","251.1","1","Off","Off","Off","Off","Off","Off","1","0","Off","0","2","0","0","0","0"
"1911","CORVT RI SW","443.90000","448.90000","D-Digital","High","12.5K","Off","Off","RI Statewide","Group Call","3144","KC1JMH / Brad Br","Always","Carrier","Off","1","1","1","Off","8","1","None","None","Off","Off","Off","Off","Normal Encryption","Off","Off","Off","Off","251.1","1","Off","Off","Off","Off","Off","Off","1","0","Off","0","2","0","0","0","0"
"1912","CORVT Reg North","443.90000","448.90000","D-Digital","High","12.5K","Off","Off","Region North","Group Call","8","KC1JMH / Brad Br","Always","Carrier","Off","1","1","1","Off","8","2","None","None","Off","Off","Off","Off","Normal Encryption","Off","Off","Off","Off","251.1","1","Off","Off","Off","Off","Off","Off","1","0","Off","0","2","0","0","0","0"
"1913","CORVT SKYWARN","443.90000","448.90000","D-Digital","High","12.5K","Off","Off","SKYWARN","Group Call","759","KC1JMH / Brad Br","Always","Carrier","Off","1","1","1","Off","8","1","None","None","Off","Off","Off","Off","Normal Encryption","Off","Off","Off","Off","251.1","1","Off","Off","Off","Off","Off","Off","1","0","Off","0","2","0","0","0","0"
"1914","CORVT TAC310","443.90000","448.90000","D-Digital","High","12.5K","Off","Off","TAC310","Group Call","310","KC1JMH / Brad Br","Always","Carrier","Off","1","1","1","Off","8","1","None","None","Off","Off","Off","Off","Normal Encryption","Off","Off","Off","Off","251.1","1","Off","Off","Off","Off","Off","Off","1","0","Off","0","2","0","0","0","0"
"1915","CORVT TAC311","443.90000","448.90000","D-Digital","High","12.5K","Off","Off","TAC311","Group Call","311","KC1JMH / Brad Br","Always","Carrier","Off","1","1","1","Off","8","1","None","None","Off","Off","Off","Off","Normal Encryption","Off","Off","Off","Off","251.1","1","Off","Off","Off","Off","Off","Off","1","0","Off","0","2","0","0","0","0"
"1916","CORVT UA Eng1","443.90000","448.90000","D-Digital","High","12.5K","Off","Off","UA English 1-113","Group Call","113","KC1JMH / Brad Br","Always","Carrier","Off","1","1","1","Off","8","1","None","None","Off","Off","Off","Off","Normal Encryption","Off","Off","Off","Off","251.1","1","Off","Off","Off","Off","Off","Off","1","0","Off","0","2","0","0","0","0"
"1917","CORVT UA Eng2","443.90000","448.90000","D-Digital","High","12.5K","Off","Off","UA English 2-123","Group Call","123","KC1JMH / Brad Br","Always","Carrier","Off","1","1","1","Off","8","1","None","None","Off","Off","Off","Off","Normal Encryption","Off","Off","Off","Off","251.1","1","Off","Off","Off","Off","Off","Off","1","0","Off","0","2","0","0","0","0"
"1918","CORVT VT SW","443.90000","448.90000","D-Digital","High","12.5K","Off","Off","VT Statewide","Group Call","3150","KC1JMH / Brad Br","Always","Carrier","Off","1","1","1","Off","8","2","None","None","Off","Off","Off","Off","Normal Encryption","Off","Off","Off","Off","251.1","1","Off","Off","Off","Off","Off","Off","1","0","Off","0","2","0","0","0","0"
"1919","CORVT WW","443.90000","448.90000","D-Digital","High","12.5K","Off","Off","WW Call","Group Call","1","KC1JMH / Brad Br","Always","Carrier","Off","1","1","1","Off","8","1","None","None","Off","Off","Off","Off","Normal Encryption","Off","Off","Off","Off","251.1","1","Off","Off","Off","Off","Off","Off","1","0","Off","0","2","0","0","0","0"
"1920","EQXVT Local","441.35000","446.35000","D-Digital","High","12.5K","Off","Off","Local","Group Call","9","KC1JMH / Brad Br","Always","Carrier","Off","1","1","1","Off","7","2","None","None","Off","Off","Off","Off","Normal Encryption","Off","Off","Off","Off","251.1","1","Off","Off","Off","Off","Off","Off","1","0","Off","0","2","0","0","0","0"
"1921","EQXVT MA SW","441.35000","446.35000","D-Digital","High","12.5K","Off","Off","MA Statewide","Group Call","3125","KC1JMH / Brad Br","Always","Carrier","Off","1","1","1","Off","7","1","None","None","Off","Off","Off","Off","Normal Encryption","Off","Off","Off","Off","251.1","1","Off","Off","Off","Off","Off","Off","1","0","Off","0","2","0","0","0","0"
"1922","EQXVT NE Wide","441.35000","446.35000","D-Digital","High","12.5K","Off","Off","New England-Wide","Group Call","3181","KC1JMH / Brad Br","Always","Carrier","Off","1","1","1","Off","7","2","None","None","Off","Off","Off","Off","Normal Encryption","Off","Off","Off","Off","251.1","1","Off","Off","Off","Off","Off","Off","1","0","Off","0","2","0","0","0","0"
"1923","EQXVT NETAC1","441.35000","446.35000","D-Digital","High","12.5K","Off","Off","NETAC1","Group Call","8801","KC1JMH / Brad Br","Always","Carrier","Off","1","1","1","Off","7","1","None","None","Off","Off","Off","Off","Normal Encryption","Off","Off","Off","Off","251.1","1","Off","Off","Off","Off","Off","Off","1","0","Off","0","2","0","0","0","0"
"1924","EQXVT NETAC2","441.35000","446.35000","D-Digital","High","12.5K","Off","Off","NETAC2","Group Call","8802","KC1JMH / Brad Br","Always","Carrier","Off","1","1","1","Off","7","2","None","None","Off","Off","Off","Off","Normal Encryption","Off","Off","Off","Off","251.1","1","Off","Off","Off","Off","Off","Off","1","0","Off","0","2","0","0","0","0"
"1925","EQXVT North Am","441.35000","446.35000","D-Digital","High","12.5K","Off","Off","North America","Group Call","3","KC1JMH / Brad Br","Always","Carrier","Off","1","1","1","Off","7","1","None","None","Off","Off","Off","Off","Normal Encryption","Off","Off","Off","Off","251.1","1","Off","Off","Off","Off","Off","Off","1","0","Off","0","2","0","0","0","0"
"1926","EQXVT Northeast","441.35000","446.35000","D-Digital","High","12.5K","Off","Off","Northeast","Group Call","3172","KC1JMH / Brad Br","Always","Carrier","Off","1","1","1","Off","7","1","None","None","Off","Off","Off","Off","Normal Encryption","Off","Off","Off","Off","251.1","1","Off","Off","Off","Off","Off","Off","1","0","Off","0","2","0","0","0","0"
"1927","EQXVT Parrot","441.35000","446.35000","D-Digital","High","12.5K","Off","Off","Parrot","Group Call","9998","KC1JMH / Brad Br","Always","Carrier","Off","1","1","1","Off","7","1","None","None","Off","Off","Off","Off","Normal Encryption","Off","Off","Off","Off","251.1","1","Off","Off","Off","Off","Off","Off","1","0","Off","0","2","0","0","0","0"
"1928","EQXVT Audio","441.35000","446.35000","D-Digital","High","12.5K","Off","Off","Audio Watch","Group Call","9999","KC1JMH / Brad Br","Always","Carrier","Off","1","1","1","Off","7","1","None","None","Off","Off","Off","Off","Normal Encryption","Off","Off","Off","Off","251.1","1","Off","Off","Off","Off","Off","Off","1","0","Off","0","2","0","0","0","0"
"1929","EQXVT TAC316","441.35000","446.35000","D-Digital","High","12.5K","Off","Off","TAC316","Group Call","316","KC1JMH / Brad Br","Always","Carrier","Off","1","1","1","Off","7","1","None","None","Off","Off","Off","Off","Normal Encryption","Off","Off","Off","Off","251.1","1","Off","Off","Off","Off","Off","Off","1","0","Off","0","2","0","0","0","0"
"1930","EQXVT CT SW","441.35000","446.35000","D-Digital","High","12.5K","Off","Off","CT Statewide","Group Call","3109","KC1JMH / Brad Br","Always","Carrier","Off","1","1","1","Off","7","1","None","None","Off","Off","Off","Off","Normal Encryption","Off","Off","Off","Off","251.1","1","Off","Off","Off","Off","Off","Off","1","0","Off","0","2","0","0","0","0"
"1931","EQXVT ME SW","441.35000","446.35000","D-Digital","High","12.5K","Off","Off","ME Statewide","Group Call","3123","KC1JMH / Brad Br","Always","Carrier","Off","1","1","1","Off","7","1","None","None","Off","Off","Off","Off","Normal Encryption","Off","Off","Off","Off","251.1","1","Off","Off","Off","Off","Off","Off","1","0","Off","0","2","0","0","0","0"
"1932","EQXVT NH SW","441.35000","446.35000","D-Digital","High","12.5K","Off","Off","NH Statewide","Group Call","3133","KC1JMH / Brad Br","Always","Carrier","Off","1","1","1","Off","7","1","None","None","Off","Off","Off","Off","Normal Encryption","Off","Off","Off","Off","251.1","1","Off","Off","Off","Off","Off","Off","1","0","Off","0","2","0","0","0","0"
"1933","EQXVT RI SW","441.35000","446.35000","D-Digital","High","12.5K","Off","Off","RI Statewide","Group Call","3144","KC1JMH / Brad Br","Always","Carrier","Off","1","1","1","Off","7","1","None","None","Off","Off","Off","Off","Normal Encryption","Off","Off","Off","Off","251.1","1","Off","Off","Off","Off","Off","Off","1","0","Off","0","2","0","0","0","0"
"1934","EQXVT UpNY","441.35000","446.35000","D-Digital","High","12.5K","Off","Off","Upstate NY","Group Call","31361","KC1JMH / Brad Br","Always","Carrier","Off","1","1","1","Off","7","1","None","None","Off","Off","Off","Off","Normal Encryption","Off","Off","Off","Off","251.1","1","Off","Off","Off","Off","Off","Off","1","0","Off","0","2","0","0","0","0"
"1935","EQXVT Reg North","441.35000","446.35000","D-Digital","High","12.5K","Off","Off","Region North","Group Call","8","KC1JMH / Brad Br","Always","Carrier","Off","1","1","1","Off","7","2","None","None","Off","Off","Off","Off","Normal Encryption","Off","Off","Off","Off","251.1","1","Off","Off","Off","Off","Off","Off","1","0","Off","0","2","0","0","0","0"
"1936","EQXVT SKYWARN","441.35000","446.35000","D-Digital","High","12.5K","Off","Off","SKYWARN","Group Call","759","KC1JMH / Brad Br","Always","Carrier","Off","1","1","1","Off","7","1","None","None","Off","Off","Off","Off","Normal Encryption","Off","Off","Off","Off","251.1","1","Off","Off","Off","Off","Off","Off","1","0","Off","0","2","0","0","0","0"
"1937","EQXVT TAC310","441.35000","446.35000","D-Digital","High","12.5K","Off","Off","TAC310","Group Call","310","KC1JMH / Brad Br","Always","Carrier","Off","1","1","1","Off","7","1","None","None","Off","Off","Off","Off","Normal Encryption","Off","Off","Off","Off","251.1","1","Off","Off","Off","Off","Off","Off","1","0","Off","0","2","0","0","0","0"
"1938","EQXVT TAC311","441.35000","446.35000","D-Digital","High","12.5K","Off","Off","TAC311","Group Call","311","KC1JMH / Brad Br","Always","Carrier","Off","1","1","1","Off","7","1","None","None","Off","Off","Off","Off","Normal Encryption","Off","Off","Off","Off","251.1","1","Off","Off","Off","Off","Off","Off","1","0","Off","0","2","0","0","0","0"
"1939","EQXVT UA Eng1","441.35000","446.35000","D-Digital","High","12.5K","Off","Off","UA English 1-113","Group Call","113","KC1JMH / Brad Br","Always","Carrier","Off","1","1","1","Off","7","1","None","None","Off","Off","Off","Off","Normal Encryption","Off","Off","Off","Off","251.1","1","Off","Off","Off","Off","Off","Off","1","0","Off","0","2","0","0","0","0"
"1940","EQXVT UA Eng2","441.35000","446.35000","D-Digital","High","12.5K","Off","Off","UA English 2-123","Group Call","123","KC1JMH / Brad Br","Always","Carrier","Off","1","1","1","Off","7","1","None","None","Off","Off","Off","Off","Normal Encryption","Off","Off","Off","Off","251.1","1","Off","Off","Off","Off","Off","Off","1","0","Off","0","2","0","0","0","0"
"1941","EQXVT VT SW","441.35000","446.35000","D-Digital","High","12.5K","Off","Off","VT Statewide","Group Call","3150","KC1JMH / Brad Br","Always","Carrier","Off","1","1","1","Off","7","2","None","None","Off","Off","Off","Off","Normal Encryption","Off","Off","Off","Off","251.1","1","Off","Off","Off","Off","Off","Off","1","0","Off","0","2","0","0","0","0"
"1942","EQXVT WW","441.35000","446.35000","D-Digital","High","12.5K","Off","Off","WW Call","Group Call","1","KC1JMH / Brad Br","Always","Carrier","Off","1","1","1","Off","7","1","None","None","Off","Off","Off","Off","Normal Encryption","Off","Off","Off","Off","251.1","1","Off","Off","Off","Off","Off","Off","1","0","Off","0","2","0","0","0","0"
"1943","JAYVT Local","446.37500","441.37500","D-Digital","High","12.5K","Off","Off","Local","Group Call","9","KC1JMH / Brad Br","Always","Carrier","Off","1","1","1","Off","7","2","None","None","Off","Off","Off","Off","Normal Encryption","Off","Off","Off","Off","251.1","1","Off","Off","Off","Off","Off","Off","1","0","Off","0","2","0","0","0","0"
"1944","JAYVT NE Wide","446.37500","441.37500","D-Digital","High","12.5K","Off","Off","New England-Wide","Group Call","3181","KC1JMH / Brad Br","Always","Carrier","Off","1","1","1","Off","7","2","None","None","Off","Off","Off","Off","Normal Encryption","Off","Off","Off","Off","251.1","1","Off","Off","Off","Off","Off","Off","1","0","Off","0","2","0","0","0","0"
"1945","JAYVT NETAC1","446.37500","441.37500","D-Digital","High","12.5K","Off","Off","NETAC1","Group Call","8801","KC1JMH / Brad Br","Always","Carrier","Off","1","1","1","Off","7","1","None","None","Off","Off","Off","Off","Normal Encryption","Off","Off","Off","Off","251.1","1","Off","Off","Off","Off","Off","Off","1","0","Off","0","2","0","0","0","0"
"1946","JAYVT NETAC2","446.37500","441.37500","D-Digital","High","12.5K","Off","Off","NETAC2","Group Call","8802","KC1JMH / Brad Br","Always","Carrier","Off","1","1","1","Off","7","2","None","None","Off","Off","Off","Off","Normal Encryption","Off","Off","Off","Off","251.1","1","Off","Off","Off","Off","Off","Off","1","0","Off","0","2","0","0","0","0"
"1947","JAYVT NH SW","446.37500","441.37500","D-Digital","High","12.5K","Off","Off","NH Statewide","Group Call","3133","KC1JMH / Brad Br","Always","Carrier","Off","1","1","1","Off","7","1","None","None","Off","Off","Off","Off","Normal Encryption","Off","Off","Off","Off","251.1","1","Off","Off","Off","Off","Off","Off","1","0","Off","0","2","0","0","0","0"
"1948","JAYVT North Am","446.37500","441.37500","D-Digital","High","12.5K","Off","Off","North America","Group Call","3","KC1JMH / Brad Br","Always","Carrier","Off","1","1","1","Off","7","1","None","None","Off","Off","Off","Off","Normal Encryption","Off","Off","Off","Off","251.1","1","Off","Off","Off","Off","Off","Off","1","0","Off","0","2","0","0","0","0"
"1949","JAYVT Northeast","446.37500","441.37500","D-Digital","High","12.5K","Off","Off","Northeast","Group Call","3172","KC1JMH / Brad Br","Always","Carrier","Off","1","1","1","Off","7","1","None","None","Off","Off","Off","Off","Normal Encryption","Off","Off","Off","Off","251.1","1","Off","Off","Off","Off","Off","Off","1","0","Off","0","2","0","0","0","0"
"1950","JAYVT Parrot","446.37500","441.37500","D-Digital","High","12.5K","Off","Off","Parrot","Group Call","9998","KC1JMH / Brad Br","Always","Carrier","Off","1","1","1","Off","7","1","None","None","Off","Off","Off","Off","Normal Encryption","Off","Off","Off","Off","251.1","1","Off","Off","Off","Off","Off","Off","1","0","Off","0","2","0","0","0","0"
"1951","JAYVT Audio","446.37500","441.37500","D-Digital","High","12.5K","Off","Off","Audio Watch","Group Call","9999","KC1JMH / Brad Br","Always","Carrier","Off","1","1","1","Off","7","1","None","None","Off","Off","Off","Off","Normal Encryption","Off","Off","Off","Off","251.1","1","Off","Off","Off","Off","Off","Off","1","0","Off","0","2","0","0","0","0"
"1952","JAYVT TAC316","446.37500","441.37500","D-Digital","High","12.5K","Off","Off","TAC316","Group Call","316","KC1JMH / Brad Br","Always","Carrier","Off","1","1","1","Off","7","1","None","None","Off","Off","Off","Off","Normal Encryption","Off","Off","Off","Off","251.1","1","Off","Off","Off","Off","Off","Off","1","0","Off","0","2","0","0","0","0"
"1953","JAYVT CT SW","446.37500","441.37500","D-Digital","High","12.5K","Off","Off","CT Statewide","Group Call","3109","KC1JMH / Brad Br","Always","Carrier","Off","1","1","1","Off","7","1","None","None","Off","Off","Off","Off","Normal Encryption","Off","Off","Off","Off","251.1","1","Off","Off","Off","Off","Off","Off","1","0","Off","0","2","0","0","0","0"
"1954","JAYVT MA SW","446.37500","441.37500","D-Digital","High","12.5K","Off","Off","MA Statewide","Group Call","3125","KC1JMH / Brad Br","Always","Carrier","Off","1","1","1","Off","7","1","None","None","Off","Off","Off","Off","Normal Encryption","Off","Off","Off","Off","251.1","1","Off","Off","Off","Off","Off","Off","1","0","Off","0","2","0","0","0","0"
"1955","JAYVT ME SW","446.37500","441.37500","D-Digital","High","12.5K","Off","Off","ME Statewide","Group Call","3123","KC1JMH / Brad Br","Always","Carrier","Off","1","1","1","Off","7","1","None","None","Off","Off","Off","Off","Normal Encryption","Off","Off","Off","Off","251.1","1","Off","Off","Off","Off","Off","Off","1","0","Off","0","2","0","0","0","0"
"1956","JAYVT RI SW","446.37500","441.37500","D-Digital","High","12.5K","Off","Off","RI Statewide","Group Call","3144","KC1JMH / Brad Br","Always","Carrier","Off","1","1","1","Off","7","1","None","None","Off","Off","Off","Off","Normal Encryption","Off","Off","Off","Off","251.1","1","Off","Off","Off","Off","Off","Off","1","0","Off","0","2","0","0","0","0"
"1957","JAYVT Reg North","446.37500","441.37500","D-Digital","High","12.5K","Off","Off","Region North","Group Call","8","KC1JMH / Brad Br","Always","Carrier","Off","1","1","1","Off","7","2","None","None","Off","Off","Off","Off","Normal Encryption","Off","Off","Off","Off","251.1","1","Off","Off","Off","Off","Off","Off","1","0","Off","0","2","0","0","0","0"
"1958","JAYVT SKYWARN","446.37500","441.37500","D-Digital","High","12.5K","Off","Off","SKYWARN","Group Call","759","KC1JMH / Brad Br","Always","Carrier","Off","1","1","1","Off","7","1","None","None","Off","Off","Off","Off","Normal Encryption","Off","Off","Off","Off","251.1","1","Off","Off","Off","Off","Off","Off","1","0","Off","0","2","0","0","0","0"
"1959","JAYVT TAC310","446.37500","441.37500","D-Digital","High","12.5K","Off","Off","TAC310","Group Call","310","KC1JMH / Brad Br","Always","Carrier","Off","1","1","1","Off","7","1","None","None","Off","Off","Off","Off","Normal Encryption","Off","Off","Off","Off","251.1","1","Off","Off","Off","Off","Off","Off","1","0","Off","0","2","0","0","0","0"
"1960","JAYVT TAC311","446.37500","441.37500","D-Digital","High","12.5K","Off","Off","TAC311","Group Call","311","KC1JMH / Brad Br","Always","Carrier","Off","1","1","1","Off","7","1","None","None","Off","Off","Off","Off","Normal Encryption","Off","Off","Off","Off","251.1","1","Off","Off","Off","Off","Off","Off","1","0","Off","0","2","0","0","0","0"
"1961","JAYVT UA Eng1","446.37500","441.37500","D-Digital","High","12.5K","Off","Off","UA English 1-113","Group Call","113","KC1JMH / Brad Br","Always","Carrier","Off","1","1","1","Off","7","1","None","None","Off","Off","Off","Off","Normal Encryption","Off","Off","Off","Off","251.1","1","Off","Off","Off","Off","Off","Off","1","0","Off","0","2","0","0","0","0"
"1962","JAYVT UA Eng2","446.37500","441.37500","D-Digital","High","12.5K","Off","Off","UA English 2-123","Group Call","123","KC1JMH / Brad Br","Always","Carrier","Off","1","1","1","Off","7","1","None","None","Off","Off","Off","Off","Normal Encryption","Off","Off","Off","Off","251.1","1","Off","Off","Off","Off","Off","Off","1","0","Off","0","2","0","0","0","0"
"1963","JAYVT VT SW","446.37500","441.37500","D-Digital","High","12.5K","Off","Off","VT Statewide","Group Call","3150","KC1JMH / Brad Br","Always","Carrier","Off","1","1","1","Off","7","2","None","None","Off","Off","Off","Off","Normal Encryption","Off","Off","Off","Off","251.1","1","Off","Off","Off","Off","Off","Off","1","0","Off","0","2","0","0","0","0"
"1964","JAYVT WW","446.37500","441.37500","D-Digital","High","12.5K","Off","Off","WW Call","Group Call","1","KC1JMH / Brad Br","Always","Carrier","Off","1","1","1","Off","7","1","None","None","Off","Off","Off","Off","Normal Encryption","Off","Off","Off","Off","251.1","1","Off","Off","Off","Off","Off","Off","1","0","Off","0","2","0","0","0","0"
"1965","LYNVT Local","448.57500","443.57500","D-Digital","High","12.5K","Off","Off","Local","Group Call","9","KC1JMH / Brad Br","Always","Carrier","Off","1","1","1","Off","5","2","None","None","Off","Off","Off","Off","Normal Encryption","Off","Off","Off","Off","251.1","1","Off","Off","Off","Off","Off","Off","1","0","Off","0","2","0","0","0","0"
"1966","LYNVT MA SW","448.57500","443.57500","D-Digital","High","12.5K","Off","Off","MA Statewide","Group Call","3125","KC1JMH / Brad Br","Always","Carrier","Off","1","1","1","Off","5","1","None","None","Off","Off","Off","Off","Normal Encryption","Off","Off","Off","Off","251.1","1","Off","Off","Off","Off","Off","Off","1","0","Off","0","2","0","0","0","0"
"1967","LYNVT NE Wide","448.57500","443.57500","D-Digital","High","12.5K","Off","Off","New England-Wide","Group Call","3181","KC1JMH / Brad Br","Always","Carrier","Off","1","1","1","Off","5","2","None","None","Off","Off","Off","Off","Normal Encryption","Off","Off","Off","Off","251.1","1","Off","Off","Off","Off","Off","Off","1","0","Off","0","2","0","0","0","0"
"1968","LYNVT NETAC1","448.57500","443.57500","D-Digital","High","12.5K","Off","Off","NETAC1","Group Call","8801","KC1JMH / Brad Br","Always","Carrier","Off","1","1","1","Off","5","1","None","None","Off","Off","Off","Off","Normal Encryption","Off","Off","Off","Off","251.1","1","Off","Off","Off","Off","Off","Off","1","0","Off","0","2","0","0","0","0"
"1969","LYNVT NETAC2","448.57500","443.57500","D-Digital","High","12.5K","Off","Off","NETAC2","Group Call","8802","KC1JMH / Brad Br","Always","Carrier","Off","1","1","1","Off","5","2","None","None","Off","Off","Off","Off","Normal Encryption","Off","Off","Off","Off","251.1","1","Off","Off","Off","Off","Off","Off","1","0","Off","0","2","0","0","0","0"
"1970","LYNVT NH SW","448.57500","443.57500","D-Digital","High","12.5K","Off","Off","NH Statewide","Group Call","3133","KC1JMH / Brad Br","Always","Carrier","Off","1","1","1","Off","5","1","None","None","Off","Off","Off","Off","Normal Encryption","Off","Off","Off","Off","251.1","1","Off","Off","Off","Off","Off","Off","1","0","Off","0","2","0","0","0","0"
"1971","LYNVT North Am","448.57500","443.57500","D-Digital","High","12.5K","Off","Off","North America","Group Call","3","KC1JMH / Brad Br","Always","Carrier","Off","1","1","1","Off","5","1","None","None","Off","Off","Off","Off","Normal Encryption","Off","Off","Off","Off","251.1","1","Off","Off","Off","Off","Off","Off","1","0","Off","0","2","0","0","0","0"
"1972","LYNVT Northeast","448.57500","443.57500","D-Digital","High","12.5K","Off","Off","Northeast","Group Call","3172","KC1JMH / Brad Br","Always","Carrier","Off","1","1","1","Off","5","1","None","None","Off","Off","Off","Off","Normal Encryption","Off","Off","Off","Off","251.1","1","Off","Off","Off","Off","Off","Off","1","0","Off","0","2","0","0","0","0"
"1973","LYNVT Parrot","448.57500","443.57500","D-Digital","High","12.5K","Off","Off","Parrot","Group Call","9998","KC1JMH / Brad Br","Always","Carrier","Off","1","1","1","Off","5","1","None","None","Off","Off","Off","Off","Normal Encryption","Off","Off","Off","Off","251.1","1","Off","Off","Off","Off","Off","Off","1","0","Off","0","2","0","0","0","0"
"1974","LYNVT Reg North","448.57500","443.57500","D-Digital","High","12.5K","Off","Off","Region North","Group Call","8","KC1JMH / Brad Br","Always","Carrier","Off","1","1","1","Off","5","2","None","None","Off","Off","Off","Off","Normal Encryption","Off","Off","Off","Off","251.1","1","Off","Off","Off","Off","Off","Off","1","0","Off","0","2","0","0","0","0"
"1975","LYNVT SKYWARN","448.57500","443.57500","D-Digital","High","12.5K","Off","Off","SKYWARN","Group Call","759","KC1JMH / Brad Br","Always","Carrier","Off","1","1","1","Off","5","1","None","None","Off","Off","Off","Off","Normal Encryption","Off","Off","Off","Off","251.1","1","Off","Off","Off","Off","Off","Off","1","0","Off","0","2","0","0","0","0"
"1976","LYNVT TAC310","448.57500","443.57500","D-Digital","High","12.5K","Off","Off","TAC310","Group Call","310","KC1JMH / Brad Br","Always","Carrier","Off","1","1","1","Off","5","1","None","None","Off","Off","Off","Off","Normal Encryption","Off","Off","Off","Off","251.1","1","Off","Off","Off","Off","Off","Off","1","0","Off","0","2","0","0","0","0"
"1977","LYNVT TAC311","448.57500","443.57500","D-Digital","High","12.5K","Off","Off","TAC311","Group Call","311","KC1JMH / Brad Br","Always","Carrier","Off","1","1","1","Off","5","1","None","None","Off","Off","Off","Off","Normal Encryption","Off","Off","Off","Off","251.1","1","Off","Off","Off","Off","Off","Off","1","0","Off","0","2","0","0","0","0"
"1978","LYNVT UA Eng1","448.57500","443.57500","D-Digital","High","12.5K","Off","Off","UA English 1-113","Group Call","113","KC1JMH / Brad Br","Always","Carrier","Off","1","1","1","Off","5","1","None","None","Off","Off","Off","Off","Normal Encryption","Off","Off","Off","Off","251.1","1","Off","Off","Off","Off","Off","Off","1","0","Off","0","2","0","0","0","0"
"1979","LYNVT UA Eng2","448.57500","443.57500","D-Digital","High","12.5K","Off","Off","UA English 2-123","Group Call","123","KC1JMH / Brad Br","Always","Carrier","Off","1","1","1","Off","5","1","None","None","Off","Off","Off","Off","Normal Encryption","Off","Off","Off","Off","251.1","1","Off","Off","Off","Off","Off","Off","1","0","Off","0","2","0","0","0","0"
"1980","LYNVT VT SW","448.57500","443.57500","D-Digital","High","12.5K","Off","Off","VT Statewide","Group Call","3150","KC1JMH / Brad Br","Always","Carrier","Off","1","1","1","Off","5","2","None","None","Off","Off","Off","Off","Normal Encryption","Off","Off","Off","Off","251.1","1","Off","Off","Off","Off","Off","Off","1","0","Off","0","2","0","0","0","0"
"1981","LYNVT WW","448.57500","443.57500","D-Digital","High","12.5K","Off","Off","WW Call","Group Call","1","KC1JMH / Brad Br","Always","Carrier","Off","1","1","1","Off","5","1","None","None","Off","Off","Off","Off","Normal Encryption","Off","Off","Off","Off","251.1","1","Off","Off","Off","Off","Off","Off","1","0","Off","0","2","0","0","0","0"
"1982","MNKVT Local","443.75000","448.75000","D-Digital","High","12.5K","Off","Off","Local","Group Call","9","KC1JMH / Brad Br","Always","Carrier","Off","1","1","1","Off","7","2","None","None","Off","Off","Off","Off","Normal Encryption","Off","Off","Off","Off","251.1","1","Off","Off","Off","Off","Off","Off","1","0","Off","0","2","0","0","0","0"
"1983","MNKVT MA SW","443.75000","448.75000","D-Digital","High","12.5K","Off","Off","MA Statewide","Group Call","3125","KC1JMH / Brad Br","Always","Carrier","Off","1","1","1","Off","7","1","None","None","Off","Off","Off","Off","Normal Encryption","Off","Off","Off","Off","251.1","1","Off","Off","Off","Off","Off","Off","1","0","Off","0","2","0","0","0","0"
"1984","MNKVT NE Wide","443.75000","448.75000","D-Digital","High","12.5K","Off","Off","New England-Wide","Group Call","3181","KC1JMH / Brad Br","Always","Carrier","Off","1","1","1","Off","7","2","None","None","Off","Off","Off","Off","Normal Encryption","Off","Off","Off","Off","251.1","1","Off","Off","Off","Off","Off","Off","1","0","Off","0","2","0","0","0","0"
"1985","MNKVT NETAC1","443.75000","448.75000","D-Digital","High","12.5K","Off","Off","NETAC1","Group Call","8801","KC1JMH / Brad Br","Always","Carrier","Off","1","1","1","Off","7","1","None","None","Off","Off","Off","Off","Normal Encryption","Off","Off","Off","Off","251.1","1","Off","Off","Off","Off","Off","Off","1","0","Off","0","2","0","0","0","0"
"1986","MNKVT NETAC2","443.75000","448.75000","D-Digital","High","12.5K","Off","Off","NETAC2","Group Call","8802","KC1JMH / Brad Br","Always","Carrier","Off","1","1","1","Off","7","2","None","None","Off","Off","Off","Off","Normal Encryption","Off","Off","Off","Off","251.1","1","Off","Off","Off","Off","Off","Off","1","0","Off","0","2","0","0","0","0"
"1987","MNKVT NH SW","443.75000","448.75000","D-Digital","High","12.5K","Off","Off","NH Statewide","Group Call","3133","KC1JMH / Brad Br","Always","Carrier","Off","1","1","1","Off","7","1","None","None","Off","Off","Off","Off","Normal Encryption","Off","Off","Off","Off","251.1","1","Off","Off","Off","Off","Off","Off","1","0","Off","0","2","0","0","0","0"
"1988","MNKVT North Am","443.75000","448.75000","D-Digital","High","12.5K","Off","Off","North America","Group Call","3","KC1JMH / Brad Br","Always","Carrier","Off","1","1","1","Off","7","1","None","None","Off","Off","Off","Off","Normal Encryption","Off","Off","Off","Off","251.1","1","Off","Off","Off","Off","Off","Off","1","0","Off","0","2","0","0","0","0"
"1989","MNKVT Northeast","443.75000","448.75000","D-Digital","High","12.5K","Off","Off","Northeast","Group Call","3172","KC1JMH / Brad Br","Always","Carrier","Off","1","1","1","Off","7","1","None","None","Off","Off","Off","Off","Normal Encryption","Off","Off","Off","Off","251.1","1","Off","Off","Off","Off","Off","Off","1","0","Off","0","2","0","0","0","0"
"1990","MNKVT Parrot","443.75000","448.75000","D-Digital","High","12.5K","Off","Off","Parrot","Group Call","9998","KC1JMH / Brad Br","Always","Carrier","Off","1","1","1","Off","7","1","None","None","Off","Off","Off","Off","Normal Encryption","Off","Off","Off","Off","251.1","1","Off","Off","Off","Off","Off","Off","1","0","Off","0","2","0","0","0","0"
"1991","MNKVT Audio","443.75000","448.75000","D-Digital","High","12.5K","Off","Off","Audio Watch","Group Call","9999","KC1JMH / Brad Br","Always","Carrier","Off","1","1","1","Off","7","1","None","None","Off","Off","Off","Off","Normal Encryption","Off","Off","Off","Off","251.1","1","Off","Off","Off","Off","Off","Off","1","0","Off","0","2","0","0","0","0"
"1992","MNKVT TAC316","443.75000","448.75000","D-Digital","High","12.5K","Off","Off","TAC316","Group Call","316","KC1JMH / Brad Br","Always","Carrier","Off","1","1","1","Off","7","1","None","None","Off","Off","Off","Off","Normal Encryption","Off","Off","Off","Off","251.1","1","Off","Off","Off","Off","Off","Off","1","0","Off","0","2","0","0","0","0"
"1993","MNKVT CT SW","443.75000","448.75000","D-Digital","High","12.5K","Off","Off","CT Statewide","Group Call","3109","KC1JMH / Brad Br","Always","Carrier","Off","1","1","1","Off","7","1","None","None","Off","Off","Off","Off","Normal Encryption","Off","Off","Off","Off","251.1","1","Off","Off","Off","Off","Off","Off","1","0","Off","0","2","0","0","0","0"
"1994","MNKVT ME SW","443.75000","448.75000","D-Digital","High","12.5K","Off","Off","ME Statewide","Group Call","3123","KC1JMH / Brad Br","Always","Carrier","Off","1","1","1","Off","7","1","None","None","Off","Off","Off","Off","Normal Encryption","Off","Off","Off","Off","251.1","1","Off","Off","Off","Off","Off","Off","1","0","Off","0","2","0","0","0","0"
"1995","MNKVT RI SW","443.75000","448.75000","D-Digital","High","12.5K","Off","Off","RI Statewide","Group Call","3144","KC1JMH / Brad Br","Always","Carrier","Off","1","1","1","Off","7","1","None","None","Off","Off","Off","Off","Normal Encryption","Off","Off","Off","Off","251.1","1","Off","Off","Off","Off","Off","Off","1","0","Off","0","2","0","0","0","0"
"1996","MNKVT UpNY","443.75000","448.75000","D-Digital","High","12.5K","Off","Off","Upstate NY","Group Call","31361","KC1JMH / Brad Br","Always","Carrier","Off","1","1","1","Off","7","1","None","None","Off","Off","Off","Off","Normal Encryption","Off","Off","Off","Off","251.1","1","Off","Off","Off","Off","Off","Off","1","0","Off","0","2","0","0","0","0"
"1997","MNKVT Reg North","443.75000","448.75000","D-Digital","High","12.5K","Off","Off","Region North","Group Call","8","KC1JMH / Brad Br","Always","Carrier","Off","1","1","1","Off","7","2","None","None","Off","Off","Off","Off","Normal Encryption","Off","Off","Off","Off","251.1","1","Off","Off","Off","Off","Off","Off","1","0","Off","0","2","0","0","0","0"
"1998","MNKVT SKYWARN","443.75000","448.75000","D-Digital","High","12.5K","Off","Off","SKYWARN","Group Call","759","KC1JMH / Brad Br","Always","Carrier","Off","1","1","1","Off","7","1","None","None","Off","Off","Off","Off","Normal Encryption","Off","Off","Off","Off","251.1","1","Off","Off","Off","Off","Off","Off","1","0","Off","0","2","0","0","0","0"
"1999","MNKVT TAC310","443.75000","448.75000","D-Digital","High","12.5K","Off","Off","TAC310","Group Call","310","KC1JMH / Brad Br","Always","Carrier","Off","1","1","1","Off","7","1","None","None","Off","Off","Off","Off","Normal Encryption","Off","Off","Off","Off","251.1","1","Off","Off","Off","Off","Off","Off","1","0","Off","0","2","0","0","0","0"
"2000","MNKVT TAC311","443.75000","448.75000","D-Digital","High","12.5K","Off","Off","TAC311","Group Call","311","KC1JMH / Brad Br","Always","Carrier","Off","1","1","1","Off","7","1","None","None","Off","Off","Off","Off","Normal Encryption","Off","Off","Off","Off","251.1","1","Off","Off","Off","Off","Off","Off","1","0","Off","0","2","0","0","0","0"
"2001","MNKVT UA Eng1","443.75000","448.75000","D-Digital","High","12.5K","Off","Off","UA English 1-113","Group Call","113","KC1JMH / Brad Br","Always","Carrier","Off","1","1","1","Off","7","1","None","None","Off","Off","Off","Off","Normal Encryption","Off","Off","Off","Off","251.1","1","Off","Off","Off","Off","Off","Off","1","0","Off","0","2","0","0","0","0"
"2002","MNKVT UA Eng2","443.75000","448.75000","D-Digital","High","12.5K","Off","Off","UA English 2-123","Group Call","123","KC1JMH / Brad Br","Always","Carrier","Off","1","1","1","Off","7","1","None","None","Off","Off","Off","Off","Normal Encryption","Off","Off","Off","Off","251.1","1","Off","Off","Off","Off","Off","Off","1","0","Off","0","2","0","0","0","0"
"2003","MNKVT VT SW","443.75000","448.75000","D-Digital","High","12.5K","Off","Off","VT Statewide","Group Call","3150","KC1JMH / Brad Br","Always","Carrier","Off","1","1","1","Off","7","2","None","None","Off","Off","Off","Off","Normal Encryption","Off","Off","Off","Off","251.1","1","Off","Off","Off","Off","Off","Off","1","0","Off","0","2","0","0","0","0"
"2004","MNKVT WW","443.75000","448.75000","D-Digital","High","12.5K","Off","Off","WW Call","Group Call","1","KC1JMH / Brad Br","Always","Carrier","Off","1","1","1","Off","7","1","None","None","Off","Off","Off","Off","Normal Encryption","Off","Off","Off","Off","251.1","1","Off","Off","Off","Off","Off","Off","1","0","Off","0","2","0","0","0","0"
"2005","NFLDVT CT SW","449.47500","444.47500","D-Digital","High","12.5K","Off","Off","CT Statewide","Group Call","3109","KC1JMH / Brad Br","Always","Carrier","Off","1","1","1","Off","6","1","None","None","Off","Off","Off","Off","Normal Encryption","Off","Off","Off","Off","251.1","1","Off","Off","Off","Off","Off","Off","1","0","Off","0","2","0","0","0","0"
"2006","NFLDVT Local","449.47500","444.47500","D-Digital","High","12.5K","Off","Off","Local","Group Call","9","KC1JMH / Brad Br","Always","Carrier","Off","1","1","1","Off","6","2","None","None","Off","Off","Off","Off","Normal Encryption","Off","Off","Off","Off","251.1","1","Off","Off","Off","Off","Off","Off","1","0","Off","0","2","0","0","0","0"
"2007","NFLDVT MA SW","449.47500","444.47500","D-Digital","High","12.5K","Off","Off","MA Statewide","Group Call","3125","KC1JMH / Brad Br","Always","Carrier","Off","1","1","1","Off","6","1","None","None","Off","Off","Off","Off","Normal Encryption","Off","Off","Off","Off","251.1","1","Off","Off","Off","Off","Off","Off","1","0","Off","0","2","0","0","0","0"
"2008","NFLDVT ME SW","449.47500","444.47500","D-Digital","High","12.5K","Off","Off","ME Statewide","Group Call","3123","KC1JMH / Brad Br","Always","Carrier","Off","1","1","1","Off","6","1","None","None","Off","Off","Off","Off","Normal Encryption","Off","Off","Off","Off","251.1","1","Off","Off","Off","Off","Off","Off","1","0","Off","0","2","0","0","0","0"
"2009","NFLDVT NE Wide","449.47500","444.47500","D-Digital","High","12.5K","Off","Off","New England-Wide","Group Call","3181","KC1JMH / Brad Br","Always","Carrier","Off","1","1","1","Off","6","2","None","None","Off","Off","Off","Off","Normal Encryption","Off","Off","Off","Off","251.1","1","Off","Off","Off","Off","Off","Off","1","0","Off","0","2","0","0","0","0"
"2010","NFLDVT NETAC1","449.47500","444.47500","D-Digital","High","12.5K","Off","Off","NETAC1","Group Call","8801","KC1JMH / Brad Br","Always","Carrier","Off","1","1","1","Off","6","1","None","None","Off","Off","Off","Off","Normal Encryption","Off","Off","Off","Off","251.1","1","Off","Off","Off","Off","Off","Off","1","0","Off","0","2","0","0","0","0"
"2011","NFLDVT NETAC2","449.47500","444.47500","D-Digital","High","12.5K","Off","Off","NETAC2","Group Call","8802","KC1JMH / Brad Br","Always","Carrier","Off","1","1","1","Off","6","2","None","None","Off","Off","Off","Off","Normal Encryption","Off","Off","Off","Off","251.1","1","Off","Off","Off","Off","Off","Off","1","0","Off","0","2","0","0","0","0"
"2012","NFLDVT NH SW","449.47500","444.47500","D-Digital","High","12.5K","Off","Off","NH Statewide","Group Call","3133","KC1JMH / Brad Br","Always","Carrier","Off","1","1","1","Off","6","1","None","None","Off","Off","Off","Off","Normal Encryption","Off","Off","Off","Off","251.1","1","Off","Off","Off","Off","Off","Off","1","0","Off","0","2","0","0","0","0"
"2013","NFLDVT North Am","449.47500","444.47500","D-Digital","High","12.5K","Off","Off","North America","Group Call","3","KC1JMH / Brad Br","Always","Carrier","Off","1","1","1","Off","6","1","None","None","Off","Off","Off","Off","Normal Encryption","Off","Off","Off","Off","251.1","1","Off","Off","Off","Off","Off","Off","1","0","Off","0","2","0","0","0","0"
"2014","NFLDVT Northeast","449.47500","444.47500","D-Digital","High","12.5K","Off","Off","Northeast","Group Call","3172","KC1JMH / Brad Br","Always","Carrier","Off","1","1","1","Off","6","1","None","None","Off","Off","Off","Off","Normal Encryption","Off","Off","Off","Off","251.1","1","Off","Off","Off","Off","Off","Off","1","0","Off","0","2","0","0","0","0"
"2015","NFLDVT Parrot","449.47500","444.47500","D-Digital","High","12.5K","Off","Off","Parrot","Group Call","9998","KC1JMH / Brad Br","Always","Carrier","Off","1","1","1","Off","6","1","None","None","Off","Off","Off","Off","Normal Encryption","Off","Off","Off","Off","251.1","1","Off","Off","Off","Off","Off","Off","1","0","Off","0","2","0","0","0","0"
"2016","NFLDVT Reg North","449.47500","444.47500","D-Digital","High","12.5K","Off","Off","Region North","Group Call","8","KC1JMH / Brad Br","Always","Carrier","Off","1","1","1","Off","6","1","None","None","Off","Off","Off","Off","Normal Encryption","Off","Off","Off","Off","251.1","1","Off","Off","Off","Off","Off","Off","1","0","Off","0","2","0","0","0","0"
"2017","NFLDVT SKYWARN","449.47500","444.47500","D-Digital","High","12.5K","Off","Off","SKYWARN","Group Call","759","KC1JMH / Brad Br","Always","Carrier","Off","1","1","1","Off","6","1","None","None","Off","Off","Off","Off","Normal Encryption","Off","Off","Off","Off","251.1","1","Off","Off","Off","Off","Off","Off","1","0","Off","0","2","0","0","0","0"
"2018","NFLDVT TAC310","449.47500","444.47500","D-Digital","High","12.5K","Off","Off","TAC310","Group Call","310","KC1JMH / Brad Br","Always","Carrier","Off","1","1","1","Off","6","1","None","None","Off","Off","Off","Off","Normal Encryption","Off","Off","Off","Off","251.1","1","Off","Off","Off","Off","Off","Off","1","0","Off","0","2","0","0","0","0"
"2019","NFLDVT TAC311","449.47500","444.47500","D-Digital","High","12.5K","Off","Off","TAC311","Group Call","311","KC1JMH / Brad Br","Always","Carrier","Off","1","1","1","Off","6","1","None","None","Off","Off","Off","Off","Normal Encryption","Off","Off","Off","Off","251.1","1","Off","Off","Off","Off","Off","Off","1","0","Off","0","2","0","0","0","0"
"2020","NFLDVT UA Eng1","449.47500","444.47500","D-Digital","High","12.5K","Off","Off","UA English 1-113","Group Call","113","KC1JMH / Brad Br","Always","Carrier","Off","1","1","1","Off","6","1","None","None","Off","Off","Off","Off","Normal Encryption","Off","Off","Off","Off","251.1","1","Off","Off","Off","Off","Off","Off","1","0","Off","0","2","0","0","0","0"
"2021","NFLDVT UA Eng2","449.47500","444.47500","D-Digital","High","12.5K","Off","Off","UA English 2-123","Group Call","123","KC1JMH / Brad Br","Always","Carrier","Off","1","1","1","Off","6","1","None","None","Off","Off","Off","Off","Normal Encryption","Off","Off","Off","Off","251.1","1","Off","Off","Off","Off","Off","Off","1","0","Off","0","2","0","0","0","0"
"2022","NFLDVT VT SW","449.47500","444.47500","D-Digital","High","12.5K","Off","Off","VT Statewide","Group Call","3150","KC1JMH / Brad Br","Always","Carrier","Off","1","1","1","Off","6","2","None","None","Off","Off","Off","Off","Normal Encryption","Off","Off","Off","Off","251.1","1","Off","Off","Off","Off","Off","Off","1","0","Off","0","2","0","0","0","0"
"2023","NFLDVT WW","449.47500","444.47500","D-Digital","High","12.5K","Off","Off","WW Call","Group Call","1","KC1JMH / Brad Br","Always","Carrier","Off","1","1","1","Off","6","1","None","None","Off","Off","Off","Off","Normal Encryption","Off","Off","Off","Off","251.1","1","Off","Off","Off","Off","Off","Off","1","0","Off","0","2","0","0","0","0"
"2024","PICVT Local","444.50000","449.50000","D-Digital","High","12.5K","Off","Off","Local","Group Call","9","KC1JMH / Brad Br","Always","Carrier","Off","1","1","1","Off","1","2","None","None","Off","Off","Off","Off","Normal Encryption","Off","Off","Off","Off","251.1","1","Off","Off","Off","Off","Off","Off","1","0","Off","0","2","0","0","0","0"
"2025","PICVT MA SW","444.50000","449.50000","D-Digital","High","12.5K","Off","Off","MA Statewide","Group Call","3125","KC1JMH / Brad Br","Always","Carrier","Off","1","1","1","Off","1","1","None","None","Off","Off","Off","Off","Normal Encryption","Off","Off","Off","Off","251.1","1","Off","Off","Off","Off","Off","Off","1","0","Off","0","2","0","0","0","0"
"2026","PICVT NE Wide","444.50000","449.50000","D-Digital","High","12.5K","Off","Off","New England-Wide","Group Call","3181","KC1JMH / Brad Br","Always","Carrier","Off","1","1","1","Off","1","2","None","None","Off","Off","Off","Off","Normal Encryption","Off","Off","Off","Off","251.1","1","Off","Off","Off","Off","Off","Off","1","0","Off","0","2","0","0","0","0"
"2027","PICVT NETAC1","444.50000","449.50000","D-Digital","High","12.5K","Off","Off","NETAC1","Group Call","8801","KC1JMH / Brad Br","Always","Carrier","Off","1","1","1","Off","1","1","None","None","Off","Off","Off","Off","Normal Encryption","Off","Off","Off","Off","251.1","1","Off","Off","Off","Off","Off","Off","1","0","Off","0","2","0","0","0","0"
"2028","PICVT NETAC2","444.50000","449.50000","D-Digital","High","12.5K","Off","Off","NETAC2","Group Call","8802","KC1JMH / Brad Br","Always","Carrier","Off","1","1","1","Off","1","2","None","None","Off","Off","Off","Off","Normal Encryption","Off","Off","Off","Off","251.1","1","Off","Off","Off","Off","Off","Off","1","0","Off","0","2","0","0","0","0"
"2029","PICVT NH SW","444.50000","449.50000","D-Digital","High","12.5K","Off","Off","NH Statewide","Group Call","3133","KC1JMH / Brad Br","Always","Carrier","Off","1","1","1","Off","1","1","None","None","Off","Off","Off","Off","Normal Encryption","Off","Off","Off","Off","251.1","1","Off","Off","Off","Off","Off","Off","1","0","Off","0","2","0","0","0","0"
"2030","PICVT North Am","444.50000","449.50000","D-Digital","High","12.5K","Off","Off","North America","Group Call","3","KC1JMH / Brad Br","Always","Carrier","Off","1","1","1","Off","1","1","None","None","Off","Off","Off","Off","Normal Encryption","Off","Off","Off","Off","251.1","1","Off","Off","Off","Off","Off","Off","1","0","Off","0","2","0","0","0","0"
"2031","PICVT Northeast","444.50000","449.50000","D-Digital","High","12.5K","Off","Off","Northeast","Group Call","3172","KC1JMH / Brad Br","Always","Carrier","Off","1","1","1","Off","1","1","None","None","Off","Off","Off","Off","Normal Encryption","Off","Off","Off","Off","251.1","1","Off","Off","Off","Off","Off","Off","1","0","Off","0","2","0","0","0","0"
"2032","PICVT Parrot","444.50000","449.50000","D-Digital","High","12.5K","Off","Off","Parrot","Group Call","9998","KC1JMH / Brad Br","Always","Carrier","Off","1","1","1","Off","1","1","None","None","Off","Off","Off","Off","Normal Encryption","Off","Off","Off","Off","251.1","1","Off","Off","Off","Off","Off","Off","1","0","Off","0","2","0","0","0","0"
"2033","PICVT Audio","444.50000","449.50000","D-Digital","High","12.5K","Off","Off","Audio Watch","Group Call","9999","KC1JMH / Brad Br","Always","Carrier","Off","1","1","1","Off","1","1","None","None","Off","Off","Off","Off","Normal Encryption","Off","Off","Off","Off","251.1","1","Off","Off","Off","Off","Off","Off","1","0","Off","0","2","0","0","0","0"
"2034","PICVT TAC316","444.50000","449.50000","D-Digital","High","12.5K","Off","Off","TAC316","Group Call","316","KC1JMH / Brad Br","Always","Carrier","Off","1","1","1","Off","1","1","None","None","Off","Off","Off","Off","Normal Encryption","Off","Off","Off","Off","251.1","1","Off","Off","Off","Off","Off","Off","1","0","Off","0","2","0","0","0","0"
"2035","PICVT CT SW","444.50000","449.50000","D-Digital","High","12.5K","Off","Off","CT Statewide","Group Call","3109","KC1JMH / Brad Br","Always","Carrier","Off","1","1","1","Off","1","1","None","None","Off","Off","Off","Off","Normal Encryption","Off","Off","Off","Off","251.1","1","Off","Off","Off","Off","Off","Off","1","0","Off","0","2","0","0","0","0"
"2036","PICVT ME SW","444.50000","449.50000","D-Digital","High","12.5K","Off","Off","ME Statewide","Group Call","3123","KC1JMH / Brad Br","Always","Carrier","Off","1","1","1","Off","1","1","None","None","Off","Off","Off","Off","Normal Encryption","Off","Off","Off","Off","251.1","1","Off","Off","Off","Off","Off","Off","1","0","Off","0","2","0","0","0","0"
"2037","PICVT RI SW","444.50000","449.50000","D-Digital","High","12.5K","Off","Off","RI Statewide","Group Call","3144","KC1JMH / Brad Br","Always","Carrier","Off","1","1","1","Off","1","1","None","None","Off","Off","Off","Off","Normal Encryption","Off","Off","Off","Off","251.1","1","Off","Off","Off","Off","Off","Off","1","0","Off","0","2","0","0","0","0"
"2038","PICVT UpNY","444.50000","449.50000","D-Digital","High","12.5K","Off","Off","Upstate NY","Group Call","31361","KC1JMH / Brad Br","Always","Carrier","Off","1","1","1","Off","1","1","None","None","Off","Off","Off","Off","Normal Encryption","Off","Off","Off","Off","251.1","1","Off","Off","Off","Off","Off","Off","1","0","Off","0","2","0","0","0","0"
"2039","PICVT Reg North","444.50000","449.50000","D-Digital","High","12.5K","Off","Off","Region North","Group Call","8","KC1JMH / Brad Br","Always","Carrier","Off","1","1","1","Off","1","2","None","None","Off","Off","Off","Off","Normal Encryption","Off","Off","Off","Off","251.1","1","Off","Off","Off","Off","Off","Off","1","0","Off","0","2","0","0","0","0"
"2040","PICVT SKYWARN","444.50000","449.50000","D-Digital","High","12.5K","Off","Off","SKYWARN","Group Call","759","KC1JMH / Brad Br","Always","Carrier","Off","1","1","1","Off","1","1","None","None","Off","Off","Off","Off","Normal Encryption","Off","Off","Off","Off","251.1","1","Off","Off","Off","Off","Off","Off","1","0","Off","0","2","0","0","0","0"
"2041","PICVT TAC310","444.50000","449.50000","D-Digital","High","12.5K","Off","Off","TAC310","Group Call","310","KC1JMH / Brad Br","Always","Carrier","Off","1","1","1","Off","1","1","None","None","Off","Off","Off","Off","Normal Encryption","Off","Off","Off","Off","251.1","1","Off","Off","Off","Off","Off","Off","1","0","Off","0","2","0","0","0","0"
"2042","PICVT TAC311","444.50000","449.50000","D-Digital","High","12.5K","Off","Off","TAC311","Group Call","311","KC1JMH / Brad Br","Always","Carrier","Off","1","1","1","Off","1","1","None","None","Off","Off","Off","Off","Normal Encryption","Off","Off","Off","Off","251.1","1","Off","Off","Off","Off","Off","Off","1","0","Off","0","2","0","0","0","0"
"2043","PICVT UA Eng1","444.50000","449.50000","D-Digital","High","12.5K","Off","Off","UA English 1-113","Group Call","113","KC1JMH / Brad Br","Always","Carrier","Off","1","1","1","Off","1","1","None","None","Off","Off","Off","Off","Normal Encryption","Off","Off","Off","Off","251.1","1","Off","Off","Off","Off","Off","Off","1","0","Off","0","2","0","0","0","0"
"2044","PICVT UA Eng2","444.50000","449.50000","D-Digital","High","12.5K","Off","Off","UA English 2-123","Group Call","123","KC1JMH / Brad Br","Always","Carrier","Off","1","1","1","Off","1","1","None","None","Off","Off","Off","Off","Normal Encryption","Off","Off","Off","Off","251.1","1","Off","Off","Off","Off","Off","Off","1","0","Off","0","2","0","0","0","0"
"2045","PICVT VT SW","444.50000","449.50000","D-Digital","High","12.5K","Off","Off","VT Statewide","Group Call","3150","KC1JMH / Brad Br","Always","Carrier","Off","1","1","1","Off","1","2","None","None","Off","Off","Off","Off","Normal Encryption","Off","Off","Off","Off","251.1","1","Off","Off","Off","Off","Off","Off","1","0","Off","0","2","0","0","0","0"
"2046","PICVT WW","444.50000","449.50000","D-Digital","High","12.5K","Off","Off","WW Call","Group Call","1","KC1JMH / Brad Br","Always","Carrier","Off","1","1","1","Off","1","1","None","None","Off","Off","Off","Off","Normal Encryption","Off","Off","Off","Off","251.1","1","Off","Off","Off","Off","Off","Off","1","0","Off","0","2","0","0","0","0"
"2047","WARVT Local","449.47500","444.47500","D-Digital","High","12.5K","Off","Off","Local","Group Call","9","KC1JMH / Brad Br","Always","Carrier","Off","1","1","1","Off","5","2","None","None","Off","Off","Off","Off","Normal Encryption","Off","Off","Off","Off","251.1","1","Off","Off","Off","Off","Off","Off","1","0","Off","0","2","0","0","0","0"
"2048","WARVT MA SW","449.47500","444.47500","D-Digital","High","12.5K","Off","Off","MA Statewide","Group Call","3125","KC1JMH / Brad Br","Always","Carrier","Off","1","1","1","Off","5","1","None","None","Off","Off","Off","Off","Normal Encryption","Off","Off","Off","Off","251.1","1","Off","Off","Off","Off","Off","Off","1","0","Off","0","2","0","0","0","0"
"2049","WARVT NE Wide","449.47500","444.47500","D-Digital","High","12.5K","Off","Off","New England-Wide","Group Call","3181","KC1JMH / Brad Br","Always","Carrier","Off","1","1","1","Off","5","2","None","None","Off","Off","Off","Off","Normal Encryption","Off","Off","Off","Off","251.1","1","Off","Off","Off","Off","Off","Off","1","0","Off","0","2","0","0","0","0"
"2050","WARVT NETAC1","449.47500","444.47500","D-Digital","High","12.5K","Off","Off","NETAC1","Group Call","8801","KC1JMH / Brad Br","Always","Carrier","Off","1","1","1","Off","5","1","None","None","Off","Off","Off","Off","Normal Encryption","Off","Off","Off","Off","251.1","1","Off","Off","Off","Off","Off","Off","1","0","Off","0","2","0","0","0","0"
"2051","WARVT NETAC2","449.47500","444.47500","D-Digital","High","12.5K","Off","Off","NETAC2","Group Call","8802","KC1JMH / Brad Br","Always","Carrier","Off","1","1","1","Off","5","2","None","None","Off","Off","Off","Off","Normal Encryption","Off","Off","Off","Off","251.1","1","Off","Off","Off","Off","Off","Off","1","0","Off","0","2","0","0","0","0"
"2052","WARVT NH SW","449.47500","444.47500","D-Digital","High","12.5K","Off","Off","NH Statewide","Group Call","3133","KC1JMH / Brad Br","Always","Carrier","Off","1","1","1","Off","5","1","None","None","Off","Off","Off","Off","Normal Encryption","Off","Off","Off","Off","251.1","1","Off","Off","Off","Off","Off","Off","1","0","Off","0","2","0","0","0","0"
"2053","WARVT North Am","449.47500","444.47500","D-Digital","High","12.5K","Off","Off","North America","Group Call","3","KC1JMH / Brad Br","Always","Carrier","Off","1","1","1","Off","5","1","None","None","Off","Off","Off","Off","Normal Encryption","Off","Off","Off","Off","251.1","1","Off","Off","Off","Off","Off","Off","1","0","Off","0","2","0","0","0","0"
"2054","WARVT Northeast","449.47500","444.47500","D-Digital","High","12.5K","Off","Off","Northeast","Group Call","3172","KC1JMH / Brad Br","Always","Carrier","Off","1","1","1","Off","5","1","None","None","Off","Off","Off","Off","Normal Encryption","Off","Off","Off","Off","251.1","1","Off","Off","Off","Off","Off","Off","1","0","Off","0","2","0","0","0","0"
"2055","WARVT Parrot","449.47500","444.47500","D-Digital","High","12.5K","Off","Off","Parrot","Group Call","9998","KC1JMH / Brad Br","Always","Carrier","Off","1","1","1","Off","5","1","None","None","Off","Off","Off","Off","Normal Encryption","Off","Off","Off","Off","251.1","1","Off","Off","Off","Off","Off","Off","1","0","Off","0","2","0","0","0","0"
"2056","WARVT Audio","449.47500","444.47500","D-Digital","High","12.5K","Off","Off","Audio Watch","Group Call","9999","KC1JMH / Brad Br","Always","Carrier","Off","1","1","1","Off","5","1","None","None","Off","Off","Off","Off","Normal Encryption","Off","Off","Off","Off","251.1","1","Off","Off","Off","Off","Off","Off","1","0","Off","0","2","0","0","0","0"
"2057","WARVT TAC316","449.47500","444.47500","D-Digital","High","12.5K","Off","Off","TAC316","Group Call","316","KC1JMH / Brad Br","Always","Carrier","Off","1","1","1","Off","5","1","None","None","Off","Off","Off","Off","Normal Encryption","Off","Off","Off","Off","251.1","1","Off","Off","Off","Off","Off","Off","1","0","Off","0","2","0","0","0","0"
"2058","WARVT CT SW","449.47500","444.47500","D-Digital","High","12.5K","Off","Off","CT Statewide","Group Call","3109","KC1JMH / Brad Br","Always","Carrier","Off","1","1","1","Off","5","1","None","None","Off","Off","Off","Off","Normal Encryption","Off","Off","Off","Off","251.1","1","Off","Off","Off","Off","Off","Off","1","0","Off","0","2","0","0","0","0"
"2059","WARVT ME SW","449.47500","444.47500","D-Digital","High","12.5K","Off","Off","ME Statewide","Group Call","3123","KC1JMH / Brad Br","Always","Carrier","Off","1","1","1","Off","5","1","None","None","Off","Off","Off","Off","Normal Encryption","Off","Off","Off","Off","251.1","1","Off","Off","Off","Off","Off","Off","1","0","Off","0","2","0","0","0","0"
"2060","WARVT RI SW","449.47500","444.47500","D-Digital","High","12.5K","Off","Off","RI Statewide","Group Call","3144","KC1JMH / Brad Br","Always","Carrier","Off","1","1","1","Off","5","1","None","None","Off","Off","Off","Off","Normal Encryption","Off","Off","Off","Off","251.1","1","Off","Off","Off","Off","Off","Off","1","0","Off","0","2","0","0","0","0"
"2061","WARVT Reg North","449.47500","444.47500","D-Digital","High","12.5K","Off","Off","Region North","Group Call","8","KC1JMH / Brad Br","Always","Carrier","Off","1","1","1","Off","5","2","None","None","Off","Off","Off","Off","Normal Encryption","Off","Off","Off","Off","251.1","1","Off","Off","Off","Off","Off","Off","1","0","Off","0","2","0","0","0","0"
"2062","WARVT SKYWARN","449.47500","444.47500","D-Digital","High","12.5K","Off","Off","SKYWARN","Group Call","759","KC1JMH / Brad Br","Always","Carrier","Off","1","1","1","Off","5","1","None","None","Off","Off","Off","Off","Normal Encryption","Off","Off","Off","Off","251.1","1","Off","Off","Off","Off","Off","Off","1","0","Off","0","2","0","0","0","0"
"2063","WARVT TAC310","449.47500","444.47500","D-Digital","High","12.5K","Off","Off","TAC310","Group Call","310","KC1JMH / Brad Br","Always","Carrier","Off","1","1","1","Off","5","1","None","None","Off","Off","Off","Off","Normal Encryption","Off","Off","Off","Off","251.1","1","Off","Off","Off","Off","Off","Off","1","0","Off","0","2","0","0","0","0"
"2064","WARVT TAC311","449.47500","444.47500","D-Digital","High","12.5K","Off","Off","TAC311","Group Call","311","KC1JMH / Brad Br","Always","Carrier","Off","1","1","1","Off","5","1","None","None","Off","Off","Off","Off","Normal Encryption","Off","Off","Off","Off","251.1","1","Off","Off","Off","Off","Off","Off","1","0","Off","0","2","0","0","0","0"
"2065","WARVT UA Eng1","449.47500","444.47500","D-Digital","High","12.5K","Off","Off","UA English 1-113","Group Call","113","KC1JMH / Brad Br","Always","Carrier","Off","1","1","1","Off","5","1","None","None","Off","Off","Off","Off","Normal Encryption","Off","Off","Off","Off","251.1","1","Off","Off","Off","Off","Off","Off","1","0","Off","0","2","0","0","0","0"
"2066","WARVT UA Eng2","449.47500","444.47500","D-Digital","High","12.5K","Off","Off","UA English 2-123","Group Call","123","KC1JMH / Brad Br","Always","Carrier","Off","1","1","1","Off","5","1","None","None","Off","Off","Off","Off","Normal Encryption","Off","Off","Off","Off","251.1","1","Off","Off","Off","Off","Off","Off","1","0","Off","0","2","0","0","0","0"
"2067","WARVT VT SW","449.47500","444.47500","D-Digital","High","12.5K","Off","Off","VT Statewide","Group Call","3150","KC1JMH / Brad Br","Always","Carrier","Off","1","1","1","Off","5","2","None","None","Off","Off","Off","Off","Normal Encryption","Off","Off","Off","Off","251.1","1","Off","Off","Off","Off","Off","Off","1","0","Off","0","2","0","0","0","0"
"2068","WARVT WW","449.47500","444.47500","D-Digital","High","12.5K","Off","Off","WW Call","Group Call","1","KC1JMH / Brad Br","Always","Carrier","Off","1","1","1","Off","5","1","None","None","Off","Off","Off","Off","Normal Encryption","Off","Off","Off","Off","251.1","1","Off","Off","Off","Off","Off","Off","1","0","Off","0","2","0","0","0","0"
"2069","WLMVT Local","448.87500","443.87500","D-Digital","High","12.5K","Off","Off","Local","Group Call","9","KC1JMH / Brad Br","Always","Carrier","Off","1","1","1","Off","7","2","None","None","Off","Off","Off","Off","Normal Encryption","Off","Off","Off","Off","251.1","1","Off","Off","Off","Off","Off","Off","1","0","Off","0","2","0","0","0","0"
"2070","WLMVT MA SW","448.87500","443.87500","D-Digital","High","12.5K","Off","Off","MA Statewide","Group Call","3125","KC1JMH / Brad Br","Always","Carrier","Off","1","1","1","Off","7","1","None","None","Off","Off","Off","Off","Normal Encryption","Off","Off","Off","Off","251.1","1","Off","Off","Off","Off","Off","Off","1","0","Off","0","2","0","0","0","0"
"2071","WLMVT NE Wide","448.87500","443.87500","D-Digital","High","12.5K","Off","Off","New England-Wide","Group Call","3181","KC1JMH / Brad Br","Always","Carrier","Off","1","1","1","Off","7","2","None","None","Off","Off","Off","Off","Normal Encryption","Off","Off","Off","Off","251.1","1","Off","Off","Off","Off","Off","Off","1","0","Off","0","2","0","0","0","0"
"2072","WLMVT NETAC1","448.87500","443.87500","D-Digital","High","12.5K","Off","Off","NETAC1","Group Call","8801","KC1JMH / Brad Br","Always","Carrier","Off","1","1","1","Off","7","1","None","None","Off","Off","Off","Off","Normal Encryption","Off","Off","Off","Off","251.1","1","Off","Off","Off","Off","Off","Off","1","0","Off","0","2","0","0","0","0"
"2073","WLMVT NETAC2","448.87500","443.87500","D-Digital","High","12.5K","Off","Off","NETAC2","Group Call","8802","KC1JMH / Brad Br","Always","Carrier","Off","1","1","1","Off","7","2","None","None","Off","Off","Off","Off","Normal Encryption","Off","Off","Off","Off","251.1","1","Off","Off","Off","Off","Off","Off","1","0","Off","0","2","0","0","0","0"
"2074","WLMVT NH SW","448.87500","443.87500","D-Digital","High","12.5K","Off","Off","NH Statewide","Group Call","3133","KC1JMH / Brad Br","Always","Carrier","Off","1","1","1","Off","7","1","None","None","Off","Off","Off","Off","Normal Encryption","Off","Off","Off","Off","251.1","1","Off","Off","Off","Off","Off","Off","1","0","Off","0","2","0","0","0","0"
"2075","WLMVT North Am","448.87500","443.87500","D-Digital","High","12.5K","Off","Off","North America","Group Call","3","KC1JMH / Brad Br","Always","Carrier","Off","1","1","1","Off","7","1","None","None","Off","Off","Off","Off","Normal Encryption","Off","Off","Off","Off","251.1","1","Off","Off","Off","Off","Off","Off","1","0","Off","0","2","0","0","0","0"
"2076","WLMVT Northeast","448.87500","443.87500","D-Digital","High","12.5K","Off","Off","Northeast","Group Call","3172","KC1JMH / Brad Br","Always","Carrier","Off","1","1","1","Off","7","1","None","None","Off","Off","Off","Off","Normal Encryption","Off","Off","Off","Off","251.1","1","Off","Off","Off","Off","Off","Off","1","0","Off","0","2","0","0","0","0"
"2077","WLMVT Parrot","448.87500","443.87500","D-Digital","High","12.5K","Off","Off","Parrot","Group Call","9998","KC1JMH / Brad Br","Always","Carrier","Off","1","1","1","Off","7","1","None","None","Off","Off","Off","Off","Normal Encryption","Off","Off","Off","Off","251.1","1","Off","Off","Off","Off","Off","Off","1","0","Off","0","2","0","0","0","0"
"2078","WLMVT Audio","448.87500","443.87500","D-Digital","High","12.5K","Off","Off","Audio Watch","Group Call","9999","KC1JMH / Brad Br","Always","Carrier","Off","1","1","1","Off","7","1","None","None","Off","Off","Off","Off","Normal Encryption","Off","Off","Off","Off","251.1","1","Off","Off","Off","Off","Off","Off","1","0","Off","0","2","0","0","0","0"
"2079","WLMVT TAC316","448.87500","443.87500","D-Digital","High","12.5K","Off","Off","TAC316","Group Call","316","KC1JMH / Brad Br","Always","Carrier","Off","1","1","1","Off","7","1","None","None","Off","Off","Off","Off","Normal Encryption","Off","Off","Off","Off","251.1","1","Off","Off","Off","Off","Off","Off","1","0","Off","0","2","0","0","0","0"
"2080","WLMVT CT SW","448.87500","443.87500","D-Digital","High","12.5K","Off","Off","CT Statewide","Group Call","3109","KC1JMH / Brad Br","Always","Carrier","Off","1","1","1","Off","7","1","None","None","Off","Off","Off","Off","Normal Encryption","Off","Off","Off","Off","251.1","1","Off","Off","Off","Off","Off","Off","1","0","Off","0","2","0","0","0","0"
"2081","WLMVT ME SW","448.87500","443.87500","D-Digital","High","12.5K","Off","Off","ME Statewide","Group Call","3123","KC1JMH / Brad Br","Always","Carrier","Off","1","1","1","Off","7","1","None","None","Off","Off","Off","Off","Normal Encryption","Off","Off","Off","Off","251.1","1","Off","Off","Off","Off","Off","Off","1","0","Off","0","2","0","0","0","0"
"2082","WLMVT RI SW","448.87500","443.87500","D-Digital","High","12.5K","Off","Off","RI Statewide","Group Call","3144","KC1JMH / Brad Br","Always","Carrier","Off","1","1","1","Off","7","1","None","None","Off","Off","Off","Off","Normal Encryption","Off","Off","Off","Off","251.1","1","Off","Off","Off","Off","Off","Off","1","0","Off","0","2","0","0","0","0"
"2083","WLMVT Reg North","448.87500","443.87500","D-Digital","High","12.5K","Off","Off","Region North","Group Call","8","KC1JMH / Brad Br","Always","Carrier","Off","1","1","1","Off","7","2","None","None","Off","Off","Off","Off","Normal Encryption","Off","Off","Off","Off","251.1","1","Off","Off","Off","Off","Off","Off","1","0","Off","0","2","0","0","0","0"
"2084","WLMVT SKYWARN","448.87500","443.87500","D-Digital","High","12.5K","Off","Off","SKYWARN","Group Call","759","KC1JMH / Brad Br","Always","Carrier","Off","1","1","1","Off","7","1","None","None","Off","Off","Off","Off","Normal Encryption","Off","Off","Off","Off","251.1","1","Off","Off","Off","Off","Off","Off","1","0","Off","0","2","0","0","0","0"
"2085","WLMVT TAC310","448.87500","443.87500","D-Digital","High","12.5K","Off","Off","TAC310","Group Call","310","KC1JMH / Brad Br","Always","Carrier","Off","1","1","1","Off","7","1","None","None","Off","Off","Off","Off","Normal Encryption","Off","Off","Off","Off","251.1","1","Off","Off","Off","Off","Off","Off","1","0","Off","0","2","0","0","0","0"
"2086","WLMVT TAC311","448.87500","443.87500","D-Digital","High","12.5K","Off","Off","TAC311","Group Call","311","KC1JMH / Brad Br","Always","Carrier","Off","1","1","1","Off","7","1","None","None","Off","Off","Off","Off","Normal Encryption","Off","Off","Off","Off","251.1","1","Off","Off","Off","Off","Off","Off","1","0","Off","0","2","0","0","0","0"
"2087","WLMVT UA Eng1","448.87500","443.87500","D-Digital","High","12.5K","Off","Off","UA English 1-113","Group Call","113","KC1JMH / Brad Br","Always","Carrier","Off","1","1","1","Off","7","1","None","None","Off","Off","Off","Off","Normal Encryption","Off","Off","Off","Off","251.1","1","Off","Off","Off","Off","Off","Off","1","0","Off","0","2","0","0","0","0"
"2088","WLMVT UA Eng2","448.87500","443.87500","D-Digital","High","12.5K","Off","Off","UA English 2-123","Group Call","123","KC1JMH / Brad Br","Always","Carrier","Off","1","1","1","Off","7","1","None","None","Off","Off","Off","Off","Normal Encryption","Off","Off","Off","Off","251.1","1","Off","Off","Off","Off","Off","Off","1","0","Off","0","2","0","0","0","0"
"2089","WLMVT VT SW","448.87500","443.87500","D-Digital","High","12.5K","Off","Off","VT Statewide","Group Call","3150","KC1JMH / Brad Br","Always","Carrier","Off","1","1","1","Off","7","2","None","None","Off","Off","Off","Off","Normal Encryption","Off","Off","Off","Off","251.1","1","Off","Off","Off","Off","Off","Off","1","0","Off","0","2","0","0","0","0"
"2090","WLMVT WW","448.87500","443.87500","D-Digital","High","12.5K","Off","Off","WW Call","Group Call","1","KC1JMH / Brad Br","Always","Carrier","Off","1","1","1","Off","7","1","None","None","Off","Off","Off","Off","Normal Encryption","Off","Off","Off","Off","251.1","1","Off","Off","Off","Off","Off","Off","1","0","Off","0","2","0","0","0","0"
"2091","HNKNH CT SW","448.57500","443.57500","D-Digital","Turbo","12.5K","Off","Off","CT Statewide","Group Call","3109","KC1JMH / Brad Br","Always","Carrier","Off","1","1","1","Off","4","1","None","None","Off","Off","Off","Off","Normal Encryption","Off","Off","Off","Off","251.1","1","Off","Off","Off","Off","Off","Off","1","0","Off","0","2","0","0","0","0"
"2092","HNKNH Local","448.57500","443.57500","D-Digital","Turbo","12.5K","Off","Off","Local","Group Call","9","KC1JMH / Brad Br","Always","Carrier","Off","1","1","1","Off","4","2","None","None","Off","Off","Off","Off","Normal Encryption","Off","Off","Off","Off","251.1","1","Off","Off","Off","Off","Off","Off","1","0","Off","0","2","0","0","0","0"
"2093","HNKNH MA SW","448.57500","443.57500","D-Digital","Turbo","12.5K","Off","Off","MA Statewide","Group Call","3125","KC1JMH / Brad Br","Always","Carrier","Off","1","1","1","Off","4","1","None","None","Off","Off","Off","Off","Normal Encryption","Off","Off","Off","Off","251.1","1","Off","Off","Off","Off","Off","Off","1","0","Off","0","2","0","0","0","0"
"2094","HNKNH ME SW","448.57500","443.57500","D-Digital","Turbo","12.5K","Off","Off","ME Statewide","Group Call","3123","KC1JMH / Brad Br","Always","Carrier","Off","1","1","1","Off","4","1","None","None","Off","Off","Off","Off","Normal Encryption","Off","Off","Off","Off","251.1","1","Off","Off","Off","Off","Off","Off","1","0","Off","0","2","0","0","0","0"
"2095","HNKNH NE Wide","448.57500","443.57500","D-Digital","Turbo","12.5K","Off","Off","New England-Wide","Group Call","3181","KC1JMH / Brad Br","Always","Carrier","Off","1","1","1","Off","4","2","None","None","Off","Off","Off","Off","Normal Encryption","Off","Off","Off","Off","251.1","1","Off","Off","Off","Off","Off","Off","1","0","Off","0","2","0","0","0","0"
"2096","HNKNH NETAC1","448.57500","443.57500","D-Digital","Turbo","12.5K","Off","Off","NETAC1","Group Call","8801","KC1JMH / Brad Br","Always","Carrier","Off","1","1","1","Off","4","1","None","None","Off","Off","Off","Off","Normal Encryption","Off","Off","Off","Off","251.1","1","Off","Off","Off","Off","Off","Off","1","0","Off","0","2","0","0","0","0"
"2097","HNKNH NETAC2","448.57500","443.57500","D-Digital","Turbo","12.5K","Off","Off","NETAC2","Group Call","8802","KC1JMH / Brad Br","Always","Carrier","Off","1","1","1","Off","4","2","None","None","Off","Off","Off","Off","Normal Encryption","Off","Off","Off","Off","251.1","1","Off","Off","Off","Off","Off","Off","1","0","Off","0","2","0","0","0","0"
"2098","HNKNH NH SW","448.57500","443.57500","D-Digital","Turbo","12.5K","Off","Off","NH Statewide","Group Call","3133","KC1JMH / Brad Br","Always","Carrier","Off","1","1","1","Off","4","2","None","None","Off","Off","Off","Off","Normal Encryption","Off","Off","Off","Off","251.1","1","Off","Off","Off","Off","Off","Off","1","0","Off","0","2","0","0","0","0"
"2099","HNKNH North Am","448.57500","443.57500","D-Digital","Turbo","12.5K","Off","Off","North America","Group Call","3","KC1JMH / Brad Br","Always","Carrier","Off","1","1","1","Off","4","1","None","None","Off","Off","Off","Off","Normal Encryption","Off","Off","Off","Off","251.1","1","Off","Off","Off","Off","Off","Off","1","0","Off","0","2","0","0","0","0"
"2100","HNKNH Northeast","448.57500","443.57500","D-Digital","Turbo","12.5K","Off","Off","Northeast","Group Call","3172","KC1JMH / Brad Br","Always","Carrier","Off","1","1","1","Off","4","1","None","None","Off","Off","Off","Off","Normal Encryption","Off","Off","Off","Off","251.1","1","Off","Off","Off","Off","Off","Off","1","0","Off","0","2","0","0","0","0"
"2101","HNKNH Parrot","448.57500","443.57500","D-Digital","Turbo","12.5K","Off","Off","Parrot","Group Call","9998","KC1JMH / Brad Br","Always","Carrier","Off","1","1","1","Off","4","1","None","None","Off","Off","Off","Off","Normal Encryption","Off","Off","Off","Off","251.1","1","Off","Off","Off","Off","Off","Off","1","0","Off","0","2","0","0","0","0"
"2102","HNKNH RI SW","448.57500","443.57500","D-Digital","Turbo","12.5K","Off","Off","RI Statewide","Group Call","3144","KC1JMH / Brad Br","Always","Carrier","Off","1","1","1","Off","4","1","None","None","Off","Off","Off","Off","Normal Encryption","Off","Off","Off","Off","251.1","1","Off","Off","Off","Off","Off","Off","1","0","Off","0","2","0","0","0","0"
"2103","HNKNH SKYWARN","448.57500","443.57500","D-Digital","Turbo","12.5K","Off","Off","SKYWARN","Group Call","759","KC1JMH / Brad Br","Always","Carrier","Off","1","1","1","Off","4","1","None","None","Off","Off","Off","Off","Normal Encryption","Off","Off","Off","Off","251.1","1","Off","Off","Off","Off","Off","Off","1","0","Off","0","2","0","0","0","0"
"2104","HNKNH TAC310","448.57500","443.57500","D-Digital","Turbo","12.5K","Off","Off","TAC310","Group Call","310","KC1JMH / Brad Br","Always","Carrier","Off","1","1","1","Off","4","1","None","None","Off","Off","Off","Off","Normal Encryption","Off","Off","Off","Off","251.1","1","Off","Off","Off","Off","Off","Off","1","0","Off","0","2","0","0","0","0"
"2105","HNKNH TAC311","448.57500","443.57500","D-Digital","Turbo","12.5K","Off","Off","TAC311","Group Call","311","KC1JMH / Brad Br","Always","Carrier","Off","1","1","1","Off","4","1","None","None","Off","Off","Off","Off","Normal Encryption","Off","Off","Off","Off","251.1","1","Off","Off","Off","Off","Off","Off","1","0","Off","0","2","0","0","0","0"
"2106","HNKNH VT SW","448.57500","443.57500","D-Digital","Turbo","12.5K","Off","Off","VT Statewide","Group Call","3150","KC1JMH / Brad Br","Always","Carrier","Off","1","1","1","Off","4","1","None","None","Off","Off","Off","Off","Normal Encryption","Off","Off","Off","Off","251.1","1","Off","Off","Off","Off","Off","Off","1","0","Off","0","2","0","0","0","0"
"2107","HNKNH WW","448.57500","443.57500","D-Digital","Turbo","12.5K","Off","Off","WW Call","Group Call","1","KC1JMH / Brad Br","Always","Carrier","Off","1","1","1","Off","4","1","None","None","Off","Off","Off","Off","Normal Encryption","Off","Off","Off","Off","251.1","1","Off","Off","Off","Off","Off","Off","1","0","Off","0","2","0","0","0","0"
"2108","HNKNH Audio","448.57500","443.57500","D-Digital","Turbo","12.5K","Off","Off","Audio Watch","Group Call","9999","KC1JMH / Brad Br","Always","Carrier","Off","1","1","1","Off","4","1","None","None","Off","Off","Off","Off","Normal Encryption","Off","Off","Off","Off","251.1","1","Off","Off","Off","Off","Off","Off","1","0","Off","0","2","0","0","0","0"
"2109","HUDNE1B CT SW","147.10500","147.70500","D-Digital","High","12.5K","Off","Off","CT Statewide","Group Call","3109","KC1JMH / Brad Br","Always","Carrier","Off","1","1","1","Off","0","1","None","None","Off","Off","Off","Off","Normal Encryption","Off","Off","Off","Off","251.1","1","Off","Off","Off","Off","Off","Off","1","0","Off","0","2","0","0","0","0"
"2110","HUDNE1B Local","147.10500","147.70500","D-Digital","High","12.5K","Off","Off","Local","Group Call","9","KC1JMH / Brad Br","Always","Carrier","Off","1","1","1","Off","0","2","None","None","Off","Off","Off","Off","Normal Encryption","Off","Off","Off","Off","251.1","1","Off","Off","Off","Off","Off","Off","1","0","Off","0","2","0","0","0","0"
"2111","HUDNE1B MA SW","147.10500","147.70500","D-Digital","High","12.5K","Off","Off","MA Statewide","Group Call","3125","KC1JMH / Brad Br","Always","Carrier","Off","1","1","1","Off","0","1","None","None","Off","Off","Off","Off","Normal Encryption","Off","Off","Off","Off","251.1","1","Off","Off","Off","Off","Off","Off","1","0","Off","0","2","0","0","0","0"
"2112","HUDNE1B ME SW","147.10500","147.70500","D-Digital","High","12.5K","Off","Off","ME Statewide","Group Call","3123","KC1JMH / Brad Br","Always","Carrier","Off","1","1","1","Off","0","1","None","None","Off","Off","Off","Off","Normal Encryption","Off","Off","Off","Off","251.1","1","Off","Off","Off","Off","Off","Off","1","0","Off","0","2","0","0","0","0"
"2113","HUDNE1B NE Wide","147.10500","147.70500","D-Digital","High","12.5K","Off","Off","New England-Wide","Group Call","3181","KC1JMH / Brad Br","Always","Carrier","Off","1","1","1","Off","0","2","None","None","Off","Off","Off","Off","Normal Encryption","Off","Off","Off","Off","251.1","1","Off","Off","Off","Off","Off","Off","1","0","Off","0","2","0","0","0","0"
"2114","HUDNE1B NETAC1","147.10500","147.70500","D-Digital","High","12.5K","Off","Off","NETAC1","Group Call","8801","KC1JMH / Brad Br","Always","Carrier","Off","1","1","1","Off","0","1","None","None","Off","Off","Off","Off","Normal Encryption","Off","Off","Off","Off","251.1","1","Off","Off","Off","Off","Off","Off","1","0","Off","0","2","0","0","0","0"
"2115","HUDNE1B NETAC2","147.10500","147.70500","D-Digital","High","12.5K","Off","Off","NETAC2","Group Call","8802","KC1JMH / Brad Br","Always","Carrier","Off","1","1","1","Off","0","2","None","None","Off","Off","Off","Off","Normal Encryption","Off","Off","Off","Off","251.1","1","Off","Off","Off","Off","Off","Off","1","0","Off","0","2","0","0","0","0"
"2116","HUDNE1B NH SW","147.10500","147.70500","D-Digital","High","12.5K","Off","Off","NH Statewide","Group Call","3133","KC1JMH / Brad Br","Always","Carrier","Off","1","1","1","Off","0","2","None","None","Off","Off","Off","Off","Normal Encryption","Off","Off","Off","Off","251.1","1","Off","Off","Off","Off","Off","Off","1","0","Off","0","2","0","0","0","0"
"2117","HUDNE1B Neast","147.10500","147.70500","D-Digital","High","12.5K","Off","Off","Northeast","Group Call","3172","KC1JMH / Brad Br","Always","Carrier","Off","1","1","1","Off","0","1","None","None","Off","Off","Off","Off","Normal Encryption","Off","Off","Off","Off","251.1","1","Off","Off","Off","Off","Off","Off","1","0","Off","0","2","0","0","0","0"
"2118","HUDNE1B North Am","147.10500","147.70500","D-Digital","High","12.5K","Off","Off","North America","Group Call","3","KC1JMH / Brad Br","Always","Carrier","Off","1","1","1","Off","0","1","None","None","Off","Off","Off","Off","Normal Encryption","Off","Off","Off","Off","251.1","1","Off","Off","Off","Off","Off","Off","1","0","Off","0","2","0","0","0","0"
"2119","HUDNE1B Parrot","147.10500","147.70500","D-Digital","High","12.5K","Off","Off","Parrot","Group Call","9998","KC1JMH / Brad Br","Always","Carrier","Off","1","1","1","Off","0","1","None","None","Off","Off","Off","Off","Normal Encryption","Off","Off","Off","Off","251.1","1","Off","Off","Off","Off","Off","Off","1","0","Off","0","2","0","0","0","0"
"2120","HUDNE1B Reg N","147.10500","147.70500","D-Digital","High","12.5K","Off","Off","Region North","Group Call","8","KC1JMH / Brad Br","Always","Carrier","Off","1","1","1","Off","0","1","None","None","Off","Off","Off","Off","Normal Encryption","Off","Off","Off","Off","251.1","1","Off","Off","Off","Off","Off","Off","1","0","Off","0","2","0","0","0","0"
"2121","HUDNE1B SKYWARN","147.10500","147.70500","D-Digital","High","12.5K","Off","Off","SKYWARN","Group Call","759","KC1JMH / Brad Br","Always","Carrier","Off","1","1","1","Off","0","1","None","None","Off","Off","Off","Off","Normal Encryption","Off","Off","Off","Off","251.1","1","Off","Off","Off","Off","Off","Off","1","0","Off","0","2","0","0","0","0"
"2122","HUDNE1B TAC310","147.10500","147.70500","D-Digital","High","12.5K","Off","Off","TAC310","Group Call","310","KC1JMH / Brad Br","Always","Carrier","Off","1","1","1","Off","0","1","None","None","Off","Off","Off","Off","Normal Encryption","Off","Off","Off","Off","251.1","1","Off","Off","Off","Off","Off","Off","1","0","Off","0","2","0","0","0","0"
"2123","HUDNE1B TAC311","147.10500","147.70500","D-Digital","High","12.5K","Off","Off","TAC311","Group Call","311","KC1JMH / Brad Br","Always","Carrier","Off","1","1","1","Off","0","1","None","None","Off","Off","Off","Off","Normal Encryption","Off","Off","Off","Off","251.1","1","Off","Off","Off","Off","Off","Off","1","0","Off","0","2","0","0","0","0"
"2124","HUDNE1B UA Eng1","147.10500","147.70500","D-Digital","High","12.5K","Off","Off","UA English 1-113","Group Call","113","KC1JMH / Brad Br","Always","Carrier","Off","1","1","1","Off","0","1","None","None","Off","Off","Off","Off","Normal Encryption","Off","Off","Off","Off","251.1","1","Off","Off","Off","Off","Off","Off","1","0","Off","0","2","0","0","0","0"
"2125","HUDNE1B UA Eng2","147.10500","147.70500","D-Digital","High","12.5K","Off","Off","UA English 2-123","Group Call","123","KC1JMH / Brad Br","Always","Carrier","Off","1","1","1","Off","0","1","None","None","Off","Off","Off","Off","Normal Encryption","Off","Off","Off","Off","251.1","1","Off","Off","Off","Off","Off","Off","1","0","Off","0","2","0","0","0","0"
"2126","HUDNE1B VT SW","147.10500","147.70500","D-Digital","High","12.5K","Off","Off","VT Statewide","Group Call","3150","KC1JMH / Brad Br","Always","Carrier","Off","1","1","1","Off","0","1","None","None","Off","Off","Off","Off","Normal Encryption","Off","Off","Off","Off","251.1","1","Off","Off","Off","Off","Off","Off","1","0","Off","0","2","0","0","0","0"
"2127","HUDNE1B WW","147.10500","147.70500","D-Digital","High","12.5K","Off","Off","WW Call","Group Call","1","KC1JMH / Brad Br","Always","Carrier","Off","1","1","1","Off","0","1","None","None","Off","Off","Off","Off","Normal Encryption","Off","Off","Off","Off","251.1","1","Off","Off","Off","Off","Off","Off","1","0","Off","0","2","0","0","0","0"
"2128","WJ1L Alfred 2m","145.41000","144.81000","A-Analog","Turbo","25K","103.5","103.5","Local","Group Call","9","KC1JMH / Brad Br","Off","CTCSS/DCS","Off","1","1","1","Off","1","1","None","None","Off","Off","Off","Off","Normal Encryption","Off","Off","Off","Off","251.1","1","Off","Off","Off","Off","Off","Off","1","0","Off","0","0","0","0","0","0"
"2129","WJ1L Alfred 70cm","448.72500","443.72500","A-Analog","High","25K","103.5","103.5","Local","Group Call","9","KC1JMH / Brad Br","Off","CTCSS/DCS","Off","1","1","1","Off","1","1","None","None","Off","Off","Off","Off","Normal Encryption","Off","Off","Off","Off","251.1","1","Off","Off","Off","Off","Off","Off","1","0","Off","0","0","0","0","0","0"
"2130","W1BHR Alfred","147.34500","147.94500","A-Analog","Turbo","25K","123.0","123.0","Local","Group Call","9","KC1JMH / Brad Br","Off","CTCSS/DCS","Off","1","1","1","Off","1","1","All Analog","None","Off","Off","Off","Off","Normal Encryption","Off","Off","Off","Off","251.1","1","Off","Off","Off","Off","Off","Off","1","0","Off","0","0","0","0","0","0"
"2131","KQ1L York","147.18000","147.78000","A-Analog","High","25K","131.8","131.8","Local","Group Call","9","KC1JMH / Brad Br","Off","CTCSS/DCS","Off","1","1","1","Off","1","1","None","None","Off","Off","Off","Off","Normal Encryption","Off","Off","Off","Off","251.1","1","Off","Off","Off","Off","Off","Off","1","0","Off","0","0","0","0","0","0"
"2132","KQ1L Buckfield","146.88000","146.28000","A-Analog","Turbo","25K","88.5","100.0","Local","Group Call","9","KC1JMH / Brad Br","Off","Carrier","Off","1","1","1","Off","1","1","All Analog","None","Off","Off","Off","Off","Normal Encryption","Off","Off","Off","Off","251.1","1","Off","Off","Off","Off","Off","Off","1","0","Off","0","0","0","0","0","0"
"2133","N1ROA Sanford","146.80500","146.20500","A-Analog","High","25K","103.5","103.5","Local","Group Call","9","KC1JMH / Brad Br","Off","CTCSS/DCS","Off","1","1","1","Off","1","1","All Analog","None","Off","Off","Off","Off","Normal Encryption","Off","Off","Off","Off","251.1","1","Off","Off","Off","Off","Off","Off","1","0","Off","0","0","0","0","0","0"
"2134","K1AAM Hiram","147.01500","147.61500","A-Analog","High","25K","103.5","103.5","Local","Group Call","9","KC1JMH / Brad Br","Off","CTCSS/DCS","Off","1","1","1","Off","1","1","None","None","Off","Off","Off","Off","Normal Encryption","Off","Off","Off","Off","251.1","1","Off","Off","Off","Off","Off","Off","1","0","Off","0","0","0","0","0","0"
"2135","N1SNR Westbrook","147.27000","147.87000","A-Analog","High","25K","103.5","103.5","Local","Group Call","9","KC1JMH / Brad Br","Off","CTCSS/DCS","Off","1","1","1","Off","1","1","None","None","Off","Off","Off","Off","Normal Encryption","Off","Off","Off","Off","251.1","1","Off","Off","Off","Off","Off","Off","1","0","Off","0","0","0","0","0","0"
"2136","K1AAM Naples","146.83500","146.23500","A-Analog","High","25K","103.5","103.5","Local","Group Call","9","KC1JMH / Brad Br","Off","CTCSS/DCS","Off","1","1","1","Off","1","1","None","None","Off","Off","Off","Off","Normal Encryption","Off","Off","Off","Off","251.1","1","Off","Off","Off","Off","Off","Off","1","0","Off","0","0","0","0","0","0"
"2137","W6BZ Arundel","146.92500","146.32500","A-Analog","High","25K","103.5","103.5","Local","Group Call","9","KC1JMH / Brad Br","Off","CTCSS/DCS","Off","1","1","1","Off","1","1","None","None","Off","Off","Off","Off","Normal Encryption","Off","Off","Off","Off","251.1","1","Off","Off","Off","Off","Off","Off","1","0","Off","0","0","0","0","0","0"
"2138","W1QUI Falmouth","147.09000","147.69000","A-Analog","Turbo","25K","100.0","100.0","Local","Group Call","9","KC1JMH / Brad Br","Off","CTCSS/DCS","Off","1","1","1","Off","1","1","None","None","Off","Off","Off","Off","Normal Encryption","Off","Off","Off","Off","251.1","1","Off","Off","Off","Off","Off","Off","1","0","Off","0","0","0","0","0","0"
"2139","PKT 145.730","145.73000","145.73000","A-Analog","Mid","25K","Off","Off","Local","Group Call","9","KC1JMH / Brad Br","Off","Carrier","Off","1","1","1","Off","1","1","None","None","Off","Off","Off","Off","Normal Encryption","Off","Off","Off","Off","251.1","1","Off","Off","Off","Off","Off","Off","1","0","Off","0","0","0","0","0","0"
"2140","ME 446.175","446.17500","446.17500","A-Analog","Mid","25K","Off","Off","Local","Group Call","9","KC1JMH / Brad Br","Off","Carrier","Off","1","1","1","Off","1","1","None","None","Off","Off","Off","Off","Normal Encryption","Off","Off","Off","Off","251.1","1","Off","Off","Off","Off","Off","Off","1","0","Off","0","0","0","0","0","0"
"2141","ME 446.075","446.07500","446.07500","A-Analog","Mid","25K","Off","Off","Local","Group Call","9","KC1JMH / Brad Br","Off","Carrier","Off","1","1","1","Off","1","1","None","None","Off","Off","Off","Off","Normal Encryption","Off","Off","Off","Off","251.1","1","Off","Off","Off","Off","Off","Off","1","0","Off","0","0","0","0","0","0"
"2142","KC1ETT Wells","448.02500","443.02500","A-Analog","Turbo","25K","103.5","103.5","Local","Group Call","9","KC1JMH / Brad Br","Off","CTCSS/DCS","Off","1","1","1","Off","1","1","None","None","Off","Off","Off","Off","Normal Encryption","Off","Off","Off","Off","251.1","1","Off","Off","Off","Off","Off","Off","1","0","Off","0","0","0","0","0","0"
"2143","KB1PRG Alfred","444.85000","449.85000","A-Analog","Turbo","25K","103.5","103.5","Local","Group Call","9","KC1JMH / Brad Br","Off","CTCSS/DCS","Off","1","1","1","Off","1","1","None","None","Off","Off","Off","Off","Normal Encryption","Off","Off","Off","Off","251.1","1","Off","Off","Off","Off","Off","Off","1","0","Off","0","0","0","0","0","0"
"2144","W1KVI Falmouth","146.73000","146.13000","A-Analog","High","25K","62.5","62.5","Local","Group Call","9","KC1JMH / Brad Br","Off","CTCSS/DCS","Off","1","1","1","Off","1","1","None","None","Off","Off","Off","Off","Normal Encryption","Off","Off","Off","Off","251.1","1","Off","Off","Off","Off","Off","Off","1","0","Off","0","0","0","0","0","0"
"2145","K1SA Portland","147.36000","147.96000","A-Analog","High","25K","62.5","62.5","Local","Group Call","9","KC1JMH / Brad Br","Off","CTCSS/DCS","Off","1","1","1","Off","1","1","None","None","Off","Off","Off","Off","Normal Encryption","Off","Off","Off","Off","251.1","1","Off","Off","Off","Off","Off","Off","1","0","Off","0","0","0","0","0","0"
"2146","K1MV Gray","147.04500","147.64500","A-Analog","High","25K","103.5","103.5","Local","Group Call","9","KC1JMH / Brad Br","Off","CTCSS/DCS","Off","1","1","1","Off","1","1","None","None","Off","Off","Off","Off","Normal Encryption","Off","Off","Off","Off","251.1","1","Off","Off","Off","Off","Off","Off","1","0","Off","0","0","0","0","0","0"
"2147","W1NPP Poland","147.31500","147.91500","A-Analog","High","25K","103.5","103.5","Local","Group Call","9","KC1JMH / Brad Br","Off","CTCSS/DCS","Off","1","1","1","Off","1","1","None","None","Off","Off","Off","Off","Normal Encryption","Off","Off","Off","Off","251.1","1","Off","Off","Off","Off","Off","Off","1","0","Off","0","0","0","0","0","0"
"2148","W1NPP Auburn","146.61000","146.01000","A-Analog","High","25K","88.5","88.5","Local","Group Call","9","KC1JMH / Brad Br","Off","CTCSS/DCS","Off","1","1","1","Off","1","1","None","None","Off","Off","Off","Off","Normal Encryption","Off","Off","Off","Off","251.1","1","Off","Off","Off","Off","Off","Off","1","0","Off","0","0","0","0","0","0"
"2149","WZ1J Brunswick","147.13500","147.73500","A-Analog","High","25K","103.5","103.5","Local","Group Call","9","KC1JMH / Brad Br","Off","CTCSS/DCS","Off","1","1","1","Off","1","1","None","None","Off","Off","Off","Off","Normal Encryption","Off","Off","Off","Off","251.1","1","Off","Off","Off","Off","Off","Off","1","0","Off","0","0","0","0","0","0"
"2150","K8MOT Bridgton","145.21000","144.61000","A-Analog","High","25K","118.8","118.8","Local","Group Call","9","KC1JMH / Brad Br","Off","CTCSS/DCS","Off","1","1","1","Off","1","1","All Analog","None","Off","Off","Off","Off","Normal Encryption","Off","Off","Off","Off","251.1","1","Off","Off","Off","Off","Off","Off","1","0","Off","0","0","0","0","0","0"
"2151","W1PIG Wales ME","145.29000","144.69000","A-Analog","High","25K","100.0","62.5","Local","Group Call","9","KC1JMH / Brad Br","Off","CTCSS/DCS","Off","1","1","1","Off","1","1","None","None","Off","Off","Off","Off","Normal Encryption","Off","Off","Off","Off","251.1","1","Off","Off","Off","Off","Off","Off","1","0","Off","0","0","0","0","0","0"
"2152","W1NH Mt Washing","146.65500","146.05500","A-Analog","High","25K","100.0","100.0","Local","Group Call","9","KC1JMH / Brad Br","Off","CTCSS/DCS","Off","1","1","1","Off","1","1","None","None","Off","Off","Off","Off","Normal Encryption","Off","Off","Off","Off","251.1","1","Off","Off","Off","Off","Off","Off","1","0","Off","0","0","0","0","0","0"
"2153","W1BST Ossipee","147.03000","147.63000","A-Analog","High","25K","88.5","88.5","Local","Group Call","9","KC1JMH / Brad Br","Off","CTCSS/DCS","Off","1","1","1","Off","1","1","None","None","Off","Off","Off","Off","Normal Encryption","Off","Off","Off","Off","251.1","1","Off","Off","Off","Off","Off","Off","1","0","Off","0","0","0","0","0","0"
"2154","W1JY Gilford NH","146.98500","146.38500","A-Analog","High","25K","123.0","123.0","Local","Group Call","9","KC1JMH / Brad Br","Off","CTCSS/DCS","Off","1","1","1","Off","1","1","None","None","Off","Off","Off","Off","Normal Encryption","Off","Off","Off","Off","251.1","1","Off","Off","Off","Off","Off","Off","1","0","Off","0","0","0","0","0","0"
"2155","W1SRA Saddleback","147.00000","146.40000","A-Analog","High","25K","62.5","62.5","Local","Group Call","9","KC1JMH / Brad Br","Off","CTCSS/DCS","Off","1","1","1","Off","1","1","None","None","Off","Off","Off","Off","Normal Encryption","Off","Off","Off","Off","251.1","1","Off","Off","Off","Off","Off","Off","1","0","Off","0","0","0","0","0","0"
"2156","W1ALE Merrimack","146.94000","146.34000","A-Analog","High","25K","114.8","114.8","Local","Group Call","9","KC1JMH / Brad Br","Off","CTCSS/DCS","Off","1","1","1","Off","1","1","None","None","Off","Off","Off","Off","Normal Encryption","Off","Off","Off","Off","251.1","1","Off","Off","Off","Off","Off","Off","1","0","Off","0","0","0","0","0","0"
"2157","K1CA Derry NH","146.85000","146.25000","A-Analog","High","25K","85.4","85.4","Local","Group Call","9","KC1JMH / Brad Br","Off","CTCSS/DCS","Off","1","1","1","Off","1","1","None","None","Off","Off","Off","Off","Normal Encryption","Off","Off","Off","Off","251.1","1","Off","Off","Off","Off","Off","Off","1","0","Off","0","0","0","0","0","0"
"2158","DMRS 145.510","145.51000","145.51000","D-Digital","High","12.5K","Off","Off","DMR Simplex","Group Call","99","KC1JMH / Brad Br","Always","Carrier","Off","1","1","1","Off","1","1","None","None","Off","Off","Off","Off","Normal Encryption","Off","Off","Off","Off","251.1","1","Off","Off","Off","Off","Off","Off","1","0","Off","0","0","0","0","0","0"
"2159","DMRS 145.790","145.79000","145.79000","D-Digital","High","12.5K","Off","Off","DMR Simplex","Group Call","99","KC1JMH / Brad Br","Always","Carrier","Off","1","1","1","Off","1","1","None","None","Off","Off","Off","Off","Normal Encryption","Off","Off","Off","Off","251.1","1","Off","Off","Off","Off","Off","Off","1","0","Off","0","0","0","0","0","0"
"2160","DMRS 441.000","441.00000","441.00000","D-Digital","High","12.5K","Off","Off","DMR Simplex","Group Call","99","KC1JMH / Brad Br","Always","Carrier","Off","1","1","1","Off","1","1","None","None","Off","Off","Off","Off","Normal Encryption","Off","Off","Off","Off","251.1","1","Off","Off","Off","Off","Off","Off","1","0","Off","0","0","0","0","0","0"
"2161","DMRS 446.500","446.50000","446.50000","D-Digital","High","12.5K","Off","Off","DMR Simplex","Group Call","99","KC1JMH / Brad Br","Always","Carrier","Off","1","1","1","Off","1","1","None","None","Off","Off","Off","Off","Normal Encryption","Off","Off","Off","Off","251.1","1","Off","Off","Off","Off","Off","Off","1","0","Off","0","0","0","0","0","0"
"2162","DMRS 446.075","446.07500","446.07500","D-Digital","High","12.5K","Off","Off","DMR Simplex","Group Call","99","KC1JMH / Brad Br","Always","Carrier","Off","1","1","1","Off","1","1","None","None","Off","Off","Off","Off","Normal Encryption","Off","Off","Off","Off","251.1","1","Off","Off","Off","Off","Off","Off","1","0","Off","0","0","0","0","0","0"
"2163","DMRS 443.450","443.45000","443.45000","D-Digital","High","12.5K","Off","Off","DMR Simplex","Group Call","99","KC1JMH / Brad Br","Always","Carrier","Off","1","1","1","Off","1","1","None","None","Off","Off","Off","Off","Normal Encryption","Off","Off","Off","Off","251.1","1","Off","Off","Off","Off","Off","Off","1","0","Off","0","0","0","0","0","0"
"2164","2m Call 146.52","146.52000","146.52000","A-Analog","Mid","25K","Off","Off","Local","Group Call","9","KC1JMH / Brad Br","Off","Carrier","Off","1","1","1","Off","1","1","None","None","Off","Off","Off","Off","Normal Encryption","Off","Off","Off","Off","251.1","1","Off","Off","Off","Off","Off","Off","1","0","Off","0","0","0","0","0","0"
"2165","70cm Call 446.00","446.00000","446.00000","A-Analog","High","25K","Off","Off","Local","Group Call","9","KC1JMH / Brad Br","Off","Carrier","Off","1","1","1","Off","1","1","None","None","Off","Off","Off","Off","Normal Encryption","Off","Off","Off","Off","251.1","1","Off","Off","Off","Off","Off","Off","1","0","Off","0","0","0","0","0","0"
"2166","ECT1","146.58000","146.58000","A-Analog","Mid","25K","Off","Off","Local","Group Call","9","KC1JMH / Brad Br","Off","Carrier","Off","1","1","1","Off","1","1","None","None","Off","Off","Off","Off","Normal Encryption","Off","Off","Off","Off","251.1","1","Off","Off","Off","Off","Off","Off","1","0","Off","0","0","0","0","0","0"
"2167","ECT2 SKYWARN","146.59500","146.59500","A-Analog","Mid","25K","Off","Off","Local","Group Call","9","KC1JMH / Brad Br","Off","Carrier","Off","1","1","1","Off","1","1","None","None","Off","Off","Off","Off","Normal Encryption","Off","Off","Off","Off","251.1","1","Off","Off","Off","Off","Off","Off","1","0","Off","0","0","0","0","0","0"
"2168","ECT3","147.58500","147.58500","A-Analog","Mid","25K","Off","Off","Local","Group Call","9","KC1JMH / Brad Br","Off","Carrier","Off","1","1","1","Off","1","1","None","None","Off","Off","Off","Off","Normal Encryption","Off","Off","Off","Off","251.1","1","Off","Off","Off","Off","Off","Off","1","0","Off","0","0","0","0","0","0"
"2169","ME 146.400","146.40000","146.40000","A-Analog","Mid","25K","Off","Off","Local","Group Call","9","KC1JMH / Brad Br","Off","Carrier","Off","1","1","1","Off","1","1","None","None","Off","Off","Off","Off","Normal Encryption","Off","Off","Off","Off","251.1","1","Off","Off","Off","Off","Off","Off","1","0","Off","0","0","0","0","0","0"
"2170","ME 146.415","146.41500","146.41500","A-Analog","Mid","25K","Off","Off","Local","Group Call","9","KC1JMH / Brad Br","Off","Carrier","Off","1","1","1","Off","1","1","None","None","Off","Off","Off","Off","Normal Encryption","Off","Off","Off","Off","251.1","1","Off","Off","Off","Off","Off","Off","1","0","Off","0","0","0","0","0","0"
"2171","ME 146.430","146.43000","146.43000","A-Analog","Mid","25K","Off","Off","Local","Group Call","9","KC1JMH / Brad Br","Off","Carrier","Off","1","1","1","Off","1","1","None","None","Off","Off","Off","Off","Normal Encryption","Off","Off","Off","Off","251.1","1","Off","Off","Off","Off","Off","Off","1","0","Off","0","0","0","0","0","0"
"2172","ME 146.445","146.44500","146.44500","A-Analog","Mid","25K","Off","Off","Local","Group Call","9","KC1JMH / Brad Br","Off","Carrier","Off","1","1","1","Off","1","1","None","None","Off","Off","Off","Off","Normal Encryption","Off","Off","Off","Off","251.1","1","Off","Off","Off","Off","Off","Off","1","0","Off","0","0","0","0","0","0"
"2173","ME 146.460","146.46000","146.46000","A-Analog","Mid","25K","Off","Off","Local","Group Call","9","KC1JMH / Brad Br","Off","Carrier","Off","1","1","1","Off","1","1","None","None","Off","Off","Off","Off","Normal Encryption","Off","Off","Off","Off","251.1","1","Off","Off","Off","Off","Off","Off","1","0","Off","0","0","0","0","0","0"
"2174","ME 146.475","146.47500","146.47500","A-Analog","Mid","25K","Off","Off","Local","Group Call","9","KC1JMH / Brad Br","Off","Carrier","Off","1","1","1","Off","1","1","None","None","Off","Off","Off","Off","Normal Encryption","Off","Off","Off","Off","251.1","1","Off","Off","Off","Off","Off","Off","1","0","Off","0","0","0","0","0","0"
"2175","ME 146.490","146.49000","146.49000","A-Analog","Mid","25K","Off","Off","Local","Group Call","9","KC1JMH / Brad Br","Off","Carrier","Off","1","1","1","Off","1","1","None","None","Off","Off","Off","Off","Normal Encryption","Off","Off","Off","Off","251.1","1","Off","Off","Off","Off","Off","Off","1","0","Off","0","0","0","0","0","0"
"2176","ME 146.505","146.50500","146.50500","A-Analog","Mid","25K","Off","Off","Local","Group Call","9","KC1JMH / Brad Br","Off","Carrier","Off","1","1","1","Off","1","1","None","None","Off","Off","Off","Off","Normal Encryption","Off","Off","Off","Off","251.1","1","Off","Off","Off","Off","Off","Off","1","0","Off","0","0","0","0","0","0"
"2177","ME 146.535","146.53500","146.53500","A-Analog","Mid","25K","Off","Off","Local","Group Call","9","KC1JMH / Brad Br","Off","Carrier","Off","1","1","1","Off","1","1","None","None","Off","Off","Off","Off","Normal Encryption","Off","Off","Off","Off","251.1","1","Off","Off","Off","Off","Off","Off","1","0","Off","0","0","0","0","0","0"
"2178","ME 146.550","146.55000","146.55000","A-Analog","Mid","25K","Off","Off","Local","Group Call","9","KC1JMH / Brad Br","Off","Carrier","Off","1","1","1","Off","1","1","None","None","Off","Off","Off","Off","Normal Encryption","Off","Off","Off","Off","251.1","1","Off","Off","Off","Off","Off","Off","1","0","Off","0","0","0","0","0","0"
"2179","ME 146.565","146.56500","146.56500","A-Analog","Mid","25K","Off","Off","Local","Group Call","9","KC1JMH / Brad Br","Off","Carrier","Off","1","1","1","Off","1","1","None","None","Off","Off","Off","Off","Normal Encryption","Off","Off","Off","Off","251.1","1","Off","Off","Off","Off","Off","Off","1","0","Off","0","0","0","0","0","0"
"2180","ME 147.420","147.42000","147.42000","A-Analog","Mid","25K","Off","Off","Local","Group Call","9","KC1JMH / Brad Br","Off","Carrier","Off","1","1","1","Off","1","1","None","None","Off","Off","Off","Off","Normal Encryption","Off","Off","Off","Off","251.1","1","Off","Off","Off","Off","Off","Off","1","0","Off","0","0","0","0","0","0"
"2181","ME 147.435","147.43500","147.43500","A-Analog","Mid","25K","Off","Off","Local","Group Call","9","KC1JMH / Brad Br","Off","Carrier","Off","1","1","1","Off","1","1","None","None","Off","Off","Off","Off","Normal Encryption","Off","Off","Off","Off","251.1","1","Off","Off","Off","Off","Off","Off","1","0","Off","0","0","0","0","0","0"
"2182","ME 147.450","147.45000","147.45000","A-Analog","Mid","25K","Off","Off","Local","Group Call","9","KC1JMH / Brad Br","Off","Carrier","Off","1","1","1","Off","1","1","None","None","Off","Off","Off","Off","Normal Encryption","Off","Off","Off","Off","251.1","1","Off","Off","Off","Off","Off","Off","1","0","Off","0","0","0","0","0","0"
"2183","ME 147.465","147.46500","147.46500","A-Analog","Mid","25K","Off","Off","Local","Group Call","9","KC1JMH / Brad Br","Off","Carrier","Off","1","1","1","Off","1","1","None","None","Off","Off","Off","Off","Normal Encryption","Off","Off","Off","Off","251.1","1","Off","Off","Off","Off","Off","Off","1","0","Off","0","0","0","0","0","0"
"2184","ME 147.480","147.48000","147.48000","A-Analog","Mid","25K","Off","Off","Local","Group Call","9","KC1JMH / Brad Br","Off","Carrier","Off","1","1","1","Off","1","1","None","None","Off","Off","Off","Off","Normal Encryption","Off","Off","Off","Off","251.1","1","Off","Off","Off","Off","Off","Off","1","0","Off","0","0","0","0","0","0"
"2185","ME 147.495","147.49500","147.49500","A-Analog","Mid","25K","Off","Off","Local","Group Call","9","KC1JMH / Brad Br","Off","Carrier","Off","1","1","1","Off","1","1","None","None","Off","Off","Off","Off","Normal Encryption","Off","Off","Off","Off","251.1","1","Off","Off","Off","Off","Off","Off","1","0","Off","0","0","0","0","0","0"
"2186","ME 147.510","147.51000","147.51000","A-Analog","Mid","25K","Off","Off","Local","Group Call","9","KC1JMH / Brad Br","Off","Carrier","Off","1","1","1","Off","1","1","None","None","Off","Off","Off","Off","Normal Encryption","Off","Off","Off","Off","251.1","1","Off","Off","Off","Off","Off","Off","1","0","Off","0","0","0","0","0","0"
"2187","ME 147.540","147.54000","147.54000","A-Analog","Mid","25K","Off","Off","Local","Group Call","9","KC1JMH / Brad Br","Off","Carrier","Off","1","1","1","Off","1","1","None","None","Off","Off","Off","Off","Normal Encryption","Off","Off","Off","Off","251.1","1","Off","Off","Off","Off","Off","Off","1","0","Off","0","0","0","0","0","0"
"2188","ME 147.555","147.55500","147.55500","A-Analog","Mid","25K","Off","Off","Local","Group Call","9","KC1JMH / Brad Br","Off","Carrier","Off","1","1","1","Off","1","1","None","None","Off","Off","Off","Off","Normal Encryption","Off","Off","Off","Off","251.1","1","Off","Off","Off","Off","Off","Off","1","0","Off","0","0","0","0","0","0"
"2189","ME 147.565","147.56500","147.56500","A-Analog","Mid","25K","Off","Off","Local","Group Call","9","KC1JMH / Brad Br","Off","Carrier","Off","1","1","1","Off","1","1","None","None","Off","Off","Off","Off","Normal Encryption","Off","Off","Off","Off","251.1","1","Off","Off","Off","Off","Off","Off","1","0","Off","0","0","0","0","0","0"
"2190","ME 147.570","147.57000","147.57000","A-Analog","Mid","25K","Off","Off","Local","Group Call","9","KC1JMH / Brad Br","Off","Carrier","Off","1","1","1","Off","1","1","None","None","Off","Off","Off","Off","Normal Encryption","Off","Off","Off","Off","251.1","1","Off","Off","Off","Off","Off","Off","1","0","Off","0","0","0","0","0","0"
"2191","ME 446.050","446.05000","446.05000","A-Analog","Mid","25K","Off","Off","Local","Group Call","9","KC1JMH / Brad Br","Off","Carrier","Off","1","1","1","Off","1","1","None","None","Off","Off","Off","Off","Normal Encryption","Off","Off","Off","Off","251.1","1","Off","Off","Off","Off","Off","Off","1","0","Off","0","0","0","0","0","0"
"2192","ME 446.150","446.15000","446.15000","A-Analog","Mid","25K","Off","Off","Local","Group Call","9","KC1JMH / Brad Br","Off","Carrier","Off","1","1","1","Off","1","1","None","None","Off","Off","Off","Off","Normal Encryption","Off","Off","Off","Off","251.1","1","Off","Off","Off","Off","Off","Off","1","0","Off","0","0","0","0","0","0"
"2193","ME 446.250","446.25000","446.25000","A-Analog","Mid","25K","Off","Off","Local","Group Call","9","KC1JMH / Brad Br","Off","Carrier","Off","1","1","1","Off","1","1","None","None","Off","Off","Off","Off","Normal Encryption","Off","Off","Off","Off","251.1","1","Off","Off","Off","Off","Off","Off","1","0","Off","0","0","0","0","0","0"
"2194","KA1C Madison","146.73000","146.13000","A-Analog","Turbo","25K","91.5","91.5","Local","Group Call","9","KC1JMH / Brad Br","Off","CTCSS/DCS","Off","1","1","1","Off","1","1","None","None","Off","Off","Off","Off","Normal Encryption","Off","Off","Off","Off","251.1","1","Off","Off","Off","Off","Off","Off","1","0","Off","0","0","0","0","0","0"
"2195","K1FS Caribou","146.73000","146.13000","A-Analog","Turbo","25K","123.0","123.0","Local","Group Call","9","KC1JMH / Brad Br","Off","CTCSS/DCS","Off","1","1","1","Off","1","1","None","None","Off","Off","Off","Off","Normal Encryption","Off","Off","Off","Off","251.1","1","Off","Off","Off","Off","Off","Off","1","0","Off","0","0","0","0","0","0"
"2196","W1BHR Farmington","147.18000","147.78000","A-Analog","Turbo","25K","123.0","123.0","Local","Group Call","9","KC1JMH / Brad Br","Off","CTCSS/DCS","Off","1","1","1","Off","1","1","None","None","Off","Off","Off","Off","Normal Encryption","Off","Off","Off","Off","251.1","1","Off","Off","Off","Off","Off","Off","1","0","Off","0","0","0","0","0","0"
"2197","KB1NEB Ellsworth","146.91000","146.31000","A-Analog","Turbo","25K","151.4","151.4","Local","Group Call","9","KC1JMH / Brad Br","Off","CTCSS/DCS","Off","1","1","1","Off","1","1","None","None","Off","Off","Off","Off","Normal Encryption","Off","Off","Off","Off","251.1","1","Off","Off","Off","Off","Off","Off","1","0","Off","0","0","0","0","0","0"
"2198","W1FDC Farmington","145.39000","144.79000","A-Analog","Turbo","25K","100.0","100.0","Local","Group Call","9","KC1JMH / Brad Br","Off","CTCSS/DCS","Off","1","1","1","Off","1","1","None","None","Off","Off","Off","Off","Normal Encryption","Off","Off","Off","Off","251.1","1","Off","Off","Off","Off","Off","Off","1","0","Off","0","0","0","0","0","0"
"2199","W1PBR Hope","147.06000","147.66000","A-Analog","Turbo","25K","91.5","91.5","Local","Group Call","9","KC1JMH / Brad Br","Off","CTCSS/DCS","Off","1","1","1","Off","1","1","None","None","Off","Off","Off","Off","Normal Encryption","Off","Off","Off","Off","251.1","1","Off","Off","Off","Off","Off","Off","1","0","Off","0","0","0","0","0","0"
"2200","KC1CG Washington","145.49000","144.89000","A-Analog","Turbo","25K","91.5","91.5","Local","Group Call","9","KC1JMH / Brad Br","Off","CTCSS/DCS","Off","1","1","1","Off","1","1","None","None","Off","Off","Off","Off","Normal Encryption","Off","Off","Off","Off","251.1","1","Off","Off","Off","Off","Off","Off","1","0","Off","0","0","0","0","0","0"
"2201","K1LX Newcastle","146.98500","146.38500","A-Analog","Turbo","25K","136.5","136.5","Local","Group Call","9","KC1JMH / Brad Br","Off","CTCSS/DCS","Off","1","1","1","Off","1","1","None","None","Off","Off","Off","Off","Normal Encryption","Off","Off","Off","Off","251.1","1","Off","Off","Off","Off","Off","Off","1","0","Off","0","0","0","0","0","0"
"2202","N1BUG Brownville","147.10500","147.70500","A-Analog","Turbo","25K","103.5","103.5","Local","Group Call","9","KC1JMH / Brad Br","Off","CTCSS/DCS","Off","1","1","1","Off","1","1","None","None","Off","Off","Off","Off","Normal Encryption","Off","Off","Off","Off","251.1","1","Off","Off","Off","Off","Off","Off","1","0","Off","0","0","0","0","0","0"
"2203","KS1R Phippsburg","147.21000","147.81000","A-Analog","Turbo","25K","100.0","100.0","Local","Group Call","9","KC1JMH / Brad Br","Off","CTCSS/DCS","Off","1","1","1","Off","1","1","None","None","Off","Off","Off","Off","Normal Encryption","Off","Off","Off","Off","251.1","1","Off","Off","Off","Off","Off","Off","1","0","Off","0","0","0","0","0","0"
"2204","W1EMA Knox","147.27000","147.87000","A-Analog","Turbo","25K","136.5","136.5","Local","Group Call","9","KC1JMH / Brad Br","Off","CTCSS/DCS","Off","1","1","1","Off","1","1","None","None","Off","Off","Off","Off","Normal Encryption","Off","Off","Off","Off","251.1","1","Off","Off","Off","Off","Off","Off","1","0","Off","0","0","0","0","0","0"
"2205","W1LH Cooper","147.33000","147.93000","A-Analog","Turbo","25K","118.8","118.8","Local","Group Call","9","KC1JMH / Brad Br","Off","CTCSS/DCS","Off","1","1","1","Off","1","1","None","None","Off","Off","Off","Off","Normal Encryption","Off","Off","Off","Off","251.1","1","Off","Off","Off","Off","Off","Off","1","0","Off","0","0","0","0","0","0"
"2206","X-Band V","147.52500","147.52500","A-Analog","High","25K","77.0","77.0","Local","Group Call","9","KC1JMH / Brad Br","Off","CTCSS/DCS","Off","1","1","1","Off","1","1","None","None","Off","Off","Off","Off","Normal Encryption","Off","Off","Off","Off","251.1","1","Off","Off","Off","Off","Off","Off","1","0","Off","0","0","0","0","0","0"
"2207","X-Band U","446.50000","446.50000","A-Analog","High","25K","77.0","77.0","Local","Group Call","9","KC1JMH / Brad Br","Off","CTCSS/DCS","Off","1","1","1","Off","1","1","None","None","Off","Off","Off","Off","Normal Encryption","Off","Off","Off","Off","251.1","1","Off","Off","Off","Off","Off","Off","1","0","Off","0","0","0","0","0","0"
"2208","APRS Analog","144.39000","144.39000","A-Analog","High","25K","Off","Off","Local","Group Call","9","KC1JMH / Brad Br","Off","Carrier","Off","1","1","1","Off","4","2","None","None","Off","Off","Off","Off","Normal Encryption","Off","Off","Off","Off","251.1","1","Off","On","On","Off","Off","Off","1","0","Off","0","0","0","0","0","0"
"2209","Weather 1","162.40000","162.40000","A-Analog","High","25K","Off","Off","Local","Group Call","9","KC1JMH / Brad Br","Off","Carrier","Off","1","1","1","Off","1","1","Weather","None","On","Off","Off","Off","Normal Encryption","Off","Off","Off","Off","251.1","1","Off","Off","Off","Off","Off","Off","1","0","Off","0","0","0","0","0","0"
"2210","Weather 2","162.42500","162.42500","A-Analog","High","25K","Off","Off","Local","Group Call","9","KC1JMH / Brad Br","Off","Carrier","Off","1","1","1","Off","1","1","Weather","None","On","Off","Off","Off","Normal Encryption","Off","Off","Off","Off","251.1","1","Off","Off","Off","Off","Off","Off","1","0","Off","0","0","0","0","0","0"
"2211","Weather 3","162.45000","162.45000","A-Analog","High","25K","Off","Off","Local","Group Call","9","KC1JMH / Brad Br","Off","Carrier","Off","1","1","1","Off","1","1","Weather","None","On","Off","Off","Off","Normal Encryption","Off","Off","Off","Off","251.1","1","Off","Off","Off","Off","Off","Off","1","0","Off","0","0","0","0","0","0"
"2212","Weather 4","162.47500","162.47500","A-Analog","High","25K","Off","Off","Local","Group Call","9","KC1JMH / Brad Br","Off","Carrier","Off","1","1","1","Off","1","1","Weather","None","On","Off","Off","Off","Normal Encryption","Off","Off","Off","Off","251.1","1","Off","Off","Off","Off","Off","Off","1","0","Off","0","0","0","0","0","0"
"2213","Weather 5","162.50000","162.50000","A-Analog","High","25K","Off","Off","Local","Group Call","9","KC1JMH / Brad Br","Off","Carrier","Off","1","1","1","Off","1","1","Weather","None","On","Off","Off","Off","Normal Encryption","Off","Off","Off","Off","251.1","1","Off","Off","Off","Off","Off","Off","1","0","Off","0","0","0","0","0","0"
"2214","Weather 6","162.52500","162.52500","A-Analog","High","25K","Off","Off","Local","Group Call","9","KC1JMH / Brad Br","Off","Carrier","Off","1","1","1","Off","1","1","Weather","None","On","Off","Off","Off","Normal Encryption","Off","Off","Off","Off","251.1","1","Off","Off","Off","Off","Off","Off","1","0","Off","0","0","0","0","0","0"
"2215","Weather 7","162.55000","162.55000","A-Analog","High","25K","Off","Off","Local","Group Call","9","KC1JMH / Brad Br","Off","Carrier","Off","1","1","1","Off","1","1","Weather","None","On","Off","Off","Off","Normal Encryption","Off","Off","Off","Off","251.1","1","Off","Off","Off","Off","Off","Off","1","0","Off","0","0","0","0","0","0"
"2216","Marine 01A","156.05000","156.05000","A-Analog","High","25K","Off","Off","Local","Group Call","9","KC1JMH / Brad Br","Off","Carrier","Off","1","1","1","Off","1","1","Marine","None","Off","Off","Off","Off","Normal Encryption","Off","Off","Off","Off","251.1","1","Off","Off","Off","Off","Off","Off","1","0","Off","0","0","0","0","0","0"
"2217","Marine 05A","156.25000","156.25000","A-Analog","High","25K","Off","Off","Local","Group Call","9","KC1JMH / Brad Br","Off","Carrier","Off","1","1","1","Off","1","1","Marine","None","Off","Off","Off","Off","Normal Encryption","Off","Off","Off","Off","251.1","1","Off","Off","Off","Off","Off","Off","1","0","Off","0","0","0","0","0","0"
"2218","Marine 6","156.30000","156.30000","A-Analog","High","25K","Off","Off","Local","Group Call","9","KC1JMH / Brad Br","Off","Carrier","Off","1","1","1","Off","1","1","Marine","None","Off","Off","Off","Off","Normal Encryption","Off","Off","Off","Off","251.1","1","Off","Off","Off","Off","Off","Off","1","0","Off","0","0","0","0","0","0"
"2219","Marine 07A","156.35000","156.35000","A-Analog","High","25K","Off","Off","Local","Group Call","9","KC1JMH / Brad Br","Off","Carrier","Off","1","1","1","Off","1","1","Marine","None","Off","Off","Off","Off","Normal Encryption","Off","Off","Off","Off","251.1","1","Off","Off","Off","Off","Off","Off","1","0","Off","0","0","0","0","0","0"
"2220","Marine 8","156.40000","156.40000","A-Analog","High","25K","Off","Off","Local","Group Call","9","KC1JMH / Brad Br","Off","Carrier","Off","1","1","1","Off","1","1","Marine","None","Off","Off","Off","Off","Normal Encryption","Off","Off","Off","Off","251.1","1","Off","Off","Off","Off","Off","Off","1","0","Off","0","0","0","0","0","0"
"2221","Marine 9","156.45000","156.45000","A-Analog","High","25K","Off","Off","Local","Group Call","9","KC1JMH / Brad Br","Off","Carrier","Off","1","1","1","Off","1","1","Marine","None","Off","Off","Off","Off","Normal Encryption","Off","Off","Off","Off","251.1","1","Off","Off","Off","Off","Off","Off","1","0","Off","0","0","0","0","0","0"
"2222","Marine 10","156.50000","156.50000","A-Analog","High","25K","Off","Off","Local","Group Call","9","KC1JMH / Brad Br","Off","Carrier","Off","1","1","1","Off","1","1","Marine","None","Off","Off","Off","Off","Normal Encryption","Off","Off","Off","Off","251.1","1","Off","Off","Off","Off","Off","Off","1","0","Off","0","0","0","0","0","0"
"2223","Marine 11","156.55000","156.55000","A-Analog","High","25K","Off","Off","Local","Group Call","9","KC1JMH / Brad Br","Off","Carrier","Off","1","1","1","Off","1","1","Marine","None","Off","Off","Off","Off","Normal Encryption","Off","Off","Off","Off","251.1","1","Off","Off","Off","Off","Off","Off","1","0","Off","0","0","0","0","0","0"
"2224","Marine 12","156.60000","156.60000","A-Analog","High","25K","Off","Off","Local","Group Call","9","KC1JMH / Brad Br","Off","Carrier","Off","1","1","1","Off","1","1","Marine","None","Off","Off","Off","Off","Normal Encryption","Off","Off","Off","Off","251.1","1","Off","Off","Off","Off","Off","Off","1","0","Off","0","0","0","0","0","0"
"2225","Marine 13","156.65000","156.65000","A-Analog","High","25K","Off","Off","Local","Group Call","9","KC1JMH / Brad Br","Off","Carrier","Off","1","1","1","Off","1","1","Marine","None","Off","Off","Off","Off","Normal Encryption","Off","Off","Off","Off","251.1","1","Off","Off","Off","Off","Off","Off","1","0","Off","0","0","0","0","0","0"
"2226","Marine 14","156.70000","156.70000","A-Analog","High","25K","Off","Off","Local","Group Call","9","KC1JMH / Brad Br","Off","Carrier","Off","1","1","1","Off","1","1","Marine","None","Off","Off","Off","Off","Normal Encryption","Off","Off","Off","Off","251.1","1","Off","Off","Off","Off","Off","Off","1","0","Off","0","0","0","0","0","0"
"2227","Marine 15","156.75000","156.75000","A-Analog","High","25K","Off","Off","Local","Group Call","9","KC1JMH / Brad Br","Off","Carrier","Off","1","1","1","Off","1","1","Marine","None","On","Off","Off","Off","Normal Encryption","Off","Off","Off","Off","251.1","1","Off","Off","Off","Off","Off","Off","1","0","Off","0","0","0","0","0","0"
"2228","Marine 16","156.80000","156.80000","A-Analog","High","25K","Off","Off","Local","Group Call","9","KC1JMH / Brad Br","Off","Carrier","Off","1","1","1","Off","1","1","Marine","None","Off","Off","Off","Off","Normal Encryption","Off","Off","Off","Off","251.1","1","Off","Off","Off","Off","Off","Off","1","0","Off","0","0","0","0","0","0"
"2229","Marine 17","156.85000","156.85000","A-Analog","High","25K","Off","Off","Local","Group Call","9","KC1JMH / Brad Br","Off","Carrier","Off","1","1","1","Off","1","1","Marine","None","Off","Off","Off","Off","Normal Encryption","Off","Off","Off","Off","251.1","1","Off","Off","Off","Off","Off","Off","1","0","Off","0","0","0","0","0","0"
"2230","Marine 18A","156.90000","156.90000","A-Analog","High","25K","Off","Off","Local","Group Call","9","KC1JMH / Brad Br","Off","Carrier","Off","1","1","1","Off","1","1","Marine","None","Off","Off","Off","Off","Normal Encryption","Off","Off","Off","Off","251.1","1","Off","Off","Off","Off","Off","Off","1","0","Off","0","0","0","0","0","0"
"2231","Marine 19A","156.95000","156.95000","A-Analog","High","25K","Off","Off","Local","Group Call","9","KC1JMH / Brad Br","Off","Carrier","Off","1","1","1","Off","1","1","Marine","None","Off","Off","Off","Off","Normal Encryption","Off","Off","Off","Off","251.1","1","Off","Off","Off","Off","Off","Off","1","0","Off","0","0","0","0","0","0"
"2232","Marine 20","161.60000","157.00000","A-Analog","High","25K","Off","Off","Local","Group Call","9","KC1JMH / Brad Br","Off","Carrier","Off","1","1","1","Off","1","1","Marine","None","Off","Off","Off","Off","Normal Encryption","Off","Off","Off","Off","251.1","1","Off","Off","Off","Off","Off","Off","1","0","Off","0","0","0","0","0","0"
"2233","Marine 20A","157.00000","157.00000","A-Analog","High","25K","Off","Off","Local","Group Call","9","KC1JMH / Brad Br","Off","Carrier","Off","1","1","1","Off","1","1","Marine","None","Off","Off","Off","Off","Normal Encryption","Off","Off","Off","Off","251.1","1","Off","Off","Off","Off","Off","Off","1","0","Off","0","0","0","0","0","0"
"2234","Marine 21A","157.05000","157.05000","A-Analog","High","25K","Off","Off","Local","Group Call","9","KC1JMH / Brad Br","Off","Carrier","Off","1","1","1","Off","1","1","Marine","None","Off","Off","Off","Off","Normal Encryption","Off","Off","Off","Off","251.1","1","Off","Off","Off","Off","Off","Off","1","0","Off","0","0","0","0","0","0"
"2235","Marine 22A","157.10000","157.10000","A-Analog","High","25K","Off","Off","Local","Group Call","9","KC1JMH / Brad Br","Off","Carrier","Off","1","1","1","Off","1","1","Marine","None","Off","Off","Off","Off","Normal Encryption","Off","Off","Off","Off","251.1","1","Off","Off","Off","Off","Off","Off","1","0","Off","0","0","0","0","0","0"
"2236","Marine 23A","157.15000","157.15000","A-Analog","High","25K","Off","Off","Local","Group Call","9","KC1JMH / Brad Br","Off","Carrier","Off","1","1","1","Off","1","1","Marine","None","Off","Off","Off","Off","Normal Encryption","Off","Off","Off","Off","251.1","1","Off","Off","Off","Off","Off","Off","1","0","Off","0","0","0","0","0","0"
"2237","Marine 24","161.80000","157.20000","A-Analog","High","25K","Off","Off","Local","Group Call","9","KC1JMH / Brad Br","Off","Carrier","Off","1","1","1","Off","1","1","Marine","None","Off","Off","Off","Off","Normal Encryption","Off","Off","Off","Off","251.1","1","Off","Off","Off","Off","Off","Off","1","0","Off","0","0","0","0","0","0"
"2238","Marine 25","161.85000","157.25000","A-Analog","High","25K","Off","Off","Local","Group Call","9","KC1JMH / Brad Br","Off","Carrier","Off","1","1","1","Off","1","1","Marine","None","Off","Off","Off","Off","Normal Encryption","Off","Off","Off","Off","251.1","1","Off","Off","Off","Off","Off","Off","1","0","Off","0","0","0","0","0","0"
"2239","Marine 26","161.90000","157.30000","A-Analog","High","25K","Off","Off","Local","Group Call","9","KC1JMH / Brad Br","Off","Carrier","Off","1","1","1","Off","1","1","Marine","None","Off","Off","Off","Off","Normal Encryption","Off","Off","Off","Off","251.1","1","Off","Off","Off","Off","Off","Off","1","0","Off","0","0","0","0","0","0"
"2240","Marine 27","161.95000","157.35000","A-Analog","High","25K","Off","Off","Local","Group Call","9","KC1JMH / Brad Br","Off","Carrier","Off","1","1","1","Off","1","1","Marine","None","Off","Off","Off","Off","Normal Encryption","Off","Off","Off","Off","251.1","1","Off","Off","Off","Off","Off","Off","1","0","Off","0","0","0","0","0","0"
"2241","Marine 28","162.00000","157.40000","A-Analog","High","25K","Off","Off","Local","Group Call","9","KC1JMH / Brad Br","Off","Carrier","Off","1","1","1","Off","1","1","Marine","None","Off","Off","Off","Off","Normal Encryption","Off","Off","Off","Off","251.1","1","Off","Off","Off","Off","Off","Off","1","0","Off","0","0","0","0","0","0"
"2242","Marine 63A","156.17500","156.17500","A-Analog","High","25K","Off","Off","Local","Group Call","9","KC1JMH / Brad Br","Off","Carrier","Off","1","1","1","Off","1","1","Marine","None","Off","Off","Off","Off","Normal Encryption","Off","Off","Off","Off","251.1","1","Off","Off","Off","Off","Off","Off","1","0","Off","0","0","0","0","0","0"
"2243","Marine 65A","156.27500","156.27500","A-Analog","High","25K","Off","Off","Local","Group Call","9","KC1JMH / Brad Br","Off","Carrier","Off","1","1","1","Off","1","1","Marine","None","Off","Off","Off","Off","Normal Encryption","Off","Off","Off","Off","251.1","1","Off","Off","Off","Off","Off","Off","1","0","Off","0","0","0","0","0","0"
"2244","Marine 66A","156.32500","156.32500","A-Analog","High","25K","Off","Off","Local","Group Call","9","KC1JMH / Brad Br","Off","Carrier","Off","1","1","1","Off","1","1","Marine","None","Off","Off","Off","Off","Normal Encryption","Off","Off","Off","Off","251.1","1","Off","Off","Off","Off","Off","Off","1","0","Off","0","0","0","0","0","0"
"2245","Marine 67","156.37500","156.37500","A-Analog","High","25K","Off","Off","Local","Group Call","9","KC1JMH / Brad Br","Off","Carrier","Off","1","1","1","Off","1","1","Marine","None","Off","Off","Off","Off","Normal Encryption","Off","Off","Off","Off","251.1","1","Off","Off","Off","Off","Off","Off","1","0","Off","0","0","0","0","0","0"
"2246","Marine 68","156.42500","156.42500","A-Analog","High","25K","Off","Off","Local","Group Call","9","KC1JMH / Brad Br","Off","Carrier","Off","1","1","1","Off","1","1","Marine","None","Off","Off","Off","Off","Normal Encryption","Off","Off","Off","Off","251.1","1","Off","Off","Off","Off","Off","Off","1","0","Off","0","0","0","0","0","0"
"2247","Marine 69","156.47500","156.47500","A-Analog","High","25K","Off","Off","Local","Group Call","9","KC1JMH / Brad Br","Off","Carrier","Off","1","1","1","Off","1","1","Marine","None","Off","Off","Off","Off","Normal Encryption","Off","Off","Off","Off","251.1","1","Off","Off","Off","Off","Off","Off","1","0","Off","0","0","0","0","0","0"
"2248","Marine 70","156.52500","156.52500","A-Analog","High","25K","Off","Off","Local","Group Call","9","KC1JMH / Brad Br","Off","Carrier","Off","1","1","1","Off","1","1","Marine","None","Off","Off","Off","Off","Normal Encryption","Off","Off","Off","Off","251.1","1","Off","Off","Off","Off","Off","Off","1","0","Off","0","0","0","0","0","0"
"2249","Marine 71","156.57500","156.57500","A-Analog","High","25K","Off","Off","Local","Group Call","9","KC1JMH / Brad Br","Off","Carrier","Off","1","1","1","Off","1","1","Marine","None","Off","Off","Off","Off","Normal Encryption","Off","Off","Off","Off","251.1","1","Off","Off","Off","Off","Off","Off","1","0","Off","0","0","0","0","0","0"
"2250","Marine 72","156.62500","156.62500","A-Analog","High","25K","Off","Off","Local","Group Call","9","KC1JMH / Brad Br","Off","Carrier","Off","1","1","1","Off","1","1","Marine","None","Off","Off","Off","Off","Normal Encryption","Off","Off","Off","Off","251.1","1","Off","Off","Off","Off","Off","Off","1","0","Off","0","0","0","0","0","0"
"2251","Marine 73","156.67500","156.67500","A-Analog","High","25K","Off","Off","Local","Group Call","9","KC1JMH / Brad Br","Off","Carrier","Off","1","1","1","Off","1","1","Marine","None","Off","Off","Off","Off","Normal Encryption","Off","Off","Off","Off","251.1","1","Off","Off","Off","Off","Off","Off","1","0","Off","0","0","0","0","0","0"
"2252","Marine 74","156.72500","156.72500","A-Analog","High","25K","Off","Off","Local","Group Call","9","KC1JMH / Brad Br","Off","Carrier","Off","1","1","1","Off","1","1","Marine","None","Off","Off","Off","Off","Normal Encryption","Off","Off","Off","Off","251.1","1","Off","Off","Off","Off","Off","Off","1","0","Off","0","0","0","0","0","0"
"2253","Marine 77","156.87500","156.87500","A-Analog","High","25K","Off","Off","Local","Group Call","9","KC1JMH / Brad Br","Off","Carrier","Off","1","1","1","Off","1","1","Marine","None","Off","Off","Off","Off","Normal Encryption","Off","Off","Off","Off","251.1","1","Off","Off","Off","Off","Off","Off","1","0","Off","0","0","0","0","0","0"
"2254","Marine 78A","156.92500","156.92500","A-Analog","High","25K","Off","Off","Local","Group Call","9","KC1JMH / Brad Br","Off","Carrier","Off","1","1","1","Off","1","1","Marine","None","Off","Off","Off","Off","Normal Encryption","Off","Off","Off","Off","251.1","1","Off","Off","Off","Off","Off","Off","1","0","Off","0","0","0","0","0","0"
"2255","Marine 79A","156.97500","156.97500","A-Analog","High","25K","Off","Off","Local","Group Call","9","KC1JMH / Brad Br","Off","Carrier","Off","1","1","1","Off","1","1","Marine","None","Off","Off","Off","Off","Normal Encryption","Off","Off","Off","Off","251.1","1","Off","Off","Off","Off","Off","Off","1","0","Off","0","0","0","0","0","0"
"2256","Marine 80A","157.02500","157.02500","A-Analog","High","25K","Off","Off","Local","Group Call","9","KC1JMH / Brad Br","Off","Carrier","Off","1","1","1","Off","1","1","Marine","None","Off","Off","Off","Off","Normal Encryption","Off","Off","Off","Off","251.1","1","Off","Off","Off","Off","Off","Off","1","0","Off","0","0","0","0","0","0"
"2257","Marine 81A","157.07500","157.07500","A-Analog","High","25K","Off","Off","Local","Group Call","9","KC1JMH / Brad Br","Off","Carrier","Off","1","1","1","Off","1","1","Marine","None","Off","Off","Off","Off","Normal Encryption","Off","Off","Off","Off","251.1","1","Off","Off","Off","Off","Off","Off","1","0","Off","0","0","0","0","0","0"
"2258","Marine 82A","157.12500","157.12500","A-Analog","High","25K","Off","Off","Local","Group Call","9","KC1JMH / Brad Br","Off","Carrier","Off","1","1","1","Off","1","1","Marine","None","Off","Off","Off","Off","Normal Encryption","Off","Off","Off","Off","251.1","1","Off","Off","Off","Off","Off","Off","1","0","Off","0","0","0","0","0","0"
"2259","Marine 83A","157.17500","157.17500","A-Analog","High","25K","Off","Off","Local","Group Call","9","KC1JMH / Brad Br","Off","Carrier","Off","1","1","1","Off","1","1","Marine","None","Off","Off","Off","Off","Normal Encryption","Off","Off","Off","Off","251.1","1","Off","Off","Off","Off","Off","Off","1","0","Off","0","0","0","0","0","0"
"2260","Marine 84","161.82500","157.22500","A-Analog","High","25K","Off","Off","Local","Group Call","9","KC1JMH / Brad Br","Off","Carrier","Off","1","1","1","Off","1","1","Marine","None","Off","Off","Off","Off","Normal Encryption","Off","Off","Off","Off","251.1","1","Off","Off","Off","Off","Off","Off","1","0","Off","0","0","0","0","0","0"
"2261","Marine 85","161.87500","157.27500","A-Analog","High","25K","Off","Off","Local","Group Call","9","KC1JMH / Brad Br","Off","Carrier","Off","1","1","1","Off","1","1","Marine","None","Off","Off","Off","Off","Normal Encryption","Off","Off","Off","Off","251.1","1","Off","Off","Off","Off","Off","Off","1","0","Off","0","0","0","0","0","0"
"2262","Marine 86","161.92500","157.32500","A-Analog","High","25K","Off","Off","Local","Group Call","9","KC1JMH / Brad Br","Off","Carrier","Off","1","1","1","Off","1","1","Marine","None","Off","Off","Off","Off","Normal Encryption","Off","Off","Off","Off","251.1","1","Off","Off","Off","Off","Off","Off","1","0","Off","0","0","0","0","0","0"
"2263","Marine 87","157.37500","157.37500","A-Analog","High","25K","Off","Off","Local","Group Call","9","KC1JMH / Brad Br","Off","Carrier","Off","1","1","1","Off","1","1","Marine","None","Off","Off","Off","Off","Normal Encryption","Off","Off","Off","Off","251.1","1","Off","Off","Off","Off","Off","Off","1","0","Off","0","0","0","0","0","0"
"2264","Marine 88","157.42500","157.42500","A-Analog","High","25K","Off","Off","Local","Group Call","9","KC1JMH / Brad Br","Off","Carrier","Off","1","1","1","Off","1","1","Marine","None","Off","Off","Off","Off","Normal Encryption","Off","Off","Off","Off","251.1","1","Off","Off","Off","Off","Off","Off","1","0","Off","0","0","0","0","0","0"
"2265","Marine AIS 1","161.97500","161.97500","A-Analog","High","25K","Off","Off","Local","Group Call","9","KC1JMH / Brad Br","Off","Carrier","Off","1","1","1","Off","1","1","Marine","None","Off","Off","Off","Off","Normal Encryption","Off","Off","Off","Off","251.1","1","Off","Off","Off","Off","Off","Off","1","0","Off","0","0","0","0","0","0"
"2266","Marine AIS 2","162.02500","162.02500","A-Analog","High","25K","Off","Off","Local","Group Call","9","KC1JMH / Brad Br","Off","Carrier","Off","1","1","1","Off","1","1","Marine","None","Off","Off","Off","Off","Normal Encryption","Off","Off","Off","Off","251.1","1","Off","Off","Off","Off","Off","Off","1","0","Off","0","0","0","0","0","0"
"2267","GMRS 1","462.56250","462.56250","A-Analog","High","25K","Off","Off","Local","Group Call","9","KC1JMH / Brad Br","Off","Carrier","Off","1","1","1","Off","1","1","GMRS","None","Off","Off","Off","Off","Normal Encryption","Off","Off","Off","Off","251.1","1","Off","Off","Off","Off","Off","Off","1","0","Off","0","0","0","0","0","0"
"2268","GMRS 2","462.58750","462.58750","A-Analog","High","25K","Off","Off","Local","Group Call","9","KC1JMH / Brad Br","Off","Carrier","Off","1","1","1","Off","1","1","GMRS","None","Off","Off","Off","Off","Normal Encryption","Off","Off","Off","Off","251.1","1","Off","Off","Off","Off","Off","Off","1","0","Off","0","0","0","0","0","0"
"2269","GMRS 3","462.61250","462.61250","A-Analog","High","25K","Off","Off","Local","Group Call","9","KC1JMH / Brad Br","Off","Carrier","Off","1","1","1","Off","1","1","GMRS","None","Off","Off","Off","Off","Normal Encryption","Off","Off","Off","Off","251.1","1","Off","Off","Off","Off","Off","Off","1","0","Off","0","0","0","0","0","0"
"2270","GMRS 4","462.63750","462.63750","A-Analog","High","25K","Off","Off","Local","Group Call","9","KC1JMH / Brad Br","Off","Carrier","Off","1","1","1","Off","1","1","GMRS","None","Off","Off","Off","Off","Normal Encryption","Off","Off","Off","Off","251.1","1","Off","Off","Off","Off","Off","Off","1","0","Off","0","0","0","0","0","0"
"2271","GMRS 5","462.66250","462.66250","A-Analog","High","25K","Off","Off","Local","Group Call","9","KC1JMH / Brad Br","Off","Carrier","Off","1","1","1","Off","1","1","GMRS","None","Off","Off","Off","Off","Normal Encryption","Off","Off","Off","Off","251.1","1","Off","Off","Off","Off","Off","Off","1","0","Off","0","0","0","0","0","0"
"2272","GMRS 6","462.68750","462.68750","A-Analog","High","25K","Off","Off","Local","Group Call","9","KC1JMH / Brad Br","Off","Carrier","Off","1","1","1","Off","1","1","GMRS","None","Off","Off","Off","Off","Normal Encryption","Off","Off","Off","Off","251.1","1","Off","Off","Off","Off","Off","Off","1","0","Off","0","0","0","0","0","0"
"2273","GMRS 7","462.71250","462.71250","A-Analog","High","25K","Off","Off","Local","Group Call","9","KC1JMH / Brad Br","Off","Carrier","Off","1","1","1","Off","1","1","GMRS","None","Off","Off","Off","Off","Normal Encryption","Off","Off","Off","Off","251.1","1","Off","Off","Off","Off","Off","Off","1","0","Off","0","0","0","0","0","0"
"2274","GMRS 8","467.56250","467.56250","A-Analog","Low","12.5K","Off","Off","Local","Group Call","9","KC1JMH / Brad Br","Off","Carrier","Off","1","1","1","Off","1","1","GMRS","None","Off","Off","Off","Off","Normal Encryption","Off","Off","Off","Off","251.1","1","Off","Off","Off","Off","Off","Off","1","0","Off","0","0","0","0","0","0"
"2275","GMRS 9","467.58750","467.58750","A-Analog","Low","12.5K","Off","Off","Local","Group Call","9","KC1JMH / Brad Br","Off","Carrier","Off","1","1","1","Off","1","1","GMRS","None","Off","Off","Off","Off","Normal Encryption","Off","Off","Off","Off","251.1","1","Off","Off","Off","Off","Off","Off","1","0","Off","0","0","0","0","0","0"
"2276","GMRS 10","467.61250","467.61250","A-Analog","Low","12.5K","Off","Off","Local","Group Call","9","KC1JMH / Brad Br","Off","Carrier","Off","1","1","1","Off","1","1","GMRS","None","Off","Off","Off","Off","Normal Encryption","Off","Off","Off","Off","251.1","1","Off","Off","Off","Off","Off","Off","1","0","Off","0","0","0","0","0","0"
"2277","GMRS 11","467.63750","467.63750","A-Analog","Low","12.5K","Off","Off","Local","Group Call","9","KC1JMH / Brad Br","Off","Carrier","Off","1","1","1","Off","1","1","GMRS","None","Off","Off","Off","Off","Normal Encryption","Off","Off","Off","Off","251.1","1","Off","Off","Off","Off","Off","Off","1","0","Off","0","0","0","0","0","0"
"2278","GMRS 12","467.66250","467.66250","A-Analog","Low","12.5K","Off","Off","Local","Group Call","9","KC1JMH / Brad Br","Off","Carrier","Off","1","1","1","Off","1","1","GMRS","None","Off","Off","Off","Off","Normal Encryption","Off","Off","Off","Off","251.1","1","Off","Off","Off","Off","Off","Off","1","0","Off","0","0","0","0","0","0"
"2279","GMRS 13","467.68750","467.68750","A-Analog","Low","12.5K","Off","Off","Local","Group Call","9","KC1JMH / Brad Br","Off","Carrier","Off","1","1","1","Off","1","1","GMRS","None","Off","Off","Off","Off","Normal Encryption","Off","Off","Off","Off","251.1","1","Off","Off","Off","Off","Off","Off","1","0","Off","0","0","0","0","0","0"
"2280","GMRS 14","467.71250","467.71250","A-Analog","Low","12.5K","Off","Off","Local","Group Call","9","KC1JMH / Brad Br","Off","Carrier","Off","1","1","1","Off","1","1","GMRS","None","Off","Off","Off","Off","Normal Encryption","Off","Off","Off","Off","251.1","1","Off","Off","Off","Off","Off","Off","1","0","Off","0","0","0","0","0","0"
"2281","GMRS 15-1","462.55000","462.55000","A-Analog","High","25K","Off","Off","Local","Group Call","9","KC1JMH / Brad Br","Off","Carrier","Off","1","1","1","Off","1","1","GMRS","None","Off","Off","Off","Off","Normal Encryption","Off","Off","Off","Off","251.1","1","Off","Off","Off","Off","Off","Off","1","0","Off","0","0","0","0","0","0"
"2282","GMRS 16-2","462.57500","462.57500","A-Analog","High","25K","Off","Off","Local","Group Call","9","KC1JMH / Brad Br","Off","Carrier","Off","1","1","1","Off","1","1","GMRS","None","Off","Off","Off","Off","Normal Encryption","Off","Off","Off","Off","251.1","1","Off","Off","Off","Off","Off","Off","1","0","Off","0","0","0","0","0","0"
"2283","GMRS 17-3","462.60000","462.60000","A-Analog","High","25K","Off","Off","Local","Group Call","9","KC1JMH / Brad Br","Off","Carrier","Off","1","1","1","Off","1","1","GMRS","None","Off","Off","Off","Off","Normal Encryption","Off","Off","Off","Off","251.1","1","Off","Off","Off","Off","Off","Off","1","0","Off","0","0","0","0","0","0"
"2284","GMRS 18-4","462.62500","462.62500","A-Analog","High","25K","Off","Off","Local","Group Call","9","KC1JMH / Brad Br","Off","Carrier","Off","1","1","1","Off","1","1","GMRS","None","Off","Off","Off","Off","Normal Encryption","Off","Off","Off","Off","251.1","1","Off","Off","Off","Off","Off","Off","1","0","Off","0","0","0","0","0","0"
"2285","GMRS 19-5","462.65000","462.65000","A-Analog","High","25K","Off","Off","Local","Group Call","9","KC1JMH / Brad Br","Off","Carrier","Off","1","1","1","Off","1","1","GMRS","None","Off","Off","Off","Off","Normal Encryption","Off","Off","Off","Off","251.1","1","Off","Off","Off","Off","Off","Off","1","0","Off","0","0","0","0","0","0"
"2286","GMRS 20-6","462.67500","462.67500","A-Analog","High","25K","Off","Off","Local","Group Call","9","KC1JMH / Brad Br","Off","Carrier","Off","1","1","1","Off","1","1","GMRS","None","Off","Off","Off","Off","Normal Encryption","Off","Off","Off","Off","251.1","1","Off","Off","Off","Off","Off","Off","1","0","Off","0","0","0","0","0","0"
"2287","GMRS 21-7","462.70000","462.70000","A-Analog","High","25K","Off","Off","Local","Group Call","9","KC1JMH / Brad Br","Off","Carrier","Off","1","1","1","Off","1","1","GMRS","None","Off","Off","Off","Off","Normal Encryption","Off","Off","Off","Off","251.1","1","Off","Off","Off","Off","Off","Off","1","0","Off","0","0","0","0","0","0"
"2288","GMRS 22-8","462.72500","462.72500","A-Analog","High","25K","Off","Off","Local","Group Call","9","KC1JMH / Brad Br","Off","Carrier","Off","1","1","1","Off","1","1","GMRS","None","Off","Off","Off","Off","Normal Encryption","Off","Off","Off","Off","251.1","1","Off","Off","Off","Off","Off","Off","1","0","Off","0","0","0","0","0","0"
"2289","Channel 1","440.00000","440.00000","D-Digital","High","12.5K","Off","Off","Local","Group Call","9","KC1JMH / Brad Br","Always","Carrier","Off","1","1","1","Off","1","1","None","None","Off","Off","Off","Off","Normal Encryption","Off","Off","Off","Off","251.1","1","Off","Off","Off","Off","Off","Off","1","0","Off","0","0","0","0","0","0"
"2290","MURS 1 (82)","151.82000","151.82000","A-Analog","Mid","12.5K","Off","Off","Local","Group Call","9","KC1JMH / Brad Br","Off","Carrier","Off","1","1","1","Off","1","1","None","None","Off","Off","Off","Off","Normal Encryption","Off","Off","Off","Off","251.1","0","Off","On","Off","Off","Off","Off","1","0","Off","0","0","0","0","0","0"
"2291","MURS 2 (88)","151.88000","151.88000","A-Analog","Mid","12.5K","Off","Off","Local","Group Call","9","KC1JMH / Brad Br","Off","Carrier","Off","1","1","1","Off","1","1","None","None","Off","Off","Off","Off","Normal Encryption","Off","Off","Off","Off","251.1","0","Off","On","Off","Off","Off","Off","1","0","Off","0","0","0","0","0","0"
"2292","MURS 3 (94)","151.94000","151.94000","A-Analog","Mid","12.5K","Off","Off","Local","Group Call","9","KC1JMH / Brad Br","Off","Carrier","Off","1","1","1","Off","1","1","None","None","Off","Off","Off","Off","Normal Encryption","Off","Off","Off","Off","251.1","0","Off","On","Off","Off","Off","Off","1","0","Off","0","0","0","0","0","0"
"2293","Blue Dot","154.57000","154.57000","A-Analog","Mid","25K","Off","Off","Local","Group Call","9","KC1JMH / Brad Br","Off","Carrier","Off","1","1","1","Off","1","1","None","None","Off","Off","Off","Off","Normal Encryption","Off","Off","Off","Off","251.1","0","Off","On","Off","Off","Off","Off","1","0","Off","0","0","0","0","0","0"
"2294","Green Dot","154.60000","154.60000","A-Analog","Mid","25K","Off","Off","Local","Group Call","9","KC1JMH / Brad Br","Off","Carrier","Off","1","1","1","Off","1","1","None","None","Off","Off","Off","Off","Normal Encryption","Off","Off","Off","Off","251.1","0","Off","On","Off","Off","Off","Off","1","0","Off","0","0","0","0","0","0"
"2295","Gray-575","462.57500","467.57500","A-Analog","High","25K","Off","192.8","Local","Group Call","9","KC1JMH / Brad Br","Off","Carrier","Off","1","1","1","Off","1","1","GMRS","None","Off","Off","Off","Off","Normal Encryption","Off","Off","Off","Off","251.1","0","Off","Off","Off","Off","Off","Off","1","0","Off","0","0","0","0","0","0"
"2296","Hiram-575","462.57500","467.57500","A-Analog","High","25K","Off","156.7","Local","Group Call","9","KC1JMH / Brad Br","Off","Carrier","Off","1","1","1","Off","1","1","GMRS","None","Off","Off","Off","Off","Normal Encryption","Off","Off","Off","Off","251.1","0","Off","Off","Off","Off","Off","Off","1","0","Off","0","0","0","0","0","0"
"2297","Shapleigh-Pub","462.60000","467.60000","A-Analog","High","25K","Off","162.2","Local","Group Call","9","KC1JMH / Brad Br","Off","Carrier","Off","1","1","1","Off","1","1","GMRS","None","Off","Off","Off","Off","Normal Encryption","Off","Off","Off","Off","251.1","0","Off","Off","Off","Off","Off","Off","1","0","Off","0","0","0","0","0","0"
"2298","Shapleigh-Fam","462.60000","467.60000","A-Analog","High","25K","Off","88.5","Local","Group Call","9","KC1JMH / Brad Br","Off","Carrier","Off","1","1","1","Off","1","1","GMRS","None","Off","Off","Off","Off","Normal Encryption","Off","Off","Off","Off","251.1","0","Off","Off","Off","Off","Off","Off","1","0","Off","0","0","0","0","0","0"
"2299","Falmouth-650","462.65000","467.50000","A-Analog","High","25K","Off","156.7","Local","Group Call","9","KC1JMH / Brad Br","Off","Carrier","Off","1","1","1","Off","1","1","GMRS","None","Off","Off","Off","Off","Normal Encryption","Off","Off","Off","Off","251.1","0","Off","Off","Off","Off","Off","Off","1","0","Off","0","0","0","0","0","0"
"2300","Woodstock-675","462.67500","467.67500","A-Analog","High","25K","Off","156.7","Local","Group Call","9","KC1JMH / Brad Br","Off","Carrier","Off","1","1","1","Off","1","1","GMRS","None","Off","Off","Off","Off","Normal Encryption","Off","Off","Off","Off","251.1","0","Off","Off","Off","Off","Off","Off","1","0","Off","0","0","0","0","0","0"
"2301","Brunswick-700","462.70000","467.70000","A-Analog","High","25K","Off","114.8","Local","Group Call","9","KC1JMH / Brad Br","Off","Carrier","Off","1","1","1","Off","1","1","GMRS","None","Off","Off","Off","Off","Normal Encryption","Off","Off","Off","Off","251.1","0","Off","Off","Off","Off","Off","Off","1","0","Off","0","0","0","0","0","0"
"2302","Milton--700","462.70000","467.70000","A-Analog","High","25K","Off","250.3","Local","Group Call","9","KC1JMH / Brad Br","Off","Carrier","Off","1","1","1","Off","1","1","GMRS","None","Off","Off","Off","Off","Normal Encryption","Off","Off","Off","Off","251.1","0","Off","Off","Off","Off","Off","Off","1","0","Off","0","0","0","0","0","0"
"2303","Ossipee-550","462.55000","467.55000","A-Analog","High","25K","Off","156.7","Local","Group Call","9","KC1JMH / Brad Br","Off","Carrier","Off","1","1","1","Off","1","1","GMRS","None","Off","Off","Off","Off","Normal Encryption","Off","Off","Off","Off","251.1","0","Off","Off","Off","Off","Off","Off","1","0","Off","0","0","0","0","0","0"
"2304","Portland-725","462.72500","467.72500","A-Analog","High","25K","Off","156.7","Local","Group Call","9","KC1JMH / Brad Br","Off","Carrier","Off","1","1","1","Off","1","1","GMRS","None","Off","Off","Off","Off","Normal Encryption","Off","Off","Off","Off","251.1","0","Off","Off","Off","Off","Off","Off","1","0","Off","0","0","0","0","0","0"
"2305","Waterboro-625","462.62500","467.62500","A-Analog","High","25K","Off","179.9","Local","Group Call","9","KC1JMH / Brad Br","Off","Carrier","Off","1","1","1","Off","1","1","GMRS","None","Off","Off","Off","Off","Normal Encryption","Off","Off","Off","Off","251.1","0","Off","Off","Off","Off","Off","Off","1","0","Off","0","0","0","0","0","0"
"2306","WS1EC","449.22500","444.22500","A-Analog","High","25K","103.5","103.5","Local","Group Call","9","KC1JMH / Brad Br","Off","CTCSS/DCS","Off","1","1","1","Off","1","1","None","None","Off","Off","Off","Off","Normal Encryption","Off","Off","Off","Off","251.1","0","Off","Off","Off","Off","Off","Off","1","0","Off","0","0","0","0","0","0"
"2307","CCEMA DIR","155.76000","155.76000","A-Analog","High","12.5K","192.8","192.8","Local","Group Call","9","KC1JMH / Brad Br","Off","Carrier","Off","1","1","1","Off","1","1","None","None","Off","Off","Off","Off","Normal Encryption","Off","Off","Off","Off","131.8","1","Off","Off","Off","Off","Off","Off","1","0","Off","0","0","0","0","0","0"
"2308","CCEMA RPTR","155.76000","155.10000","A-Analog","High","12.5K","192.8","91.5","Local","Group Call","9","KC1JMH / Brad Br","Off","Carrier","Off","1","1","1","Off","1","1","None","None","Off","Off","Off","Off","Normal Encryption","Off","Off","Off","Off","131.8","1","Off","Off","Off","Off","Off","Off","1","0","Off","0","0","0","0","0","0"
"2309","CCEMA TAC 1","155.10000","155.10000","A-Analog","High","12.5K","173.8","173.8","Local","Group Call","9","KC1JMH / Brad Br","Off","Carrier","Off","1","1","1","Off","1","1","None","None","Off","Off","Off","Off","Normal Encryption","Off","Off","Off","Off","131.8","1","Off","Off","Off","Off","Off","Off","1","0","Off","0","0","0","0","0","0"
"2310","CCEMA TAC 2","155.64000","155.64000","A-Analog","High","12.5K","173.8","173.8","Local","Group Call","9","KC1JMH / Brad Br","Off","Carrier","Off","1","1","1","Off","1","1","None","None","Off","Off","Off","Off","Normal Encryption","Off","Off","Off","Off","131.8","1","Off","Off","Off","Off","Off","Off","1","0","Off","0","0","0","0","0","0"
"2311","CCEMA TAC 3","155.68500","155.68500","A-Analog","High","12.5K","173.8","173.8","Local","Group Call","9","KC1JMH / Brad Br","Off","Carrier","Off","1","1","1","Off","1","1","None","None","Off","Off","Off","Off","Normal Encryption","Off","Off","Off","Off","131.8","1","Off","Off","Off","Off","Off","Off","1","0","Off","0","0","0","0","0","0"
"2312","CCEMA TAC 4","155.95500","155.95500","A-Analog","High","12.5K","173.8","173.8","Local","Group Call","9","KC1JMH / Brad Br","Off","Carrier","Off","1","1","1","Off","1","1","None","None","Off","Off","Off","Off","Normal Encryption","Off","Off","Off","Off","131.8","1","Off","Off","Off","Off","Off","Off","1","0","Off","0","0","0","0","0","0"
"2313","CCEMA TAC 5","155.37000","155.37000","A-Analog","High","12.5K","173.8","173.8","Local","Group Call","9","KC1JMH / Brad Br","Off","Carrier","Off","1","1","1","Off","1","1","None","None","Off","Off","Off","Off","Normal Encryption","Off","Off","Off","Off","131.8","1","Off","Off","Off","Off","Off","Off","1","0","Off","0","0","0","0","0","0"
"2314","C1 SWSP","155.71000","155.71000","A-Analog","High","12.5K","Off","192.8","Local","Group Call","9","KC1JMH / Brad Br","Off","Carrier","Off","1","1","1","Off","1","1","None","None","Off","Off","Off","Off","Normal Encryption","Off","Off","Off","Off","131.8","1","Off","Off","Off","Off","Off","Off","1","0","Off","0","0","0","0","0","0"
"2315","C2 NWC/C","155.47500","155.47500","A-Analog","High","12.5K","Off","192.8","Local","Group Call","9","KC1JMH / Brad Br","Off","Carrier","Off","1","1","1","Off","1","1","None","None","Off","Off","Off","Off","Normal Encryption","Off","Off","Off","Off","131.8","1","Off","Off","Off","Off","Off","Off","1","0","Off","0","0","0","0","0","0"
"2316","C3 EMS2 LASR","155.16000","155.16000","A-Analog","High","12.5K","Off","156.7","Local","Group Call","9","KC1JMH / Brad Br","Off","Carrier","Off","1","1","1","Off","1","1","None","None","Off","Off","Off","Off","Normal Encryption","Off","Off","Off","Off","131.8","1","Off","Off","Off","Off","Off","Off","1","0","Off","0","0","0","0","0","0"
"2317","C4 SPC/C","154.93500","154.93500","A-Analog","High","12.5K","Off","192.8","Local","Group Call","9","KC1JMH / Brad Br","Off","Carrier","Off","1","1","1","Off","1","1","None","None","Off","Off","Off","Off","Normal Encryption","Off","Off","Off","Off","131.8","1","Off","Off","Off","Off","Off","Off","1","0","Off","0","0","0","0","0","0"
"2318","C5 ST FIRE","154.31000","154.31000","A-Analog","High","12.5K","Off","192.8","Local","Group Call","9","KC1JMH / Brad Br","Off","Carrier","Off","1","1","1","Off","1","1","None","None","Off","Off","Off","Off","Normal Encryption","Off","Off","Off","Off","131.8","1","Off","Off","Off","Off","Off","Off","1","0","Off","0","0","0","0","0","0"
"2319","C6 SWC/C","154.69500","154.69500","A-Analog","High","12.5K","Off","192.8","Local","Group Call","9","KC1JMH / Brad Br","Off","Carrier","Off","1","1","1","Off","1","1","None","None","Off","Off","Off","Off","Normal Encryption","Off","Off","Off","Off","131.8","1","Off","Off","Off","Off","Off","Off","1","0","Off","0","0","0","0","0","0"
"2320","C7 VCALL 10","155.75250","155.75250","A-Analog","High","12.5K","Off","156.7","Local","Group Call","9","KC1JMH / Brad Br","Off","Carrier","Off","1","1","1","Off","1","1","None","None","Off","Off","Off","Off","Normal Encryption","Off","Off","Off","Off","131.8","1","Off","Off","Off","Off","Off","Off","1","0","Off","0","0","0","0","0","0"
"2321","VTAC 11","151.13750","151.13750","A-Analog","High","12.5K","Off","156.7","Local","Group Call","9","KC1JMH / Brad Br","Off","Carrier","Off","1","1","1","Off","1","1","None","None","Off","Off","Off","Off","Normal Encryption","Off","Off","Off","Off","131.8","1","Off","Off","Off","Off","Off","Off","1","0","Off","0","0","0","0","0","0"
"2322","VTAC 12","154.45250","154.45250","A-Analog","High","12.5K","Off","156.7","Local","Group Call","9","KC1JMH / Brad Br","Off","Carrier","Off","1","1","1","Off","1","1","None","None","Off","Off","Off","Off","Normal Encryption","Off","Off","Off","Off","131.8","1","Off","Off","Off","Off","Off","Off","1","0","Off","0","0","0","0","0","0"
"2323","VTAC 13","158.73750","158.73750","A-Analog","High","12.5K","Off","156.7","Local","Group Call","9","KC1JMH / Brad Br","Off","Carrier","Off","1","1","1","Off","1","1","None","None","Off","Off","Off","Off","Normal Encryption","Off","Off","Off","Off","131.8","1","Off","Off","Off","Off","Off","Off","1","0","Off","0","0","0","0","0","0"
"2324","VTAC 14","159.47250","159.47250","A-Analog","High","12.5K","Off","156.7","Local","Group Call","9","KC1JMH / Brad Br","Off","Carrier","Off","1","1","1","Off","1","1","None","None","Off","Off","Off","Off","Normal Encryption","Off","Off","Off","Off","131.8","1","Off","Off","Off","Off","Off","Off","1","0","Off","0","0","0","0","0","0"
"2325","VTAC 33","159.47250","151.13750","A-Analog","High","12.5K","156.7","136.5","Local","Group Call","9","KC1JMH / Brad Br","Off","Carrier","Off","1","1","1","Off","1","1","None","None","Off","Off","Off","Off","Normal Encryption","Off","Off","Off","Off","131.8","1","Off","Off","Off","Off","Off","Off","1","0","Off","0","0","0","0","0","0"
"2326","VTAC 34","158.73750","154.45250","A-Analog","High","12.5K","156.7","136.5","Local","Group Call","9","KC1JMH / Brad Br","Off","Carrier","Off","1","1","1","Off","1","1","None","None","Off","Off","Off","Off","Normal Encryption","Off","Off","Off","Off","131.8","1","Off","Off","Off","Off","Off","Off","1","0","Off","0","0","0","0","0","0"
"2327","VTAC 35","159.47250","158.73750","A-Analog","High","12.5K","156.7","136.5","Local","Group Call","9","KC1JMH / Brad Br","Off","Carrier","Off","1","1","1","Off","1","1","None","None","Off","Off","Off","Off","Normal Encryption","Off","Off","Off","Off","131.8","1","Off","Off","Off","Off","Off","Off","1","0","Off","0","0","0","0","0","0"
"2328","VTAC 36","151.13750","159.47250","A-Analog","High","12.5K","156.7","136.5","Local","Group Call","9","KC1JMH / Brad Br","Off","Carrier","Off","1","1","1","Off","1","1","None","None","Off","Off","Off","Off","Normal Encryption","Off","Off","Off","Off","131.8","1","Off","Off","Off","Off","Off","Off","1","0","Off","0","0","0","0","0","0"
"2329","VTAC 37","154.45250","158.73750","A-Analog","High","12.5K","156.7","136.5","Local","Group Call","9","KC1JMH / Brad Br","Off","Carrier","Off","1","1","1","Off","1","1","None","None","Off","Off","Off","Off","Normal Encryption","Off","Off","Off","Off","131.8","1","Off","Off","Off","Off","Off","Off","1","0","Off","0","0","0","0","0","0"
"2330","VTAC 38","158.73750","159.47250","A-Analog","High","12.5K","156.7","136.5","Local","Group Call","9","KC1JMH / Brad Br","Off","Carrier","Off","1","1","1","Off","1","1","None","None","Off","Off","Off","Off","Normal Encryption","Off","Off","Off","Off","131.8","1","Off","Off","Off","Off","Off","Off","1","0","Off","0","0","0","0","0","0"
"2331","CHF 265","154.26500","154.26500","A-Analog","High","12.5K","Off","Off","Local","Group Call","9","KC1JMH / Brad Br","Off","Carrier","Off","1","1","1","Off","1","1","None","None","Off","Off","Off","Off","Normal Encryption","Off","Off","Off","Off","131.8","1","Off","Off","Off","Off","Off","Off","1","0","Off","0","0","0","0","0","0"
"2332","CHF 280","154.28000","154.28000","A-Analog","High","12.5K","Off","Off","Local","Group Call","9","KC1JMH / Brad Br","Off","Carrier","Off","1","1","1","Off","1","1","None","None","Off","Off","Off","Off","Normal Encryption","Off","Off","Off","Off","131.8","1","Off","Off","Off","Off","Off","Off","1","0","Off","0","0","0","0","0","0"
"2333","CHF 295","154.29500","154.29500","A-Analog","High","12.5K","Off","Off","Local","Group Call","9","KC1JMH / Brad Br","Off","Carrier","Off","1","1","1","Off","1","1","None","None","Off","Off","Off","Off","Normal Encryption","Off","Off","Off","Off","131.8","1","Off","Off","Off","Off","Off","Off","1","0","Off","0","0","0","0","0","0"
"2334","EMS-1","155.38500","155.38500","A-Analog","High","12.5K","Off","Off","Local","Group Call","9","KC1JMH / Brad Br","Off","Carrier","Off","1","1","1","Off","1","1","None","None","Off","Off","Off","Off","Normal Encryption","Off","Off","Off","Off","131.8","1","Off","Off","Off","Off","Off","Off","1","0","Off","0","0","0","0","0","0"
"2335","RN OSSIPEE Z","172.42500","159.33000","A-Analog","High","12.5K","162.2","162.2","Local","Group Call","9","KC1JMH / Brad Br","Off","Carrier","Off","1","1","1","Off","1","1","None","None","Off","Off","Off","Off","Normal Encryption","Off","Off","Off","Off","131.8","1","Off","Off","Off","Off","Off","Off","1","0","Off","0","0","0","0","0","0"
"2336","RN SPRUCE Z","172.77500","161.46000","A-Analog","High","12.5K","162.2","162.2","Local","Group Call","9","KC1JMH / Brad Br","Off","Carrier","Off","1","1","1","Off","1","1","None","None","Off","Off","Off","Off","Normal Encryption","Off","Off","Off","Off","131.8","1","Off","Off","Off","Off","Off","Off","1","0","Off","0","0","0","0","0","0"
"2337","RN GRAY","151.16000","155.97000","A-Analog","High","12.5K","162.2","162.2","Local","Group Call","9","KC1JMH / Brad Br","Off","Carrier","Off","1","1","1","Off","1","1","None","None","Off","Off","Off","Off","Normal Encryption","Off","Off","Off","Off","131.8","1","Off","Off","Off","Off","Off","Off","1","0","Off","0","0","0","0","0","0"
"2338","RN HOSAC","169.88750","159.16500","A-Analog","High","12.5K","162.2","162.2","Local","Group Call","9","KC1JMH / Brad Br","Off","Carrier","Off","1","1","1","Off","1","1","None","None","Off","Off","Off","Off","Normal Encryption","Off","Off","Off","Off","131.8","1","Off","Off","Off","Off","Off","Off","1","0","Off","0","0","0","0","0","0"
"2339","RN PLEASANT","169.66250","163.57500","A-Analog","High","12.5K","162.2","162.2","Local","Group Call","9","KC1JMH / Brad Br","Off","Carrier","Off","1","1","1","Off","1","1","None","None","Off","Off","Off","Off","Normal Encryption","Off","Off","Off","Off","131.8","1","Off","Off","Off","Off","Off","Off","1","0","Off","0","0","0","0","0","0"
"2340","RN AGGAMNT","155.45250","156.15000","A-Analog","High","12.5K","162.2","162.2","Local","Group Call","9","KC1JMH / Brad Br","Off","Carrier","Off","1","1","1","Off","1","1","None","None","Off","Off","Off","Off","Normal Encryption","Off","Off","Off","Off","131.8","1","Off","Off","Off","Off","Off","Off","1","0","Off","0","0","0","0","0","0"
"2341","RN YORK Z","159.45000","153.92000","A-Analog","High","12.5K","162.2","162.2","Local","Group Call","9","KC1JMH / Brad Br","Off","Carrier","Off","1","1","1","Off","1","1","None","None","Off","Off","Off","Off","Normal Encryption","Off","Off","Off","Off","131.8","1","Off","Off","Off","Off","Off","Off","1","0","Off","0","0","0","0","0","0"
"2342","RN GRANITE","151.35500","159.38250","A-Analog","High","12.5K","162.2","162.2","Local","Group Call","9","KC1JMH / Brad Br","Off","Carrier","Off","1","1","1","Off","1","1","None","None","Off","Off","Off","Off","Normal Encryption","Off","Off","Off","Off","131.8","1","Off","Off","Off","Off","Off","Off","1","0","Off","0","0","0","0","0","0"
"2343","RN HUNTOON","160.53000","159.28500","A-Analog","High","12.5K","162.2","162.2","Local","Group Call","9","KC1JMH / Brad Br","Off","Carrier","Off","1","1","1","Off","1","1","None","None","Off","Off","Off","Off","Normal Encryption","Off","Off","Off","Off","131.8","1","Off","Off","Off","Off","Off","Off","1","0","Off","0","0","0","0","0","0"
"2344","RN WHITN Z","161.13000","159.40500","A-Analog","High","12.5K","162.2","162.2","Local","Group Call","9","KC1JMH / Brad Br","Off","Carrier","Off","1","1","1","Off","1","1","None","None","Off","Off","Off","Off","Normal Encryption","Off","Off","Off","Off","131.8","1","Off","Off","Off","Off","Off","Off","1","0","Off","0","0","0","0","0","0"
"2345","RN CADDY Z","160.89000","165.13750","A-Analog","High","12.5K","162.2","162.2","Local","Group Call","9","KC1JMH / Brad Br","Off","Carrier","Off","1","1","1","Off","1","1","None","None","Off","Off","Off","Off","Normal Encryption","Off","Off","Off","Off","131.8","1","Off","Off","Off","Off","Off","Off","1","0","Off","0","0","0","0","0","0"
"2346","CG81 CBERG","157.07500","157.07500","A-Analog","High","25K","Off","Off","Local","Group Call","9","KC1JMH / Brad Br","Off","Carrier","Off","1","1","1","Off","1","1","None","None","Off","Off","Off","Off","Normal Encryption","Off","Off","Off","Off","131.8","1","Off","Off","Off","Off","Off","Off","1","0","Off","0","0","0","0","0","0"
"2347","CCFIRE","155.62500","160.45500","A-Analog","High","12.5K","107.2","107.2","Local","Group Call","9","KC1JMH / Brad Br","Off","Carrier","Off","1","1","1","Off","1","1","None","None","Off","Off","Off","Off","Normal Encryption","Off","Off","Off","Off","131.8","1","Off","Off","Off","Off","Off","Off","1","0","Off","0","0","0","0","0","0"
"2348","FED NC1","169.53750","169.53750","A-Analog","Low","12.5K","Off","167.9","Local","Group Call","9","KC1JMH / Brad Br","Off","Carrier","Off","1","1","1","Off","1","1","None","None","On","Off","Off","Off","Normal Encryption","Off","Off","Off","Off","131.8","1","Off","Off","Off","Off","Off","Off","1","0","Off","0","0","0","0","0","0"
"2349","FED IR1","170.01250","170.01250","A-Analog","Low","12.5K","Off","167.9","Local","Group Call","9","KC1JMH / Brad Br","Off","Carrier","Off","1","1","1","Off","1","1","None","None","On","Off","Off","Off","Normal Encryption","Off","Off","Off","Off","131.8","1","Off","Off","Off","Off","Off","Off","1","0","Off","0","0","0","0","0","0"
"2350","FED IR2","170.41250","170.41250","A-Analog","Low","12.5K","Off","167.9","Local","Group Call","9","KC1JMH / Brad Br","Off","Carrier","Off","1","1","1","Off","1","1","None","None","On","Off","Off","Off","Normal Encryption","Off","Off","Off","Off","131.8","1","Off","Off","Off","Off","Off","Off","1","0","Off","0","0","0","0","0","0"
"2351","FED IR3","170.68750","170.68750","A-Analog","Low","12.5K","Off","167.9","Local","Group Call","9","KC1JMH / Brad Br","Off","Carrier","Off","1","1","1","Off","1","1","None","None","On","Off","Off","Off","Normal Encryption","Off","Off","Off","Off","131.8","1","Off","Off","Off","Off","Off","Off","1","0","Off","0","0","0","0","0","0"
"2352","FED IR4","173.03750","173.03750","A-Analog","Low","12.5K","Off","167.9","Local","Group Call","9","KC1JMH / Brad Br","Off","Carrier","Off","1","1","1","Off","1","1","None","None","On","Off","Off","Off","Normal Encryption","Off","Off","Off","Off","131.8","1","Off","Off","Off","Off","Off","Off","1","0","Off","0","0","0","0","0","0"
"2353","FED LE A","167.08750","167.08750","A-Analog","Low","12.5K","Off","167.9","Local","Group Call","9","KC1JMH / Brad Br","Off","Carrier","Off","1","1","1","Off","1","1","None","None","On","Off","Off","Off","Normal Encryption","Off","Off","Off","Off","131.8","1","Off","Off","Off","Off","Off","Off","1","0","Off","0","0","0","0","0","0"
"2354","FED LE2","167.25000","167.25000","A-Analog","Low","12.5K","Off","Off","Local","Group Call","9","KC1JMH / Brad Br","Off","Carrier","Off","1","1","1","Off","1","1","None","None","On","Off","Off","Off","Normal Encryption","Off","Off","Off","Off","131.8","1","Off","Off","Off","Off","Off","Off","1","0","Off","0","0","0","0","0","0"
"2355","FED LE3","167.75000","167.75000","A-Analog","Low","12.5K","Off","Off","Local","Group Call","9","KC1JMH / Brad Br","Off","Carrier","Off","1","1","1","Off","1","1","None","None","On","Off","Off","Off","Normal Encryption","Off","Off","Off","Off","131.8","1","Off","Off","Off","Off","Off","Off","1","0","Off","0","0","0","0","0","0"
"2356","FED LE4","168.11250","168.11250","A-Analog","Low","12.5K","Off","Off","Local","Group Call","9","KC1JMH / Brad Br","Off","Carrier","Off","1","1","1","Off","1","1","None","None","On","Off","Off","Off","Normal Encryption","Off","Off","Off","Off","131.8","1","Off","Off","Off","Off","Off","Off","1","0","Off","0","0","0","0","0","0"
"2357","FED LE5","168.46250","168.46250","A-Analog","Low","12.5K","Off","Off","Local","Group Call","9","KC1JMH / Brad Br","Off","Carrier","Off","1","1","1","Off","1","1","None","None","On","Off","Off","Off","Normal Encryption","Off","Off","Off","Off","131.8","1","Off","Off","Off","Off","Off","Off","1","0","Off","0","0","0","0","0","0"
"2358","FED NC2","410.23750","410.23750","A-Analog","Low","12.5K","Off","167.9","Local","Group Call","9","KC1JMH / Brad Br","Off","Carrier","Off","1","1","1","Off","1","1","None","None","On","Off","Off","Off","Normal Encryption","Off","Off","Off","Off","131.8","1","Off","Off","Off","Off","Off","Off","1","0","Off","0","0","0","0","0","0"
"2359","FED IR10","410.43750","410.43750","A-Analog","Low","12.5K","Off","167.9","Local","Group Call","9","KC1JMH / Brad Br","Off","Carrier","Off","1","1","1","Off","1","1","None","None","On","Off","Off","Off","Normal Encryption","Off","Off","Off","Off","131.8","1","Off","Off","Off","Off","Off","Off","1","0","Off","0","0","0","0","0","0"
"2360","FED IR11","410.63750","410.63750","A-Analog","Low","12.5K","Off","167.9","Local","Group Call","9","KC1JMH / Brad Br","Off","Carrier","Off","1","1","1","Off","1","1","None","None","On","Off","Off","Off","Normal Encryption","Off","Off","Off","Off","131.8","1","Off","Off","Off","Off","Off","Off","1","0","Off","0","0","0","0","0","0"
"2361","FED IR12","410.83750","410.83750","A-Analog","Low","12.5K","Off","167.9","Local","Group Call","9","KC1JMH / Brad Br","Off","Carrier","Off","1","1","1","Off","1","1","None","None","On","Off","Off","Off","Normal Encryption","Off","Off","Off","Off","131.8","1","Off","Off","Off","Off","Off","Off","1","0","Off","0","0","0","0","0","0"
"2362","FED IR13","413.18750","413.18750","A-Analog","Low","12.5K","Off","167.9","Local","Group Call","9","KC1JMH / Brad Br","Off","Carrier","Off","1","1","1","Off","1","1","None","None","On","Off","Off","Off","Normal Encryption","Off","Off","Off","Off","131.8","1","Off","Off","Off","Off","Off","Off","1","0","Off","0","0","0","0","0","0"
"2363","FED IR14","413.21250","413.21250","A-Analog","Low","12.5K","Off","167.9","Local","Group Call","9","KC1JMH / Brad Br","Off","Carrier","Off","1","1","1","Off","1","1","None","None","On","Off","Off","Off","Normal Encryption","Off","Off","Off","Off","131.8","1","Off","Off","Off","Off","Off","Off","1","0","Off","0","0","0","0","0","0"
"2364","FED LE B","414.03750","414.03750","A-Analog","Low","12.5K","Off","167.9","Local","Group Call","9","KC1JMH / Brad Br","Off","Carrier","Off","1","1","1","Off","1","1","None","None","On","Off","Off","Off","Normal Encryption","Off","Off","Off","Off","131.8","1","Off","Off","Off","Off","Off","Off","1","0","Off","0","0","0","0","0","0"
"2365","FED LE10","409.98750","409.98750","A-Analog","Low","12.5K","Off","167.9","Local","Group Call","9","KC1JMH / Brad Br","Off","Carrier","Off","1","1","1","Off","1","1","None","None","On","Off","Off","Off","Normal Encryption","Off","Off","Off","Off","131.8","1","Off","Off","Off","Off","Off","Off","1","0","Off","0","0","0","0","0","0"
"2366","FED LE11","410.18750","410.18750","A-Analog","Low","12.5K","Off","Off","Local","Group Call","9","KC1JMH / Brad Br","Off","Carrier","Off","1","1","1","Off","1","1","None","None","On","Off","Off","Off","Normal Encryption","Off","Off","Off","Off","131.8","1","Off","Off","Off","Off","Off","Off","1","0","Off","0","0","0","0","0","0"
"2367","FED LE12","410.61250","410.61250","A-Analog","Low","12.5K","Off","Off","Local","Group Call","9","KC1JMH / Brad Br","Off","Carrier","Off","1","1","1","Off","1","1","None","None","On","Off","Off","Off","Normal Encryption","Off","Off","Off","Off","131.8","1","Off","Off","Off","Off","Off","Off","1","0","Off","0","0","0","0","0","0"
"2368","FED LE13","414.06250","414.06250","A-Analog","Low","12.5K","Off","Off","Local","Group Call","9","KC1JMH / Brad Br","Off","Carrier","Off","1","1","1","Off","1","1","None","None","On","Off","Off","Off","Normal Encryption","Off","Off","Off","Off","131.8","1","Off","Off","Off","Off","Off","Off","1","0","Off","0","0","0","0","0","0"
"2369","FED LE14","414.31250","414.31250","A-Analog","Low","12.5K","Off","Off","Local","Group Call","9","KC1JMH / Brad Br","Off","Carrier","Off","1","1","1","Off","1","1","None","None","On","Off","Off","Off","Normal Encryption","Off","Off","Off","Off","131.8","1","Off","Off","Off","Off","Off","Off","1","0","Off","0","0","0","0","0","0"
"2370","FED LE15","414.33750","414.33750","A-Analog","Low","12.5K","Off","Off","Local","Group Call","9","KC1JMH / Brad Br","Off","Carrier","Off","1","1","1","Off","1","1","None","None","On","Off","Off","Off","Normal Encryption","Off","Off","Off","Off","131.8","1","Off","Off","Off","Off","Off","Off","1","0","Off","0","0","0","0","0","0"
"2371","MED 9","462.95000","462.95000","A-Analog","Low","12.5K","Off","156.7","Local","Group Call","9","KC1JMH / Brad Br","Off","Carrier","Off","1","1","1","Off","1","1","None","None","On","Off","Off","Off","Normal Encryption","Off","Off","Off","Off","131.8","1","Off","Off","Off","Off","Off","Off","1","0","Off","0","0","0","0","0","0"
"2372","MED 92","462.96250","462.96250","A-Analog","Low","12.5K","Off","156.7","Local","Group Call","9","KC1JMH / Brad Br","Off","Carrier","Off","1","1","1","Off","1","1","None","None","On","Off","Off","Off","Normal Encryption","Off","Off","Off","Off","131.8","1","Off","Off","Off","Off","Off","Off","1","0","Off","0","0","0","0","0","0"
"2373","MED 10","462.97500","462.97500","A-Analog","Low","12.5K","Off","156.7","Local","Group Call","9","KC1JMH / Brad Br","Off","Carrier","Off","1","1","1","Off","1","1","None","None","On","Off","Off","Off","Normal Encryption","Off","Off","Off","Off","131.8","1","Off","Off","Off","Off","Off","Off","1","0","Off","0","0","0","0","0","0"
"2374","MED 102","462.98750","462.98750","A-Analog","Low","12.5K","Off","156.7","Local","Group Call","9","KC1JMH / Brad Br","Off","Carrier","Off","1","1","1","Off","1","1","None","None","On","Off","Off","Off","Normal Encryption","Off","Off","Off","Off","131.8","1","Off","Off","Off","Off","Off","Off","1","0","Off","0","0","0","0","0","0"
"2375","MED 1","463.00000","463.00000","A-Analog","Low","12.5K","Off","156.7","Local","Group Call","9","KC1JMH / Brad Br","Off","Carrier","Off","1","1","1","Off","1","1","None","None","On","Off","Off","Off","Normal Encryption","Off","Off","Off","Off","131.8","1","Off","Off","Off","Off","Off","Off","1","0","Off","0","0","0","0","0","0"
"2376","MED 12","463.01250","463.01250","A-Analog","Low","12.5K","Off","156.7","Local","Group Call","9","KC1JMH / Brad Br","Off","Carrier","Off","1","1","1","Off","1","1","None","None","On","Off","Off","Off","Normal Encryption","Off","Off","Off","Off","131.8","1","Off","Off","Off","Off","Off","Off","1","0","Off","0","0","0","0","0","0"
"2377","MED 2","463.02500","463.02500","A-Analog","Low","12.5K","Off","156.7","Local","Group Call","9","KC1JMH / Brad Br","Off","Carrier","Off","1","1","1","Off","1","1","None","None","On","Off","Off","Off","Normal Encryption","Off","Off","Off","Off","131.8","1","Off","Off","Off","Off","Off","Off","1","0","Off","0","0","0","0","0","0"
"2378","MED 22","463.03750","463.03750","A-Analog","Low","12.5K","Off","156.7","Local","Group Call","9","KC1JMH / Brad Br","Off","Carrier","Off","1","1","1","Off","1","1","None","None","On","Off","Off","Off","Normal Encryption","Off","Off","Off","Off","131.8","1","Off","Off","Off","Off","Off","Off","1","0","Off","0","0","0","0","0","0"
"2379","MED 3","463.05000","463.05000","A-Analog","Low","12.5K","Off","156.7","Local","Group Call","9","KC1JMH / Brad Br","Off","Carrier","Off","1","1","1","Off","1","1","None","None","On","Off","Off","Off","Normal Encryption","Off","Off","Off","Off","131.8","1","Off","Off","Off","Off","Off","Off","1","0","Off","0","0","0","0","0","0"
"2380","MED 32","463.06250","463.06250","A-Analog","Low","12.5K","Off","156.7","Local","Group Call","9","KC1JMH / Brad Br","Off","Carrier","Off","1","1","1","Off","1","1","None","None","On","Off","Off","Off","Normal Encryption","Off","Off","Off","Off","131.8","1","Off","Off","Off","Off","Off","Off","1","0","Off","0","0","0","0","0","0"
"2381","MED 4","463.07500","463.07500","A-Analog","Low","12.5K","Off","156.7","Local","Group Call","9","KC1JMH / Brad Br","Off","Carrier","Off","1","1","1","Off","1","1","None","None","On","Off","Off","Off","Normal Encryption","Off","Off","Off","Off","131.8","1","Off","Off","Off","Off","Off","Off","1","0","Off","0","0","0","0","0","0"
"2382","MED 42","463.08750","463.08750","A-Analog","Low","12.5K","Off","156.7","Local","Group Call","9","KC1JMH / Brad Br","Off","Carrier","Off","1","1","1","Off","1","1","None","None","On","Off","Off","Off","Normal Encryption","Off","Off","Off","Off","131.8","1","Off","Off","Off","Off","Off","Off","1","0","Off","0","0","0","0","0","0"
"2383","MED 5","463.10000","463.10000","A-Analog","Low","12.5K","Off","156.7","Local","Group Call","9","KC1JMH / Brad Br","Off","Carrier","Off","1","1","1","Off","1","1","None","None","On","Off","Off","Off","Normal Encryption","Off","Off","Off","Off","131.8","1","Off","Off","Off","Off","Off","Off","1","0","Off","0","0","0","0","0","0"
"2384","MED 52","463.11250","463.11250","A-Analog","Low","12.5K","Off","156.7","Local","Group Call","9","KC1JMH / Brad Br","Off","Carrier","Off","1","1","1","Off","1","1","None","None","On","Off","Off","Off","Normal Encryption","Off","Off","Off","Off","131.8","1","Off","Off","Off","Off","Off","Off","1","0","Off","0","0","0","0","0","0"
"2385","MED 6","463.12500","463.12500","A-Analog","Low","12.5K","Off","156.7","Local","Group Call","9","KC1JMH / Brad Br","Off","Carrier","Off","1","1","1","Off","1","1","None","None","On","Off","Off","Off","Normal Encryption","Off","Off","Off","Off","131.8","1","Off","Off","Off","Off","Off","Off","1","0","Off","0","0","0","0","0","0"
"2386","MED 62","463.13750","463.13750","A-Analog","Low","12.5K","Off","156.7","Local","Group Call","9","KC1JMH / Brad Br","Off","Carrier","Off","1","1","1","Off","1","1","None","None","On","Off","Off","Off","Normal Encryption","Off","Off","Off","Off","131.8","1","Off","Off","Off","Off","Off","Off","1","0","Off","0","0","0","0","0","0"
"2387","MED 7","463.15000","463.15000","A-Analog","Low","12.5K","Off","156.7","Local","Group Call","9","KC1JMH / Brad Br","Off","Carrier","Off","1","1","1","Off","1","1","None","None","On","Off","Off","Off","Normal Encryption","Off","Off","Off","Off","131.8","1","Off","Off","Off","Off","Off","Off","1","0","Off","0","0","0","0","0","0"
"2388","MED 72","463.16250","463.16250","A-Analog","Low","12.5K","Off","156.7","Local","Group Call","9","KC1JMH / Brad Br","Off","Carrier","Off","1","1","1","Off","1","1","None","None","On","Off","Off","Off","Normal Encryption","Off","Off","Off","Off","131.8","1","Off","Off","Off","Off","Off","Off","1","0","Off","0","0","0","0","0","0"
"2389","MED 8","463.17500","463.17500","A-Analog","Low","12.5K","Off","156.7","Local","Group Call","9","KC1JMH / Brad Br","Off","Carrier","Off","1","1","1","Off","1","1","None","None","On","Off","Off","Off","Normal Encryption","Off","Off","Off","Off","131.8","1","Off","Off","Off","Off","Off","Off","1","0","Off","0","0","0","0","0","0"
"2390","MED 82","463.18750","463.18750","A-Analog","Low","12.5K","Off","156.7","Local","Group Call","9","KC1JMH / Brad Br","Off","Carrier","Off","1","1","1","Off","1","1","None","None","On","Off","Off","Off","Normal Encryption","Off","Off","Off","Off","131.8","1","Off","Off","Off","Off","Off","Off","1","0","Off","0","0","0","0","0","0"
"2391","AND EMA","154.11500","154.11500","A-Analog","Low","12.5K","Off","192.8","Local","Group Call","9","KC1JMH / Brad Br","Off","Carrier","Off","1","1","1","Off","1","1","None","None","On","Off","Off","Off","Normal Encryption","Off","Off","Off","Off","131.8","1","Off","Off","Off","Off","Off","Off","1","0","Off","0","0","0","0","0","0"
"2392","AND EMA Tac","158.74500","158.74500","A-Analog","Low","12.5K","Off","173.8","Local","Group Call","9","KC1JMH / Brad Br","Off","Carrier","Off","1","1","1","Off","1","1","None","None","On","Off","Off","Off","Normal Encryption","Off","Off","Off","Off","131.8","1","Off","Off","Off","Off","Off","Off","1","0","Off","0","0","0","0","0","0"
"2393","ARO AKEMA","154.05500","154.05500","A-Analog","Low","12.5K","Off","Off","Local","Group Call","9","KC1JMH / Brad Br","Off","Carrier","Off","1","1","1","Off","1","1","None","None","On","Off","Off","Off","Normal Encryption","Off","Off","Off","Off","131.8","1","Off","Off","Off","Off","Off","Off","1","0","Off","0","0","0","0","0","0"
"2394","ARO AKEMA North","155.31000","155.31000","A-Analog","Low","12.5K","Off","141.3","Local","Group Call","9","KC1JMH / Brad Br","Off","Carrier","Off","1","1","1","Off","1","1","None","None","On","Off","Off","Off","Normal Encryption","Off","Off","Off","Off","131.8","1","Off","Off","Off","Off","Off","Off","1","0","Off","0","0","0","0","0","0"
"2395","ARO AKEMA South","154.35500","154.35500","A-Analog","Low","12.5K","Off","146.2","Local","Group Call","9","KC1JMH / Brad Br","Off","Carrier","Off","1","1","1","Off","1","1","None","None","On","Off","Off","Off","Normal Encryption","Off","Off","Off","Off","131.8","1","Off","Off","Off","Off","Off","Off","1","0","Off","0","0","0","0","0","0"
"2396","FRK FN EMA","158.82750","158.82750","A-Analog","Low","12.5K","Off","Off","Local","Group Call","9","KC1JMH / Brad Br","Off","Carrier","Off","1","1","1","Off","1","1","None","None","On","Off","Off","Off","Normal Encryption","Off","Off","Off","Off","131.8","1","Off","Off","Off","Off","Off","Off","1","0","Off","0","0","0","0","0","0"
"2397","ME 155.775","155.77500","155.77500","A-Analog","Low","12.5K","Off","100.0","Local","Group Call","9","KC1JMH / Brad Br","Off","Carrier","Off","1","1","1","Off","1","1","None","None","On","Off","Off","Off","Normal Encryption","Off","Off","Off","Off","131.8","1","Off","Off","Off","Off","Off","Off","1","0","Off","0","0","0","0","0","0"
"2398","FRK EMA UHF","453.22500","453.22500","A-Analog","Low","12.5K","Off","Off","Local","Group Call","9","KC1JMH / Brad Br","Off","Carrier","Off","1","1","1","Off","1","1","None","None","On","Off","Off","Off","Normal Encryption","Off","Off","Off","Off","131.8","1","Off","Off","Off","Off","Off","Off","1","0","Off","0","0","0","0","0","0"
"2399","FRK FN SO","155.25000","155.25000","A-Analog","Low","12.5K","Off","179.9","Local","Group Call","9","KC1JMH / Brad Br","Off","Carrier","Off","1","1","1","Off","1","1","None","None","On","Off","Off","Off","Normal Encryption","Off","Off","Off","Off","131.8","1","Off","Off","Off","Off","Off","Off","1","0","Off","0","0","0","0","0","0"
"2400","ME 155.055","155.05500","155.05500","A-Analog","Low","12.5K","Off","103.5","Local","Group Call","9","KC1JMH / Brad Br","Off","Carrier","Off","1","1","1","Off","1","1","None","None","On","Off","Off","Off","Normal Encryption","Off","Off","Off","Off","131.8","1","Off","Off","Off","Off","Off","Off","1","0","Off","0","0","0","0","0","0"
"2401","FRK Cty FIRE N","158.88000","158.88000","A-Analog","Low","12.5K","Off","Off","Local","Group Call","9","KC1JMH / Brad Br","Off","Carrier","Off","1","1","1","Off","1","1","None","None","On","Off","Off","Off","Normal Encryption","Off","Off","Off","Off","131.8","1","Off","Off","Off","Off","Off","Off","1","0","Off","0","0","0","0","0","0"
"2402","FRK RANGELEY","154.08500","154.08500","A-Analog","Low","12.5K","Off","100.0","Local","Group Call","9","KC1JMH / Brad Br","Off","Carrier","Off","1","1","1","Off","1","1","None","None","On","Off","Off","Off","Normal Encryption","Off","Off","Off","Off","131.8","1","Off","Off","Off","Off","Off","Off","1","0","Off","0","0","0","0","0","0"
"2403","FRK NORTHSTAR S","152.37500","152.37500","A-Analog","Low","12.5K","Off","Off","Local","Group Call","9","KC1JMH / Brad Br","Off","Carrier","Off","1","1","1","Off","1","1","None","None","On","Off","Off","Off","Normal Encryption","Off","Off","Off","Off","131.8","1","Off","Off","Off","Off","Off","Off","1","0","Off","0","0","0","0","0","0"
"2404","FRK NORTHSTAR N","155.22000","155.22000","A-Analog","Low","12.5K","Off","Off","Local","Group Call","9","KC1JMH / Brad Br","Off","Carrier","Off","1","1","1","Off","1","1","None","None","On","Off","Off","Off","Normal Encryption","Off","Off","Off","Off","131.8","1","Off","Off","Off","Off","Off","Off","1","0","Off","0","0","0","0","0","0"
"2405","HAN EMA","155.83500","155.83500","A-Analog","Low","12.5K","Off","151.4","Local","Group Call","9","KC1JMH / Brad Br","Off","Carrier","Off","1","1","1","Off","1","1","None","None","On","Off","Off","Off","Normal Encryption","Off","Off","Off","Off","131.8","1","Off","Off","Off","Off","Off","Off","1","0","Off","0","0","0","0","0","0"
"2406","HAN County Fire","154.25000","154.25000","A-Analog","Low","12.5K","Off","151.4","Local","Group Call","9","KC1JMH / Brad Br","Off","Carrier","Off","1","1","1","Off","1","1","None","None","On","Off","Off","Off","Normal Encryption","Off","Off","Off","Off","131.8","1","Off","Off","Off","Off","Off","Off","1","0","Off","0","0","0","0","0","0"
"2407","HAN County EMS E","159.18000","159.18000","A-Analog","Low","12.5K","Off","Off","Local","Group Call","9","KC1JMH / Brad Br","Off","Carrier","Off","1","1","1","Off","1","1","None","None","On","Off","Off","Off","Normal Encryption","Off","Off","Off","Off","131.8","1","Off","Off","Off","Off","Off","Off","1","0","Off","0","0","0","0","0","0"
"2408","KEN KCEMA","155.80500","155.80500","A-Analog","Low","12.5K","Off","Off","Local","Group Call","9","KC1JMH / Brad Br","Off","Carrier","Off","1","1","1","Off","1","1","None","None","On","Off","Off","Off","Normal Encryption","Off","Off","Off","Off","131.8","1","Off","Off","Off","Off","Off","Off","1","0","Off","0","0","0","0","0","0"
"2409","KEN KCEMA 235","158.23500","158.23500","A-Analog","Low","12.5K","Off","123.0","Local","Group Call","9","KC1JMH / Brad Br","Off","Carrier","Off","1","1","1","Off","1","1","None","None","On","Off","Off","Off","Normal Encryption","Off","Off","Off","Off","131.8","1","Off","Off","Off","Off","Off","Off","1","0","Off","0","0","0","0","0","0"
"2410","KNX KXEMA","155.74500","155.74500","A-Analog","Low","12.5K","Off","Off","Local","Group Call","9","KC1JMH / Brad Br","Off","Carrier","Off","1","1","1","Off","1","1","None","None","On","Off","Off","Off","Normal Encryption","Off","Off","Off","Off","131.8","1","Off","Off","Off","Off","Off","Off","1","0","Off","0","0","0","0","0","0"
"2411","KNX KRCC","152.20250","152.20250","A-Analog","Low","12.5K","Off","203.5","Local","Group Call","9","KC1JMH / Brad Br","Off","Carrier","Off","1","1","1","Off","1","1","None","None","On","Off","Off","Off","Normal Encryption","Off","Off","Off","Off","131.8","1","Off","Off","Off","Off","Off","Off","1","0","Off","0","0","0","0","0","0"
"2412","KNX LAW","153.99500","153.99500","A-Analog","Low","12.5K","Off","203.5","Local","Group Call","9","KC1JMH / Brad Br","Off","Carrier","Off","1","1","1","Off","1","1","None","None","On","Off","Off","Off","Normal Encryption","Off","Off","Off","Off","131.8","1","Off","Off","Off","Off","Off","Off","1","0","Off","0","0","0","0","0","0"
"2413","KNX NORTHTAC","152.56250","152.56250","A-Analog","Low","12.5K","Off","127.3","Local","Group Call","9","KC1JMH / Brad Br","Off","Carrier","Off","1","1","1","Off","1","1","None","None","On","Off","Off","Off","Normal Encryption","Off","Off","Off","Off","131.8","1","Off","Off","Off","Off","Off","Off","1","0","Off","0","0","0","0","0","0"
"2414","LIN LNEMA","155.91750","155.91750","A-Analog","Low","12.5K","Off","229.1","Local","Group Call","9","KC1JMH / Brad Br","Off","Carrier","Off","1","1","1","Off","1","1","None","None","On","Off","Off","Off","Normal Encryption","Off","Off","Off","Off","131.8","1","Off","Off","Off","Off","Off","Off","1","0","Off","0","0","0","0","0","0"
"2415","LIN County Fire","155.98500","155.98500","A-Analog","Low","12.5K","Off","118.8","Local","Group Call","9","KC1JMH / Brad Br","Off","Carrier","Off","1","1","1","Off","1","1","None","None","On","Off","Off","Off","Normal Encryption","Off","Off","Off","Off","131.8","1","Off","Off","Off","Off","Off","Off","1","0","Off","0","0","0","0","0","0"
"2416","LIN County Law","154.04750","154.04750","A-Analog","Low","12.5K","Off","110.9","Local","Group Call","9","KC1JMH / Brad Br","Off","Carrier","Off","1","1","1","Off","1","1","None","None","On","Off","Off","Off","Normal Encryption","Off","Off","Off","Off","131.8","1","Off","Off","Off","Off","Off","Off","1","0","Off","0","0","0","0","0","0"
"2417","LIN Fire Gnd 1","154.13000","154.13000","A-Analog","Low","12.5K","Off","127.3","Local","Group Call","9","KC1JMH / Brad Br","Off","Carrier","Off","1","1","1","Off","1","1","None","None","On","Off","Off","Off","Normal Encryption","Off","Off","Off","Off","131.8","1","Off","Off","Off","Off","Off","Off","1","0","Off","0","0","0","0","0","0"
"2418","LIN Fire Gnd 2","153.79250","153.79250","A-Analog","Low","12.5K","Off","Off","Local","Group Call","9","KC1JMH / Brad Br","Off","Carrier","Off","1","1","1","Off","1","1","None","None","On","Off","Off","Off","Normal Encryption","Off","Off","Off","Off","131.8","1","Off","Off","Off","Off","Off","Off","1","0","Off","0","0","0","0","0","0"
"2419","LIN Fire Gnd 3","159.12750","159.12750","A-Analog","Low","12.5K","Off","Off","Local","Group Call","9","KC1JMH / Brad Br","Off","Carrier","Off","1","1","1","Off","1","1","None","None","On","Off","Off","Off","Normal Encryption","Off","Off","Off","Off","131.8","1","Off","Off","Off","Off","Off","Off","1","0","Off","0","0","0","0","0","0"
"2420","OXF County Fire","154.07000","154.07000","A-Analog","Low","12.5K","Off","110.9","Local","Group Call","9","KC1JMH / Brad Br","Off","Carrier","Off","1","1","1","Off","1","1","None","None","On","Off","Off","Off","Normal Encryption","Off","Off","Off","Off","131.8","1","Off","Off","Off","Off","Off","Off","1","0","Off","0","0","0","0","0","0"
"2421","OXF County Prime","155.07000","155.07000","A-Analog","Low","12.5K","Off","192.8","Local","Group Call","9","KC1JMH / Brad Br","Off","Carrier","Off","1","1","1","Off","1","1","None","None","On","Off","Off","Off","Normal Encryption","Off","Off","Off","Off","131.8","1","Off","Off","Off","Off","Off","Off","1","0","Off","0","0","0","0","0","0"
"2422","OXF County EMA","159.99500","159.99500","A-Analog","Low","12.5K","Off","Off","Local","Group Call","9","KC1JMH / Brad Br","Off","Carrier","Off","1","1","1","Off","1","1","None","None","On","Off","Off","Off","Normal Encryption","Off","Off","Off","Off","131.8","1","Off","Off","Off","Off","Off","Off","1","0","Off","0","0","0","0","0","0"
"2423","PEN COM 2","153.74000","153.74000","A-Analog","Low","12.5K","Off","Off","Local","Group Call","9","KC1JMH / Brad Br","Off","Carrier","Off","1","1","1","Off","1","1","None","None","On","Off","Off","Off","Normal Encryption","Off","Off","Off","Off","131.8","1","Off","Off","Off","Off","Off","Off","1","0","Off","0","0","0","0","0","0"
"2424","PEN COM 3","151.40750","151.40750","A-Analog","Low","12.5K","Off","100.0","Local","Group Call","9","KC1JMH / Brad Br","Off","Carrier","Off","1","1","1","Off","1","1","None","None","On","Off","Off","Off","Normal Encryption","Off","Off","Off","Off","131.8","1","Off","Off","Off","Off","Off","Off","1","0","Off","0","0","0","0","0","0"
"2425","PEN Brewer Fire","154.41500","154.41500","A-Analog","Low","12.5K","Off","186.2","Local","Group Call","9","KC1JMH / Brad Br","Off","Carrier","Off","1","1","1","Off","1","1","None","None","On","Off","Off","Off","Normal Encryption","Off","Off","Off","Off","131.8","1","Off","Off","Off","Off","Off","Off","1","0","Off","0","0","0","0","0","0"
"2426","PEN Hampden Fire","155.88000","155.88000","A-Analog","Low","12.5K","Off","114.8","Local","Group Call","9","KC1JMH / Brad Br","Off","Carrier","Off","1","1","1","Off","1","1","None","None","On","Off","Off","Off","Normal Encryption","Off","Off","Off","Off","131.8","1","Off","Off","Off","Off","Off","Off","1","0","Off","0","0","0","0","0","0"
"2427","PIS EMA","155.84250","155.84250","A-Analog","Low","12.5K","Off","136.5","Local","Group Call","9","KC1JMH / Brad Br","Off","Carrier","Off","1","1","1","Off","1","1","None","None","On","Off","Off","Off","Normal Encryption","Off","Off","Off","Off","131.8","1","Off","Off","Off","Off","Off","Off","1","0","Off","0","0","0","0","0","0"
"2428","PIS SO","155.02500","155.02500","A-Analog","Low","12.5K","Off","192.8","Local","Group Call","9","KC1JMH / Brad Br","Off","Carrier","Off","1","1","1","Off","1","1","None","None","On","Off","Off","Off","Normal Encryption","Off","Off","Off","Off","131.8","1","Off","Off","Off","Off","Off","Off","1","0","Off","0","0","0","0","0","0"
"2429","PIS PSEMA","458.25000","458.25000","A-Analog","Low","12.5K","Off","Off","Local","Group Call","9","KC1JMH / Brad Br","Off","Carrier","Off","1","1","1","Off","1","1","None","None","On","Off","Off","Off","Normal Encryption","Off","Off","Off","Off","131.8","1","Off","Off","Off","Off","Off","Off","1","0","Off","0","0","0","0","0","0"
"2430","SOM County Amb","155.90250","155.90250","A-Analog","Low","12.5K","Off","Off","Local","Group Call","9","KC1JMH / Brad Br","Off","Carrier","Off","1","1","1","Off","1","1","None","None","On","Off","Off","Off","Normal Encryption","Off","Off","Off","Off","131.8","1","Off","Off","Off","Off","Off","Off","1","0","Off","0","0","0","0","0","0"
"2431","SOM SO","154.83000","154.83000","A-Analog","Low","12.5K","Off","151.4","Local","Group Call","9","KC1JMH / Brad Br","Off","Carrier","Off","1","1","1","Off","1","1","None","None","On","Off","Off","Off","Normal Encryption","Off","Off","Off","Off","131.8","1","Off","Off","Off","Off","Off","Off","1","0","Off","0","0","0","0","0","0"
"2432","ME 154.995","154.99500","154.99500","A-Analog","Low","12.5K","Off","Off","Local","Group Call","9","KC1JMH / Brad Br","Off","Carrier","Off","1","1","1","Off","1","1","None","None","On","Off","Off","Off","Normal Encryption","Off","Off","Off","Off","131.8","1","Off","Off","Off","Off","Off","Off","1","0","Off","0","0","0","0","0","0"
"2433","WLD WLDO EMA","156.14250","156.14250","A-Analog","Low","12.5K","Off","123.0","Local","Group Call","9","KC1JMH / Brad Br","Off","Carrier","Off","1","1","1","Off","1","1","None","None","On","Off","Off","Off","Normal Encryption","Off","Off","Off","Off","131.8","1","Off","Off","Off","Off","Off","Off","1","0","Off","0","0","0","0","0","0"
"2434","WLD CC-1","155.66250","155.66250","A-Analog","Low","12.5K","Off","123.0","Local","Group Call","9","KC1JMH / Brad Br","Off","Carrier","Off","1","1","1","Off","1","1","None","None","On","Off","Off","Off","Normal Encryption","Off","Off","Off","Off","131.8","1","Off","Off","Off","Off","Off","Off","1","0","Off","0","0","0","0","0","0"
"2435","WLD CC-2","159.10500","159.10500","A-Analog","Low","12.5K","Off","123.0","Local","Group Call","9","KC1JMH / Brad Br","Off","Carrier","Off","1","1","1","Off","1","1","None","None","On","Off","Off","Off","Normal Encryption","Off","Off","Off","Off","131.8","1","Off","Off","Off","Off","Off","Off","1","0","Off","0","0","0","0","0","0"
"2436","WLD CC-3","159.46500","159.46500","A-Analog","Low","12.5K","Off","123.0","Local","Group Call","9","KC1JMH / Brad Br","Off","Carrier","Off","1","1","1","Off","1","1","None","None","On","Off","Off","Off","Normal Encryption","Off","Off","Off","Off","131.8","1","Off","Off","Off","Off","Off","Off","1","0","Off","0","0","0","0","0","0"
"2437","WLD CC-4","156.18750","156.18750","A-Analog","Low","12.5K","Off","123.0","Local","Group Call","9","KC1JMH / Brad Br","Off","Carrier","Off","1","1","1","Off","1","1","None","None","On","Off","Off","Off","Normal Encryption","Off","Off","Off","Off","131.8","1","Off","Off","Off","Off","Off","Off","1","0","Off","0","0","0","0","0","0"
"2438","WLD QUAKER HILL","155.17500","155.17500","A-Analog","Low","12.5K","Off","82.5","Local","Group Call","9","KC1JMH / Brad Br","Off","Carrier","Off","1","1","1","Off","1","1","None","None","On","Off","Off","Off","Normal Encryption","Off","Off","Off","Off","131.8","1","Off","Off","Off","Off","Off","Off","1","0","Off","0","0","0","0","0","0"
"2439","WLD HARRIS","156.17250","156.17250","A-Analog","Low","12.5K","Off","123.0","Local","Group Call","9","KC1JMH / Brad Br","Off","Carrier","Off","1","1","1","Off","1","1","None","None","On","Off","Off","Off","Normal Encryption","Off","Off","Off","Off","131.8","1","Off","Off","Off","Off","Off","Off","1","0","Off","0","0","0","0","0","0"
"2440","WLD WC TAC 1","155.82750","155.82750","A-Analog","Low","12.5K","Off","Off","Local","Group Call","9","KC1JMH / Brad Br","Off","Carrier","Off","1","1","1","Off","1","1","None","None","On","Off","Off","Off","Normal Encryption","Off","Off","Off","Off","131.8","1","Off","Off","Off","Off","Off","Off","1","0","Off","0","0","0","0","0","0"
"2441","WLD WC TAC 2","158.94750","158.94750","A-Analog","Low","12.5K","Off","Off","Local","Group Call","9","KC1JMH / Brad Br","Off","Carrier","Off","1","1","1","Off","1","1","None","None","On","Off","Off","Off","Normal Encryption","Off","Off","Off","Off","131.8","1","Off","Off","Off","Off","Off","Off","1","0","Off","0","0","0","0","0","0"
"2442","WLD WC TAC 3","158.97750","158.97750","A-Analog","Low","12.5K","Off","Off","Local","Group Call","9","KC1JMH / Brad Br","Off","Carrier","Off","1","1","1","Off","1","1","None","None","On","Off","Off","Off","Normal Encryption","Off","Off","Off","Off","131.8","1","Off","Off","Off","Off","Off","Off","1","0","Off","0","0","0","0","0","0"
"2443","WLD WC UHF 1","453.73750","453.73750","A-Analog","Low","12.5K","Off","Off","Local","Group Call","9","KC1JMH / Brad Br","Off","Carrier","Off","1","1","1","Off","1","1","None","None","On","Off","Off","Off","Normal Encryption","Off","Off","Off","Off","131.8","1","Off","Off","Off","Off","Off","Off","1","0","Off","0","0","0","0","0","0"
"2444","WLD WC UHF 2","458.73750","458.73750","A-Analog","Low","12.5K","Off","Off","Local","Group Call","9","KC1JMH / Brad Br","Off","Carrier","Off","1","1","1","Off","1","1","None","None","On","Off","Off","Off","Normal Encryption","Off","Off","Off","Off","131.8","1","Off","Off","Off","Off","Off","Off","1","0","Off","0","0","0","0","0","0"
"2445","WLD FIRE SOTH","159.13500","159.13500","A-Analog","Low","12.5K","Off","123.0","Local","Group Call","9","KC1JMH / Brad Br","Off","Carrier","Off","1","1","1","Off","1","1","None","None","On","Off","Off","Off","Normal Encryption","Off","Off","Off","Off","131.8","1","Off","Off","Off","Off","Off","Off","1","0","Off","0","0","0","0","0","0"
"2446","WLD WLDO SO","156.03000","156.03000","A-Analog","Low","12.5K","Off","127.3","Local","Group Call","9","KC1JMH / Brad Br","Off","Carrier","Off","1","1","1","Off","1","1","None","None","On","Off","Off","Off","Normal Encryption","Off","Off","Off","Off","131.8","1","Off","Off","Off","Off","Off","Off","1","0","Off","0","0","0","0","0","0"
"2447","WLD LE-2","154.73250","154.73250","A-Analog","Low","12.5K","Off","127.3","Local","Group Call","9","KC1JMH / Brad Br","Off","Carrier","Off","1","1","1","Off","1","1","None","None","On","Off","Off","Off","Normal Encryption","Off","Off","Off","Off","131.8","1","Off","Off","Off","Off","Off","Off","1","0","Off","0","0","0","0","0","0"
"2448","WLD MCP Link","155.52000","155.52000","A-Analog","Low","12.5K","Off","Off","Local","Group Call","9","KC1JMH / Brad Br","Off","Carrier","Off","1","1","1","Off","1","1","None","None","On","Off","Off","Off","Normal Encryption","Off","Off","Off","Off","131.8","1","Off","Off","Off","Off","Off","Off","1","0","Off","0","0","0","0","0","0"
"2449","WAS County Fire","154.19000","154.19000","A-Analog","Low","12.5K","Off","107.2","Local","Group Call","9","KC1JMH / Brad Br","Off","Carrier","Off","1","1","1","Off","1","1","None","None","On","Off","Off","Off","Normal Encryption","Off","Off","Off","Off","131.8","1","Off","Off","Off","Off","Off","Off","1","0","Off","0","0","0","0","0","0"
"2450","WAS SO","155.56500","155.56500","A-Analog","Low","12.5K","Off","192.8","Local","Group Call","9","KC1JMH / Brad Br","Off","Carrier","Off","1","1","1","Off","1","1","None","None","On","Off","Off","Off","Normal Encryption","Off","Off","Off","Off","131.8","1","Off","Off","Off","Off","Off","Off","1","0","Off","0","0","0","0","0","0"
"2451","YRK YC VHF","159.78000","159.78000","A-Analog","Low","12.5K","Off","156.7","Local","Group Call","9","KC1JMH / Brad Br","Off","Carrier","Off","1","1","1","Off","1","1","None","None","On","Off","Off","Off","Normal Encryption","Off","Off","Off","Off","131.8","1","Off","Off","Off","Off","Off","Off","1","0","Off","0","0","0","0","0","0"
"2452","YRK YC UHF","465.45000","465.45000","A-Analog","Low","12.5K","Off","110.9","Local","Group Call","9","KC1JMH / Brad Br","Off","Carrier","Off","1","1","1","Off","1","1","None","None","On","Off","Off","Off","Normal Encryption","Off","Off","Off","Off","131.8","1","Off","Off","Off","Off","Off","Off","1","0","Off","0","0","0","0","0","0"
"2453","SWSP 154.710","154.71000","154.71000","A-Analog","Low","12.5K","Off","Off","Local","Group Call","9","KC1JMH / Brad Br","Off","Carrier","Off","1","1","1","Off","1","1","None","None","On","Off","Off","Off","Normal Encryption","Off","Off","Off","Off","131.8","1","Off","Off","Off","Off","Off","Off","1","0","Off","0","0","0","0","0","0"
"2454","VFIRE 24","154.27250","154.27250","A-Analog","Low","12.5K","Off","156.7","Local","Group Call","9","KC1JMH / Brad Br","Off","Carrier","Off","1","1","1","Off","1","1","None","None","On","Off","Off","Off","Normal Encryption","Off","Off","Off","Off","131.8","1","Off","Off","Off","Off","Off","Off","1","0","Off","0","0","0","0","0","0"
"2455","VFIRE 25","154.28750","154.28750","A-Analog","Low","12.5K","Off","156.7","Local","Group Call","9","KC1JMH / Brad Br","Off","Carrier","Off","1","1","1","Off","1","1","None","None","On","Off","Off","Off","Normal Encryption","Off","Off","Off","Off","131.8","1","Off","Off","Off","Off","Off","Off","1","0","Off","0","0","0","0","0","0"
"2456","VFIRE 26","154.30250","154.30250","A-Analog","Low","12.5K","Off","156.7","Local","Group Call","9","KC1JMH / Brad Br","Off","Carrier","Off","1","1","1","Off","1","1","None","None","On","Off","Off","Off","Normal Encryption","Off","Off","Off","Off","131.8","1","Off","Off","Off","Off","Off","Off","1","0","Off","0","0","0","0","0","0"
"2457","VMED 28","155.34000","155.34000","A-Analog","Low","12.5K","Off","156.7","Local","Group Call","9","KC1JMH / Brad Br","Off","Carrier","Off","1","1","1","Off","1","1","None","None","On","Off","Off","Off","Normal Encryption","Off","Off","Off","Off","131.8","1","Off","Off","Off","Off","Off","Off","1","0","Off","0","0","0","0","0","0"
"2458","VMED 29","155.34750","155.34750","A-Analog","Low","12.5K","Off","156.7","Local","Group Call","9","KC1JMH / Brad Br","Off","Carrier","Off","1","1","1","Off","1","1","None","None","On","Off","Off","Off","Normal Encryption","Off","Off","Off","Off","131.8","1","Off","Off","Off","Off","Off","Off","1","0","Off","0","0","0","0","0","0"
"2459","VLAW 32","155.48250","155.48250","A-Analog","Low","12.5K","Off","156.7","Local","Group Call","9","KC1JMH / Brad Br","Off","Carrier","Off","1","1","1","Off","1","1","None","None","On","Off","Off","Off","Normal Encryption","Off","Off","Off","Off","131.8","1","Off","Off","Off","Off","Off","Off","1","0","Off","0","0","0","0","0","0"
"2460","UCALL 40","453.21250","453.21250","A-Analog","Low","12.5K","Off","156.7","Local","Group Call","9","KC1JMH / Brad Br","Off","Carrier","Off","1","1","1","Off","1","1","None","None","On","Off","Off","Off","Normal Encryption","Off","Off","Off","Off","131.8","1","Off","Off","Off","Off","Off","Off","1","0","Off","0","0","0","0","0","0"
"2461","UTAC 41","453.46250","453.46250","A-Analog","Low","12.5K","Off","156.7","Local","Group Call","9","KC1JMH / Brad Br","Off","Carrier","Off","1","1","1","Off","1","1","None","None","On","Off","Off","Off","Normal Encryption","Off","Off","Off","Off","131.8","1","Off","Off","Off","Off","Off","Off","1","0","Off","0","0","0","0","0","0"
"2462","UTAC 42","453.71250","453.71250","A-Analog","Low","12.5K","Off","156.7","Local","Group Call","9","KC1JMH / Brad Br","Off","Carrier","Off","1","1","1","Off","1","1","None","None","On","Off","Off","Off","Normal Encryption","Off","Off","Off","Off","131.8","1","Off","Off","Off","Off","Off","Off","1","0","Off","0","0","0","0","0","0"
"2463","UTAC 43","453.86250","453.86250","A-Analog","Low","12.5K","Off","156.7","Local","Group Call","9","KC1JMH / Brad Br","Off","Carrier","Off","1","1","1","Off","1","1","None","None","On","Off","Off","Off","Normal Encryption","Off","Off","Off","Off","131.8","1","Off","Off","Off","Off","Off","Off","1","0","Off","0","0","0","0","0","0"
"2464","ME T-PIKE","151.07000","151.07000","A-Analog","Low","12.5K","Off","107.2","Local","Group Call","9","KC1JMH / Brad Br","Off","Carrier","Off","1","1","1","Off","1","1","None","None","On","Off","Off","Off","Normal Encryption","Off","Off","Off","Off","131.8","1","Off","Off","Off","Off","Off","Off","1","0","Off","0","0","0","0","0","0"
"2465","RN Augusta","155.85000","155.85000","A-Analog","Low","12.5K","Off","162.2","Local","Group Call","9","KC1JMH / Brad Br","Off","Carrier","Off","1","1","1","Off","1","1","None","None","On","Off","Off","Off","Normal Encryption","Off","Off","Off","Off","131.8","1","Off","Off","Off","Off","Off","Off","1","0","Off","0","0","0","0","0","0"
"2466","RN Coggan's Hil","154.72500","154.72500","A-Analog","Low","12.5K","Off","162.2","Local","Group Call","9","KC1JMH / Brad Br","Off","Carrier","Off","1","1","1","Off","1","1","None","None","On","Off","Off","Off","Normal Encryption","Off","Off","Off","Off","131.8","1","Off","Off","Off","Off","Off","Off","1","0","Off","0","0","0","0","0","0"
"2467","RN Cook Hill","151.17500","151.17500","A-Analog","Low","12.5K","Off","162.2","Local","Group Call","9","KC1JMH / Brad Br","Off","Carrier","Off","1","1","1","Off","1","1","None","None","On","Off","Off","Off","Normal Encryption","Off","Off","Off","Off","131.8","1","Off","Off","Off","Off","Off","Off","1","0","Off","0","0","0","0","0","0"
"2468","RN Eaton Mtn","152.14250","152.14250","A-Analog","Low","12.5K","Off","162.2","Local","Group Call","9","KC1JMH / Brad Br","Off","Carrier","Off","1","1","1","Off","1","1","None","None","On","Off","Off","Off","Normal Encryption","Off","Off","Off","Off","131.8","1","Off","Off","Off","Off","Off","Off","1","0","Off","0","0","0","0","0","0"
"2469","RN Mt Blue","172.67500","172.67500","A-Analog","Low","12.5K","Off","162.2","Local","Group Call","9","KC1JMH / Brad Br","Off","Carrier","Off","1","1","1","Off","1","1","None","None","On","Off","Off","Off","Normal Encryption","Off","Off","Off","Off","131.8","1","Off","Off","Off","Off","Off","Off","1","0","Off","0","0","0","0","0","0"
"2470","RN Mt Ephraim","155.73000","155.73000","A-Analog","Low","12.5K","Off","162.2","Local","Group Call","9","KC1JMH / Brad Br","Off","Carrier","Off","1","1","1","Off","1","1","None","None","On","Off","Off","Off","Normal Encryption","Off","Off","Off","Off","131.8","1","Off","Off","Off","Off","Off","Off","1","0","Off","0","0","0","0","0","0"
"2471","RN Sugarloaf Mt","172.57500","172.57500","A-Analog","Low","12.5K","Off","162.2","Local","Group Call","9","KC1JMH / Brad Br","Off","Carrier","Off","1","1","1","Off","1","1","None","None","On","Off","Off","Off","Normal Encryption","Off","Off","Off","Off","131.8","1","Off","Off","Off","Off","Off","Off","1","0","Off","0","0","0","0","0","0"
"2472","RN W Kennebago","167.78750","167.78750","A-Analog","Low","12.5K","Off","162.2","Local","Group Call","9","KC1JMH / Brad Br","Off","Carrier","Off","1","1","1","Off","1","1","None","None","On","Off","Off","Off","Normal Encryption","Off","Off","Off","Off","131.8","1","Off","Off","Off","Off","Off","Off","1","0","Off","0","0","0","0","0","0"
"2473","RN Bald Mtn","157.50000","157.50000","A-Analog","Low","12.5K","Off","162.2","Local","Group Call","9","KC1JMH / Brad Br","Off","Carrier","Off","1","1","1","Off","1","1","None","None","On","Off","Off","Off","Normal Encryption","Off","Off","Off","Off","131.8","1","Off","Off","Off","Off","Off","Off","1","0","Off","0","0","0","0","0","0"
"2474","RN Big Moose Mt","155.43000","155.43000","A-Analog","Low","12.5K","Off","162.2","Local","Group Call","9","KC1JMH / Brad Br","Off","Carrier","Off","1","1","1","Off","1","1","None","None","On","Off","Off","Off","Normal Encryption","Off","Off","Off","Off","131.8","1","Off","Off","Off","Off","Off","Off","1","0","Off","0","0","0","0","0","0"
"2475","RN BOMARC","154.65750","154.65750","A-Analog","Low","12.5K","Off","162.2","Local","Group Call","9","KC1JMH / Brad Br","Off","Carrier","Off","1","1","1","Off","1","1","None","None","On","Off","Off","Off","Normal Encryption","Off","Off","Off","Off","131.8","1","Off","Off","Off","Off","Off","Off","1","0","Off","0","0","0","0","0","0"
"2476","RN Cooper","160.86000","160.86000","A-Analog","Low","12.5K","Off","162.2","Local","Group Call","9","KC1JMH / Brad Br","Off","Carrier","Off","1","1","1","Off","1","1","None","None","On","Off","Off","Off","Normal Encryption","Off","Off","Off","Off","131.8","1","Off","Off","Off","Off","Off","Off","1","0","Off","0","0","0","0","0","0"
"2477","RN Fish Hill","154.70250","154.70250","A-Analog","Low","12.5K","Off","162.2","Local","Group Call","9","KC1JMH / Brad Br","Off","Carrier","Off","1","1","1","Off","1","1","None","None","On","Off","Off","Off","Normal Encryption","Off","Off","Off","Off","131.8","1","Off","Off","Off","Off","Off","Off","1","0","Off","0","0","0","0","0","0"
"2478","RN Garland","151.22000","151.22000","A-Analog","Low","12.5K","Off","162.2","Local","Group Call","9","KC1JMH / Brad Br","Off","Carrier","Off","1","1","1","Off","1","1","None","None","On","Off","Off","Off","Normal Encryption","Off","Off","Off","Off","131.8","1","Off","Off","Off","Off","Off","Off","1","0","Off","0","0","0","0","0","0"
"2479","RN Musquash Mtn","155.40000","155.40000","A-Analog","Low","12.5K","Off","162.2","Local","Group Call","9","KC1JMH / Brad Br","Off","Carrier","Off","1","1","1","Off","1","1","None","None","On","Off","Off","Off","Normal Encryption","Off","Off","Off","Off","131.8","1","Off","Off","Off","Off","Off","Off","1","0","Off","0","0","0","0","0","0"
"2480","RN Norway Bluff","151.73000","151.73000","A-Analog","Low","12.5K","Off","162.2","Local","Group Call","9","KC1JMH / Brad Br","Off","Carrier","Off","1","1","1","Off","1","1","None","None","On","Off","Off","Off","Normal Encryption","Off","Off","Off","Off","131.8","1","Off","Off","Off","Off","Off","Off","1","0","Off","0","0","0","0","0","0"
"2481","RN Passadumkeag","172.52500","172.52500","A-Analog","Low","12.5K","Off","162.2","Local","Group Call","9","KC1JMH / Brad Br","Off","Carrier","Off","1","1","1","Off","1","1","None","None","On","Off","Off","Off","Normal Encryption","Off","Off","Off","Off","131.8","1","Off","Off","Off","Off","Off","Off","1","0","Off","0","0","0","0","0","0"
"2482","RN Priestly Mtn","152.50250","152.50250","A-Analog","Low","12.5K","Off","162.2","Local","Group Call","9","KC1JMH / Brad Br","Off","Carrier","Off","1","1","1","Off","1","1","None","None","On","Off","Off","Off","Normal Encryption","Off","Off","Off","Off","131.8","1","Off","Off","Off","Off","Off","Off","1","0","Off","0","0","0","0","0","0"
"2483","RN Ashland","154.32500","154.32500","A-Analog","Low","12.5K","Off","162.2","Local","Group Call","9","KC1JMH / Brad Br","Off","Carrier","Off","1","1","1","Off","1","1","None","None","On","Off","Off","Off","Normal Encryption","Off","Off","Off","Off","131.8","1","Off","Off","Off","Off","Off","Off","1","0","Off","0","0","0","0","0","0"
"2484","RN Benedicta","151.67000","151.67000","A-Analog","Low","12.5K","Off","162.2","Local","Group Call","9","KC1JMH / Brad Br","Off","Carrier","Off","1","1","1","Off","1","1","None","None","On","Off","Off","Off","Normal Encryption","Off","Off","Off","Off","131.8","1","Off","Off","Off","Off","Off","Off","1","0","Off","0","0","0","0","0","0"
"2485","RN Chase Mtn","154.67250","154.67250","A-Analog","Low","12.5K","Off","162.2","Local","Group Call","9","KC1JMH / Brad Br","Off","Carrier","Off","1","1","1","Off","1","1","None","None","On","Off","Off","Off","Normal Encryption","Off","Off","Off","Off","131.8","1","Off","Off","Off","Off","Off","Off","1","0","Off","0","0","0","0","0","0"
"2486","RN Cyr Mtn","159.44250","159.44250","A-Analog","Low","12.5K","Off","162.2","Local","Group Call","9","KC1JMH / Brad Br","Off","Carrier","Off","1","1","1","Off","1","1","None","None","On","Off","Off","Off","Normal Encryption","Off","Off","Off","Off","131.8","1","Off","Off","Off","Off","Off","Off","1","0","Off","0","0","0","0","0","0"
"2487","RN Houlton","160.80000","160.80000","A-Analog","Low","12.5K","Off","162.2","Local","Group Call","9","KC1JMH / Brad Br","Off","Carrier","Off","1","1","1","Off","1","1","None","None","On","Off","Off","Off","Normal Encryption","Off","Off","Off","Off","131.8","1","Off","Off","Off","Off","Off","Off","1","0","Off","0","0","0","0","0","0"
"2488","RN New Sweden","153.94250","153.94250","A-Analog","Low","12.5K","Off","162.2","Local","Group Call","9","KC1JMH / Brad Br","Off","Carrier","Off","1","1","1","Off","1","1","None","None","On","Off","Off","Off","Normal Encryption","Off","Off","Off","Off","131.8","1","Off","Off","Off","Off","Off","Off","1","0","Off","0","0","0","0","0","0"
"2489","RN No 9 Mtn","151.26500","151.26500","A-Analog","Low","12.5K","Off","162.2","Local","Group Call","9","KC1JMH / Brad Br","Off","Carrier","Off","1","1","1","Off","1","1","None","None","On","Off","Off","Off","Normal Encryption","Off","Off","Off","Off","131.8","1","Off","Off","Off","Off","Off","Off","1","0","Off","0","0","0","0","0","0"
"2490","RN Patten","158.81250","158.81250","A-Analog","Low","12.5K","Off","162.2","Local","Group Call","9","KC1JMH / Brad Br","Off","Carrier","Off","1","1","1","Off","1","1","None","None","On","Off","Off","Off","Normal Encryption","Off","Off","Off","Off","131.8","1","Off","Off","Off","Off","Off","Off","1","0","Off","0","0","0","0","0","0"
"2491","RN Robinson Mtn","155.94000","155.94000","A-Analog","Low","12.5K","Off","162.2","Local","Group Call","9","KC1JMH / Brad Br","Off","Carrier","Off","1","1","1","Off","1","1","None","None","On","Off","Off","Off","Normal Encryption","Off","Off","Off","Off","131.8","1","Off","Off","Off","Off","Off","Off","1","0","Off","0","0","0","0","0","0"
"2492","RN St Francis","154.79250","154.79250","A-Analog","Low","12.5K","Off","162.2","Local","Group Call","9","KC1JMH / Brad Br","Off","Carrier","Off","1","1","1","Off","1","1","None","None","On","Off","Off","Off","Normal Encryption","Off","Off","Off","Off","131.8","1","Off","Off","Off","Off","Off","Off","1","0","Off","0","0","0","0","0","0"
"2493","CCLAW","154.87500","160.54500","A-Analog","High","12.5K","107.2","107.2","Local","Group Call","9","KC1JMH / Brad Br","Off","Carrier","Off","1","1","1","Off","1","1","None","None","Off","Off","Off","Off","Normal Encryption","Off","Off","Off","Off","131.8","1","Off","Off","Off","Off","Off","Off","1","0","Off","0","0","0","0","0","0"
"2494","Pkt 144.93","144.93000","144.93000","A-Analog","High","25K","Off","Off","Local","Group Call","9","KC1JMH / Brad Br","Off","Carrier","Off","1","1","1","Off","1","1","Packet","None","Off","Off","Off","Off","Normal Encryption","Off","Off","Off","Off","251.1","1","Off","Off","On","Off","Off","Off","1","0","Off","0","0","0","0","0","0"
"2495","Pkt 144.95","144.95000","144.95000","A-Analog","High","25K","Off","Off","Local","Group Call","9","KC1JMH / Brad Br","Off","Carrier","Off","1","1","1","Off","1","1","Packet","None","Off","Off","Off","Off","Normal Encryption","Off","Off","Off","Off","251.1","1","Off","Off","On","Off","Off","Off","1","0","Off","0","0","0","0","0","0"
"2496","Pkt 144.97","144.97000","144.97000","A-Analog","High","25K","Off","Off","Local","Group Call","9","KC1JMH / Brad Br","Off","Carrier","Off","1","1","1","Off","1","1","Packet","None","Off","Off","Off","Off","Normal Encryption","Off","Off","Off","Off","251.1","1","Off","Off","On","Off","Off","Off","1","0","Off","0","0","0","0","0","0"
"2497","Pkt 144.99","144.99000","144.99000","A-Analog","High","25K","Off","Off","Local","Group Call","9","KC1JMH / Brad Br","Off","Carrier","Off","1","1","1","Off","1","1","Packet","None","Off","Off","Off","Off","Normal Encryption","Off","Off","Off","Off","251.1","1","Off","Off","On","Off","Off","Off","1","0","Off","0","0","0","0","0","0"
"2498","Pkt 145.01","145.01000","145.01000","A-Analog","High","25K","Off","Off","Local","Group Call","9","KC1JMH / Brad Br","Off","Carrier","Off","1","1","1","Off","1","1","Packet","None","Off","Off","Off","Off","Normal Encryption","Off","Off","Off","Off","251.1","1","Off","Off","On","Off","Off","Off","1","0","Off","0","0","0","0","0","0"
"2499","Pkt 145.03","145.03000","145.03000","A-Analog","High","25K","Off","Off","Local","Group Call","9","KC1JMH / Brad Br","Off","Carrier","Off","1","1","1","Off","1","1","Packet","None","Off","Off","Off","Off","Normal Encryption","Off","Off","Off","Off","251.1","1","Off","Off","On","Off","Off","Off","1","0","Off","0","0","0","0","0","0"
"2500","Pkt 145.05","145.05000","145.05000","A-Analog","High","25K","Off","Off","Local","Group Call","9","KC1JMH / Brad Br","Off","Carrier","Off","1","1","1","Off","1","1","Packet","None","Off","Off","Off","Off","Normal Encryption","Off","Off","Off","Off","251.1","1","Off","Off","On","Off","Off","Off","1","0","Off","0","0","0","0","0","0"
"2501","Pkt 145.07","145.07000","145.07000","A-Analog","High","25K","Off","Off","Local","Group Call","9","KC1JMH / Brad Br","Off","Carrier","Off","1","1","1","Off","1","1","Packet","None","Off","Off","Off","Off","Normal Encryption","Off","Off","Off","Off","251.1","1","Off","Off","On","Off","Off","Off","1","0","Off","0","0","0","0","0","0"
"2502","Pkt 145.09","145.09000","145.09000","A-Analog","High","25K","Off","Off","Local","Group Call","9","KC1JMH / Brad Br","Off","Carrier","Off","1","1","1","Off","1","1","Packet","None","Off","Off","Off","Off","Normal Encryption","Off","Off","Off","Off","251.1","1","Off","Off","On","Off","Off","Off","1","0","Off","0","0","0","0","0","0"
"2503","ME Backbone","433.30000","433.30000","A-Analog","High","25K","Off","Off","Local","Group Call","9","KC1JMH / Brad Br","Off","Carrier","Off","1","1","1","Off","1","1","Packet","None","Off","Off","Off","Off","Normal Encryption","Off","Off","Off","Off","251.1","1","Off","Off","On","Off","Off","Off","1","0","Off","0","0","0","0","0","0"
"2504","SO-50 AOS","436.80500","145.85000","A-Analog","High","25K","Off","67.0","Local","Group Call","9","KC1JMH / Brad Br","Off","Carrier","Off","1","1","1","Off","1","1","SO-50","None","Off","Off","Off","Off","Normal Encryption","Off","Off","Off","Off","251.1","1","Off","Off","Off","Off","Off","Off","1","0","Off","0","0","0","0","0","0"
"2505","SO-50 Approach","436.80000","145.85000","A-Analog","High","25K","Off","67.0","Local","Group Call","9","KC1JMH / Brad Br","Off","Carrier","Off","1","1","1","Off","1","1","SO-50","None","Off","Off","Off","Off","Normal Encryption","Off","Off","Off","Off","251.1","1","Off","Off","Off","Off","Off","Off","1","0","Off","0","0","0","0","0","0"
"2506","SO-50 TCA","436.79500","145.85000","A-Analog","High","25K","Off","67.0","Local","Group Call","9","KC1JMH / Brad Br","Off","Carrier","Off","1","1","1","Off","1","1","SO-50","None","Off","Off","Off","Off","Normal Encryption","Off","Off","Off","Off","251.1","1","Off","Off","Off","Off","Off","Off","1","0","Off","0","0","0","0","0","0"
"2507","SO-50 Receding","436.79000","145.85000","A-Analog","High","25K","Off","67.0","Local","Group Call","9","KC1JMH / Brad Br","Off","Carrier","Off","1","1","1","Off","1","1","SO-50","None","Off","Off","Off","Off","Normal Encryption","Off","Off","Off","Off","251.1","1","Off","Off","Off","Off","Off","Off","1","0","Off","0","0","0","0","0","0"
"2508","SO-50 LOS","436.78500","145.85000","A-Analog","High","25K","Off","67.0","Local","Group Call","9","KC1JMH / Brad Br","Off","Carrier","Off","1","1","1","Off","1","1","SO-50","None","Off","Off","Off","Off","Normal Encryption","Off","Off","Off","Off","251.1","1","Off","Off","Off","Off","Off","Off","1","0","Off","0","0","0","0","0","0"
"2509","ISS AOS","437.81000","145.99000","A-Analog","High","25K","Off","67.0","Local","Group Call","9","KC1JMH / Brad Br","Off","Carrier","Off","1","1","1","Off","1","1","ISS","None","Off","Off","Off","Off","Normal Encryption","Off","Off","Off","Off","251.1","1","Off","Off","Off","Off","Off","Off","1","0","Off","0","0","0","0","0","0"
"2510","ISS Approach","437.80500","145.99000","A-Analog","High","25K","Off","67.0","Local","Group Call","9","KC1JMH / Brad Br","Off","Carrier","Off","1","1","1","Off","1","1","ISS","None","Off","Off","Off","Off","Normal Encryption","Off","Off","Off","Off","251.1","1","Off","Off","Off","Off","Off","Off","1","0","Off","0","0","0","0","0","0"
"2511","ISS TCA","437.80000","145.99000","A-Analog","High","25K","Off","67.0","Local","Group Call","9","KC1JMH / Brad Br","Off","Carrier","Off","1","1","1","Off","1","1","ISS","None","Off","Off","Off","Off","Normal Encryption","Off","Off","Off","Off","251.1","1","Off","Off","Off","Off","Off","Off","1","0","Off","0","0","0","0","0","0"
"2512","ISS Receding","437.79500","145.99000","A-Analog","High","25K","Off","67.0","Local","Group Call","9","KC1JMH / Brad Br","Off","Carrier","Off","1","1","1","Off","1","1","ISS","None","Off","Off","Off","Off","Normal Encryption","Off","Off","Off","Off","251.1","1","Off","Off","Off","Off","Off","Off","1","0","Off","0","0","0","0","0","0"
"2513","ISS LOS","437.79000","145.99000","A-Analog","High","25K","Off","67.0","Local","Group Call","9","KC1JMH / Brad Br","Off","Carrier","Off","1","1","1","Off","1","1","ISS","None","Off","Off","Off","Off","Normal Encryption","Off","Off","Off","Off","251.1","1","Off","Off","Off","Off","Off","Off","1","0","Off","0","0","0","0","0","0"
"2514","AO-123 AOS","435.41000","145.85000","A-Analog","High","25K","Off","67.0","Local","Group Call","9","KC1JMH / Brad Br","Off","Carrier","Off","1","1","1","Off","1","1","AO-123","None","Off","Off","Off","Off","Normal Encryption","Off","Off","Off","Off","251.1","1","Off","Off","Off","Off","Off","Off","1","0","Off","0","0","0","0","0","0"
"2515","AO-123 Approach","435.40500","145.85000","A-Analog","High","25K","Off","67.0","Local","Group Call","9","KC1JMH / Brad Br","Off","Carrier","Off","1","1","1","Off","1","1","AO-123","None","Off","Off","Off","Off","Normal Encryption","Off","Off","Off","Off","251.1","1","Off","Off","Off","Off","Off","Off","1","0","Off","0","0","0","0","0","0"
"2516","AO-123 TCA","435.40000","145.85000","A-Analog","High","25K","Off","67.0","Local","Group Call","9","KC1JMH / Brad Br","Off","Carrier","Off","1","1","1","Off","1","1","AO-123","None","Off","Off","Off","Off","Normal Encryption","Off","Off","Off","Off","251.1","1","Off","Off","Off","Off","Off","Off","1","0","Off","0","0","0","0","0","0"
"2517","AO-123 Receding","435.39500","145.85000","A-Analog","High","25K","Off","67.0","Local","Group Call","9","KC1JMH / Brad Br","Off","Carrier","Off","1","1","1","Off","1","1","AO-123","None","Off","Off","Off","Off","Normal Encryption","Off","Off","Off","Off","251.1","1","Off","Off","Off","Off","Off","Off","1","0","Off","0","0","0","0","0","0"
"2518","AO-123 LOS","435.39000","145.85000","A-Analog","High","25K","Off","67.0","Local","Group Call","9","KC1JMH / Brad Br","Off","Carrier","Off","1","1","1","Off","1","1","AO-123","None","Off","Off","Off","Off","Normal Encryption","Off","Off","Off","Off","251.1","1","Off","Off","Off","Off","Off","Off","1","0","Off","0","0","0","0","0","0"
"2519","CAS-3H AOS","437.21000","144.35000","A-Analog","High","25K","Off","Off","Local","Group Call","9","KC1JMH / Brad Br","Off","Carrier","Off","1","1","1","Off","1","1","CAS-3H","None","Off","Off","Off","Off","Normal Encryption","Off","Off","Off","Off","251.1","1","Off","Off","Off","Off","Off","Off","1","0","Off","0","0","0","0","0","0"
"2520","CAS-3H Approach","437.20500","144.35000","A-Analog","High","25K","Off","Off","Local","Group Call","9","KC1JMH / Brad Br","Off","Carrier","Off","1","1","1","Off","1","1","CAS-3H","None","Off","Off","Off","Off","Normal Encryption","Off","Off","Off","Off","251.1","1","Off","Off","Off","Off","Off","Off","1","0","Off","0","0","0","0","0","0"
"2521","CAS-3H TCA","437.20000","144.35000","A-Analog","High","25K","Off","Off","Local","Group Call","9","KC1JMH / Brad Br","Off","Carrier","Off","1","1","1","Off","1","1","CAS-3H","None","Off","Off","Off","Off","Normal Encryption","Off","Off","Off","Off","251.1","1","Off","Off","Off","Off","Off","Off","1","0","Off","0","0","0","0","0","0"
"2522","CAS-3H Receding","437.19500","144.35000","A-Analog","High","25K","Off","Off","Local","Group Call","9","KC1JMH / Brad Br","Off","Carrier","Off","1","1","1","Off","1","1","CAS-3H","None","Off","Off","Off","Off","Normal Encryption","Off","Off","Off","Off","251.1","1","Off","Off","Off","Off","Off","Off","1","0","Off","0","0","0","0","0","0"
"2523","CAS-3H LOS","437.19000","144.35000","A-Analog","High","25K","Off","Off","Local","Group Call","9","KC1JMH / Brad Br","Off","Carrier","Off","1","1","1","Off","1","1","CAS-3H","None","Off","Off","Off","Off","Normal Encryption","Off","Off","Off","Off","251.1","1","Off","Off","Off","Off","Off","Off","1","0","Off","0","0","0","0","0","0"
"2524","IO-86 AOS","435.88500","145.88000","A-Analog","High","25K","Off","88.5","Local","Group Call","9","KC1JMH / Brad Br","Off","Carrier","Off","1","1","1","Off","1","1","IO-86","None","Off","Off","Off","Off","Normal Encryption","Off","Off","Off","Off","251.1","1","Off","Off","Off","Off","Off","Off","1","0","Off","0","0","0","0","0","0"
"2525","IO-86 Approach","435.88000","145.88000","A-Analog","High","25K","Off","88.5","Local","Group Call","9","KC1JMH / Brad Br","Off","Carrier","Off","1","1","1","Off","1","1","IO-86","None","Off","Off","Off","Off","Normal Encryption","Off","Off","Off","Off","251.1","1","Off","Off","Off","Off","Off","Off","1","0","Off","0","0","0","0","0","0"
"2526","IO-86 TCA","435.88000","145.88000","A-Analog","High","25K","Off","88.5","Local","Group Call","9","KC1JMH / Brad Br","Off","Carrier","Off","1","1","1","Off","1","1","IO-86","None","Off","Off","Off","Off","Normal Encryption","Off","Off","Off","Off","251.1","1","Off","Off","Off","Off","Off","Off","1","0","Off","0","0","0","0","0","0"
"2527","IO-86 Receding","435.88500","145.88000","A-Analog","High","25K","Off","88.5","Local","Group Call","9","KC1JMH / Brad Br","Off","Carrier","Off","1","1","1","Off","1","1","IO-86","None","Off","Off","Off","Off","Normal Encryption","Off","Off","Off","Off","251.1","1","Off","Off","Off","Off","Off","Off","1","0","Off","0","0","0","0","0","0"
"2528","IO-86 LOS","435.89000","145.88000","A-Analog","High","25K","Off","88.5","Local","Group Call","9","KC1JMH / Brad Br","Off","Carrier","Off","1","1","1","Off","1","1","IO-86","None","Off","Off","Off","Off","Normal Encryption","Off","Off","Off","Off","251.1","1","Off","Off","Off","Off","Off","Off","1","0","Off","0","0","0","0","0","0"
"2529","RS95S AOS","436.96000","145.92000","A-Analog","High","25K","Off","67.0","Local","Group Call","9","KC1JMH / Brad Br","Off","Carrier","Off","1","1","1","Off","1","1","RS95S","None","Off","Off","Off","Off","Normal Encryption","Off","Off","Off","Off","251.1","1","Off","Off","Off","Off","Off","Off","1","0","Off","0","0","0","0","0","0"
"2530","RS95S Approach","436.95500","145.92000","A-Analog","High","25K","Off","67.0","Local","Group Call","9","KC1JMH / Brad Br","Off","Carrier","Off","1","1","1","Off","1","1","RS95S","None","Off","Off","Off","Off","Normal Encryption","Off","Off","Off","Off","251.1","1","Off","Off","Off","Off","Off","Off","1","0","Off","0","0","0","0","0","0"
"2531","RS95S TCA","436.95000","145.92000","A-Analog","High","25K","Off","67.0","Local","Group Call","9","KC1JMH / Brad Br","Off","Carrier","Off","1","1","1","Off","1","1","RS95S","None","Off","Off","Off","Off","Normal Encryption","Off","Off","Off","Off","251.1","1","Off","Off","Off","Off","Off","Off","1","0","Off","0","0","0","0","0","0"
"2532","RS95S Receding","436.94500","145.92000","A-Analog","High","25K","Off","67.0","Local","Group Call","9","KC1JMH / Brad Br","Off","Carrier","Off","1","1","1","Off","1","1","RS95S","None","Off","Off","Off","Off","Normal Encryption","Off","Off","Off","Off","251.1","1","Off","Off","Off","Off","Off","Off","1","0","Off","0","0","0","0","0","0"
"2533","RS95S LOS","436.94000","145.92000","A-Analog","High","25K","Off","67.0","Local","Group Call","9","KC1JMH / Brad Br","Off","Carrier","Off","1","1","1","Off","1","1","RS95S","None","Off","Off","Off","Off","Normal Encryption","Off","Off","Off","Off","251.1","1","Off","Off","Off","Off","Off","Off","1","0","Off","0","0","0","0","0","0"
"2534","TEVEL2 AOS","436.41000","145.97000","A-Analog","High","25K","Off","Off","Local","Group Call","9","KC1JMH / Brad Br","Off","Carrier","Off","1","1","1","Off","1","1","TEVEL2","None","Off","Off","Off","Off","Normal Encryption","Off","Off","Off","Off","251.1","1","Off","Off","Off","Off","Off","Off","1","0","Off","0","0","0","0","0","0"
"2535","TEVEL2 Approach","436.40500","145.97000","A-Analog","High","25K","Off","Off","Local","Group Call","9","KC1JMH / Brad Br","Off","Carrier","Off","1","1","1","Off","1","1","TEVEL2","None","Off","Off","Off","Off","Normal Encryption","Off","Off","Off","Off","251.1","1","Off","Off","Off","Off","Off","Off","1","0","Off","0","0","0","0","0","0"
"2536","TEVEL2 TCA","436.40000","145.97000","A-Analog","High","25K","Off","Off","Local","Group Call","9","KC1JMH / Brad Br","Off","Carrier","Off","1","1","1","Off","1","1","TEVEL2","None","Off","Off","Off","Off","Normal Encryption","Off","Off","Off","Off","251.1","1","Off","Off","Off","Off","Off","Off","1","0","Off","0","0","0","0","0","0"
"2537","TEVEL2 Receding","436.39500","145.97000","A-Analog","High","25K","Off","Off","Local","Group Call","9","KC1JMH / Brad Br","Off","Carrier","Off","1","1","1","Off","1","1","TEVEL2","None","Off","Off","Off","Off","Normal Encryption","Off","Off","Off","Off","251.1","1","Off","Off","Off","Off","Off","Off","1","0","Off","0","0","0","0","0","0"
"2538","TEVEL2 LOS","436.39000","145.97000","A-Analog","High","25K","Off","Off","Local","Group Call","9","KC1JMH / Brad Br","Off","Carrier","Off","1","1","1","Off","1","1","TEVEL2","None","Off","Off","Off","Off","Normal Encryption","Off","Off","Off","Off","251.1","1","Off","Off","Off","Off","Off","Off","1","0","Off","0","0","0","0","0","0"
"2539","AO-91 AOS","435.24000","145.96000","A-Analog","High","25K","Off","67.0","Local","Group Call","9","KC1JMH / Brad Br","Off","Carrier","Off","1","1","1","Off","1","1","AO-91","None","Off","Off","Off","Off","Normal Encryption","Off","Off","Off","Off","251.1","1","Off","Off","Off","Off","Off","Off","1","0","Off","0","0","0","0","0","0"
"2540","AO-91 Approach","435.24500","145.96000","A-Analog","High","25K","Off","67.0","Local","Group Call","9","KC1JMH / Brad Br","Off","Carrier","Off","1","1","1","Off","1","1","AO-91","None","Off","Off","Off","Off","Normal Encryption","Off","Off","Off","Off","251.1","1","Off","Off","Off","Off","Off","Off","1","0","Off","0","0","0","0","0","0"
"2541","AO-91 TCA","435.25000","145.96000","A-Analog","High","25K","Off","67.0","Local","Group Call","9","KC1JMH / Brad Br","Off","Carrier","Off","1","1","1","Off","1","1","AO-91","None","Off","Off","Off","Off","Normal Encryption","Off","Off","Off","Off","251.1","1","Off","Off","Off","Off","Off","Off","1","0","Off","0","0","0","0","0","0"
"2542","AO-91 Receding","435.25500","145.96000","A-Analog","High","25K","Off","67.0","Local","Group Call","9","KC1JMH / Brad Br","Off","Carrier","Off","1","1","1","Off","1","1","AO-91","None","Off","Off","Off","Off","Normal Encryption","Off","Off","Off","Off","251.1","1","Off","Off","Off","Off","Off","Off","1","0","Off","0","0","0","0","0","0"
"2543","AO-91 LOS","435.26000","145.96000","A-Analog","High","25K","Off","67.0","Local","Group Call","9","KC1JMH / Brad Br","Off","Carrier","Off","1","1","1","Off","1","1","AO-91","None","Off","Off","Off","Off","Normal Encryption","Off","Off","Off","Off","251.1","1","Off","Off","Off","Off","Off","Off","1","0","Off","0","0","0","0","0","0"
"2544","PO-101 AOS","437.49000","145.90000","A-Analog","High","25K","Off","141.3","Local","Group Call","9","KC1JMH / Brad Br","Off","Carrier","Off","1","1","1","Off","1","1","PO-101","None","Off","Off","Off","Off","Normal Encryption","Off","Off","Off","Off","251.1","1","Off","Off","Off","Off","Off","Off","1","0","Off","0","0","0","0","0","0"
"2545","PO-101 Approach","437.49500","145.90000","A-Analog","High","25K","Off","141.3","Local","Group Call","9","KC1JMH / Brad Br","Off","Carrier","Off","1","1","1","Off","1","1","PO-101","None","Off","Off","Off","Off","Normal Encryption","Off","Off","Off","Off","251.1","1","Off","Off","Off","Off","Off","Off","1","0","Off","0","0","0","0","0","0"
"2546","PO-101 TCA","437.50000","145.90000","A-Analog","High","25K","Off","141.3","Local","Group Call","9","KC1JMH / Brad Br","Off","Carrier","Off","1","1","1","Off","1","1","PO-101","None","Off","Off","Off","Off","Normal Encryption","Off","Off","Off","Off","251.1","1","Off","Off","Off","Off","Off","Off","1","0","Off","0","0","0","0","0","0"
"2547","PO-101 Receding","437.50500","145.90000","A-Analog","High","25K","Off","141.3","Local","Group Call","9","KC1JMH / Brad Br","Off","Carrier","Off","1","1","1","Off","1","1","PO-101","None","Off","Off","Off","Off","Normal Encryption","Off","Off","Off","Off","251.1","1","Off","Off","Off","Off","Off","Off","1","0","Off","0","0","0","0","0","0"
"2548","PO-101 LOS","437.51000","145.90000","A-Analog","High","25K","Off","141.3","Local","Group Call","9","KC1JMH / Brad Br","Off","Carrier","Off","1","1","1","Off","1","1","PO-101","None","Off","Off","Off","Off","Normal Encryption","Off","Off","Off","Off","251.1","1","Off","Off","Off","Off","Off","Off","1","0","Off","0","0","0","0","0","0"
"2549","SO-50 ACT","436.80500","145.85000","A-Analog","High","25K","Off","Off","Local","Group Call","9","KC1JMH / Brad Br","Off","Carrier","Off","1","1","1","Off","1","1","SO-50","None","Off","Off","Off","Off","Normal Encryption","Off","Off","Off","Off","251.1","1","Off","Off","Off","Off","Off","Off","1","0","Off","0","0","0","0","0","0"
"2550","Channel VFO A","147.09000","147.09000","A-Analog","Low","25K","Off","100.0","Local","Group Call","9","KC1JMH / Brad Br","Off","Carrier","Off","1","1","1","Off","1","1","None","None","Off","Off","Off","Off","Normal Encryption","Off","Off","Off","Off","131.8","1","Off","Off","Off","Off","Off","Off","1","0","Off","0","0","0","0","0","0"
"2551","Channel VFO B","147.69000","147.69000","A-Analog","Low","25K","Off","Off","Local","Group Call","9","KC1JMH / Brad Br","Off","Carrier","Off","1","1","1","Off","1","1","None","None","Off","Off","Off","Off","Normal Encryption","Off","Off","Off","Off","131.8","1","Off","Off","Off","Off","Off","Off","1","0","Off","0","0","0","0","0","0"
"2552","W1SMA New Bedfor","145.11000","144.51000","A-Analog","Turbo","25K","67.0","67.0","Local","Group Call","9","KC1JMH / Brad Br","Off","CTCSS/DCS","Off","1","1","1","Off","1","1","None","None","Off","Off","Off","Off","Normal Encryption","Off","Off","Off","Off","251.1","1","Off","Off","Off","Off","Off","Off","1","0","Off","0","0","0","0","0","0"
"2553","W1RI W Warwick","145.13000","144.53000","A-Analog","Turbo","25K","77.0","77.0","Local","Group Call","9","KC1JMH / Brad Br","Off","CTCSS/DCS","Off","1","1","1","Off","1","1","None","None","Off","Off","Off","Off","Normal Encryption","Off","Off","Off","Off","251.1","1","Off","Off","Off","Off","Off","Off","1","0","Off","0","0","0","0","0","0"
"2554","WA1DGW Fall Rive","145.15000","144.55000","A-Analog","Turbo","25K","123.0","123.0","Local","Group Call","9","KC1JMH / Brad Br","Off","CTCSS/DCS","Off","1","1","1","Off","1","1","None","None","Off","Off","Off","Off","Normal Encryption","Off","Off","Off","Off","251.1","1","Off","Off","Off","Off","Off","Off","1","0","Off","0","0","0","0","0","0"
"2555","NB1RI Cumberland","145.17000","144.57000","A-Analog","Turbo","25K","67.0","67.0","Local","Group Call","9","KC1JMH / Brad Br","Off","CTCSS/DCS","Off","1","1","1","Off","1","1","None","None","Off","Off","Off","Off","Normal Encryption","Off","Off","Off","Off","251.1","1","Off","Off","Off","Off","Off","Off","1","0","Off","0","0","0","0","0","0"
"2556","WA1YFV Harwich","145.27000","144.67000","A-Analog","Turbo","25K","67.0","67.0","Local","Group Call","9","KC1JMH / Brad Br","Off","CTCSS/DCS","Off","1","1","1","Off","1","1","None","None","Off","Off","Off","Off","Normal Encryption","Off","Off","Off","Off","251.1","1","Off","Off","Off","Off","Off","Off","1","0","Off","0","0","0","0","0","0"
"2557","W1KBN Boston","145.31000","144.71000","A-Analog","Turbo","25K","123.0","123.0","Local","Group Call","9","KC1JMH / Brad Br","Off","CTCSS/DCS","Off","1","1","1","Off","1","1","None","None","Off","Off","Off","Off","Normal Encryption","Off","Off","Off","Off","251.1","1","Off","Off","Off","Off","Off","Off","1","0","Off","0","0","0","0","0","0"
"2558","W1WPI Worcester","145.31000","144.71000","A-Analog","Turbo","25K","100.0","100.0","Local","Group Call","9","KC1JMH / Brad Br","Off","CTCSS/DCS","Off","1","1","1","Off","1","1","None","None","Off","Off","Off","Off","Normal Encryption","Off","Off","Off","Off","251.1","1","Off","Off","Off","Off","Off","Off","1","0","Off","0","0","0","0","0","0"
"2559","W1FN Hanover","145.33000","144.73000","A-Analog","Turbo","25K","100.0","100.0","Local","Group Call","9","KC1JMH / Brad Br","Off","CTCSS/DCS","Off","1","1","1","Off","1","1","None","None","Off","Off","Off","Off","Normal Encryption","Off","Off","Off","Off","251.1","1","Off","Off","Off","Off","Off","Off","1","0","Off","0","0","0","0","0","0"
"2560","KT1S Haverhill","145.35000","144.75000","A-Analog","Turbo","25K","136.5","136.5","Local","Group Call","9","KC1JMH / Brad Br","Off","CTCSS/DCS","Off","1","1","1","Off","1","1","None","None","Off","Off","Off","Off","Normal Encryption","Off","Off","Off","Off","251.1","1","Off","Off","Off","Off","Off","Off","1","0","Off","0","0","0","0","0","0"
"2561","N1BS N Providenc","145.35000","144.75000","A-Analog","Turbo","25K","67.0","67.0","Local","Group Call","9","KC1JMH / Brad Br","Off","CTCSS/DCS","Off","1","1","1","Off","1","1","None","None","Off","Off","Off","Off","Normal Encryption","Off","Off","Off","Off","251.1","1","Off","Off","Off","Off","Off","Off","1","0","Off","0","0","0","0","0","0"
"2562","N1PCE Whitefield","145.37000","144.77000","A-Analog","Turbo","25K","114.8","114.8","Local","Group Call","9","KC1JMH / Brad Br","Off","CTCSS/DCS","Off","1","1","1","Off","1","1","None","None","Off","Off","Off","Off","Normal Encryption","Off","Off","Off","Off","251.1","1","Off","Off","Off","Off","Off","Off","1","0","Off","0","0","0","0","0","0"
"2563","W1DVC Harvard","145.41000","144.81000","A-Analog","Turbo","25K","74.4","74.4","Local","Group Call","9","KC1JMH / Brad Br","Off","CTCSS/DCS","Off","1","1","1","Off","1","1","None","None","Off","Off","Off","Off","Normal Encryption","Off","Off","Off","Off","251.1","1","Off","Off","Off","Off","Off","Off","1","0","Off","0","0","0","0","0","0"
"2564","KC1CLA Burlingto","145.43000","144.83000","A-Analog","Turbo","25K","146.2","146.2","Local","Group Call","9","KC1JMH / Brad Br","Off","CTCSS/DCS","Off","1","1","1","Off","1","1","None","None","Off","Off","Off","Off","Normal Encryption","Off","Off","Off","Off","251.1","1","Off","Off","Off","Off","Off","Off","1","0","Off","0","0","0","0","0","0"
"2565","W1SYE Portsmouth","145.45000","144.85000","A-Analog","Turbo","25K","100.0","100.0","Local","Group Call","9","KC1JMH / Brad Br","Off","CTCSS/DCS","Off","1","1","1","Off","1","1","None","None","Off","Off","Off","Off","Normal Encryption","Off","Off","Off","Off","251.1","1","Off","Off","Off","Off","Off","Off","1","0","Off","0","0","0","0","0","0"
"2566","W1YA Orono","145.47000","144.87000","A-Analog","Turbo","25K","71.9","71.9","Local","Group Call","9","KC1JMH / Brad Br","Off","CTCSS/DCS","Off","1","1","1","Off","1","1","None","None","Off","Off","Off","Off","Normal Encryption","Off","Off","Off","Off","251.1","1","Off","Off","Off","Off","Off","Off","1","0","Off","0","0","0","0","0","0"
"2567","K1KWP Mendon","146.61000","146.01000","A-Analog","Turbo","25K","146.2","146.2","Local","Group Call","9","KC1JMH / Brad Br","Off","CTCSS/DCS","Off","1","1","1","Off","1","1","None","None","Off","Off","Off","Off","Normal Encryption","Off","Off","Off","Off","251.1","1","Off","Off","Off","Off","Off","Off","1","0","Off","0","0","0","0","0","0"
"2568","WB5NKJ Franklin","146.61000","146.01000","A-Analog","Turbo","25K","107.2","107.2","Local","Group Call","9","KC1JMH / Brad Br","Off","CTCSS/DCS","Off","1","1","1","Off","1","1","None","None","Off","Off","Off","Off","Normal Encryption","Off","Off","Off","Off","251.1","1","Off","Off","Off","Off","Off","Off","1","0","Off","0","0","0","0","0","0"
"2569","NA1P Orange","146.62500","146.02500","A-Analog","Turbo","25K","110.9","110.9","Local","Group Call","9","KC1JMH / Brad Br","Off","CTCSS/DCS","Off","1","1","1","Off","1","1","None","None","Off","Off","Off","Off","Normal Encryption","Off","Off","Off","Off","251.1","1","Off","Off","Off","Off","Off","Off","1","0","Off","0","0","0","0","0","0"
"2570","W1LH Topsfield","146.67000","146.07000","A-Analog","Turbo","25K","100.0","100.0","Local","Group Call","9","KC1JMH / Brad Br","Off","CTCSS/DCS","Off","1","1","1","Off","1","1","None","None","Off","Off","Off","Off","Normal Encryption","Off","Off","Off","Off","251.1","1","Off","Off","Off","Off","Off","Off","1","0","Off","0","0","0","0","0","0"
"2571","KB1AEV Holyoke","146.71500","146.11500","A-Analog","Turbo","25K","100.0","100.0","Local","Group Call","9","KC1JMH / Brad Br","Off","CTCSS/DCS","Off","1","1","1","Off","1","1","None","None","Off","Off","Off","Off","Normal Encryption","Off","Off","Off","Off","251.1","1","Off","Off","Off","Off","Off","Off","1","0","Off","0","0","0","0","0","0"
"2572","KC1US N Reading","146.71500","146.11500","A-Analog","Turbo","25K","146.2","146.2","Local","Group Call","9","KC1JMH / Brad Br","Off","CTCSS/DCS","Off","1","1","1","Off","1","1","None","None","Off","Off","Off","Off","Normal Encryption","Off","Off","Off","Off","251.1","1","Off","Off","Off","Off","Off","Off","1","0","Off","0","0","0","0","0","0"
"2573","K1JWM Alstead","146.71500","146.11500","A-Analog","Turbo","25K","123.0","123.0","Local","Group Call","9","KC1JMH / Brad Br","Off","CTCSS/DCS","Off","1","1","1","Off","1","1","None","None","Off","Off","Off","Off","Normal Encryption","Off","Off","Off","Off","251.1","1","Off","Off","Off","Off","Off","Off","1","0","Off","0","0","0","0","0","0"
"2574","K1NQG Exeter","146.71500","146.11500","A-Analog","Turbo","25K","67.0","67.0","Local","Group Call","9","KC1JMH / Brad Br","Off","CTCSS/DCS","Off","1","1","1","Off","1","1","None","None","Off","Off","Off","Off","Normal Encryption","Off","Off","Off","Off","251.1","1","Off","Off","Off","Off","Off","Off","1","0","Off","0","0","0","0","0","0"
"2575","W1SGL Barnstable","146.73000","146.13000","A-Analog","Turbo","25K","67.0","67.0","Local","Group Call","9","KC1JMH / Brad Br","Off","CTCSS/DCS","Off","1","1","1","Off","1","1","None","None","Off","Off","Off","Off","Normal Encryption","Off","Off","Off","Off","251.1","1","Off","Off","Off","Off","Off","Off","1","0","Off","0","0","0","0","0","0"
"2576","N1IMO Hollis","146.73000","146.13000","A-Analog","Turbo","25K","88.5","88.5","Local","Group Call","9","KC1JMH / Brad Br","Off","CTCSS/DCS","Off","1","1","1","Off","1","1","None","None","Off","Off","Off","Off","Normal Encryption","Off","Off","Off","Off","251.1","1","Off","Off","Off","Off","Off","Off","1","0","Off","0","0","0","0","0","0"
"2577","W1TUK Nantucket","146.79000","146.19000","A-Analog","Turbo","25K","107.2","107.2","Local","Group Call","9","KC1JMH / Brad Br","Off","CTCSS/DCS","Off","1","1","1","Off","1","1","None","None","Off","Off","Off","Off","Normal Encryption","Off","Off","Off","Off","251.1","1","Off","Off","Off","Off","Off","Off","1","0","Off","0","0","0","0","0","0"
"2578","N1IMO Pittsfield","146.79000","146.19000","A-Analog","Turbo","25K","88.5","88.5","Local","Group Call","9","KC1JMH / Brad Br","Off","CTCSS/DCS","Off","1","1","1","Off","1","1","None","None","Off","Off","Off","Off","Normal Encryption","Off","Off","Off","Off","251.1","1","Off","Off","Off","Off","Off","Off","1","0","Off","0","0","0","0","0","0"
"2579","K1BOS Boston","146.82000","146.22000","A-Analog","Turbo","25K","146.2","146.2","Local","Group Call","9","KC1JMH / Brad Br","Off","CTCSS/DCS","Off","1","1","1","Off","1","1","None","None","Off","Off","Off","Off","Normal Encryption","Off","Off","Off","Off","251.1","1","Off","Off","Off","Off","Off","Off","1","0","Off","0","0","0","0","0","0"
"2580","N1MIX Greenville","146.85000","146.25000","A-Analog","Turbo","25K","146.2","146.2","Local","Group Call","9","KC1JMH / Brad Br","Off","CTCSS/DCS","Off","1","1","1","Off","1","1","None","None","Off","Off","Off","Off","Normal Encryption","Off","Off","Off","Off","251.1","1","Off","Off","Off","Off","Off","Off","1","0","Off","0","0","0","0","0","0"
"2581","NS1RA Salem","146.88000","146.28000","A-Analog","Turbo","25K","118.8","118.8","Local","Group Call","9","KC1JMH / Brad Br","Off","CTCSS/DCS","Off","1","1","1","Off","1","1","None","None","Off","Off","Off","Off","Normal Encryption","Off","Off","Off","Off","251.1","1","Off","Off","Off","Off","Off","Off","1","0","Off","0","0","0","0","0","0"
"2582","KE1M Rumford","146.91000","146.31000","A-Analog","Turbo","25K","100.0","100.0","Local","Group Call","9","KC1JMH / Brad Br","Off","CTCSS/DCS","Off","1","1","1","Off","1","1","None","None","Off","Off","Off","Off","Normal Encryption","Off","Off","Off","Off","251.1","1","Off","Off","Off","Off","Off","Off","1","0","Off","0","0","0","0","0","0"
"2583","NX1DX Charlestow","146.92500","146.32500","A-Analog","Turbo","25K","118.8","118.8","Local","Group Call","9","KC1JMH / Brad Br","Off","CTCSS/DCS","Off","1","1","1","Off","1","1","None","None","Off","Off","Off","Off","Normal Encryption","Off","Off","Off","Off","251.1","1","Off","Off","Off","Off","Off","Off","1","0","Off","0","0","0","0","0","0"
"2584","W1TOM Holyoke","146.94000","146.34000","A-Analog","Turbo","25K","127.3","127.3","Local","Group Call","9","KC1JMH / Brad Br","Off","CTCSS/DCS","Off","1","1","1","Off","1","1","None","None","Off","Off","Off","Off","Normal Encryption","Off","Off","Off","Off","251.1","1","Off","Off","Off","Off","Off","Off","1","0","Off","0","0","0","0","0","0"
"2585","N1ME East Holden","146.94000","146.34000","A-Analog","Turbo","25K","100.0","100.0","Local","Group Call","9","KC1JMH / Brad Br","Off","CTCSS/DCS","Off","1","1","1","Off","1","1","None","None","Off","Off","Off","Off","Normal Encryption","Off","Off","Off","Off","251.1","1","Off","Off","Off","Off","Off","Off","1","0","Off","0","0","0","0","0","0"
"2586","W1MA Dennis","146.95500","146.35500","A-Analog","Turbo","25K","88.5","88.5","Local","Group Call","9","KC1JMH / Brad Br","Off","CTCSS/DCS","Off","1","1","1","Off","1","1","None","None","Off","Off","Off","Off","Normal Encryption","Off","Off","Off","Off","251.1","1","Off","Off","Off","Off","Off","Off","1","0","Off","0","0","0","0","0","0"
"2587","WB1GOF Westford","146.95500","146.35500","A-Analog","Turbo","25K","74.4","74.4","Local","Group Call","9","KC1JMH / Brad Br","Off","CTCSS/DCS","Off","1","1","1","Off","1","1","None","None","Off","Off","Off","Off","Normal Encryption","Off","Off","Off","Off","251.1","1","Off","Off","Off","Off","Off","Off","1","0","Off","0","0","0","0","0","0"
"2588","W1BIM Paxton","146.97000","146.37000","A-Analog","Turbo","25K","114.8","114.8","Local","Group Call","9","KC1JMH / Brad Br","Off","CTCSS/DCS","Off","1","1","1","Off","1","1","None","None","Off","Off","Off","Off","Normal Encryption","Off","Off","Off","Off","251.1","1","Off","Off","Off","Off","Off","Off","1","0","Off","0","0","0","0","0","0"
"2589","NE1AR Milton","146.98500","146.38500","A-Analog","Turbo","25K","88.5","88.5","Local","Group Call","9","KC1JMH / Brad Br","Off","CTCSS/DCS","Off","1","1","1","Off","1","1","None","None","Off","Off","Off","Off","Normal Encryption","Off","Off","Off","Off","251.1","1","Off","Off","Off","Off","Off","Off","1","0","Off","0","0","0","0","0","0"
"2590","NB1RI Exeter","146.98500","146.38500","A-Analog","Turbo","25K","67.0","67.0","Local","Group Call","9","KC1JMH / Brad Br","Off","CTCSS/DCS","Off","1","1","1","Off","1","1","None","None","Off","Off","Off","Off","Normal Encryption","Off","Off","Off","Off","251.1","1","Off","Off","Off","Off","Off","Off","1","0","Off","0","0","0","0","0","0"
"2591","W1AEC Dartmouth","147.00000","147.60000","A-Analog","Turbo","25K","67.0","67.0","Local","Group Call","9","KC1JMH / Brad Br","Off","CTCSS/DCS","Off","1","1","1","Off","1","1","None","None","Off","Off","Off","Off","Normal Encryption","Off","Off","Off","Off","251.1","1","Off","Off","Off","Off","Off","Off","1","0","Off","0","0","0","0","0","0"
"2592","N1EXC Lawrence","147.01500","147.61500","A-Analog","Turbo","25K","88.5","88.5","Local","Group Call","9","KC1JMH / Brad Br","Off","CTCSS/DCS","Off","1","1","1","Off","1","1","None","None","Off","Off","Off","Off","Normal Encryption","Off","Off","Off","Off","251.1","1","Off","Off","Off","Off","Off","Off","1","0","Off","0","0","0","0","0","0"
"2593","N1IMO Nashua","147.04500","147.64500","A-Analog","Turbo","25K","100.0","100.0","Local","Group Call","9","KC1JMH / Brad Br","Off","CTCSS/DCS","Off","1","1","1","Off","1","1","None","None","Off","Off","Off","Off","Normal Encryption","Off","Off","Off","Off","251.1","1","Off","Off","Off","Off","Off","Off","1","0","Off","0","0","0","0","0","0"
"2594","W1KG Medway","147.06000","147.66000","A-Analog","Turbo","25K","100.0","100.0","Local","Group Call","9","KC1JMH / Brad Br","Off","CTCSS/DCS","Off","1","1","1","Off","1","1","None","None","Off","Off","Off","Off","Normal Encryption","Off","Off","Off","Off","251.1","1","Off","Off","Off","Off","Off","Off","1","0","Off","0","0","0","0","0","0"
"2595","K1JWM Francestow","147.06000","147.66000","A-Analog","Turbo","25K","123.0","123.0","Local","Group Call","9","KC1JMH / Brad Br","Off","CTCSS/DCS","Off","1","1","1","Off","1","1","None","None","Off","Off","Off","Off","Normal Encryption","Off","Off","Off","Off","251.1","1","Off","Off","Off","Off","Off","Off","1","0","Off","0","0","0","0","0","0"
"2596","NB1RI Portsmouth","147.07500","147.67500","A-Analog","Turbo","25K","67.0","67.0","Local","Group Call","9","KC1JMH / Brad Br","Off","CTCSS/DCS","Off","1","1","1","Off","1","1","None","None","Off","Off","Off","Off","Normal Encryption","Off","Off","Off","Off","251.1","1","Off","Off","Off","Off","Off","Off","1","0","Off","0","0","0","0","0","0"
"2597","W1DC Billerica","147.12000","147.72000","A-Analog","Turbo","25K","146.2","146.2","Local","Group Call","9","KC1JMH / Brad Br","Off","CTCSS/DCS","Off","1","1","1","Off","1","1","None","None","Off","Off","Off","Off","Normal Encryption","Off","Off","Off","Off","251.1","1","Off","Off","Off","Off","Off","Off","1","0","Off","0","0","0","0","0","0"
"2598","N1HBG Providence","147.12000","147.72000","A-Analog","Turbo","25K","67.0","67.0","Local","Group Call","9","KC1JMH / Brad Br","Off","CTCSS/DCS","Off","1","1","1","Off","1","1","None","None","Off","Off","Off","Off","Normal Encryption","Off","Off","Off","Off","251.1","1","Off","Off","Off","Off","Off","Off","1","0","Off","0","0","0","0","0","0"
"2599","KA1GG Taunton","147.13500","147.73500","A-Analog","Turbo","25K","67.0","67.0","Local","Group Call","9","KC1JMH / Brad Br","Off","CTCSS/DCS","Off","1","1","1","Off","1","1","None","None","Off","Off","Off","Off","Normal Encryption","Off","Off","Off","Off","251.1","1","Off","Off","Off","Off","Off","Off","1","0","Off","0","0","0","0","0","0"
"2600","W1FY Framingham","147.15000","147.75000","A-Analog","Turbo","25K","100.0","100.0","Local","Group Call","9","KC1JMH / Brad Br","Off","CTCSS/DCS","Off","1","1","1","Off","1","1","None","None","Off","Off","Off","Off","Normal Encryption","Off","Off","Off","Off","251.1","1","Off","Off","Off","Off","Off","Off","1","0","Off","0","0","0","0","0","0"
"2601","W1EMA Belfast","147.16500","147.76500","A-Analog","Turbo","25K","136.5","136.5","Local","Group Call","9","KC1JMH / Brad Br","Off","CTCSS/DCS","Off","1","1","1","Off","1","1","None","None","Off","Off","Off","Off","Normal Encryption","Off","Off","Off","Off","251.1","1","Off","Off","Off","Off","Off","Off","1","0","Off","0","0","0","0","0","0"
"2602","W1MV Bridgewater","147.18000","147.78000","A-Analog","Turbo","25K","67.0","67.0","Local","Group Call","9","KC1JMH / Brad Br","Off","CTCSS/DCS","Off","1","1","1","Off","1","1","None","None","Off","Off","Off","Off","Normal Encryption","Off","Off","Off","Off","251.1","1","Off","Off","Off","Off","Off","Off","1","0","Off","0","0","0","0","0","0"
"2603","K1SMH Attleboro","147.19500","147.79500","A-Analog","Turbo","25K","127.3","127.3","Local","Group Call","9","KC1JMH / Brad Br","Off","CTCSS/DCS","Off","1","1","1","Off","1","1","None","None","Off","Off","Off","Off","Normal Encryption","Off","Off","Off","Off","251.1","1","Off","Off","Off","Off","Off","Off","1","0","Off","0","0","0","0","0","0"
"2604","WB2MJG Plaistow","147.19500","147.79500","A-Analog","Turbo","25K","100.0","100.0","Local","Group Call","9","KC1JMH / Brad Br","Off","CTCSS/DCS","Off","1","1","1","Off","1","1","None","None","Off","Off","Off","Off","Normal Encryption","Off","Off","Off","Off","251.1","1","Off","Off","Off","Off","Off","Off","1","0","Off","0","0","0","0","0","0"
"2605","K1JWM Richmond","147.19500","147.79500","A-Analog","Turbo","25K","123.0","123.0","Local","Group Call","9","KC1JMH / Brad Br","Off","CTCSS/DCS","Off","1","1","1","Off","1","1","None","None","Off","Off","Off","Off","Normal Encryption","Off","Off","Off","Off","251.1","1","Off","Off","Off","Off","Off","Off","1","0","Off","0","0","0","0","0","0"
"2606","W1BHR Livermore","147.22500","147.82500","A-Analog","Turbo","25K","123.0","123.0","Local","Group Call","9","KC1JMH / Brad Br","Off","CTCSS/DCS","Off","1","1","1","Off","1","1","None","None","Off","Off","Off","Off","Normal Encryption","Off","Off","Off","Off","251.1","1","Off","Off","Off","Off","Off","Off","1","0","Off","0","0","0","0","0","0"
"2607","WA1ZDA Hope","147.24000","147.84000","A-Analog","Turbo","25K","110.9","110.9","Local","Group Call","9","KC1JMH / Brad Br","Off","CTCSS/DCS","Off","1","1","1","Off","1","1","None","None","Off","Off","Off","Off","Normal Encryption","Off","Off","Off","Off","251.1","1","Off","Off","Off","Off","Off","Off","1","0","Off","0","0","0","0","0","0"
"2608","WA1YFV Truro","147.25500","147.85500","A-Analog","Turbo","25K","67.0","67.0","Local","Group Call","9","KC1JMH / Brad Br","Off","CTCSS/DCS","Off","1","1","1","Off","1","1","None","None","Off","Off","Off","Off","Normal Encryption","Off","Off","Off","Off","251.1","1","Off","Off","Off","Off","Off","Off","1","0","Off","0","0","0","0","0","0"
"2609","KB1RAI Gardiner","147.25500","147.85500","A-Analog","Turbo","25K","114.8","114.8","Local","Group Call","9","KC1JMH / Brad Br","Off","CTCSS/DCS","Off","1","1","1","Off","1","1","None","None","Off","Off","Off","Off","Normal Encryption","Off","Off","Off","Off","251.1","1","Off","Off","Off","Off","Off","Off","1","0","Off","0","0","0","0","0","0"
"2610","W1MRA Marlboroug","147.27000","147.87000","A-Analog","Turbo","25K","146.2","146.2","Local","Group Call","9","KC1JMH / Brad Br","Off","CTCSS/DCS","Off","1","1","1","Off","1","1","None","None","Off","Off","Off","Off","Normal Encryption","Off","Off","Off","Off","251.1","1","Off","Off","Off","Off","Off","Off","1","0","Off","0","0","0","0","0","0"
"2611","K1GHG Quincy","147.30000","147.90000","A-Analog","Turbo","25K","110.9","110.9","Local","Group Call","9","KC1JMH / Brad Br","Off","CTCSS/DCS","Off","1","1","1","Off","1","1","None","None","Off","Off","Off","Off","Normal Encryption","Off","Off","Off","Off","251.1","1","Off","Off","Off","Off","Off","Off","1","0","Off","0","0","0","0","0","0"
"2612","W1AQ Rumford","147.33000","147.93000","A-Analog","Turbo","25K","173.8","173.8","Local","Group Call","9","KC1JMH / Brad Br","Off","CTCSS/DCS","Off","1","1","1","Off","1","1","None","None","Off","Off","Off","Off","Normal Encryption","Off","Off","Off","Off","251.1","1","Off","Off","Off","Off","Off","Off","1","0","Off","0","0","0","0","0","0"
"2613","N1NC Pepperell","147.34500","147.94500","A-Analog","Turbo","25K","100.0","100.0","Local","Group Call","9","KC1JMH / Brad Br","Off","CTCSS/DCS","Off","1","1","1","Off","1","1","None","None","Off","Off","Off","Off","Normal Encryption","Off","Off","Off","Off","251.1","1","Off","Off","Off","Off","Off","Off","1","0","Off","0","0","0","0","0","0"
"2614","K1SA Portland 2m","147.36000","147.96000","A-Analog","Turbo","25K","100.0","100.0","Local","Group Call","9","KC1JMH / Brad Br","Off","CTCSS/DCS","Off","1","1","1","Off","1","1","None","None","Off","Off","Off","Off","Normal Encryption","Off","Off","Off","Off","251.1","1","Off","Off","Off","Off","Off","Off","1","0","Off","0","0","0","0","0","0"
"2615","K1JWM Gilsum","147.36000","147.96000","A-Analog","Turbo","25K","123.0","123.0","Local","Group Call","9","KC1JMH / Brad Br","Off","CTCSS/DCS","Off","1","1","1","Off","1","1","None","None","Off","Off","Off","Off","Normal Encryption","Off","Off","Off","Off","251.1","1","Off","Off","Off","Off","Off","Off","1","0","Off","0","0","0","0","0","0"
"2616","K1HF Springfield","147.37500","147.97500","A-Analog","Turbo","25K","100.0","100.0","Local","Group Call","9","KC1JMH / Brad Br","Off","CTCSS/DCS","Off","1","1","1","Off","1","1","None","None","Off","Off","Off","Off","Normal Encryption","Off","Off","Off","Off","251.1","1","Off","Off","Off","Off","Off","Off","1","0","Off","0","0","0","0","0","0"
"2617","NB1RI Westerly","147.39000","147.99000","A-Analog","Turbo","25K","67.0","67.0","Local","Group Call","9","KC1JMH / Brad Br","Off","CTCSS/DCS","Off","1","1","1","Off","1","1","None","None","Off","Off","Off","Off","Normal Encryption","Off","Off","Off","Off","251.1","1","Off","Off","Off","Off","Off","Off","1","0","Off","0","0","0","0","0","0"
"2618","N1LHP Pembroke","441.90000","446.90000","A-Analog","Turbo","25K","88.5","88.5","Local","Group Call","9","KC1JMH / Brad Br","Off","CTCSS/DCS","Off","1","1","1","Off","1","1","None","None","Off","Off","Off","Off","Normal Encryption","Off","Off","Off","Off","251.1","1","Off","Off","Off","Off","Off","Off","1","0","Off","0","0","0","0","0","0"
"2619","N1IMO Pitts 70cm","442.15000","447.15000","A-Analog","Turbo","25K","88.5","88.5","Local","Group Call","9","KC1JMH / Brad Br","Off","CTCSS/DCS","Off","1","1","1","Off","1","1","None","None","Off","Off","Off","Off","Normal Encryption","Off","Off","Off","Off","251.1","1","Off","Off","Off","Off","Off","Off","1","0","Off","0","0","0","0","0","0"
"2620","K5TEC Lowell","442.25000","447.25000","A-Analog","Turbo","25K","88.5","88.5","Local","Group Call","9","KC1JMH / Brad Br","Off","CTCSS/DCS","Off","1","1","1","Off","1","1","None","None","Off","Off","Off","Off","Normal Encryption","Off","Off","Off","Off","251.1","1","Off","Off","Off","Off","Off","Off","1","0","Off","0","0","0","0","0","0"
"2621","K1JC Chester","442.55000","447.55000","A-Analog","Turbo","25K","88.5","88.5","Local","Group Call","9","KC1JMH / Brad Br","Off","CTCSS/DCS","Off","1","1","1","Off","1","1","None","None","Off","Off","Off","Off","Normal Encryption","Off","Off","Off","Off","251.1","1","Off","Off","Off","Off","Off","Off","1","0","Off","0","0","0","0","0","0"
"2622","N1DCH Weston","442.70000","447.70000","A-Analog","Turbo","25K","88.5","88.5","Local","Group Call","9","KC1JMH / Brad Br","Off","CTCSS/DCS","Off","1","1","1","Off","1","1","None","None","Off","Off","Off","Off","Normal Encryption","Off","Off","Off","Off","251.1","1","Off","Off","Off","Off","Off","Off","1","0","Off","0","0","0","0","0","0"
"2623","KB1AEV Granville","442.75000","447.75000","A-Analog","Turbo","25K","151.4","151.4","Local","Group Call","9","KC1JMH / Brad Br","Off","CTCSS/DCS","Off","1","1","1","Off","1","1","None","None","Off","Off","Off","Off","Normal Encryption","Off","Off","Off","Off","251.1","1","Off","Off","Off","Off","Off","Off","1","0","Off","0","0","0","0","0","0"
"2624","N1NC Pepper 70cm","442.90000","447.90000","A-Analog","Turbo","25K","100.0","100.0","Local","Group Call","9","KC1JMH / Brad Br","Off","CTCSS/DCS","Off","1","1","1","Off","1","1","None","None","Off","Off","Off","Off","Normal Encryption","Off","Off","Off","Off","251.1","1","Off","Off","Off","Off","Off","Off","1","0","Off","0","0","0","0","0","0"
"2625","W1TOM Holyo 70cm","443.20000","448.20000","A-Analog","Turbo","25K","127.3","127.3","Local","Group Call","9","KC1JMH / Brad Br","Off","CTCSS/DCS","Off","1","1","1","Off","1","1","None","None","Off","Off","Off","Off","Normal Encryption","Off","Off","Off","Off","251.1","1","Off","Off","Off","Off","Off","Off","1","0","Off","0","0","0","0","0","0"
"2626","W1AKS Goffstown","443.40000","448.40000","A-Analog","Turbo","25K","186.2","186.2","Local","Group Call","9","KC1JMH / Brad Br","Off","CTCSS/DCS","Off","1","1","1","Off","1","1","None","None","Off","Off","Off","Off","Normal Encryption","Off","Off","Off","Off","251.1","1","Off","Off","Off","Off","Off","Off","1","0","Off","0","0","0","0","0","0"
"2627","N1IMO Holli 70cm","443.50000","448.50000","A-Analog","Turbo","25K","88.5","88.5","Local","Group Call","9","KC1JMH / Brad Br","Off","CTCSS/DCS","Off","1","1","1","Off","1","1","None","None","Off","Off","Off","Off","Normal Encryption","Off","Off","Off","Off","251.1","1","Off","Off","Off","Off","Off","Off","1","0","Off","0","0","0","0","0","0"
"2628","KA1UAG W Lebanon","443.50000","448.50000","A-Analog","Turbo","25K","131.8","131.8","Local","Group Call","9","KC1JMH / Brad Br","Off","CTCSS/DCS","Off","1","1","1","Off","1","1","None","None","Off","Off","Off","Off","Normal Encryption","Off","Off","Off","Off","251.1","1","Off","Off","Off","Off","Off","Off","1","0","Off","0","0","0","0","0","0"
"2629","W1FN Hanove 70cm","443.55000","448.55000","A-Analog","Turbo","25K","136.5","136.5","Local","Group Call","9","KC1JMH / Brad Br","Off","CTCSS/DCS","Off","1","1","1","Off","1","1","None","None","Off","Off","Off","Off","Normal Encryption","Off","Off","Off","Off","251.1","1","Off","Off","Off","Off","Off","Off","1","0","Off","0","0","0","0","0","0"
"2630","N1SIF Belchertow","443.70000","448.70000","A-Analog","Turbo","25K","179.9","179.9","Local","Group Call","9","KC1JMH / Brad Br","Off","CTCSS/DCS","Off","1","1","1","Off","1","1","None","None","Off","Off","Off","Off","Normal Encryption","Off","Off","Off","Off","251.1","1","Off","Off","Off","Off","Off","Off","1","0","Off","0","0","0","0","0","0"
"2631","N1LHP N Andover","444.10000","449.10000","A-Analog","Turbo","25K","Off","Off","Local","Group Call","9","KC1JMH / Brad Br","Off","Carrier","Off","1","1","1","Off","1","1","None","None","Off","Off","Off","Off","Normal Encryption","Off","Off","Off","Off","251.1","1","Off","Off","Off","Off","Off","Off","1","0","Off","0","0","0","0","0","0"
"2632","KC1FRJ Dixmont","444.20000","449.20000","A-Analog","Turbo","25K","100.0","100.0","Local","Group Call","9","KC1JMH / Brad Br","Off","CTCSS/DCS","Off","1","1","1","Off","1","1","None","None","Off","Off","Off","Off","Normal Encryption","Off","Off","Off","Off","251.1","1","Off","Off","Off","Off","Off","Off","1","0","Off","0","0","0","0","0","0"
"2633","N1HBG Provi 70cm","444.20000","449.20000","A-Analog","Turbo","25K","88.5","88.5","Local","Group Call","9","KC1JMH / Brad Br","Off","CTCSS/DCS","Off","1","1","1","Off","1","1","None","None","Off","Off","Off","Off","Normal Encryption","Off","Off","Off","Off","251.1","1","Off","Off","Off","Off","Off","Off","1","0","Off","0","0","0","0","0","0"
"2634","KA1MHA Middletow","444.35000","449.35000","A-Analog","Turbo","25K","67.0","67.0","Local","Group Call","9","KC1JMH / Brad Br","Off","CTCSS/DCS","Off","1","1","1","Off","1","1","None","None","Off","Off","Off","Off","Normal Encryption","Off","Off","Off","Off","251.1","1","Off","Off","Off","Off","Off","Off","1","0","Off","0","0","0","0","0","0"
"2635","N1ME Holden","444.40000","449.40000","A-Analog","Turbo","25K","Off","Off","Local","Group Call","9","KC1JMH / Brad Br","Off","Carrier","Off","1","1","1","Off","1","1","None","None","Off","Off","Off","Off","Normal Encryption","Off","Off","Off","Off","251.1","1","Off","Off","Off","Off","Off","Off","1","0","Off","0","0","0","0","0","0"
"2636","W1TKZ Wellesley","444.60000","449.60000","A-Analog","Turbo","25K","88.5","88.5","Local","Group Call","9","KC1JMH / Brad Br","Off","CTCSS/DCS","Off","1","1","1","Off","1","1","None","None","Off","Off","Off","Off","Normal Encryption","Off","Off","Off","Off","251.1","1","Off","Off","Off","Off","Off","Off","1","0","Off","0","0","0","0","0","0"
"2637","N1SNR Westb 70cm","444.60000","449.60000","A-Analog","Turbo","25K","82.5","82.5","Local","Group Call","9","KC1JMH / Brad Br","Off","CTCSS/DCS","Off","1","1","1","Off","1","1","None","None","Off","Off","Off","Off","Normal Encryption","Off","Off","Off","Off","251.1","1","Off","Off","Off","Off","Off","Off","1","0","Off","0","0","0","0","0","0"
"2638","N1DP Franklin","444.80000","449.80000","A-Analog","Turbo","25K","100.0","100.0","Local","Group Call","9","KC1JMH / Brad Br","Off","CTCSS/DCS","Off","1","1","1","Off","1","1","None","None","Off","Off","Off","Off","Normal Encryption","Off","Off","Off","Off","251.1","1","Off","Off","Off","Off","Off","Off","1","0","Off","0","0","0","0","0","0"
"2639","N1IMO Nashu 70cm","444.80000","449.80000","A-Analog","Turbo","25K","131.8","131.8","Local","Group Call","9","KC1JMH / Brad Br","Off","CTCSS/DCS","Off","1","1","1","Off","1","1","None","None","Off","Off","Off","Off","Normal Encryption","Off","Off","Off","Off","251.1","1","Off","Off","Off","Off","Off","Off","1","0","Off","0","0","0","0","0","0"
"2640","KA1UAG Enfield","444.90000","449.90000","A-Analog","Turbo","25K","131.8","131.8","Local","Group Call","9","KC1JMH / Brad Br","Off","CTCSS/DCS","Off","1","1","1","Off","1","1","None","None","Off","Off","Off","Off","Normal Encryption","Off","Off","Off","Off","251.1","1","Off","Off","Off","Off","Off","Off","1","0","Off","0","0","0","0","0","0"
"2641","WA1ABC Warwick","447.02500","442.02500","A-Analog","Turbo","25K","67.0","67.0","Local","Group Call","9","KC1JMH / Brad Br","Off","CTCSS/DCS","Off","1","1","1","Off","1","1","None","None","Off","Off","Off","Off","Normal Encryption","Off","Off","Off","Off","251.1","1","Off","Off","Off","Off","Off","Off","1","0","Off","0","0","0","0","0","0"
"2642","KB1DFN Natick","447.67500","442.67500","A-Analog","Turbo","25K","203.5","203.5","Local","Group Call","9","KC1JMH / Brad Br","Off","CTCSS/DCS","Off","1","1","1","Off","1","1","None","None","Off","Off","Off","Off","Normal Encryption","Off","Off","Off","Off","251.1","1","Off","Off","Off","Off","Off","Off","1","0","Off","0","0","0","0","0","0"
"2643","NA1HS N Attlebor","447.97500","442.97500","A-Analog","Turbo","25K","88.5","88.5","Local","Group Call","9","KC1JMH / Brad Br","Off","CTCSS/DCS","Off","1","1","1","Off","1","1","None","None","Off","Off","Off","Off","Normal Encryption","Off","Off","Off","Off","251.1","1","Off","Off","Off","Off","Off","Off","1","0","Off","0","0","0","0","0","0"
"2644","W1XOJ Paxton","447.98750","442.98750","A-Analog","Turbo","25K","136.5","136.5","Local","Group Call","9","KC1JMH / Brad Br","Off","CTCSS/DCS","Off","1","1","1","Off","1","1","None","None","Off","Off","Off","Off","Normal Encryption","Off","Off","Off","Off","251.1","1","Off","Off","Off","Off","Off","Off","1","0","Off","0","0","0","0","0","0"
"2645","NN1C Hopkinton","448.02500","443.02500","A-Analog","Turbo","25K","146.2","146.2","Local","Group Call","9","KC1JMH / Brad Br","Off","CTCSS/DCS","Off","1","1","1","Off","1","1","None","None","Off","Off","Off","Off","Normal Encryption","Off","Off","Off","Off","251.1","1","Off","Off","Off","Off","Off","Off","1","0","Off","0","0","0","0","0","0"
"2646","N1MIX Green 70cm","448.07500","443.07500","A-Analog","Turbo","25K","Off","Off","Local","Group Call","9","KC1JMH / Brad Br","Off","Carrier","Off","1","1","1","Off","1","1","None","None","Off","Off","Off","Off","Normal Encryption","Off","Off","Off","Off","251.1","1","Off","Off","Off","Off","Off","Off","1","0","Off","0","0","0","0","0","0"
"2647","W1BST Gilford","448.27500","443.27500","A-Analog","Turbo","25K","Off","Off","Local","Group Call","9","KC1JMH / Brad Br","Off","Carrier","Off","1","1","1","Off","1","1","None","None","Off","Off","Off","Off","Normal Encryption","Off","Off","Off","Off","251.1","1","Off","Off","Off","Off","Off","Off","1","0","Off","0","0","0","0","0","0"
"2648","K1LBG Wrentham","448.57500","443.57500","A-Analog","Turbo","25K","88.5","88.5","Local","Group Call","9","KC1JMH / Brad Br","Off","CTCSS/DCS","Off","1","1","1","Off","1","1","None","None","Off","Off","Off","Off","Normal Encryption","Off","Off","Off","Off","251.1","1","Off","Off","Off","Off","Off","Off","1","0","Off","0","0","0","0","0","0"
"2649","NN1C Newton","448.67500","443.67500","A-Analog","Turbo","25K","218.1","218.1","Local","Group Call","9","KC1JMH / Brad Br","Off","CTCSS/DCS","Off","1","1","1","Off","1","1","None","None","Off","Off","Off","Off","Normal Encryption","Off","Off","Off","Off","251.1","1","Off","Off","Off","Off","Off","Off","1","0","Off","0","0","0","0","0","0"
"2650","W1WPI Worce 70cm","449.02500","444.02500","A-Analog","Turbo","25K","88.5","88.5","Local","Group Call","9","KC1JMH / Brad Br","Off","CTCSS/DCS","Off","1","1","1","Off","1","1","None","None","Off","Off","Off","Off","Normal Encryption","Off","Off","Off","Off","251.1","1","Off","Off","Off","Off","Off","Off","1","0","Off","0","0","0","0","0","0"
"2651","W1IMD Woodstock","449.02500","444.02500","A-Analog","Turbo","25K","82.5","82.5","Local","Group Call","9","KC1JMH / Brad Br","Off","CTCSS/DCS","Off","1","1","1","Off","1","1","None","None","Off","Off","Off","Off","Normal Encryption","Off","Off","Off","Off","251.1","1","Off","Off","Off","Off","Off","Off","1","0","Off","0","0","0","0","0","0"
"2652","NE1AR Milto 70cm","449.12500","444.12500","A-Analog","Turbo","25K","146.2","146.2","Local","Group Call","9","KC1JMH / Brad Br","Off","CTCSS/DCS","Off","1","1","1","Off","1","1","None","None","Off","Off","Off","Off","Normal Encryption","Off","Off","Off","Off","251.1","1","Off","Off","Off","Off","Off","Off","1","0","Off","0","0","0","0","0","0"
"2653","N1JBC N Providen","449.22500","444.22500","A-Analog","Turbo","25K","141.3","141.3","Local","Group Call","9","KC1JMH / Brad Br","Off","CTCSS/DCS","Off","1","1","1","Off","1","1","None","None","Off","Off","Off","Off","Normal Encryption","Off","Off","Off","Off","251.1","1","Off","Off","Off","Off","Off","Off","1","0","Off","0","0","0","0","0","0"
"2654","N3LEE Greenville","449.27500","444.27500","A-Analog","Turbo","25K","100.0","100.0","Local","Group Call","9","KC1JMH / Brad Br","Off","CTCSS/DCS","Off","1","1","1","Off","1","1","None","None","Off","Off","Off","Off","Normal Encryption","Off","Off","Off","Off","251.1","1","Off","Off","Off","Off","Off","Off","1","0","Off","0","0","0","0","0","0"
"2655","W1JIB Harpswell","449.32500","444.32500","A-Analog","Turbo","25K","110.9","110.9","Local","Group Call","9","KC1JMH / Brad Br","Off","CTCSS/DCS","Off","1","1","1","Off","1","1","None","None","Off","Off","Off","Off","Normal Encryption","Off","Off","Off","Off","251.1","1","Off","Off","Off","Off","Off","Off","1","0","Off","0","0","0","0","0","0"
"2656","N1IMO Peterborou","449.37500","444.37500","A-Analog","Turbo","25K","88.5","88.5","Local","Group Call","9","KC1JMH / Brad Br","Off","CTCSS/DCS","Off","1","1","1","Off","1","1","None","None","Off","Off","Off","Off","Normal Encryption","Off","Off","Off","Off","251.1","1","Off","Off","Off","Off","Off","Off","1","0","Off","0","0","0","0","0","0"
"2657","WA1ZYX Deerfield","449.45000","444.45000","A-Analog","Turbo","25K","123.0","123.0","Local","Group Call","9","KC1JMH / Brad Br","Off","CTCSS/DCS","Off","1","1","1","Off","1","1","None","None","Off","Off","Off","Off","Normal Encryption","Off","Off","Off","Off","251.1","1","Off","Off","Off","Off","Off","Off","1","0","Off","0","0","0","0","0","0"
"2658","N1LMA Westerly","449.67500","444.67500","A-Analog","Turbo","25K","127.3","127.3","Local","Group Call","9","KC1JMH / Brad Br","Off","CTCSS/DCS","Off","1","1","1","Off","1","1","None","None","Off","Off","Off","Off","Normal Encryption","Off","Off","Off","Off","251.1","1","Off","Off","Off","Off","Off","Off","1","0","Off","0","0","0","0","0","0"
"2659","N1GNN Exeter","449.72500","444.72500","A-Analog","Turbo","25K","103.5","103.5","Local","Group Call","9","KC1JMH / Brad Br","Off","CTCSS/DCS","Off","1","1","1","Off","1","1","None","None","Off","Off","Off","Off","Normal Encryption","Off","Off","Off","Off","251.1","1","Off","Off","Off","Off","Off","Off","1","0","Off","0","0","0","0","0","0"
"2660","NY1Z Salem","449.77500","444.77500","A-Analog","Turbo","25K","Off","Off","Local","Group Call","9","KC1JMH / Brad Br","Off","Carrier","Off","1","1","1","Off","1","1","None","None","Off","Off","Off","Off","Normal Encryption","Off","Off","Off","Off","251.1","1","Off","Off","Off","Off","Off","Off","1","0","Off","0","0","0","0","0","0"
"2661","N1PAH Pelham","449.82500","444.82500","A-Analog","Turbo","25K","110.9","110.9","Local","Group Call","9","KC1JMH / Brad Br","Off","CTCSS/DCS","Off","1","1","1","Off","1","1","None","None","Off","Off","Off","Off","Normal Encryption","Off","Off","Off","Off","251.1","1","Off","Off","Off","Off","Off","Off","1","0","Off","0","0","0","0","0","0"
"2662","N1LHP Woburn","449.82500","444.82500","A-Analog","Turbo","25K","136.5","136.5","Local","Group Call","9","KC1JMH / Brad Br","Off","CTCSS/DCS","Off","1","1","1","Off","1","1","None","None","Off","Off","Off","Off","Normal Encryption","Off","Off","Off","Off","251.1","1","Off","Off","Off","Off","Off","Off","1","0","Off","0","0","0","0","0","0"
"2663","N1PCE White 70cm","449.82500","444.82500","A-Analog","Turbo","25K","82.5","82.5","Local","Group Call","9","KC1JMH / Brad Br","Off","CTCSS/DCS","Off","1","1","1","Off","1","1","None","None","Off","Off","Off","Off","Normal Encryption","Off","Off","Off","Off","251.1","1","Off","Off","Off","Off","Off","Off","1","0","Off","0","0","0","0","0","0"
"2664","W1MRA Marlb 70cm","449.92500","444.92500","A-Analog","Turbo","25K","88.5","88.5","Local","Group Call","9","KC1JMH / Brad Br","Off","CTCSS/DCS","Off","1","1","1","Off","1","1","None","None","Off","Off","Off","Off","Normal Encryption","Off","Off","Off","Off","251.1","1","Off","Off","Off","Off","Off","Off","1","0","Off","0","0","0","0","0","0"
"2665","W1WNS W Greenwic","449.93750","444.93750","A-Analog","Turbo","25K","Off","Off","Local","Group Call","9","KC1JMH / Brad Br","Off","Carrier","Off","1","1","1","Off","1","1","None","None","Off","Off","Off","Off","Normal Encryption","Off","Off","Off","Off","251.1","1","Off","Off","Off","Off","Off","Off","1","0","Off","0","0","0","0","0","0"
"2666","W1BRS Vernon","145.11000","144.51000","A-Analog","Turbo","25K","77.0","77.0","Local","Group Call","9","KC1JMH / Brad Br","Off","CTCSS/DCS","Off","1","1","1","Off","1","1","None","None","Off","Off","Off","Off","Normal Encryption","Off","Off","Off","Off","251.1","1","Off","Off","Off","Off","Off","Off","1","0","Off","0","0","0","0","0","0"
"2667","K1YON E Hartland","145.23000","144.63000","A-Analog","Turbo","25K","Off","Off","Local","Group Call","9","KC1JMH / Brad Br","Off","Carrier","Off","1","1","1","Off","1","1","None","None","Off","Off","Off","Off","Normal Encryption","Off","Off","Off","Off","251.1","1","Off","Off","Off","Off","Off","Off","1","0","Off","0","0","0","0","0","0"
"2668","W1BCG Killingwor","145.29000","144.69000","A-Analog","Turbo","25K","110.9","110.9","Local","Group Call","9","KC1JMH / Brad Br","Off","CTCSS/DCS","Off","1","1","1","Off","1","1","None","None","Off","Off","Off","Off","Normal Encryption","Off","Off","Off","Off","251.1","1","Off","Off","Off","Off","Off","Off","1","0","Off","0","0","0","0","0","0"
"2669","W1HDN Vernon","145.41000","144.81000","A-Analog","Turbo","25K","141.3","141.3","Local","Group Call","9","KC1JMH / Brad Br","Off","CTCSS/DCS","Off","1","1","1","Off","1","1","None","None","Off","Off","Off","Off","Normal Encryption","Off","Off","Off","Off","251.1","1","Off","Off","Off","Off","Off","Off","1","0","Off","0","0","0","0","0","0"
"2670","W1AW Newington","145.45000","144.85000","A-Analog","Turbo","25K","127.3","127.3","Local","Group Call","9","KC1JMH / Brad Br","Off","CTCSS/DCS","Off","1","1","1","Off","1","1","None","None","Off","Off","Off","Off","Normal Encryption","Off","Off","Off","Off","251.1","1","Off","Off","Off","Off","Off","Off","1","0","Off","0","0","0","0","0","0"
"2671","K9OEM Glastonbur","145.47000","144.87000","A-Analog","Turbo","25K","77.0","77.0","Local","Group Call","9","KC1JMH / Brad Br","Off","CTCSS/DCS","Off","1","1","1","Off","1","1","None","None","Off","Off","Off","Off","Normal Encryption","Off","Off","Off","Off","251.1","1","Off","Off","Off","Off","Off","Off","1","0","Off","0","0","0","0","0","0"
"2672","N1NW Baltic","146.73000","146.13000","A-Analog","Turbo","25K","156.7","156.7","Local","Group Call","9","KC1JMH / Brad Br","Off","CTCSS/DCS","Off","1","1","1","Off","1","1","None","None","Off","Off","Off","Off","Normal Encryption","Off","Off","Off","Off","251.1","1","Off","Off","Off","Off","Off","Off","1","0","Off","0","0","0","0","0","0"
"2673","NA1RA New Milfor","146.73000","146.13000","A-Analog","Turbo","25K","151.4","151.4","Local","Group Call","9","KC1JMH / Brad Br","Off","CTCSS/DCS","Off","1","1","1","Off","1","1","None","None","Off","Off","Off","Off","Normal Encryption","Off","Off","Off","Off","251.1","1","Off","Off","Off","Off","Off","Off","1","0","Off","0","0","0","0","0","0"
"2674","W1HDN Vernon 2m","146.79000","146.19000","A-Analog","Turbo","25K","82.5","82.5","Local","Group Call","9","KC1JMH / Brad Br","Off","CTCSS/DCS","Off","1","1","1","Off","1","1","None","None","Off","Off","Off","Off","Normal Encryption","Off","Off","Off","Off","251.1","1","Off","Off","Off","Off","Off","Off","1","0","Off","0","0","0","0","0","0"
"2675","W1HDN Torrington","146.85000","146.25000","A-Analog","Turbo","25K","141.3","141.3","Local","Group Call","9","KC1JMH / Brad Br","Off","CTCSS/DCS","Off","1","1","1","Off","1","1","None","None","Off","Off","Off","Off","Normal Encryption","Off","Off","Off","Off","251.1","1","Off","Off","Off","Off","Off","Off","1","0","Off","0","0","0","0","0","0"
"2676","N1TUP Manchester","147.04500","147.64500","A-Analog","Turbo","25K","88.5","88.5","Local","Group Call","9","KC1JMH / Brad Br","Off","CTCSS/DCS","Off","1","1","1","Off","1","1","None","None","Off","Off","Off","Off","Normal Encryption","Off","Off","Off","Off","251.1","1","Off","Off","Off","Off","Off","Off","1","0","Off","0","0","0","0","0","0"
"2677","W1DX Salem","147.06000","147.66000","A-Analog","Turbo","25K","156.7","156.7","Local","Group Call","9","KC1JMH / Brad Br","Off","CTCSS/DCS","Off","1","1","1","Off","1","1","None","None","Off","Off","Off","Off","Normal Encryption","Off","Off","Off","Off","251.1","1","Off","Off","Off","Off","Off","Off","1","0","Off","0","0","0","0","0","0"
"2678","W1EDH Glastonbur","147.09000","147.69000","A-Analog","Turbo","25K","110.9","110.9","Local","Group Call","9","KC1JMH / Brad Br","Off","CTCSS/DCS","Off","1","1","1","Off","1","1","None","None","Off","Off","Off","Off","Normal Encryption","Off","Off","Off","Off","251.1","1","Off","Off","Off","Off","Off","Off","1","0","Off","0","0","0","0","0","0"
"2679","W1HDN Danbury","147.12000","147.72000","A-Analog","Turbo","25K","141.3","141.3","Local","Group Call","9","KC1JMH / Brad Br","Off","CTCSS/DCS","Off","1","1","1","Off","1","1","None","None","Off","Off","Off","Off","Normal Encryption","Off","Off","Off","Off","251.1","1","Off","Off","Off","Off","Off","Off","1","0","Off","0","0","0","0","0","0"
"2680","W1HDN Prospect","147.18000","147.78000","A-Analog","Turbo","25K","141.3","141.3","Local","Group Call","9","KC1JMH / Brad Br","Off","CTCSS/DCS","Off","1","1","1","Off","1","1","None","None","Off","Off","Off","Off","Normal Encryption","Off","Off","Off","Off","251.1","1","Off","Off","Off","Off","Off","Off","1","0","Off","0","0","0","0","0","0"
"2681","K1MUJ Brooklyn","147.22500","147.82500","A-Analog","Turbo","25K","156.7","156.7","Local","Group Call","9","KC1JMH / Brad Br","Off","CTCSS/DCS","Off","1","1","1","Off","1","1","None","None","Off","Off","Off","Off","Normal Encryption","Off","Off","Off","Off","251.1","1","Off","Off","Off","Off","Off","Off","1","0","Off","0","0","0","0","0","0"
"2682","KB1AEV Torringto","147.24000","147.84000","A-Analog","Turbo","25K","151.4","151.4","Local","Group Call","9","KC1JMH / Brad Br","Off","CTCSS/DCS","Off","1","1","1","Off","1","1","None","None","Off","Off","Off","Off","Normal Encryption","Off","Off","Off","Off","251.1","1","Off","Off","Off","Off","Off","Off","1","0","Off","0","0","0","0","0","0"
"2683","KB1AEV Barkhamst","147.27000","147.87000","A-Analog","Turbo","25K","151.4","151.4","Local","Group Call","9","KC1JMH / Brad Br","Off","CTCSS/DCS","Off","1","1","1","Off","1","1","None","None","Off","Off","Off","Off","Normal Encryption","Off","Off","Off","Off","251.1","1","Off","Off","Off","Off","Off","Off","1","0","Off","0","0","0","0","0","0"
"2684","W1QI Danbury","147.30000","147.90000","A-Analog","Turbo","25K","100.0","100.0","Local","Group Call","9","KC1JMH / Brad Br","Off","CTCSS/DCS","Off","1","1","1","Off","1","1","None","None","Off","Off","Off","Off","Normal Encryption","Off","Off","Off","Off","251.1","1","Off","Off","Off","Off","Off","Off","1","0","Off","0","0","0","0","0","0"
"2685","NA1RC Lebanon","147.30000","147.90000","A-Analog","Turbo","25K","77.0","77.0","Local","Group Call","9","KC1JMH / Brad Br","Off","CTCSS/DCS","Off","1","1","1","Off","1","1","None","None","Off","Off","Off","Off","Normal Encryption","Off","Off","Off","Off","251.1","1","Off","Off","Off","Off","Off","Off","1","0","Off","0","0","0","0","0","0"
"2686","W1EOO Winsted","147.33000","147.93000","A-Analog","Turbo","25K","141.3","141.3","Local","Group Call","9","KC1JMH / Brad Br","Off","CTCSS/DCS","Off","1","1","1","Off","1","1","None","None","Off","Off","Off","Off","Normal Encryption","Off","Off","Off","Off","251.1","1","Off","Off","Off","Off","Off","Off","1","0","Off","0","0","0","0","0","0"
"2687","KB1AEV Vernon","147.34500","147.94500","A-Analog","Turbo","25K","151.4","151.4","Local","Group Call","9","KC1JMH / Brad Br","Off","CTCSS/DCS","Off","1","1","1","Off","1","1","None","None","Off","Off","Off","Off","Normal Encryption","Off","Off","Off","Off","251.1","1","Off","Off","Off","Off","Off","Off","1","0","Off","0","0","0","0","0","0"
"2688","N1ZU Fairfield","440.45000","445.45000","A-Analog","Turbo","25K","77.0","77.0","Local","Group Call","9","KC1JMH / Brad Br","Off","CTCSS/DCS","Off","1","1","1","Off","1","1","None","None","Off","Off","Off","Off","Normal Encryption","Off","Off","Off","Off","251.1","1","Off","Off","Off","Off","Off","Off","1","0","Off","0","0","0","0","0","0"
"2689","KB1AEV Watertown","441.65000","446.65000","A-Analog","Turbo","25K","151.4","151.4","Local","Group Call","9","KC1JMH / Brad Br","Off","CTCSS/DCS","Off","1","1","1","Off","1","1","None","None","Off","Off","Off","Off","Normal Encryption","Off","Off","Off","Off","251.1","1","Off","Off","Off","Off","Off","Off","1","0","Off","0","0","0","0","0","0"
"2690","N1TUP Stafford S","441.80000","446.80000","A-Analog","Turbo","25K","77.0","77.0","Local","Group Call","9","KC1JMH / Brad Br","Off","CTCSS/DCS","Off","1","1","1","Off","1","1","None","None","Off","Off","Off","Off","Normal Encryption","Off","Off","Off","Off","251.1","1","Off","Off","Off","Off","Off","Off","1","0","Off","0","0","0","0","0","0"
"2691","NA1RA Washington","441.85000","446.85000","A-Analog","Turbo","25K","151.4","151.4","Local","Group Call","9","KC1JMH / Brad Br","Off","CTCSS/DCS","Off","1","1","1","Off","1","1","None","None","Off","Off","Off","Off","Normal Encryption","Off","Off","Off","Off","251.1","1","Off","Off","Off","Off","Off","Off","1","0","Off","0","0","0","0","0","0"
"2692","KB1AEV Torr 70cm","442.25000","447.25000","A-Analog","Turbo","25K","151.4","151.4","Local","Group Call","9","KC1JMH / Brad Br","Off","CTCSS/DCS","Off","1","1","1","Off","1","1","None","None","Off","Off","Off","Off","Normal Encryption","Off","Off","Off","Off","251.1","1","Off","Off","Off","Off","Off","Off","1","0","Off","0","0","0","0","0","0"
"2693","W1WPD Woodbridge","442.50000","447.50000","A-Analog","Turbo","25K","77.0","77.0","Local","Group Call","9","KC1JMH / Brad Br","Off","CTCSS/DCS","Off","1","1","1","Off","1","1","None","None","Off","Off","Off","Off","Normal Encryption","Off","Off","Off","Off","251.1","1","Off","Off","Off","Off","Off","Off","1","0","Off","0","0","0","0","0","0"
"2694","KB1AEV Vern 70cm","442.60000","447.60000","A-Analog","Turbo","25K","151.4","151.4","Local","Group Call","9","KC1JMH / Brad Br","Off","CTCSS/DCS","Off","1","1","1","Off","1","1","None","None","Off","Off","Off","Off","Normal Encryption","Off","Off","Off","Off","251.1","1","Off","Off","Off","Off","Off","Off","1","0","Off","0","0","0","0","0","0"
"2695","W1HDN Verno 70cm","443.30000","448.30000","A-Analog","Turbo","25K","114.8","114.8","Local","Group Call","9","KC1JMH / Brad Br","Off","CTCSS/DCS","Off","1","1","1","Off","1","1","None","None","Off","Off","Off","Off","Normal Encryption","Off","Off","Off","Off","251.1","1","Off","Off","Off","Off","Off","Off","1","0","Off","0","0","0","0","0","0"
"2696","W1HDN Torri 70cm","443.60000","448.60000","A-Analog","Turbo","25K","82.5","82.5","Local","Group Call","9","KC1JMH / Brad Br","Off","CTCSS/DCS","Off","1","1","1","Off","1","1","None","None","Off","Off","Off","Off","Normal Encryption","Off","Off","Off","Off","251.1","1","Off","Off","Off","Off","Off","Off","1","0","Off","0","0","0","0","0","0"
"2697","W1HDN Danbu 70cm","443.65000","448.65000","A-Analog","Turbo","25K","141.3","141.3","Local","Group Call","9","KC1JMH / Brad Br","Off","CTCSS/DCS","Off","1","1","1","Off","1","1","None","None","Off","Off","Off","Off","Normal Encryption","Off","Off","Off","Off","251.1","1","Off","Off","Off","Off","Off","Off","1","0","Off","0","0","0","0","0","0"
"2698","KB1AEV Meriden","444.20000","449.20000","A-Analog","Turbo","25K","151.4","151.4","Local","Group Call","9","KC1JMH / Brad Br","Off","CTCSS/DCS","Off","1","1","1","Off","1","1","None","None","Off","Off","Off","Off","Normal Encryption","Off","Off","Off","Off","251.1","1","Off","Off","Off","Off","Off","Off","1","0","Off","0","0","0","0","0","0"
"2699","KB1AEV Harwingto","444.65000","449.65000","A-Analog","Turbo","25K","151.4","151.4","Local","Group Call","9","KC1JMH / Brad Br","Off","CTCSS/DCS","Off","1","1","1","Off","1","1","None","None","Off","Off","Off","Off","Normal Encryption","Off","Off","Off","Off","251.1","1","Off","Off","Off","Off","Off","Off","1","0","Off","0","0","0","0","0","0"
"2700","W1XOJ E. Hartlan","448.00000","443.00000","A-Analog","Turbo","25K","162.2","162.2","Local","Group Call","9","KC1JMH / Brad Br","Off","CTCSS/DCS","Off","1","1","1","Off","1","1","None","None","Off","Off","Off","Off","Normal Encryption","Off","Off","Off","Off","251.1","1","Off","Off","Off","Off","Off","Off","1","0","Off","0","0","0","0","0","0"
"2701","W1XOJ Meriden","448.00000","443.00000","A-Analog","Turbo","25K","192.8","192.8","Local","Group Call","9","KC1JMH / Brad Br","Off","CTCSS/DCS","Off","1","1","1","Off","1","1","None","None","Off","Off","Off","Off","Normal Encryption","Off","Off","Off","Off","251.1","1","Off","Off","Off","Off","Off","Off","1","0","Off","0","0","0","0","0","0"
"2702","WE1SPN Bristol","448.72500","443.72500","A-Analog","Turbo","25K","77.0","77.0","Local","Group Call","9","KC1JMH / Brad Br","Off","CTCSS/DCS","Off","1","1","1","Off","1","1","None","None","Off","Off","Off","Off","Normal Encryption","Off","Off","Off","Off","251.1","1","Off","Off","Off","Off","Off","Off","1","0","Off","0","0","0","0","0","0"
"2703","W1EDH Glast 70cm","449.62500","444.62500","A-Analog","Turbo","25K","110.9","110.9","Local","Group Call","9","KC1JMH / Brad Br","Off","CTCSS/DCS","Off","1","1","1","Off","1","1","None","None","Off","Off","Off","Off","Normal Encryption","Off","Off","Off","Off","251.1","1","Off","Off","Off","Off","Off","Off","1","0","Off","0","0","0","0","0","0"
"2704","W1BD Williamstow","146.62500","146.02500","A-Analog","Turbo","25K","100.0","100.0","Local","Group Call","9","KC1JMH / Brad Br","Off","CTCSS/DCS","Off","1","1","1","Off","1","1","None","None","Off","Off","Off","Off","Normal Encryption","Off","Off","Off","Off","251.1","1","Off","Off","Off","Off","Off","Off","1","0","Off","0","0","0","0","0","0"
"2705","K1JAY Jay Peak","146.74500","146.14500","A-Analog","Turbo","25K","100.0","100.0","Local","Group Call","9","KC1JMH / Brad Br","Off","CTCSS/DCS","Off","1","1","1","Off","1","1","None","None","Off","Off","Off","Off","Normal Encryption","Off","Off","Off","Off","251.1","1","Off","Off","Off","Off","Off","Off","1","0","Off","0","0","0","0","0","0"
"2706","W1CTE Essex Jct","146.85000","146.25000","A-Analog","Turbo","25K","100.0","100.0","Local","Group Call","9","KC1JMH / Brad Br","Off","CTCSS/DCS","Off","1","1","1","Off","1","1","None","None","Off","Off","Off","Off","Normal Encryption","Off","Off","Off","Off","251.1","1","Off","Off","Off","Off","Off","Off","1","0","Off","0","0","0","0","0","0"
"2707","K1MOQ Tunbridge","146.97000","146.37000","A-Analog","Turbo","25K","100.0","100.0","Local","Group Call","9","KC1JMH / Brad Br","Off","CTCSS/DCS","Off","1","1","1","Off","1","1","None","None","Off","Off","Off","Off","Normal Encryption","Off","Off","Off","Off","251.1","1","Off","Off","Off","Off","Off","Off","1","0","Off","0","0","0","0","0","0"
"2708","N1HWI Marlboro","147.01500","147.61500","A-Analog","Turbo","25K","100.0","100.0","Local","Group Call","9","KC1JMH / Brad Br","Off","CTCSS/DCS","Off","1","1","1","Off","1","1","None","None","Off","Off","Off","Off","Normal Encryption","Off","Off","Off","Off","251.1","1","Off","Off","Off","Off","Off","Off","1","0","Off","0","0","0","0","0","0"
"2709","N1STA St Albans","443.40000","448.40000","A-Analog","Turbo","25K","162.2","162.2","Local","Group Call","9","KC1JMH / Brad Br","Off","CTCSS/DCS","Off","1","1","1","Off","1","1","None","None","Off","Off","Off","Off","Normal Encryption","Off","Off","Off","Off","251.1","1","Off","Off","Off","Off","Off","Off","1","0","Off","0","0","0","0","0","0"
"2710","K1EQX Mt Equinox","444.05000","449.05000","A-Analog","Turbo","25K","100.0","100.0","Local","Group Call","9","KC1JMH / Brad Br","Off","CTCSS/DCS","Off","1","1","1","Off","1","1","None","None","Off","Off","Off","Off","Normal Encryption","Off","Off","Off","Off","251.1","1","Off","Off","Off","Off","Off","Off","1","0","Off","0","0","0","0","0","0"
"2711","W1ABI Killington","444.55000","449.55000","A-Analog","Turbo","25K","110.9","110.9","Local","Group Call","9","KC1JMH / Brad Br","Off","CTCSS/DCS","Off","1","1","1","Off","1","1","None","None","Off","Off","Off","Off","Normal Encryption","Off","Off","Off","Off","251.1","1","Off","Off","Off","Off","Off","Off","1","0","Off","0","0","0","0","0","0"
"2712","W1AAK Monkton","444.65000","449.65000","A-Analog","Turbo","25K","110.9","110.9","Local","Group Call","9","KC1JMH / Brad Br","Off","CTCSS/DCS","Off","1","1","1","Off","1","1","None","None","Off","Off","Off","Off","Normal Encryption","Off","Off","Off","Off","251.1","1","Off","Off","Off","Off","Off","Off","1","0","Off","0","0","0","0","0","0"
"2713","WA1KFX Newfane","444.70000","449.70000","A-Analog","Turbo","25K","110.9","110.9","Local","Group Call","9","KC1JMH / Brad Br","Off","CTCSS/DCS","Off","1","1","1","Off","1","1","None","None","Off","Off","Off","Off","Normal Encryption","Off","Off","Off","Off","251.1","1","Off","Off","Off","Off","Off","Off","1","0","Off","0","0","0","0","0","0"
"2714","K1JAY Jay P 70cm","447.22500","442.22500","A-Analog","Turbo","25K","100.0","100.0","Local","Group Call","9","KC1JMH / Brad Br","Off","CTCSS/DCS","Off","1","1","1","Off","1","1","None","None","Off","Off","Off","Off","Normal Encryption","Off","Off","Off","Off","251.1","1","Off","Off","Off","Off","Off","Off","1","0","Off","0","0","0","0","0","0"
"2715","W1AAK Burke","449.12500","444.12500","A-Analog","Turbo","25K","110.9","110.9","Local","Group Call","9","KC1JMH / Brad Br","Off","CTCSS/DCS","Off","1","1","1","Off","1","1","None","None","Off","Off","Off","Off","Normal Encryption","Off","Off","Off","Off","251.1","1","Off","Off","Off","Off","Off","Off","1","0","Off","0","0","0","0","0","0"
"2716","W1PSQ Milo","147.15000","147.75000","A-Analog","Turbo","25K","123.0","123.0","Local","Group Call","9","KC1JMH / Brad Br","Off","CTCSS/DCS","Off","1","1","1","Off","1","1","None","None","Off","Off","Off","Off","Normal Encryption","Off","Off","Off","Off","251.1","1","Off","Off","Off","Off","Off","Off","1","0","Off","0","0","0","0","0","0"
"2717","N1SJV Fort Kent","146.64000","146.04000","A-Analog","Turbo","25K","100.0","100.0","Local","Group Call","9","KC1JMH / Brad Br","Off","CTCSS/DCS","Off","1","1","1","Off","1","1","None","None","Off","Off","Off","Off","Normal Encryption","Off","Off","Off","Off","251.1","1","Off","Off","Off","Off","Off","Off","1","0","Off","0","0","0","0","0","0"
"2718","W1BC Houlton","146.79000","146.19000","A-Analog","Turbo","25K","100.0","100.0","Local","Group Call","9","KC1JMH / Brad Br","Off","CTCSS/DCS","Off","1","1","1","Off","1","1","None","None","Off","Off","Off","Off","Normal Encryption","Off","Off","Off","Off","251.1","1","Off","Off","Off","Off","Off","Off","1","0","Off","0","0","0","0","0","0"
"2719","W1TU Hulls Cove","147.03000","147.63000","A-Analog","Turbo","25K","100.0","100.0","Local","Group Call","9","KC1JMH / Brad Br","Off","CTCSS/DCS","Off","1","1","1","Off","1","1","None","None","Off","Off","Off","Off","Normal Encryption","Off","Off","Off","Off","251.1","1","Off","Off","Off","Off","Off","Off","1","0","Off","0","0","0","0","0","0"
"2720","W1OCA Norway","147.12000","147.72000","A-Analog","Turbo","25K","136.5","136.5","Local","Group Call","9","KC1JMH / Brad Br","Off","CTCSS/DCS","Off","1","1","1","Off","1","1","None","None","Off","Off","Off","Off","Normal Encryption","Off","Off","Off","Off","251.1","1","Off","Off","Off","Off","Off","Off","1","0","Off","0","0","0","0","0","0"
"2721","K1HF Marshfield","146.77500","146.17500","A-Analog","Turbo","25K","192.8","192.8","Local","Group Call","9","KC1JMH / Brad Br","Off","CTCSS/DCS","Off","1","1","1","Off","1","1","None","None","Off","Off","Off","Off","Normal Encryption","Off","Off","Off","Off","251.1","1","Off","Off","Off","Off","Off","Off","1","0","Off","0","0","0","0","0","0"
"2722","W1EMA Knox 70cm","443.50000","448.50000","A-Analog","Turbo","25K","103.5","103.5","Local","Group Call","9","KC1JMH / Brad Br","Off","CTCSS/DCS","Off","1","1","1","Off","1","1","None","None","Off","Off","Off","Off","Normal Encryption","Off","Off","Off","Off","251.1","1","Off","Off","Off","Off","Off","Off","1","0","Off","0","0","0","0","0","0"
"2723","ME 145.450","145.45000","144.85000","A-Analog","Turbo","25K","67.0","67.0","Local","Group Call","9","KC1JMH / Brad Br","Off","CTCSS/DCS","Off","1","1","1","Off","1","1","None","None","Off","Off","Off","Off","Normal Encryption","Off","Off","Off","Off","251.1","1","Off","Off","Off","Off","Off","Off","1","0","Off","0","0","0","0","0","0"
"2724","ME 147.595","147.59500","147.59500","A-Analog","Mid","25K","Off","Off","Local","Group Call","9","KC1JMH / Brad Br","Off","Carrier","Off","1","1","1","Off","1","1","None","None","Off","Off","Off","Off","Normal Encryption","Off","Off","Off","Off","251.1","1","Off","Off","Off","Off","Off","Off","1","0","Off","0","0","0","0","0","0"
"2725","Oakland-650","462.65000","467.65000","A-Analog","High","25K","Off","100.0","Local","Group Call","9","KC1JMH / Brad Br","Off","Carrier","Off","1","1","1","Off","1","1","GMRS","None","Off","Off","Off","Off","Normal Encryption","Off","Off","Off","Off","251.1","0","Off","Off","Off","Off","Off","Off","1","0","Off","0","0","0","0","0","0"
"2726","Presque Isle-625","462.62500","467.62500","A-Analog","High","25K","Off","77.0","Local","Group Call","9","KC1JMH / Brad Br","Off","Carrier","Off","1","1","1","Off","1","1","GMRS","None","Off","Off","Off","Off","Normal Encryption","Off","Off","Off","Off","251.1","0","Off","Off","Off","Off","Off","Off","1","0","Off","0","0","0","0","0","0"
"2727","Gardiner-600","462.60000","467.60000","A-Analog","High","25K","Off","123.0","Local","Group Call","9","KC1JMH / Brad Br","Off","Carrier","Off","1","1","1","Off","1","1","GMRS","None","Off","Off","Off","Off","Normal Encryption","Off","Off","Off","Off","251.1","0","Off","Off","Off","Off","Off","Off","1","0","Off","0","0","0","0","0","0"
"2728","York-725","462.72500","467.72500","A-Analog","High","25K","Off","141.3","Local","Group Call","9","KC1JMH / Brad Br","Off","Carrier","Off","1","1","1","Off","1","1","GMRS","None","Off","Off","Off","Off","Normal Encryption","Off","Off","Off","Off","251.1","0","Off","Off","Off","Off","Off","Off","1","0","Off","0","0","0","0","0","0"
"2729","Camden-700","462.70000","467.70000","A-Analog","High","25K","Off","77.0","Local","Group Call","9","KC1JMH / Brad Br","Off","Carrier","Off","1","1","1","Off","1","1","GMRS","None","Off","Off","Off","Off","Normal Encryption","Off","Off","Off","Off","251.1","0","Off","Off","Off","Off","Off","Off","1","0","Off","0","0","0","0","0","0"
"2730","Frankfort-675","462.67500","467.67500","A-Analog","High","25K","Off","77.0","Local","Group Call","9","KC1JMH / Brad Br","Off","Carrier","Off","1","1","1","Off","1","1","GMRS","None","Off","Off","Off","Off","Normal Encryption","Off","Off","Off","Off","251.1","0","Off","Off","Off","Off","Off","Off","1","0","Off","0","0","0","0","0","0"
"2731","Orland-600","462.60000","467.60000","A-Analog","High","25K","Off","100.0","Local","Group Call","9","KC1JMH / Brad Br","Off","Carrier","Off","1","1","1","Off","1","1","GMRS","None","Off","Off","Off","Off","Normal Encryption","Off","Off","Off","Off","251.1","0","Off","Off","Off","Off","Off","Off","1","0","Off","0","0","0","0","0","0"
"2732","Cooper-575","462.57500","467.57500","A-Analog","High","25K","Off","77.0","Local","Group Call","9","KC1JMH / Brad Br","Off","Carrier","Off","1","1","1","Off","1","1","GMRS","None","Off","Off","Off","Off","Normal Encryption","Off","Off","Off","Off","251.1","0","Off","Off","Off","Off","Off","Off","1","0","Off","0","0","0","0","0","0"
"2733","Charleston-600","462.60000","467.60000","A-Analog","High","25K","Off","77.0","Local","Group Call","9","KC1JMH / Brad Br","Off","Carrier","Off","1","1","1","Off","1","1","GMRS","None","Off","Off","Off","Off","Normal Encryption","Off","Off","Off","Off","251.1","0","Off","Off","Off","Off","Off","Off","1","0","Off","0","0","0","0","0","0"
"2734","Eddington-725","462.72500","467.72500","A-Analog","High","25K","Off","77.0","Local","Group Call","9","KC1JMH / Brad Br","Off","Carrier","Off","1","1","1","Off","1","1","GMRS","None","Off","Off","Off","Off","Normal Encryption","Off","Off","Off","Off","251.1","0","Off","Off","Off","Off","Off","Off","1","0","Off","0","0","0","0","0","0"
"2735","Dedham-550","462.55000","467.55000","A-Analog","High","25K","Off","77.0","Local","Group Call","9","KC1JMH / Brad Br","Off","Carrier","Off","1","1","1","Off","1","1","GMRS","None","Off","Off","Off","Off","Normal Encryption","Off","Off","Off","Off","251.1","0","Off","Off","Off","Off","Off","Off","1","0","Off","0","0","0","0","0","0"
"2736","Lincoln-625","462.62500","467.62500","A-Analog","High","25K","Off","88.5","Local","Group Call","9","KC1JMH / Brad Br","Off","Carrier","Off","1","1","1","Off","1","1","GMRS","None","Off","Off","Off","Off","Normal Encryption","Off","Off","Off","Off","251.1","0","Off","Off","Off","Off","Off","Off","1","0","Off","0","0","0","0","0","0"
"2737","Greene-725","462.72500","467.72500","A-Analog","High","25K","Off","136.5","Local","Group Call","9","KC1JMH / Brad Br","Off","Carrier","Off","1","1","1","Off","1","1","GMRS","None","Off","Off","Off","Off","Normal Encryption","Off","Off","Off","Off","251.1","0","Off","Off","Off","Off","Off","Off","1","0","Off","0","0","0","0","0","0"
"2738","Greene-550","462.55000","467.55000","A-Analog","High","25K","Off","136.5","Local","Group Call","9","KC1JMH / Brad Br","Off","Carrier","Off","1","1","1","Off","1","1","GMRS","None","Off","Off","Off","Off","Normal Encryption","Off","Off","Off","Off","251.1","0","Off","Off","Off","Off","Off","Off","1","0","Off","0","0","0","0","0","0"
"2739","York-650*","462.65000","467.65000","A-Analog","High","25K","Off","Off","Local","Group Call","9","KC1JMH / Brad Br","Off","Carrier","Off","1","1","1","Off","1","1","GMRS","None","Off","Off","Off","Off","Normal Encryption","Off","Off","Off","Off","251.1","0","Off","Off","Off","Off","Off","Off","1","0","Off","0","0","0","0","0","0"
"2740","Unity-725","462.72500","467.72500","A-Analog","High","25K","Off","107.2","Local","Group Call","9","KC1JMH / Brad Br","Off","Carrier","Off","1","1","1","Off","1","1","GMRS","None","Off","Off","Off","Off","Normal Encryption","Off","Off","Off","Off","251.1","0","Off","Off","Off","Off","Off","Off","1","0","Off","0","0","0","0","0","0"
"2741","Limestone-575","462.57500","467.57500","A-Analog","High","25K","Off","123.0","Local","Group Call","9","KC1JMH / Brad Br","Off","Carrier","Off","1","1","1","Off","1","1","GMRS","None","Off","Off","Off","Off","Normal Encryption","Off","Off","Off","Off","251.1","0","Off","Off","Off","Off","Off","Off","1","0","Off","0","0","0","0","0","0"
"2742","Litchfield-600","462.60000","467.60000","A-Analog","High","25K","Off","141.3","Local","Group Call","9","KC1JMH / Brad Br","Off","Carrier","Off","1","1","1","Off","1","1","GMRS","None","Off","Off","Off","Off","Normal Encryption","Off","Off","Off","Off","251.1","0","Off","Off","Off","Off","Off","Off","1","0","Off","0","0","0","0","0","0"
"2743","Epsom-700","462.70000","467.70000","A-Analog","High","25K","Off","141.3","Local","Group Call","9","KC1JMH / Brad Br","Off","Carrier","Off","1","1","1","Off","1","1","GMRS","None","Off","Off","Off","Off","Normal Encryption","Off","Off","Off","Off","251.1","0","Off","Off","Off","Off","Off","Off","1","0","Off","0","0","0","0","0","0"
"2744","Keene-725","462.72500","467.72500","A-Analog","High","25K","Off","141.3","Local","Group Call","9","KC1JMH / Brad Br","Off","Carrier","Off","1","1","1","Off","1","1","GMRS","None","Off","Off","Off","Off","Normal Encryption","Off","Off","Off","Off","251.1","0","Off","Off","Off","Off","Off","Off","1","0","Off","0","0","0","0","0","0"
"2745","Washington-600*","462.60000","467.60000","A-Analog","High","25K","Off","Off","Local","Group Call","9","KC1JMH / Brad Br","Off","Carrier","Off","1","1","1","Off","1","1","GMRS","None","Off","Off","Off","Off","Normal Encryption","Off","Off","Off","Off","251.1","0","Off","Off","Off","Off","Off","Off","1","0","Off","0","0","0","0","0","0"
"2746","Contoocook-650*","462.65000","467.65000","A-Analog","High","25K","Off","Off","Local","Group Call","9","KC1JMH / Brad Br","Off","Carrier","Off","1","1","1","Off","1","1","GMRS","None","Off","Off","Off","Off","Normal Encryption","Off","Off","Off","Off","251.1","0","Off","Off","Off","Off","Off","Off","1","0","Off","0","0","0","0","0","0"
"2747","Monroe-625","462.62500","467.62500","A-Analog","High","25K","Off","162.2","Local","Group Call","9","KC1JMH / Brad Br","Off","Carrier","Off","1","1","1","Off","1","1","GMRS","None","Off","Off","Off","Off","Normal Encryption","Off","Off","Off","Off","251.1","0","Off","Off","Off","Off","Off","Off","1","0","Off","0","0","0","0","0","0"
"2748","Pembroke-575","462.57500","467.57500","A-Analog","High","25K","Off","D156N","Local","Group Call","9","KC1JMH / Brad Br","Off","Carrier","Off","1","1","1","Off","1","1","GMRS","None","Off","Off","Off","Off","Normal Encryption","Off","Off","Off","Off","251.1","0","Off","Off","Off","Off","Off","Off","1","0","Off","0","0","0","0","0","0"
"2749","Pittsfield-600","462.60000","467.60000","A-Analog","High","25K","Off","D156N","Local","Group Call","9","KC1JMH / Brad Br","Off","Carrier","Off","1","1","1","Off","1","1","GMRS","None","Off","Off","Off","Off","Normal Encryption","Off","Off","Off","Off","251.1","0","Off","Off","Off","Off","Off","Off","1","0","Off","0","0","0","0","0","0"
"2750","Sandown-700","462.70000","467.70000","A-Analog","High","25K","Off","136.5","Local","Group Call","9","KC1JMH / Brad Br","Off","Carrier","Off","1","1","1","Off","1","1","GMRS","None","Off","Off","Off","Off","Normal Encryption","Off","Off","Off","Off","251.1","0","Off","Off","Off","Off","Off","Off","1","0","Off","0","0","0","0","0","0"
"2751","Temple-550*","462.55000","467.55000","A-Analog","High","25K","Off","Off","Local","Group Call","9","KC1JMH / Brad Br","Off","Carrier","Off","1","1","1","Off","1","1","GMRS","None","Off","Off","Off","Off","Normal Encryption","Off","Off","Off","Off","251.1","0","Off","Off","Off","Off","Off","Off","1","0","Off","0","0","0","0","0","0"
"2752","Burlington-625","462.62500","467.62500","A-Analog","High","25K","Off","110.9","Local","Group Call","9","KC1JMH / Brad Br","Off","Carrier","Off","1","1","1","Off","1","1","GMRS","None","Off","Off","Off","Off","Normal Encryption","Off","Off","Off","Off","251.1","0","Off","Off","Off","Off","Off","Off","1","0","Off","0","0","0","0","0","0"
"2753","Windham-550","462.55000","467.55000","A-Analog","High","25K","Off","Off","Local","Group Call","9","KC1JMH / Brad Br","Off","Carrier","Off","1","1","1","Off","1","1","GMRS","None","Off","Off","Off","Off","Normal Encryption","Off","Off","Off","Off","251.1","0","Off","Off","Off","Off","Off","Off","1","0","Off","0","0","0","0","0","0"
"2754","Shelburne-675","462.67500","467.67500","A-Analog","High","25K","Off","141.3","Local","Group Call","9","KC1JMH / Brad Br","Off","Carrier","Off","1","1","1","Off","1","1","GMRS","None","Off","Off","Off","Off","Normal Encryption","Off","Off","Off","Off","251.1","0","Off","Off","Off","Off","Off","Off","1","0","Off","0","0","0","0","0","0"
"2755","Hartford-725*","462.72500","467.72500","A-Analog","High","25K","Off","Off","Local","Group Call","9","KC1JMH / Brad Br","Off","Carrier","Off","1","1","1","Off","1","1","GMRS","None","Off","Off","Off","Off","Normal Encryption","Off","Off","Off","Off","251.1","0","Off","Off","Off","Off","Off","Off","1","0","Off","0","0","0","0","0","0"
"2756","Woodstock-675*","462.67500","467.67500","A-Analog","High","25K","Off","Off","Local","Group Call","9","KC1JMH / Brad Br","Off","Carrier","Off","1","1","1","Off","1","1","GMRS","None","Off","Off","Off","Off","Normal Encryption","Off","Off","Off","Off","251.1","0","Off","Off","Off","Off","Off","Off","1","0","Off","0","0","0","0","0","0"
"2757","Fairfield-650","462.65000","467.65000","A-Analog","High","25K","Off","110.9","Local","Group Call","9","KC1JMH / Brad Br","Off","Carrier","Off","1","1","1","Off","1","1","GMRS","None","Off","Off","Off","Off","Normal Encryption","Off","Off","Off","Off","251.1","0","Off","Off","Off","Off","Off","Off","1","0","Off","0","0","0","0","0","0"
"2758","Uncasville-550","462.55000","467.55000","A-Analog","High","25K","Off","156.7","Local","Group Call","9","KC1JMH / Brad Br","Off","Carrier","Off","1","1","1","Off","1","1","GMRS","None","Off","Off","Off","Off","Normal Encryption","Off","Off","Off","Off","251.1","0","Off","Off","Off","Off","Off","Off","1","0","Off","0","0","0","0","0","0"
"2759","Lebanon-700*","462.70000","467.70000","A-Analog","High","25K","Off","Off","Local","Group Call","9","KC1JMH / Brad Br","Off","Carrier","Off","1","1","1","Off","1","1","GMRS","None","Off","Off","Off","Off","Normal Encryption","Off","Off","Off","Off","251.1","0","Off","Off","Off","Off","Off","Off","1","0","Off","0","0","0","0","0","0"
"2760","Enfield-600*","462.60000","467.60000","A-Analog","High","25K","Off","Off","Local","Group Call","9","KC1JMH / Brad Br","Off","Carrier","Off","1","1","1","Off","1","1","GMRS","None","Off","Off","Off","Off","Normal Encryption","Off","Off","Off","Off","251.1","0","Off","Off","Off","Off","Off","Off","1","0","Off","0","0","0","0","0","0"
"2761","Enfield-625","462.62500","467.62500","A-Analog","High","25K","Off","88.5","Local","Group Call","9","KC1JMH / Brad Br","Off","Carrier","Off","1","1","1","Off","1","1","GMRS","None","Off","Off","Off","Off","Normal Encryption","Off","Off","Off","Off","251.1","0","Off","Off","Off","Off","Off","Off","1","0","Off","0","0","0","0","0","0"
"2762","Beacon Falls-725","462.72500","467.72500","A-Analog","High","25K","Off","156.7","Local","Group Call","9","KC1JMH / Brad Br","Off","Carrier","Off","1","1","1","Off","1","1","GMRS","None","Off","Off","Off","Off","Normal Encryption","Off","Off","Off","Off","251.1","0","Off","Off","Off","Off","Off","Off","1","0","Off","0","0","0","0","0","0"
"2763","Bridgeport-700","462.70000","467.70000","A-Analog","High","25K","Off","77.0","Local","Group Call","9","KC1JMH / Brad Br","Off","Carrier","Off","1","1","1","Off","1","1","GMRS","None","Off","Off","Off","Off","Normal Encryption","Off","Off","Off","Off","251.1","0","Off","Off","Off","Off","Off","Off","1","0","Off","0","0","0","0","0","0"
"2764","Pepperell-625","462.62500","467.62500","A-Analog","High","25K","Off","141.3","Local","Group Call","9","KC1JMH / Brad Br","Off","Carrier","Off","1","1","1","Off","1","1","GMRS","None","Off","Off","Off","Off","Normal Encryption","Off","Off","Off","Off","251.1","0","Off","Off","Off","Off","Off","Off","1","0","Off","0","0","0","0","0","0"
"2765","Dennis-725","462.72500","467.72500","A-Analog","High","25K","Off","D071N","Local","Group Call","9","KC1JMH / Brad Br","Off","Carrier","Off","1","1","1","Off","1","1","GMRS","None","Off","Off","Off","Off","Normal Encryption","Off","Off","Off","Off","251.1","0","Off","Off","Off","Off","Off","Off","1","0","Off","0","0","0","0","0","0"
"2766","Falmouth-550","462.55000","467.55000","A-Analog","High","25K","Off","88.5","Local","Group Call","9","KC1JMH / Brad Br","Off","Carrier","Off","1","1","1","Off","1","1","GMRS","None","Off","Off","Off","Off","Normal Encryption","Off","Off","Off","Off","251.1","0","Off","Off","Off","Off","Off","Off","1","0","Off","0","0","0","0","0","0"
"2767","Carver-625","462.62500","467.62500","A-Analog","High","25K","Off","110.9","Local","Group Call","9","KC1JMH / Brad Br","Off","Carrier","Off","1","1","1","Off","1","1","GMRS","None","Off","Off","Off","Off","Normal Encryption","Off","Off","Off","Off","251.1","0","Off","Off","Off","Off","Off","Off","1","0","Off","0","0","0","0","0","0"
"2768","Gardner-575","462.57500","467.57500","A-Analog","High","25K","Off","D023N","Local","Group Call","9","KC1JMH / Brad Br","Off","Carrier","Off","1","1","1","Off","1","1","GMRS","None","Off","Off","Off","Off","Normal Encryption","Off","Off","Off","Off","251.1","0","Off","Off","Off","Off","Off","Off","1","0","Off","0","0","0","0","0","0"
"2769","N Attleboro-550","462.55000","467.55000","A-Analog","High","25K","Off","67.0","Local","Group Call","9","KC1JMH / Brad Br","Off","Carrier","Off","1","1","1","Off","1","1","GMRS","None","Off","Off","Off","Off","Normal Encryption","Off","Off","Off","Off","251.1","0","Off","Off","Off","Off","Off","Off","1","0","Off","0","0","0","0","0","0"
"2770","Gloucester-550","462.55000","467.55000","A-Analog","High","25K","Off","100.0","Local","Group Call","9","KC1JMH / Brad Br","Off","Carrier","Off","1","1","1","Off","1","1","GMRS","None","Off","Off","Off","Off","Normal Encryption","Off","Off","Off","Off","251.1","0","Off","Off","Off","Off","Off","Off","1","0","Off","0","0","0","0","0","0"
"2771","Kingston-675","462.67500","467.67500","A-Analog","High","25K","Off","203.5","Local","Group Call","9","KC1JMH / Brad Br","Off","Carrier","Off","1","1","1","Off","1","1","GMRS","None","Off","Off","Off","Off","Normal Encryption","Off","Off","Off","Off","251.1","0","Off","Off","Off","Off","Off","Off","1","0","Off","0","0","0","0","0","0"
"2772","Norwell-700","462.70000","467.70000","A-Analog","High","25K","Off","203.5","Local","Group Call","9","KC1JMH / Brad Br","Off","Carrier","Off","1","1","1","Off","1","1","GMRS","None","Off","Off","Off","Off","Normal Encryption","Off","Off","Off","Off","251.1","0","Off","Off","Off","Off","Off","Off","1","0","Off","0","0","0","0","0","0"
"2773","Tewksbury-575","462.57500","467.57500","A-Analog","High","25K","Off","94.8","Local","Group Call","9","KC1JMH / Brad Br","Off","Carrier","Off","1","1","1","Off","1","1","GMRS","None","Off","Off","Off","Off","Normal Encryption","Off","Off","Off","Off","251.1","0","Off","Off","Off","Off","Off","Off","1","0","Off","0","0","0","0","0","0"
"2774","Derby-550","462.55000","467.55000","A-Analog","High","25K","Off","110.9","Local","Group Call","9","KC1JMH / Brad Br","Off","Carrier","Off","1","1","1","Off","1","1","GMRS","None","Off","Off","Off","Off","Normal Encryption","Off","Off","Off","Off","251.1","0","Off","Off","Off","Off","Off","Off","1","0","Off","0","0","0","0","0","0"
"2775","Staten Islan-650","462.65000","467.65000","A-Analog","High","25K","Off","123.0","Local","Group Call","9","KC1JMH / Brad Br","Off","Carrier","Off","1","1","1","Off","1","1","GMRS","None","Off","Off","Off","Off","Normal Encryption","Off","Off","Off","Off","251.1","0","Off","Off","Off","Off","Off","Off","1","0","Off","0","0","0","0","0","0"
"2776","Cortland-700","462.70000","467.70000","A-Analog","High","25K","Off","Off","Local","Group Call","9","KC1JMH / Brad Br","Off","Carrier","Off","1","1","1","Off","1","1","GMRS","None","Off","Off","Off","Off","Normal Encryption","Off","Off","Off","Off","251.1","0","Off","Off","Off","Off","Off","Off","1","0","Off","0","0","0","0","0","0"
"2777","Norwood-575","462.57500","467.57500","A-Analog","High","25K","Off","77.0","Local","Group Call","9","KC1JMH / Brad Br","Off","Carrier","Off","1","1","1","Off","1","1","GMRS","None","Off","Off","Off","Off","Normal Encryption","Off","Off","Off","Off","251.1","0","Off","Off","Off","Off","Off","Off","1","0","Off","0","0","0","0","0","0"
"2778","Norwood-725","462.72500","467.72500","A-Analog","High","25K","Off","77.0","Local","Group Call","9","KC1JMH / Brad Br","Off","Carrier","Off","1","1","1","Off","1","1","GMRS","None","Off","Off","Off","Off","Normal Encryption","Off","Off","Off","Off","251.1","0","Off","Off","Off","Off","Off","Off","1","0","Off","0","0","0","0","0","0"
"2779","Norwood-550","462.55000","467.55000","A-Analog","High","25K","Off","136.5","Local","Group Call","9","KC1JMH / Brad Br","Off","Carrier","Off","1","1","1","Off","1","1","GMRS","None","Off","Off","Off","Off","Normal Encryption","Off","Off","Off","Off","251.1","0","Off","Off","Off","Off","Off","Off","1","0","Off","0","0","0","0","0","0"
"2780","Brooklyn-600","462.60000","467.60000","A-Analog","High","25K","Off","141.3","Local","Group Call","9","KC1JMH / Brad Br","Off","Carrier","Off","1","1","1","Off","1","1","GMRS","None","Off","Off","Off","Off","Normal Encryption","Off","Off","Off","Off","251.1","0","Off","Off","Off","Off","Off","Off","1","0","Off","0","0","0","0","0","0"
"2781","Montour Fall-625","462.62500","467.62500","A-Analog","High","25K","Off","103.5","Local","Group Call","9","KC1JMH / Brad Br","Off","Carrier","Off","1","1","1","Off","1","1","GMRS","None","Off","Off","Off","Off","Normal Encryption","Off","Off","Off","Off","251.1","0","Off","Off","Off","Off","Off","Off","1","0","Off","0","0","0","0","0","0"
"2782","Massena-625","462.62500","467.62500","A-Analog","High","25K","Off","77.0","Local","Group Call","9","KC1JMH / Brad Br","Off","Carrier","Off","1","1","1","Off","1","1","GMRS","None","Off","Off","Off","Off","Normal Encryption","Off","Off","Off","Off","251.1","0","Off","Off","Off","Off","Off","Off","1","0","Off","0","0","0","0","0","0"
"2783","Newport-625","462.62500","467.62500","A-Analog","High","25K","Off","136.5","Local","Group Call","9","KC1JMH / Brad Br","Off","Carrier","Off","1","1","1","Off","1","1","GMRS","None","Off","Off","Off","Off","Normal Encryption","Off","Off","Off","Off","251.1","0","Off","Off","Off","Off","Off","Off","1","0","Off","0","0","0","0","0","0"
"2784","Portsmouth-575","462.57500","467.57500","A-Analog","High","25K","Off","67.0","Local","Group Call","9","KC1JMH / Brad Br","Off","Carrier","Off","1","1","1","Off","1","1","GMRS","None","Off","Off","Off","Off","Normal Encryption","Off","Off","Off","Off","251.1","0","Off","Off","Off","Off","Off","Off","1","0","Off","0","0","0","0","0","0"
"2785","W Greenwich-650","462.65000","467.65000","A-Analog","High","25K","Off","127.3","Local","Group Call","9","KC1JMH / Brad Br","Off","Carrier","Off","1","1","1","Off","1","1","GMRS","None","Off","Off","Off","Off","Normal Encryption","Off","Off","Off","Off","251.1","0","Off","Off","Off","Off","Off","Off","1","0","Off","0","0","0","0","0","0"
"2786","N Providence-725","462.72500","467.72500","A-Analog","High","25K","Off","100.0","Local","Group Call","9","KC1JMH / Brad Br","Off","Carrier","Off","1","1","1","Off","1","1","GMRS","None","Off","Off","Off","Off","Normal Encryption","Off","Off","Off","Off","251.1","0","Off","Off","Off","Off","Off","Off","1","0","Off","0","0","0","0","0","0"
"2787","Tiverton-600","462.60000","467.60000","A-Analog","High","25K","Off","118.8","Local","Group Call","9","KC1JMH / Brad Br","Off","Carrier","Off","1","1","1","Off","1","1","GMRS","None","Off","Off","Off","Off","Normal Encryption","Off","Off","Off","Off","251.1","0","Off","Off","Off","Off","Off","Off","1","0","Off","0","0","0","0","0","0"
"2788","Warwick-700*","462.70000","467.70000","A-Analog","High","25K","Off","Off","Local","Group Call","9","KC1JMH / Brad Br","Off","Carrier","Off","1","1","1","Off","1","1","GMRS","None","Off","Off","Off","Off","Normal Encryption","Off","Off","Off","Off","251.1","0","Off","Off","Off","Off","Off","Off","1","0","Off","0","0","0","0","0","0"
"2789","Providence-650","462.65000","467.65000","A-Analog","High","25K","Off","141.3","Local","Group Call","9","KC1JMH / Brad Br","Off","Carrier","Off","1","1","1","Off","1","1","GMRS","None","Off","Off","Off","Off","Normal Encryption","Off","Off","Off","Off","251.1","0","Off","Off","Off","Off","Off","Off","1","0","Off","0","0","0","0","0","0"
"2790","KA1EKS Millinock","145.25000","144.65000","A-Analog","Turbo","25K","100.0","100.0","Local","Group Call","9","KC1JMH / Brad Br","Off","CTCSS/DCS","Off","1","1","1","Off","1","1","None","None","Off","Off","Off","Off","Normal Encryption","Off","Off","Off","Off","251.1","1","Off","Off","Off","Off","Off","Off","1","0","Off","0","0","0","0","0","0"
"2791","KQ1L Lincoln","147.00000","147.60000","A-Analog","Turbo","25K","100.0","100.0","Local","Group Call","9","KC1JMH / Brad Br","Off","CTCSS/DCS","Off","1","1","1","Off","1","1","None","None","Off","Off","Off","Off","Normal Encryption","Off","Off","Off","Off","251.1","1","Off","Off","Off","Off","Off","Off","1","0","Off","0","0","0","0","0","0"
"2792","K1PQ Brownville","444.95000","449.95000","A-Analog","Turbo","25K","103.5","103.5","Local","Group Call","9","KC1JMH / Brad Br","Off","CTCSS/DCS","Off","1","1","1","Off","1","1","None","None","Off","Off","Off","Off","Normal Encryption","Off","Off","Off","Off","251.1","1","Off","Off","Off","Off","Off","Off","1","0","Off","0","0","0","0","0","0"
"2793","W1IF Hebron ME","224.62000","223.02000","A-Analog","Turbo","25K","Off","103.5","Local","Group Call","9","KC1JMH / Brad Br","Off","Carrier","Off","1","1","1","Off","1","1","All Analog","None","Off","Off","Off","Off","Normal Encryption","Off","Off","Off","Off","251.1","0","Off","Off","Off","Off","Off","Off","1","0","Off","0","0","0","0","0","0"
"2794","KQ1L Augusta","224.72000","223.12000","A-Analog","Turbo","25K","Off","103.5","Local","Group Call","9","KC1JMH / Brad Br","Off","Carrier","Off","1","1","1","Off","1","1","All Analog","None","Off","Off","Off","Off","Normal Encryption","Off","Off","Off","Off","251.1","0","Off","Off","Off","Off","Off","Off","1","0","Off","0","0","0","0","0","0"
"2795","W1WU Osspee NH","224.60000","223.00000","A-Analog","Turbo","25K","Off","123.0","Local","Group Call","9","KC1JMH / Brad Br","Off","Carrier","Off","1","1","1","Off","1","1","All Analog","None","Off","Off","Off","Off","Normal Encryption","Off","Off","Off","Off","251.1","0","Off","Off","Off","Off","Off","Off","1","0","Off","0","0","0","0","0","0"
"2796","K1EME Cannon Mt","224.08000","222.48000","A-Analog","Turbo","25K","Off","114.8","Local","Group Call","9","KC1JMH / Brad Br","Off","Carrier","Off","1","1","1","Off","1","1","All Analog","None","Off","Off","Off","Off","Normal Encryption","Off","Off","Off","Off","251.1","0","Off","Off","Off","Off","Off","Off","1","0","Off","0","0","0","0","0","0"
"2797","N1AKE Ptsfld NH","224.54000","222.94000","A-Analog","Turbo","25K","Off","Off","Local","Group Call","9","KC1JMH / Brad Br","Off","Carrier","Off","1","1","1","Off","1","1","All Analog","None","Off","Off","Off","Off","Normal Encryption","Off","Off","Off","Off","251.1","0","Off","Off","Off","Off","Off","Off","1","0","Off","0","0","0","0","0","0"
"2798","N1KN Exeter NH","224.22000","222.62000","A-Analog","Turbo","25K","Off","67.0","Local","Group Call","9","KC1JMH / Brad Br","Off","Carrier","Off","1","1","1","Off","1","1","All Analog","None","Off","Off","Off","Off","Normal Encryption","Off","Off","Off","Off","251.1","0","Off","Off","Off","Off","Off","Off","1","0","Off","0","0","0","0","0","0"
"2799","Corinna 220","224.84000","223.24000","A-Analog","High","25K","Off","103.5","Local","Group Call","9","KC1JMH / Brad Br","Off","Carrier","Off","1","1","1","Off","1","1","All Analog","None","Off","Off","Off","Off","Normal Encryption","Off","Off","Off","Off","251.1","0","Off","Off","Off","Off","Off","Off","1","0","Off","0","0","0","0","0","0"
"2800","AA1PN Exeter","224.24000","222.64000","A-Analog","Turbo","25K","Off","103.5","Local","Group Call","9","KC1JMH / Brad Br","Off","Carrier","Off","1","1","1","Off","1","1","All Analog","None","Off","Off","Off","Off","Normal Encryption","Off","Off","Off","Off","251.1","0","Off","Off","Off","Off","Off","Off","1","0","Off","0","0","0","0","0","0"
"2801","1.25m Calling","223.50000","223.50000","A-Analog","High","25K","Off","Off","Local","Group Call","9","KC1JMH / Brad Br","Off","Carrier","Off","1","1","1","Off","1","1","Simplex","None","Off","Off","Off","Off","Normal Encryption","Off","Off","Off","Off","251.1","0","Off","Off","Off","Off","Off","Off","1","0","Off","0","0","0","0","0","0"
"2802","New Durham NH","224.02000","222.42000","A-Analog","High","25K","Off","103.5","Local","Group Call","9","KC1JMH / Brad Br","Off","Carrier","Off","1","1","1","Off","1","1","All Analog","None","Off","Off","Off","Off","Normal Encryption","Off","Off","Off","Off","251.1","0","Off","Off","Off","Off","Off","Off","1","0","Off","0","0","0","0","0","0"
"2803","Ossipee NH","224.60000","223.00000","A-Analog","High","25K","Off","123.0","Local","Group Call","9","KC1JMH / Brad Br","Off","Carrier","Off","1","1","1","Off","1","1","All Analog","None","Off","Off","Off","Off","Normal Encryption","Off","Off","Off","Off","251.1","0","Off","Off","Off","Off","Off","Off","1","0","Off","0","0","0","0","0","0"
"2804","Dover NH","224.78000","223.18000","A-Analog","High","12.5K","Off","131.8","Local","Group Call","9","KC1JMH / Brad Br","Off","Carrier","Off","1","1","1","Off","1","1","All Analog","None","Off","Off","Off","Off","Normal Encryption","Off","Off","Off","Off","251.1","0","Off","Off","Off","Off","Off","Off","1","0","Off","0","0","0","0","0","0"
