id,Channel Name,Receive Frequency,Transmit Frequency,Channel Type,Transmit Power,Band Width,CTCSS/DCS Decode,CTCSS/DCS Encode,Contact,Contact Call Type,Contact TG/DMR ID,Radio ID,Busy Lock/TX Permit,Squelch Mode,Optional Signal,DTMF ID,2Tone ID,5Tone ID,PTT ID,RX Color Code,Slot,Scan List,Receive Group List,PTT Prohibit,Reverse,Simplex TDMA,Slot Suit,AES Digital Encryption,Digital Encryption,Call Confirmation,Talk Around(Simplex),Work Alone,Custom CTCSS,2TONE Decode,Ranging,Through Mode,APRS RX,Analog APRS PTT Mode,Digital APRS PTT Mode,APRS Report Type,Digital APRS Report Channel,Correct Frequency[Hz],SMS Confirmation,Exclude channel from roaming,DMR MODE,DataACK Disable,R5toneBot,R5ToneEot,Auto Scan,Ana Aprs Mute,Send Talker Alias,AnaAprsTxPath,ARC4,ex_emg_kind,TxCC
ch00001,BRDCT CT SW,442.20000,447.20000,D-Digital,High,12.5K,Off,Off,CT Statewide,Group Call,3109,KC1JMH / Brad Brown,Always,Carrier,Off,1,1,1,Off,1,2,None,None,Off,Off,Off,Off,Normal Encryption,Off,Off,Off,Off,251.1,1,Off,On,Off,Off,Off,Off,1,0,Off,0,2,0,0,0,0,0,0,0,0,0,1
ch00002,BRDCT Local,442.20000,447.20000,D-Digital,High,12.5K,Off,Off,Local,Group Call,9,KC1JMH / Brad Brown,Always,Carrier,Off,1,1,1,Off,1,2,None,None,Off,Off,Off,Off,Normal Encryption,Off,Off,Off,Off,251.1,1,Off,On,Off,Off,Off,Off,1,0,Off,0,2,0,0,0,0,0,0,0,0,0,1
ch00003,BRDCT MA SW,442.20000,447.20000,D-Digital,High,12.5K,Off,Off,MA Statewide,Group Call,3125,KC1JMH / Brad Brown,Always,Carrier,Off,1,1,1,Off,1,1,None,None,Off,Off,Off,Off,Normal Encryption,Off,Off,Off,Off,251.1,1,Off,On,Off,Off,Off,Off,1,0,Off,0,2,0,0,0,0,0,0,0,0,0,1
ch00004,BRDCT NE Wide,442.20000,447.20000,D-Digital,High,12.5K,Off,Off,New England-Wide,Group Call,3181,KC1JMH / Brad Brown,Always,Carrier,Off,1,1,1,Off,1,2,None,None,Off,Off,Off,Off,Normal Encryption,Off,Off,Off,Off,251.1,1,Off,On,Off,Off,Off,Off,1,0,Off,0,2,0,0,0,0,0,0,0,0,0,1
ch00005,BRDCT NETAC1,442.20000,447.20000,D-Digital,High,12.5K,Off,Off,NETAC1,Group Call,8801,KC1JMH / Brad Brown,Always,Carrier,Off,1,1,1,Off,1,1,None,None,Off,Off,Off,Off,Normal Encryption,Off,Off,Off,Off,251.1,1,Off,On,Off,Off,Off,Off,1,0,Off,0,2,0,0,0,0,0,0,0,0,0,1
ch00006,BRDCT NETAC2,442.20000,447.20000,D-Digital,High,12.5K,Off,Off,NETAC2,Group Call,8802,KC1JMH / Brad Brown,Always,Carrier,Off,1,1,1,Off,1,2,None,None,Off,Off,Off,Off,Normal Encryption,Off,Off,Off,Off,251.1,1,Off,On,Off,Off,Off,Off,1,0,Off,0,2,0,0,0,0,0,0,0,0,0,1
ch00007,BRDCT North Am,442.20000,447.20000,D-Digital,High,12.5K,Off,Off,North America,Group Call,3,KC1JMH / Brad Brown,Always,Carrier,Off,1,1,1,Off,1,1,None,None,Off,Off,Off,Off,Normal Encryption,Off,Off,Off,Off,251.1,1,Off,On,Off,Off,Off,Off,1,0,Off,0,2,0,0,0,0,0,0,0,0,0,1
ch00008,BRDCT Northeast,442.20000,447.20000,D-Digital,High,12.5K,Off,Off,Northeast,Group Call,3172,KC1JMH / Brad Brown,Always,Carrier,Off,1,1,1,Off,1,1,None,None,Off,Off,Off,Off,Normal Encryption,Off,Off,Off,Off,251.1,1,Off,On,Off,Off,Off,Off,1,0,Off,0,2,0,0,0,0,0,0,0,0,0,1
ch00009,BRDCT Parrot,442.20000,447.20000,D-Digital,High,12.5K,Off,Off,Parrot,Group Call,9998,KC1JMH / Brad Brown,Always,Carrier,Off,1,1,1,Off,1,1,None,None,Off,Off,Off,Off,Normal Encryption,Off,Off,Off,Off,251.1,1,Off,On,Off,Off,Off,Off,1,0,Off,0,2,0,0,0,0,0,0,0,0,0,1
ch00010,BRDCT Audio,442.20000,447.20000,D-Digital,High,12.5K,Off,Off,Audio Watch,Group Call,9999,KC1JMH / Brad Brown,Always,Carrier,Off,1,1,1,Off,1,1,None,None,Off,Off,Off,Off,Normal Encryption,Off,Off,Off,Off,251.1,1,Off,On,Off,Off,Off,Off,1,0,Off,0,2,0,0,0,0,0,0,0,0,0,1
ch00011,BRDCT ME SW,442.20000,447.20000,D-Digital,High,12.5K,Off,Off,ME Statewide,Group Call,3123,KC1JMH / Brad Brown,Always,Carrier,Off,1,1,1,Off,1,1,None,None,Off,Off,Off,Off,Normal Encryption,Off,Off,Off,Off,251.1,1,Off,On,Off,Off,Off,Off,1,0,Off,0,2,0,0,0,0,0,0,0,0,0,1
ch00012,BRDCT NH SW,442.20000,447.20000,D-Digital,High,12.5K,Off,Off,NH Statewide,Group Call,3133,KC1JMH / Brad Brown,Always,Carrier,Off,1,1,1,Off,1,1,None,None,Off,Off,Off,Off,Normal Encryption,Off,Off,Off,Off,251.1,1,Off,On,Off,Off,Off,Off,1,0,Off,0,2,0,0,0,0,0,0,0,0,0,1
ch00013,BRDCT NY SW,442.20000,447.20000,D-Digital,High,12.5K,Off,Off,NY Statewide,Group Call,3136,KC1JMH / Brad Brown,Always,Carrier,Off,1,1,1,Off,1,1,None,None,Off,Off,Off,Off,Normal Encryption,Off,Off,Off,Off,251.1,1,Off,On,Off,Off,Off,Off,1,0,Off,0,2,0,0,0,0,0,0,0,0,0,1
ch00014,BRDCT RI SW,442.20000,447.20000,D-Digital,High,12.5K,Off,Off,RI Statewide,Group Call,3144,KC1JMH / Brad Brown,Always,Carrier,Off,1,1,1,Off,1,1,None,None,Off,Off,Off,Off,Normal Encryption,Off,Off,Off,Off,251.1,1,Off,On,Off,Off,Off,Off,1,0,Off,0,2,0,0,0,0,0,0,0,0,0,1
ch00015,BRDCT VT SW,442.20000,447.20000,D-Digital,High,12.5K,Off,Off,VT Statewide,Group Call,3150,KC1JMH / Brad Brown,Always,Carrier,Off,1,1,1,Off,1,1,None,None,Off,Off,Off,Off,Normal Encryption,Off,Off,Off,Off,251.1,1,Off,On,Off,Off,Off,Off,1,0,Off,0,2,0,0,0,0,0,0,0,0,0,1
ch00016,BRDCT SKYWARN,442.20000,447.20000,D-Digital,High,12.5K,Off,Off,SKYWARN,Group Call,759,KC1JMH / Brad Brown,Always,Carrier,Off,1,1,1,Off,1,1,None,None,Off,Off,Off,Off,Normal Encryption,Off,Off,Off,Off,251.1,1,Off,On,Off,Off,Off,Off,1,0,Off,0,2,0,0,0,0,0,0,0,0,0,1
ch00017,BRDCT TAC310,442.20000,447.20000,D-Digital,High,12.5K,Off,Off,TAC310,Group Call,310,KC1JMH / Brad Brown,Always,Carrier,Off,1,1,1,Off,1,1,None,None,Off,Off,Off,Off,Normal Encryption,Off,Off,Off,Off,251.1,1,Off,On,Off,Off,Off,Off,1,0,Off,0,2,0,0,0,0,0,0,0,0,0,1
ch00018,BRDCT TAC311,442.20000,447.20000,D-Digital,High,12.5K,Off,Off,TAC311,Group Call,311,KC1JMH / Brad Brown,Always,Carrier,Off,1,1,1,Off,1,1,None,None,Off,Off,Off,Off,Normal Encryption,Off,Off,Off,Off,251.1,1,Off,On,Off,Off,Off,Off,1,0,Off,0,2,0,0,0,0,0,0,0,0,0,1
ch00019,BRDCT WW,442.20000,447.20000,D-Digital,High,12.5K,Off,Off,WW Call,Group Call,1,KC1JMH / Brad Brown,Always,Carrier,Off,1,1,1,Off,1,1,None,None,Off,Off,Off,Off,Normal Encryption,Off,Off,Off,Off,251.1,1,Off,On,Off,Off,Off,Off,1,0,Off,0,2,0,0,0,0,0,0,0,0,0,1
ch00020,BRDCT WW Eng,442.20000,447.20000,D-Digital,High,12.5K,Off,Off,WW English,Group Call,13,KC1JMH / Brad Brown,Always,Carrier,Off,1,1,1,Off,1,1,None,None,Off,Off,Off,Off,Normal Encryption,Off,Off,Off,Off,251.1,1,Off,On,Off,Off,Off,Off,1,0,Off,0,2,0,0,0,0,0,0,0,0,0,1
ch00021,CVNCT CT SW,449.87500,444.87500,D-Digital,High,12.5K,Off,Off,CT Statewide,Group Call,3109,KC1JMH / Brad Brown,Always,Carrier,Off,1,1,1,Off,1,2,None,None,Off,Off,Off,Off,Normal Encryption,Off,Off,Off,Off,251.1,1,Off,On,Off,Off,Off,Off,1,0,Off,0,2,0,0,0,0,0,0,0,0,0,1
ch00022,CVNCT Local,449.87500,444.87500,D-Digital,High,12.5K,Off,Off,Local,Group Call,9,KC1JMH / Brad Brown,Always,Carrier,Off,1,1,1,Off,1,2,None,None,Off,Off,Off,Off,Normal Encryption,Off,Off,Off,Off,251.1,1,Off,On,Off,Off,Off,Off,1,0,Off,0,2,0,0,0,0,0,0,0,0,0,1
ch00023,CVNCT MA SW,449.87500,444.87500,D-Digital,High,12.5K,Off,Off,MA Statewide,Group Call,3125,KC1JMH / Brad Brown,Always,Carrier,Off,1,1,1,Off,1,1,None,None,Off,Off,Off,Off,Normal Encryption,Off,Off,Off,Off,251.1,1,Off,On,Off,Off,Off,Off,1,0,Off,0,2,0,0,0,0,0,0,0,0,0,1
ch00024,CVNCT NE Wide,449.87500,444.87500,D-Digital,High,12.5K,Off,Off,New England-Wide,Group Call,3181,KC1JMH / Brad Brown,Always,Carrier,Off,1,1,1,Off,1,2,None,None,Off,Off,Off,Off,Normal Encryption,Off,Off,Off,Off,251.1,1,Off,On,Off,Off,Off,Off,1,0,Off,0,2,0,0,0,0,0,0,0,0,0,1
ch00025,CVNCT NETAC1,449.87500,444.87500,D-Digital,High,12.5K,Off,Off,NETAC1,Group Call,8801,KC1JMH / Brad Brown,Always,Carrier,Off,1,1,1,Off,1,1,None,None,Off,Off,Off,Off,Normal Encryption,Off,Off,Off,Off,251.1,1,Off,On,Off,Off,Off,Off,1,0,Off,0,2,0,0,0,0,0,0,0,0,0,1
ch00026,CVNCT NETAC2,449.87500,444.87500,D-Digital,High,12.5K,Off,Off,NETAC2,Group Call,8802,KC1JMH / Brad Brown,Always,Carrier,Off,1,1,1,Off,1,2,None,None,Off,Off,Off,Off,Normal Encryption,Off,Off,Off,Off,251.1,1,Off,On,Off,Off,Off,Off,1,0,Off,0,2,0,0,0,0,0,0,0,0,0,1
ch00027,CVNCT North Am,449.87500,444.87500,D-Digital,High,12.5K,Off,Off,North America,Group Call,3,KC1JMH / Brad Brown,Always,Carrier,Off,1,1,1,Off,1,1,None,None,Off,Off,Off,Off,Normal Encryption,Off,Off,Off,Off,251.1,1,Off,On,Off,Off,Off,Off,1,0,Off,0,2,0,0,0,0,0,0,0,0,0,1
ch00028,CVNCT Northeast,449.87500,444.87500,D-Digital,High,12.5K,Off,Off,Northeast,Group Call,3172,KC1JMH / Brad Brown,Always,Carrier,Off,1,1,1,Off,1,1,None,None,Off,Off,Off,Off,Normal Encryption,Off,Off,Off,Off,251.1,1,Off,On,Off,Off,Off,Off,1,0,Off,0,2,0,0,0,0,0,0,0,0,0,1
ch00029,CVNCT Parrot,449.87500,444.87500,D-Digital,High,12.5K,Off,Off,Parrot,Group Call,9998,KC1JMH / Brad Brown,Always,Carrier,Off,1,1,1,Off,1,1,None,None,Off,Off,Off,Off,Normal Encryption,Off,Off,Off,Off,251.1,1,Off,On,Off,Off,Off,Off,1,0,Off,0,2,0,0,0,0,0,0,0,0,0,1
ch00030,CVNCT Audio,449.87500,444.87500,D-Digital,High,12.5K,Off,Off,Audio Watch,Group Call,9999,KC1JMH / Brad Brown,Always,Carrier,Off,1,1,1,Off,1,1,None,None,Off,Off,Off,Off,Normal Encryption,Off,Off,Off,Off,251.1,1,Off,On,Off,Off,Off,Off,1,0,Off,0,2,0,0,0,0,0,0,0,0,0,1
ch00031,CVNCT ME SW,449.87500,444.87500,D-Digital,High,12.5K,Off,Off,ME Statewide,Group Call,3123,KC1JMH / Brad Brown,Always,Carrier,Off,1,1,1,Off,1,1,None,None,Off,Off,Off,Off,Normal Encryption,Off,Off,Off,Off,251.1,1,Off,On,Off,Off,Off,Off,1,0,Off,0,2,0,0,0,0,0,0,0,0,0,1
ch00032,CVNCT NH SW,449.87500,444.87500,D-Digital,High,12.5K,Off,Off,NH Statewide,Group Call,3133,KC1JMH / Brad Brown,Always,Carrier,Off,1,1,1,Off,1,1,None,None,Off,Off,Off,Off,Normal Encryption,Off,Off,Off,Off,251.1,1,Off,On,Off,Off,Off,Off,1,0,Off,0,2,0,0,0,0,0,0,0,0,0,1
ch00033,CVNCT NY SW,449.87500,444.87500,D-Digital,High,12.5K,Off,Off,NY Statewide,Group Call,3136,KC1JMH / Brad Brown,Always,Carrier,Off,1,1,1,Off,1,1,None,None,Off,Off,Off,Off,Normal Encryption,Off,Off,Off,Off,251.1,1,Off,On,Off,Off,Off,Off,1,0,Off,0,2,0,0,0,0,0,0,0,0,0,1
ch00034,CVNCT RI SW,449.87500,444.87500,D-Digital,High,12.5K,Off,Off,RI Statewide,Group Call,3144,KC1JMH / Brad Brown,Always,Carrier,Off,1,1,1,Off,1,1,None,None,Off,Off,Off,Off,Normal Encryption,Off,Off,Off,Off,251.1,1,Off,On,Off,Off,Off,Off,1,0,Off,0,2,0,0,0,0,0,0,0,0,0,1
ch00035,CVNCT VT SW,449.87500,444.87500,D-Digital,High,12.5K,Off,Off,VT Statewide,Group Call,3150,KC1JMH / Brad Brown,Always,Carrier,Off,1,1,1,Off,1,1,None,None,Off,Off,Off,Off,Normal Encryption,Off,Off,Off,Off,251.1,1,Off,On,Off,Off,Off,Off,1,0,Off,0,2,0,0,0,0,0,0,0,0,0,1
ch00036,CVNCT SKYWARN,449.87500,444.87500,D-Digital,High,12.5K,Off,Off,SKYWARN,Group Call,759,KC1JMH / Brad Brown,Always,Carrier,Off,1,1,1,Off,1,1,None,None,Off,Off,Off,Off,Normal Encryption,Off,Off,Off,Off,251.1,1,Off,On,Off,Off,Off,Off,1,0,Off,0,2,0,0,0,0,0,0,0,0,0,1
ch00037,CVNCT TAC310,449.87500,444.87500,D-Digital,High,12.5K,Off,Off,TAC310,Group Call,310,KC1JMH / Brad Brown,Always,Carrier,Off,1,1,1,Off,1,1,None,None,Off,Off,Off,Off,Normal Encryption,Off,Off,Off,Off,251.1,1,Off,On,Off,Off,Off,Off,1,0,Off,0,2,0,0,0,0,0,0,0,0,0,1
ch00038,CVNCT TAC311,449.87500,444.87500,D-Digital,High,12.5K,Off,Off,TAC311,Group Call,311,KC1JMH / Brad Brown,Always,Carrier,Off,1,1,1,Off,1,1,None,None,Off,Off,Off,Off,Normal Encryption,Off,Off,Off,Off,251.1,1,Off,On,Off,Off,Off,Off,1,0,Off,0,2,0,0,0,0,0,0,0,0,0,1
ch00039,CVNCT WW,449.87500,444.87500,D-Digital,High,12.5K,Off,Off,WW Call,Group Call,1,KC1JMH / Brad Brown,Always,Carrier,Off,1,1,1,Off,1,1,None,None,Off,Off,Off,Off,Normal Encryption,Off,Off,Off,Off,251.1,1,Off,On,Off,Off,Off,Off,1,0,Off,0,2,0,0,0,0,0,0,0,0,0,1
ch00040,CVNCT WW Eng,449.87500,444.87500,D-Digital,High,12.5K,Off,Off,WW English,Group Call,13,KC1JMH / Brad Brown,Always,Carrier,Off,1,1,1,Off,1,1,None,None,Off,Off,Off,Off,Normal Encryption,Off,Off,Off,Off,251.1,1,Off,On,Off,Off,Off,Off,1,0,Off,0,2,0,0,0,0,0,0,0,0,0,1
ch00041,KLLCT CT SW,444.85000,449.85000,D-Digital,High,12.5K,Off,Off,CT Statewide,Group Call,3109,KC1JMH / Brad Brown,Always,Carrier,Off,1,1,1,Off,1,2,None,None,Off,Off,Off,Off,Normal Encryption,Off,Off,Off,Off,251.1,1,Off,On,Off,Off,Off,Off,1,0,Off,0,2,0,0,0,0,0,0,0,0,0,1
ch00042,KLLCT Local,444.85000,449.85000,D-Digital,High,12.5K,Off,Off,Local,Group Call,9,KC1JMH / Brad Brown,Always,Carrier,Off,1,1,1,Off,1,2,None,None,Off,Off,Off,Off,Normal Encryption,Off,Off,Off,Off,251.1,1,Off,On,Off,Off,Off,Off,1,0,Off,0,2,0,0,0,0,0,0,0,0,0,1
ch00043,KLLCT MA SW,444.85000,449.85000,D-Digital,High,12.5K,Off,Off,MA Statewide,Group Call,3125,KC1JMH / Brad Brown,Always,Carrier,Off,1,1,1,Off,1,1,None,None,Off,Off,Off,Off,Normal Encryption,Off,Off,Off,Off,251.1,1,Off,On,Off,Off,Off,Off,1,0,Off,0,2,0,0,0,0,0,0,0,0,0,1
ch00044,KLLCT NE Wide,444.85000,449.85000,D-Digital,High,12.5K,Off,Off,New England-Wide,Group Call,3181,KC1JMH / Brad Brown,Always,Carrier,Off,1,1,1,Off,1,2,None,None,Off,Off,Off,Off,Normal Encryption,Off,Off,Off,Off,251.1,1,Off,On,Off,Off,Off,Off,1,0,Off,0,2,0,0,0,0,0,0,0,0,0,1
ch00045,KLLCT NETAC1,444.85000,449.85000,D-Digital,High,12.5K,Off,Off,NETAC1,Group Call,8801,KC1JMH / Brad Brown,Always,Carrier,Off,1,1,1,Off,1,1,None,None,Off,Off,Off,Off,Normal Encryption,Off,Off,Off,Off,251.1,1,Off,On,Off,Off,Off,Off,1,0,Off,0,2,0,0,0,0,0,0,0,0,0,1
ch00046,KLLCT NETAC2,444.85000,449.85000,D-Digital,High,12.5K,Off,Off,NETAC2,Group Call,8802,KC1JMH / Brad Brown,Always,Carrier,Off,1,1,1,Off,1,2,None,None,Off,Off,Off,Off,Normal Encryption,Off,Off,Off,Off,251.1,1,Off,On,Off,Off,Off,Off,1,0,Off,0,2,0,0,0,0,0,0,0,0,0,1
ch00047,KLLCT Northeast,444.85000,449.85000,D-Digital,High,12.5K,Off,Off,Northeast,Group Call,3172,KC1JMH / Brad Brown,Always,Carrier,Off,1,1,1,Off,1,1,None,None,Off,Off,Off,Off,Normal Encryption,Off,Off,Off,Off,251.1,1,Off,On,Off,Off,Off,Off,1,0,Off,0,2,0,0,0,0,0,0,0,0,0,1
ch00048,KLLCT Parrot,444.85000,449.85000,D-Digital,High,12.5K,Off,Off,Parrot,Group Call,9998,KC1JMH / Brad Brown,Always,Carrier,Off,1,1,1,Off,1,1,None,None,Off,Off,Off,Off,Normal Encryption,Off,Off,Off,Off,251.1,1,Off,On,Off,Off,Off,Off,1,0,Off,0,2,0,0,0,0,0,0,0,0,0,1
ch00049,KLLCT Audio,444.85000,449.85000,D-Digital,High,12.5K,Off,Off,Audio Watch,Group Call,9999,KC1JMH / Brad Brown,Always,Carrier,Off,1,1,1,Off,1,1,None,None,Off,Off,Off,Off,Normal Encryption,Off,Off,Off,Off,251.1,1,Off,On,Off,Off,Off,Off,1,0,Off,0,2,0,0,0,0,0,0,0,0,0,1
ch00050,KLLCT WW,444.85000,449.85000,D-Digital,High,12.5K,Off,Off,WW Call,Group Call,1,KC1JMH / Brad Brown,Always,Carrier,Off,1,1,1,Off,1,1,None,None,Off,Off,Off,Off,Normal Encryption,Off,Off,Off,Off,251.1,1,Off,On,Off,Off,Off,Off,1,0,Off,0,2,0,0,0,0,0,0,0,0,0,1
ch00051,KLLCT North Am,444.85000,449.85000,D-Digital,High,12.5K,Off,Off,North America,Group Call,3,KC1JMH / Brad Brown,Always,Carrier,Off,1,1,1,Off,1,1,None,None,Off,Off,Off,Off,Normal Encryption,Off,Off,Off,Off,251.1,1,Off,On,Off,Off,Off,Off,1,0,Off,0,2,0,0,0,0,0,0,0,0,0,1
ch00052,KLLCT ME SW,444.85000,449.85000,D-Digital,High,12.5K,Off,Off,ME Statewide,Group Call,3123,KC1JMH / Brad Brown,Always,Carrier,Off,1,1,1,Off,1,1,None,None,Off,Off,Off,Off,Normal Encryption,Off,Off,Off,Off,251.1,1,Off,On,Off,Off,Off,Off,1,0,Off,0,2,0,0,0,0,0,0,0,0,0,1
ch00053,KLLCT NH SW,444.85000,449.85000,D-Digital,High,12.5K,Off,Off,NH Statewide,Group Call,3133,KC1JMH / Brad Brown,Always,Carrier,Off,1,1,1,Off,1,1,None,None,Off,Off,Off,Off,Normal Encryption,Off,Off,Off,Off,251.1,1,Off,On,Off,Off,Off,Off,1,0,Off,0,2,0,0,0,0,0,0,0,0,0,1
ch00054,KLLCT NY SW,444.85000,449.85000,D-Digital,High,12.5K,Off,Off,NY Statewide,Group Call,3136,KC1JMH / Brad Brown,Always,Carrier,Off,1,1,1,Off,1,1,None,None,Off,Off,Off,Off,Normal Encryption,Off,Off,Off,Off,251.1,1,Off,On,Off,Off,Off,Off,1,0,Off,0,2,0,0,0,0,0,0,0,0,0,1
ch00055,KLLCT RI SW,444.85000,449.85000,D-Digital,High,12.5K,Off,Off,RI Statewide,Group Call,3144,KC1JMH / Brad Brown,Always,Carrier,Off,1,1,1,Off,1,1,None,None,Off,Off,Off,Off,Normal Encryption,Off,Off,Off,Off,251.1,1,Off,On,Off,Off,Off,Off,1,0,Off,0,2,0,0,0,0,0,0,0,0,0,1
ch00056,KLLCT VT SW,444.85000,449.85000,D-Digital,High,12.5K,Off,Off,VT Statewide,Group Call,3150,KC1JMH / Brad Brown,Always,Carrier,Off,1,1,1,Off,1,1,None,None,Off,Off,Off,Off,Normal Encryption,Off,Off,Off,Off,251.1,1,Off,On,Off,Off,Off,Off,1,0,Off,0,2,0,0,0,0,0,0,0,0,0,1
ch00057,KLLCT SKYWARN,444.85000,449.85000,D-Digital,High,12.5K,Off,Off,SKYWARN,Group Call,759,KC1JMH / Brad Brown,Always,Carrier,Off,1,1,1,Off,1,1,None,None,Off,Off,Off,Off,Normal Encryption,Off,Off,Off,Off,251.1,1,Off,On,Off,Off,Off,Off,1,0,Off,0,2,0,0,0,0,0,0,0,0,0,1
ch00058,KLLCT TAC310,444.85000,449.85000,D-Digital,High,12.5K,Off,Off,TAC310,Group Call,310,KC1JMH / Brad Brown,Always,Carrier,Off,1,1,1,Off,1,1,None,None,Off,Off,Off,Off,Normal Encryption,Off,Off,Off,Off,251.1,1,Off,On,Off,Off,Off,Off,1,0,Off,0,2,0,0,0,0,0,0,0,0,0,1
ch00059,KLLCT TAC311,444.85000,449.85000,D-Digital,High,12.5K,Off,Off,TAC311,Group Call,311,KC1JMH / Brad Brown,Always,Carrier,Off,1,1,1,Off,1,1,None,None,Off,Off,Off,Off,Normal Encryption,Off,Off,Off,Off,251.1,1,Off,On,Off,Off,Off,Off,1,0,Off,0,2,0,0,0,0,0,0,0,0,0,1
ch00060,MONCT CT SW,444.40000,449.40000,D-Digital,High,12.5K,Off,Off,CT Statewide,Group Call,3109,KC1JMH / Brad Brown,Always,Carrier,Off,1,1,1,Off,3,2,None,None,Off,Off,Off,Off,Normal Encryption,Off,Off,Off,Off,251.1,1,Off,On,Off,Off,Off,Off,1,0,Off,0,2,0,0,0,0,0,0,0,0,0,3
ch00061,MONCT Local,444.40000,449.40000,D-Digital,High,12.5K,Off,Off,Local,Group Call,9,KC1JMH / Brad Brown,Always,Carrier,Off,1,1,1,Off,3,2,None,None,Off,Off,Off,Off,Normal Encryption,Off,Off,Off,Off,251.1,1,Off,On,Off,Off,Off,Off,1,0,Off,0,2,0,0,0,0,0,0,0,0,0,3
ch00062,MONCT MA SW,444.40000,449.40000,D-Digital,High,12.5K,Off,Off,MA Statewide,Group Call,3125,KC1JMH / Brad Brown,Always,Carrier,Off,1,1,1,Off,3,1,None,None,Off,Off,Off,Off,Normal Encryption,Off,Off,Off,Off,251.1,1,Off,On,Off,Off,Off,Off,1,0,Off,0,2,0,0,0,0,0,0,0,0,0,3
ch00063,MONCT NE Wide,444.40000,449.40000,D-Digital,High,12.5K,Off,Off,New England-Wide,Group Call,3181,KC1JMH / Brad Brown,Always,Carrier,Off,1,1,1,Off,3,2,None,None,Off,Off,Off,Off,Normal Encryption,Off,Off,Off,Off,251.1,1,Off,On,Off,Off,Off,Off,1,0,Off,0,2,0,0,0,0,0,0,0,0,0,3
ch00064,MONCT NETAC1,444.40000,449.40000,D-Digital,High,12.5K,Off,Off,NETAC1,Group Call,8801,KC1JMH / Brad Brown,Always,Carrier,Off,1,1,1,Off,3,1,None,None,Off,Off,Off,Off,Normal Encryption,Off,Off,Off,Off,251.1,1,Off,On,Off,Off,Off,Off,1,0,Off,0,2,0,0,0,0,0,0,0,0,0,3
ch00065,MONCT NETAC2,444.40000,449.40000,D-Digital,High,12.5K,Off,Off,NETAC2,Group Call,8802,KC1JMH / Brad Brown,Always,Carrier,Off,1,1,1,Off,3,2,None,None,Off,Off,Off,Off,Normal Encryption,Off,Off,Off,Off,251.1,1,Off,On,Off,Off,Off,Off,1,0,Off,0,2,0,0,0,0,0,0,0,0,0,3
ch00066,MONCT North Am,444.40000,449.40000,D-Digital,High,12.5K,Off,Off,North America,Group Call,3,KC1JMH / Brad Brown,Always,Carrier,Off,1,1,1,Off,3,1,None,None,Off,Off,Off,Off,Normal Encryption,Off,Off,Off,Off,251.1,1,Off,On,Off,Off,Off,Off,1,0,Off,0,2,0,0,0,0,0,0,0,0,0,3
ch00067,MONCT Northeast,444.40000,449.40000,D-Digital,High,12.5K,Off,Off,Northeast,Group Call,3172,KC1JMH / Brad Brown,Always,Carrier,Off,1,1,1,Off,3,1,None,None,Off,Off,Off,Off,Normal Encryption,Off,Off,Off,Off,251.1,1,Off,On,Off,Off,Off,Off,1,0,Off,0,2,0,0,0,0,0,0,0,0,0,3
ch00068,MONCT Parrot,444.40000,449.40000,D-Digital,High,12.5K,Off,Off,Parrot,Group Call,9998,KC1JMH / Brad Brown,Always,Carrier,Off,1,1,1,Off,3,1,None,None,Off,Off,Off,Off,Normal Encryption,Off,Off,Off,Off,251.1,1,Off,On,Off,Off,Off,Off,1,0,Off,0,2,0,0,0,0,0,0,0,0,0,3
ch00069,MONCT Audio,444.40000,449.40000,D-Digital,High,12.5K,Off,Off,Audio Watch,Group Call,9999,KC1JMH / Brad Brown,Always,Carrier,Off,1,1,1,Off,3,1,None,None,Off,Off,Off,Off,Normal Encryption,Off,Off,Off,Off,251.1,1,Off,On,Off,Off,Off,Off,1,0,Off,0,2,0,0,0,0,0,0,0,0,0,3
ch00070,MONCT ME SW,444.40000,449.40000,D-Digital,High,12.5K,Off,Off,ME Statewide,Group Call,3123,KC1JMH / Brad Brown,Always,Carrier,Off,1,1,1,Off,3,1,None,None,Off,Off,Off,Off,Normal Encryption,Off,Off,Off,Off,251.1,1,Off,On,Off,Off,Off,Off,1,0,Off,0,2,0,0,0,0,0,0,0,0,0,3
ch00071,MONCT NH SW,444.40000,449.40000,D-Digital,High,12.5K,Off,Off,NH Statewide,Group Call,3133,KC1JMH / Brad Brown,Always,Carrier,Off,1,1,1,Off,3,1,None,None,Off,Off,Off,Off,Normal Encryption,Off,Off,Off,Off,251.1,1,Off,On,Off,Off,Off,Off,1,0,Off,0,2,0,0,0,0,0,0,0,0,0,3
ch00072,MONCT NY SW,444.40000,449.40000,D-Digital,High,12.5K,Off,Off,NY Statewide,Group Call,3136,KC1JMH / Brad Brown,Always,Carrier,Off,1,1,1,Off,3,1,None,None,Off,Off,Off,Off,Normal Encryption,Off,Off,Off,Off,251.1,1,Off,On,Off,Off,Off,Off,1,0,Off,0,2,0,0,0,0,0,0,0,0,0,3
ch00073,MONCT RI SW,444.40000,449.40000,D-Digital,High,12.5K,Off,Off,RI Statewide,Group Call,3144,KC1JMH / Brad Brown,Always,Carrier,Off,1,1,1,Off,3,1,None,None,Off,Off,Off,Off,Normal Encryption,Off,Off,Off,Off,251.1,1,Off,On,Off,Off,Off,Off,1,0,Off,0,2,0,0,0,0,0,0,0,0,0,3
ch00074,MONCT VT SW,444.40000,449.40000,D-Digital,High,12.5K,Off,Off,VT Statewide,Group Call,3150,KC1JMH / Brad Brown,Always,Carrier,Off,1,1,1,Off,3,1,None,None,Off,Off,Off,Off,Normal Encryption,Off,Off,Off,Off,251.1,1,Off,On,Off,Off,Off,Off,1,0,Off,0,2,0,0,0,0,0,0,0,0,0,3
ch00075,MONCT SKYWARN,444.40000,449.40000,D-Digital,High,12.5K,Off,Off,SKYWARN,Group Call,759,KC1JMH / Brad Brown,Always,Carrier,Off,1,1,1,Off,3,1,None,None,Off,Off,Off,Off,Normal Encryption,Off,Off,Off,Off,251.1,1,Off,On,Off,Off,Off,Off,1,0,Off,0,2,0,0,0,0,0,0,0,0,0,3
ch00076,MONCT TAC310,444.40000,449.40000,D-Digital,High,12.5K,Off,Off,TAC310,Group Call,310,KC1JMH / Brad Brown,Always,Carrier,Off,1,1,1,Off,3,1,None,None,Off,Off,Off,Off,Normal Encryption,Off,Off,Off,Off,251.1,1,Off,On,Off,Off,Off,Off,1,0,Off,0,2,0,0,0,0,0,0,0,0,0,3
ch00077,MONCT TAC311,444.40000,449.40000,D-Digital,High,12.5K,Off,Off,TAC311,Group Call,311,KC1JMH / Brad Brown,Always,Carrier,Off,1,1,1,Off,3,1,None,None,Off,Off,Off,Off,Normal Encryption,Off,Off,Off,Off,251.1,1,Off,On,Off,Off,Off,Off,1,0,Off,0,2,0,0,0,0,0,0,0,0,0,3
ch00078,MONCT WW,444.40000,449.40000,D-Digital,High,12.5K,Off,Off,WW Call,Group Call,1,KC1JMH / Brad Brown,Always,Carrier,Off,1,1,1,Off,3,1,None,None,Off,Off,Off,Off,Normal Encryption,Off,Off,Off,Off,251.1,1,Off,On,Off,Off,Off,Off,1,0,Off,0,2,0,0,0,0,0,0,0,0,0,3
ch00079,MONCT WW Eng,444.40000,449.40000,D-Digital,High,12.5K,Off,Off,WW English,Group Call,13,KC1JMH / Brad Brown,Always,Carrier,Off,1,1,1,Off,3,1,None,None,Off,Off,Off,Off,Normal Encryption,Off,Off,Off,Off,251.1,1,Off,On,Off,Off,Off,Off,1,0,Off,0,2,0,0,0,0,0,0,0,0,0,3
ch00080,NRTCT CT SW,449.47500,444.47500,D-Digital,High,12.5K,Off,Off,CT Statewide,Group Call,3109,KC1JMH / Brad Brown,Always,Carrier,Off,1,1,1,Off,1,2,None,None,Off,Off,Off,Off,Normal Encryption,Off,Off,Off,Off,251.1,1,Off,On,Off,Off,Off,Off,1,0,Off,0,2,0,0,0,0,0,0,0,0,0,1
ch00081,NRTCT Local,449.47500,444.47500,D-Digital,High,12.5K,Off,Off,Local,Group Call,9,KC1JMH / Brad Brown,Always,Carrier,Off,1,1,1,Off,1,2,None,None,Off,Off,Off,Off,Normal Encryption,Off,Off,Off,Off,251.1,1,Off,On,Off,Off,Off,Off,1,0,Off,0,2,0,0,0,0,0,0,0,0,0,1
ch00082,NRTCT MA SW,449.47500,444.47500,D-Digital,High,12.5K,Off,Off,MA Statewide,Group Call,3125,KC1JMH / Brad Brown,Always,Carrier,Off,1,1,1,Off,1,1,None,None,Off,Off,Off,Off,Normal Encryption,Off,Off,Off,Off,251.1,1,Off,On,Off,Off,Off,Off,1,0,Off,0,2,0,0,0,0,0,0,0,0,0,1
ch00083,NRTCT NE Wide,449.47500,444.47500,D-Digital,High,12.5K,Off,Off,New England-Wide,Group Call,3181,KC1JMH / Brad Brown,Always,Carrier,Off,1,1,1,Off,1,2,None,None,Off,Off,Off,Off,Normal Encryption,Off,Off,Off,Off,251.1,1,Off,On,Off,Off,Off,Off,1,0,Off,0,2,0,0,0,0,0,0,0,0,0,1
ch00084,NRTCT NETAC1,449.47500,444.47500,D-Digital,High,12.5K,Off,Off,NETAC1,Group Call,8801,KC1JMH / Brad Brown,Always,Carrier,Off,1,1,1,Off,1,1,None,None,Off,Off,Off,Off,Normal Encryption,Off,Off,Off,Off,251.1,1,Off,On,Off,Off,Off,Off,1,0,Off,0,2,0,0,0,0,0,0,0,0,0,1
ch00085,NRTCT NETAC2,449.47500,444.47500,D-Digital,High,12.5K,Off,Off,NETAC2,Group Call,8802,KC1JMH / Brad Brown,Always,Carrier,Off,1,1,1,Off,1,2,None,None,Off,Off,Off,Off,Normal Encryption,Off,Off,Off,Off,251.1,1,Off,On,Off,Off,Off,Off,1,0,Off,0,2,0,0,0,0,0,0,0,0,0,1
ch00086,NRTCT North Am,449.47500,444.47500,D-Digital,High,12.5K,Off,Off,North America,Group Call,3,KC1JMH / Brad Brown,Always,Carrier,Off,1,1,1,Off,1,1,None,None,Off,Off,Off,Off,Normal Encryption,Off,Off,Off,Off,251.1,1,Off,On,Off,Off,Off,Off,1,0,Off,0,2,0,0,0,0,0,0,0,0,0,1
ch00087,NRTCT Northeast,449.47500,444.47500,D-Digital,High,12.5K,Off,Off,Northeast,Group Call,3172,KC1JMH / Brad Brown,Always,Carrier,Off,1,1,1,Off,1,1,None,None,Off,Off,Off,Off,Normal Encryption,Off,Off,Off,Off,251.1,1,Off,On,Off,Off,Off,Off,1,0,Off,0,2,0,0,0,0,0,0,0,0,0,1
ch00088,NRTCT Parrot,449.47500,444.47500,D-Digital,High,12.5K,Off,Off,Parrot,Group Call,9998,KC1JMH / Brad Brown,Always,Carrier,Off,1,1,1,Off,1,1,None,None,Off,Off,Off,Off,Normal Encryption,Off,Off,Off,Off,251.1,1,Off,On,Off,Off,Off,Off,1,0,Off,0,2,0,0,0,0,0,0,0,0,0,1
ch00089,NRTCT SKYWARN,449.47500,444.47500,D-Digital,High,12.5K,Off,Off,SKYWARN,Group Call,759,KC1JMH / Brad Brown,Always,Carrier,Off,1,1,1,Off,1,1,None,None,Off,Off,Off,Off,Normal Encryption,Off,Off,Off,Off,251.1,1,Off,On,Off,Off,Off,Off,1,0,Off,0,2,0,0,0,0,0,0,0,0,0,1
ch00090,NRTCT TAC310,449.47500,444.47500,D-Digital,High,12.5K,Off,Off,TAC310,Group Call,310,KC1JMH / Brad Brown,Always,Carrier,Off,1,1,1,Off,1,1,None,None,Off,Off,Off,Off,Normal Encryption,Off,Off,Off,Off,251.1,1,Off,On,Off,Off,Off,Off,1,0,Off,0,2,0,0,0,0,0,0,0,0,0,1
ch00091,NRTCT TAC311,449.47500,444.47500,D-Digital,High,12.5K,Off,Off,TAC311,Group Call,311,KC1JMH / Brad Brown,Always,Carrier,Off,1,1,1,Off,1,1,None,None,Off,Off,Off,Off,Normal Encryption,Off,Off,Off,Off,251.1,1,Off,On,Off,Off,Off,Off,1,0,Off,0,2,0,0,0,0,0,0,0,0,0,1
ch00092,NRTCT WW,449.47500,444.47500,D-Digital,High,12.5K,Off,Off,WW Call,Group Call,1,KC1JMH / Brad Brown,Always,Carrier,Off,1,1,1,Off,1,1,None,None,Off,Off,Off,Off,Normal Encryption,Off,Off,Off,Off,251.1,1,Off,On,Off,Off,Off,Off,1,0,Off,0,2,0,0,0,0,0,0,0,0,0,1
ch00093,NRTCT WW Eng,449.47500,444.47500,D-Digital,High,12.5K,Off,Off,WW English,Group Call,13,KC1JMH / Brad Brown,Always,Carrier,Off,1,1,1,Off,1,1,None,None,Off,Off,Off,Off,Normal Encryption,Off,Off,Off,Off,251.1,1,Off,On,Off,Off,Off,Off,1,0,Off,0,2,0,0,0,0,0,0,0,0,0,1
ch00094,NRWCT CT SW,448.07500,443.07500,D-Digital,High,12.5K,Off,Off,CT Statewide,Group Call,3109,KC1JMH / Brad Brown,Always,Carrier,Off,1,1,1,Off,1,2,None,None,Off,Off,Off,Off,Normal Encryption,Off,Off,Off,Off,251.1,1,Off,On,Off,Off,Off,Off,1,0,Off,0,2,0,0,0,0,0,0,0,0,0,1
ch00095,NRWCT Local,448.07500,443.07500,D-Digital,High,12.5K,Off,Off,Local,Group Call,9,KC1JMH / Brad Brown,Always,Carrier,Off,1,1,1,Off,1,2,None,None,Off,Off,Off,Off,Normal Encryption,Off,Off,Off,Off,251.1,1,Off,On,Off,Off,Off,Off,1,0,Off,0,2,0,0,0,0,0,0,0,0,0,1
ch00096,NRWCT MA SW,448.07500,443.07500,D-Digital,High,12.5K,Off,Off,MA Statewide,Group Call,3125,KC1JMH / Brad Brown,Always,Carrier,Off,1,1,1,Off,1,1,None,None,Off,Off,Off,Off,Normal Encryption,Off,Off,Off,Off,251.1,1,Off,On,Off,Off,Off,Off,1,0,Off,0,2,0,0,0,0,0,0,0,0,0,1
ch00097,NRWCT NE Wide,448.07500,443.07500,D-Digital,High,12.5K,Off,Off,New England-Wide,Group Call,3181,KC1JMH / Brad Brown,Always,Carrier,Off,1,1,1,Off,1,2,None,None,Off,Off,Off,Off,Normal Encryption,Off,Off,Off,Off,251.1,1,Off,On,Off,Off,Off,Off,1,0,Off,0,2,0,0,0,0,0,0,0,0,0,1
ch00098,NRWCT NETAC1,448.07500,443.07500,D-Digital,High,12.5K,Off,Off,NETAC1,Group Call,8801,KC1JMH / Brad Brown,Always,Carrier,Off,1,1,1,Off,1,1,None,None,Off,Off,Off,Off,Normal Encryption,Off,Off,Off,Off,251.1,1,Off,On,Off,Off,Off,Off,1,0,Off,0,2,0,0,0,0,0,0,0,0,0,1
ch00099,NRWCT NETAC2,448.07500,443.07500,D-Digital,High,12.5K,Off,Off,NETAC2,Group Call,8802,KC1JMH / Brad Brown,Always,Carrier,Off,1,1,1,Off,1,2,None,None,Off,Off,Off,Off,Normal Encryption,Off,Off,Off,Off,251.1,1,Off,On,Off,Off,Off,Off,1,0,Off,0,2,0,0,0,0,0,0,0,0,0,1
ch00100,NRWCT North Am,448.07500,443.07500,D-Digital,High,12.5K,Off,Off,North America,Group Call,3,KC1JMH / Brad Brown,Always,Carrier,Off,1,1,1,Off,1,1,None,None,Off,Off,Off,Off,Normal Encryption,Off,Off,Off,Off,251.1,1,Off,On,Off,Off,Off,Off,1,0,Off,0,2,0,0,0,0,0,0,0,0,0,1
ch00101,NRWCT Northeast,448.07500,443.07500,D-Digital,High,12.5K,Off,Off,Northeast,Group Call,3172,KC1JMH / Brad Brown,Always,Carrier,Off,1,1,1,Off,1,1,None,None,Off,Off,Off,Off,Normal Encryption,Off,Off,Off,Off,251.1,1,Off,On,Off,Off,Off,Off,1,0,Off,0,2,0,0,0,0,0,0,0,0,0,1
ch00102,NRWCT Parrot,448.07500,443.07500,D-Digital,High,12.5K,Off,Off,Parrot,Group Call,9998,KC1JMH / Brad Brown,Always,Carrier,Off,1,1,1,Off,1,1,None,None,Off,Off,Off,Off,Normal Encryption,Off,Off,Off,Off,251.1,1,Off,On,Off,Off,Off,Off,1,0,Off,0,2,0,0,0,0,0,0,0,0,0,1
ch00103,NRWCT Audio,448.07500,443.07500,D-Digital,High,12.5K,Off,Off,Audio Watch,Group Call,9999,KC1JMH / Brad Brown,Always,Carrier,Off,1,1,1,Off,1,1,None,None,Off,Off,Off,Off,Normal Encryption,Off,Off,Off,Off,251.1,1,Off,On,Off,Off,Off,Off,1,0,Off,0,2,0,0,0,0,0,0,0,0,0,1
ch00104,NRWCT ME SW,448.07500,443.07500,D-Digital,High,12.5K,Off,Off,ME Statewide,Group Call,3123,KC1JMH / Brad Brown,Always,Carrier,Off,1,1,1,Off,1,1,None,None,Off,Off,Off,Off,Normal Encryption,Off,Off,Off,Off,251.1,1,Off,On,Off,Off,Off,Off,1,0,Off,0,2,0,0,0,0,0,0,0,0,0,1
ch00105,NRWCT NH SW,448.07500,443.07500,D-Digital,High,12.5K,Off,Off,NH Statewide,Group Call,3133,KC1JMH / Brad Brown,Always,Carrier,Off,1,1,1,Off,1,1,None,None,Off,Off,Off,Off,Normal Encryption,Off,Off,Off,Off,251.1,1,Off,On,Off,Off,Off,Off,1,0,Off,0,2,0,0,0,0,0,0,0,0,0,1
ch00106,NRWCT NY SW,448.07500,443.07500,D-Digital,High,12.5K,Off,Off,NY Statewide,Group Call,3136,KC1JMH / Brad Brown,Always,Carrier,Off,1,1,1,Off,1,1,None,None,Off,Off,Off,Off,Normal Encryption,Off,Off,Off,Off,251.1,1,Off,On,Off,Off,Off,Off,1,0,Off,0,2,0,0,0,0,0,0,0,0,0,1
ch00107,NRWCT RI SW,448.07500,443.07500,D-Digital,High,12.5K,Off,Off,RI Statewide,Group Call,3144,KC1JMH / Brad Brown,Always,Carrier,Off,1,1,1,Off,1,1,None,None,Off,Off,Off,Off,Normal Encryption,Off,Off,Off,Off,251.1,1,Off,On,Off,Off,Off,Off,1,0,Off,0,2,0,0,0,0,0,0,0,0,0,1
ch00108,NRWCT VT SW,448.07500,443.07500,D-Digital,High,12.5K,Off,Off,VT Statewide,Group Call,3150,KC1JMH / Brad Brown,Always,Carrier,Off,1,1,1,Off,1,1,None,None,Off,Off,Off,Off,Normal Encryption,Off,Off,Off,Off,251.1,1,Off,On,Off,Off,Off,Off,1,0,Off,0,2,0,0,0,0,0,0,0,0,0,1
ch00109,NRWCT SKYWARN,448.07500,443.07500,D-Digital,High,12.5K,Off,Off,SKYWARN,Group Call,759,KC1JMH / Brad Brown,Always,Carrier,Off,1,1,1,Off,1,1,None,None,Off,Off,Off,Off,Normal Encryption,Off,Off,Off,Off,251.1,1,Off,On,Off,Off,Off,Off,1,0,Off,0,2,0,0,0,0,0,0,0,0,0,1
ch00110,NRWCT TAC310,448.07500,443.07500,D-Digital,High,12.5K,Off,Off,TAC310,Group Call,310,KC1JMH / Brad Brown,Always,Carrier,Off,1,1,1,Off,1,1,None,None,Off,Off,Off,Off,Normal Encryption,Off,Off,Off,Off,251.1,1,Off,On,Off,Off,Off,Off,1,0,Off,0,2,0,0,0,0,0,0,0,0,0,1
ch00111,NRWCT TAC311,448.07500,443.07500,D-Digital,High,12.5K,Off,Off,TAC311,Group Call,311,KC1JMH / Brad Brown,Always,Carrier,Off,1,1,1,Off,1,1,None,None,Off,Off,Off,Off,Normal Encryption,Off,Off,Off,Off,251.1,1,Off,On,Off,Off,Off,Off,1,0,Off,0,2,0,0,0,0,0,0,0,0,0,1
ch00112,NRWCT WW,448.07500,443.07500,D-Digital,High,12.5K,Off,Off,WW Call,Group Call,1,KC1JMH / Brad Brown,Always,Carrier,Off,1,1,1,Off,1,1,None,None,Off,Off,Off,Off,Normal Encryption,Off,Off,Off,Off,251.1,1,Off,On,Off,Off,Off,Off,1,0,Off,0,2,0,0,0,0,0,0,0,0,0,1
ch00113,NRWCT WW Eng,448.07500,443.07500,D-Digital,High,12.5K,Off,Off,WW English,Group Call,13,KC1JMH / Brad Brown,Always,Carrier,Off,1,1,1,Off,1,1,None,None,Off,Off,Off,Off,Normal Encryption,Off,Off,Off,Off,251.1,1,Off,On,Off,Off,Off,Off,1,0,Off,0,2,0,0,0,0,0,0,0,0,0,1
ch00114,PRSCT CT SW,448.17500,443.17500,D-Digital,High,12.5K,Off,Off,CT Statewide,Group Call,3109,KC1JMH / Brad Brown,Always,Carrier,Off,1,1,1,Off,1,2,None,None,Off,Off,Off,Off,Normal Encryption,Off,Off,Off,Off,251.1,1,Off,On,Off,Off,Off,Off,1,0,Off,0,2,0,0,0,0,0,0,0,0,0,1
ch00115,PRSCT Local,448.17500,443.17500,D-Digital,High,12.5K,Off,Off,Local,Group Call,9,KC1JMH / Brad Brown,Always,Carrier,Off,1,1,1,Off,1,2,None,None,Off,Off,Off,Off,Normal Encryption,Off,Off,Off,Off,251.1,1,Off,On,Off,Off,Off,Off,1,0,Off,0,2,0,0,0,0,0,0,0,0,0,1
ch00116,PRSCT MA SW,448.17500,443.17500,D-Digital,High,12.5K,Off,Off,MA Statewide,Group Call,3125,KC1JMH / Brad Brown,Always,Carrier,Off,1,1,1,Off,1,1,None,None,Off,Off,Off,Off,Normal Encryption,Off,Off,Off,Off,251.1,1,Off,On,Off,Off,Off,Off,1,0,Off,0,2,0,0,0,0,0,0,0,0,0,1
ch00117,PRSCT NE Wide,448.17500,443.17500,D-Digital,High,12.5K,Off,Off,New England-Wide,Group Call,3181,KC1JMH / Brad Brown,Always,Carrier,Off,1,1,1,Off,1,2,None,None,Off,Off,Off,Off,Normal Encryption,Off,Off,Off,Off,251.1,1,Off,On,Off,Off,Off,Off,1,0,Off,0,2,0,0,0,0,0,0,0,0,0,1
ch00118,PRSCT NETAC1,448.17500,443.17500,D-Digital,High,12.5K,Off,Off,NETAC1,Group Call,8801,KC1JMH / Brad Brown,Always,Carrier,Off,1,1,1,Off,1,1,None,None,Off,Off,Off,Off,Normal Encryption,Off,Off,Off,Off,251.1,1,Off,On,Off,Off,Off,Off,1,0,Off,0,2,0,0,0,0,0,0,0,0,0,1
ch00119,PRSCT NETAC2,448.17500,443.17500,D-Digital,High,12.5K,Off,Off,NETAC2,Group Call,8802,KC1JMH / Brad Brown,Always,Carrier,Off,1,1,1,Off,1,2,None,None,Off,Off,Off,Off,Normal Encryption,Off,Off,Off,Off,251.1,1,Off,On,Off,Off,Off,Off,1,0,Off,0,2,0,0,0,0,0,0,0,0,0,1
ch00120,PRSCT Northeast,448.17500,443.17500,D-Digital,High,12.5K,Off,Off,Northeast,Group Call,3172,KC1JMH / Brad Brown,Always,Carrier,Off,1,1,1,Off,1,1,None,None,Off,Off,Off,Off,Normal Encryption,Off,Off,Off,Off,251.1,1,Off,On,Off,Off,Off,Off,1,0,Off,0,2,0,0,0,0,0,0,0,0,0,1
ch00121,PRSCT Parrot,448.17500,443.17500,D-Digital,High,12.5K,Off,Off,Parrot,Group Call,9998,KC1JMH / Brad Brown,Always,Carrier,Off,1,1,1,Off,1,1,None,None,Off,Off,Off,Off,Normal Encryption,Off,Off,Off,Off,251.1,1,Off,On,Off,Off,Off,Off,1,0,Off,0,2,0,0,0,0,0,0,0,0,0,1
ch00122,PRSCT Audio,448.17500,443.17500,D-Digital,High,12.5K,Off,Off,Audio Watch,Group Call,9999,KC1JMH / Brad Brown,Always,Carrier,Off,1,1,1,Off,1,1,None,None,Off,Off,Off,Off,Normal Encryption,Off,Off,Off,Off,251.1,1,Off,On,Off,Off,Off,Off,1,0,Off,0,2,0,0,0,0,0,0,0,0,0,1
ch00123,PRSCT WW,448.17500,443.17500,D-Digital,High,12.5K,Off,Off,WW Call,Group Call,1,KC1JMH / Brad Brown,Always,Carrier,Off,1,1,1,Off,1,1,None,None,Off,Off,Off,Off,Normal Encryption,Off,Off,Off,Off,251.1,1,Off,On,Off,Off,Off,Off,1,0,Off,0,2,0,0,0,0,0,0,0,0,0,1
ch00124,PRSCT North Am,448.17500,443.17500,D-Digital,High,12.5K,Off,Off,North America,Group Call,3,KC1JMH / Brad Brown,Always,Carrier,Off,1,1,1,Off,1,1,None,None,Off,Off,Off,Off,Normal Encryption,Off,Off,Off,Off,251.1,1,Off,On,Off,Off,Off,Off,1,0,Off,0,2,0,0,0,0,0,0,0,0,0,1
ch00125,PRSCT ME SW,448.17500,443.17500,D-Digital,High,12.5K,Off,Off,ME Statewide,Group Call,3123,KC1JMH / Brad Brown,Always,Carrier,Off,1,1,1,Off,1,1,None,None,Off,Off,Off,Off,Normal Encryption,Off,Off,Off,Off,251.1,1,Off,On,Off,Off,Off,Off,1,0,Off,0,2,0,0,0,0,0,0,0,0,0,1
ch00126,PRSCT NH SW,448.17500,443.17500,D-Digital,High,12.5K,Off,Off,NH Statewide,Group Call,3133,KC1JMH / Brad Brown,Always,Carrier,Off,1,1,1,Off,1,1,None,None,Off,Off,Off,Off,Normal Encryption,Off,Off,Off,Off,251.1,1,Off,On,Off,Off,Off,Off,1,0,Off,0,2,0,0,0,0,0,0,0,0,0,1
ch00127,PRSCT NY SW,448.17500,443.17500,D-Digital,High,12.5K,Off,Off,NY Statewide,Group Call,3136,KC1JMH / Brad Brown,Always,Carrier,Off,1,1,1,Off,1,1,None,None,Off,Off,Off,Off,Normal Encryption,Off,Off,Off,Off,251.1,1,Off,On,Off,Off,Off,Off,1,0,Off,0,2,0,0,0,0,0,0,0,0,0,1
ch00128,PRSCT RI SW,448.17500,443.17500,D-Digital,High,12.5K,Off,Off,RI Statewide,Group Call,3144,KC1JMH / Brad Brown,Always,Carrier,Off,1,1,1,Off,1,1,None,None,Off,Off,Off,Off,Normal Encryption,Off,Off,Off,Off,251.1,1,Off,On,Off,Off,Off,Off,1,0,Off,0,2,0,0,0,0,0,0,0,0,0,1
ch00129,PRSCT VT SW,448.17500,443.17500,D-Digital,High,12.5K,Off,Off,VT Statewide,Group Call,3150,KC1JMH / Brad Brown,Always,Carrier,Off,1,1,1,Off,1,1,None,None,Off,Off,Off,Off,Normal Encryption,Off,Off,Off,Off,251.1,1,Off,On,Off,Off,Off,Off,1,0,Off,0,2,0,0,0,0,0,0,0,0,0,1
ch00130,PRSCT SKYWARN,448.17500,443.17500,D-Digital,High,12.5K,Off,Off,SKYWARN,Group Call,759,KC1JMH / Brad Brown,Always,Carrier,Off,1,1,1,Off,1,1,None,None,Off,Off,Off,Off,Normal Encryption,Off,Off,Off,Off,251.1,1,Off,On,Off,Off,Off,Off,1,0,Off,0,2,0,0,0,0,0,0,0,0,0,1
ch00131,PRSCT TAC310,448.17500,443.17500,D-Digital,High,12.5K,Off,Off,TAC310,Group Call,310,KC1JMH / Brad Brown,Always,Carrier,Off,1,1,1,Off,1,1,None,None,Off,Off,Off,Off,Normal Encryption,Off,Off,Off,Off,251.1,1,Off,On,Off,Off,Off,Off,1,0,Off,0,2,0,0,0,0,0,0,0,0,0,1
ch00132,PRSCT TAC311,448.17500,443.17500,D-Digital,High,12.5K,Off,Off,TAC311,Group Call,311,KC1JMH / Brad Brown,Always,Carrier,Off,1,1,1,Off,1,1,None,None,Off,Off,Off,Off,Normal Encryption,Off,Off,Off,Off,251.1,1,Off,On,Off,Off,Off,Off,1,0,Off,0,2,0,0,0,0,0,0,0,0,0,1
ch00133,RCKCT CT SW,444.15000,449.15000,D-Digital,High,12.5K,Off,Off,CT Statewide,Group Call,3109,KC1JMH / Brad Brown,Always,Carrier,Off,1,1,1,Off,3,2,None,None,Off,Off,Off,Off,Normal Encryption,Off,Off,Off,Off,251.1,1,Off,On,Off,Off,Off,Off,1,0,Off,0,2,0,0,0,0,0,0,0,0,0,3
ch00134,RCKCT Local,444.15000,449.15000,D-Digital,High,12.5K,Off,Off,Local,Group Call,9,KC1JMH / Brad Brown,Always,Carrier,Off,1,1,1,Off,3,2,None,None,Off,Off,Off,Off,Normal Encryption,Off,Off,Off,Off,251.1,1,Off,On,Off,Off,Off,Off,1,0,Off,0,2,0,0,0,0,0,0,0,0,0,3
ch00135,RCKCT MA SW,444.15000,449.15000,D-Digital,High,12.5K,Off,Off,MA Statewide,Group Call,3125,KC1JMH / Brad Brown,Always,Carrier,Off,1,1,1,Off,3,1,None,None,Off,Off,Off,Off,Normal Encryption,Off,Off,Off,Off,251.1,1,Off,On,Off,Off,Off,Off,1,0,Off,0,2,0,0,0,0,0,0,0,0,0,3
ch00136,RCKCT NE Wide,444.15000,449.15000,D-Digital,High,12.5K,Off,Off,New England-Wide,Group Call,3181,KC1JMH / Brad Brown,Always,Carrier,Off,1,1,1,Off,3,2,None,None,Off,Off,Off,Off,Normal Encryption,Off,Off,Off,Off,251.1,1,Off,On,Off,Off,Off,Off,1,0,Off,0,2,0,0,0,0,0,0,0,0,0,3
ch00137,RCKCT NETAC1,444.15000,449.15000,D-Digital,High,12.5K,Off,Off,NETAC1,Group Call,8801,KC1JMH / Brad Brown,Always,Carrier,Off,1,1,1,Off,3,1,None,None,Off,Off,Off,Off,Normal Encryption,Off,Off,Off,Off,251.1,1,Off,On,Off,Off,Off,Off,1,0,Off,0,2,0,0,0,0,0,0,0,0,0,3
ch00138,RCKCT NETAC2,444.15000,449.15000,D-Digital,High,12.5K,Off,Off,NETAC2,Group Call,8802,KC1JMH / Brad Brown,Always,Carrier,Off,1,1,1,Off,3,2,None,None,Off,Off,Off,Off,Normal Encryption,Off,Off,Off,Off,251.1,1,Off,On,Off,Off,Off,Off,1,0,Off,0,2,0,0,0,0,0,0,0,0,0,3
ch00139,RCKCT North Am,444.15000,449.15000,D-Digital,High,12.5K,Off,Off,North America,Group Call,3,KC1JMH / Brad Brown,Always,Carrier,Off,1,1,1,Off,3,1,None,None,Off,Off,Off,Off,Normal Encryption,Off,Off,Off,Off,251.1,1,Off,On,Off,Off,Off,Off,1,0,Off,0,2,0,0,0,0,0,0,0,0,0,3
ch00140,RCKCT Northeast,444.15000,449.15000,D-Digital,High,12.5K,Off,Off,Northeast,Group Call,3172,KC1JMH / Brad Brown,Always,Carrier,Off,1,1,1,Off,3,1,None,None,Off,Off,Off,Off,Normal Encryption,Off,Off,Off,Off,251.1,1,Off,On,Off,Off,Off,Off,1,0,Off,0,2,0,0,0,0,0,0,0,0,0,3
ch00141,RCKCT Parrot,444.15000,449.15000,D-Digital,High,12.5K,Off,Off,Parrot,Group Call,9998,KC1JMH / Brad Brown,Always,Carrier,Off,1,1,1,Off,3,1,None,None,Off,Off,Off,Off,Normal Encryption,Off,Off,Off,Off,251.1,1,Off,On,Off,Off,Off,Off,1,0,Off,0,2,0,0,0,0,0,0,0,0,0,3
ch00142,RCKCT Audio,444.15000,449.15000,D-Digital,High,12.5K,Off,Off,Audio Watch,Group Call,9999,KC1JMH / Brad Brown,Always,Carrier,Off,1,1,1,Off,3,1,None,None,Off,Off,Off,Off,Normal Encryption,Off,Off,Off,Off,251.1,1,Off,On,Off,Off,Off,Off,1,0,Off,0,2,0,0,0,0,0,0,0,0,0,3
ch00143,RCKCT ME SW,444.15000,449.15000,D-Digital,High,12.5K,Off,Off,ME Statewide,Group Call,3123,KC1JMH / Brad Brown,Always,Carrier,Off,1,1,1,Off,3,1,None,None,Off,Off,Off,Off,Normal Encryption,Off,Off,Off,Off,251.1,1,Off,On,Off,Off,Off,Off,1,0,Off,0,2,0,0,0,0,0,0,0,0,0,3
ch00144,RCKCT NH SW,444.15000,449.15000,D-Digital,High,12.5K,Off,Off,NH Statewide,Group Call,3133,KC1JMH / Brad Brown,Always,Carrier,Off,1,1,1,Off,3,1,None,None,Off,Off,Off,Off,Normal Encryption,Off,Off,Off,Off,251.1,1,Off,On,Off,Off,Off,Off,1,0,Off,0,2,0,0,0,0,0,0,0,0,0,3
ch00145,RCKCT NY SW,444.15000,449.15000,D-Digital,High,12.5K,Off,Off,NY Statewide,Group Call,3136,KC1JMH / Brad Brown,Always,Carrier,Off,1,1,1,Off,3,1,None,None,Off,Off,Off,Off,Normal Encryption,Off,Off,Off,Off,251.1,1,Off,On,Off,Off,Off,Off,1,0,Off,0,2,0,0,0,0,0,0,0,0,0,3
ch00146,RCKCT RI SW,444.15000,449.15000,D-Digital,High,12.5K,Off,Off,RI Statewide,Group Call,3144,KC1JMH / Brad Brown,Always,Carrier,Off,1,1,1,Off,3,1,None,None,Off,Off,Off,Off,Normal Encryption,Off,Off,Off,Off,251.1,1,Off,On,Off,Off,Off,Off,1,0,Off,0,2,0,0,0,0,0,0,0,0,0,3
ch00147,RCKCT VT SW,444.15000,449.15000,D-Digital,High,12.5K,Off,Off,VT Statewide,Group Call,3150,KC1JMH / Brad Brown,Always,Carrier,Off,1,1,1,Off,3,1,None,None,Off,Off,Off,Off,Normal Encryption,Off,Off,Off,Off,251.1,1,Off,On,Off,Off,Off,Off,1,0,Off,0,2,0,0,0,0,0,0,0,0,0,3
ch00148,RCKCT SKYWARN,444.15000,449.15000,D-Digital,High,12.5K,Off,Off,SKYWARN,Group Call,759,KC1JMH / Brad Brown,Always,Carrier,Off,1,1,1,Off,3,1,None,None,Off,Off,Off,Off,Normal Encryption,Off,Off,Off,Off,251.1,1,Off,On,Off,Off,Off,Off,1,0,Off,0,2,0,0,0,0,0,0,0,0,0,3
ch00149,RCKCT TAC310,444.15000,449.15000,D-Digital,High,12.5K,Off,Off,TAC310,Group Call,310,KC1JMH / Brad Brown,Always,Carrier,Off,1,1,1,Off,3,1,None,None,Off,Off,Off,Off,Normal Encryption,Off,Off,Off,Off,251.1,1,Off,On,Off,Off,Off,Off,1,0,Off,0,2,0,0,0,0,0,0,0,0,0,3
ch00150,RCKCT TAC311,444.15000,449.15000,D-Digital,High,12.5K,Off,Off,TAC311,Group Call,311,KC1JMH / Brad Brown,Always,Carrier,Off,1,1,1,Off,3,1,None,None,Off,Off,Off,Off,Normal Encryption,Off,Off,Off,Off,251.1,1,Off,On,Off,Off,Off,Off,1,0,Off,0,2,0,0,0,0,0,0,0,0,0,3
ch00151,RCKCT WW,444.15000,449.15000,D-Digital,High,12.5K,Off,Off,WW Call,Group Call,1,KC1JMH / Brad Brown,Always,Carrier,Off,1,1,1,Off,3,1,None,None,Off,Off,Off,Off,Normal Encryption,Off,Off,Off,Off,251.1,1,Off,On,Off,Off,Off,Off,1,0,Off,0,2,0,0,0,0,0,0,0,0,0,3
ch00152,RCKCT WW Eng,444.15000,449.15000,D-Digital,High,12.5K,Off,Off,WW English,Group Call,13,KC1JMH / Brad Brown,Always,Carrier,Off,1,1,1,Off,3,1,None,None,Off,Off,Off,Off,Normal Encryption,Off,Off,Off,Off,251.1,1,Off,On,Off,Off,Off,Off,1,0,Off,0,2,0,0,0,0,0,0,0,0,0,3
ch00153,SEYCT CT SW,442.90000,447.90000,D-Digital,High,12.5K,Off,Off,CT Statewide,Group Call,3109,KC1JMH / Brad Brown,Always,Carrier,Off,1,1,1,Off,1,2,None,None,Off,Off,Off,Off,Normal Encryption,Off,Off,Off,Off,251.1,1,Off,On,Off,Off,Off,Off,1,0,Off,0,2,0,0,0,0,0,0,0,0,0,1
ch00154,SEYCT Local,442.90000,447.90000,D-Digital,High,12.5K,Off,Off,Local,Group Call,9,KC1JMH / Brad Brown,Always,Carrier,Off,1,1,1,Off,1,2,None,None,Off,Off,Off,Off,Normal Encryption,Off,Off,Off,Off,251.1,1,Off,On,Off,Off,Off,Off,1,0,Off,0,2,0,0,0,0,0,0,0,0,0,1
ch00155,SEYCT MA SW,442.90000,447.90000,D-Digital,High,12.5K,Off,Off,MA Statewide,Group Call,3125,KC1JMH / Brad Brown,Always,Carrier,Off,1,1,1,Off,1,1,None,None,Off,Off,Off,Off,Normal Encryption,Off,Off,Off,Off,251.1,1,Off,On,Off,Off,Off,Off,1,0,Off,0,2,0,0,0,0,0,0,0,0,0,1
ch00156,SEYCT NE Wide,442.90000,447.90000,D-Digital,High,12.5K,Off,Off,New England-Wide,Group Call,3181,KC1JMH / Brad Brown,Always,Carrier,Off,1,1,1,Off,1,2,None,None,Off,Off,Off,Off,Normal Encryption,Off,Off,Off,Off,251.1,1,Off,On,Off,Off,Off,Off,1,0,Off,0,2,0,0,0,0,0,0,0,0,0,1
ch00157,SEYCT NETAC1,442.90000,447.90000,D-Digital,High,12.5K,Off,Off,NETAC1,Group Call,8801,KC1JMH / Brad Brown,Always,Carrier,Off,1,1,1,Off,1,1,None,None,Off,Off,Off,Off,Normal Encryption,Off,Off,Off,Off,251.1,1,Off,On,Off,Off,Off,Off,1,0,Off,0,2,0,0,0,0,0,0,0,0,0,1
ch00158,SEYCT NETAC2,442.90000,447.90000,D-Digital,High,12.5K,Off,Off,NETAC2,Group Call,8802,KC1JMH / Brad Brown,Always,Carrier,Off,1,1,1,Off,1,2,None,None,Off,Off,Off,Off,Normal Encryption,Off,Off,Off,Off,251.1,1,Off,On,Off,Off,Off,Off,1,0,Off,0,2,0,0,0,0,0,0,0,0,0,1
ch00159,SEYCT North Am,442.90000,447.90000,D-Digital,High,12.5K,Off,Off,North America,Group Call,3,KC1JMH / Brad Brown,Always,Carrier,Off,1,1,1,Off,1,1,None,None,Off,Off,Off,Off,Normal Encryption,Off,Off,Off,Off,251.1,1,Off,On,Off,Off,Off,Off,1,0,Off,0,2,0,0,0,0,0,0,0,0,0,1
ch00160,SEYCT Northeast,442.90000,447.90000,D-Digital,High,12.5K,Off,Off,Northeast,Group Call,3172,KC1JMH / Brad Brown,Always,Carrier,Off,1,1,1,Off,1,1,None,None,Off,Off,Off,Off,Normal Encryption,Off,Off,Off,Off,251.1,1,Off,On,Off,Off,Off,Off,1,0,Off,0,2,0,0,0,0,0,0,0,0,0,1
ch00161,SEYCT Parrot,442.90000,447.90000,D-Digital,High,12.5K,Off,Off,Parrot,Group Call,9998,KC1JMH / Brad Brown,Always,Carrier,Off,1,1,1,Off,1,1,None,None,Off,Off,Off,Off,Normal Encryption,Off,Off,Off,Off,251.1,1,Off,On,Off,Off,Off,Off,1,0,Off,0,2,0,0,0,0,0,0,0,0,0,1
ch00162,SEYCT Audio,442.90000,447.90000,D-Digital,High,12.5K,Off,Off,Audio Watch,Group Call,9999,KC1JMH / Brad Brown,Always,Carrier,Off,1,1,1,Off,1,1,None,None,Off,Off,Off,Off,Normal Encryption,Off,Off,Off,Off,251.1,1,Off,On,Off,Off,Off,Off,1,0,Off,0,2,0,0,0,0,0,0,0,0,0,1
ch00163,SEYCT ME SW,442.90000,447.90000,D-Digital,High,12.5K,Off,Off,ME Statewide,Group Call,3123,KC1JMH / Brad Brown,Always,Carrier,Off,1,1,1,Off,1,1,None,None,Off,Off,Off,Off,Normal Encryption,Off,Off,Off,Off,251.1,1,Off,On,Off,Off,Off,Off,1,0,Off,0,2,0,0,0,0,0,0,0,0,0,1
ch00164,SEYCT NH SW,442.90000,447.90000,D-Digital,High,12.5K,Off,Off,NH Statewide,Group Call,3133,KC1JMH / Brad Brown,Always,Carrier,Off,1,1,1,Off,1,1,None,None,Off,Off,Off,Off,Normal Encryption,Off,Off,Off,Off,251.1,1,Off,On,Off,Off,Off,Off,1,0,Off,0,2,0,0,0,0,0,0,0,0,0,1
ch00165,SEYCT NY SW,442.90000,447.90000,D-Digital,High,12.5K,Off,Off,NY Statewide,Group Call,3136,KC1JMH / Brad Brown,Always,Carrier,Off,1,1,1,Off,1,1,None,None,Off,Off,Off,Off,Normal Encryption,Off,Off,Off,Off,251.1,1,Off,On,Off,Off,Off,Off,1,0,Off,0,2,0,0,0,0,0,0,0,0,0,1
ch00166,SEYCT RI SW,442.90000,447.90000,D-Digital,High,12.5K,Off,Off,RI Statewide,Group Call,3144,KC1JMH / Brad Brown,Always,Carrier,Off,1,1,1,Off,1,1,None,None,Off,Off,Off,Off,Normal Encryption,Off,Off,Off,Off,251.1,1,Off,On,Off,Off,Off,Off,1,0,Off,0,2,0,0,0,0,0,0,0,0,0,1
ch00167,SEYCT VT SW,442.90000,447.90000,D-Digital,High,12.5K,Off,Off,VT Statewide,Group Call,3150,KC1JMH / Brad Brown,Always,Carrier,Off,1,1,1,Off,1,1,None,None,Off,Off,Off,Off,Normal Encryption,Off,Off,Off,Off,251.1,1,Off,On,Off,Off,Off,Off,1,0,Off,0,2,0,0,0,0,0,0,0,0,0,1
ch00168,SEYCT SKYWARN,442.90000,447.90000,D-Digital,High,12.5K,Off,Off,SKYWARN,Group Call,759,KC1JMH / Brad Brown,Always,Carrier,Off,1,1,1,Off,1,1,None,None,Off,Off,Off,Off,Normal Encryption,Off,Off,Off,Off,251.1,1,Off,On,Off,Off,Off,Off,1,0,Off,0,2,0,0,0,0,0,0,0,0,0,1
ch00169,SEYCT TAC310,442.90000,447.90000,D-Digital,High,12.5K,Off,Off,TAC310,Group Call,310,KC1JMH / Brad Brown,Always,Carrier,Off,1,1,1,Off,1,1,None,None,Off,Off,Off,Off,Normal Encryption,Off,Off,Off,Off,251.1,1,Off,On,Off,Off,Off,Off,1,0,Off,0,2,0,0,0,0,0,0,0,0,0,1
ch00170,SEYCT TAC311,442.90000,447.90000,D-Digital,High,12.5K,Off,Off,TAC311,Group Call,311,KC1JMH / Brad Brown,Always,Carrier,Off,1,1,1,Off,1,1,None,None,Off,Off,Off,Off,Normal Encryption,Off,Off,Off,Off,251.1,1,Off,On,Off,Off,Off,Off,1,0,Off,0,2,0,0,0,0,0,0,0,0,0,1
ch00171,SEYCT WW,442.90000,447.90000,D-Digital,High,12.5K,Off,Off,WW Call,Group Call,1,KC1JMH / Brad Brown,Always,Carrier,Off,1,1,1,Off,1,1,None,None,Off,Off,Off,Off,Normal Encryption,Off,Off,Off,Off,251.1,1,Off,On,Off,Off,Off,Off,1,0,Off,0,2,0,0,0,0,0,0,0,0,0,1
ch00172,SEYCT WW Eng,442.90000,447.90000,D-Digital,High,12.5K,Off,Off,WW English,Group Call,13,KC1JMH / Brad Brown,Always,Carrier,Off,1,1,1,Off,1,1,None,None,Off,Off,Off,Off,Normal Encryption,Off,Off,Off,Off,251.1,1,Off,On,Off,Off,Off,Off,1,0,Off,0,2,0,0,0,0,0,0,0,0,0,1
ch00173,BOSTMA CT SW,449.17500,444.17500,D-Digital,High,12.5K,Off,Off,CT Statewide,Group Call,3109,KC1JMH / Brad Brown,Always,Carrier,Off,1,1,1,Off,1,1,None,None,Off,Off,Off,Off,Normal Encryption,Off,Off,Off,Off,251.1,1,Off,On,Off,Off,Off,Off,1,0,Off,0,2,0,0,0,0,0,0,0,0,0,1
ch00174,BOSTMA Local,449.17500,444.17500,D-Digital,High,12.5K,Off,Off,Local,Group Call,9,KC1JMH / Brad Brown,Always,Carrier,Off,1,1,1,Off,1,2,None,None,Off,Off,Off,Off,Normal Encryption,Off,Off,Off,Off,251.1,1,Off,On,Off,Off,Off,Off,1,0,Off,0,2,0,0,0,0,0,0,0,0,0,1
ch00175,BOSTMA MA SW,449.17500,444.17500,D-Digital,High,12.5K,Off,Off,MA Statewide,Group Call,3125,KC1JMH / Brad Brown,Always,Carrier,Off,1,1,1,Off,1,2,None,None,Off,Off,Off,Off,Normal Encryption,Off,Off,Off,Off,251.1,1,Off,On,Off,Off,Off,Off,1,0,Off,0,2,0,0,0,0,0,0,0,0,0,1
ch00176,BOSTMA ME SW,449.17500,444.17500,D-Digital,High,12.5K,Off,Off,ME Statewide,Group Call,3123,KC1JMH / Brad Brown,Always,Carrier,Off,1,1,1,Off,1,1,None,None,Off,Off,Off,Off,Normal Encryption,Off,Off,Off,Off,251.1,1,Off,On,Off,Off,Off,Off,1,0,Off,0,2,0,0,0,0,0,0,0,0,0,1
ch00177,BOSTMA NE Wide,449.17500,444.17500,D-Digital,High,12.5K,Off,Off,New England-Wide,Group Call,3181,KC1JMH / Brad Brown,Always,Carrier,Off,1,1,1,Off,1,2,None,None,Off,Off,Off,Off,Normal Encryption,Off,Off,Off,Off,251.1,1,Off,On,Off,Off,Off,Off,1,0,Off,0,2,0,0,0,0,0,0,0,0,0,1
ch00178,BOSTMA NETAC1,449.17500,444.17500,D-Digital,High,12.5K,Off,Off,NETAC1,Group Call,8801,KC1JMH / Brad Brown,Always,Carrier,Off,1,1,1,Off,1,1,None,None,Off,Off,Off,Off,Normal Encryption,Off,Off,Off,Off,251.1,1,Off,On,Off,Off,Off,Off,1,0,Off,0,2,0,0,0,0,0,0,0,0,0,1
ch00179,BOSTMA NETAC2,449.17500,444.17500,D-Digital,High,12.5K,Off,Off,NETAC2,Group Call,8802,KC1JMH / Brad Brown,Always,Carrier,Off,1,1,1,Off,1,2,None,None,Off,Off,Off,Off,Normal Encryption,Off,Off,Off,Off,251.1,1,Off,On,Off,Off,Off,Off,1,0,Off,0,2,0,0,0,0,0,0,0,0,0,1
ch00180,BOSTMA NH SW,449.17500,444.17500,D-Digital,High,12.5K,Off,Off,NH Statewide,Group Call,3133,KC1JMH / Brad Brown,Always,Carrier,Off,1,1,1,Off,1,1,None,None,Off,Off,Off,Off,Normal Encryption,Off,Off,Off,Off,251.1,1,Off,On,Off,Off,Off,Off,1,0,Off,0,2,0,0,0,0,0,0,0,0,0,1
ch00181,BOSTMA North Am,449.17500,444.17500,D-Digital,High,12.5K,Off,Off,North America,Group Call,3,KC1JMH / Brad Brown,Always,Carrier,Off,1,1,1,Off,1,1,None,None,Off,Off,Off,Off,Normal Encryption,Off,Off,Off,Off,251.1,1,Off,On,Off,Off,Off,Off,1,0,Off,0,2,0,0,0,0,0,0,0,0,0,1
ch00182,BOSTMA Northeast,449.17500,444.17500,D-Digital,High,12.5K,Off,Off,Northeast,Group Call,3172,KC1JMH / Brad Brown,Always,Carrier,Off,1,1,1,Off,1,1,None,None,Off,Off,Off,Off,Normal Encryption,Off,Off,Off,Off,251.1,1,Off,On,Off,Off,Off,Off,1,0,Off,0,2,0,0,0,0,0,0,0,0,0,1
ch00183,BOSTMA Parrot,449.17500,444.17500,D-Digital,High,12.5K,Off,Off,Parrot,Group Call,9998,KC1JMH / Brad Brown,Always,Carrier,Off,1,1,1,Off,1,1,None,None,Off,Off,Off,Off,Normal Encryption,Off,Off,Off,Off,251.1,1,Off,On,Off,Off,Off,Off,1,0,Off,0,2,0,0,0,0,0,0,0,0,0,1
ch00184,BOSTMA Audio,449.17500,444.17500,D-Digital,High,12.5K,Off,Off,Audio Watch,Group Call,9999,KC1JMH / Brad Brown,Always,Carrier,Off,1,1,1,Off,1,1,None,None,Off,Off,Off,Off,Normal Encryption,Off,Off,Off,Off,251.1,1,Off,On,Off,Off,Off,Off,1,0,Off,0,2,0,0,0,0,0,0,0,0,0,1
ch00185,BOSTMA Cape Net,449.17500,444.17500,D-Digital,High,12.5K,Off,Off,Cape Net,Group Call,8804,KC1JMH / Brad Brown,Always,Carrier,Off,1,1,1,Off,1,1,None,None,Off,Off,Off,Off,Normal Encryption,Off,Off,Off,Off,251.1,1,Off,On,Off,Off,Off,Off,1,0,Off,0,2,0,0,0,0,0,0,0,0,0,1
ch00186,BOSTMA RI SW,449.17500,444.17500,D-Digital,High,12.5K,Off,Off,RI Statewide,Group Call,3144,KC1JMH / Brad Brown,Always,Carrier,Off,1,1,1,Off,1,1,None,None,Off,Off,Off,Off,Normal Encryption,Off,Off,Off,Off,251.1,1,Off,On,Off,Off,Off,Off,1,0,Off,0,2,0,0,0,0,0,0,0,0,0,1
ch00187,BOSTMA SKYWARN,449.17500,444.17500,D-Digital,High,12.5K,Off,Off,SKYWARN,Group Call,759,KC1JMH / Brad Brown,Always,Carrier,Off,1,1,1,Off,1,1,None,None,Off,Off,Off,Off,Normal Encryption,Off,Off,Off,Off,251.1,1,Off,On,Off,Off,Off,Off,1,0,Off,0,2,0,0,0,0,0,0,0,0,0,1
ch00188,BOSTMA TAC310,449.17500,444.17500,D-Digital,High,12.5K,Off,Off,TAC310,Group Call,310,KC1JMH / Brad Brown,Always,Carrier,Off,1,1,1,Off,1,1,None,None,Off,Off,Off,Off,Normal Encryption,Off,Off,Off,Off,251.1,1,Off,On,Off,Off,Off,Off,1,0,Off,0,2,0,0,0,0,0,0,0,0,0,1
ch00189,BOSTMA TAC311,449.17500,444.17500,D-Digital,High,12.5K,Off,Off,TAC311,Group Call,311,KC1JMH / Brad Brown,Always,Carrier,Off,1,1,1,Off,1,1,None,None,Off,Off,Off,Off,Normal Encryption,Off,Off,Off,Off,251.1,1,Off,On,Off,Off,Off,Off,1,0,Off,0,2,0,0,0,0,0,0,0,0,0,1
ch00190,BOSTMA VT SW,449.17500,444.17500,D-Digital,High,12.5K,Off,Off,VT Statewide,Group Call,3150,KC1JMH / Brad Brown,Always,Carrier,Off,1,1,1,Off,1,1,None,None,Off,Off,Off,Off,Normal Encryption,Off,Off,Off,Off,251.1,1,Off,On,Off,Off,Off,Off,1,0,Off,0,2,0,0,0,0,0,0,0,0,0,1
ch00191,BOSTMA WW,449.17500,444.17500,D-Digital,High,12.5K,Off,Off,WW Call,Group Call,1,KC1JMH / Brad Brown,Always,Carrier,Off,1,1,1,Off,1,1,None,None,Off,Off,Off,Off,Normal Encryption,Off,Off,Off,Off,251.1,1,Off,On,Off,Off,Off,Off,1,0,Off,0,2,0,0,0,0,0,0,0,0,0,1
ch00192,BOSTMA WW Eng,449.17500,444.17500,D-Digital,High,12.5K,Off,Off,WW English,Group Call,13,KC1JMH / Brad Brown,Always,Carrier,Off,1,1,1,Off,1,1,None,None,Off,Off,Off,Off,Normal Encryption,Off,Off,Off,Off,251.1,1,Off,On,Off,Off,Off,Off,1,0,Off,0,2,0,0,0,0,0,0,0,0,0,1
ch00193,CHLMA CT SW,145.18000,144.58000,D-Digital,High,12.5K,Off,Off,CT Statewide,Group Call,3109,KC1JMH / Brad Brown,Always,Carrier,Off,1,1,1,Off,2,1,None,None,Off,Off,Off,Off,Normal Encryption,Off,Off,Off,Off,251.1,1,Off,On,Off,Off,Off,Off,1,0,Off,0,2,0,0,0,0,0,0,0,0,0,2
ch00194,CHLMA Local,145.18000,144.58000,D-Digital,High,12.5K,Off,Off,Local,Group Call,9,KC1JMH / Brad Brown,Always,Carrier,Off,1,1,1,Off,2,2,None,None,Off,Off,Off,Off,Normal Encryption,Off,Off,Off,Off,251.1,1,Off,On,Off,Off,Off,Off,1,0,Off,0,2,0,0,0,0,0,0,0,0,0,2
ch00195,CHLMA MA SW,145.18000,144.58000,D-Digital,High,12.5K,Off,Off,MA Statewide,Group Call,3125,KC1JMH / Brad Brown,Always,Carrier,Off,1,1,1,Off,2,2,None,None,Off,Off,Off,Off,Normal Encryption,Off,Off,Off,Off,251.1,1,Off,On,Off,Off,Off,Off,1,0,Off,0,2,0,0,0,0,0,0,0,0,0,2
ch00196,CHLMA ME SW,145.18000,144.58000,D-Digital,High,12.5K,Off,Off,ME Statewide,Group Call,3123,KC1JMH / Brad Brown,Always,Carrier,Off,1,1,1,Off,2,1,None,None,Off,Off,Off,Off,Normal Encryption,Off,Off,Off,Off,251.1,1,Off,On,Off,Off,Off,Off,1,0,Off,0,2,0,0,0,0,0,0,0,0,0,2
ch00197,CHLMA NE Wide,145.18000,144.58000,D-Digital,High,12.5K,Off,Off,New England-Wide,Group Call,3181,KC1JMH / Brad Brown,Always,Carrier,Off,1,1,1,Off,2,2,None,None,Off,Off,Off,Off,Normal Encryption,Off,Off,Off,Off,251.1,1,Off,On,Off,Off,Off,Off,1,0,Off,0,2,0,0,0,0,0,0,0,0,0,2
ch00198,CHLMA NETAC1,145.18000,144.58000,D-Digital,High,12.5K,Off,Off,NETAC1,Group Call,8801,KC1JMH / Brad Brown,Always,Carrier,Off,1,1,1,Off,2,1,None,None,Off,Off,Off,Off,Normal Encryption,Off,Off,Off,Off,251.1,1,Off,On,Off,Off,Off,Off,1,0,Off,0,2,0,0,0,0,0,0,0,0,0,2
ch00199,CHLMA NETAC2,145.18000,144.58000,D-Digital,High,12.5K,Off,Off,NETAC2,Group Call,8802,KC1JMH / Brad Brown,Always,Carrier,Off,1,1,1,Off,2,2,None,None,Off,Off,Off,Off,Normal Encryption,Off,Off,Off,Off,251.1,1,Off,On,Off,Off,Off,Off,1,0,Off,0,2,0,0,0,0,0,0,0,0,0,2
ch00200,CHLMA NH SW,145.18000,144.58000,D-Digital,High,12.5K,Off,Off,NH Statewide,Group Call,3133,KC1JMH / Brad Brown,Always,Carrier,Off,1,1,1,Off,2,1,None,None,Off,Off,Off,Off,Normal Encryption,Off,Off,Off,Off,251.1,1,Off,On,Off,Off,Off,Off,1,0,Off,0,2,0,0,0,0,0,0,0,0,0,2
ch00201,CHLMA North Am,145.18000,144.58000,D-Digital,High,12.5K,Off,Off,North America,Group Call,3,KC1JMH / Brad Brown,Always,Carrier,Off,1,1,1,Off,2,1,None,None,Off,Off,Off,Off,Normal Encryption,Off,Off,Off,Off,251.1,1,Off,On,Off,Off,Off,Off,1,0,Off,0,2,0,0,0,0,0,0,0,0,0,2
ch00202,CHLMA Northeast,145.18000,144.58000,D-Digital,High,12.5K,Off,Off,Northeast,Group Call,3172,KC1JMH / Brad Brown,Always,Carrier,Off,1,1,1,Off,2,1,None,None,Off,Off,Off,Off,Normal Encryption,Off,Off,Off,Off,251.1,1,Off,On,Off,Off,Off,Off,1,0,Off,0,2,0,0,0,0,0,0,0,0,0,2
ch00203,CHLMA Parrot,145.18000,144.58000,D-Digital,High,12.5K,Off,Off,Parrot,Group Call,9998,KC1JMH / Brad Brown,Always,Carrier,Off,1,1,1,Off,2,1,None,None,Off,Off,Off,Off,Normal Encryption,Off,Off,Off,Off,251.1,1,Off,On,Off,Off,Off,Off,1,0,Off,0,2,0,0,0,0,0,0,0,0,0,2
ch00204,CHLMA Audio,145.18000,144.58000,D-Digital,High,12.5K,Off,Off,Audio Watch,Group Call,9999,KC1JMH / Brad Brown,Always,Carrier,Off,1,1,1,Off,2,1,None,None,Off,Off,Off,Off,Normal Encryption,Off,Off,Off,Off,251.1,1,Off,On,Off,Off,Off,Off,1,0,Off,0,2,0,0,0,0,0,0,0,0,0,2
ch00205,CHLMA RI SW,145.18000,144.58000,D-Digital,High,12.5K,Off,Off,RI Statewide,Group Call,3144,KC1JMH / Brad Brown,Always,Carrier,Off,1,1,1,Off,2,1,None,None,Off,Off,Off,Off,Normal Encryption,Off,Off,Off,Off,251.1,1,Off,On,Off,Off,Off,Off,1,0,Off,0,2,0,0,0,0,0,0,0,0,0,2
ch00206,CHLMA SKYWARN,145.18000,144.58000,D-Digital,High,12.5K,Off,Off,SKYWARN,Group Call,759,KC1JMH / Brad Brown,Always,Carrier,Off,1,1,1,Off,2,1,None,None,Off,Off,Off,Off,Normal Encryption,Off,Off,Off,Off,251.1,1,Off,On,Off,Off,Off,Off,1,0,Off,0,2,0,0,0,0,0,0,0,0,0,2
ch00207,CHLMA TAC310,145.18000,144.58000,D-Digital,High,12.5K,Off,Off,TAC310,Group Call,310,KC1JMH / Brad Brown,Always,Carrier,Off,1,1,1,Off,2,1,None,None,Off,Off,Off,Off,Normal Encryption,Off,Off,Off,Off,251.1,1,Off,On,Off,Off,Off,Off,1,0,Off,0,2,0,0,0,0,0,0,0,0,0,2
ch00208,CHLMA TAC311,145.18000,144.58000,D-Digital,High,12.5K,Off,Off,TAC311,Group Call,311,KC1JMH / Brad Brown,Always,Carrier,Off,1,1,1,Off,2,1,None,None,Off,Off,Off,Off,Normal Encryption,Off,Off,Off,Off,251.1,1,Off,On,Off,Off,Off,Off,1,0,Off,0,2,0,0,0,0,0,0,0,0,0,2
ch00209,CHLMA VT SW,145.18000,144.58000,D-Digital,High,12.5K,Off,Off,VT Statewide,Group Call,3150,KC1JMH / Brad Brown,Always,Carrier,Off,1,1,1,Off,2,1,None,None,Off,Off,Off,Off,Normal Encryption,Off,Off,Off,Off,251.1,1,Off,On,Off,Off,Off,Off,1,0,Off,0,2,0,0,0,0,0,0,0,0,0,2
ch00210,CHLMA WW,145.18000,144.58000,D-Digital,High,12.5K,Off,Off,WW Call,Group Call,1,KC1JMH / Brad Brown,Always,Carrier,Off,1,1,1,Off,2,1,None,None,Off,Off,Off,Off,Normal Encryption,Off,Off,Off,Off,251.1,1,Off,On,Off,Off,Off,Off,1,0,Off,0,2,0,0,0,0,0,0,0,0,0,2
ch00211,CHLMA WW Eng,145.18000,144.58000,D-Digital,High,12.5K,Off,Off,WW English,Group Call,13,KC1JMH / Brad Brown,Always,Carrier,Off,1,1,1,Off,2,1,None,None,Off,Off,Off,Off,Normal Encryption,Off,Off,Off,Off,251.1,1,Off,On,Off,Off,Off,Off,1,0,Off,0,2,0,0,0,0,0,0,0,0,0,2
ch00212,DENMA CT SW,146.47000,144.97000,D-Digital,High,12.5K,Off,Off,CT Statewide,Group Call,3109,KC1JMH / Brad Brown,Always,Carrier,Off,1,1,1,Off,11,1,None,None,Off,Off,Off,Off,Normal Encryption,Off,Off,Off,Off,251.1,1,Off,On,Off,Off,Off,Off,1,0,Off,0,2,0,0,0,0,0,0,0,0,0,11
ch00213,DENMA Local,146.47000,144.97000,D-Digital,High,12.5K,Off,Off,Local,Group Call,9,KC1JMH / Brad Brown,Always,Carrier,Off,1,1,1,Off,11,2,None,None,Off,Off,Off,Off,Normal Encryption,Off,Off,Off,Off,251.1,1,Off,On,Off,Off,Off,Off,1,0,Off,0,2,0,0,0,0,0,0,0,0,0,11
ch00214,DENMA MA SW,146.47000,144.97000,D-Digital,High,12.5K,Off,Off,MA Statewide,Group Call,3125,KC1JMH / Brad Brown,Always,Carrier,Off,1,1,1,Off,11,2,None,None,Off,Off,Off,Off,Normal Encryption,Off,Off,Off,Off,251.1,1,Off,On,Off,Off,Off,Off,1,0,Off,0,2,0,0,0,0,0,0,0,0,0,11
ch00215,DENMA ME SW,146.47000,144.97000,D-Digital,High,12.5K,Off,Off,ME Statewide,Group Call,3123,KC1JMH / Brad Brown,Always,Carrier,Off,1,1,1,Off,11,1,None,None,Off,Off,Off,Off,Normal Encryption,Off,Off,Off,Off,251.1,1,Off,On,Off,Off,Off,Off,1,0,Off,0,2,0,0,0,0,0,0,0,0,0,11
ch00216,DENMA NE Wide,146.47000,144.97000,D-Digital,High,12.5K,Off,Off,New England-Wide,Group Call,3181,KC1JMH / Brad Brown,Always,Carrier,Off,1,1,1,Off,11,2,None,None,Off,Off,Off,Off,Normal Encryption,Off,Off,Off,Off,251.1,1,Off,On,Off,Off,Off,Off,1,0,Off,0,2,0,0,0,0,0,0,0,0,0,11
ch00217,DENMA NETAC1,146.47000,144.97000,D-Digital,High,12.5K,Off,Off,NETAC1,Group Call,8801,KC1JMH / Brad Brown,Always,Carrier,Off,1,1,1,Off,11,1,None,None,Off,Off,Off,Off,Normal Encryption,Off,Off,Off,Off,251.1,1,Off,On,Off,Off,Off,Off,1,0,Off,0,2,0,0,0,0,0,0,0,0,0,11
ch00218,DENMA NETAC2,146.47000,144.97000,D-Digital,High,12.5K,Off,Off,NETAC2,Group Call,8802,KC1JMH / Brad Brown,Always,Carrier,Off,1,1,1,Off,11,2,None,None,Off,Off,Off,Off,Normal Encryption,Off,Off,Off,Off,251.1,1,Off,On,Off,Off,Off,Off,1,0,Off,0,2,0,0,0,0,0,0,0,0,0,11
ch00219,DENMA NH SW,146.47000,144.97000,D-Digital,High,12.5K,Off,Off,NH Statewide,Group Call,3133,KC1JMH / Brad Brown,Always,Carrier,Off,1,1,1,Off,11,1,None,None,Off,Off,Off,Off,Normal Encryption,Off,Off,Off,Off,251.1,1,Off,On,Off,Off,Off,Off,1,0,Off,0,2,0,0,0,0,0,0,0,0,0,11
ch00220,DENMA North Am,146.47000,144.97000,D-Digital,High,12.5K,Off,Off,North America,Group Call,3,KC1JMH / Brad Brown,Always,Carrier,Off,1,1,1,Off,11,1,None,None,Off,Off,Off,Off,Normal Encryption,Off,Off,Off,Off,251.1,1,Off,On,Off,Off,Off,Off,1,0,Off,0,2,0,0,0,0,0,0,0,0,0,11
ch00221,DENMA Northeast,146.47000,144.97000,D-Digital,High,12.5K,Off,Off,Northeast,Group Call,3172,KC1JMH / Brad Brown,Always,Carrier,Off,1,1,1,Off,11,1,None,None,Off,Off,Off,Off,Normal Encryption,Off,Off,Off,Off,251.1,1,Off,On,Off,Off,Off,Off,1,0,Off,0,2,0,0,0,0,0,0,0,0,0,11
ch00222,DENMA Parrot,146.47000,144.97000,D-Digital,High,12.5K,Off,Off,Parrot,Group Call,9998,KC1JMH / Brad Brown,Always,Carrier,Off,1,1,1,Off,11,1,None,None,Off,Off,Off,Off,Normal Encryption,Off,Off,Off,Off,251.1,1,Off,On,Off,Off,Off,Off,1,0,Off,0,2,0,0,0,0,0,0,0,0,0,11
ch00223,DENMA Audio,146.47000,144.97000,D-Digital,High,12.5K,Off,Off,Audio Watch,Group Call,9999,KC1JMH / Brad Brown,Always,Carrier,Off,1,1,1,Off,11,1,None,None,Off,Off,Off,Off,Normal Encryption,Off,Off,Off,Off,251.1,1,Off,On,Off,Off,Off,Off,1,0,Off,0,2,0,0,0,0,0,0,0,0,0,11
ch00224,DENMA Cape Net,146.47000,144.97000,D-Digital,High,12.5K,Off,Off,Cape Net,Group Call,8804,KC1JMH / Brad Brown,Always,Carrier,Off,1,1,1,Off,11,2,None,None,Off,Off,Off,Off,Normal Encryption,Off,Off,Off,Off,251.1,1,Off,On,Off,Off,Off,Off,1,0,Off,0,2,0,0,0,0,0,0,0,0,0,11
ch00225,DENMA RI SW,146.47000,144.97000,D-Digital,High,12.5K,Off,Off,RI Statewide,Group Call,3144,KC1JMH / Brad Brown,Always,Carrier,Off,1,1,1,Off,11,1,None,None,Off,Off,Off,Off,Normal Encryption,Off,Off,Off,Off,251.1,1,Off,On,Off,Off,Off,Off,1,0,Off,0,2,0,0,0,0,0,0,0,0,0,11
ch00226,DENMA SKYWARN,146.47000,144.97000,D-Digital,High,12.5K,Off,Off,SKYWARN,Group Call,759,KC1JMH / Brad Brown,Always,Carrier,Off,1,1,1,Off,11,1,None,None,Off,Off,Off,Off,Normal Encryption,Off,Off,Off,Off,251.1,1,Off,On,Off,Off,Off,Off,1,0,Off,0,2,0,0,0,0,0,0,0,0,0,11
ch00227,DENMA TAC310,146.47000,144.97000,D-Digital,High,12.5K,Off,Off,TAC310,Group Call,310,KC1JMH / Brad Brown,Always,Carrier,Off,1,1,1,Off,11,1,None,None,Off,Off,Off,Off,Normal Encryption,Off,Off,Off,Off,251.1,1,Off,On,Off,Off,Off,Off,1,0,Off,0,2,0,0,0,0,0,0,0,0,0,11
ch00228,DENMA TAC311,146.47000,144.97000,D-Digital,High,12.5K,Off,Off,TAC311,Group Call,311,KC1JMH / Brad Brown,Always,Carrier,Off,1,1,1,Off,11,1,None,None,Off,Off,Off,Off,Normal Encryption,Off,Off,Off,Off,251.1,1,Off,On,Off,Off,Off,Off,1,0,Off,0,2,0,0,0,0,0,0,0,0,0,11
ch00229,DENMA VT SW,146.47000,144.97000,D-Digital,High,12.5K,Off,Off,VT Statewide,Group Call,3150,KC1JMH / Brad Brown,Always,Carrier,Off,1,1,1,Off,11,1,None,None,Off,Off,Off,Off,Normal Encryption,Off,Off,Off,Off,251.1,1,Off,On,Off,Off,Off,Off,1,0,Off,0,2,0,0,0,0,0,0,0,0,0,11
ch00230,DENMA WW,146.47000,144.97000,D-Digital,High,12.5K,Off,Off,WW Call,Group Call,1,KC1JMH / Brad Brown,Always,Carrier,Off,1,1,1,Off,11,1,None,None,Off,Off,Off,Off,Normal Encryption,Off,Off,Off,Off,251.1,1,Off,On,Off,Off,Off,Off,1,0,Off,0,2,0,0,0,0,0,0,0,0,0,11
ch00231,DENMA WW Eng,146.47000,144.97000,D-Digital,High,12.5K,Off,Off,WW English,Group Call,13,KC1JMH / Brad Brown,Always,Carrier,Off,1,1,1,Off,11,1,None,None,Off,Off,Off,Off,Normal Encryption,Off,Off,Off,Off,251.1,1,Off,On,Off,Off,Off,Off,1,0,Off,0,2,0,0,0,0,0,0,0,0,0,11
ch00232,DNVMA CT SW,442.80000,447.80000,D-Digital,High,12.5K,Off,Off,CT Statewide,Group Call,3109,KC1JMH / Brad Brown,Always,Carrier,Off,1,1,1,Off,4,1,None,None,Off,Off,Off,Off,Normal Encryption,Off,Off,Off,Off,251.1,1,Off,On,Off,Off,Off,Off,1,0,Off,0,2,0,0,0,0,0,0,0,0,0,4
ch00233,DNVMA Local,442.80000,447.80000,D-Digital,High,12.5K,Off,Off,Local,Group Call,9,KC1JMH / Brad Brown,Always,Carrier,Off,1,1,1,Off,4,2,None,None,Off,Off,Off,Off,Normal Encryption,Off,Off,Off,Off,251.1,1,Off,On,Off,Off,Off,Off,1,0,Off,0,2,0,0,0,0,0,0,0,0,0,4
ch00234,DNVMA MA SW,442.80000,447.80000,D-Digital,High,12.5K,Off,Off,MA Statewide,Group Call,3125,KC1JMH / Brad Brown,Always,Carrier,Off,1,1,1,Off,4,2,None,None,Off,Off,Off,Off,Normal Encryption,Off,Off,Off,Off,251.1,1,Off,On,Off,Off,Off,Off,1,0,Off,0,2,0,0,0,0,0,0,0,0,0,4
ch00235,DNVMA ME SW,442.80000,447.80000,D-Digital,High,12.5K,Off,Off,ME Statewide,Group Call,3123,KC1JMH / Brad Brown,Always,Carrier,Off,1,1,1,Off,4,1,None,None,Off,Off,Off,Off,Normal Encryption,Off,Off,Off,Off,251.1,1,Off,On,Off,Off,Off,Off,1,0,Off,0,2,0,0,0,0,0,0,0,0,0,4
ch00236,DNVMA NE Wide,442.80000,447.80000,D-Digital,High,12.5K,Off,Off,New England-Wide,Group Call,3181,KC1JMH / Brad Brown,Always,Carrier,Off,1,1,1,Off,4,2,None,None,Off,Off,Off,Off,Normal Encryption,Off,Off,Off,Off,251.1,1,Off,On,Off,Off,Off,Off,1,0,Off,0,2,0,0,0,0,0,0,0,0,0,4
ch00237,DNVMA NETAC1,442.80000,447.80000,D-Digital,High,12.5K,Off,Off,NETAC1,Group Call,8801,KC1JMH / Brad Brown,Always,Carrier,Off,1,1,1,Off,4,1,None,None,Off,Off,Off,Off,Normal Encryption,Off,Off,Off,Off,251.1,1,Off,On,Off,Off,Off,Off,1,0,Off,0,2,0,0,0,0,0,0,0,0,0,4
ch00238,DNVMA NETAC2,442.80000,447.80000,D-Digital,High,12.5K,Off,Off,NETAC2,Group Call,8802,KC1JMH / Brad Brown,Always,Carrier,Off,1,1,1,Off,4,2,None,None,Off,Off,Off,Off,Normal Encryption,Off,Off,Off,Off,251.1,1,Off,On,Off,Off,Off,Off,1,0,Off,0,2,0,0,0,0,0,0,0,0,0,4
ch00239,DNVMA NH SW,442.80000,447.80000,D-Digital,High,12.5K,Off,Off,NH Statewide,Group Call,3133,KC1JMH / Brad Brown,Always,Carrier,Off,1,1,1,Off,4,1,None,None,Off,Off,Off,Off,Normal Encryption,Off,Off,Off,Off,251.1,1,Off,On,Off,Off,Off,Off,1,0,Off,0,2,0,0,0,0,0,0,0,0,0,4
ch00240,DNVMA North Am,442.80000,447.80000,D-Digital,High,12.5K,Off,Off,North America,Group Call,3,KC1JMH / Brad Brown,Always,Carrier,Off,1,1,1,Off,4,1,None,None,Off,Off,Off,Off,Normal Encryption,Off,Off,Off,Off,251.1,1,Off,On,Off,Off,Off,Off,1,0,Off,0,2,0,0,0,0,0,0,0,0,0,4
ch00241,DNVMA Northeast,442.80000,447.80000,D-Digital,High,12.5K,Off,Off,Northeast,Group Call,3172,KC1JMH / Brad Brown,Always,Carrier,Off,1,1,1,Off,4,1,None,None,Off,Off,Off,Off,Normal Encryption,Off,Off,Off,Off,251.1,1,Off,On,Off,Off,Off,Off,1,0,Off,0,2,0,0,0,0,0,0,0,0,0,4
ch00242,DNVMA Parrot,442.80000,447.80000,D-Digital,High,12.5K,Off,Off,Parrot,Group Call,9998,KC1JMH / Brad Brown,Always,Carrier,Off,1,1,1,Off,4,1,None,None,Off,Off,Off,Off,Normal Encryption,Off,Off,Off,Off,251.1,1,Off,On,Off,Off,Off,Off,1,0,Off,0,2,0,0,0,0,0,0,0,0,0,4
ch00243,DNVMA Audio,442.80000,447.80000,D-Digital,High,12.5K,Off,Off,Audio Watch,Group Call,9999,KC1JMH / Brad Brown,Always,Carrier,Off,1,1,1,Off,4,1,None,None,Off,Off,Off,Off,Normal Encryption,Off,Off,Off,Off,251.1,1,Off,On,Off,Off,Off,Off,1,0,Off,0,2,0,0,0,0,0,0,0,0,0,4
ch00244,DNVMA RI SW,442.80000,447.80000,D-Digital,High,12.5K,Off,Off,RI Statewide,Group Call,3144,KC1JMH / Brad Brown,Always,Carrier,Off,1,1,1,Off,4,1,None,None,Off,Off,Off,Off,Normal Encryption,Off,Off,Off,Off,251.1,1,Off,On,Off,Off,Off,Off,1,0,Off,0,2,0,0,0,0,0,0,0,0,0,4
ch00245,DNVMA SKYWARN,442.80000,447.80000,D-Digital,High,12.5K,Off,Off,SKYWARN,Group Call,759,KC1JMH / Brad Brown,Always,Carrier,Off,1,1,1,Off,4,1,None,None,Off,Off,Off,Off,Normal Encryption,Off,Off,Off,Off,251.1,1,Off,On,Off,Off,Off,Off,1,0,Off,0,2,0,0,0,0,0,0,0,0,0,4
ch00246,DNVMA TAC310,442.80000,447.80000,D-Digital,High,12.5K,Off,Off,TAC310,Group Call,310,KC1JMH / Brad Brown,Always,Carrier,Off,1,1,1,Off,4,1,None,None,Off,Off,Off,Off,Normal Encryption,Off,Off,Off,Off,251.1,1,Off,On,Off,Off,Off,Off,1,0,Off,0,2,0,0,0,0,0,0,0,0,0,4
ch00247,DNVMA TAC311,442.80000,447.80000,D-Digital,High,12.5K,Off,Off,TAC311,Group Call,311,KC1JMH / Brad Brown,Always,Carrier,Off,1,1,1,Off,4,1,None,None,Off,Off,Off,Off,Normal Encryption,Off,Off,Off,Off,251.1,1,Off,On,Off,Off,Off,Off,1,0,Off,0,2,0,0,0,0,0,0,0,0,0,4
ch00248,DNVMA VT SW,442.80000,447.80000,D-Digital,High,12.5K,Off,Off,VT Statewide,Group Call,3150,KC1JMH / Brad Brown,Always,Carrier,Off,1,1,1,Off,4,1,None,None,Off,Off,Off,Off,Normal Encryption,Off,Off,Off,Off,251.1,1,Off,On,Off,Off,Off,Off,1,0,Off,0,2,0,0,0,0,0,0,0,0,0,4
ch00249,DNVMA WW,442.80000,447.80000,D-Digital,High,12.5K,Off,Off,WW Call,Group Call,1,KC1JMH / Brad Brown,Always,Carrier,Off,1,1,1,Off,4,1,None,None,Off,Off,Off,Off,Normal Encryption,Off,Off,Off,Off,251.1,1,Off,On,Off,Off,Off,Off,1,0,Off,0,2,0,0,0,0,0,0,0,0,0,4
ch00250,DNVMA WW Eng,442.80000,447.80000,D-Digital,High,12.5K,Off,Off,WW English,Group Call,13,KC1JMH / Brad Brown,Always,Carrier,Off,1,1,1,Off,4,1,None,None,Off,Off,Off,Off,Normal Encryption,Off,Off,Off,Off,251.1,1,Off,On,Off,Off,Off,Off,1,0,Off,0,2,0,0,0,0,0,0,0,0,0,4
ch00251,EFPMA CT SW,145.21000,144.61000,D-Digital,High,12.5K,Off,Off,CT Statewide,Group Call,3109,KC1JMH / Brad Brown,Always,Carrier,Off,1,1,1,Off,9,1,None,None,Off,Off,Off,Off,Normal Encryption,Off,Off,Off,Off,251.1,1,Off,On,Off,Off,Off,Off,1,0,Off,0,2,0,0,0,0,0,0,0,0,0,9
ch00252,EFPMA Local,145.21000,144.61000,D-Digital,High,12.5K,Off,Off,Local,Group Call,9,KC1JMH / Brad Brown,Always,Carrier,Off,1,1,1,Off,9,2,None,None,Off,Off,Off,Off,Normal Encryption,Off,Off,Off,Off,251.1,1,Off,On,Off,Off,Off,Off,1,0,Off,0,2,0,0,0,0,0,0,0,0,0,9
ch00253,EFPMA MA SW,145.21000,144.61000,D-Digital,High,12.5K,Off,Off,MA Statewide,Group Call,3125,KC1JMH / Brad Brown,Always,Carrier,Off,1,1,1,Off,9,2,None,None,Off,Off,Off,Off,Normal Encryption,Off,Off,Off,Off,251.1,1,Off,On,Off,Off,Off,Off,1,0,Off,0,2,0,0,0,0,0,0,0,0,0,9
ch00254,EFPMA ME SW,145.21000,144.61000,D-Digital,High,12.5K,Off,Off,ME Statewide,Group Call,3123,KC1JMH / Brad Brown,Always,Carrier,Off,1,1,1,Off,9,1,None,None,Off,Off,Off,Off,Normal Encryption,Off,Off,Off,Off,251.1,1,Off,On,Off,Off,Off,Off,1,0,Off,0,2,0,0,0,0,0,0,0,0,0,9
ch00255,EFPMA NE Wide,145.21000,144.61000,D-Digital,High,12.5K,Off,Off,New England-Wide,Group Call,3181,KC1JMH / Brad Brown,Always,Carrier,Off,1,1,1,Off,9,2,None,None,Off,Off,Off,Off,Normal Encryption,Off,Off,Off,Off,251.1,1,Off,On,Off,Off,Off,Off,1,0,Off,0,2,0,0,0,0,0,0,0,0,0,9
ch00256,EFPMA NETAC1,145.21000,144.61000,D-Digital,High,12.5K,Off,Off,NETAC1,Group Call,8801,KC1JMH / Brad Brown,Always,Carrier,Off,1,1,1,Off,9,1,None,None,Off,Off,Off,Off,Normal Encryption,Off,Off,Off,Off,251.1,1,Off,On,Off,Off,Off,Off,1,0,Off,0,2,0,0,0,0,0,0,0,0,0,9
ch00257,EFPMA NETAC2,145.21000,144.61000,D-Digital,High,12.5K,Off,Off,NETAC2,Group Call,8802,KC1JMH / Brad Brown,Always,Carrier,Off,1,1,1,Off,9,2,None,None,Off,Off,Off,Off,Normal Encryption,Off,Off,Off,Off,251.1,1,Off,On,Off,Off,Off,Off,1,0,Off,0,2,0,0,0,0,0,0,0,0,0,9
ch00258,EFPMA NH SW,145.21000,144.61000,D-Digital,High,12.5K,Off,Off,NH Statewide,Group Call,3133,KC1JMH / Brad Brown,Always,Carrier,Off,1,1,1,Off,9,1,None,None,Off,Off,Off,Off,Normal Encryption,Off,Off,Off,Off,251.1,1,Off,On,Off,Off,Off,Off,1,0,Off,0,2,0,0,0,0,0,0,0,0,0,9
ch00259,EFPMA North Am,145.21000,144.61000,D-Digital,High,12.5K,Off,Off,North America,Group Call,3,KC1JMH / Brad Brown,Always,Carrier,Off,1,1,1,Off,9,1,None,None,Off,Off,Off,Off,Normal Encryption,Off,Off,Off,Off,251.1,1,Off,On,Off,Off,Off,Off,1,0,Off,0,2,0,0,0,0,0,0,0,0,0,9
ch00260,EFPMA Northeast,145.21000,144.61000,D-Digital,High,12.5K,Off,Off,Northeast,Group Call,3172,KC1JMH / Brad Brown,Always,Carrier,Off,1,1,1,Off,9,1,None,None,Off,Off,Off,Off,Normal Encryption,Off,Off,Off,Off,251.1,1,Off,On,Off,Off,Off,Off,1,0,Off,0,2,0,0,0,0,0,0,0,0,0,9
ch00261,EFPMA Parrot,145.21000,144.61000,D-Digital,High,12.5K,Off,Off,Parrot,Group Call,9998,KC1JMH / Brad Brown,Always,Carrier,Off,1,1,1,Off,9,1,None,None,Off,Off,Off,Off,Normal Encryption,Off,Off,Off,Off,251.1,1,Off,On,Off,Off,Off,Off,1,0,Off,0,2,0,0,0,0,0,0,0,0,0,9
ch00262,EFPMA Audio,145.21000,144.61000,D-Digital,High,12.5K,Off,Off,Audio Watch,Group Call,9999,KC1JMH / Brad Brown,Always,Carrier,Off,1,1,1,Off,9,1,None,None,Off,Off,Off,Off,Normal Encryption,Off,Off,Off,Off,251.1,1,Off,On,Off,Off,Off,Off,1,0,Off,0,2,0,0,0,0,0,0,0,0,0,9
ch00263,EFPMA Cape Net,145.21000,144.61000,D-Digital,High,12.5K,Off,Off,Cape Net,Group Call,8804,KC1JMH / Brad Brown,Always,Carrier,Off,1,1,1,Off,9,2,None,None,Off,Off,Off,Off,Normal Encryption,Off,Off,Off,Off,251.1,1,Off,On,Off,Off,Off,Off,1,0,Off,0,2,0,0,0,0,0,0,0,0,0,9
ch00264,EFPMA RI SW,145.21000,144.61000,D-Digital,High,12.5K,Off,Off,RI Statewide,Group Call,3144,KC1JMH / Brad Brown,Always,Carrier,Off,1,1,1,Off,9,1,None,None,Off,Off,Off,Off,Normal Encryption,Off,Off,Off,Off,251.1,1,Off,On,Off,Off,Off,Off,1,0,Off,0,2,0,0,0,0,0,0,0,0,0,9
ch00265,EFPMA SKYWARN,145.21000,144.61000,D-Digital,High,12.5K,Off,Off,SKYWARN,Group Call,759,KC1JMH / Brad Brown,Always,Carrier,Off,1,1,1,Off,9,1,None,None,Off,Off,Off,Off,Normal Encryption,Off,Off,Off,Off,251.1,1,Off,On,Off,Off,Off,Off,1,0,Off,0,2,0,0,0,0,0,0,0,0,0,9
ch00266,EFPMA TAC310,145.21000,144.61000,D-Digital,High,12.5K,Off,Off,TAC310,Group Call,310,KC1JMH / Brad Brown,Always,Carrier,Off,1,1,1,Off,9,1,None,None,Off,Off,Off,Off,Normal Encryption,Off,Off,Off,Off,251.1,1,Off,On,Off,Off,Off,Off,1,0,Off,0,2,0,0,0,0,0,0,0,0,0,9
ch00267,EFPMA TAC311,145.21000,144.61000,D-Digital,High,12.5K,Off,Off,TAC311,Group Call,311,KC1JMH / Brad Brown,Always,Carrier,Off,1,1,1,Off,9,1,None,None,Off,Off,Off,Off,Normal Encryption,Off,Off,Off,Off,251.1,1,Off,On,Off,Off,Off,Off,1,0,Off,0,2,0,0,0,0,0,0,0,0,0,9
ch00268,EFPMA VT SW,145.21000,144.61000,D-Digital,High,12.5K,Off,Off,VT Statewide,Group Call,3150,KC1JMH / Brad Brown,Always,Carrier,Off,1,1,1,Off,9,1,None,None,Off,Off,Off,Off,Normal Encryption,Off,Off,Off,Off,251.1,1,Off,On,Off,Off,Off,Off,1,0,Off,0,2,0,0,0,0,0,0,0,0,0,9
ch00269,EFPMA WW,145.21000,144.61000,D-Digital,High,12.5K,Off,Off,WW Call,Group Call,1,KC1JMH / Brad Brown,Always,Carrier,Off,1,1,1,Off,9,1,None,None,Off,Off,Off,Off,Normal Encryption,Off,Off,Off,Off,251.1,1,Off,On,Off,Off,Off,Off,1,0,Off,0,2,0,0,0,0,0,0,0,0,0,9
ch00270,EFPMA WW Eng,145.21000,144.61000,D-Digital,High,12.5K,Off,Off,WW English,Group Call,13,KC1JMH / Brad Brown,Always,Carrier,Off,1,1,1,Off,9,1,None,None,Off,Off,Off,Off,Normal Encryption,Off,Off,Off,Off,251.1,1,Off,On,Off,Off,Off,Off,1,0,Off,0,2,0,0,0,0,0,0,0,0,0,9
ch00271,ESTMA CT SW,145.36000,144.76000,D-Digital,High,12.5K,Off,Off,CT Statewide,Group Call,3109,KC1JMH / Brad Brown,Always,Carrier,Off,1,1,1,Off,10,1,None,None,Off,Off,Off,Off,Normal Encryption,Off,Off,Off,Off,251.1,1,Off,On,Off,Off,Off,Off,1,0,Off,0,2,0,0,0,0,0,0,0,0,0,10
ch00272,ESTMA Local,145.36000,144.76000,D-Digital,High,12.5K,Off,Off,Local,Group Call,9,KC1JMH / Brad Brown,Always,Carrier,Off,1,1,1,Off,10,2,None,None,Off,Off,Off,Off,Normal Encryption,Off,Off,Off,Off,251.1,1,Off,On,Off,Off,Off,Off,1,0,Off,0,2,0,0,0,0,0,0,0,0,0,10
ch00273,ESTMA MA SW,145.36000,144.76000,D-Digital,High,12.5K,Off,Off,MA Statewide,Group Call,3125,KC1JMH / Brad Brown,Always,Carrier,Off,1,1,1,Off,10,2,None,None,Off,Off,Off,Off,Normal Encryption,Off,Off,Off,Off,251.1,1,Off,On,Off,Off,Off,Off,1,0,Off,0,2,0,0,0,0,0,0,0,0,0,10
ch00274,ESTMA ME SW,145.36000,144.76000,D-Digital,High,12.5K,Off,Off,ME Statewide,Group Call,3123,KC1JMH / Brad Brown,Always,Carrier,Off,1,1,1,Off,10,1,None,None,Off,Off,Off,Off,Normal Encryption,Off,Off,Off,Off,251.1,1,Off,On,Off,Off,Off,Off,1,0,Off,0,2,0,0,0,0,0,0,0,0,0,10
ch00275,ESTMA NE Wide,145.36000,144.76000,D-Digital,High,12.5K,Off,Off,New England-Wide,Group Call,3181,KC1JMH / Brad Brown,Always,Carrier,Off,1,1,1,Off,10,2,None,None,Off,Off,Off,Off,Normal Encryption,Off,Off,Off,Off,251.1,1,Off,On,Off,Off,Off,Off,1,0,Off,0,2,0,0,0,0,0,0,0,0,0,10
ch00276,ESTMA NETAC1,145.36000,144.76000,D-Digital,High,12.5K,Off,Off,NETAC1,Group Call,8801,KC1JMH / Brad Brown,Always,Carrier,Off,1,1,1,Off,10,1,None,None,Off,Off,Off,Off,Normal Encryption,Off,Off,Off,Off,251.1,1,Off,On,Off,Off,Off,Off,1,0,Off,0,2,0,0,0,0,0,0,0,0,0,10
ch00277,ESTMA NETAC2,145.36000,144.76000,D-Digital,High,12.5K,Off,Off,NETAC2,Group Call,8802,KC1JMH / Brad Brown,Always,Carrier,Off,1,1,1,Off,10,2,None,None,Off,Off,Off,Off,Normal Encryption,Off,Off,Off,Off,251.1,1,Off,On,Off,Off,Off,Off,1,0,Off,0,2,0,0,0,0,0,0,0,0,0,10
ch00278,ESTMA NH SW,145.36000,144.76000,D-Digital,High,12.5K,Off,Off,NH Statewide,Group Call,3133,KC1JMH / Brad Brown,Always,Carrier,Off,1,1,1,Off,10,1,None,None,Off,Off,Off,Off,Normal Encryption,Off,Off,Off,Off,251.1,1,Off,On,Off,Off,Off,Off,1,0,Off,0,2,0,0,0,0,0,0,0,0,0,10
ch00279,ESTMA North Am,145.36000,144.76000,D-Digital,High,12.5K,Off,Off,North America,Group Call,3,KC1JMH / Brad Brown,Always,Carrier,Off,1,1,1,Off,10,1,None,None,Off,Off,Off,Off,Normal Encryption,Off,Off,Off,Off,251.1,1,Off,On,Off,Off,Off,Off,1,0,Off,0,2,0,0,0,0,0,0,0,0,0,10
ch00280,ESTMA Northeast,145.36000,144.76000,D-Digital,High,12.5K,Off,Off,Northeast,Group Call,3172,KC1JMH / Brad Brown,Always,Carrier,Off,1,1,1,Off,10,1,None,None,Off,Off,Off,Off,Normal Encryption,Off,Off,Off,Off,251.1,1,Off,On,Off,Off,Off,Off,1,0,Off,0,2,0,0,0,0,0,0,0,0,0,10
ch00281,ESTMA Parrot,145.36000,144.76000,D-Digital,High,12.5K,Off,Off,Parrot,Group Call,9998,KC1JMH / Brad Brown,Always,Carrier,Off,1,1,1,Off,10,1,None,None,Off,Off,Off,Off,Normal Encryption,Off,Off,Off,Off,251.1,1,Off,On,Off,Off,Off,Off,1,0,Off,0,2,0,0,0,0,0,0,0,0,0,10
ch00282,ESTMA Audio,145.36000,144.76000,D-Digital,High,12.5K,Off,Off,Audio Watch,Group Call,9999,KC1JMH / Brad Brown,Always,Carrier,Off,1,1,1,Off,10,1,None,None,Off,Off,Off,Off,Normal Encryption,Off,Off,Off,Off,251.1,1,Off,On,Off,Off,Off,Off,1,0,Off,0,2,0,0,0,0,0,0,0,0,0,10
ch00283,ESTMA Cape Net,145.36000,144.76000,D-Digital,High,12.5K,Off,Off,Cape Net,Group Call,8804,KC1JMH / Brad Brown,Always,Carrier,Off,1,1,1,Off,10,2,None,None,Off,Off,Off,Off,Normal Encryption,Off,Off,Off,Off,251.1,1,Off,On,Off,Off,Off,Off,1,0,Off,0,2,0,0,0,0,0,0,0,0,0,10
ch00284,ESTMA RI SW,145.36000,144.76000,D-Digital,High,12.5K,Off,Off,RI Statewide,Group Call,3144,KC1JMH / Brad Brown,Always,Carrier,Off,1,1,1,Off,10,1,None,None,Off,Off,Off,Off,Normal Encryption,Off,Off,Off,Off,251.1,1,Off,On,Off,Off,Off,Off,1,0,Off,0,2,0,0,0,0,0,0,0,0,0,10
ch00285,ESTMA SKYWARN,145.36000,144.76000,D-Digital,High,12.5K,Off,Off,SKYWARN,Group Call,759,KC1JMH / Brad Brown,Always,Carrier,Off,1,1,1,Off,10,1,None,None,Off,Off,Off,Off,Normal Encryption,Off,Off,Off,Off,251.1,1,Off,On,Off,Off,Off,Off,1,0,Off,0,2,0,0,0,0,0,0,0,0,0,10
ch00286,ESTMA TAC310,145.36000,144.76000,D-Digital,High,12.5K,Off,Off,TAC310,Group Call,310,KC1JMH / Brad Brown,Always,Carrier,Off,1,1,1,Off,10,1,None,None,Off,Off,Off,Off,Normal Encryption,Off,Off,Off,Off,251.1,1,Off,On,Off,Off,Off,Off,1,0,Off,0,2,0,0,0,0,0,0,0,0,0,10
ch00287,ESTMA TAC311,145.36000,144.76000,D-Digital,High,12.5K,Off,Off,TAC311,Group Call,311,KC1JMH / Brad Brown,Always,Carrier,Off,1,1,1,Off,10,1,None,None,Off,Off,Off,Off,Normal Encryption,Off,Off,Off,Off,251.1,1,Off,On,Off,Off,Off,Off,1,0,Off,0,2,0,0,0,0,0,0,0,0,0,10
ch00288,ESTMA VT SW,145.36000,144.76000,D-Digital,High,12.5K,Off,Off,VT Statewide,Group Call,3150,KC1JMH / Brad Brown,Always,Carrier,Off,1,1,1,Off,10,1,None,None,Off,Off,Off,Off,Normal Encryption,Off,Off,Off,Off,251.1,1,Off,On,Off,Off,Off,Off,1,0,Off,0,2,0,0,0,0,0,0,0,0,0,10
ch00289,ESTMA WW,145.36000,144.76000,D-Digital,High,12.5K,Off,Off,WW Call,Group Call,1,KC1JMH / Brad Brown,Always,Carrier,Off,1,1,1,Off,10,1,None,None,Off,Off,Off,Off,Normal Encryption,Off,Off,Off,Off,251.1,1,Off,On,Off,Off,Off,Off,1,0,Off,0,2,0,0,0,0,0,0,0,0,0,10
ch00290,ESTMA WW Eng,145.36000,144.76000,D-Digital,High,12.5K,Off,Off,WW English,Group Call,13,KC1JMH / Brad Brown,Always,Carrier,Off,1,1,1,Off,10,1,None,None,Off,Off,Off,Off,Normal Encryption,Off,Off,Off,Off,251.1,1,Off,On,Off,Off,Off,Off,1,0,Off,0,2,0,0,0,0,0,0,0,0,0,10
ch00291,GDNMA CT SW,145.34000,144.74000,D-Digital,High,12.5K,Off,Off,CT Statewide,Group Call,3109,KC1JMH / Brad Brown,Always,Carrier,Off,1,1,1,Off,3,1,None,None,Off,Off,Off,Off,Normal Encryption,Off,Off,Off,Off,251.1,1,Off,On,Off,Off,Off,Off,1,0,Off,0,2,0,0,0,0,0,0,0,0,0,3
ch00292,GDNMA Local,145.34000,144.74000,D-Digital,High,12.5K,Off,Off,Local,Group Call,9,KC1JMH / Brad Brown,Always,Carrier,Off,1,1,1,Off,3,2,None,None,Off,Off,Off,Off,Normal Encryption,Off,Off,Off,Off,251.1,1,Off,On,Off,Off,Off,Off,1,0,Off,0,2,0,0,0,0,0,0,0,0,0,3
ch00293,GDNMA MA SW,145.34000,144.74000,D-Digital,High,12.5K,Off,Off,MA Statewide,Group Call,3125,KC1JMH / Brad Brown,Always,Carrier,Off,1,1,1,Off,3,2,None,None,Off,Off,Off,Off,Normal Encryption,Off,Off,Off,Off,251.1,1,Off,On,Off,Off,Off,Off,1,0,Off,0,2,0,0,0,0,0,0,0,0,0,3
ch00294,GDNMA ME SW,145.34000,144.74000,D-Digital,High,12.5K,Off,Off,ME Statewide,Group Call,3123,KC1JMH / Brad Brown,Always,Carrier,Off,1,1,1,Off,3,1,None,None,Off,Off,Off,Off,Normal Encryption,Off,Off,Off,Off,251.1,1,Off,On,Off,Off,Off,Off,1,0,Off,0,2,0,0,0,0,0,0,0,0,0,3
ch00295,GDNMA NE Wide,145.34000,144.74000,D-Digital,High,12.5K,Off,Off,New England-Wide,Group Call,3181,KC1JMH / Brad Brown,Always,Carrier,Off,1,1,1,Off,3,2,None,None,Off,Off,Off,Off,Normal Encryption,Off,Off,Off,Off,251.1,1,Off,On,Off,Off,Off,Off,1,0,Off,0,2,0,0,0,0,0,0,0,0,0,3
ch00296,GDNMA NETAC1,145.34000,144.74000,D-Digital,High,12.5K,Off,Off,NETAC1,Group Call,8801,KC1JMH / Brad Brown,Always,Carrier,Off,1,1,1,Off,3,1,None,None,Off,Off,Off,Off,Normal Encryption,Off,Off,Off,Off,251.1,1,Off,On,Off,Off,Off,Off,1,0,Off,0,2,0,0,0,0,0,0,0,0,0,3
ch00297,GDNMA NETAC2,145.34000,144.74000,D-Digital,High,12.5K,Off,Off,NETAC2,Group Call,8802,KC1JMH / Brad Brown,Always,Carrier,Off,1,1,1,Off,3,2,None,None,Off,Off,Off,Off,Normal Encryption,Off,Off,Off,Off,251.1,1,Off,On,Off,Off,Off,Off,1,0,Off,0,2,0,0,0,0,0,0,0,0,0,3
ch00298,GDNMA NH SW,145.34000,144.74000,D-Digital,High,12.5K,Off,Off,NH Statewide,Group Call,3133,KC1JMH / Brad Brown,Always,Carrier,Off,1,1,1,Off,3,1,None,None,Off,Off,Off,Off,Normal Encryption,Off,Off,Off,Off,251.1,1,Off,On,Off,Off,Off,Off,1,0,Off,0,2,0,0,0,0,0,0,0,0,0,3
ch00299,GDNMA North Am,145.34000,144.74000,D-Digital,High,12.5K,Off,Off,North America,Group Call,3,KC1JMH / Brad Brown,Always,Carrier,Off,1,1,1,Off,3,1,None,None,Off,Off,Off,Off,Normal Encryption,Off,Off,Off,Off,251.1,1,Off,On,Off,Off,Off,Off,1,0,Off,0,2,0,0,0,0,0,0,0,0,0,3
ch00300,GDNMA Northeast,145.34000,144.74000,D-Digital,High,12.5K,Off,Off,Northeast,Group Call,3172,KC1JMH / Brad Brown,Always,Carrier,Off,1,1,1,Off,3,1,None,None,Off,Off,Off,Off,Normal Encryption,Off,Off,Off,Off,251.1,1,Off,On,Off,Off,Off,Off,1,0,Off,0,2,0,0,0,0,0,0,0,0,0,3
ch00301,GDNMA Parrot,145.34000,144.74000,D-Digital,High,12.5K,Off,Off,Parrot,Group Call,9998,KC1JMH / Brad Brown,Always,Carrier,Off,1,1,1,Off,3,1,None,None,Off,Off,Off,Off,Normal Encryption,Off,Off,Off,Off,251.1,1,Off,On,Off,Off,Off,Off,1,0,Off,0,2,0,0,0,0,0,0,0,0,0,3
ch00302,GDNMA Audio,145.34000,144.74000,D-Digital,High,12.5K,Off,Off,Audio Watch,Group Call,9999,KC1JMH / Brad Brown,Always,Carrier,Off,1,1,1,Off,3,1,None,None,Off,Off,Off,Off,Normal Encryption,Off,Off,Off,Off,251.1,1,Off,On,Off,Off,Off,Off,1,0,Off,0,2,0,0,0,0,0,0,0,0,0,3
ch00303,GDNMA RI SW,145.34000,144.74000,D-Digital,High,12.5K,Off,Off,RI Statewide,Group Call,3144,KC1JMH / Brad Brown,Always,Carrier,Off,1,1,1,Off,3,1,None,None,Off,Off,Off,Off,Normal Encryption,Off,Off,Off,Off,251.1,1,Off,On,Off,Off,Off,Off,1,0,Off,0,2,0,0,0,0,0,0,0,0,0,3
ch00304,GDNMA SKYWARN,145.34000,144.74000,D-Digital,High,12.5K,Off,Off,SKYWARN,Group Call,759,KC1JMH / Brad Brown,Always,Carrier,Off,1,1,1,Off,3,1,None,None,Off,Off,Off,Off,Normal Encryption,Off,Off,Off,Off,251.1,1,Off,On,Off,Off,Off,Off,1,0,Off,0,2,0,0,0,0,0,0,0,0,0,3
ch00305,GDNMA TAC310,145.34000,144.74000,D-Digital,High,12.5K,Off,Off,TAC310,Group Call,310,KC1JMH / Brad Brown,Always,Carrier,Off,1,1,1,Off,3,1,None,None,Off,Off,Off,Off,Normal Encryption,Off,Off,Off,Off,251.1,1,Off,On,Off,Off,Off,Off,1,0,Off,0,2,0,0,0,0,0,0,0,0,0,3
ch00306,GDNMA TAC311,145.34000,144.74000,D-Digital,High,12.5K,Off,Off,TAC311,Group Call,311,KC1JMH / Brad Brown,Always,Carrier,Off,1,1,1,Off,3,1,None,None,Off,Off,Off,Off,Normal Encryption,Off,Off,Off,Off,251.1,1,Off,On,Off,Off,Off,Off,1,0,Off,0,2,0,0,0,0,0,0,0,0,0,3
ch00307,GDNMA VT SW,145.34000,144.74000,D-Digital,High,12.5K,Off,Off,VT Statewide,Group Call,3150,KC1JMH / Brad Brown,Always,Carrier,Off,1,1,1,Off,3,1,None,None,Off,Off,Off,Off,Normal Encryption,Off,Off,Off,Off,251.1,1,Off,On,Off,Off,Off,Off,1,0,Off,0,2,0,0,0,0,0,0,0,0,0,3
ch00308,GDNMA WW,145.34000,144.74000,D-Digital,High,12.5K,Off,Off,WW Call,Group Call,1,KC1JMH / Brad Brown,Always,Carrier,Off,1,1,1,Off,3,1,None,None,Off,Off,Off,Off,Normal Encryption,Off,Off,Off,Off,251.1,1,Off,On,Off,Off,Off,Off,1,0,Off,0,2,0,0,0,0,0,0,0,0,0,3
ch00309,GDNMA WW Eng,145.34000,144.74000,D-Digital,High,12.5K,Off,Off,WW English,Group Call,13,KC1JMH / Brad Brown,Always,Carrier,Off,1,1,1,Off,3,1,None,None,Off,Off,Off,Off,Normal Encryption,Off,Off,Off,Off,251.1,1,Off,On,Off,Off,Off,Off,1,0,Off,0,2,0,0,0,0,0,0,0,0,0,3
ch00310,HAVMA CT SW,146.46000,144.96000,D-Digital,High,12.5K,Off,Off,CT Statewide,Group Call,3109,KC1JMH / Brad Brown,Always,Carrier,Off,1,1,1,Off,6,1,None,None,Off,Off,Off,Off,Normal Encryption,Off,Off,Off,Off,251.1,1,Off,On,Off,Off,Off,Off,1,0,Off,0,2,0,0,0,0,0,0,0,0,0,6
ch00311,HAVMA Local,146.46000,144.96000,D-Digital,High,12.5K,Off,Off,Local,Group Call,9,KC1JMH / Brad Brown,Always,Carrier,Off,1,1,1,Off,6,2,None,None,Off,Off,Off,Off,Normal Encryption,Off,Off,Off,Off,251.1,1,Off,On,Off,Off,Off,Off,1,0,Off,0,2,0,0,0,0,0,0,0,0,0,6
ch00312,HAVMA MA SW,146.46000,144.96000,D-Digital,High,12.5K,Off,Off,MA Statewide,Group Call,3125,KC1JMH / Brad Brown,Always,Carrier,Off,1,1,1,Off,6,2,None,None,Off,Off,Off,Off,Normal Encryption,Off,Off,Off,Off,251.1,1,Off,On,Off,Off,Off,Off,1,0,Off,0,2,0,0,0,0,0,0,0,0,0,6
ch00313,HAVMA ME SW,146.46000,144.96000,D-Digital,High,12.5K,Off,Off,ME Statewide,Group Call,3123,KC1JMH / Brad Brown,Always,Carrier,Off,1,1,1,Off,6,1,None,None,Off,Off,Off,Off,Normal Encryption,Off,Off,Off,Off,251.1,1,Off,On,Off,Off,Off,Off,1,0,Off,0,2,0,0,0,0,0,0,0,0,0,6
ch00314,HAVMA NE Wide,146.46000,144.96000,D-Digital,High,12.5K,Off,Off,New England-Wide,Group Call,3181,KC1JMH / Brad Brown,Always,Carrier,Off,1,1,1,Off,6,2,None,None,Off,Off,Off,Off,Normal Encryption,Off,Off,Off,Off,251.1,1,Off,On,Off,Off,Off,Off,1,0,Off,0,2,0,0,0,0,0,0,0,0,0,6
ch00315,HAVMA NETAC1,146.46000,144.96000,D-Digital,High,12.5K,Off,Off,NETAC1,Group Call,8801,KC1JMH / Brad Brown,Always,Carrier,Off,1,1,1,Off,6,1,None,None,Off,Off,Off,Off,Normal Encryption,Off,Off,Off,Off,251.1,1,Off,On,Off,Off,Off,Off,1,0,Off,0,2,0,0,0,0,0,0,0,0,0,6
ch00316,HAVMA NETAC2,146.46000,144.96000,D-Digital,High,12.5K,Off,Off,NETAC2,Group Call,8802,KC1JMH / Brad Brown,Always,Carrier,Off,1,1,1,Off,6,2,None,None,Off,Off,Off,Off,Normal Encryption,Off,Off,Off,Off,251.1,1,Off,On,Off,Off,Off,Off,1,0,Off,0,2,0,0,0,0,0,0,0,0,0,6
ch00317,HAVMA NH SW,146.46000,144.96000,D-Digital,High,12.5K,Off,Off,NH Statewide,Group Call,3133,KC1JMH / Brad Brown,Always,Carrier,Off,1,1,1,Off,6,1,None,None,Off,Off,Off,Off,Normal Encryption,Off,Off,Off,Off,251.1,1,Off,On,Off,Off,Off,Off,1,0,Off,0,2,0,0,0,0,0,0,0,0,0,6
ch00318,HAVMA North Am,146.46000,144.96000,D-Digital,High,12.5K,Off,Off,North America,Group Call,3,KC1JMH / Brad Brown,Always,Carrier,Off,1,1,1,Off,6,1,None,None,Off,Off,Off,Off,Normal Encryption,Off,Off,Off,Off,251.1,1,Off,On,Off,Off,Off,Off,1,0,Off,0,2,0,0,0,0,0,0,0,0,0,6
ch00319,HAVMA Northeast,146.46000,144.96000,D-Digital,High,12.5K,Off,Off,Northeast,Group Call,3172,KC1JMH / Brad Brown,Always,Carrier,Off,1,1,1,Off,6,1,None,None,Off,Off,Off,Off,Normal Encryption,Off,Off,Off,Off,251.1,1,Off,On,Off,Off,Off,Off,1,0,Off,0,2,0,0,0,0,0,0,0,0,0,6
ch00320,HAVMA Parrot,146.46000,144.96000,D-Digital,High,12.5K,Off,Off,Parrot,Group Call,9998,KC1JMH / Brad Brown,Always,Carrier,Off,1,1,1,Off,6,1,None,None,Off,Off,Off,Off,Normal Encryption,Off,Off,Off,Off,251.1,1,Off,On,Off,Off,Off,Off,1,0,Off,0,2,0,0,0,0,0,0,0,0,0,6
ch00321,HAVMA Audio,146.46000,144.96000,D-Digital,High,12.5K,Off,Off,Audio Watch,Group Call,9999,KC1JMH / Brad Brown,Always,Carrier,Off,1,1,1,Off,6,1,None,None,Off,Off,Off,Off,Normal Encryption,Off,Off,Off,Off,251.1,1,Off,On,Off,Off,Off,Off,1,0,Off,0,2,0,0,0,0,0,0,0,0,0,6
ch00322,HAVMA RI SW,146.46000,144.96000,D-Digital,High,12.5K,Off,Off,RI Statewide,Group Call,3144,KC1JMH / Brad Brown,Always,Carrier,Off,1,1,1,Off,6,1,None,None,Off,Off,Off,Off,Normal Encryption,Off,Off,Off,Off,251.1,1,Off,On,Off,Off,Off,Off,1,0,Off,0,2,0,0,0,0,0,0,0,0,0,6
ch00323,HAVMA SKYWARN,146.46000,144.96000,D-Digital,High,12.5K,Off,Off,SKYWARN,Group Call,759,KC1JMH / Brad Brown,Always,Carrier,Off,1,1,1,Off,6,1,None,None,Off,Off,Off,Off,Normal Encryption,Off,Off,Off,Off,251.1,1,Off,On,Off,Off,Off,Off,1,0,Off,0,2,0,0,0,0,0,0,0,0,0,6
ch00324,HAVMA TAC310,146.46000,144.96000,D-Digital,High,12.5K,Off,Off,TAC310,Group Call,310,KC1JMH / Brad Brown,Always,Carrier,Off,1,1,1,Off,6,1,None,None,Off,Off,Off,Off,Normal Encryption,Off,Off,Off,Off,251.1,1,Off,On,Off,Off,Off,Off,1,0,Off,0,2,0,0,0,0,0,0,0,0,0,6
ch00325,HAVMA TAC311,146.46000,144.96000,D-Digital,High,12.5K,Off,Off,TAC311,Group Call,311,KC1JMH / Brad Brown,Always,Carrier,Off,1,1,1,Off,6,1,None,None,Off,Off,Off,Off,Normal Encryption,Off,Off,Off,Off,251.1,1,Off,On,Off,Off,Off,Off,1,0,Off,0,2,0,0,0,0,0,0,0,0,0,6
ch00326,HAVMA VT SW,146.46000,144.96000,D-Digital,High,12.5K,Off,Off,VT Statewide,Group Call,3150,KC1JMH / Brad Brown,Always,Carrier,Off,1,1,1,Off,6,1,None,None,Off,Off,Off,Off,Normal Encryption,Off,Off,Off,Off,251.1,1,Off,On,Off,Off,Off,Off,1,0,Off,0,2,0,0,0,0,0,0,0,0,0,6
ch00327,HAVMA WW,146.46000,144.96000,D-Digital,High,12.5K,Off,Off,WW Call,Group Call,1,KC1JMH / Brad Brown,Always,Carrier,Off,1,1,1,Off,6,1,None,None,Off,Off,Off,Off,Normal Encryption,Off,Off,Off,Off,251.1,1,Off,On,Off,Off,Off,Off,1,0,Off,0,2,0,0,0,0,0,0,0,0,0,6
ch00328,HAVMA WW Eng,146.46000,144.96000,D-Digital,High,12.5K,Off,Off,WW English,Group Call,13,KC1JMH / Brad Brown,Always,Carrier,Off,1,1,1,Off,6,1,None,None,Off,Off,Off,Off,Normal Encryption,Off,Off,Off,Off,251.1,1,Off,On,Off,Off,Off,Off,1,0,Off,0,2,0,0,0,0,0,0,0,0,0,6
ch00329,HNGMA CT SW,146.43000,144.93000,D-Digital,High,12.5K,Off,Off,CT Statewide,Group Call,3109,KC1JMH / Brad Brown,Always,Carrier,Off,1,1,1,Off,1,1,None,None,Off,Off,Off,Off,Normal Encryption,Off,Off,Off,Off,251.1,1,Off,On,Off,Off,Off,Off,1,0,Off,0,2,0,0,0,0,0,0,0,0,0,1
ch00330,HNGMA Local,146.43000,144.93000,D-Digital,High,12.5K,Off,Off,Local,Group Call,9,KC1JMH / Brad Brown,Always,Carrier,Off,1,1,1,Off,1,2,None,None,Off,Off,Off,Off,Normal Encryption,Off,Off,Off,Off,251.1,1,Off,On,Off,Off,Off,Off,1,0,Off,0,2,0,0,0,0,0,0,0,0,0,1
ch00331,HNGMA MA SW,146.43000,144.93000,D-Digital,High,12.5K,Off,Off,MA Statewide,Group Call,3125,KC1JMH / Brad Brown,Always,Carrier,Off,1,1,1,Off,1,2,None,None,Off,Off,Off,Off,Normal Encryption,Off,Off,Off,Off,251.1,1,Off,On,Off,Off,Off,Off,1,0,Off,0,2,0,0,0,0,0,0,0,0,0,1
ch00332,HNGMA ME SW,146.43000,144.93000,D-Digital,High,12.5K,Off,Off,ME Statewide,Group Call,3123,KC1JMH / Brad Brown,Always,Carrier,Off,1,1,1,Off,1,1,None,None,Off,Off,Off,Off,Normal Encryption,Off,Off,Off,Off,251.1,1,Off,On,Off,Off,Off,Off,1,0,Off,0,2,0,0,0,0,0,0,0,0,0,1
ch00333,HNGMA NE Wide,146.43000,144.93000,D-Digital,High,12.5K,Off,Off,New England-Wide,Group Call,3181,KC1JMH / Brad Brown,Always,Carrier,Off,1,1,1,Off,1,2,None,None,Off,Off,Off,Off,Normal Encryption,Off,Off,Off,Off,251.1,1,Off,On,Off,Off,Off,Off,1,0,Off,0,2,0,0,0,0,0,0,0,0,0,1
ch00334,HNGMA NETAC1,146.43000,144.93000,D-Digital,High,12.5K,Off,Off,NETAC1,Group Call,8801,KC1JMH / Brad Brown,Always,Carrier,Off,1,1,1,Off,1,1,None,None,Off,Off,Off,Off,Normal Encryption,Off,Off,Off,Off,251.1,1,Off,On,Off,Off,Off,Off,1,0,Off,0,2,0,0,0,0,0,0,0,0,0,1
ch00335,HNGMA NETAC2,146.43000,144.93000,D-Digital,High,12.5K,Off,Off,NETAC2,Group Call,8802,KC1JMH / Brad Brown,Always,Carrier,Off,1,1,1,Off,1,2,None,None,Off,Off,Off,Off,Normal Encryption,Off,Off,Off,Off,251.1,1,Off,On,Off,Off,Off,Off,1,0,Off,0,2,0,0,0,0,0,0,0,0,0,1
ch00336,HNGMA NH SW,146.43000,144.93000,D-Digital,High,12.5K,Off,Off,NH Statewide,Group Call,3133,KC1JMH / Brad Brown,Always,Carrier,Off,1,1,1,Off,1,1,None,None,Off,Off,Off,Off,Normal Encryption,Off,Off,Off,Off,251.1,1,Off,On,Off,Off,Off,Off,1,0,Off,0,2,0,0,0,0,0,0,0,0,0,1
ch00337,HNGMA North Am,146.43000,144.93000,D-Digital,High,12.5K,Off,Off,North America,Group Call,3,KC1JMH / Brad Brown,Always,Carrier,Off,1,1,1,Off,1,1,None,None,Off,Off,Off,Off,Normal Encryption,Off,Off,Off,Off,251.1,1,Off,On,Off,Off,Off,Off,1,0,Off,0,2,0,0,0,0,0,0,0,0,0,1
ch00338,HNGMA Northeast,146.43000,144.93000,D-Digital,High,12.5K,Off,Off,Northeast,Group Call,3172,KC1JMH / Brad Brown,Always,Carrier,Off,1,1,1,Off,1,1,None,None,Off,Off,Off,Off,Normal Encryption,Off,Off,Off,Off,251.1,1,Off,On,Off,Off,Off,Off,1,0,Off,0,2,0,0,0,0,0,0,0,0,0,1
ch00339,HNGMA Parrot,146.43000,144.93000,D-Digital,High,12.5K,Off,Off,Parrot,Group Call,9998,KC1JMH / Brad Brown,Always,Carrier,Off,1,1,1,Off,1,1,None,None,Off,Off,Off,Off,Normal Encryption,Off,Off,Off,Off,251.1,1,Off,On,Off,Off,Off,Off,1,0,Off,0,2,0,0,0,0,0,0,0,0,0,1
ch00340,HNGMA Audio,146.43000,144.93000,D-Digital,High,12.5K,Off,Off,Audio Watch,Group Call,9999,KC1JMH / Brad Brown,Always,Carrier,Off,1,1,1,Off,1,1,None,None,Off,Off,Off,Off,Normal Encryption,Off,Off,Off,Off,251.1,1,Off,On,Off,Off,Off,Off,1,0,Off,0,2,0,0,0,0,0,0,0,0,0,1
ch00341,HNGMA Cape Net,146.43000,144.93000,D-Digital,High,12.5K,Off,Off,Cape Net,Group Call,8804,KC1JMH / Brad Brown,Always,Carrier,Off,1,1,1,Off,1,2,None,None,Off,Off,Off,Off,Normal Encryption,Off,Off,Off,Off,251.1,1,Off,On,Off,Off,Off,Off,1,0,Off,0,2,0,0,0,0,0,0,0,0,0,1
ch00342,HNGMA RI SW,146.43000,144.93000,D-Digital,High,12.5K,Off,Off,RI Statewide,Group Call,3144,KC1JMH / Brad Brown,Always,Carrier,Off,1,1,1,Off,1,1,None,None,Off,Off,Off,Off,Normal Encryption,Off,Off,Off,Off,251.1,1,Off,On,Off,Off,Off,Off,1,0,Off,0,2,0,0,0,0,0,0,0,0,0,1
ch00343,HNGMA SKYWARN,146.43000,144.93000,D-Digital,High,12.5K,Off,Off,SKYWARN,Group Call,759,KC1JMH / Brad Brown,Always,Carrier,Off,1,1,1,Off,1,1,None,None,Off,Off,Off,Off,Normal Encryption,Off,Off,Off,Off,251.1,1,Off,On,Off,Off,Off,Off,1,0,Off,0,2,0,0,0,0,0,0,0,0,0,1
ch00344,HNGMA TAC310,146.43000,144.93000,D-Digital,High,12.5K,Off,Off,TAC310,Group Call,310,KC1JMH / Brad Brown,Always,Carrier,Off,1,1,1,Off,1,1,None,None,Off,Off,Off,Off,Normal Encryption,Off,Off,Off,Off,251.1,1,Off,On,Off,Off,Off,Off,1,0,Off,0,2,0,0,0,0,0,0,0,0,0,1
ch00345,HNGMA TAC311,146.43000,144.93000,D-Digital,High,12.5K,Off,Off,TAC311,Group Call,311,KC1JMH / Brad Brown,Always,Carrier,Off,1,1,1,Off,1,1,None,None,Off,Off,Off,Off,Normal Encryption,Off,Off,Off,Off,251.1,1,Off,On,Off,Off,Off,Off,1,0,Off,0,2,0,0,0,0,0,0,0,0,0,1
ch00346,HNGMA VT SW,146.43000,144.93000,D-Digital,High,12.5K,Off,Off,VT Statewide,Group Call,3150,KC1JMH / Brad Brown,Always,Carrier,Off,1,1,1,Off,1,1,None,None,Off,Off,Off,Off,Normal Encryption,Off,Off,Off,Off,251.1,1,Off,On,Off,Off,Off,Off,1,0,Off,0,2,0,0,0,0,0,0,0,0,0,1
ch00347,HNGMA WW,146.43000,144.93000,D-Digital,High,12.5K,Off,Off,WW Call,Group Call,1,KC1JMH / Brad Brown,Always,Carrier,Off,1,1,1,Off,1,1,None,None,Off,Off,Off,Off,Normal Encryption,Off,Off,Off,Off,251.1,1,Off,On,Off,Off,Off,Off,1,0,Off,0,2,0,0,0,0,0,0,0,0,0,1
ch00348,HNGMA WW Eng,146.43000,144.93000,D-Digital,High,12.5K,Off,Off,WW English,Group Call,13,KC1JMH / Brad Brown,Always,Carrier,Off,1,1,1,Off,1,1,None,None,Off,Off,Off,Off,Normal Encryption,Off,Off,Off,Off,251.1,1,Off,On,Off,Off,Off,Off,1,0,Off,0,2,0,0,0,0,0,0,0,0,0,1
ch00349,K1IRMA CT SW,146.47000,144.97000,D-Digital,High,12.5K,Off,Off,CT Statewide,Group Call,3109,KC1JMH / Brad Brown,Always,Carrier,Off,1,1,1,Off,0,1,None,None,Off,Off,Off,Off,Normal Encryption,Off,Off,Off,Off,251.1,1,Off,On,Off,Off,Off,Off,1,0,Off,0,2,0,0,0,0,0,0,0,0,0,0
ch00350,K1IRMA Local,146.47000,144.97000,D-Digital,High,12.5K,Off,Off,Local,Group Call,9,KC1JMH / Brad Brown,Always,Carrier,Off,1,1,1,Off,0,2,None,None,Off,Off,Off,Off,Normal Encryption,Off,Off,Off,Off,251.1,1,Off,On,Off,Off,Off,Off,1,0,Off,0,2,0,0,0,0,0,0,0,0,0,0
ch00351,K1IRMA MA SW,146.47000,144.97000,D-Digital,High,12.5K,Off,Off,MA Statewide,Group Call,3125,KC1JMH / Brad Brown,Always,Carrier,Off,1,1,1,Off,0,2,None,None,Off,Off,Off,Off,Normal Encryption,Off,Off,Off,Off,251.1,1,Off,On,Off,Off,Off,Off,1,0,Off,0,2,0,0,0,0,0,0,0,0,0,0
ch00352,K1IRMA ME SW,146.47000,144.97000,D-Digital,High,12.5K,Off,Off,ME Statewide,Group Call,3123,KC1JMH / Brad Brown,Always,Carrier,Off,1,1,1,Off,0,1,None,None,Off,Off,Off,Off,Normal Encryption,Off,Off,Off,Off,251.1,1,Off,On,Off,Off,Off,Off,1,0,Off,0,2,0,0,0,0,0,0,0,0,0,0
ch00353,K1IRMA NE Wide,146.47000,144.97000,D-Digital,High,12.5K,Off,Off,New England-Wide,Group Call,3181,KC1JMH / Brad Brown,Always,Carrier,Off,1,1,1,Off,0,2,None,None,Off,Off,Off,Off,Normal Encryption,Off,Off,Off,Off,251.1,1,Off,On,Off,Off,Off,Off,1,0,Off,0,2,0,0,0,0,0,0,0,0,0,0
ch00354,K1IRMA NETAC1,146.47000,144.97000,D-Digital,High,12.5K,Off,Off,NETAC1,Group Call,8801,KC1JMH / Brad Brown,Always,Carrier,Off,1,1,1,Off,0,1,None,None,Off,Off,Off,Off,Normal Encryption,Off,Off,Off,Off,251.1,1,Off,On,Off,Off,Off,Off,1,0,Off,0,2,0,0,0,0,0,0,0,0,0,0
ch00355,K1IRMA NETAC2,146.47000,144.97000,D-Digital,High,12.5K,Off,Off,NETAC2,Group Call,8802,KC1JMH / Brad Brown,Always,Carrier,Off,1,1,1,Off,0,2,None,None,Off,Off,Off,Off,Normal Encryption,Off,Off,Off,Off,251.1,1,Off,On,Off,Off,Off,Off,1,0,Off,0,2,0,0,0,0,0,0,0,0,0,0
ch00356,K1IRMA NH SW,146.47000,144.97000,D-Digital,High,12.5K,Off,Off,NH Statewide,Group Call,3133,KC1JMH / Brad Brown,Always,Carrier,Off,1,1,1,Off,0,1,None,None,Off,Off,Off,Off,Normal Encryption,Off,Off,Off,Off,251.1,1,Off,On,Off,Off,Off,Off,1,0,Off,0,2,0,0,0,0,0,0,0,0,0,0
ch00357,K1IRMA North Am,146.47000,144.97000,D-Digital,High,12.5K,Off,Off,North America,Group Call,3,KC1JMH / Brad Brown,Always,Carrier,Off,1,1,1,Off,0,1,None,None,Off,Off,Off,Off,Normal Encryption,Off,Off,Off,Off,251.1,1,Off,On,Off,Off,Off,Off,1,0,Off,0,2,0,0,0,0,0,0,0,0,0,0
ch00358,K1IRMA Northeast,146.47000,144.97000,D-Digital,High,12.5K,Off,Off,Northeast,Group Call,3172,KC1JMH / Brad Brown,Always,Carrier,Off,1,1,1,Off,0,1,None,None,Off,Off,Off,Off,Normal Encryption,Off,Off,Off,Off,251.1,1,Off,On,Off,Off,Off,Off,1,0,Off,0,2,0,0,0,0,0,0,0,0,0,0
ch00359,K1IRMA Parrot,146.47000,144.97000,D-Digital,High,12.5K,Off,Off,Parrot,Group Call,9998,KC1JMH / Brad Brown,Always,Carrier,Off,1,1,1,Off,0,1,None,None,Off,Off,Off,Off,Normal Encryption,Off,Off,Off,Off,251.1,1,Off,On,Off,Off,Off,Off,1,0,Off,0,2,0,0,0,0,0,0,0,0,0,0
ch00360,K1IRMA Audio,146.47000,144.97000,D-Digital,High,12.5K,Off,Off,Audio Watch,Group Call,9999,KC1JMH / Brad Brown,Always,Carrier,Off,1,1,1,Off,0,1,None,None,Off,Off,Off,Off,Normal Encryption,Off,Off,Off,Off,251.1,1,Off,On,Off,Off,Off,Off,1,0,Off,0,2,0,0,0,0,0,0,0,0,0,0
ch00361,K1IRMA RI SW,146.47000,144.97000,D-Digital,High,12.5K,Off,Off,RI Statewide,Group Call,3144,KC1JMH / Brad Brown,Always,Carrier,Off,1,1,1,Off,0,1,None,None,Off,Off,Off,Off,Normal Encryption,Off,Off,Off,Off,251.1,1,Off,On,Off,Off,Off,Off,1,0,Off,0,2,0,0,0,0,0,0,0,0,0,0
ch00362,K1IRMA SKYWARN,146.47000,144.97000,D-Digital,High,12.5K,Off,Off,SKYWARN,Group Call,759,KC1JMH / Brad Brown,Always,Carrier,Off,1,1,1,Off,0,1,None,None,Off,Off,Off,Off,Normal Encryption,Off,Off,Off,Off,251.1,1,Off,On,Off,Off,Off,Off,1,0,Off,0,2,0,0,0,0,0,0,0,0,0,0
ch00363,K1IRMA TAC310,146.47000,144.97000,D-Digital,High,12.5K,Off,Off,TAC310,Group Call,310,KC1JMH / Brad Brown,Always,Carrier,Off,1,1,1,Off,0,1,None,None,Off,Off,Off,Off,Normal Encryption,Off,Off,Off,Off,251.1,1,Off,On,Off,Off,Off,Off,1,0,Off,0,2,0,0,0,0,0,0,0,0,0,0
ch00364,K1IRMA TAC311,146.47000,144.97000,D-Digital,High,12.5K,Off,Off,TAC311,Group Call,311,KC1JMH / Brad Brown,Always,Carrier,Off,1,1,1,Off,0,1,None,None,Off,Off,Off,Off,Normal Encryption,Off,Off,Off,Off,251.1,1,Off,On,Off,Off,Off,Off,1,0,Off,0,2,0,0,0,0,0,0,0,0,0,0
ch00365,K1IRMA VT SW,146.47000,144.97000,D-Digital,High,12.5K,Off,Off,VT Statewide,Group Call,3150,KC1JMH / Brad Brown,Always,Carrier,Off,1,1,1,Off,0,1,None,None,Off,Off,Off,Off,Normal Encryption,Off,Off,Off,Off,251.1,1,Off,On,Off,Off,Off,Off,1,0,Off,0,2,0,0,0,0,0,0,0,0,0,0
ch00366,K1IRMA WW,146.47000,144.97000,D-Digital,High,12.5K,Off,Off,WW Call,Group Call,1,KC1JMH / Brad Brown,Always,Carrier,Off,1,1,1,Off,0,1,None,None,Off,Off,Off,Off,Normal Encryption,Off,Off,Off,Off,251.1,1,Off,On,Off,Off,Off,Off,1,0,Off,0,2,0,0,0,0,0,0,0,0,0,0
ch00367,K1IRMA WW Eng,146.47000,144.97000,D-Digital,High,12.5K,Off,Off,WW English,Group Call,13,KC1JMH / Brad Brown,Always,Carrier,Off,1,1,1,Off,0,1,None,None,Off,Off,Off,Off,Normal Encryption,Off,Off,Off,Off,251.1,1,Off,On,Off,Off,Off,Off,1,0,Off,0,2,0,0,0,0,0,0,0,0,0,0
ch00368,MBLMA CT SW,145.37000,144.77000,D-Digital,High,12.5K,Off,Off,CT Statewide,Group Call,3109,KC1JMH / Brad Brown,Always,Carrier,Off,1,1,1,Off,0,1,None,None,Off,Off,Off,Off,Normal Encryption,Off,Off,Off,Off,251.1,1,Off,On,Off,Off,Off,Off,1,0,Off,0,2,0,0,0,0,0,0,0,0,0,0
ch00369,MBLMA Local,145.37000,144.77000,D-Digital,High,12.5K,Off,Off,Local,Group Call,9,KC1JMH / Brad Brown,Always,Carrier,Off,1,1,1,Off,0,2,None,None,Off,Off,Off,Off,Normal Encryption,Off,Off,Off,Off,251.1,1,Off,On,Off,Off,Off,Off,1,0,Off,0,2,0,0,0,0,0,0,0,0,0,0
ch00370,MBLMA MA SW,145.37000,144.77000,D-Digital,High,12.5K,Off,Off,MA Statewide,Group Call,3125,KC1JMH / Brad Brown,Always,Carrier,Off,1,1,1,Off,0,2,None,None,Off,Off,Off,Off,Normal Encryption,Off,Off,Off,Off,251.1,1,Off,On,Off,Off,Off,Off,1,0,Off,0,2,0,0,0,0,0,0,0,0,0,0
ch00371,MBLMA ME SW,145.37000,144.77000,D-Digital,High,12.5K,Off,Off,ME Statewide,Group Call,3123,KC1JMH / Brad Brown,Always,Carrier,Off,1,1,1,Off,0,1,None,None,Off,Off,Off,Off,Normal Encryption,Off,Off,Off,Off,251.1,1,Off,On,Off,Off,Off,Off,1,0,Off,0,2,0,0,0,0,0,0,0,0,0,0
ch00372,MBLMA NE Wide,145.37000,144.77000,D-Digital,High,12.5K,Off,Off,New England-Wide,Group Call,3181,KC1JMH / Brad Brown,Always,Carrier,Off,1,1,1,Off,0,2,None,None,Off,Off,Off,Off,Normal Encryption,Off,Off,Off,Off,251.1,1,Off,On,Off,Off,Off,Off,1,0,Off,0,2,0,0,0,0,0,0,0,0,0,0
ch00373,MBLMA NETAC1,145.37000,144.77000,D-Digital,High,12.5K,Off,Off,NETAC1,Group Call,8801,KC1JMH / Brad Brown,Always,Carrier,Off,1,1,1,Off,0,1,None,None,Off,Off,Off,Off,Normal Encryption,Off,Off,Off,Off,251.1,1,Off,On,Off,Off,Off,Off,1,0,Off,0,2,0,0,0,0,0,0,0,0,0,0
ch00374,MBLMA NETAC2,145.37000,144.77000,D-Digital,High,12.5K,Off,Off,NETAC2,Group Call,8802,KC1JMH / Brad Brown,Always,Carrier,Off,1,1,1,Off,0,2,None,None,Off,Off,Off,Off,Normal Encryption,Off,Off,Off,Off,251.1,1,Off,On,Off,Off,Off,Off,1,0,Off,0,2,0,0,0,0,0,0,0,0,0,0
ch00375,MBLMA NH SW,145.37000,144.77000,D-Digital,High,12.5K,Off,Off,NH Statewide,Group Call,3133,KC1JMH / Brad Brown,Always,Carrier,Off,1,1,1,Off,0,1,None,None,Off,Off,Off,Off,Normal Encryption,Off,Off,Off,Off,251.1,1,Off,On,Off,Off,Off,Off,1,0,Off,0,2,0,0,0,0,0,0,0,0,0,0
ch00376,MBLMA North Am,145.37000,144.77000,D-Digital,High,12.5K,Off,Off,North America,Group Call,3,KC1JMH / Brad Brown,Always,Carrier,Off,1,1,1,Off,0,1,None,None,Off,Off,Off,Off,Normal Encryption,Off,Off,Off,Off,251.1,1,Off,On,Off,Off,Off,Off,1,0,Off,0,2,0,0,0,0,0,0,0,0,0,0
ch00377,MBLMA Northeast,145.37000,144.77000,D-Digital,High,12.5K,Off,Off,Northeast,Group Call,3172,KC1JMH / Brad Brown,Always,Carrier,Off,1,1,1,Off,0,1,None,None,Off,Off,Off,Off,Normal Encryption,Off,Off,Off,Off,251.1,1,Off,On,Off,Off,Off,Off,1,0,Off,0,2,0,0,0,0,0,0,0,0,0,0
ch00378,MBLMA Parrot,145.37000,144.77000,D-Digital,High,12.5K,Off,Off,Parrot,Group Call,9998,KC1JMH / Brad Brown,Always,Carrier,Off,1,1,1,Off,0,1,None,None,Off,Off,Off,Off,Normal Encryption,Off,Off,Off,Off,251.1,1,Off,On,Off,Off,Off,Off,1,0,Off,0,2,0,0,0,0,0,0,0,0,0,0
ch00379,MBLMA Audio,145.37000,144.77000,D-Digital,High,12.5K,Off,Off,Audio Watch,Group Call,9999,KC1JMH / Brad Brown,Always,Carrier,Off,1,1,1,Off,0,1,None,None,Off,Off,Off,Off,Normal Encryption,Off,Off,Off,Off,251.1,1,Off,On,Off,Off,Off,Off,1,0,Off,0,2,0,0,0,0,0,0,0,0,0,0
ch00380,MBLMA RI SW,145.37000,144.77000,D-Digital,High,12.5K,Off,Off,RI Statewide,Group Call,3144,KC1JMH / Brad Brown,Always,Carrier,Off,1,1,1,Off,0,1,None,None,Off,Off,Off,Off,Normal Encryption,Off,Off,Off,Off,251.1,1,Off,On,Off,Off,Off,Off,1,0,Off,0,2,0,0,0,0,0,0,0,0,0,0
ch00381,MBLMA SKYWARN,145.37000,144.77000,D-Digital,High,12.5K,Off,Off,SKYWARN,Group Call,759,KC1JMH / Brad Brown,Always,Carrier,Off,1,1,1,Off,0,1,None,None,Off,Off,Off,Off,Normal Encryption,Off,Off,Off,Off,251.1,1,Off,On,Off,Off,Off,Off,1,0,Off,0,2,0,0,0,0,0,0,0,0,0,0
ch00382,MBLMA TAC310,145.37000,144.77000,D-Digital,High,12.5K,Off,Off,TAC310,Group Call,310,KC1JMH / Brad Brown,Always,Carrier,Off,1,1,1,Off,0,1,None,None,Off,Off,Off,Off,Normal Encryption,Off,Off,Off,Off,251.1,1,Off,On,Off,Off,Off,Off,1,0,Off,0,2,0,0,0,0,0,0,0,0,0,0
ch00383,MBLMA TAC311,145.37000,144.77000,D-Digital,High,12.5K,Off,Off,TAC311,Group Call,311,KC1JMH / Brad Brown,Always,Carrier,Off,1,1,1,Off,0,1,None,None,Off,Off,Off,Off,Normal Encryption,Off,Off,Off,Off,251.1,1,Off,On,Off,Off,Off,Off,1,0,Off,0,2,0,0,0,0,0,0,0,0,0,0
ch00384,MBLMA VT SW,145.37000,144.77000,D-Digital,High,12.5K,Off,Off,VT Statewide,Group Call,3150,KC1JMH / Brad Brown,Always,Carrier,Off,1,1,1,Off,0,1,None,None,Off,Off,Off,Off,Normal Encryption,Off,Off,Off,Off,251.1,1,Off,On,Off,Off,Off,Off,1,0,Off,0,2,0,0,0,0,0,0,0,0,0,0
ch00385,MBLMA WW,145.37000,144.77000,D-Digital,High,12.5K,Off,Off,WW Call,Group Call,1,KC1JMH / Brad Brown,Always,Carrier,Off,1,1,1,Off,0,1,None,None,Off,Off,Off,Off,Normal Encryption,Off,Off,Off,Off,251.1,1,Off,On,Off,Off,Off,Off,1,0,Off,0,2,0,0,0,0,0,0,0,0,0,0
ch00386,MBLMA WW Eng,145.37000,144.77000,D-Digital,High,12.5K,Off,Off,WW English,Group Call,13,KC1JMH / Brad Brown,Always,Carrier,Off,1,1,1,Off,0,1,None,None,Off,Off,Off,Off,Normal Encryption,Off,Off,Off,Off,251.1,1,Off,On,Off,Off,Off,Off,1,0,Off,0,2,0,0,0,0,0,0,0,0,0,0
ch00387,MVYMA CT SW,145.18000,144.58000,D-Digital,High,12.5K,Off,Off,CT Statewide,Group Call,3109,KC1JMH / Brad Brown,Always,Carrier,Off,1,1,1,Off,10,1,None,None,Off,Off,Off,Off,Normal Encryption,Off,Off,Off,Off,251.1,1,Off,On,Off,Off,Off,Off,1,0,Off,0,2,0,0,0,0,0,0,0,0,0,10
ch00388,MVYMA Local,145.18000,144.58000,D-Digital,High,12.5K,Off,Off,Local,Group Call,9,KC1JMH / Brad Brown,Always,Carrier,Off,1,1,1,Off,10,2,None,None,Off,Off,Off,Off,Normal Encryption,Off,Off,Off,Off,251.1,1,Off,On,Off,Off,Off,Off,1,0,Off,0,2,0,0,0,0,0,0,0,0,0,10
ch00389,MVYMA MA SW,145.18000,144.58000,D-Digital,High,12.5K,Off,Off,MA Statewide,Group Call,3125,KC1JMH / Brad Brown,Always,Carrier,Off,1,1,1,Off,10,2,None,None,Off,Off,Off,Off,Normal Encryption,Off,Off,Off,Off,251.1,1,Off,On,Off,Off,Off,Off,1,0,Off,0,2,0,0,0,0,0,0,0,0,0,10
ch00390,MVYMA ME SW,145.18000,144.58000,D-Digital,High,12.5K,Off,Off,ME Statewide,Group Call,3123,KC1JMH / Brad Brown,Always,Carrier,Off,1,1,1,Off,10,1,None,None,Off,Off,Off,Off,Normal Encryption,Off,Off,Off,Off,251.1,1,Off,On,Off,Off,Off,Off,1,0,Off,0,2,0,0,0,0,0,0,0,0,0,10
ch00391,MVYMA NE Wide,145.18000,144.58000,D-Digital,High,12.5K,Off,Off,New England-Wide,Group Call,3181,KC1JMH / Brad Brown,Always,Carrier,Off,1,1,1,Off,10,2,None,None,Off,Off,Off,Off,Normal Encryption,Off,Off,Off,Off,251.1,1,Off,On,Off,Off,Off,Off,1,0,Off,0,2,0,0,0,0,0,0,0,0,0,10
ch00392,MVYMA NETAC1,145.18000,144.58000,D-Digital,High,12.5K,Off,Off,NETAC1,Group Call,8801,KC1JMH / Brad Brown,Always,Carrier,Off,1,1,1,Off,10,1,None,None,Off,Off,Off,Off,Normal Encryption,Off,Off,Off,Off,251.1,1,Off,On,Off,Off,Off,Off,1,0,Off,0,2,0,0,0,0,0,0,0,0,0,10
ch00393,MVYMA NETAC2,145.18000,144.58000,D-Digital,High,12.5K,Off,Off,NETAC2,Group Call,8802,KC1JMH / Brad Brown,Always,Carrier,Off,1,1,1,Off,10,2,None,None,Off,Off,Off,Off,Normal Encryption,Off,Off,Off,Off,251.1,1,Off,On,Off,Off,Off,Off,1,0,Off,0,2,0,0,0,0,0,0,0,0,0,10
ch00394,MVYMA NH SW,145.18000,144.58000,D-Digital,High,12.5K,Off,Off,NH Statewide,Group Call,3133,KC1JMH / Brad Brown,Always,Carrier,Off,1,1,1,Off,10,1,None,None,Off,Off,Off,Off,Normal Encryption,Off,Off,Off,Off,251.1,1,Off,On,Off,Off,Off,Off,1,0,Off,0,2,0,0,0,0,0,0,0,0,0,10
ch00395,MVYMA North Am,145.18000,144.58000,D-Digital,High,12.5K,Off,Off,North America,Group Call,3,KC1JMH / Brad Brown,Always,Carrier,Off,1,1,1,Off,10,1,None,None,Off,Off,Off,Off,Normal Encryption,Off,Off,Off,Off,251.1,1,Off,On,Off,Off,Off,Off,1,0,Off,0,2,0,0,0,0,0,0,0,0,0,10
ch00396,MVYMA Northeast,145.18000,144.58000,D-Digital,High,12.5K,Off,Off,Northeast,Group Call,3172,KC1JMH / Brad Brown,Always,Carrier,Off,1,1,1,Off,10,1,None,None,Off,Off,Off,Off,Normal Encryption,Off,Off,Off,Off,251.1,1,Off,On,Off,Off,Off,Off,1,0,Off,0,2,0,0,0,0,0,0,0,0,0,10
ch00397,MVYMA Parrot,145.18000,144.58000,D-Digital,High,12.5K,Off,Off,Parrot,Group Call,9998,KC1JMH / Brad Brown,Always,Carrier,Off,1,1,1,Off,10,1,None,None,Off,Off,Off,Off,Normal Encryption,Off,Off,Off,Off,251.1,1,Off,On,Off,Off,Off,Off,1,0,Off,0,2,0,0,0,0,0,0,0,0,0,10
ch00398,MVYMA Audio,145.18000,144.58000,D-Digital,High,12.5K,Off,Off,Audio Watch,Group Call,9999,KC1JMH / Brad Brown,Always,Carrier,Off,1,1,1,Off,10,1,None,None,Off,Off,Off,Off,Normal Encryption,Off,Off,Off,Off,251.1,1,Off,On,Off,Off,Off,Off,1,0,Off,0,2,0,0,0,0,0,0,0,0,0,10
ch00399,MVYMA Cape Net,145.18000,144.58000,D-Digital,High,12.5K,Off,Off,Cape Net,Group Call,8804,KC1JMH / Brad Brown,Always,Carrier,Off,1,1,1,Off,10,2,None,None,Off,Off,Off,Off,Normal Encryption,Off,Off,Off,Off,251.1,1,Off,On,Off,Off,Off,Off,1,0,Off,0,2,0,0,0,0,0,0,0,0,0,10
ch00400,MVYMA RI SW,145.18000,144.58000,D-Digital,High,12.5K,Off,Off,RI Statewide,Group Call,3144,KC1JMH / Brad Brown,Always,Carrier,Off,1,1,1,Off,10,1,None,None,Off,Off,Off,Off,Normal Encryption,Off,Off,Off,Off,251.1,1,Off,On,Off,Off,Off,Off,1,0,Off,0,2,0,0,0,0,0,0,0,0,0,10
ch00401,MVYMA SKYWARN,145.18000,144.58000,D-Digital,High,12.5K,Off,Off,SKYWARN,Group Call,759,KC1JMH / Brad Brown,Always,Carrier,Off,1,1,1,Off,10,1,None,None,Off,Off,Off,Off,Normal Encryption,Off,Off,Off,Off,251.1,1,Off,On,Off,Off,Off,Off,1,0,Off,0,2,0,0,0,0,0,0,0,0,0,10
ch00402,MVYMA TAC310,145.18000,144.58000,D-Digital,High,12.5K,Off,Off,TAC310,Group Call,310,KC1JMH / Brad Brown,Always,Carrier,Off,1,1,1,Off,10,1,None,None,Off,Off,Off,Off,Normal Encryption,Off,Off,Off,Off,251.1,1,Off,On,Off,Off,Off,Off,1,0,Off,0,2,0,0,0,0,0,0,0,0,0,10
ch00403,MVYMA TAC311,145.18000,144.58000,D-Digital,High,12.5K,Off,Off,TAC311,Group Call,311,KC1JMH / Brad Brown,Always,Carrier,Off,1,1,1,Off,10,1,None,None,Off,Off,Off,Off,Normal Encryption,Off,Off,Off,Off,251.1,1,Off,On,Off,Off,Off,Off,1,0,Off,0,2,0,0,0,0,0,0,0,0,0,10
ch00404,MVYMA VT SW,145.18000,144.58000,D-Digital,High,12.5K,Off,Off,VT Statewide,Group Call,3150,KC1JMH / Brad Brown,Always,Carrier,Off,1,1,1,Off,10,1,None,None,Off,Off,Off,Off,Normal Encryption,Off,Off,Off,Off,251.1,1,Off,On,Off,Off,Off,Off,1,0,Off,0,2,0,0,0,0,0,0,0,0,0,10
ch00405,MVYMA WW,145.18000,144.58000,D-Digital,High,12.5K,Off,Off,WW Call,Group Call,1,KC1JMH / Brad Brown,Always,Carrier,Off,1,1,1,Off,10,1,None,None,Off,Off,Off,Off,Normal Encryption,Off,Off,Off,Off,251.1,1,Off,On,Off,Off,Off,Off,1,0,Off,0,2,0,0,0,0,0,0,0,0,0,10
ch00406,MVYMA WW Eng,145.18000,144.58000,D-Digital,High,12.5K,Off,Off,WW English,Group Call,13,KC1JMH / Brad Brown,Always,Carrier,Off,1,1,1,Off,10,1,None,None,Off,Off,Off,Off,Normal Encryption,Off,Off,Off,Off,251.1,1,Off,On,Off,Off,Off,Off,1,0,Off,0,2,0,0,0,0,0,0,0,0,0,10
ch00407,NADMA CT SW,449.67500,444.67500,D-Digital,High,12.5K,Off,Off,CT Statewide,Group Call,3109,KC1JMH / Brad Brown,Always,Carrier,Off,1,1,1,Off,1,1,None,None,Off,Off,Off,Off,Normal Encryption,Off,Off,Off,Off,251.1,1,Off,On,Off,Off,Off,Off,1,0,Off,0,2,0,0,0,0,0,0,0,0,0,1
ch00408,NADMA Local,449.67500,444.67500,D-Digital,High,12.5K,Off,Off,Local,Group Call,9,KC1JMH / Brad Brown,Always,Carrier,Off,1,1,1,Off,1,2,None,None,Off,Off,Off,Off,Normal Encryption,Off,Off,Off,Off,251.1,1,Off,On,Off,Off,Off,Off,1,0,Off,0,2,0,0,0,0,0,0,0,0,0,1
ch00409,NADMA MA SW,449.67500,444.67500,D-Digital,High,12.5K,Off,Off,MA Statewide,Group Call,3125,KC1JMH / Brad Brown,Always,Carrier,Off,1,1,1,Off,1,2,None,None,Off,Off,Off,Off,Normal Encryption,Off,Off,Off,Off,251.1,1,Off,On,Off,Off,Off,Off,1,0,Off,0,2,0,0,0,0,0,0,0,0,0,1
ch00410,NADMA ME SW,449.67500,444.67500,D-Digital,High,12.5K,Off,Off,ME Statewide,Group Call,3123,KC1JMH / Brad Brown,Always,Carrier,Off,1,1,1,Off,1,1,None,None,Off,Off,Off,Off,Normal Encryption,Off,Off,Off,Off,251.1,1,Off,On,Off,Off,Off,Off,1,0,Off,0,2,0,0,0,0,0,0,0,0,0,1
ch00411,NADMA NE Wide,449.67500,444.67500,D-Digital,High,12.5K,Off,Off,New England-Wide,Group Call,3181,KC1JMH / Brad Brown,Always,Carrier,Off,1,1,1,Off,1,2,None,None,Off,Off,Off,Off,Normal Encryption,Off,Off,Off,Off,251.1,1,Off,On,Off,Off,Off,Off,1,0,Off,0,2,0,0,0,0,0,0,0,0,0,1
ch00412,NADMA NETAC1,449.67500,444.67500,D-Digital,High,12.5K,Off,Off,NETAC1,Group Call,8801,KC1JMH / Brad Brown,Always,Carrier,Off,1,1,1,Off,1,1,None,None,Off,Off,Off,Off,Normal Encryption,Off,Off,Off,Off,251.1,1,Off,On,Off,Off,Off,Off,1,0,Off,0,2,0,0,0,0,0,0,0,0,0,1
ch00413,NADMA NETAC2,449.67500,444.67500,D-Digital,High,12.5K,Off,Off,NETAC2,Group Call,8802,KC1JMH / Brad Brown,Always,Carrier,Off,1,1,1,Off,1,2,None,None,Off,Off,Off,Off,Normal Encryption,Off,Off,Off,Off,251.1,1,Off,On,Off,Off,Off,Off,1,0,Off,0,2,0,0,0,0,0,0,0,0,0,1
ch00414,NADMA NH SW,449.67500,444.67500,D-Digital,High,12.5K,Off,Off,NH Statewide,Group Call,3133,KC1JMH / Brad Brown,Always,Carrier,Off,1,1,1,Off,1,1,None,None,Off,Off,Off,Off,Normal Encryption,Off,Off,Off,Off,251.1,1,Off,On,Off,Off,Off,Off,1,0,Off,0,2,0,0,0,0,0,0,0,0,0,1
ch00415,NADMA North Am,449.67500,444.67500,D-Digital,High,12.5K,Off,Off,North America,Group Call,3,KC1JMH / Brad Brown,Always,Carrier,Off,1,1,1,Off,1,1,None,None,Off,Off,Off,Off,Normal Encryption,Off,Off,Off,Off,251.1,1,Off,On,Off,Off,Off,Off,1,0,Off,0,2,0,0,0,0,0,0,0,0,0,1
ch00416,NADMA Northeast,449.67500,444.67500,D-Digital,High,12.5K,Off,Off,Northeast,Group Call,3172,KC1JMH / Brad Brown,Always,Carrier,Off,1,1,1,Off,1,1,None,None,Off,Off,Off,Off,Normal Encryption,Off,Off,Off,Off,251.1,1,Off,On,Off,Off,Off,Off,1,0,Off,0,2,0,0,0,0,0,0,0,0,0,1
ch00417,NADMA Parrot,449.67500,444.67500,D-Digital,High,12.5K,Off,Off,Parrot,Group Call,9998,KC1JMH / Brad Brown,Always,Carrier,Off,1,1,1,Off,1,1,None,None,Off,Off,Off,Off,Normal Encryption,Off,Off,Off,Off,251.1,1,Off,On,Off,Off,Off,Off,1,0,Off,0,2,0,0,0,0,0,0,0,0,0,1
ch00418,NADMA Audio,449.67500,444.67500,D-Digital,High,12.5K,Off,Off,Audio Watch,Group Call,9999,KC1JMH / Brad Brown,Always,Carrier,Off,1,1,1,Off,1,1,None,None,Off,Off,Off,Off,Normal Encryption,Off,Off,Off,Off,251.1,1,Off,On,Off,Off,Off,Off,1,0,Off,0,2,0,0,0,0,0,0,0,0,0,1
ch00419,NADMA NY SW,449.67500,444.67500,D-Digital,High,12.5K,Off,Off,NY Statewide,Group Call,3136,KC1JMH / Brad Brown,Always,Carrier,Off,1,1,1,Off,1,1,None,None,Off,Off,Off,Off,Normal Encryption,Off,Off,Off,Off,251.1,1,Off,On,Off,Off,Off,Off,1,0,Off,0,2,0,0,0,0,0,0,0,0,0,1
ch00420,NADMA RI SW,449.67500,444.67500,D-Digital,High,12.5K,Off,Off,RI Statewide,Group Call,3144,KC1JMH / Brad Brown,Always,Carrier,Off,1,1,1,Off,1,1,None,None,Off,Off,Off,Off,Normal Encryption,Off,Off,Off,Off,251.1,1,Off,On,Off,Off,Off,Off,1,0,Off,0,2,0,0,0,0,0,0,0,0,0,1
ch00421,NADMA SKYWARN,449.67500,444.67500,D-Digital,High,12.5K,Off,Off,SKYWARN,Group Call,759,KC1JMH / Brad Brown,Always,Carrier,Off,1,1,1,Off,1,1,None,None,Off,Off,Off,Off,Normal Encryption,Off,Off,Off,Off,251.1,1,Off,On,Off,Off,Off,Off,1,0,Off,0,2,0,0,0,0,0,0,0,0,0,1
ch00422,NADMA TAC310,449.67500,444.67500,D-Digital,High,12.5K,Off,Off,TAC310,Group Call,310,KC1JMH / Brad Brown,Always,Carrier,Off,1,1,1,Off,1,1,None,None,Off,Off,Off,Off,Normal Encryption,Off,Off,Off,Off,251.1,1,Off,On,Off,Off,Off,Off,1,0,Off,0,2,0,0,0,0,0,0,0,0,0,1
ch00423,NADMA TAC311,449.67500,444.67500,D-Digital,High,12.5K,Off,Off,TAC311,Group Call,311,KC1JMH / Brad Brown,Always,Carrier,Off,1,1,1,Off,1,1,None,None,Off,Off,Off,Off,Normal Encryption,Off,Off,Off,Off,251.1,1,Off,On,Off,Off,Off,Off,1,0,Off,0,2,0,0,0,0,0,0,0,0,0,1
ch00424,NADMA VT SW,449.67500,444.67500,D-Digital,High,12.5K,Off,Off,VT Statewide,Group Call,3150,KC1JMH / Brad Brown,Always,Carrier,Off,1,1,1,Off,1,1,None,None,Off,Off,Off,Off,Normal Encryption,Off,Off,Off,Off,251.1,1,Off,On,Off,Off,Off,Off,1,0,Off,0,2,0,0,0,0,0,0,0,0,0,1
ch00425,NADMA WW,449.67500,444.67500,D-Digital,High,12.5K,Off,Off,WW Call,Group Call,1,KC1JMH / Brad Brown,Always,Carrier,Off,1,1,1,Off,1,1,None,None,Off,Off,Off,Off,Normal Encryption,Off,Off,Off,Off,251.1,1,Off,On,Off,Off,Off,Off,1,0,Off,0,2,0,0,0,0,0,0,0,0,0,1
ch00426,NADMA WW Eng,449.67500,444.67500,D-Digital,High,12.5K,Off,Off,WW English,Group Call,13,KC1JMH / Brad Brown,Always,Carrier,Off,1,1,1,Off,1,1,None,None,Off,Off,Off,Off,Normal Encryption,Off,Off,Off,Off,251.1,1,Off,On,Off,Off,Off,Off,1,0,Off,0,2,0,0,0,0,0,0,0,0,0,1
ch00427,NMPUHMA CT SW,449.52500,444.52500,D-Digital,High,12.5K,Off,Off,CT Statewide,Group Call,3109,KC1JMH / Brad Brown,Always,Carrier,Off,1,1,1,Off,1,1,None,None,Off,Off,Off,Off,Normal Encryption,Off,Off,Off,Off,251.1,1,Off,On,Off,Off,Off,Off,1,0,Off,0,2,0,0,0,0,0,0,0,0,0,1
ch00428,NMPUHMA Local,449.52500,444.52500,D-Digital,High,12.5K,Off,Off,Local,Group Call,9,KC1JMH / Brad Brown,Always,Carrier,Off,1,1,1,Off,1,2,None,None,Off,Off,Off,Off,Normal Encryption,Off,Off,Off,Off,251.1,1,Off,On,Off,Off,Off,Off,1,0,Off,0,2,0,0,0,0,0,0,0,0,0,1
ch00429,NMPUHMA MA SW,449.52500,444.52500,D-Digital,High,12.5K,Off,Off,MA Statewide,Group Call,3125,KC1JMH / Brad Brown,Always,Carrier,Off,1,1,1,Off,1,2,None,None,Off,Off,Off,Off,Normal Encryption,Off,Off,Off,Off,251.1,1,Off,On,Off,Off,Off,Off,1,0,Off,0,2,0,0,0,0,0,0,0,0,0,1
ch00430,NMPUHMA ME SW,449.52500,444.52500,D-Digital,High,12.5K,Off,Off,ME Statewide,Group Call,3123,KC1JMH / Brad Brown,Always,Carrier,Off,1,1,1,Off,1,1,None,None,Off,Off,Off,Off,Normal Encryption,Off,Off,Off,Off,251.1,1,Off,On,Off,Off,Off,Off,1,0,Off,0,2,0,0,0,0,0,0,0,0,0,1
ch00431,NMPUHMA NE Wide,449.52500,444.52500,D-Digital,High,12.5K,Off,Off,New England-Wide,Group Call,3181,KC1JMH / Brad Brown,Always,Carrier,Off,1,1,1,Off,1,2,None,None,Off,Off,Off,Off,Normal Encryption,Off,Off,Off,Off,251.1,1,Off,On,Off,Off,Off,Off,1,0,Off,0,2,0,0,0,0,0,0,0,0,0,1
ch00432,NMPUHMA NETAC1,449.52500,444.52500,D-Digital,High,12.5K,Off,Off,NETAC1,Group Call,8801,KC1JMH / Brad Brown,Always,Carrier,Off,1,1,1,Off,1,1,None,None,Off,Off,Off,Off,Normal Encryption,Off,Off,Off,Off,251.1,1,Off,On,Off,Off,Off,Off,1,0,Off,0,2,0,0,0,0,0,0,0,0,0,1
ch00433,NMPUHMA NETAC2,449.52500,444.52500,D-Digital,High,12.5K,Off,Off,NETAC2,Group Call,8802,KC1JMH / Brad Brown,Always,Carrier,Off,1,1,1,Off,1,2,None,None,Off,Off,Off,Off,Normal Encryption,Off,Off,Off,Off,251.1,1,Off,On,Off,Off,Off,Off,1,0,Off,0,2,0,0,0,0,0,0,0,0,0,1
ch00434,NMPUHMA NH SW,449.52500,444.52500,D-Digital,High,12.5K,Off,Off,NH Statewide,Group Call,3133,KC1JMH / Brad Brown,Always,Carrier,Off,1,1,1,Off,1,1,None,None,Off,Off,Off,Off,Normal Encryption,Off,Off,Off,Off,251.1,1,Off,On,Off,Off,Off,Off,1,0,Off,0,2,0,0,0,0,0,0,0,0,0,1
ch00435,NMPUHMA Neast,449.52500,444.52500,D-Digital,High,12.5K,Off,Off,Northeast,Group Call,3172,KC1JMH / Brad Brown,Always,Carrier,Off,1,1,1,Off,1,1,None,None,Off,Off,Off,Off,Normal Encryption,Off,Off,Off,Off,251.1,1,Off,On,Off,Off,Off,Off,1,0,Off,0,2,0,0,0,0,0,0,0,0,0,1
ch00436,NMPUHMA North Am,449.52500,444.52500,D-Digital,High,12.5K,Off,Off,North America,Group Call,3,KC1JMH / Brad Brown,Always,Carrier,Off,1,1,1,Off,1,1,None,None,Off,Off,Off,Off,Normal Encryption,Off,Off,Off,Off,251.1,1,Off,On,Off,Off,Off,Off,1,0,Off,0,2,0,0,0,0,0,0,0,0,0,1
ch00437,NMPUHMA Parrot,449.52500,444.52500,D-Digital,High,12.5K,Off,Off,Parrot,Group Call,9998,KC1JMH / Brad Brown,Always,Carrier,Off,1,1,1,Off,1,1,None,None,Off,Off,Off,Off,Normal Encryption,Off,Off,Off,Off,251.1,1,Off,On,Off,Off,Off,Off,1,0,Off,0,2,0,0,0,0,0,0,0,0,0,1
ch00438,NMPUHMA Audio,449.52500,444.52500,D-Digital,High,12.5K,Off,Off,Audio Watch,Group Call,9999,KC1JMH / Brad Brown,Always,Carrier,Off,1,1,1,Off,1,1,None,None,Off,Off,Off,Off,Normal Encryption,Off,Off,Off,Off,251.1,1,Off,On,Off,Off,Off,Off,1,0,Off,0,2,0,0,0,0,0,0,0,0,0,1
ch00439,NMPUHMA NY SW,449.52500,444.52500,D-Digital,High,12.5K,Off,Off,NY Statewide,Group Call,3136,KC1JMH / Brad Brown,Always,Carrier,Off,1,1,1,Off,1,1,None,None,Off,Off,Off,Off,Normal Encryption,Off,Off,Off,Off,251.1,1,Off,On,Off,Off,Off,Off,1,0,Off,0,2,0,0,0,0,0,0,0,0,0,1
ch00440,NMPUHMA RI SW,449.52500,444.52500,D-Digital,High,12.5K,Off,Off,RI Statewide,Group Call,3144,KC1JMH / Brad Brown,Always,Carrier,Off,1,1,1,Off,1,1,None,None,Off,Off,Off,Off,Normal Encryption,Off,Off,Off,Off,251.1,1,Off,On,Off,Off,Off,Off,1,0,Off,0,2,0,0,0,0,0,0,0,0,0,1
ch00441,NMPUHMA SKYWARN,449.52500,444.52500,D-Digital,High,12.5K,Off,Off,SKYWARN,Group Call,759,KC1JMH / Brad Brown,Always,Carrier,Off,1,1,1,Off,1,1,None,None,Off,Off,Off,Off,Normal Encryption,Off,Off,Off,Off,251.1,1,Off,On,Off,Off,Off,Off,1,0,Off,0,2,0,0,0,0,0,0,0,0,0,1
ch00442,NMPUHMA TAC310,449.52500,444.52500,D-Digital,High,12.5K,Off,Off,TAC310,Group Call,310,KC1JMH / Brad Brown,Always,Carrier,Off,1,1,1,Off,1,1,None,None,Off,Off,Off,Off,Normal Encryption,Off,Off,Off,Off,251.1,1,Off,On,Off,Off,Off,Off,1,0,Off,0,2,0,0,0,0,0,0,0,0,0,1
ch00443,NMPUHMA TAC311,449.52500,444.52500,D-Digital,High,12.5K,Off,Off,TAC311,Group Call,311,KC1JMH / Brad Brown,Always,Carrier,Off,1,1,1,Off,1,1,None,None,Off,Off,Off,Off,Normal Encryption,Off,Off,Off,Off,251.1,1,Off,On,Off,Off,Off,Off,1,0,Off,0,2,0,0,0,0,0,0,0,0,0,1
ch00444,NMPUHMA VT SW,449.52500,444.52500,D-Digital,High,12.5K,Off,Off,VT Statewide,Group Call,3150,KC1JMH / Brad Brown,Always,Carrier,Off,1,1,1,Off,1,1,None,None,Off,Off,Off,Off,Normal Encryption,Off,Off,Off,Off,251.1,1,Off,On,Off,Off,Off,Off,1,0,Off,0,2,0,0,0,0,0,0,0,0,0,1
ch00445,NMPUHMA WW,449.52500,444.52500,D-Digital,High,12.5K,Off,Off,WW Call,Group Call,1,KC1JMH / Brad Brown,Always,Carrier,Off,1,1,1,Off,1,1,None,None,Off,Off,Off,Off,Normal Encryption,Off,Off,Off,Off,251.1,1,Off,On,Off,Off,Off,Off,1,0,Off,0,2,0,0,0,0,0,0,0,0,0,1
ch00446,NMPUHMA WW Eng,449.52500,444.52500,D-Digital,High,12.5K,Off,Off,WW English,Group Call,13,KC1JMH / Brad Brown,Always,Carrier,Off,1,1,1,Off,1,1,None,None,Off,Off,Off,Off,Normal Encryption,Off,Off,Off,Off,251.1,1,Off,On,Off,Off,Off,Off,1,0,Off,0,2,0,0,0,0,0,0,0,0,0,1
ch00447,NMPVHMA CT SW,145.18000,144.58000,D-Digital,High,12.5K,Off,Off,CT Statewide,Group Call,3109,KC1JMH / Brad Brown,Always,Carrier,Off,1,1,1,Off,1,1,None,None,Off,Off,Off,Off,Normal Encryption,Off,Off,Off,Off,251.1,1,Off,On,Off,Off,Off,Off,1,0,Off,0,2,0,0,0,0,0,0,0,0,0,1
ch00448,NMPVHMA Local,145.18000,144.58000,D-Digital,High,12.5K,Off,Off,Local,Group Call,9,KC1JMH / Brad Brown,Always,Carrier,Off,1,1,1,Off,1,2,None,None,Off,Off,Off,Off,Normal Encryption,Off,Off,Off,Off,251.1,1,Off,On,Off,Off,Off,Off,1,0,Off,0,2,0,0,0,0,0,0,0,0,0,1
ch00449,NMPVHMA MA SW,145.18000,144.58000,D-Digital,High,12.5K,Off,Off,MA Statewide,Group Call,3125,KC1JMH / Brad Brown,Always,Carrier,Off,1,1,1,Off,1,2,None,None,Off,Off,Off,Off,Normal Encryption,Off,Off,Off,Off,251.1,1,Off,On,Off,Off,Off,Off,1,0,Off,0,2,0,0,0,0,0,0,0,0,0,1
ch00450,NMPVHMA ME SW,145.18000,144.58000,D-Digital,High,12.5K,Off,Off,ME Statewide,Group Call,3123,KC1JMH / Brad Brown,Always,Carrier,Off,1,1,1,Off,1,1,None,None,Off,Off,Off,Off,Normal Encryption,Off,Off,Off,Off,251.1,1,Off,On,Off,Off,Off,Off,1,0,Off,0,2,0,0,0,0,0,0,0,0,0,1
ch00451,NMPVHMA NE Wide,145.18000,144.58000,D-Digital,High,12.5K,Off,Off,New England-Wide,Group Call,3181,KC1JMH / Brad Brown,Always,Carrier,Off,1,1,1,Off,1,2,None,None,Off,Off,Off,Off,Normal Encryption,Off,Off,Off,Off,251.1,1,Off,On,Off,Off,Off,Off,1,0,Off,0,2,0,0,0,0,0,0,0,0,0,1
ch00452,NMPVHMA NETAC1,145.18000,144.58000,D-Digital,High,12.5K,Off,Off,NETAC1,Group Call,8801,KC1JMH / Brad Brown,Always,Carrier,Off,1,1,1,Off,1,1,None,None,Off,Off,Off,Off,Normal Encryption,Off,Off,Off,Off,251.1,1,Off,On,Off,Off,Off,Off,1,0,Off,0,2,0,0,0,0,0,0,0,0,0,1
ch00453,NMPVHMA NETAC2,145.18000,144.58000,D-Digital,High,12.5K,Off,Off,NETAC2,Group Call,8802,KC1JMH / Brad Brown,Always,Carrier,Off,1,1,1,Off,1,2,None,None,Off,Off,Off,Off,Normal Encryption,Off,Off,Off,Off,251.1,1,Off,On,Off,Off,Off,Off,1,0,Off,0,2,0,0,0,0,0,0,0,0,0,1
ch00454,NMPVHMA NH SW,145.18000,144.58000,D-Digital,High,12.5K,Off,Off,NH Statewide,Group Call,3133,KC1JMH / Brad Brown,Always,Carrier,Off,1,1,1,Off,1,1,None,None,Off,Off,Off,Off,Normal Encryption,Off,Off,Off,Off,251.1,1,Off,On,Off,Off,Off,Off,1,0,Off,0,2,0,0,0,0,0,0,0,0,0,1
ch00455,NMPVHMA Neast,145.18000,144.58000,D-Digital,High,12.5K,Off,Off,Northeast,Group Call,3172,KC1JMH / Brad Brown,Always,Carrier,Off,1,1,1,Off,1,1,None,None,Off,Off,Off,Off,Normal Encryption,Off,Off,Off,Off,251.1,1,Off,On,Off,Off,Off,Off,1,0,Off,0,2,0,0,0,0,0,0,0,0,0,1
ch00456,NMPVHMA North Am,145.18000,144.58000,D-Digital,High,12.5K,Off,Off,North America,Group Call,3,KC1JMH / Brad Brown,Always,Carrier,Off,1,1,1,Off,1,1,None,None,Off,Off,Off,Off,Normal Encryption,Off,Off,Off,Off,251.1,1,Off,On,Off,Off,Off,Off,1,0,Off,0,2,0,0,0,0,0,0,0,0,0,1
ch00457,NMPVHMA Parrot,145.18000,144.58000,D-Digital,High,12.5K,Off,Off,Parrot,Group Call,9998,KC1JMH / Brad Brown,Always,Carrier,Off,1,1,1,Off,1,1,None,None,Off,Off,Off,Off,Normal Encryption,Off,Off,Off,Off,251.1,1,Off,On,Off,Off,Off,Off,1,0,Off,0,2,0,0,0,0,0,0,0,0,0,1
ch00458,NMPVHMA Audio,145.18000,144.58000,D-Digital,High,12.5K,Off,Off,Audio Watch,Group Call,9999,KC1JMH / Brad Brown,Always,Carrier,Off,1,1,1,Off,1,1,None,None,Off,Off,Off,Off,Normal Encryption,Off,Off,Off,Off,251.1,1,Off,On,Off,Off,Off,Off,1,0,Off,0,2,0,0,0,0,0,0,0,0,0,1
ch00459,NMPVHMA NY SW,145.18000,144.58000,D-Digital,High,12.5K,Off,Off,NY Statewide,Group Call,3136,KC1JMH / Brad Brown,Always,Carrier,Off,1,1,1,Off,1,1,None,None,Off,Off,Off,Off,Normal Encryption,Off,Off,Off,Off,251.1,1,Off,On,Off,Off,Off,Off,1,0,Off,0,2,0,0,0,0,0,0,0,0,0,1
ch00460,NMPVHMA RI SW,145.18000,144.58000,D-Digital,High,12.5K,Off,Off,RI Statewide,Group Call,3144,KC1JMH / Brad Brown,Always,Carrier,Off,1,1,1,Off,1,1,None,None,Off,Off,Off,Off,Normal Encryption,Off,Off,Off,Off,251.1,1,Off,On,Off,Off,Off,Off,1,0,Off,0,2,0,0,0,0,0,0,0,0,0,1
ch00461,NMPVHMA SKYWARN,145.18000,144.58000,D-Digital,High,12.5K,Off,Off,SKYWARN,Group Call,759,KC1JMH / Brad Brown,Always,Carrier,Off,1,1,1,Off,1,1,None,None,Off,Off,Off,Off,Normal Encryption,Off,Off,Off,Off,251.1,1,Off,On,Off,Off,Off,Off,1,0,Off,0,2,0,0,0,0,0,0,0,0,0,1
ch00462,NMPVHMA TAC310,145.18000,144.58000,D-Digital,High,12.5K,Off,Off,TAC310,Group Call,310,KC1JMH / Brad Brown,Always,Carrier,Off,1,1,1,Off,1,1,None,None,Off,Off,Off,Off,Normal Encryption,Off,Off,Off,Off,251.1,1,Off,On,Off,Off,Off,Off,1,0,Off,0,2,0,0,0,0,0,0,0,0,0,1
ch00463,NMPVHMA TAC311,145.18000,144.58000,D-Digital,High,12.5K,Off,Off,TAC311,Group Call,311,KC1JMH / Brad Brown,Always,Carrier,Off,1,1,1,Off,1,1,None,None,Off,Off,Off,Off,Normal Encryption,Off,Off,Off,Off,251.1,1,Off,On,Off,Off,Off,Off,1,0,Off,0,2,0,0,0,0,0,0,0,0,0,1
ch00464,NMPVHMA VT SW,145.18000,144.58000,D-Digital,High,12.5K,Off,Off,VT Statewide,Group Call,3150,KC1JMH / Brad Brown,Always,Carrier,Off,1,1,1,Off,1,1,None,None,Off,Off,Off,Off,Normal Encryption,Off,Off,Off,Off,251.1,1,Off,On,Off,Off,Off,Off,1,0,Off,0,2,0,0,0,0,0,0,0,0,0,1
ch00465,NMPVHMA WW,145.18000,144.58000,D-Digital,High,12.5K,Off,Off,WW Call,Group Call,1,KC1JMH / Brad Brown,Always,Carrier,Off,1,1,1,Off,1,1,None,None,Off,Off,Off,Off,Normal Encryption,Off,Off,Off,Off,251.1,1,Off,On,Off,Off,Off,Off,1,0,Off,0,2,0,0,0,0,0,0,0,0,0,1
ch00466,NMPVHMA WW Eng,145.18000,144.58000,D-Digital,High,12.5K,Off,Off,WW English,Group Call,13,KC1JMH / Brad Brown,Always,Carrier,Off,1,1,1,Off,1,1,None,None,Off,Off,Off,Off,Normal Encryption,Off,Off,Off,Off,251.1,1,Off,On,Off,Off,Off,Off,1,0,Off,0,2,0,0,0,0,0,0,0,0,0,1
ch00467,SAGMA CT SW,145.20000,144.60000,D-Digital,High,12.5K,Off,Off,CT Statewide,Group Call,3109,KC1JMH / Brad Brown,Always,Carrier,Off,1,1,1,Off,10,1,None,None,Off,Off,Off,Off,Normal Encryption,Off,Off,Off,Off,251.1,1,Off,On,Off,Off,Off,Off,1,0,Off,0,2,0,0,0,0,0,0,0,0,0,10
ch00468,SAGMA Local,145.20000,144.60000,D-Digital,High,12.5K,Off,Off,Local,Group Call,9,KC1JMH / Brad Brown,Always,Carrier,Off,1,1,1,Off,10,2,None,None,Off,Off,Off,Off,Normal Encryption,Off,Off,Off,Off,251.1,1,Off,On,Off,Off,Off,Off,1,0,Off,0,2,0,0,0,0,0,0,0,0,0,10
ch00469,SAGMA MA SW,145.20000,144.60000,D-Digital,High,12.5K,Off,Off,MA Statewide,Group Call,3125,KC1JMH / Brad Brown,Always,Carrier,Off,1,1,1,Off,10,2,None,None,Off,Off,Off,Off,Normal Encryption,Off,Off,Off,Off,251.1,1,Off,On,Off,Off,Off,Off,1,0,Off,0,2,0,0,0,0,0,0,0,0,0,10
ch00470,SAGMA ME SW,145.20000,144.60000,D-Digital,High,12.5K,Off,Off,ME Statewide,Group Call,3123,KC1JMH / Brad Brown,Always,Carrier,Off,1,1,1,Off,10,1,None,None,Off,Off,Off,Off,Normal Encryption,Off,Off,Off,Off,251.1,1,Off,On,Off,Off,Off,Off,1,0,Off,0,2,0,0,0,0,0,0,0,0,0,10
ch00471,SAGMA NE Wide,145.20000,144.60000,D-Digital,High,12.5K,Off,Off,New England-Wide,Group Call,3181,KC1JMH / Brad Brown,Always,Carrier,Off,1,1,1,Off,10,2,None,None,Off,Off,Off,Off,Normal Encryption,Off,Off,Off,Off,251.1,1,Off,On,Off,Off,Off,Off,1,0,Off,0,2,0,0,0,0,0,0,0,0,0,10
ch00472,SAGMA NETAC1,145.20000,144.60000,D-Digital,High,12.5K,Off,Off,NETAC1,Group Call,8801,KC1JMH / Brad Brown,Always,Carrier,Off,1,1,1,Off,10,1,None,None,Off,Off,Off,Off,Normal Encryption,Off,Off,Off,Off,251.1,1,Off,On,Off,Off,Off,Off,1,0,Off,0,2,0,0,0,0,0,0,0,0,0,10
ch00473,SAGMA NETAC2,145.20000,144.60000,D-Digital,High,12.5K,Off,Off,NETAC2,Group Call,8802,KC1JMH / Brad Brown,Always,Carrier,Off,1,1,1,Off,10,2,None,None,Off,Off,Off,Off,Normal Encryption,Off,Off,Off,Off,251.1,1,Off,On,Off,Off,Off,Off,1,0,Off,0,2,0,0,0,0,0,0,0,0,0,10
ch00474,SAGMA NH SW,145.20000,144.60000,D-Digital,High,12.5K,Off,Off,NH Statewide,Group Call,3133,KC1JMH / Brad Brown,Always,Carrier,Off,1,1,1,Off,10,1,None,None,Off,Off,Off,Off,Normal Encryption,Off,Off,Off,Off,251.1,1,Off,On,Off,Off,Off,Off,1,0,Off,0,2,0,0,0,0,0,0,0,0,0,10
ch00475,SAGMA North Am,145.20000,144.60000,D-Digital,High,12.5K,Off,Off,North America,Group Call,3,KC1JMH / Brad Brown,Always,Carrier,Off,1,1,1,Off,10,1,None,None,Off,Off,Off,Off,Normal Encryption,Off,Off,Off,Off,251.1,1,Off,On,Off,Off,Off,Off,1,0,Off,0,2,0,0,0,0,0,0,0,0,0,10
ch00476,SAGMA Northeast,145.20000,144.60000,D-Digital,High,12.5K,Off,Off,Northeast,Group Call,3172,KC1JMH / Brad Brown,Always,Carrier,Off,1,1,1,Off,10,1,None,None,Off,Off,Off,Off,Normal Encryption,Off,Off,Off,Off,251.1,1,Off,On,Off,Off,Off,Off,1,0,Off,0,2,0,0,0,0,0,0,0,0,0,10
ch00477,SAGMA Parrot,145.20000,144.60000,D-Digital,High,12.5K,Off,Off,Parrot,Group Call,9998,KC1JMH / Brad Brown,Always,Carrier,Off,1,1,1,Off,10,1,None,None,Off,Off,Off,Off,Normal Encryption,Off,Off,Off,Off,251.1,1,Off,On,Off,Off,Off,Off,1,0,Off,0,2,0,0,0,0,0,0,0,0,0,10
ch00478,SAGMA Audio,145.20000,144.60000,D-Digital,High,12.5K,Off,Off,Audio Watch,Group Call,9999,KC1JMH / Brad Brown,Always,Carrier,Off,1,1,1,Off,10,1,None,None,Off,Off,Off,Off,Normal Encryption,Off,Off,Off,Off,251.1,1,Off,On,Off,Off,Off,Off,1,0,Off,0,2,0,0,0,0,0,0,0,0,0,10
ch00479,SAGMA Cape Net,145.20000,144.60000,D-Digital,High,12.5K,Off,Off,Cape Net,Group Call,8804,KC1JMH / Brad Brown,Always,Carrier,Off,1,1,1,Off,10,2,None,None,Off,Off,Off,Off,Normal Encryption,Off,Off,Off,Off,251.1,1,Off,On,Off,Off,Off,Off,1,0,Off,0,2,0,0,0,0,0,0,0,0,0,10
ch00480,SAGMA RI SW,145.20000,144.60000,D-Digital,High,12.5K,Off,Off,RI Statewide,Group Call,3144,KC1JMH / Brad Brown,Always,Carrier,Off,1,1,1,Off,10,1,None,None,Off,Off,Off,Off,Normal Encryption,Off,Off,Off,Off,251.1,1,Off,On,Off,Off,Off,Off,1,0,Off,0,2,0,0,0,0,0,0,0,0,0,10
ch00481,SAGMA SKYWARN,145.20000,144.60000,D-Digital,High,12.5K,Off,Off,SKYWARN,Group Call,759,KC1JMH / Brad Brown,Always,Carrier,Off,1,1,1,Off,10,1,None,None,Off,Off,Off,Off,Normal Encryption,Off,Off,Off,Off,251.1,1,Off,On,Off,Off,Off,Off,1,0,Off,0,2,0,0,0,0,0,0,0,0,0,10
ch00482,SAGMA TAC310,145.20000,144.60000,D-Digital,High,12.5K,Off,Off,TAC310,Group Call,310,KC1JMH / Brad Brown,Always,Carrier,Off,1,1,1,Off,10,1,None,None,Off,Off,Off,Off,Normal Encryption,Off,Off,Off,Off,251.1,1,Off,On,Off,Off,Off,Off,1,0,Off,0,2,0,0,0,0,0,0,0,0,0,10
ch00483,SAGMA TAC311,145.20000,144.60000,D-Digital,High,12.5K,Off,Off,TAC311,Group Call,311,KC1JMH / Brad Brown,Always,Carrier,Off,1,1,1,Off,10,1,None,None,Off,Off,Off,Off,Normal Encryption,Off,Off,Off,Off,251.1,1,Off,On,Off,Off,Off,Off,1,0,Off,0,2,0,0,0,0,0,0,0,0,0,10
ch00484,SAGMA VT SW,145.20000,144.60000,D-Digital,High,12.5K,Off,Off,VT Statewide,Group Call,3150,KC1JMH / Brad Brown,Always,Carrier,Off,1,1,1,Off,10,1,None,None,Off,Off,Off,Off,Normal Encryption,Off,Off,Off,Off,251.1,1,Off,On,Off,Off,Off,Off,1,0,Off,0,2,0,0,0,0,0,0,0,0,0,10
ch00485,SAGMA WW,145.20000,144.60000,D-Digital,High,12.5K,Off,Off,WW Call,Group Call,1,KC1JMH / Brad Brown,Always,Carrier,Off,1,1,1,Off,10,1,None,None,Off,Off,Off,Off,Normal Encryption,Off,Off,Off,Off,251.1,1,Off,On,Off,Off,Off,Off,1,0,Off,0,2,0,0,0,0,0,0,0,0,0,10
ch00486,SAGMA WW Eng,145.20000,144.60000,D-Digital,High,12.5K,Off,Off,WW English,Group Call,13,KC1JMH / Brad Brown,Always,Carrier,Off,1,1,1,Off,10,1,None,None,Off,Off,Off,Off,Normal Encryption,Off,Off,Off,Off,251.1,1,Off,On,Off,Off,Off,Off,1,0,Off,0,2,0,0,0,0,0,0,0,0,0,10
ch00487,SOBUHMA CT SW,448.37500,443.37500,D-Digital,High,12.5K,Off,Off,CT Statewide,Group Call,3109,KC1JMH / Brad Brown,Always,Carrier,Off,1,1,1,Off,1,1,None,None,Off,Off,Off,Off,Normal Encryption,Off,Off,Off,Off,251.1,1,Off,On,Off,Off,Off,Off,1,0,Off,0,2,0,0,0,0,0,0,0,0,0,1
ch00488,SOBUHMA Local,448.37500,443.37500,D-Digital,High,12.5K,Off,Off,Local,Group Call,9,KC1JMH / Brad Brown,Always,Carrier,Off,1,1,1,Off,1,2,None,None,Off,Off,Off,Off,Normal Encryption,Off,Off,Off,Off,251.1,1,Off,On,Off,Off,Off,Off,1,0,Off,0,2,0,0,0,0,0,0,0,0,0,1
ch00489,SOBUHMA MA SW,448.37500,443.37500,D-Digital,High,12.5K,Off,Off,MA Statewide,Group Call,3125,KC1JMH / Brad Brown,Always,Carrier,Off,1,1,1,Off,1,2,None,None,Off,Off,Off,Off,Normal Encryption,Off,Off,Off,Off,251.1,1,Off,On,Off,Off,Off,Off,1,0,Off,0,2,0,0,0,0,0,0,0,0,0,1
ch00490,SOBUHMA ME SW,448.37500,443.37500,D-Digital,High,12.5K,Off,Off,ME Statewide,Group Call,3123,KC1JMH / Brad Brown,Always,Carrier,Off,1,1,1,Off,1,1,None,None,Off,Off,Off,Off,Normal Encryption,Off,Off,Off,Off,251.1,1,Off,On,Off,Off,Off,Off,1,0,Off,0,2,0,0,0,0,0,0,0,0,0,1
ch00491,SOBUHMA NE Wide,448.37500,443.37500,D-Digital,High,12.5K,Off,Off,New England-Wide,Group Call,3181,KC1JMH / Brad Brown,Always,Carrier,Off,1,1,1,Off,1,2,None,None,Off,Off,Off,Off,Normal Encryption,Off,Off,Off,Off,251.1,1,Off,On,Off,Off,Off,Off,1,0,Off,0,2,0,0,0,0,0,0,0,0,0,1
ch00492,SOBUHMA NETAC1,448.37500,443.37500,D-Digital,High,12.5K,Off,Off,NETAC1,Group Call,8801,KC1JMH / Brad Brown,Always,Carrier,Off,1,1,1,Off,1,1,None,None,Off,Off,Off,Off,Normal Encryption,Off,Off,Off,Off,251.1,1,Off,On,Off,Off,Off,Off,1,0,Off,0,2,0,0,0,0,0,0,0,0,0,1
ch00493,SOBUHMA NETAC2,448.37500,443.37500,D-Digital,High,12.5K,Off,Off,NETAC2,Group Call,8802,KC1JMH / Brad Brown,Always,Carrier,Off,1,1,1,Off,1,2,None,None,Off,Off,Off,Off,Normal Encryption,Off,Off,Off,Off,251.1,1,Off,On,Off,Off,Off,Off,1,0,Off,0,2,0,0,0,0,0,0,0,0,0,1
ch00494,SOBUHMA NH SW,448.37500,443.37500,D-Digital,High,12.5K,Off,Off,NH Statewide,Group Call,3133,KC1JMH / Brad Brown,Always,Carrier,Off,1,1,1,Off,1,1,None,None,Off,Off,Off,Off,Normal Encryption,Off,Off,Off,Off,251.1,1,Off,On,Off,Off,Off,Off,1,0,Off,0,2,0,0,0,0,0,0,0,0,0,1
ch00495,SOBUHMA Neast,448.37500,443.37500,D-Digital,High,12.5K,Off,Off,Northeast,Group Call,3172,KC1JMH / Brad Brown,Always,Carrier,Off,1,1,1,Off,1,1,None,None,Off,Off,Off,Off,Normal Encryption,Off,Off,Off,Off,251.1,1,Off,On,Off,Off,Off,Off,1,0,Off,0,2,0,0,0,0,0,0,0,0,0,1
ch00496,SOBUHMA North Am,448.37500,443.37500,D-Digital,High,12.5K,Off,Off,North America,Group Call,3,KC1JMH / Brad Brown,Always,Carrier,Off,1,1,1,Off,1,1,None,None,Off,Off,Off,Off,Normal Encryption,Off,Off,Off,Off,251.1,1,Off,On,Off,Off,Off,Off,1,0,Off,0,2,0,0,0,0,0,0,0,0,0,1
ch00497,SOBUHMA Parrot,448.37500,443.37500,D-Digital,High,12.5K,Off,Off,Parrot,Group Call,9998,KC1JMH / Brad Brown,Always,Carrier,Off,1,1,1,Off,1,1,None,None,Off,Off,Off,Off,Normal Encryption,Off,Off,Off,Off,251.1,1,Off,On,Off,Off,Off,Off,1,0,Off,0,2,0,0,0,0,0,0,0,0,0,1
ch00498,SOBUHMA Audio,448.37500,443.37500,D-Digital,High,12.5K,Off,Off,Audio Watch,Group Call,9999,KC1JMH / Brad Brown,Always,Carrier,Off,1,1,1,Off,1,1,None,None,Off,Off,Off,Off,Normal Encryption,Off,Off,Off,Off,251.1,1,Off,On,Off,Off,Off,Off,1,0,Off,0,2,0,0,0,0,0,0,0,0,0,1
ch00499,SOBUHMA Cape Net,448.37500,443.37500,D-Digital,High,12.5K,Off,Off,Cape Net,Group Call,8804,KC1JMH / Brad Brown,Always,Carrier,Off,1,1,1,Off,1,1,None,None,Off,Off,Off,Off,Normal Encryption,Off,Off,Off,Off,251.1,1,Off,On,Off,Off,Off,Off,1,0,Off,0,2,0,0,0,0,0,0,0,0,0,1
ch00500,SOBUHMA RI SW,448.37500,443.37500,D-Digital,High,12.5K,Off,Off,RI Statewide,Group Call,3144,KC1JMH / Brad Brown,Always,Carrier,Off,1,1,1,Off,1,1,None,None,Off,Off,Off,Off,Normal Encryption,Off,Off,Off,Off,251.1,1,Off,On,Off,Off,Off,Off,1,0,Off,0,2,0,0,0,0,0,0,0,0,0,1
ch00501,SOBUHMA SKYWARN,448.37500,443.37500,D-Digital,High,12.5K,Off,Off,SKYWARN,Group Call,759,KC1JMH / Brad Brown,Always,Carrier,Off,1,1,1,Off,1,1,None,None,Off,Off,Off,Off,Normal Encryption,Off,Off,Off,Off,251.1,1,Off,On,Off,Off,Off,Off,1,0,Off,0,2,0,0,0,0,0,0,0,0,0,1
ch00502,SOBUHMA TAC310,448.37500,443.37500,D-Digital,High,12.5K,Off,Off,TAC310,Group Call,310,KC1JMH / Brad Brown,Always,Carrier,Off,1,1,1,Off,1,1,None,None,Off,Off,Off,Off,Normal Encryption,Off,Off,Off,Off,251.1,1,Off,On,Off,Off,Off,Off,1,0,Off,0,2,0,0,0,0,0,0,0,0,0,1
ch00503,SOBUHMA TAC311,448.37500,443.37500,D-Digital,High,12.5K,Off,Off,TAC311,Group Call,311,KC1JMH / Brad Brown,Always,Carrier,Off,1,1,1,Off,1,1,None,None,Off,Off,Off,Off,Normal Encryption,Off,Off,Off,Off,251.1,1,Off,On,Off,Off,Off,Off,1,0,Off,0,2,0,0,0,0,0,0,0,0,0,1
ch00504,SOBUHMA VT SW,448.37500,443.37500,D-Digital,High,12.5K,Off,Off,VT Statewide,Group Call,3150,KC1JMH / Brad Brown,Always,Carrier,Off,1,1,1,Off,1,1,None,None,Off,Off,Off,Off,Normal Encryption,Off,Off,Off,Off,251.1,1,Off,On,Off,Off,Off,Off,1,0,Off,0,2,0,0,0,0,0,0,0,0,0,1
ch00505,SOBUHMA WW,448.37500,443.37500,D-Digital,High,12.5K,Off,Off,WW Call,Group Call,1,KC1JMH / Brad Brown,Always,Carrier,Off,1,1,1,Off,1,1,None,None,Off,Off,Off,Off,Normal Encryption,Off,Off,Off,Off,251.1,1,Off,On,Off,Off,Off,Off,1,0,Off,0,2,0,0,0,0,0,0,0,0,0,1
ch00506,SOBUHMA WW Eng,448.37500,443.37500,D-Digital,High,12.5K,Off,Off,WW English,Group Call,13,KC1JMH / Brad Brown,Always,Carrier,Off,1,1,1,Off,1,1,None,None,Off,Off,Off,Off,Normal Encryption,Off,Off,Off,Off,251.1,1,Off,On,Off,Off,Off,Off,1,0,Off,0,2,0,0,0,0,0,0,0,0,0,1
ch00507,SOBVHMA CT SW,145.27000,144.67000,D-Digital,High,12.5K,Off,Off,CT Statewide,Group Call,3109,KC1JMH / Brad Brown,Always,Carrier,Off,1,1,1,Off,7,1,None,None,Off,Off,Off,Off,Normal Encryption,Off,Off,Off,Off,251.1,1,Off,On,Off,Off,Off,Off,1,0,Off,0,2,0,0,0,0,0,0,0,0,0,7
ch00508,SOBVHMA Local,145.27000,144.67000,D-Digital,High,12.5K,Off,Off,Local,Group Call,9,KC1JMH / Brad Brown,Always,Carrier,Off,1,1,1,Off,7,2,None,None,Off,Off,Off,Off,Normal Encryption,Off,Off,Off,Off,251.1,1,Off,On,Off,Off,Off,Off,1,0,Off,0,2,0,0,0,0,0,0,0,0,0,7
ch00509,SOBVHMA MA SW,145.27000,144.67000,D-Digital,High,12.5K,Off,Off,MA Statewide,Group Call,3125,KC1JMH / Brad Brown,Always,Carrier,Off,1,1,1,Off,7,2,None,None,Off,Off,Off,Off,Normal Encryption,Off,Off,Off,Off,251.1,1,Off,On,Off,Off,Off,Off,1,0,Off,0,2,0,0,0,0,0,0,0,0,0,7
ch00510,SOBVHMA ME SW,145.27000,144.67000,D-Digital,High,12.5K,Off,Off,ME Statewide,Group Call,3123,KC1JMH / Brad Brown,Always,Carrier,Off,1,1,1,Off,7,1,None,None,Off,Off,Off,Off,Normal Encryption,Off,Off,Off,Off,251.1,1,Off,On,Off,Off,Off,Off,1,0,Off,0,2,0,0,0,0,0,0,0,0,0,7
ch00511,SOBVHMA NE Wide,145.27000,144.67000,D-Digital,High,12.5K,Off,Off,New England-Wide,Group Call,3181,KC1JMH / Brad Brown,Always,Carrier,Off,1,1,1,Off,7,2,None,None,Off,Off,Off,Off,Normal Encryption,Off,Off,Off,Off,251.1,1,Off,On,Off,Off,Off,Off,1,0,Off,0,2,0,0,0,0,0,0,0,0,0,7
ch00512,SOBVHMA NETAC1,145.27000,144.67000,D-Digital,High,12.5K,Off,Off,NETAC1,Group Call,8801,KC1JMH / Brad Brown,Always,Carrier,Off,1,1,1,Off,7,1,None,None,Off,Off,Off,Off,Normal Encryption,Off,Off,Off,Off,251.1,1,Off,On,Off,Off,Off,Off,1,0,Off,0,2,0,0,0,0,0,0,0,0,0,7
ch00513,SOBVHMA NETAC2,145.27000,144.67000,D-Digital,High,12.5K,Off,Off,NETAC2,Group Call,8802,KC1JMH / Brad Brown,Always,Carrier,Off,1,1,1,Off,7,2,None,None,Off,Off,Off,Off,Normal Encryption,Off,Off,Off,Off,251.1,1,Off,On,Off,Off,Off,Off,1,0,Off,0,2,0,0,0,0,0,0,0,0,0,7
ch00514,SOBVHMA NH SW,145.27000,144.67000,D-Digital,High,12.5K,Off,Off,NH Statewide,Group Call,3133,KC1JMH / Brad Brown,Always,Carrier,Off,1,1,1,Off,7,1,None,None,Off,Off,Off,Off,Normal Encryption,Off,Off,Off,Off,251.1,1,Off,On,Off,Off,Off,Off,1,0,Off,0,2,0,0,0,0,0,0,0,0,0,7
ch00515,SOBVHMA Neast,145.27000,144.67000,D-Digital,High,12.5K,Off,Off,Northeast,Group Call,3172,KC1JMH / Brad Brown,Always,Carrier,Off,1,1,1,Off,7,1,None,None,Off,Off,Off,Off,Normal Encryption,Off,Off,Off,Off,251.1,1,Off,On,Off,Off,Off,Off,1,0,Off,0,2,0,0,0,0,0,0,0,0,0,7
ch00516,SOBVHMA North Am,145.27000,144.67000,D-Digital,High,12.5K,Off,Off,North America,Group Call,3,KC1JMH / Brad Brown,Always,Carrier,Off,1,1,1,Off,7,1,None,None,Off,Off,Off,Off,Normal Encryption,Off,Off,Off,Off,251.1,1,Off,On,Off,Off,Off,Off,1,0,Off,0,2,0,0,0,0,0,0,0,0,0,7
ch00517,SOBVHMA Parrot,145.27000,144.67000,D-Digital,High,12.5K,Off,Off,Parrot,Group Call,9998,KC1JMH / Brad Brown,Always,Carrier,Off,1,1,1,Off,7,1,None,None,Off,Off,Off,Off,Normal Encryption,Off,Off,Off,Off,251.1,1,Off,On,Off,Off,Off,Off,1,0,Off,0,2,0,0,0,0,0,0,0,0,0,7
ch00518,SOBVHMA Audio,145.27000,144.67000,D-Digital,High,12.5K,Off,Off,Audio Watch,Group Call,9999,KC1JMH / Brad Brown,Always,Carrier,Off,1,1,1,Off,7,1,None,None,Off,Off,Off,Off,Normal Encryption,Off,Off,Off,Off,251.1,1,Off,On,Off,Off,Off,Off,1,0,Off,0,2,0,0,0,0,0,0,0,0,0,7
ch00519,SOBVHMA Cape Net,145.27000,144.67000,D-Digital,High,12.5K,Off,Off,Cape Net,Group Call,8804,KC1JMH / Brad Brown,Always,Carrier,Off,1,1,1,Off,7,1,None,None,Off,Off,Off,Off,Normal Encryption,Off,Off,Off,Off,251.1,1,Off,On,Off,Off,Off,Off,1,0,Off,0,2,0,0,0,0,0,0,0,0,0,7
ch00520,SOBVHMA RI SW,145.27000,144.67000,D-Digital,High,12.5K,Off,Off,RI Statewide,Group Call,3144,KC1JMH / Brad Brown,Always,Carrier,Off,1,1,1,Off,7,1,None,None,Off,Off,Off,Off,Normal Encryption,Off,Off,Off,Off,251.1,1,Off,On,Off,Off,Off,Off,1,0,Off,0,2,0,0,0,0,0,0,0,0,0,7
ch00521,SOBVHMA SKYWARN,145.27000,144.67000,D-Digital,High,12.5K,Off,Off,SKYWARN,Group Call,759,KC1JMH / Brad Brown,Always,Carrier,Off,1,1,1,Off,7,1,None,None,Off,Off,Off,Off,Normal Encryption,Off,Off,Off,Off,251.1,1,Off,On,Off,Off,Off,Off,1,0,Off,0,2,0,0,0,0,0,0,0,0,0,7
ch00522,SOBVHMA TAC310,145.27000,144.67000,D-Digital,High,12.5K,Off,Off,TAC310,Group Call,310,KC1JMH / Brad Brown,Always,Carrier,Off,1,1,1,Off,7,1,None,None,Off,Off,Off,Off,Normal Encryption,Off,Off,Off,Off,251.1,1,Off,On,Off,Off,Off,Off,1,0,Off,0,2,0,0,0,0,0,0,0,0,0,7
ch00523,SOBVHMA TAC311,145.27000,144.67000,D-Digital,High,12.5K,Off,Off,TAC311,Group Call,311,KC1JMH / Brad Brown,Always,Carrier,Off,1,1,1,Off,7,1,None,None,Off,Off,Off,Off,Normal Encryption,Off,Off,Off,Off,251.1,1,Off,On,Off,Off,Off,Off,1,0,Off,0,2,0,0,0,0,0,0,0,0,0,7
ch00524,SOBVHMA VT SW,145.27000,144.67000,D-Digital,High,12.5K,Off,Off,VT Statewide,Group Call,3150,KC1JMH / Brad Brown,Always,Carrier,Off,1,1,1,Off,7,1,None,None,Off,Off,Off,Off,Normal Encryption,Off,Off,Off,Off,251.1,1,Off,On,Off,Off,Off,Off,1,0,Off,0,2,0,0,0,0,0,0,0,0,0,7
ch00525,SOBVHMA WW,145.27000,144.67000,D-Digital,High,12.5K,Off,Off,WW Call,Group Call,1,KC1JMH / Brad Brown,Always,Carrier,Off,1,1,1,Off,7,1,None,None,Off,Off,Off,Off,Normal Encryption,Off,Off,Off,Off,251.1,1,Off,On,Off,Off,Off,Off,1,0,Off,0,2,0,0,0,0,0,0,0,0,0,7
ch00526,SOBVHMA WW Eng,145.27000,144.67000,D-Digital,High,12.5K,Off,Off,WW English,Group Call,13,KC1JMH / Brad Brown,Always,Carrier,Off,1,1,1,Off,7,1,None,None,Off,Off,Off,Off,Normal Encryption,Off,Off,Off,Off,251.1,1,Off,On,Off,Off,Off,Off,1,0,Off,0,2,0,0,0,0,0,0,0,0,0,7
ch00527,WPLMA CT SW,145.38000,144.78000,D-Digital,High,12.5K,Off,Off,CT Statewide,Group Call,3109,KC1JMH / Brad Brown,Always,Carrier,Off,1,1,1,Off,12,1,None,None,Off,Off,Off,Off,Normal Encryption,Off,Off,Off,Off,251.1,1,Off,On,Off,Off,Off,Off,1,0,Off,0,2,0,0,0,0,0,0,0,0,0,12
ch00528,WPLMA Local,145.38000,144.78000,D-Digital,High,12.5K,Off,Off,Local,Group Call,9,KC1JMH / Brad Brown,Always,Carrier,Off,1,1,1,Off,12,2,None,None,Off,Off,Off,Off,Normal Encryption,Off,Off,Off,Off,251.1,1,Off,On,Off,Off,Off,Off,1,0,Off,0,2,0,0,0,0,0,0,0,0,0,12
ch00529,WPLMA MA SW,145.38000,144.78000,D-Digital,High,12.5K,Off,Off,MA Statewide,Group Call,3125,KC1JMH / Brad Brown,Always,Carrier,Off,1,1,1,Off,12,2,None,None,Off,Off,Off,Off,Normal Encryption,Off,Off,Off,Off,251.1,1,Off,On,Off,Off,Off,Off,1,0,Off,0,2,0,0,0,0,0,0,0,0,0,12
ch00530,WPLMA ME SW,145.38000,144.78000,D-Digital,High,12.5K,Off,Off,ME Statewide,Group Call,3123,KC1JMH / Brad Brown,Always,Carrier,Off,1,1,1,Off,12,1,None,None,Off,Off,Off,Off,Normal Encryption,Off,Off,Off,Off,251.1,1,Off,On,Off,Off,Off,Off,1,0,Off,0,2,0,0,0,0,0,0,0,0,0,12
ch00531,WPLMA NE Wide,145.38000,144.78000,D-Digital,High,12.5K,Off,Off,New England-Wide,Group Call,3181,KC1JMH / Brad Brown,Always,Carrier,Off,1,1,1,Off,12,2,None,None,Off,Off,Off,Off,Normal Encryption,Off,Off,Off,Off,251.1,1,Off,On,Off,Off,Off,Off,1,0,Off,0,2,0,0,0,0,0,0,0,0,0,12
ch00532,WPLMA NETAC1,145.38000,144.78000,D-Digital,High,12.5K,Off,Off,NETAC1,Group Call,8801,KC1JMH / Brad Brown,Always,Carrier,Off,1,1,1,Off,12,1,None,None,Off,Off,Off,Off,Normal Encryption,Off,Off,Off,Off,251.1,1,Off,On,Off,Off,Off,Off,1,0,Off,0,2,0,0,0,0,0,0,0,0,0,12
ch00533,WPLMA NETAC2,145.38000,144.78000,D-Digital,High,12.5K,Off,Off,NETAC2,Group Call,8802,KC1JMH / Brad Brown,Always,Carrier,Off,1,1,1,Off,12,2,None,None,Off,Off,Off,Off,Normal Encryption,Off,Off,Off,Off,251.1,1,Off,On,Off,Off,Off,Off,1,0,Off,0,2,0,0,0,0,0,0,0,0,0,12
ch00534,WPLMA NH SW,145.38000,144.78000,D-Digital,High,12.5K,Off,Off,NH Statewide,Group Call,3133,KC1JMH / Brad Brown,Always,Carrier,Off,1,1,1,Off,12,1,None,None,Off,Off,Off,Off,Normal Encryption,Off,Off,Off,Off,251.1,1,Off,On,Off,Off,Off,Off,1,0,Off,0,2,0,0,0,0,0,0,0,0,0,12
ch00535,WPLMA North Am,145.38000,144.78000,D-Digital,High,12.5K,Off,Off,North America,Group Call,3,KC1JMH / Brad Brown,Always,Carrier,Off,1,1,1,Off,12,1,None,None,Off,Off,Off,Off,Normal Encryption,Off,Off,Off,Off,251.1,1,Off,On,Off,Off,Off,Off,1,0,Off,0,2,0,0,0,0,0,0,0,0,0,12
ch00536,WPLMA Northeast,145.38000,144.78000,D-Digital,High,12.5K,Off,Off,Northeast,Group Call,3172,KC1JMH / Brad Brown,Always,Carrier,Off,1,1,1,Off,12,1,None,None,Off,Off,Off,Off,Normal Encryption,Off,Off,Off,Off,251.1,1,Off,On,Off,Off,Off,Off,1,0,Off,0,2,0,0,0,0,0,0,0,0,0,12
ch00537,WPLMA Parrot,145.38000,144.78000,D-Digital,High,12.5K,Off,Off,Parrot,Group Call,9998,KC1JMH / Brad Brown,Always,Carrier,Off,1,1,1,Off,12,1,None,None,Off,Off,Off,Off,Normal Encryption,Off,Off,Off,Off,251.1,1,Off,On,Off,Off,Off,Off,1,0,Off,0,2,0,0,0,0,0,0,0,0,0,12
ch00538,WPLMA Audio,145.38000,144.78000,D-Digital,High,12.5K,Off,Off,Audio Watch,Group Call,9999,KC1JMH / Brad Brown,Always,Carrier,Off,1,1,1,Off,12,1,None,None,Off,Off,Off,Off,Normal Encryption,Off,Off,Off,Off,251.1,1,Off,On,Off,Off,Off,Off,1,0,Off,0,2,0,0,0,0,0,0,0,0,0,12
ch00539,WPLMA RI SW,145.38000,144.78000,D-Digital,High,12.5K,Off,Off,RI Statewide,Group Call,3144,KC1JMH / Brad Brown,Always,Carrier,Off,1,1,1,Off,12,1,None,None,Off,Off,Off,Off,Normal Encryption,Off,Off,Off,Off,251.1,1,Off,On,Off,Off,Off,Off,1,0,Off,0,2,0,0,0,0,0,0,0,0,0,12
ch00540,WPLMA SKYWARN,145.38000,144.78000,D-Digital,High,12.5K,Off,Off,SKYWARN,Group Call,759,KC1JMH / Brad Brown,Always,Carrier,Off,1,1,1,Off,12,1,None,None,Off,Off,Off,Off,Normal Encryption,Off,Off,Off,Off,251.1,1,Off,On,Off,Off,Off,Off,1,0,Off,0,2,0,0,0,0,0,0,0,0,0,12
ch00541,WPLMA TAC310,145.38000,144.78000,D-Digital,High,12.5K,Off,Off,TAC310,Group Call,310,KC1JMH / Brad Brown,Always,Carrier,Off,1,1,1,Off,12,1,None,None,Off,Off,Off,Off,Normal Encryption,Off,Off,Off,Off,251.1,1,Off,On,Off,Off,Off,Off,1,0,Off,0,2,0,0,0,0,0,0,0,0,0,12
ch00542,WPLMA TAC311,145.38000,144.78000,D-Digital,High,12.5K,Off,Off,TAC311,Group Call,311,KC1JMH / Brad Brown,Always,Carrier,Off,1,1,1,Off,12,1,None,None,Off,Off,Off,Off,Normal Encryption,Off,Off,Off,Off,251.1,1,Off,On,Off,Off,Off,Off,1,0,Off,0,2,0,0,0,0,0,0,0,0,0,12
ch00543,WPLMA VT SW,145.38000,144.78000,D-Digital,High,12.5K,Off,Off,VT Statewide,Group Call,3150,KC1JMH / Brad Brown,Always,Carrier,Off,1,1,1,Off,12,1,None,None,Off,Off,Off,Off,Normal Encryption,Off,Off,Off,Off,251.1,1,Off,On,Off,Off,Off,Off,1,0,Off,0,2,0,0,0,0,0,0,0,0,0,12
ch00544,WPLMA WW,145.38000,144.78000,D-Digital,High,12.5K,Off,Off,WW Call,Group Call,1,KC1JMH / Brad Brown,Always,Carrier,Off,1,1,1,Off,12,1,None,None,Off,Off,Off,Off,Normal Encryption,Off,Off,Off,Off,251.1,1,Off,On,Off,Off,Off,Off,1,0,Off,0,2,0,0,0,0,0,0,0,0,0,12
ch00545,WPLMA WW Eng,145.38000,144.78000,D-Digital,High,12.5K,Off,Off,WW English,Group Call,13,KC1JMH / Brad Brown,Always,Carrier,Off,1,1,1,Off,12,1,None,None,Off,Off,Off,Off,Normal Encryption,Off,Off,Off,Off,251.1,1,Off,On,Off,Off,Off,Off,1,0,Off,0,2,0,0,0,0,0,0,0,0,0,12
ch00546,WLMMA CT SW,146.47000,144.97000,D-Digital,Turbo,12.5K,Off,Off,CT Statewide,Group Call,3109,KC1JMH / Brad Brown,Always,Carrier,Off,1,1,1,Off,10,1,None,None,Off,Off,Off,Off,Normal Encryption,Off,Off,Off,Off,251.1,1,Off,Off,Off,Off,Off,Off,1,0,Off,0,2,0,0,0,0,0,0,0,0,0,10
ch00547,WLMMA Local,146.47000,144.97000,D-Digital,Turbo,12.5K,Off,Off,Local,Group Call,9,KC1JMH / Brad Brown,Always,Carrier,Off,1,1,1,Off,10,2,None,None,Off,Off,Off,Off,Normal Encryption,Off,Off,Off,Off,251.1,1,Off,Off,Off,Off,Off,Off,1,0,Off,0,2,0,0,0,0,0,0,0,0,0,10
ch00548,WLMMA MA SW,146.47000,144.97000,D-Digital,Turbo,12.5K,Off,Off,MA Statewide,Group Call,3125,KC1JMH / Brad Brown,Always,Carrier,Off,1,1,1,Off,10,2,None,None,Off,Off,Off,Off,Normal Encryption,Off,Off,Off,Off,251.1,1,Off,Off,Off,Off,Off,Off,1,0,Off,0,2,0,0,0,0,0,0,0,0,0,10
ch00549,WLMMA ME SW,146.47000,144.97000,D-Digital,Turbo,12.5K,Off,Off,ME Statewide,Group Call,3123,KC1JMH / Brad Brown,Always,Carrier,Off,1,1,1,Off,10,1,None,None,Off,Off,Off,Off,Normal Encryption,Off,Off,Off,Off,251.1,1,Off,Off,Off,Off,Off,Off,1,0,Off,0,2,0,0,0,0,0,0,0,0,0,10
ch00550,WLMMA NE Wide,146.47000,144.97000,D-Digital,Turbo,12.5K,Off,Off,New England-Wide,Group Call,3181,KC1JMH / Brad Brown,Always,Carrier,Off,1,1,1,Off,10,2,None,None,Off,Off,Off,Off,Normal Encryption,Off,Off,Off,Off,251.1,1,Off,Off,Off,Off,Off,Off,1,0,Off,0,2,0,0,0,0,0,0,0,0,0,10
ch00551,WLMMA NETAC1,146.47000,144.97000,D-Digital,Turbo,12.5K,Off,Off,NETAC1,Group Call,8801,KC1JMH / Brad Brown,Always,Carrier,Off,1,1,1,Off,10,1,None,None,Off,Off,Off,Off,Normal Encryption,Off,Off,Off,Off,251.1,1,Off,Off,Off,Off,Off,Off,1,0,Off,0,2,0,0,0,0,0,0,0,0,0,10
ch00552,WLMMA NETAC2,146.47000,144.97000,D-Digital,Turbo,12.5K,Off,Off,NETAC2,Group Call,8802,KC1JMH / Brad Brown,Always,Carrier,Off,1,1,1,Off,10,2,None,None,Off,Off,Off,Off,Normal Encryption,Off,Off,Off,Off,251.1,1,Off,Off,Off,Off,Off,Off,1,0,Off,0,2,0,0,0,0,0,0,0,0,0,10
ch00553,WLMMA NH SW,146.47000,144.97000,D-Digital,Turbo,12.5K,Off,Off,NH Statewide,Group Call,3133,KC1JMH / Brad Brown,Always,Carrier,Off,1,1,1,Off,10,1,None,None,Off,Off,Off,Off,Normal Encryption,Off,Off,Off,Off,251.1,1,Off,Off,Off,Off,Off,Off,1,0,Off,0,2,0,0,0,0,0,0,0,0,0,10
ch00554,WLMMA North Am,146.47000,144.97000,D-Digital,Turbo,12.5K,Off,Off,North America,Group Call,3,KC1JMH / Brad Brown,Always,Carrier,Off,1,1,1,Off,10,1,None,None,Off,Off,Off,Off,Normal Encryption,Off,Off,Off,Off,251.1,1,Off,Off,Off,Off,Off,Off,1,0,Off,0,2,0,0,0,0,0,0,0,0,0,10
ch00555,WLMMA Northeast,146.47000,144.97000,D-Digital,Turbo,12.5K,Off,Off,Northeast,Group Call,3172,KC1JMH / Brad Brown,Always,Carrier,Off,1,1,1,Off,10,1,None,None,Off,Off,Off,Off,Normal Encryption,Off,Off,Off,Off,251.1,1,Off,Off,Off,Off,Off,Off,1,0,Off,0,2,0,0,0,0,0,0,0,0,0,10
ch00556,WLMMA Parrot,146.47000,144.97000,D-Digital,Turbo,12.5K,Off,Off,Parrot,Group Call,9998,KC1JMH / Brad Brown,Always,Carrier,Off,1,1,1,Off,10,1,None,None,Off,Off,Off,Off,Normal Encryption,Off,Off,Off,Off,251.1,1,Off,Off,Off,Off,Off,Off,1,0,Off,0,2,0,0,0,0,0,0,0,0,0,10
ch00557,WLMMA RI SW,146.47000,144.97000,D-Digital,Turbo,12.5K,Off,Off,RI Statewide,Group Call,3144,KC1JMH / Brad Brown,Always,Carrier,Off,1,1,1,Off,10,1,None,None,Off,Off,Off,Off,Normal Encryption,Off,Off,Off,Off,251.1,1,Off,Off,Off,Off,Off,Off,1,0,Off,0,2,0,0,0,0,0,0,0,0,0,10
ch00558,WLMMA SKYWARN,146.47000,144.97000,D-Digital,Turbo,12.5K,Off,Off,SKYWARN,Group Call,759,KC1JMH / Brad Brown,Always,Carrier,Off,1,1,1,Off,10,1,None,None,Off,Off,Off,Off,Normal Encryption,Off,Off,Off,Off,251.1,1,Off,Off,Off,Off,Off,Off,1,0,Off,0,2,0,0,0,0,0,0,0,0,0,10
ch00559,WLMMA TAC310,146.47000,144.97000,D-Digital,Turbo,12.5K,Off,Off,TAC310,Group Call,310,KC1JMH / Brad Brown,Always,Carrier,Off,1,1,1,Off,10,1,None,None,Off,Off,Off,Off,Normal Encryption,Off,Off,Off,Off,251.1,1,Off,Off,Off,Off,Off,Off,1,0,Off,0,2,0,0,0,0,0,0,0,0,0,10
ch00560,WLMMA TAC311,146.47000,144.97000,D-Digital,Turbo,12.5K,Off,Off,TAC311,Group Call,311,KC1JMH / Brad Brown,Always,Carrier,Off,1,1,1,Off,10,1,None,None,Off,Off,Off,Off,Normal Encryption,Off,Off,Off,Off,251.1,1,Off,Off,Off,Off,Off,Off,1,0,Off,0,2,0,0,0,0,0,0,0,0,0,10
ch00561,WLMMA VT SW,146.47000,144.97000,D-Digital,Turbo,12.5K,Off,Off,VT Statewide,Group Call,3150,KC1JMH / Brad Brown,Always,Carrier,Off,1,1,1,Off,10,1,None,None,Off,Off,Off,Off,Normal Encryption,Off,Off,Off,Off,251.1,1,Off,Off,Off,Off,Off,Off,1,0,Off,0,2,0,0,0,0,0,0,0,0,0,10
ch00562,WLMMA WW,146.47000,144.97000,D-Digital,Turbo,12.5K,Off,Off,WW Call,Group Call,1,KC1JMH / Brad Brown,Always,Carrier,Off,1,1,1,Off,10,1,None,None,Off,Off,Off,Off,Normal Encryption,Off,Off,Off,Off,251.1,1,Off,Off,Off,Off,Off,Off,1,0,Off,0,2,0,0,0,0,0,0,0,0,0,10
ch00563,WLMMA Audio,146.47000,144.97000,D-Digital,Turbo,12.5K,Off,Off,Audio Watch,Group Call,9999,KC1JMH / Brad Brown,Always,Carrier,Off,1,1,1,Off,10,1,None,None,Off,Off,Off,Off,Normal Encryption,Off,Off,Off,Off,251.1,1,Off,Off,Off,Off,Off,Off,1,0,Off,0,2,0,0,0,0,0,0,0,0,0,10
ch00564,WRCMA CT SW,442.20000,447.20000,D-Digital,High,12.5K,Off,Off,CT Statewide,Group Call,3109,KC1JMH / Brad Brown,Always,Carrier,Off,1,1,1,Off,1,1,None,None,Off,Off,Off,Off,Normal Encryption,Off,Off,Off,Off,251.1,1,Off,On,Off,Off,Off,Off,1,0,Off,0,2,0,0,0,0,0,0,0,0,0,1
ch00565,WRCMA Local,442.20000,447.20000,D-Digital,High,12.5K,Off,Off,Local,Group Call,9,KC1JMH / Brad Brown,Always,Carrier,Off,1,1,1,Off,1,2,None,None,Off,Off,Off,Off,Normal Encryption,Off,Off,Off,Off,251.1,1,Off,On,Off,Off,Off,Off,1,0,Off,0,2,0,0,0,0,0,0,0,0,0,1
ch00566,WRCMA MA SW,442.20000,447.20000,D-Digital,High,12.5K,Off,Off,MA Statewide,Group Call,3125,KC1JMH / Brad Brown,Always,Carrier,Off,1,1,1,Off,1,2,None,None,Off,Off,Off,Off,Normal Encryption,Off,Off,Off,Off,251.1,1,Off,On,Off,Off,Off,Off,1,0,Off,0,2,0,0,0,0,0,0,0,0,0,1
ch00567,WRCMA ME SW,442.20000,447.20000,D-Digital,High,12.5K,Off,Off,ME Statewide,Group Call,3123,KC1JMH / Brad Brown,Always,Carrier,Off,1,1,1,Off,1,1,None,None,Off,Off,Off,Off,Normal Encryption,Off,Off,Off,Off,251.1,1,Off,On,Off,Off,Off,Off,1,0,Off,0,2,0,0,0,0,0,0,0,0,0,1
ch00568,WRCMA NE Wide,442.20000,447.20000,D-Digital,High,12.5K,Off,Off,New England-Wide,Group Call,3181,KC1JMH / Brad Brown,Always,Carrier,Off,1,1,1,Off,1,2,None,None,Off,Off,Off,Off,Normal Encryption,Off,Off,Off,Off,251.1,1,Off,On,Off,Off,Off,Off,1,0,Off,0,2,0,0,0,0,0,0,0,0,0,1
ch00569,WRCMA NETAC1,442.20000,447.20000,D-Digital,High,12.5K,Off,Off,NETAC1,Group Call,8801,KC1JMH / Brad Brown,Always,Carrier,Off,1,1,1,Off,1,1,None,None,Off,Off,Off,Off,Normal Encryption,Off,Off,Off,Off,251.1,1,Off,On,Off,Off,Off,Off,1,0,Off,0,2,0,0,0,0,0,0,0,0,0,1
ch00570,WRCMA NETAC2,442.20000,447.20000,D-Digital,High,12.5K,Off,Off,NETAC2,Group Call,8802,KC1JMH / Brad Brown,Always,Carrier,Off,1,1,1,Off,1,2,None,None,Off,Off,Off,Off,Normal Encryption,Off,Off,Off,Off,251.1,1,Off,On,Off,Off,Off,Off,1,0,Off,0,2,0,0,0,0,0,0,0,0,0,1
ch00571,WRCMA NH SW,442.20000,447.20000,D-Digital,High,12.5K,Off,Off,NH Statewide,Group Call,3133,KC1JMH / Brad Brown,Always,Carrier,Off,1,1,1,Off,1,1,None,None,Off,Off,Off,Off,Normal Encryption,Off,Off,Off,Off,251.1,1,Off,On,Off,Off,Off,Off,1,0,Off,0,2,0,0,0,0,0,0,0,0,0,1
ch00572,WRCMA North Am,442.20000,447.20000,D-Digital,High,12.5K,Off,Off,North America,Group Call,3,KC1JMH / Brad Brown,Always,Carrier,Off,1,1,1,Off,1,1,None,None,Off,Off,Off,Off,Normal Encryption,Off,Off,Off,Off,251.1,1,Off,On,Off,Off,Off,Off,1,0,Off,0,2,0,0,0,0,0,0,0,0,0,1
ch00573,WRCMA Northeast,442.20000,447.20000,D-Digital,High,12.5K,Off,Off,Northeast,Group Call,3172,KC1JMH / Brad Brown,Always,Carrier,Off,1,1,1,Off,1,1,None,None,Off,Off,Off,Off,Normal Encryption,Off,Off,Off,Off,251.1,1,Off,On,Off,Off,Off,Off,1,0,Off,0,2,0,0,0,0,0,0,0,0,0,1
ch00574,WRCMA Parrot,442.20000,447.20000,D-Digital,High,12.5K,Off,Off,Parrot,Group Call,9998,KC1JMH / Brad Brown,Always,Carrier,Off,1,1,1,Off,1,1,None,None,Off,Off,Off,Off,Normal Encryption,Off,Off,Off,Off,251.1,1,Off,On,Off,Off,Off,Off,1,0,Off,0,2,0,0,0,0,0,0,0,0,0,1
ch00575,WRCMA Audio,442.20000,447.20000,D-Digital,High,12.5K,Off,Off,Audio Watch,Group Call,9999,KC1JMH / Brad Brown,Always,Carrier,Off,1,1,1,Off,1,1,None,None,Off,Off,Off,Off,Normal Encryption,Off,Off,Off,Off,251.1,1,Off,On,Off,Off,Off,Off,1,0,Off,0,2,0,0,0,0,0,0,0,0,0,1
ch00576,WRCMA RI SW,442.20000,447.20000,D-Digital,High,12.5K,Off,Off,RI Statewide,Group Call,3144,KC1JMH / Brad Brown,Always,Carrier,Off,1,1,1,Off,1,1,None,None,Off,Off,Off,Off,Normal Encryption,Off,Off,Off,Off,251.1,1,Off,On,Off,Off,Off,Off,1,0,Off,0,2,0,0,0,0,0,0,0,0,0,1
ch00577,WRCMA SKYWARN,442.20000,447.20000,D-Digital,High,12.5K,Off,Off,SKYWARN,Group Call,759,KC1JMH / Brad Brown,Always,Carrier,Off,1,1,1,Off,1,1,None,None,Off,Off,Off,Off,Normal Encryption,Off,Off,Off,Off,251.1,1,Off,On,Off,Off,Off,Off,1,0,Off,0,2,0,0,0,0,0,0,0,0,0,1
ch00578,WRCMA TAC310,442.20000,447.20000,D-Digital,High,12.5K,Off,Off,TAC310,Group Call,310,KC1JMH / Brad Brown,Always,Carrier,Off,1,1,1,Off,1,1,None,None,Off,Off,Off,Off,Normal Encryption,Off,Off,Off,Off,251.1,1,Off,On,Off,Off,Off,Off,1,0,Off,0,2,0,0,0,0,0,0,0,0,0,1
ch00579,WRCMA TAC311,442.20000,447.20000,D-Digital,High,12.5K,Off,Off,TAC311,Group Call,311,KC1JMH / Brad Brown,Always,Carrier,Off,1,1,1,Off,1,1,None,None,Off,Off,Off,Off,Normal Encryption,Off,Off,Off,Off,251.1,1,Off,On,Off,Off,Off,Off,1,0,Off,0,2,0,0,0,0,0,0,0,0,0,1
ch00580,WRCMA VT SW,442.20000,447.20000,D-Digital,High,12.5K,Off,Off,VT Statewide,Group Call,3150,KC1JMH / Brad Brown,Always,Carrier,Off,1,1,1,Off,1,1,None,None,Off,Off,Off,Off,Normal Encryption,Off,Off,Off,Off,251.1,1,Off,On,Off,Off,Off,Off,1,0,Off,0,2,0,0,0,0,0,0,0,0,0,1
ch00581,WRCMA WW,442.20000,447.20000,D-Digital,High,12.5K,Off,Off,WW Call,Group Call,1,KC1JMH / Brad Brown,Always,Carrier,Off,1,1,1,Off,1,1,None,None,Off,Off,Off,Off,Normal Encryption,Off,Off,Off,Off,251.1,1,Off,On,Off,Off,Off,Off,1,0,Off,0,2,0,0,0,0,0,0,0,0,0,1
ch00582,WRCMA WW Eng,442.20000,447.20000,D-Digital,High,12.5K,Off,Off,WW English,Group Call,13,KC1JMH / Brad Brown,Always,Carrier,Off,1,1,1,Off,1,1,None,None,Off,Off,Off,Off,Normal Encryption,Off,Off,Off,Off,251.1,1,Off,On,Off,Off,Off,Off,1,0,Off,0,2,0,0,0,0,0,0,0,0,0,1
ch00583,AUGME Local,145.24000,144.64000,D-Digital,High,12.5K,Off,Off,Local,Group Call,9,KC1JMH / Brad Brown,Always,Carrier,Off,1,1,1,Off,12,2,None,None,Off,Off,Off,Off,Normal Encryption,Off,Off,Off,Off,251.1,1,Off,On,Off,Off,Off,Off,1,0,Off,0,2,0,0,0,0,0,0,0,0,0,12
ch00584,AUGME ME Event 1,145.24000,144.64000,D-Digital,High,12.5K,Off,Off,ME Event 1,Group Call,31231,KC1JMH / Brad Brown,Always,Carrier,Off,1,1,1,Off,12,1,None,None,Off,Off,Off,Off,Normal Encryption,Off,Off,Off,Off,251.1,1,Off,On,Off,Off,Off,Off,1,0,Off,0,2,0,0,0,0,0,0,0,0,0,12
ch00585,AUGME ME Event 2,145.24000,144.64000,D-Digital,High,12.5K,Off,Off,ME Event 2,Group Call,31232,KC1JMH / Brad Brown,Always,Carrier,Off,1,1,1,Off,12,2,None,None,Off,Off,Off,Off,Normal Encryption,Off,Off,Off,Off,251.1,1,Off,On,Off,Off,Off,Off,1,0,Off,0,2,0,0,0,0,0,0,0,0,0,12
ch00586,AUGME ME SW,145.24000,144.64000,D-Digital,High,12.5K,Off,Off,ME Statewide,Group Call,3123,KC1JMH / Brad Brown,Always,Carrier,Off,1,1,1,Off,12,2,None,None,Off,Off,Off,Off,Normal Encryption,Off,Off,Off,Off,251.1,1,Off,On,Off,Off,Off,Off,1,0,Off,0,2,0,0,0,0,0,0,0,0,0,12
ch00587,AUGME NE Wide,145.24000,144.64000,D-Digital,High,12.5K,Off,Off,New England-Wide,Group Call,3181,KC1JMH / Brad Brown,Always,Carrier,Off,1,1,1,Off,12,2,None,None,Off,Off,Off,Off,Normal Encryption,Off,Off,Off,Off,251.1,1,Off,On,Off,Off,Off,Off,1,0,Off,0,2,0,0,0,0,0,0,0,0,0,12
ch00588,AUGME NETAC1,145.24000,144.64000,D-Digital,High,12.5K,Off,Off,NETAC1,Group Call,8801,KC1JMH / Brad Brown,Always,Carrier,Off,1,1,1,Off,12,1,None,None,Off,Off,Off,Off,Normal Encryption,Off,Off,Off,Off,251.1,1,Off,On,Off,Off,Off,Off,1,0,Off,0,2,0,0,0,0,0,0,0,0,0,12
ch00589,AUGME NETAC2,145.24000,144.64000,D-Digital,High,12.5K,Off,Off,NETAC2,Group Call,8802,KC1JMH / Brad Brown,Always,Carrier,Off,1,1,1,Off,12,2,None,None,Off,Off,Off,Off,Normal Encryption,Off,Off,Off,Off,251.1,1,Off,On,Off,Off,Off,Off,1,0,Off,0,2,0,0,0,0,0,0,0,0,0,12
ch00590,AUGME NH SW,145.24000,144.64000,D-Digital,High,12.5K,Off,Off,NH Statewide,Group Call,3133,KC1JMH / Brad Brown,Always,Carrier,Off,1,1,1,Off,12,1,None,None,Off,Off,Off,Off,Normal Encryption,Off,Off,Off,Off,251.1,1,Off,On,Off,Off,Off,Off,1,0,Off,0,2,0,0,0,0,0,0,0,0,0,12
ch00591,AUGME North Am,145.24000,144.64000,D-Digital,High,12.5K,Off,Off,North America,Group Call,3,KC1JMH / Brad Brown,Always,Carrier,Off,1,1,1,Off,12,1,None,None,Off,Off,Off,Off,Normal Encryption,Off,Off,Off,Off,251.1,1,Off,On,Off,Off,Off,Off,1,0,Off,0,2,0,0,0,0,0,0,0,0,0,12
ch00592,AUGME Northeast,145.24000,144.64000,D-Digital,High,12.5K,Off,Off,Northeast,Group Call,3172,KC1JMH / Brad Brown,Always,Carrier,Off,1,1,1,Off,12,1,None,None,Off,Off,Off,Off,Normal Encryption,Off,Off,Off,Off,251.1,1,Off,On,Off,Off,Off,Off,1,0,Off,0,2,0,0,0,0,0,0,0,0,0,12
ch00593,AUGME Parrot,145.24000,144.64000,D-Digital,High,12.5K,Off,Off,Parrot,Group Call,9998,KC1JMH / Brad Brown,Always,Carrier,Off,1,1,1,Off,12,1,None,None,Off,Off,Off,Off,Normal Encryption,Off,Off,Off,Off,251.1,1,Off,On,Off,Off,Off,Off,1,0,Off,0,2,0,0,0,0,0,0,0,0,0,12
ch00594,AUGME Reg North,145.24000,144.64000,D-Digital,High,12.5K,Off,Off,Region North,Group Call,8,KC1JMH / Brad Brown,Always,Carrier,Off,1,1,1,Off,12,2,None,None,Off,Off,Off,Off,Normal Encryption,Off,Off,Off,Off,251.1,1,Off,On,Off,Off,Off,Off,1,0,Off,0,2,0,0,0,0,0,0,0,0,0,12
ch00595,AUGME SKYWARN,145.24000,144.64000,D-Digital,High,12.5K,Off,Off,SKYWARN,Group Call,759,KC1JMH / Brad Brown,Always,Carrier,Off,1,1,1,Off,12,1,None,None,Off,Off,Off,Off,Normal Encryption,Off,Off,Off,Off,251.1,1,Off,On,Off,Off,Off,Off,1,0,Off,0,2,0,0,0,0,0,0,0,0,0,12
ch00596,AUGME TAC310,145.24000,144.64000,D-Digital,High,12.5K,Off,Off,TAC310,Group Call,310,KC1JMH / Brad Brown,Always,Carrier,Off,1,1,1,Off,12,1,None,None,Off,Off,Off,Off,Normal Encryption,Off,Off,Off,Off,251.1,1,Off,On,Off,Off,Off,Off,1,0,Off,0,2,0,0,0,0,0,0,0,0,0,12
ch00597,AUGME TAC311,145.24000,144.64000,D-Digital,High,12.5K,Off,Off,TAC311,Group Call,311,KC1JMH / Brad Brown,Always,Carrier,Off,1,1,1,Off,12,1,None,None,Off,Off,Off,Off,Normal Encryption,Off,Off,Off,Off,251.1,1,Off,On,Off,Off,Off,Off,1,0,Off,0,2,0,0,0,0,0,0,0,0,0,12
ch00598,AUGME UA Eng1,145.24000,144.64000,D-Digital,High,12.5K,Off,Off,UA English 1-113,Group Call,113,KC1JMH / Brad Brown,Always,Carrier,Off,1,1,1,Off,12,1,None,None,Off,Off,Off,Off,Normal Encryption,Off,Off,Off,Off,251.1,1,Off,On,Off,Off,Off,Off,1,0,Off,0,2,0,0,0,0,0,0,0,0,0,12
ch00599,AUGME UA Eng2,145.24000,144.64000,D-Digital,High,12.5K,Off,Off,UA English 2-123,Group Call,123,KC1JMH / Brad Brown,Always,Carrier,Off,1,1,1,Off,12,1,None,None,Off,Off,Off,Off,Normal Encryption,Off,Off,Off,Off,251.1,1,Off,On,Off,Off,Off,Off,1,0,Off,0,2,0,0,0,0,0,0,0,0,0,12
ch00600,AUGME WW,145.24000,144.64000,D-Digital,High,12.5K,Off,Off,WW Call,Group Call,1,KC1JMH / Brad Brown,Always,Carrier,Off,1,1,1,Off,12,1,None,None,Off,Off,Off,Off,Normal Encryption,Off,Off,Off,Off,251.1,1,Off,On,Off,Off,Off,Off,1,0,Off,0,2,0,0,0,0,0,0,0,0,0,12
ch00601,AUGME WW Eng,145.24000,144.64000,D-Digital,High,12.5K,Off,Off,WW English,Group Call,13,KC1JMH / Brad Brown,Always,Carrier,Off,1,1,1,Off,12,1,None,None,Off,Off,Off,Off,Normal Encryption,Off,Off,Off,Off,251.1,1,Off,On,Off,Off,Off,Off,1,0,Off,0,2,0,0,0,0,0,0,0,0,0,12
ch00602,AUGME Audio,145.24000,144.64000,D-Digital,High,12.5K,Off,Off,Audio Watch,Group Call,9999,KC1JMH / Brad Brown,Always,Carrier,Off,1,1,1,Off,12,1,None,None,Off,Off,Off,Off,Normal Encryption,Off,Off,Off,Off,251.1,1,Off,On,Off,Off,Off,Off,1,0,Off,0,2,0,0,0,0,0,0,0,0,0,12
ch00603,AUGME TAC312,145.24000,144.64000,D-Digital,High,12.5K,Off,Off,TAC312,Group Call,312,KC1JMH / Brad Brown,Always,Carrier,Off,1,1,1,Off,12,1,None,None,Off,Off,Off,Off,Normal Encryption,Off,Off,Off,Off,251.1,1,Off,On,Off,Off,Off,Off,1,0,Off,0,2,0,0,0,0,0,0,0,0,0,12
ch00604,AUGME CT SW,145.24000,144.64000,D-Digital,High,12.5K,Off,Off,CT Statewide,Group Call,3109,KC1JMH / Brad Brown,Always,Carrier,Off,1,1,1,Off,12,1,None,None,Off,Off,Off,Off,Normal Encryption,Off,Off,Off,Off,251.1,1,Off,On,Off,Off,Off,Off,1,0,Off,0,2,0,0,0,0,0,0,0,0,0,12
ch00605,AUGME MA SW,145.24000,144.64000,D-Digital,High,12.5K,Off,Off,MA Statewide,Group Call,3125,KC1JMH / Brad Brown,Always,Carrier,Off,1,1,1,Off,12,1,None,None,Off,Off,Off,Off,Normal Encryption,Off,Off,Off,Off,251.1,1,Off,On,Off,Off,Off,Off,1,0,Off,0,2,0,0,0,0,0,0,0,0,0,12
ch00606,AUGME RI SW,145.24000,144.64000,D-Digital,High,12.5K,Off,Off,RI Statewide,Group Call,3144,KC1JMH / Brad Brown,Always,Carrier,Off,1,1,1,Off,12,1,None,None,Off,Off,Off,Off,Normal Encryption,Off,Off,Off,Off,251.1,1,Off,On,Off,Off,Off,Off,1,0,Off,0,2,0,0,0,0,0,0,0,0,0,12
ch00607,AUGME VT SW,145.24000,144.64000,D-Digital,High,12.5K,Off,Off,VT Statewide,Group Call,3150,KC1JMH / Brad Brown,Always,Carrier,Off,1,1,1,Off,12,1,None,None,Off,Off,Off,Off,Normal Encryption,Off,Off,Off,Off,251.1,1,Off,On,Off,Off,Off,Off,1,0,Off,0,2,0,0,0,0,0,0,0,0,0,12
ch00608,BBYME Local,145.20000,144.60000,D-Digital,High,12.5K,Off,Off,Local,Group Call,9,KC1JMH / Brad Brown,Always,Carrier,Off,1,1,1,Off,12,2,None,None,Off,Off,Off,Off,Normal Encryption,Off,Off,Off,Off,251.1,1,Off,On,Off,Off,Off,Off,1,0,Off,0,2,0,0,0,0,0,0,0,0,0,12
ch00609,BBYME ME Event 1,145.20000,144.60000,D-Digital,High,12.5K,Off,Off,ME Event 1,Group Call,31231,KC1JMH / Brad Brown,Always,Carrier,Off,1,1,1,Off,12,1,None,None,Off,Off,Off,Off,Normal Encryption,Off,Off,Off,Off,251.1,1,Off,On,Off,Off,Off,Off,1,0,Off,0,2,0,0,0,0,0,0,0,0,0,12
ch00610,BBYME ME Event 2,145.20000,144.60000,D-Digital,High,12.5K,Off,Off,ME Event 2,Group Call,31232,KC1JMH / Brad Brown,Always,Carrier,Off,1,1,1,Off,12,2,None,None,Off,Off,Off,Off,Normal Encryption,Off,Off,Off,Off,251.1,1,Off,On,Off,Off,Off,Off,1,0,Off,0,2,0,0,0,0,0,0,0,0,0,12
ch00611,BBYME ME SW,145.20000,144.60000,D-Digital,High,12.5K,Off,Off,ME Statewide,Group Call,3123,KC1JMH / Brad Brown,Always,Carrier,Off,1,1,1,Off,12,2,None,None,Off,Off,Off,Off,Normal Encryption,Off,Off,Off,Off,251.1,1,Off,On,Off,Off,Off,Off,1,0,Off,0,2,0,0,0,0,0,0,0,0,0,12
ch00612,BBYME NE Wide,145.20000,144.60000,D-Digital,High,12.5K,Off,Off,New England-Wide,Group Call,3181,KC1JMH / Brad Brown,Always,Carrier,Off,1,1,1,Off,12,2,None,None,Off,Off,Off,Off,Normal Encryption,Off,Off,Off,Off,251.1,1,Off,On,Off,Off,Off,Off,1,0,Off,0,2,0,0,0,0,0,0,0,0,0,12
ch00613,BBYME NETAC1,145.20000,144.60000,D-Digital,High,12.5K,Off,Off,NETAC1,Group Call,8801,KC1JMH / Brad Brown,Always,Carrier,Off,1,1,1,Off,12,1,None,None,Off,Off,Off,Off,Normal Encryption,Off,Off,Off,Off,251.1,1,Off,On,Off,Off,Off,Off,1,0,Off,0,2,0,0,0,0,0,0,0,0,0,12
ch00614,BBYME NETAC2,145.20000,144.60000,D-Digital,High,12.5K,Off,Off,NETAC2,Group Call,8802,KC1JMH / Brad Brown,Always,Carrier,Off,1,1,1,Off,12,2,None,None,Off,Off,Off,Off,Normal Encryption,Off,Off,Off,Off,251.1,1,Off,On,Off,Off,Off,Off,1,0,Off,0,2,0,0,0,0,0,0,0,0,0,12
ch00615,BBYME NH SW,145.20000,144.60000,D-Digital,High,12.5K,Off,Off,NH Statewide,Group Call,3133,KC1JMH / Brad Brown,Always,Carrier,Off,1,1,1,Off,12,2,None,None,Off,Off,Off,Off,Normal Encryption,Off,Off,Off,Off,251.1,1,Off,On,Off,Off,Off,Off,1,0,Off,0,2,0,0,0,0,0,0,0,0,0,12
ch00616,BBYME North Am,145.20000,144.60000,D-Digital,High,12.5K,Off,Off,North America,Group Call,3,KC1JMH / Brad Brown,Always,Carrier,Off,1,1,1,Off,12,1,None,None,Off,Off,Off,Off,Normal Encryption,Off,Off,Off,Off,251.1,1,Off,On,Off,Off,Off,Off,1,0,Off,0,2,0,0,0,0,0,0,0,0,0,12
ch00617,BBYME Northeast,145.20000,144.60000,D-Digital,High,12.5K,Off,Off,Northeast,Group Call,3172,KC1JMH / Brad Brown,Always,Carrier,Off,1,1,1,Off,12,1,None,None,Off,Off,Off,Off,Normal Encryption,Off,Off,Off,Off,251.1,1,Off,On,Off,Off,Off,Off,1,0,Off,0,2,0,0,0,0,0,0,0,0,0,12
ch00618,BBYME Parrot,145.20000,144.60000,D-Digital,High,12.5K,Off,Off,Parrot,Group Call,9998,KC1JMH / Brad Brown,Always,Carrier,Off,1,1,1,Off,12,1,None,None,Off,Off,Off,Off,Normal Encryption,Off,Off,Off,Off,251.1,1,Off,On,Off,Off,Off,Off,1,0,Off,0,2,0,0,0,0,0,0,0,0,0,12
ch00619,BBYME Reg North,145.20000,144.60000,D-Digital,High,12.5K,Off,Off,Region North,Group Call,8,KC1JMH / Brad Brown,Always,Carrier,Off,1,1,1,Off,12,2,None,None,Off,Off,Off,Off,Normal Encryption,Off,Off,Off,Off,251.1,1,Off,On,Off,Off,Off,Off,1,0,Off,0,2,0,0,0,0,0,0,0,0,0,12
ch00620,BBYME SKYWARN,145.20000,144.60000,D-Digital,High,12.5K,Off,Off,SKYWARN,Group Call,759,KC1JMH / Brad Brown,Always,Carrier,Off,1,1,1,Off,12,1,None,None,Off,Off,Off,Off,Normal Encryption,Off,Off,Off,Off,251.1,1,Off,On,Off,Off,Off,Off,1,0,Off,0,2,0,0,0,0,0,0,0,0,0,12
ch00621,BBYME TAC310,145.20000,144.60000,D-Digital,High,12.5K,Off,Off,TAC310,Group Call,310,KC1JMH / Brad Brown,Always,Carrier,Off,1,1,1,Off,12,1,None,None,Off,Off,Off,Off,Normal Encryption,Off,Off,Off,Off,251.1,1,Off,On,Off,Off,Off,Off,1,0,Off,0,2,0,0,0,0,0,0,0,0,0,12
ch00622,BBYME TAC311,145.20000,144.60000,D-Digital,High,12.5K,Off,Off,TAC311,Group Call,311,KC1JMH / Brad Brown,Always,Carrier,Off,1,1,1,Off,12,1,None,None,Off,Off,Off,Off,Normal Encryption,Off,Off,Off,Off,251.1,1,Off,On,Off,Off,Off,Off,1,0,Off,0,2,0,0,0,0,0,0,0,0,0,12
ch00623,BBYME UA Eng1,145.20000,144.60000,D-Digital,High,12.5K,Off,Off,UA English 1-113,Group Call,113,KC1JMH / Brad Brown,Always,Carrier,Off,1,1,1,Off,12,1,None,None,Off,Off,Off,Off,Normal Encryption,Off,Off,Off,Off,251.1,1,Off,On,Off,Off,Off,Off,1,0,Off,0,2,0,0,0,0,0,0,0,0,0,12
ch00624,BBYME UA Eng2,145.20000,144.60000,D-Digital,High,12.5K,Off,Off,UA English 2-123,Group Call,123,KC1JMH / Brad Brown,Always,Carrier,Off,1,1,1,Off,12,1,None,None,Off,Off,Off,Off,Normal Encryption,Off,Off,Off,Off,251.1,1,Off,On,Off,Off,Off,Off,1,0,Off,0,2,0,0,0,0,0,0,0,0,0,12
ch00625,BBYME WW,145.20000,144.60000,D-Digital,High,12.5K,Off,Off,WW Call,Group Call,1,KC1JMH / Brad Brown,Always,Carrier,Off,1,1,1,Off,12,1,None,None,Off,Off,Off,Off,Normal Encryption,Off,Off,Off,Off,251.1,1,Off,On,Off,Off,Off,Off,1,0,Off,0,2,0,0,0,0,0,0,0,0,0,12
ch00626,BBYME WW Eng,145.20000,144.60000,D-Digital,High,12.5K,Off,Off,WW English,Group Call,13,KC1JMH / Brad Brown,Always,Carrier,Off,1,1,1,Off,12,1,None,None,Off,Off,Off,Off,Normal Encryption,Off,Off,Off,Off,251.1,1,Off,On,Off,Off,Off,Off,1,0,Off,0,2,0,0,0,0,0,0,0,0,0,12
ch00627,BGTME CT SW,145.16000,144.56000,D-Digital,Turbo,12.5K,Off,Off,CT Statewide,Group Call,3109,KC1JMH / Brad Brown,Always,Carrier,Off,1,1,1,Off,12,1,None,None,Off,Off,Off,Off,Normal Encryption,Off,Off,Off,Off,251.1,1,Off,Off,Off,Off,Off,Off,1,0,Off,0,2,0,0,0,0,0,0,0,0,0,12
ch00628,BGTME Local,145.16000,144.56000,D-Digital,Turbo,12.5K,Off,Off,Local,Group Call,9,KC1JMH / Brad Brown,Always,Carrier,Off,1,1,1,Off,12,2,None,None,Off,Off,Off,Off,Normal Encryption,Off,Off,Off,Off,251.1,1,Off,Off,Off,Off,Off,Off,1,0,Off,0,2,0,0,0,0,0,0,0,0,0,12
ch00629,BGTME MA SW,145.16000,144.56000,D-Digital,Turbo,12.5K,Off,Off,MA Statewide,Group Call,3125,KC1JMH / Brad Brown,Always,Carrier,Off,1,1,1,Off,12,1,None,None,Off,Off,Off,Off,Normal Encryption,Off,Off,Off,Off,251.1,1,Off,Off,Off,Off,Off,Off,1,0,Off,0,2,0,0,0,0,0,0,0,0,0,12
ch00630,BGTME ME Event 1,145.16000,144.56000,D-Digital,Turbo,12.5K,Off,Off,ME Event 1,Group Call,31231,KC1JMH / Brad Brown,Always,Carrier,Off,1,1,1,Off,12,1,None,None,Off,Off,Off,Off,Normal Encryption,Off,Off,Off,Off,251.1,1,Off,Off,Off,Off,Off,Off,1,0,Off,0,2,0,0,0,0,0,0,0,0,0,12
ch00631,BGTME ME Event 2,145.16000,144.56000,D-Digital,Turbo,12.5K,Off,Off,ME Event 2,Group Call,31232,KC1JMH / Brad Brown,Always,Carrier,Off,1,1,1,Off,12,2,None,None,Off,Off,Off,Off,Normal Encryption,Off,Off,Off,Off,251.1,1,Off,Off,Off,Off,Off,Off,1,0,Off,0,2,0,0,0,0,0,0,0,0,0,12
ch00632,BGTME ME SW,145.16000,144.56000,D-Digital,Turbo,12.5K,Off,Off,ME Statewide,Group Call,3123,KC1JMH / Brad Brown,Always,Carrier,Off,1,1,1,Off,12,2,None,None,Off,Off,Off,Off,Normal Encryption,Off,Off,Off,Off,251.1,1,Off,Off,Off,Off,Off,Off,1,0,Off,0,2,0,0,0,0,0,0,0,0,0,12
ch00633,BGTME NE Wide,145.16000,144.56000,D-Digital,Turbo,12.5K,Off,Off,New England-Wide,Group Call,3181,KC1JMH / Brad Brown,Always,Carrier,Off,1,1,1,Off,12,2,None,None,Off,Off,Off,Off,Normal Encryption,Off,Off,Off,Off,251.1,1,Off,Off,Off,Off,Off,Off,1,0,Off,0,2,0,0,0,0,0,0,0,0,0,12
ch00634,BGTME NETAC1,145.16000,144.56000,D-Digital,Turbo,12.5K,Off,Off,NETAC1,Group Call,8801,KC1JMH / Brad Brown,Always,Carrier,Off,1,1,1,Off,12,1,None,None,Off,Off,Off,Off,Normal Encryption,Off,Off,Off,Off,251.1,1,Off,Off,Off,Off,Off,Off,1,0,Off,0,2,0,0,0,0,0,0,0,0,0,12
ch00635,BGTME NETAC2,145.16000,144.56000,D-Digital,Turbo,12.5K,Off,Off,NETAC2,Group Call,8802,KC1JMH / Brad Brown,Always,Carrier,Off,1,1,1,Off,12,2,None,None,Off,Off,Off,Off,Normal Encryption,Off,Off,Off,Off,251.1,1,Off,Off,Off,Off,Off,Off,1,0,Off,0,2,0,0,0,0,0,0,0,0,0,12
ch00636,BGTME NH SW,145.16000,144.56000,D-Digital,Turbo,12.5K,Off,Off,NH Statewide,Group Call,3133,KC1JMH / Brad Brown,Always,Carrier,Off,1,1,1,Off,12,2,None,None,Off,Off,Off,Off,Normal Encryption,Off,Off,Off,Off,251.1,1,Off,Off,Off,Off,Off,Off,1,0,Off,0,2,0,0,0,0,0,0,0,0,0,12
ch00637,BGTME North Am,145.16000,144.56000,D-Digital,Turbo,12.5K,Off,Off,North America,Group Call,3,KC1JMH / Brad Brown,Always,Carrier,Off,1,1,1,Off,12,1,None,None,Off,Off,Off,Off,Normal Encryption,Off,Off,Off,Off,251.1,1,Off,Off,Off,Off,Off,Off,1,0,Off,0,2,0,0,0,0,0,0,0,0,0,12
ch00638,BGTME Northeast,145.16000,144.56000,D-Digital,Turbo,12.5K,Off,Off,Northeast,Group Call,3172,KC1JMH / Brad Brown,Always,Carrier,Off,1,1,1,Off,12,1,None,None,Off,Off,Off,Off,Normal Encryption,Off,Off,Off,Off,251.1,1,Off,Off,Off,Off,Off,Off,1,0,Off,0,2,0,0,0,0,0,0,0,0,0,12
ch00639,BGTME Parrot,145.16000,144.56000,D-Digital,Turbo,12.5K,Off,Off,Parrot,Group Call,9998,KC1JMH / Brad Brown,Always,Carrier,Off,1,1,1,Off,12,1,None,None,Off,Off,Off,Off,Normal Encryption,Off,Off,Off,Off,251.1,1,Off,Off,Off,Off,Off,Off,1,0,Off,0,2,0,0,0,0,0,0,0,0,0,12
ch00640,BGTME RI SW,145.16000,144.56000,D-Digital,Turbo,12.5K,Off,Off,RI Statewide,Group Call,3144,KC1JMH / Brad Brown,Always,Carrier,Off,1,1,1,Off,12,2,None,None,Off,Off,Off,Off,Normal Encryption,Off,Off,Off,Off,251.1,1,Off,Off,Off,Off,Off,Off,1,0,Off,0,2,0,0,0,0,0,0,0,0,0,12
ch00641,BGTME SKYWARN,145.16000,144.56000,D-Digital,Turbo,12.5K,Off,Off,SKYWARN,Group Call,759,KC1JMH / Brad Brown,Always,Carrier,Off,1,1,1,Off,12,1,None,None,Off,Off,Off,Off,Normal Encryption,Off,Off,Off,Off,251.1,1,Off,Off,Off,Off,Off,Off,1,0,Off,0,2,0,0,0,0,0,0,0,0,0,12
ch00642,BGTME TAC310,145.16000,144.56000,D-Digital,Turbo,12.5K,Off,Off,TAC310,Group Call,310,KC1JMH / Brad Brown,Always,Carrier,Off,1,1,1,Off,12,1,None,None,Off,Off,Off,Off,Normal Encryption,Off,Off,Off,Off,251.1,1,Off,Off,Off,Off,Off,Off,1,0,Off,0,2,0,0,0,0,0,0,0,0,0,12
ch00643,BGTME TAC311,145.16000,144.56000,D-Digital,Turbo,12.5K,Off,Off,TAC311,Group Call,311,KC1JMH / Brad Brown,Always,Carrier,Off,1,1,1,Off,12,1,None,None,Off,Off,Off,Off,Normal Encryption,Off,Off,Off,Off,251.1,1,Off,Off,Off,Off,Off,Off,1,0,Off,0,2,0,0,0,0,0,0,0,0,0,12
ch00644,BGTME VT SW,145.16000,144.56000,D-Digital,Turbo,12.5K,Off,Off,VT Statewide,Group Call,3150,KC1JMH / Brad Brown,Always,Carrier,Off,1,1,1,Off,12,1,None,None,Off,Off,Off,Off,Normal Encryption,Off,Off,Off,Off,251.1,1,Off,Off,Off,Off,Off,Off,1,0,Off,0,2,0,0,0,0,0,0,0,0,0,12
ch00645,BGTME WW,145.16000,144.56000,D-Digital,Turbo,12.5K,Off,Off,WW Call,Group Call,1,KC1JMH / Brad Brown,Always,Carrier,Off,1,1,1,Off,12,1,None,None,Off,Off,Off,Off,Normal Encryption,Off,Off,Off,Off,251.1,1,Off,Off,Off,Off,Off,Off,1,0,Off,0,2,0,0,0,0,0,0,0,0,0,12
ch00646,BGTME Audio,145.16000,144.56000,D-Digital,Turbo,12.5K,Off,Off,Audio Watch,Group Call,9999,KC1JMH / Brad Brown,Always,Carrier,Off,1,1,1,Off,12,1,None,None,Off,Off,Off,Off,Normal Encryption,Off,Off,Off,Off,251.1,1,Off,Off,Off,Off,Off,Off,1,0,Off,0,2,0,0,0,0,0,0,0,0,0,12
ch00647,BGTME TAC312,145.16000,144.56000,D-Digital,Turbo,12.5K,Off,Off,TAC312,Group Call,312,KC1JMH / Brad Brown,Always,Carrier,Off,1,1,1,Off,12,1,None,None,Off,Off,Off,Off,Normal Encryption,Off,Off,Off,Off,251.1,1,Off,Off,Off,Off,Off,Off,1,0,Off,0,2,0,0,0,0,0,0,0,0,0,12
ch00648,BKFME Local,145.32000,144.72000,D-Digital,High,12.5K,Off,Off,Local,Group Call,9,KC1JMH / Brad Brown,Always,Carrier,Off,1,1,1,Off,12,2,None,None,Off,Off,Off,Off,Normal Encryption,Off,Off,Off,Off,251.1,1,Off,On,Off,Off,Off,Off,1,0,Off,0,2,0,0,0,0,0,0,0,0,0,12
ch00649,BKFME ME Event 1,145.32000,144.72000,D-Digital,High,12.5K,Off,Off,ME Event 1,Group Call,31231,KC1JMH / Brad Brown,Always,Carrier,Off,1,1,1,Off,12,1,None,None,Off,Off,Off,Off,Normal Encryption,Off,Off,Off,Off,251.1,1,Off,On,Off,Off,Off,Off,1,0,Off,0,2,0,0,0,0,0,0,0,0,0,12
ch00650,BKFME ME Event 2,145.32000,144.72000,D-Digital,High,12.5K,Off,Off,ME Event 2,Group Call,31232,KC1JMH / Brad Brown,Always,Carrier,Off,1,1,1,Off,12,2,None,None,Off,Off,Off,Off,Normal Encryption,Off,Off,Off,Off,251.1,1,Off,On,Off,Off,Off,Off,1,0,Off,0,2,0,0,0,0,0,0,0,0,0,12
ch00651,BKFME ME SW,145.32000,144.72000,D-Digital,Turbo,12.5K,Off,Off,ME Statewide,Group Call,3123,KC1JMH / Brad Brown,Always,Carrier,Off,1,1,1,Off,12,2,None,None,Off,Off,Off,Off,Normal Encryption,Off,Off,Off,Off,251.1,1,Off,On,Off,Off,Off,Off,1,0,Off,0,2,0,0,0,0,0,0,0,0,0,12
ch00652,BKFME NE Wide,145.32000,144.72000,D-Digital,High,12.5K,Off,Off,New England-Wide,Group Call,3181,KC1JMH / Brad Brown,Always,Carrier,Off,1,1,1,Off,12,2,None,None,Off,Off,Off,Off,Normal Encryption,Off,Off,Off,Off,251.1,1,Off,On,Off,Off,Off,Off,1,0,Off,0,2,0,0,0,0,0,0,0,0,0,12
ch00653,BKFME NETAC1,145.32000,144.72000,D-Digital,High,12.5K,Off,Off,NETAC1,Group Call,8801,KC1JMH / Brad Brown,Always,Carrier,Off,1,1,1,Off,12,1,None,None,Off,Off,Off,Off,Normal Encryption,Off,Off,Off,Off,251.1,1,Off,On,Off,Off,Off,Off,1,0,Off,0,2,0,0,0,0,0,0,0,0,0,12
ch00654,BKFME NETAC2,145.32000,144.72000,D-Digital,High,12.5K,Off,Off,NETAC2,Group Call,8802,KC1JMH / Brad Brown,Always,Carrier,Off,1,1,1,Off,12,2,None,None,Off,Off,Off,Off,Normal Encryption,Off,Off,Off,Off,251.1,1,Off,On,Off,Off,Off,Off,1,0,Off,0,2,0,0,0,0,0,0,0,0,0,12
ch00655,BKFME NH SW,145.32000,144.72000,D-Digital,High,12.5K,Off,Off,NH Statewide,Group Call,3133,KC1JMH / Brad Brown,Always,Carrier,Off,1,1,1,Off,12,1,None,None,Off,Off,Off,Off,Normal Encryption,Off,Off,Off,Off,251.1,1,Off,On,Off,Off,Off,Off,1,0,Off,0,2,0,0,0,0,0,0,0,0,0,12
ch00656,BKFME North Am,145.32000,144.72000,D-Digital,High,12.5K,Off,Off,North America,Group Call,3,KC1JMH / Brad Brown,Always,Carrier,Off,1,1,1,Off,12,1,None,None,Off,Off,Off,Off,Normal Encryption,Off,Off,Off,Off,251.1,1,Off,On,Off,Off,Off,Off,1,0,Off,0,2,0,0,0,0,0,0,0,0,0,12
ch00657,BKFME Northeast,145.32000,144.72000,D-Digital,High,12.5K,Off,Off,Northeast,Group Call,3172,KC1JMH / Brad Brown,Always,Carrier,Off,1,1,1,Off,12,1,None,None,Off,Off,Off,Off,Normal Encryption,Off,Off,Off,Off,251.1,1,Off,On,Off,Off,Off,Off,1,0,Off,0,2,0,0,0,0,0,0,0,0,0,12
ch00658,BKFME Parrot,145.32000,144.72000,D-Digital,High,12.5K,Off,Off,Parrot,Group Call,9998,KC1JMH / Brad Brown,Always,Carrier,Off,1,1,1,Off,12,1,None,None,Off,Off,Off,Off,Normal Encryption,Off,Off,Off,Off,251.1,1,Off,On,Off,Off,Off,Off,1,0,Off,0,2,0,0,0,0,0,0,0,0,0,12
ch00659,BKFME Reg North,145.32000,144.72000,D-Digital,High,12.5K,Off,Off,Region North,Group Call,8,KC1JMH / Brad Brown,Always,Carrier,Off,1,1,1,Off,12,2,None,None,Off,Off,Off,Off,Normal Encryption,Off,Off,Off,Off,251.1,1,Off,On,Off,Off,Off,Off,1,0,Off,0,2,0,0,0,0,0,0,0,0,0,12
ch00660,BKFME SKYWARN,145.32000,144.72000,D-Digital,High,12.5K,Off,Off,SKYWARN,Group Call,759,KC1JMH / Brad Brown,Always,Carrier,Off,1,1,1,Off,12,1,None,None,Off,Off,Off,Off,Normal Encryption,Off,Off,Off,Off,251.1,1,Off,On,Off,Off,Off,Off,1,0,Off,0,2,0,0,0,0,0,0,0,0,0,12
ch00661,BKFME TAC310,145.32000,144.72000,D-Digital,High,12.5K,Off,Off,TAC310,Group Call,310,KC1JMH / Brad Brown,Always,Carrier,Off,1,1,1,Off,12,1,None,None,Off,Off,Off,Off,Normal Encryption,Off,Off,Off,Off,251.1,1,Off,On,Off,Off,Off,Off,1,0,Off,0,2,0,0,0,0,0,0,0,0,0,12
ch00662,BKFME TAC311,145.32000,144.72000,D-Digital,High,12.5K,Off,Off,TAC311,Group Call,311,KC1JMH / Brad Brown,Always,Carrier,Off,1,1,1,Off,12,1,None,None,Off,Off,Off,Off,Normal Encryption,Off,Off,Off,Off,251.1,1,Off,On,Off,Off,Off,Off,1,0,Off,0,2,0,0,0,0,0,0,0,0,0,12
ch00663,BKFME UA Eng1,145.32000,144.72000,D-Digital,High,12.5K,Off,Off,UA English 1-113,Group Call,113,KC1JMH / Brad Brown,Always,Carrier,Off,1,1,1,Off,12,1,None,None,Off,Off,Off,Off,Normal Encryption,Off,Off,Off,Off,251.1,1,Off,On,Off,Off,Off,Off,1,0,Off,0,2,0,0,0,0,0,0,0,0,0,12
ch00664,BKFME UA Eng2,145.32000,144.72000,D-Digital,High,12.5K,Off,Off,UA English 2-123,Group Call,123,KC1JMH / Brad Brown,Always,Carrier,Off,1,1,1,Off,12,1,None,None,Off,Off,Off,Off,Normal Encryption,Off,Off,Off,Off,251.1,1,Off,On,Off,Off,Off,Off,1,0,Off,0,2,0,0,0,0,0,0,0,0,0,12
ch00665,BKFME WW,145.32000,144.72000,D-Digital,High,12.5K,Off,Off,WW Call,Group Call,1,KC1JMH / Brad Brown,Always,Carrier,Off,1,1,1,Off,12,1,None,None,Off,Off,Off,Off,Normal Encryption,Off,Off,Off,Off,251.1,1,Off,On,Off,Off,Off,Off,1,0,Off,0,2,0,0,0,0,0,0,0,0,0,12
ch00666,BKFME WW Eng,145.32000,144.72000,D-Digital,High,12.5K,Off,Off,WW English,Group Call,13,KC1JMH / Brad Brown,Always,Carrier,Off,1,1,1,Off,12,1,None,None,Off,Off,Off,Off,Normal Encryption,Off,Off,Off,Off,251.1,1,Off,On,Off,Off,Off,Off,1,0,Off,0,2,0,0,0,0,0,0,0,0,0,12
ch00667,BKFME Audio,145.32000,144.72000,D-Digital,High,12.5K,Off,Off,Audio Watch,Group Call,9999,KC1JMH / Brad Brown,Always,Carrier,Off,1,1,1,Off,12,1,None,None,Off,Off,Off,Off,Normal Encryption,Off,Off,Off,Off,251.1,1,Off,On,Off,Off,Off,Off,1,0,Off,0,2,0,0,0,0,0,0,0,0,0,12
ch00668,BKFME TAC312,145.32000,144.72000,D-Digital,High,12.5K,Off,Off,TAC312,Group Call,312,KC1JMH / Brad Brown,Always,Carrier,Off,1,1,1,Off,12,1,None,None,Off,Off,Off,Off,Normal Encryption,Off,Off,Off,Off,251.1,1,Off,On,Off,Off,Off,Off,1,0,Off,0,2,0,0,0,0,0,0,0,0,0,12
ch00669,BKFME CT SW,145.32000,144.72000,D-Digital,High,12.5K,Off,Off,CT Statewide,Group Call,3109,KC1JMH / Brad Brown,Always,Carrier,Off,1,1,1,Off,12,1,None,None,Off,Off,Off,Off,Normal Encryption,Off,Off,Off,Off,251.1,1,Off,On,Off,Off,Off,Off,1,0,Off,0,2,0,0,0,0,0,0,0,0,0,12
ch00670,BKFME MA SW,145.32000,144.72000,D-Digital,High,12.5K,Off,Off,MA Statewide,Group Call,3125,KC1JMH / Brad Brown,Always,Carrier,Off,1,1,1,Off,12,1,None,None,Off,Off,Off,Off,Normal Encryption,Off,Off,Off,Off,251.1,1,Off,On,Off,Off,Off,Off,1,0,Off,0,2,0,0,0,0,0,0,0,0,0,12
ch00671,BKFME RI SW,145.32000,144.72000,D-Digital,High,12.5K,Off,Off,RI Statewide,Group Call,3144,KC1JMH / Brad Brown,Always,Carrier,Off,1,1,1,Off,12,1,None,None,Off,Off,Off,Off,Normal Encryption,Off,Off,Off,Off,251.1,1,Off,On,Off,Off,Off,Off,1,0,Off,0,2,0,0,0,0,0,0,0,0,0,12
ch00672,BKFME VT SW,145.32000,144.72000,D-Digital,High,12.5K,Off,Off,VT Statewide,Group Call,3150,KC1JMH / Brad Brown,Always,Carrier,Off,1,1,1,Off,12,1,None,None,Off,Off,Off,Off,Normal Encryption,Off,Off,Off,Off,251.1,1,Off,On,Off,Off,Off,Off,1,0,Off,0,2,0,0,0,0,0,0,0,0,0,12
ch00673,CLSME  Parrot,147.04500,147.64500,D-Digital,High,12.5K,Off,Off,Parrot,Group Call,9998,KC1JMH / Brad Brown,Always,Carrier,Off,1,1,1,Off,1,1,None,None,Off,Off,Off,Off,Normal Encryption,Off,Off,Off,Off,251.1,1,Off,On,Off,Off,Off,Off,1,0,Off,0,2,0,0,0,0,0,0,0,0,0,1
ch00674,CLSME Local,147.04500,147.64500,D-Digital,High,12.5K,Off,Off,Local,Group Call,9,KC1JMH / Brad Brown,Always,Carrier,Off,1,1,1,Off,1,2,None,None,Off,Off,Off,Off,Normal Encryption,Off,Off,Off,Off,251.1,1,Off,On,Off,Off,Off,Off,1,0,Off,0,2,0,0,0,0,0,0,0,0,0,1
ch00675,CLSME ME Event 1,147.04500,147.64500,D-Digital,High,12.5K,Off,Off,ME Event 1,Group Call,31231,KC1JMH / Brad Brown,Always,Carrier,Off,1,1,1,Off,1,1,None,None,Off,Off,Off,Off,Normal Encryption,Off,Off,Off,Off,251.1,1,Off,On,Off,Off,Off,Off,1,0,Off,0,2,0,0,0,0,0,0,0,0,0,1
ch00676,CLSME ME Event 2,147.04500,147.64500,D-Digital,High,12.5K,Off,Off,ME Event 2,Group Call,31232,KC1JMH / Brad Brown,Always,Carrier,Off,1,1,1,Off,1,2,None,None,Off,Off,Off,Off,Normal Encryption,Off,Off,Off,Off,251.1,1,Off,On,Off,Off,Off,Off,1,0,Off,0,2,0,0,0,0,0,0,0,0,0,1
ch00677,CLSME ME SW,147.04500,147.64500,D-Digital,High,12.5K,Off,Off,ME Statewide,Group Call,3123,KC1JMH / Brad Brown,Always,Carrier,Off,1,1,1,Off,1,2,None,None,Off,Off,Off,Off,Normal Encryption,Off,Off,Off,Off,251.1,1,Off,On,Off,Off,Off,Off,1,0,Off,0,2,0,0,0,0,0,0,0,0,0,1
ch00678,CLSME NE Wide,147.04500,147.64500,D-Digital,High,12.5K,Off,Off,New England-Wide,Group Call,3181,KC1JMH / Brad Brown,Always,Carrier,Off,1,1,1,Off,1,2,None,None,Off,Off,Off,Off,Normal Encryption,Off,Off,Off,Off,251.1,1,Off,On,Off,Off,Off,Off,1,0,Off,0,2,0,0,0,0,0,0,0,0,0,1
ch00679,CLSME NETAC1,147.04500,147.64500,D-Digital,High,12.5K,Off,Off,NETAC1,Group Call,8801,KC1JMH / Brad Brown,Always,Carrier,Off,1,1,1,Off,1,1,None,None,Off,Off,Off,Off,Normal Encryption,Off,Off,Off,Off,251.1,1,Off,On,Off,Off,Off,Off,1,0,Off,0,2,0,0,0,0,0,0,0,0,0,1
ch00680,CLSME NETAC2,147.04500,147.64500,D-Digital,High,12.5K,Off,Off,NETAC2,Group Call,8802,KC1JMH / Brad Brown,Always,Carrier,Off,1,1,1,Off,1,2,None,None,Off,Off,Off,Off,Normal Encryption,Off,Off,Off,Off,251.1,1,Off,On,Off,Off,Off,Off,1,0,Off,0,2,0,0,0,0,0,0,0,0,0,1
ch00681,CLSME NEWBRNSWCK,147.04500,147.64500,D-Digital,High,12.5K,Off,Off,New Brunswick,Group Call,3029,KC1JMH / Brad Brown,Always,Carrier,Off,1,1,1,Off,1,2,None,None,Off,Off,Off,Off,Normal Encryption,Off,Off,Off,Off,251.1,1,Off,On,Off,Off,Off,Off,1,0,Off,0,2,0,0,0,0,0,0,0,0,0,1
ch00682,CLSME NH SW,147.04500,147.64500,D-Digital,High,12.5K,Off,Off,NH Statewide,Group Call,3133,KC1JMH / Brad Brown,Always,Carrier,Off,1,1,1,Off,1,1,None,None,Off,Off,Off,Off,Normal Encryption,Off,Off,Off,Off,251.1,1,Off,On,Off,Off,Off,Off,1,0,Off,0,2,0,0,0,0,0,0,0,0,0,1
ch00683,CLSME North Am,147.04500,147.64500,D-Digital,High,12.5K,Off,Off,North America,Group Call,3,KC1JMH / Brad Brown,Always,Carrier,Off,1,1,1,Off,1,1,None,None,Off,Off,Off,Off,Normal Encryption,Off,Off,Off,Off,251.1,1,Off,On,Off,Off,Off,Off,1,0,Off,0,2,0,0,0,0,0,0,0,0,0,1
ch00684,CLSME Northeast,147.04500,147.64500,D-Digital,High,12.5K,Off,Off,Northeast,Group Call,3172,KC1JMH / Brad Brown,Always,Carrier,Off,1,1,1,Off,1,1,None,None,Off,Off,Off,Off,Normal Encryption,Off,Off,Off,Off,251.1,1,Off,On,Off,Off,Off,Off,1,0,Off,0,2,0,0,0,0,0,0,0,0,0,1
ch00685,CLSME Reg North,147.04500,147.64500,D-Digital,High,12.5K,Off,Off,Region North,Group Call,8,KC1JMH / Brad Brown,Always,Carrier,Off,1,1,1,Off,1,2,None,None,Off,Off,Off,Off,Normal Encryption,Off,Off,Off,Off,251.1,1,Off,On,Off,Off,Off,Off,1,0,Off,0,2,0,0,0,0,0,0,0,0,0,1
ch00686,CLSME SKYWARN,147.04500,147.64500,D-Digital,High,12.5K,Off,Off,SKYWARN,Group Call,759,KC1JMH / Brad Brown,Always,Carrier,Off,1,1,1,Off,1,1,None,None,Off,Off,Off,Off,Normal Encryption,Off,Off,Off,Off,251.1,1,Off,On,Off,Off,Off,Off,1,0,Off,0,2,0,0,0,0,0,0,0,0,0,1
ch00687,CLSME TAC310,147.04500,147.64500,D-Digital,High,12.5K,Off,Off,TAC310,Group Call,310,KC1JMH / Brad Brown,Always,Carrier,Off,1,1,1,Off,1,1,None,None,Off,Off,Off,Off,Normal Encryption,Off,Off,Off,Off,251.1,1,Off,On,Off,Off,Off,Off,1,0,Off,0,2,0,0,0,0,0,0,0,0,0,1
ch00688,CLSME TAC311,147.04500,147.64500,D-Digital,High,12.5K,Off,Off,TAC311,Group Call,311,KC1JMH / Brad Brown,Always,Carrier,Off,1,1,1,Off,1,1,None,None,Off,Off,Off,Off,Normal Encryption,Off,Off,Off,Off,251.1,1,Off,On,Off,Off,Off,Off,1,0,Off,0,2,0,0,0,0,0,0,0,0,0,1
ch00689,CLSME UA Eng1,147.04500,147.64500,D-Digital,High,12.5K,Off,Off,UA English 1-113,Group Call,113,KC1JMH / Brad Brown,Always,Carrier,Off,1,1,1,Off,1,1,None,None,Off,Off,Off,Off,Normal Encryption,Off,Off,Off,Off,251.1,1,Off,On,Off,Off,Off,Off,1,0,Off,0,2,0,0,0,0,0,0,0,0,0,1
ch00690,CLSME UA Eng2,147.04500,147.64500,D-Digital,High,12.5K,Off,Off,UA English 2-123,Group Call,123,KC1JMH / Brad Brown,Always,Carrier,Off,1,1,1,Off,1,1,None,None,Off,Off,Off,Off,Normal Encryption,Off,Off,Off,Off,251.1,1,Off,On,Off,Off,Off,Off,1,0,Off,0,2,0,0,0,0,0,0,0,0,0,1
ch00691,CLSME WW,147.04500,147.64500,D-Digital,High,12.5K,Off,Off,WW Call,Group Call,1,KC1JMH / Brad Brown,Always,Carrier,Off,1,1,1,Off,1,1,None,None,Off,Off,Off,Off,Normal Encryption,Off,Off,Off,Off,251.1,1,Off,On,Off,Off,Off,Off,1,0,Off,0,2,0,0,0,0,0,0,0,0,0,1
ch00692,CLSME WW Eng,147.04500,147.64500,D-Digital,High,12.5K,Off,Off,WW English,Group Call,13,KC1JMH / Brad Brown,Always,Carrier,Off,1,1,1,Off,1,1,None,None,Off,Off,Off,Off,Normal Encryption,Off,Off,Off,Off,251.1,1,Off,On,Off,Off,Off,Off,1,0,Off,0,2,0,0,0,0,0,0,0,0,0,1
ch00693,CLSME Audio,147.04500,147.64500,D-Digital,High,12.5K,Off,Off,Audio Watch,Group Call,9999,KC1JMH / Brad Brown,Always,Carrier,Off,1,1,1,Off,1,1,None,None,Off,Off,Off,Off,Normal Encryption,Off,Off,Off,Off,251.1,1,Off,On,Off,Off,Off,Off,1,0,Off,0,2,0,0,0,0,0,0,0,0,0,1
ch00694,CLSME TAC312,147.04500,147.64500,D-Digital,High,12.5K,Off,Off,TAC312,Group Call,312,KC1JMH / Brad Brown,Always,Carrier,Off,1,1,1,Off,1,1,None,None,Off,Off,Off,Off,Normal Encryption,Off,Off,Off,Off,251.1,1,Off,On,Off,Off,Off,Off,1,0,Off,0,2,0,0,0,0,0,0,0,0,0,1
ch00695,CLSME CT SW,147.04500,147.64500,D-Digital,High,12.5K,Off,Off,CT Statewide,Group Call,3109,KC1JMH / Brad Brown,Always,Carrier,Off,1,1,1,Off,1,1,None,None,Off,Off,Off,Off,Normal Encryption,Off,Off,Off,Off,251.1,1,Off,On,Off,Off,Off,Off,1,0,Off,0,2,0,0,0,0,0,0,0,0,0,1
ch00696,CLSME MA SW,147.04500,147.64500,D-Digital,High,12.5K,Off,Off,MA Statewide,Group Call,3125,KC1JMH / Brad Brown,Always,Carrier,Off,1,1,1,Off,1,1,None,None,Off,Off,Off,Off,Normal Encryption,Off,Off,Off,Off,251.1,1,Off,On,Off,Off,Off,Off,1,0,Off,0,2,0,0,0,0,0,0,0,0,0,1
ch00697,CLSME RI SW,147.04500,147.64500,D-Digital,High,12.5K,Off,Off,RI Statewide,Group Call,3144,KC1JMH / Brad Brown,Always,Carrier,Off,1,1,1,Off,1,1,None,None,Off,Off,Off,Off,Normal Encryption,Off,Off,Off,Off,251.1,1,Off,On,Off,Off,Off,Off,1,0,Off,0,2,0,0,0,0,0,0,0,0,0,1
ch00698,CLSME VT SW,147.04500,147.64500,D-Digital,High,12.5K,Off,Off,VT Statewide,Group Call,3150,KC1JMH / Brad Brown,Always,Carrier,Off,1,1,1,Off,1,1,None,None,Off,Off,Off,Off,Normal Encryption,Off,Off,Off,Off,251.1,1,Off,On,Off,Off,Off,Off,1,0,Off,0,2,0,0,0,0,0,0,0,0,0,1
ch00699,CMDME Local,145.37000,144.77000,D-Digital,High,12.5K,Off,Off,Local,Group Call,9,KC1JMH / Brad Brown,Always,Carrier,Off,1,1,1,Off,12,2,None,None,Off,Off,Off,Off,Normal Encryption,Off,Off,Off,Off,251.1,1,Off,On,Off,Off,Off,Off,1,0,Off,0,2,0,0,0,0,0,0,0,0,0,12
ch00700,CMDME ME Event 1,145.37000,144.77000,D-Digital,High,12.5K,Off,Off,ME Event 1,Group Call,31231,KC1JMH / Brad Brown,Always,Carrier,Off,1,1,1,Off,12,1,None,None,Off,Off,Off,Off,Normal Encryption,Off,Off,Off,Off,251.1,1,Off,On,Off,Off,Off,Off,1,0,Off,0,2,0,0,0,0,0,0,0,0,0,12
ch00701,CMDME ME Event 2,145.37000,144.77000,D-Digital,High,12.5K,Off,Off,ME Event 2,Group Call,31232,KC1JMH / Brad Brown,Always,Carrier,Off,1,1,1,Off,12,2,None,None,Off,Off,Off,Off,Normal Encryption,Off,Off,Off,Off,251.1,1,Off,On,Off,Off,Off,Off,1,0,Off,0,2,0,0,0,0,0,0,0,0,0,12
ch00702,CMDME ME SW,145.37000,144.77000,D-Digital,High,12.5K,Off,Off,ME Statewide,Group Call,3123,KC1JMH / Brad Brown,Always,Carrier,Off,1,1,1,Off,12,2,None,None,Off,Off,Off,Off,Normal Encryption,Off,Off,Off,Off,251.1,1,Off,On,Off,Off,Off,Off,1,0,Off,0,2,0,0,0,0,0,0,0,0,0,12
ch00703,CMDME NE Wide,145.37000,144.77000,D-Digital,High,12.5K,Off,Off,New England-Wide,Group Call,3181,KC1JMH / Brad Brown,Always,Carrier,Off,1,1,1,Off,12,2,None,None,Off,Off,Off,Off,Normal Encryption,Off,Off,Off,Off,251.1,1,Off,On,Off,Off,Off,Off,1,0,Off,0,2,0,0,0,0,0,0,0,0,0,12
ch00704,CMDME NETAC1,145.37000,144.77000,D-Digital,High,12.5K,Off,Off,NETAC1,Group Call,8801,KC1JMH / Brad Brown,Always,Carrier,Off,1,1,1,Off,12,1,None,None,Off,Off,Off,Off,Normal Encryption,Off,Off,Off,Off,251.1,1,Off,On,Off,Off,Off,Off,1,0,Off,0,2,0,0,0,0,0,0,0,0,0,12
ch00705,CMDME NETAC2,145.37000,144.77000,D-Digital,High,12.5K,Off,Off,NETAC2,Group Call,8802,KC1JMH / Brad Brown,Always,Carrier,Off,1,1,1,Off,12,2,None,None,Off,Off,Off,Off,Normal Encryption,Off,Off,Off,Off,251.1,1,Off,On,Off,Off,Off,Off,1,0,Off,0,2,0,0,0,0,0,0,0,0,0,12
ch00706,CMDME NH SW,145.37000,144.77000,D-Digital,High,12.5K,Off,Off,NH Statewide,Group Call,3133,KC1JMH / Brad Brown,Always,Carrier,Off,1,1,1,Off,12,1,None,None,Off,Off,Off,Off,Normal Encryption,Off,Off,Off,Off,251.1,1,Off,On,Off,Off,Off,Off,1,0,Off,0,2,0,0,0,0,0,0,0,0,0,12
ch00707,CMDME North Am,145.37000,144.77000,D-Digital,High,12.5K,Off,Off,North America,Group Call,3,KC1JMH / Brad Brown,Always,Carrier,Off,1,1,1,Off,12,1,None,None,Off,Off,Off,Off,Normal Encryption,Off,Off,Off,Off,251.1,1,Off,On,Off,Off,Off,Off,1,0,Off,0,2,0,0,0,0,0,0,0,0,0,12
ch00708,CMDME Northeast,145.37000,144.77000,D-Digital,High,12.5K,Off,Off,Northeast,Group Call,3172,KC1JMH / Brad Brown,Always,Carrier,Off,1,1,1,Off,12,1,None,None,Off,Off,Off,Off,Normal Encryption,Off,Off,Off,Off,251.1,1,Off,On,Off,Off,Off,Off,1,0,Off,0,2,0,0,0,0,0,0,0,0,0,12
ch00709,CMDME Parrot,145.37000,144.77000,D-Digital,High,12.5K,Off,Off,Parrot,Group Call,9998,KC1JMH / Brad Brown,Always,Carrier,Off,1,1,1,Off,12,1,None,None,Off,Off,Off,Off,Normal Encryption,Off,Off,Off,Off,251.1,1,Off,On,Off,Off,Off,Off,1,0,Off,0,2,0,0,0,0,0,0,0,0,0,12
ch00710,CMDME Reg North,145.37000,144.77000,D-Digital,High,12.5K,Off,Off,Region North,Group Call,8,KC1JMH / Brad Brown,Always,Carrier,Off,1,1,1,Off,12,2,None,None,Off,Off,Off,Off,Normal Encryption,Off,Off,Off,Off,251.1,1,Off,On,Off,Off,Off,Off,1,0,Off,0,2,0,0,0,0,0,0,0,0,0,12
ch00711,CMDME SKYWARN,145.37000,144.77000,D-Digital,High,12.5K,Off,Off,SKYWARN,Group Call,759,KC1JMH / Brad Brown,Always,Carrier,Off,1,1,1,Off,12,1,None,None,Off,Off,Off,Off,Normal Encryption,Off,Off,Off,Off,251.1,1,Off,On,Off,Off,Off,Off,1,0,Off,0,2,0,0,0,0,0,0,0,0,0,12
ch00712,CMDME TAC310,145.37000,144.77000,D-Digital,High,12.5K,Off,Off,TAC310,Group Call,310,KC1JMH / Brad Brown,Always,Carrier,Off,1,1,1,Off,12,1,None,None,Off,Off,Off,Off,Normal Encryption,Off,Off,Off,Off,251.1,1,Off,On,Off,Off,Off,Off,1,0,Off,0,2,0,0,0,0,0,0,0,0,0,12
ch00713,CMDME TAC311,145.37000,144.77000,D-Digital,High,12.5K,Off,Off,TAC311,Group Call,311,KC1JMH / Brad Brown,Always,Carrier,Off,1,1,1,Off,12,1,None,None,Off,Off,Off,Off,Normal Encryption,Off,Off,Off,Off,251.1,1,Off,On,Off,Off,Off,Off,1,0,Off,0,2,0,0,0,0,0,0,0,0,0,12
ch00714,CMDME UA Eng1,145.37000,144.77000,D-Digital,High,12.5K,Off,Off,UA English 1-113,Group Call,113,KC1JMH / Brad Brown,Always,Carrier,Off,1,1,1,Off,12,1,None,None,Off,Off,Off,Off,Normal Encryption,Off,Off,Off,Off,251.1,1,Off,On,Off,Off,Off,Off,1,0,Off,0,2,0,0,0,0,0,0,0,0,0,12
ch00715,CMDME UA Eng2,145.37000,144.77000,D-Digital,High,12.5K,Off,Off,UA English 2-123,Group Call,123,KC1JMH / Brad Brown,Always,Carrier,Off,1,1,1,Off,12,1,None,None,Off,Off,Off,Off,Normal Encryption,Off,Off,Off,Off,251.1,1,Off,On,Off,Off,Off,Off,1,0,Off,0,2,0,0,0,0,0,0,0,0,0,12
ch00716,CMDME WW,145.37000,144.77000,D-Digital,High,12.5K,Off,Off,WW Call,Group Call,1,KC1JMH / Brad Brown,Always,Carrier,Off,1,1,1,Off,12,1,None,None,Off,Off,Off,Off,Normal Encryption,Off,Off,Off,Off,251.1,1,Off,On,Off,Off,Off,Off,1,0,Off,0,2,0,0,0,0,0,0,0,0,0,12
ch00717,CMDME WW Eng,145.37000,144.77000,D-Digital,High,12.5K,Off,Off,WW English,Group Call,13,KC1JMH / Brad Brown,Always,Carrier,Off,1,1,1,Off,12,1,None,None,Off,Off,Off,Off,Normal Encryption,Off,Off,Off,Off,251.1,1,Off,On,Off,Off,Off,Off,1,0,Off,0,2,0,0,0,0,0,0,0,0,0,12
ch00718,CMDME Audio,145.37000,144.77000,D-Digital,High,12.5K,Off,Off,Audio Watch,Group Call,9999,KC1JMH / Brad Brown,Always,Carrier,Off,1,1,1,Off,12,1,None,None,Off,Off,Off,Off,Normal Encryption,Off,Off,Off,Off,251.1,1,Off,On,Off,Off,Off,Off,1,0,Off,0,2,0,0,0,0,0,0,0,0,0,12
ch00719,CMDME TAC312,145.37000,144.77000,D-Digital,High,12.5K,Off,Off,TAC312,Group Call,312,KC1JMH / Brad Brown,Always,Carrier,Off,1,1,1,Off,12,1,None,None,Off,Off,Off,Off,Normal Encryption,Off,Off,Off,Off,251.1,1,Off,On,Off,Off,Off,Off,1,0,Off,0,2,0,0,0,0,0,0,0,0,0,12
ch00720,CMDME CT SW,145.37000,144.77000,D-Digital,High,12.5K,Off,Off,CT Statewide,Group Call,3109,KC1JMH / Brad Brown,Always,Carrier,Off,1,1,1,Off,12,1,None,None,Off,Off,Off,Off,Normal Encryption,Off,Off,Off,Off,251.1,1,Off,On,Off,Off,Off,Off,1,0,Off,0,2,0,0,0,0,0,0,0,0,0,12
ch00721,CMDME MA SW,145.37000,144.77000,D-Digital,High,12.5K,Off,Off,MA Statewide,Group Call,3125,KC1JMH / Brad Brown,Always,Carrier,Off,1,1,1,Off,12,1,None,None,Off,Off,Off,Off,Normal Encryption,Off,Off,Off,Off,251.1,1,Off,On,Off,Off,Off,Off,1,0,Off,0,2,0,0,0,0,0,0,0,0,0,12
ch00722,CMDME RI SW,145.37000,144.77000,D-Digital,High,12.5K,Off,Off,RI Statewide,Group Call,3144,KC1JMH / Brad Brown,Always,Carrier,Off,1,1,1,Off,12,1,None,None,Off,Off,Off,Off,Normal Encryption,Off,Off,Off,Off,251.1,1,Off,On,Off,Off,Off,Off,1,0,Off,0,2,0,0,0,0,0,0,0,0,0,12
ch00723,CMDME VT SW,145.37000,144.77000,D-Digital,High,12.5K,Off,Off,VT Statewide,Group Call,3150,KC1JMH / Brad Brown,Always,Carrier,Off,1,1,1,Off,12,1,None,None,Off,Off,Off,Off,Normal Encryption,Off,Off,Off,Off,251.1,1,Off,On,Off,Off,Off,Off,1,0,Off,0,2,0,0,0,0,0,0,0,0,0,12
ch00724,DRSME Local,145.43000,144.83000,D-Digital,High,12.5K,Off,Off,Local,Group Call,9,KC1JMH / Brad Brown,Always,Carrier,Off,1,1,1,Off,12,2,None,None,Off,Off,Off,Off,Normal Encryption,Off,Off,Off,Off,251.1,1,Off,On,Off,Off,Off,Off,1,0,Off,0,2,0,0,0,0,0,0,0,0,0,12
ch00725,DRSME ME Event 1,145.43000,144.83000,D-Digital,High,12.5K,Off,Off,ME Event 1,Group Call,31231,KC1JMH / Brad Brown,Always,Carrier,Off,1,1,1,Off,12,1,None,None,Off,Off,Off,Off,Normal Encryption,Off,Off,Off,Off,251.1,1,Off,On,Off,Off,Off,Off,1,0,Off,0,2,0,0,0,0,0,0,0,0,0,12
ch00726,DRSME ME Event 2,145.43000,144.83000,D-Digital,High,12.5K,Off,Off,ME Event 2,Group Call,31232,KC1JMH / Brad Brown,Always,Carrier,Off,1,1,1,Off,12,2,None,None,Off,Off,Off,Off,Normal Encryption,Off,Off,Off,Off,251.1,1,Off,On,Off,Off,Off,Off,1,0,Off,0,2,0,0,0,0,0,0,0,0,0,12
ch00727,DRSME ME SW,145.43000,144.83000,D-Digital,High,12.5K,Off,Off,ME Statewide,Group Call,3123,KC1JMH / Brad Brown,Always,Carrier,Off,1,1,1,Off,12,2,None,None,Off,Off,Off,Off,Normal Encryption,Off,Off,Off,Off,251.1,1,Off,On,Off,Off,Off,Off,1,0,Off,0,2,0,0,0,0,0,0,0,0,0,12
ch00728,DRSME NE Wide,145.43000,144.83000,D-Digital,High,12.5K,Off,Off,New England-Wide,Group Call,3181,KC1JMH / Brad Brown,Always,Carrier,Off,1,1,1,Off,12,2,None,None,Off,Off,Off,Off,Normal Encryption,Off,Off,Off,Off,251.1,1,Off,On,Off,Off,Off,Off,1,0,Off,0,2,0,0,0,0,0,0,0,0,0,12
ch00729,DRSME NETAC1,145.43000,144.83000,D-Digital,High,12.5K,Off,Off,NETAC1,Group Call,8801,KC1JMH / Brad Brown,Always,Carrier,Off,1,1,1,Off,12,1,None,None,Off,Off,Off,Off,Normal Encryption,Off,Off,Off,Off,251.1,1,Off,On,Off,Off,Off,Off,1,0,Off,0,2,0,0,0,0,0,0,0,0,0,12
ch00730,DRSME NETAC2,145.43000,144.83000,D-Digital,High,12.5K,Off,Off,NETAC2,Group Call,8802,KC1JMH / Brad Brown,Always,Carrier,Off,1,1,1,Off,12,2,None,None,Off,Off,Off,Off,Normal Encryption,Off,Off,Off,Off,251.1,1,Off,On,Off,Off,Off,Off,1,0,Off,0,2,0,0,0,0,0,0,0,0,0,12
ch00731,DRSME NH SW,145.43000,144.83000,D-Digital,High,12.5K,Off,Off,NH Statewide,Group Call,3133,KC1JMH / Brad Brown,Always,Carrier,Off,1,1,1,Off,12,1,None,None,Off,Off,Off,Off,Normal Encryption,Off,Off,Off,Off,251.1,1,Off,On,Off,Off,Off,Off,1,0,Off,0,2,0,0,0,0,0,0,0,0,0,12
ch00732,DRSME North Am,145.43000,144.83000,D-Digital,High,12.5K,Off,Off,North America,Group Call,3,KC1JMH / Brad Brown,Always,Carrier,Off,1,1,1,Off,12,1,None,None,Off,Off,Off,Off,Normal Encryption,Off,Off,Off,Off,251.1,1,Off,On,Off,Off,Off,Off,1,0,Off,0,2,0,0,0,0,0,0,0,0,0,12
ch00733,DRSME Northeast,145.43000,144.83000,D-Digital,High,12.5K,Off,Off,Northeast,Group Call,3172,KC1JMH / Brad Brown,Always,Carrier,Off,1,1,1,Off,12,1,None,None,Off,Off,Off,Off,Normal Encryption,Off,Off,Off,Off,251.1,1,Off,On,Off,Off,Off,Off,1,0,Off,0,2,0,0,0,0,0,0,0,0,0,12
ch00734,DRSME Parrot,145.43000,144.83000,D-Digital,High,12.5K,Off,Off,Parrot,Group Call,9998,KC1JMH / Brad Brown,Always,Carrier,Off,1,1,1,Off,12,1,None,None,Off,Off,Off,Off,Normal Encryption,Off,Off,Off,Off,251.1,1,Off,On,Off,Off,Off,Off,1,0,Off,0,2,0,0,0,0,0,0,0,0,0,12
ch00735,DRSME Reg North,145.43000,144.83000,D-Digital,High,12.5K,Off,Off,Region North,Group Call,8,KC1JMH / Brad Brown,Always,Carrier,Off,1,1,1,Off,12,2,None,None,Off,Off,Off,Off,Normal Encryption,Off,Off,Off,Off,251.1,1,Off,On,Off,Off,Off,Off,1,0,Off,0,2,0,0,0,0,0,0,0,0,0,12
ch00736,DRSME SKYWARN,145.43000,144.83000,D-Digital,High,12.5K,Off,Off,SKYWARN,Group Call,759,KC1JMH / Brad Brown,Always,Carrier,Off,1,1,1,Off,12,1,None,None,Off,Off,Off,Off,Normal Encryption,Off,Off,Off,Off,251.1,1,Off,On,Off,Off,Off,Off,1,0,Off,0,2,0,0,0,0,0,0,0,0,0,12
ch00737,DRSME TAC310,145.43000,144.83000,D-Digital,High,12.5K,Off,Off,TAC310,Group Call,310,KC1JMH / Brad Brown,Always,Carrier,Off,1,1,1,Off,12,1,None,None,Off,Off,Off,Off,Normal Encryption,Off,Off,Off,Off,251.1,1,Off,On,Off,Off,Off,Off,1,0,Off,0,2,0,0,0,0,0,0,0,0,0,12
ch00738,DRSME TAC311,145.43000,144.83000,D-Digital,High,12.5K,Off,Off,TAC311,Group Call,311,KC1JMH / Brad Brown,Always,Carrier,Off,1,1,1,Off,12,1,None,None,Off,Off,Off,Off,Normal Encryption,Off,Off,Off,Off,251.1,1,Off,On,Off,Off,Off,Off,1,0,Off,0,2,0,0,0,0,0,0,0,0,0,12
ch00739,DRSME UA Eng1,145.43000,144.83000,D-Digital,High,12.5K,Off,Off,UA English 1-113,Group Call,113,KC1JMH / Brad Brown,Always,Carrier,Off,1,1,1,Off,12,1,None,None,Off,Off,Off,Off,Normal Encryption,Off,Off,Off,Off,251.1,1,Off,On,Off,Off,Off,Off,1,0,Off,0,2,0,0,0,0,0,0,0,0,0,12
ch00740,DRSME UA Eng2,145.43000,144.83000,D-Digital,High,12.5K,Off,Off,UA English 2-123,Group Call,123,KC1JMH / Brad Brown,Always,Carrier,Off,1,1,1,Off,12,1,None,None,Off,Off,Off,Off,Normal Encryption,Off,Off,Off,Off,251.1,1,Off,On,Off,Off,Off,Off,1,0,Off,0,2,0,0,0,0,0,0,0,0,0,12
ch00741,DRSME WW,145.43000,144.83000,D-Digital,High,12.5K,Off,Off,WW Call,Group Call,1,KC1JMH / Brad Brown,Always,Carrier,Off,1,1,1,Off,12,1,None,None,Off,Off,Off,Off,Normal Encryption,Off,Off,Off,Off,251.1,1,Off,On,Off,Off,Off,Off,1,0,Off,0,2,0,0,0,0,0,0,0,0,0,12
ch00742,DRSME WW Eng,145.43000,144.83000,D-Digital,High,12.5K,Off,Off,WW English,Group Call,13,KC1JMH / Brad Brown,Always,Carrier,Off,1,1,1,Off,12,1,None,None,Off,Off,Off,Off,Normal Encryption,Off,Off,Off,Off,251.1,1,Off,On,Off,Off,Off,Off,1,0,Off,0,2,0,0,0,0,0,0,0,0,0,12
ch00743,DRSME Audio,145.43000,144.83000,D-Digital,High,12.5K,Off,Off,Audio Watch,Group Call,9999,KC1JMH / Brad Brown,Always,Carrier,Off,1,1,1,Off,12,1,None,None,Off,Off,Off,Off,Normal Encryption,Off,Off,Off,Off,251.1,1,Off,On,Off,Off,Off,Off,1,0,Off,0,2,0,0,0,0,0,0,0,0,0,12
ch00744,DRSME TAC312,145.43000,144.83000,D-Digital,High,12.5K,Off,Off,TAC312,Group Call,312,KC1JMH / Brad Brown,Always,Carrier,Off,1,1,1,Off,12,1,None,None,Off,Off,Off,Off,Normal Encryption,Off,Off,Off,Off,251.1,1,Off,On,Off,Off,Off,Off,1,0,Off,0,2,0,0,0,0,0,0,0,0,0,12
ch00745,DRSME CT SW,145.43000,144.83000,D-Digital,High,12.5K,Off,Off,CT Statewide,Group Call,3109,KC1JMH / Brad Brown,Always,Carrier,Off,1,1,1,Off,12,1,None,None,Off,Off,Off,Off,Normal Encryption,Off,Off,Off,Off,251.1,1,Off,On,Off,Off,Off,Off,1,0,Off,0,2,0,0,0,0,0,0,0,0,0,12
ch00746,DRSME MA SW,145.43000,144.83000,D-Digital,High,12.5K,Off,Off,MA Statewide,Group Call,3125,KC1JMH / Brad Brown,Always,Carrier,Off,1,1,1,Off,12,1,None,None,Off,Off,Off,Off,Normal Encryption,Off,Off,Off,Off,251.1,1,Off,On,Off,Off,Off,Off,1,0,Off,0,2,0,0,0,0,0,0,0,0,0,12
ch00747,DRSME RI SW,145.43000,144.83000,D-Digital,High,12.5K,Off,Off,RI Statewide,Group Call,3144,KC1JMH / Brad Brown,Always,Carrier,Off,1,1,1,Off,12,1,None,None,Off,Off,Off,Off,Normal Encryption,Off,Off,Off,Off,251.1,1,Off,On,Off,Off,Off,Off,1,0,Off,0,2,0,0,0,0,0,0,0,0,0,12
ch00748,DRSME VT SW,145.43000,144.83000,D-Digital,High,12.5K,Off,Off,VT Statewide,Group Call,3150,KC1JMH / Brad Brown,Always,Carrier,Off,1,1,1,Off,12,1,None,None,Off,Off,Off,Off,Normal Encryption,Off,Off,Off,Off,251.1,1,Off,On,Off,Off,Off,Off,1,0,Off,0,2,0,0,0,0,0,0,0,0,0,12
ch00749,DXTME Local,145.22000,144.62000,D-Digital,High,12.5K,Off,Off,Local,Group Call,9,KC1JMH / Brad Brown,Always,Carrier,Off,1,1,1,Off,12,2,None,None,Off,Off,Off,Off,Normal Encryption,Off,Off,Off,Off,251.1,1,Off,On,Off,Off,Off,Off,1,0,Off,0,2,0,0,0,0,0,0,0,0,0,12
ch00750,DXTME ME Event 1,145.22000,144.62000,D-Digital,High,12.5K,Off,Off,ME Event 1,Group Call,31231,KC1JMH / Brad Brown,Always,Carrier,Off,1,1,1,Off,12,1,None,None,Off,Off,Off,Off,Normal Encryption,Off,Off,Off,Off,251.1,1,Off,On,Off,Off,Off,Off,1,0,Off,0,2,0,0,0,0,0,0,0,0,0,12
ch00751,DXTME ME Event 2,145.22000,144.62000,D-Digital,High,12.5K,Off,Off,ME Event 2,Group Call,31232,KC1JMH / Brad Brown,Always,Carrier,Off,1,1,1,Off,12,2,None,None,Off,Off,Off,Off,Normal Encryption,Off,Off,Off,Off,251.1,1,Off,On,Off,Off,Off,Off,1,0,Off,0,2,0,0,0,0,0,0,0,0,0,12
ch00752,DXTME ME SW,145.22000,144.62000,D-Digital,High,12.5K,Off,Off,ME Statewide,Group Call,3123,KC1JMH / Brad Brown,Always,Carrier,Off,1,1,1,Off,12,2,None,None,Off,Off,Off,Off,Normal Encryption,Off,Off,Off,Off,251.1,1,Off,On,Off,Off,Off,Off,1,0,Off,0,2,0,0,0,0,0,0,0,0,0,12
ch00753,DXTME NE Wide,145.22000,144.62000,D-Digital,High,12.5K,Off,Off,New England-Wide,Group Call,3181,KC1JMH / Brad Brown,Always,Carrier,Off,1,1,1,Off,12,2,None,None,Off,Off,Off,Off,Normal Encryption,Off,Off,Off,Off,251.1,1,Off,On,Off,Off,Off,Off,1,0,Off,0,2,0,0,0,0,0,0,0,0,0,12
ch00754,DXTME NETAC1,145.22000,144.62000,D-Digital,High,12.5K,Off,Off,NETAC1,Group Call,8801,KC1JMH / Brad Brown,Always,Carrier,Off,1,1,1,Off,12,1,None,None,Off,Off,Off,Off,Normal Encryption,Off,Off,Off,Off,251.1,1,Off,On,Off,Off,Off,Off,1,0,Off,0,2,0,0,0,0,0,0,0,0,0,12
ch00755,DXTME NETAC2,145.22000,144.62000,D-Digital,High,12.5K,Off,Off,NETAC2,Group Call,8802,KC1JMH / Brad Brown,Always,Carrier,Off,1,1,1,Off,12,2,None,None,Off,Off,Off,Off,Normal Encryption,Off,Off,Off,Off,251.1,1,Off,On,Off,Off,Off,Off,1,0,Off,0,2,0,0,0,0,0,0,0,0,0,12
ch00756,DXTME NH SW,145.22000,144.62000,D-Digital,High,12.5K,Off,Off,NH Statewide,Group Call,3133,KC1JMH / Brad Brown,Always,Carrier,Off,1,1,1,Off,12,1,None,None,Off,Off,Off,Off,Normal Encryption,Off,Off,Off,Off,251.1,1,Off,On,Off,Off,Off,Off,1,0,Off,0,2,0,0,0,0,0,0,0,0,0,12
ch00757,DXTME North Am,145.22000,144.62000,D-Digital,High,12.5K,Off,Off,North America,Group Call,3,KC1JMH / Brad Brown,Always,Carrier,Off,1,1,1,Off,12,1,None,None,Off,Off,Off,Off,Normal Encryption,Off,Off,Off,Off,251.1,1,Off,On,Off,Off,Off,Off,1,0,Off,0,2,0,0,0,0,0,0,0,0,0,12
ch00758,DXTME Northeast,145.22000,144.62000,D-Digital,High,12.5K,Off,Off,Northeast,Group Call,3172,KC1JMH / Brad Brown,Always,Carrier,Off,1,1,1,Off,12,1,None,None,Off,Off,Off,Off,Normal Encryption,Off,Off,Off,Off,251.1,1,Off,On,Off,Off,Off,Off,1,0,Off,0,2,0,0,0,0,0,0,0,0,0,12
ch00759,DXTME Parrot,145.22000,144.62000,D-Digital,High,12.5K,Off,Off,Parrot,Group Call,9998,KC1JMH / Brad Brown,Always,Carrier,Off,1,1,1,Off,12,1,None,None,Off,Off,Off,Off,Normal Encryption,Off,Off,Off,Off,251.1,1,Off,On,Off,Off,Off,Off,1,0,Off,0,2,0,0,0,0,0,0,0,0,0,12
ch00760,DXTME Reg North,145.22000,144.62000,D-Digital,High,12.5K,Off,Off,Region North,Group Call,8,KC1JMH / Brad Brown,Always,Carrier,Off,1,1,1,Off,12,2,None,None,Off,Off,Off,Off,Normal Encryption,Off,Off,Off,Off,251.1,1,Off,On,Off,Off,Off,Off,1,0,Off,0,2,0,0,0,0,0,0,0,0,0,12
ch00761,DXTME SKYWARN,145.22000,144.62000,D-Digital,High,12.5K,Off,Off,SKYWARN,Group Call,759,KC1JMH / Brad Brown,Always,Carrier,Off,1,1,1,Off,12,1,None,None,Off,Off,Off,Off,Normal Encryption,Off,Off,Off,Off,251.1,1,Off,On,Off,Off,Off,Off,1,0,Off,0,2,0,0,0,0,0,0,0,0,0,12
ch00762,DXTME TAC310,145.22000,144.62000,D-Digital,High,12.5K,Off,Off,TAC310,Group Call,310,KC1JMH / Brad Brown,Always,Carrier,Off,1,1,1,Off,12,1,None,None,Off,Off,Off,Off,Normal Encryption,Off,Off,Off,Off,251.1,1,Off,On,Off,Off,Off,Off,1,0,Off,0,2,0,0,0,0,0,0,0,0,0,12
ch00763,DXTME TAC311,145.22000,144.62000,D-Digital,High,12.5K,Off,Off,TAC311,Group Call,311,KC1JMH / Brad Brown,Always,Carrier,Off,1,1,1,Off,12,1,None,None,Off,Off,Off,Off,Normal Encryption,Off,Off,Off,Off,251.1,1,Off,On,Off,Off,Off,Off,1,0,Off,0,2,0,0,0,0,0,0,0,0,0,12
ch00764,DXTME UA Eng1,145.22000,144.62000,D-Digital,High,12.5K,Off,Off,UA English 1-113,Group Call,113,KC1JMH / Brad Brown,Always,Carrier,Off,1,1,1,Off,12,1,None,None,Off,Off,Off,Off,Normal Encryption,Off,Off,Off,Off,251.1,1,Off,On,Off,Off,Off,Off,1,0,Off,0,2,0,0,0,0,0,0,0,0,0,12
ch00765,DXTME UA Eng2,145.22000,144.62000,D-Digital,High,12.5K,Off,Off,UA English 2-123,Group Call,123,KC1JMH / Brad Brown,Always,Carrier,Off,1,1,1,Off,12,1,None,None,Off,Off,Off,Off,Normal Encryption,Off,Off,Off,Off,251.1,1,Off,On,Off,Off,Off,Off,1,0,Off,0,2,0,0,0,0,0,0,0,0,0,12
ch00766,DXTME WW,145.22000,144.62000,D-Digital,High,12.5K,Off,Off,WW Call,Group Call,1,KC1JMH / Brad Brown,Always,Carrier,Off,1,1,1,Off,12,1,None,None,Off,Off,Off,Off,Normal Encryption,Off,Off,Off,Off,251.1,1,Off,On,Off,Off,Off,Off,1,0,Off,0,2,0,0,0,0,0,0,0,0,0,12
ch00767,DXTME WW Eng,145.22000,144.62000,D-Digital,High,12.5K,Off,Off,WW English,Group Call,13,KC1JMH / Brad Brown,Always,Carrier,Off,1,1,1,Off,12,1,None,None,Off,Off,Off,Off,Normal Encryption,Off,Off,Off,Off,251.1,1,Off,On,Off,Off,Off,Off,1,0,Off,0,2,0,0,0,0,0,0,0,0,0,12
ch00768,DXTME Audio,145.22000,144.62000,D-Digital,High,12.5K,Off,Off,Audio Watch,Group Call,9999,KC1JMH / Brad Brown,Always,Carrier,Off,1,1,1,Off,12,1,None,None,Off,Off,Off,Off,Normal Encryption,Off,Off,Off,Off,251.1,1,Off,On,Off,Off,Off,Off,1,0,Off,0,2,0,0,0,0,0,0,0,0,0,12
ch00769,DXTME TAC312,145.22000,144.62000,D-Digital,High,12.5K,Off,Off,TAC312,Group Call,312,KC1JMH / Brad Brown,Always,Carrier,Off,1,1,1,Off,12,1,None,None,Off,Off,Off,Off,Normal Encryption,Off,Off,Off,Off,251.1,1,Off,On,Off,Off,Off,Off,1,0,Off,0,2,0,0,0,0,0,0,0,0,0,12
ch00770,DXTME TAC316,145.22000,144.62000,D-Digital,High,12.5K,Off,Off,TAC316,Group Call,316,KC1JMH / Brad Brown,Always,Carrier,Off,1,1,1,Off,12,1,None,None,Off,Off,Off,Off,Normal Encryption,Off,Off,Off,Off,251.1,1,Off,On,Off,Off,Off,Off,1,0,Off,0,2,0,0,0,0,0,0,0,0,0,12
ch00771,DXTME CT SW,145.22000,144.62000,D-Digital,High,12.5K,Off,Off,CT Statewide,Group Call,3109,KC1JMH / Brad Brown,Always,Carrier,Off,1,1,1,Off,12,1,None,None,Off,Off,Off,Off,Normal Encryption,Off,Off,Off,Off,251.1,1,Off,On,Off,Off,Off,Off,1,0,Off,0,2,0,0,0,0,0,0,0,0,0,12
ch00772,DXTME MA SW,145.22000,144.62000,D-Digital,High,12.5K,Off,Off,MA Statewide,Group Call,3125,KC1JMH / Brad Brown,Always,Carrier,Off,1,1,1,Off,12,1,None,None,Off,Off,Off,Off,Normal Encryption,Off,Off,Off,Off,251.1,1,Off,On,Off,Off,Off,Off,1,0,Off,0,2,0,0,0,0,0,0,0,0,0,12
ch00773,DXTME RI SW,145.22000,144.62000,D-Digital,High,12.5K,Off,Off,RI Statewide,Group Call,3144,KC1JMH / Brad Brown,Always,Carrier,Off,1,1,1,Off,12,1,None,None,Off,Off,Off,Off,Normal Encryption,Off,Off,Off,Off,251.1,1,Off,On,Off,Off,Off,Off,1,0,Off,0,2,0,0,0,0,0,0,0,0,0,12
ch00774,DXTME VT SW,145.22000,144.62000,D-Digital,High,12.5K,Off,Off,VT Statewide,Group Call,3150,KC1JMH / Brad Brown,Always,Carrier,Off,1,1,1,Off,12,1,None,None,Off,Off,Off,Off,Normal Encryption,Off,Off,Off,Off,251.1,1,Off,On,Off,Off,Off,Off,1,0,Off,0,2,0,0,0,0,0,0,0,0,0,12
ch00775,FRMME Local,442.40000,447.40000,D-Digital,High,12.5K,Off,Off,Local,Group Call,9,KC1JMH / Brad Brown,Always,Carrier,Off,1,1,1,Off,11,2,None,None,Off,Off,Off,Off,Normal Encryption,Off,Off,Off,Off,251.1,1,Off,On,Off,Off,Off,Off,1,0,Off,0,2,0,0,0,0,0,0,0,0,0,11
ch00776,FRMME ME Event 1,442.40000,447.40000,D-Digital,High,12.5K,Off,Off,ME Event 1,Group Call,31231,KC1JMH / Brad Brown,Always,Carrier,Off,1,1,1,Off,11,1,None,None,Off,Off,Off,Off,Normal Encryption,Off,Off,Off,Off,251.1,1,Off,On,Off,Off,Off,Off,1,0,Off,0,2,0,0,0,0,0,0,0,0,0,11
ch00777,FRMME ME Event 2,442.40000,447.40000,D-Digital,High,12.5K,Off,Off,ME Event 2,Group Call,31232,KC1JMH / Brad Brown,Always,Carrier,Off,1,1,1,Off,11,2,None,None,Off,Off,Off,Off,Normal Encryption,Off,Off,Off,Off,251.1,1,Off,On,Off,Off,Off,Off,1,0,Off,0,2,0,0,0,0,0,0,0,0,0,11
ch00778,FRMME ME SW,442.40000,447.40000,D-Digital,High,12.5K,Off,Off,ME Statewide,Group Call,3123,KC1JMH / Brad Brown,Always,Carrier,Off,1,1,1,Off,11,2,None,None,Off,Off,Off,Off,Normal Encryption,Off,Off,Off,Off,251.1,1,Off,On,Off,Off,Off,Off,1,0,Off,0,2,0,0,0,0,0,0,0,0,0,11
ch00779,FRMME NE Wide,442.40000,447.40000,D-Digital,High,12.5K,Off,Off,New England-Wide,Group Call,3181,KC1JMH / Brad Brown,Always,Carrier,Off,1,1,1,Off,11,2,None,None,Off,Off,Off,Off,Normal Encryption,Off,Off,Off,Off,251.1,1,Off,On,Off,Off,Off,Off,1,0,Off,0,2,0,0,0,0,0,0,0,0,0,11
ch00780,FRMME NH SW,442.40000,447.40000,D-Digital,High,12.5K,Off,Off,NH Statewide,Group Call,3133,KC1JMH / Brad Brown,Always,Carrier,Off,1,1,1,Off,11,1,None,None,Off,Off,Off,Off,Normal Encryption,Off,Off,Off,Off,251.1,1,Off,On,Off,Off,Off,Off,1,0,Off,0,2,0,0,0,0,0,0,0,0,0,11
ch00781,FRMME North Am,442.40000,447.40000,D-Digital,High,12.5K,Off,Off,North America,Group Call,3,KC1JMH / Brad Brown,Always,Carrier,Off,1,1,1,Off,11,1,None,None,Off,Off,Off,Off,Normal Encryption,Off,Off,Off,Off,251.1,1,Off,On,Off,Off,Off,Off,1,0,Off,0,2,0,0,0,0,0,0,0,0,0,11
ch00782,FRMME Northeast,442.40000,447.40000,D-Digital,High,12.5K,Off,Off,Northeast,Group Call,3172,KC1JMH / Brad Brown,Always,Carrier,Off,1,1,1,Off,11,1,None,None,Off,Off,Off,Off,Normal Encryption,Off,Off,Off,Off,251.1,1,Off,On,Off,Off,Off,Off,1,0,Off,0,2,0,0,0,0,0,0,0,0,0,11
ch00783,FRMME Parrot,442.40000,447.40000,D-Digital,High,12.5K,Off,Off,Parrot,Group Call,9998,KC1JMH / Brad Brown,Always,Carrier,Off,1,1,1,Off,11,1,None,None,Off,Off,Off,Off,Normal Encryption,Off,Off,Off,Off,251.1,1,Off,On,Off,Off,Off,Off,1,0,Off,0,2,0,0,0,0,0,0,0,0,0,11
ch00784,FRMME Reg North,442.40000,447.40000,D-Digital,High,12.5K,Off,Off,Region North,Group Call,8,KC1JMH / Brad Brown,Always,Carrier,Off,1,1,1,Off,11,2,None,None,Off,Off,Off,Off,Normal Encryption,Off,Off,Off,Off,251.1,1,Off,On,Off,Off,Off,Off,1,0,Off,0,2,0,0,0,0,0,0,0,0,0,11
ch00785,FRMME SKYWARN,442.40000,447.40000,D-Digital,High,12.5K,Off,Off,SKYWARN,Group Call,759,KC1JMH / Brad Brown,Always,Carrier,Off,1,1,1,Off,11,1,None,None,Off,Off,Off,Off,Normal Encryption,Off,Off,Off,Off,251.1,1,Off,On,Off,Off,Off,Off,1,0,Off,0,2,0,0,0,0,0,0,0,0,0,11
ch00786,FRMME WW,442.40000,447.40000,D-Digital,High,12.5K,Off,Off,WW Call,Group Call,1,KC1JMH / Brad Brown,Always,Carrier,Off,1,1,1,Off,11,1,None,None,Off,Off,Off,Off,Normal Encryption,Off,Off,Off,Off,251.1,1,Off,On,Off,Off,Off,Off,1,0,Off,0,2,0,0,0,0,0,0,0,0,0,11
ch00787,FRMME WW Eng,442.40000,447.40000,D-Digital,High,12.5K,Off,Off,WW English,Group Call,13,KC1JMH / Brad Brown,Always,Carrier,Off,1,1,1,Off,11,1,None,None,Off,Off,Off,Off,Normal Encryption,Off,Off,Off,Off,251.1,1,Off,On,Off,Off,Off,Off,1,0,Off,0,2,0,0,0,0,0,0,0,0,0,11
ch00788,FRMME Audio,442.40000,447.40000,D-Digital,High,12.5K,Off,Off,Audio Watch,Group Call,9999,KC1JMH / Brad Brown,Always,Carrier,Off,1,1,1,Off,11,1,None,None,Off,Off,Off,Off,Normal Encryption,Off,Off,Off,Off,251.1,1,Off,On,Off,Off,Off,Off,1,0,Off,0,2,0,0,0,0,0,0,0,0,0,11
ch00789,FRMME TAC310,442.40000,447.40000,D-Digital,High,12.5K,Off,Off,TAC310,Group Call,310,KC1JMH / Brad Brown,Always,Carrier,Off,1,1,1,Off,11,1,None,None,Off,Off,Off,Off,Normal Encryption,Off,Off,Off,Off,251.1,1,Off,On,Off,Off,Off,Off,1,0,Off,0,2,0,0,0,0,0,0,0,0,0,11
ch00790,FRMME TAC311,442.40000,447.40000,D-Digital,High,12.5K,Off,Off,TAC311,Group Call,311,KC1JMH / Brad Brown,Always,Carrier,Off,1,1,1,Off,11,1,None,None,Off,Off,Off,Off,Normal Encryption,Off,Off,Off,Off,251.1,1,Off,On,Off,Off,Off,Off,1,0,Off,0,2,0,0,0,0,0,0,0,0,0,11
ch00791,FRMME TAC312,442.40000,447.40000,D-Digital,High,12.5K,Off,Off,TAC312,Group Call,312,KC1JMH / Brad Brown,Always,Carrier,Off,1,1,1,Off,11,1,None,None,Off,Off,Off,Off,Normal Encryption,Off,Off,Off,Off,251.1,1,Off,On,Off,Off,Off,Off,1,0,Off,0,2,0,0,0,0,0,0,0,0,0,11
ch00792,FRMME NETAC1,442.40000,447.40000,D-Digital,High,12.5K,Off,Off,NETAC1,Group Call,8801,KC1JMH / Brad Brown,Always,Carrier,Off,1,1,1,Off,11,1,None,None,Off,Off,Off,Off,Normal Encryption,Off,Off,Off,Off,251.1,1,Off,On,Off,Off,Off,Off,1,0,Off,0,2,0,0,0,0,0,0,0,0,0,11
ch00793,FRMME FCEMA,442.40000,447.40000,D-Digital,High,12.5K,Off,Off,FCEMA,Group Call,31235,KC1JMH / Brad Brown,Always,Carrier,Off,1,1,1,Off,11,1,None,None,Off,Off,Off,Off,Normal Encryption,Off,Off,Off,Off,251.1,1,Off,On,Off,Off,Off,Off,1,0,Off,0,2,0,0,0,0,0,0,0,0,0,11
ch00794,FRMME CT SW,442.40000,447.40000,D-Digital,High,12.5K,Off,Off,CT Statewide,Group Call,3109,KC1JMH / Brad Brown,Always,Carrier,Off,1,1,1,Off,11,1,None,None,Off,Off,Off,Off,Normal Encryption,Off,Off,Off,Off,251.1,1,Off,On,Off,Off,Off,Off,1,0,Off,0,2,0,0,0,0,0,0,0,0,0,11
ch00795,FRMME MA SW,442.40000,447.40000,D-Digital,High,12.5K,Off,Off,MA Statewide,Group Call,3125,KC1JMH / Brad Brown,Always,Carrier,Off,1,1,1,Off,11,1,None,None,Off,Off,Off,Off,Normal Encryption,Off,Off,Off,Off,251.1,1,Off,On,Off,Off,Off,Off,1,0,Off,0,2,0,0,0,0,0,0,0,0,0,11
ch00796,FRMME RI SW,442.40000,447.40000,D-Digital,High,12.5K,Off,Off,RI Statewide,Group Call,3144,KC1JMH / Brad Brown,Always,Carrier,Off,1,1,1,Off,11,1,None,None,Off,Off,Off,Off,Normal Encryption,Off,Off,Off,Off,251.1,1,Off,On,Off,Off,Off,Off,1,0,Off,0,2,0,0,0,0,0,0,0,0,0,11
ch00797,FRMME VT SW,442.40000,447.40000,D-Digital,High,12.5K,Off,Off,VT Statewide,Group Call,3150,KC1JMH / Brad Brown,Always,Carrier,Off,1,1,1,Off,11,1,None,None,Off,Off,Off,Off,Normal Encryption,Off,Off,Off,Off,251.1,1,Off,On,Off,Off,Off,Off,1,0,Off,0,2,0,0,0,0,0,0,0,0,0,11
ch00798,FRMME NETAC2,442.40000,447.40000,D-Digital,High,12.5K,Off,Off,NETAC2,Group Call,8802,KC1JMH / Brad Brown,Always,Carrier,Off,1,1,1,Off,11,2,None,None,Off,Off,Off,Off,Normal Encryption,Off,Off,Off,Off,251.1,1,Off,On,Off,Off,Off,Off,1,0,Off,0,2,0,0,0,0,0,0,0,0,0,11
ch00799,FTKME Local,145.20000,144.60000,D-Digital,High,12.5K,Off,Off,Local,Group Call,9,KC1JMH / Brad Brown,Always,Carrier,Off,1,1,1,Off,12,2,None,None,Off,Off,Off,Off,Normal Encryption,Off,Off,Off,Off,251.1,1,Off,On,Off,Off,Off,Off,1,0,Off,0,2,0,0,0,0,0,0,0,0,0,12
ch00800,FTKME ME Event 1,145.20000,144.60000,D-Digital,High,12.5K,Off,Off,ME Event 1,Group Call,31231,KC1JMH / Brad Brown,Always,Carrier,Off,1,1,1,Off,12,1,None,None,Off,Off,Off,Off,Normal Encryption,Off,Off,Off,Off,251.1,1,Off,On,Off,Off,Off,Off,1,0,Off,0,2,0,0,0,0,0,0,0,0,0,12
ch00801,FTKME ME Event 2,145.20000,144.60000,D-Digital,High,12.5K,Off,Off,ME Event 2,Group Call,31232,KC1JMH / Brad Brown,Always,Carrier,Off,1,1,1,Off,12,2,None,None,Off,Off,Off,Off,Normal Encryption,Off,Off,Off,Off,251.1,1,Off,On,Off,Off,Off,Off,1,0,Off,0,2,0,0,0,0,0,0,0,0,0,12
ch00802,FTKME ME SW,145.20000,144.60000,D-Digital,High,12.5K,Off,Off,ME Statewide,Group Call,3123,KC1JMH / Brad Brown,Always,Carrier,Off,1,1,1,Off,12,2,None,None,Off,Off,Off,Off,Normal Encryption,Off,Off,Off,Off,251.1,1,Off,On,Off,Off,Off,Off,1,0,Off,0,2,0,0,0,0,0,0,0,0,0,12
ch00803,FTKME NE Wide,145.20000,144.60000,D-Digital,High,12.5K,Off,Off,New England-Wide,Group Call,3181,KC1JMH / Brad Brown,Always,Carrier,Off,1,1,1,Off,12,2,None,None,Off,Off,Off,Off,Normal Encryption,Off,Off,Off,Off,251.1,1,Off,On,Off,Off,Off,Off,1,0,Off,0,2,0,0,0,0,0,0,0,0,0,12
ch00804,FTKME NETAC1,145.20000,144.60000,D-Digital,High,12.5K,Off,Off,NETAC1,Group Call,8801,KC1JMH / Brad Brown,Always,Carrier,Off,1,1,1,Off,12,1,None,None,Off,Off,Off,Off,Normal Encryption,Off,Off,Off,Off,251.1,1,Off,On,Off,Off,Off,Off,1,0,Off,0,2,0,0,0,0,0,0,0,0,0,12
ch00805,FTKME NETAC2,145.20000,144.60000,D-Digital,High,12.5K,Off,Off,NETAC2,Group Call,8802,KC1JMH / Brad Brown,Always,Carrier,Off,1,1,1,Off,12,2,None,None,Off,Off,Off,Off,Normal Encryption,Off,Off,Off,Off,251.1,1,Off,On,Off,Off,Off,Off,1,0,Off,0,2,0,0,0,0,0,0,0,0,0,12
ch00806,FTKME NEWBRNSWCK,145.20000,144.60000,D-Digital,High,12.5K,Off,Off,New Brunswick,Group Call,3029,KC1JMH / Brad Brown,Always,Carrier,Off,1,1,1,Off,12,1,None,None,Off,Off,Off,Off,Normal Encryption,Off,Off,Off,Off,251.1,1,Off,On,Off,Off,Off,Off,1,0,Off,0,2,0,0,0,0,0,0,0,0,0,12
ch00807,FTKME NH SW,145.20000,144.60000,D-Digital,High,12.5K,Off,Off,NH Statewide,Group Call,3133,KC1JMH / Brad Brown,Always,Carrier,Off,1,1,1,Off,12,1,None,None,Off,Off,Off,Off,Normal Encryption,Off,Off,Off,Off,251.1,1,Off,On,Off,Off,Off,Off,1,0,Off,0,2,0,0,0,0,0,0,0,0,0,12
ch00808,FTKME North Am,145.20000,144.60000,D-Digital,High,12.5K,Off,Off,North America,Group Call,3,KC1JMH / Brad Brown,Always,Carrier,Off,1,1,1,Off,12,1,None,None,Off,Off,Off,Off,Normal Encryption,Off,Off,Off,Off,251.1,1,Off,On,Off,Off,Off,Off,1,0,Off,0,2,0,0,0,0,0,0,0,0,0,12
ch00809,FTKME Northeast,145.20000,144.60000,D-Digital,High,12.5K,Off,Off,Northeast,Group Call,3172,KC1JMH / Brad Brown,Always,Carrier,Off,1,1,1,Off,12,1,None,None,Off,Off,Off,Off,Normal Encryption,Off,Off,Off,Off,251.1,1,Off,On,Off,Off,Off,Off,1,0,Off,0,2,0,0,0,0,0,0,0,0,0,12
ch00810,FTKME Parrot,145.20000,144.60000,D-Digital,High,12.5K,Off,Off,Parrot,Group Call,9998,KC1JMH / Brad Brown,Always,Carrier,Off,1,1,1,Off,12,1,None,None,Off,Off,Off,Off,Normal Encryption,Off,Off,Off,Off,251.1,1,Off,On,Off,Off,Off,Off,1,0,Off,0,2,0,0,0,0,0,0,0,0,0,12
ch00811,FTKME Reg North,145.20000,144.60000,D-Digital,High,12.5K,Off,Off,Region North,Group Call,8,KC1JMH / Brad Brown,Always,Carrier,Off,1,1,1,Off,12,2,None,None,Off,Off,Off,Off,Normal Encryption,Off,Off,Off,Off,251.1,1,Off,On,Off,Off,Off,Off,1,0,Off,0,2,0,0,0,0,0,0,0,0,0,12
ch00812,FTKME SKYWARN,145.20000,144.60000,D-Digital,High,12.5K,Off,Off,SKYWARN,Group Call,759,KC1JMH / Brad Brown,Always,Carrier,Off,1,1,1,Off,12,1,None,None,Off,Off,Off,Off,Normal Encryption,Off,Off,Off,Off,251.1,1,Off,On,Off,Off,Off,Off,1,0,Off,0,2,0,0,0,0,0,0,0,0,0,12
ch00813,FTKME TAC310,145.20000,144.60000,D-Digital,High,12.5K,Off,Off,TAC310,Group Call,310,KC1JMH / Brad Brown,Always,Carrier,Off,1,1,1,Off,12,1,None,None,Off,Off,Off,Off,Normal Encryption,Off,Off,Off,Off,251.1,1,Off,On,Off,Off,Off,Off,1,0,Off,0,2,0,0,0,0,0,0,0,0,0,12
ch00814,FTKME TAC311,145.20000,144.60000,D-Digital,High,12.5K,Off,Off,TAC311,Group Call,311,KC1JMH / Brad Brown,Always,Carrier,Off,1,1,1,Off,12,1,None,None,Off,Off,Off,Off,Normal Encryption,Off,Off,Off,Off,251.1,1,Off,On,Off,Off,Off,Off,1,0,Off,0,2,0,0,0,0,0,0,0,0,0,12
ch00815,FTKME UA Eng1,145.20000,144.60000,D-Digital,High,12.5K,Off,Off,UA English 1-113,Group Call,113,KC1JMH / Brad Brown,Always,Carrier,Off,1,1,1,Off,12,1,None,None,Off,Off,Off,Off,Normal Encryption,Off,Off,Off,Off,251.1,1,Off,On,Off,Off,Off,Off,1,0,Off,0,2,0,0,0,0,0,0,0,0,0,12
ch00816,FTKME UA Eng2,145.20000,144.60000,D-Digital,High,12.5K,Off,Off,UA English 2-123,Group Call,123,KC1JMH / Brad Brown,Always,Carrier,Off,1,1,1,Off,12,1,None,None,Off,Off,Off,Off,Normal Encryption,Off,Off,Off,Off,251.1,1,Off,On,Off,Off,Off,Off,1,0,Off,0,2,0,0,0,0,0,0,0,0,0,12
ch00817,FTKME WW,145.20000,144.60000,D-Digital,High,12.5K,Off,Off,WW Call,Group Call,1,KC1JMH / Brad Brown,Always,Carrier,Off,1,1,1,Off,12,1,None,None,Off,Off,Off,Off,Normal Encryption,Off,Off,Off,Off,251.1,1,Off,On,Off,Off,Off,Off,1,0,Off,0,2,0,0,0,0,0,0,0,0,0,12
ch00818,FTKME WW Eng,145.20000,144.60000,D-Digital,High,12.5K,Off,Off,WW English,Group Call,13,KC1JMH / Brad Brown,Always,Carrier,Off,1,1,1,Off,12,1,None,None,Off,Off,Off,Off,Normal Encryption,Off,Off,Off,Off,251.1,1,Off,On,Off,Off,Off,Off,1,0,Off,0,2,0,0,0,0,0,0,0,0,0,12
ch00819,FTKME Audio,145.20000,144.60000,D-Digital,High,12.5K,Off,Off,Audio Watch,Group Call,9999,KC1JMH / Brad Brown,Always,Carrier,Off,1,1,1,Off,12,1,None,None,Off,Off,Off,Off,Normal Encryption,Off,Off,Off,Off,251.1,1,Off,On,Off,Off,Off,Off,1,0,Off,0,2,0,0,0,0,0,0,0,0,0,12
ch00820,FTKME TAC312,145.20000,144.60000,D-Digital,High,12.5K,Off,Off,TAC312,Group Call,312,KC1JMH / Brad Brown,Always,Carrier,Off,1,1,1,Off,12,1,None,None,Off,Off,Off,Off,Normal Encryption,Off,Off,Off,Off,251.1,1,Off,On,Off,Off,Off,Off,1,0,Off,0,2,0,0,0,0,0,0,0,0,0,12
ch00821,FTKME CT SW,145.20000,144.60000,D-Digital,High,12.5K,Off,Off,CT Statewide,Group Call,3109,KC1JMH / Brad Brown,Always,Carrier,Off,1,1,1,Off,12,1,None,None,Off,Off,Off,Off,Normal Encryption,Off,Off,Off,Off,251.1,1,Off,On,Off,Off,Off,Off,1,0,Off,0,2,0,0,0,0,0,0,0,0,0,12
ch00822,FTKME MA SW,145.20000,144.60000,D-Digital,High,12.5K,Off,Off,MA Statewide,Group Call,3125,KC1JMH / Brad Brown,Always,Carrier,Off,1,1,1,Off,12,1,None,None,Off,Off,Off,Off,Normal Encryption,Off,Off,Off,Off,251.1,1,Off,On,Off,Off,Off,Off,1,0,Off,0,2,0,0,0,0,0,0,0,0,0,12
ch00823,FTKME RI SW,145.20000,144.60000,D-Digital,High,12.5K,Off,Off,RI Statewide,Group Call,3144,KC1JMH / Brad Brown,Always,Carrier,Off,1,1,1,Off,12,1,None,None,Off,Off,Off,Off,Normal Encryption,Off,Off,Off,Off,251.1,1,Off,On,Off,Off,Off,Off,1,0,Off,0,2,0,0,0,0,0,0,0,0,0,12
ch00824,FTKME VT SW,145.20000,144.60000,D-Digital,High,12.5K,Off,Off,VT Statewide,Group Call,3150,KC1JMH / Brad Brown,Always,Carrier,Off,1,1,1,Off,12,1,None,None,Off,Off,Off,Off,Normal Encryption,Off,Off,Off,Off,251.1,1,Off,On,Off,Off,Off,Off,1,0,Off,0,2,0,0,0,0,0,0,0,0,0,12
ch00825,GLDME Local,145.21000,144.61000,D-Digital,High,12.5K,Off,Off,Local,Group Call,9,KC1JMH / Brad Brown,Always,Carrier,Off,1,1,1,Off,12,2,None,None,Off,Off,Off,Off,Normal Encryption,Off,Off,Off,Off,251.1,1,Off,On,Off,Off,Off,Off,1,0,Off,0,2,0,0,0,0,0,0,0,0,0,12
ch00826,GLDME ME Event 1,145.21000,144.61000,D-Digital,High,12.5K,Off,Off,ME Event 1,Group Call,31231,KC1JMH / Brad Brown,Always,Carrier,Off,1,1,1,Off,12,1,None,None,Off,Off,Off,Off,Normal Encryption,Off,Off,Off,Off,251.1,1,Off,On,Off,Off,Off,Off,1,0,Off,0,2,0,0,0,0,0,0,0,0,0,12
ch00827,GLDME ME Event 2,145.21000,144.61000,D-Digital,High,12.5K,Off,Off,ME Event 2,Group Call,31232,KC1JMH / Brad Brown,Always,Carrier,Off,1,1,1,Off,12,2,None,None,Off,Off,Off,Off,Normal Encryption,Off,Off,Off,Off,251.1,1,Off,On,Off,Off,Off,Off,1,0,Off,0,2,0,0,0,0,0,0,0,0,0,12
ch00828,GLDME ME SW,145.21000,144.61000,D-Digital,High,12.5K,Off,Off,ME Statewide,Group Call,3123,KC1JMH / Brad Brown,Always,Carrier,Off,1,1,1,Off,12,2,None,None,Off,Off,Off,Off,Normal Encryption,Off,Off,Off,Off,251.1,1,Off,On,Off,Off,Off,Off,1,0,Off,0,2,0,0,0,0,0,0,0,0,0,12
ch00829,GLDME NE Wide,145.21000,144.61000,D-Digital,High,12.5K,Off,Off,New England-Wide,Group Call,3181,KC1JMH / Brad Brown,Always,Carrier,Off,1,1,1,Off,12,2,None,None,Off,Off,Off,Off,Normal Encryption,Off,Off,Off,Off,251.1,1,Off,On,Off,Off,Off,Off,1,0,Off,0,2,0,0,0,0,0,0,0,0,0,12
ch00830,GLDME NETAC1,145.21000,144.61000,D-Digital,High,12.5K,Off,Off,NETAC1,Group Call,8801,KC1JMH / Brad Brown,Always,Carrier,Off,1,1,1,Off,12,1,None,None,Off,Off,Off,Off,Normal Encryption,Off,Off,Off,Off,251.1,1,Off,On,Off,Off,Off,Off,1,0,Off,0,2,0,0,0,0,0,0,0,0,0,12
ch00831,GLDME NETAC2,145.21000,144.61000,D-Digital,High,12.5K,Off,Off,NETAC2,Group Call,8802,KC1JMH / Brad Brown,Always,Carrier,Off,1,1,1,Off,12,2,None,None,Off,Off,Off,Off,Normal Encryption,Off,Off,Off,Off,251.1,1,Off,On,Off,Off,Off,Off,1,0,Off,0,2,0,0,0,0,0,0,0,0,0,12
ch00832,GLDME NEWBRNSWCK,145.21000,144.61000,D-Digital,High,12.5K,Off,Off,New Brunswick,Group Call,3029,KC1JMH / Brad Brown,Always,Carrier,Off,1,1,1,Off,12,1,None,None,Off,Off,Off,Off,Normal Encryption,Off,Off,Off,Off,251.1,1,Off,On,Off,Off,Off,Off,1,0,Off,0,2,0,0,0,0,0,0,0,0,0,12
ch00833,GLDME NH SW,145.21000,144.61000,D-Digital,High,12.5K,Off,Off,NH Statewide,Group Call,3133,KC1JMH / Brad Brown,Always,Carrier,Off,1,1,1,Off,12,1,None,None,Off,Off,Off,Off,Normal Encryption,Off,Off,Off,Off,251.1,1,Off,On,Off,Off,Off,Off,1,0,Off,0,2,0,0,0,0,0,0,0,0,0,12
ch00834,GLDME North Am,145.21000,144.61000,D-Digital,High,12.5K,Off,Off,North America,Group Call,3,KC1JMH / Brad Brown,Always,Carrier,Off,1,1,1,Off,12,1,None,None,Off,Off,Off,Off,Normal Encryption,Off,Off,Off,Off,251.1,1,Off,On,Off,Off,Off,Off,1,0,Off,0,2,0,0,0,0,0,0,0,0,0,12
ch00835,GLDME Northeast,145.21000,144.61000,D-Digital,High,12.5K,Off,Off,Northeast,Group Call,3172,KC1JMH / Brad Brown,Always,Carrier,Off,1,1,1,Off,12,1,None,None,Off,Off,Off,Off,Normal Encryption,Off,Off,Off,Off,251.1,1,Off,On,Off,Off,Off,Off,1,0,Off,0,2,0,0,0,0,0,0,0,0,0,12
ch00836,GLDME Parrot,145.21000,144.61000,D-Digital,High,12.5K,Off,Off,Parrot,Group Call,9998,KC1JMH / Brad Brown,Always,Carrier,Off,1,1,1,Off,12,1,None,None,Off,Off,Off,Off,Normal Encryption,Off,Off,Off,Off,251.1,1,Off,On,Off,Off,Off,Off,1,0,Off,0,2,0,0,0,0,0,0,0,0,0,12
ch00837,GLDME Reg North,145.21000,144.61000,D-Digital,High,12.5K,Off,Off,Region North,Group Call,8,KC1JMH / Brad Brown,Always,Carrier,Off,1,1,1,Off,12,2,None,None,Off,Off,Off,Off,Normal Encryption,Off,Off,Off,Off,251.1,1,Off,On,Off,Off,Off,Off,1,0,Off,0,2,0,0,0,0,0,0,0,0,0,12
ch00838,GLDME SKYWARN,145.21000,144.61000,D-Digital,High,12.5K,Off,Off,SKYWARN,Group Call,759,KC1JMH / Brad Brown,Always,Carrier,Off,1,1,1,Off,12,1,None,None,Off,Off,Off,Off,Normal Encryption,Off,Off,Off,Off,251.1,1,Off,On,Off,Off,Off,Off,1,0,Off,0,2,0,0,0,0,0,0,0,0,0,12
ch00839,GLDME TAC310,145.21000,144.61000,D-Digital,High,12.5K,Off,Off,TAC310,Group Call,310,KC1JMH / Brad Brown,Always,Carrier,Off,1,1,1,Off,12,1,None,None,Off,Off,Off,Off,Normal Encryption,Off,Off,Off,Off,251.1,1,Off,On,Off,Off,Off,Off,1,0,Off,0,2,0,0,0,0,0,0,0,0,0,12
ch00840,GLDME TAC311,145.21000,144.61000,D-Digital,High,12.5K,Off,Off,TAC311,Group Call,311,KC1JMH / Brad Brown,Always,Carrier,Off,1,1,1,Off,12,1,None,None,Off,Off,Off,Off,Normal Encryption,Off,Off,Off,Off,251.1,1,Off,On,Off,Off,Off,Off,1,0,Off,0,2,0,0,0,0,0,0,0,0,0,12
ch00841,GLDME UA Eng1,145.21000,144.61000,D-Digital,High,12.5K,Off,Off,UA English 1-113,Group Call,113,KC1JMH / Brad Brown,Always,Carrier,Off,1,1,1,Off,12,1,None,None,Off,Off,Off,Off,Normal Encryption,Off,Off,Off,Off,251.1,1,Off,On,Off,Off,Off,Off,1,0,Off,0,2,0,0,0,0,0,0,0,0,0,12
ch00842,GLDME UA Eng2,145.21000,144.61000,D-Digital,High,12.5K,Off,Off,UA English 2-123,Group Call,123,KC1JMH / Brad Brown,Always,Carrier,Off,1,1,1,Off,12,1,None,None,Off,Off,Off,Off,Normal Encryption,Off,Off,Off,Off,251.1,1,Off,On,Off,Off,Off,Off,1,0,Off,0,2,0,0,0,0,0,0,0,0,0,12
ch00843,GLDME WW,145.21000,144.61000,D-Digital,High,12.5K,Off,Off,WW Call,Group Call,1,KC1JMH / Brad Brown,Always,Carrier,Off,1,1,1,Off,12,1,None,None,Off,Off,Off,Off,Normal Encryption,Off,Off,Off,Off,251.1,1,Off,On,Off,Off,Off,Off,1,0,Off,0,2,0,0,0,0,0,0,0,0,0,12
ch00844,GLDME WW Eng,145.21000,144.61000,D-Digital,High,12.5K,Off,Off,WW English,Group Call,13,KC1JMH / Brad Brown,Always,Carrier,Off,1,1,1,Off,12,1,None,None,Off,Off,Off,Off,Normal Encryption,Off,Off,Off,Off,251.1,1,Off,On,Off,Off,Off,Off,1,0,Off,0,2,0,0,0,0,0,0,0,0,0,12
ch00845,GLDME Audio,145.21000,144.61000,D-Digital,High,12.5K,Off,Off,Audio Watch,Group Call,9999,KC1JMH / Brad Brown,Always,Carrier,Off,1,1,1,Off,12,1,None,None,Off,Off,Off,Off,Normal Encryption,Off,Off,Off,Off,251.1,1,Off,On,Off,Off,Off,Off,1,0,Off,0,2,0,0,0,0,0,0,0,0,0,12
ch00846,GLDME TAC312,145.21000,144.61000,D-Digital,High,12.5K,Off,Off,TAC312,Group Call,312,KC1JMH / Brad Brown,Always,Carrier,Off,1,1,1,Off,12,1,None,None,Off,Off,Off,Off,Normal Encryption,Off,Off,Off,Off,251.1,1,Off,On,Off,Off,Off,Off,1,0,Off,0,2,0,0,0,0,0,0,0,0,0,12
ch00847,GLDME TAC316,145.21000,144.61000,D-Digital,High,12.5K,Off,Off,TAC316,Group Call,316,KC1JMH / Brad Brown,Always,Carrier,Off,1,1,1,Off,12,1,None,None,Off,Off,Off,Off,Normal Encryption,Off,Off,Off,Off,251.1,1,Off,On,Off,Off,Off,Off,1,0,Off,0,2,0,0,0,0,0,0,0,0,0,12
ch00848,GLDME CT SW,145.21000,144.61000,D-Digital,High,12.5K,Off,Off,CT Statewide,Group Call,3109,KC1JMH / Brad Brown,Always,Carrier,Off,1,1,1,Off,12,1,None,None,Off,Off,Off,Off,Normal Encryption,Off,Off,Off,Off,251.1,1,Off,On,Off,Off,Off,Off,1,0,Off,0,2,0,0,0,0,0,0,0,0,0,12
ch00849,GLDME MA SW,145.21000,144.61000,D-Digital,High,12.5K,Off,Off,MA Statewide,Group Call,3125,KC1JMH / Brad Brown,Always,Carrier,Off,1,1,1,Off,12,1,None,None,Off,Off,Off,Off,Normal Encryption,Off,Off,Off,Off,251.1,1,Off,On,Off,Off,Off,Off,1,0,Off,0,2,0,0,0,0,0,0,0,0,0,12
ch00850,GLDME RI SW,145.21000,144.61000,D-Digital,High,12.5K,Off,Off,RI Statewide,Group Call,3144,KC1JMH / Brad Brown,Always,Carrier,Off,1,1,1,Off,12,1,None,None,Off,Off,Off,Off,Normal Encryption,Off,Off,Off,Off,251.1,1,Off,On,Off,Off,Off,Off,1,0,Off,0,2,0,0,0,0,0,0,0,0,0,12
ch00851,GLDME VT SW,145.21000,144.61000,D-Digital,High,12.5K,Off,Off,VT Statewide,Group Call,3150,KC1JMH / Brad Brown,Always,Carrier,Off,1,1,1,Off,12,1,None,None,Off,Off,Off,Off,Normal Encryption,Off,Off,Off,Off,251.1,1,Off,On,Off,Off,Off,Off,1,0,Off,0,2,0,0,0,0,0,0,0,0,0,12
ch00852,HLDME Local,145.31000,144.71000,D-Digital,High,12.5K,Off,Off,Local,Group Call,9,KC1JMH / Brad Brown,Always,Carrier,Off,1,1,1,Off,10,2,None,None,Off,Off,Off,Off,Normal Encryption,Off,Off,Off,Off,251.1,1,Off,On,Off,Off,Off,Off,1,0,Off,0,2,0,0,0,0,0,0,0,0,0,10
ch00853,HLDME ME Event 1,145.31000,144.71000,D-Digital,Turbo,12.5K,Off,Off,ME Event 1,Group Call,31231,KC1JMH / Brad Brown,Always,Carrier,Off,1,1,1,Off,10,1,None,None,Off,Off,Off,Off,Normal Encryption,Off,Off,Off,Off,251.1,1,Off,Off,Off,Off,Off,Off,1,0,Off,0,2,0,0,0,0,0,0,0,0,0,10
ch00854,HLDME ME Event 2,145.31000,144.71000,D-Digital,Turbo,12.5K,Off,Off,ME Event 2,Group Call,31232,KC1JMH / Brad Brown,Always,Carrier,Off,1,1,1,Off,10,2,None,None,Off,Off,Off,Off,Normal Encryption,Off,Off,Off,Off,251.1,1,Off,Off,Off,Off,Off,Off,1,0,Off,0,2,0,0,0,0,0,0,0,0,0,10
ch00855,HLDME ME SW,145.31000,144.71000,D-Digital,High,12.5K,Off,Off,ME Statewide,Group Call,3123,KC1JMH / Brad Brown,Always,Carrier,Off,1,1,1,Off,10,2,None,None,Off,Off,Off,Off,Normal Encryption,Off,Off,Off,Off,251.1,1,Off,On,Off,Off,Off,Off,1,0,Off,0,2,0,0,0,0,0,0,0,0,0,10
ch00856,HLDME NE Wide,145.31000,144.71000,D-Digital,High,12.5K,Off,Off,New England-Wide,Group Call,3181,KC1JMH / Brad Brown,Always,Carrier,Off,1,1,1,Off,10,2,None,None,Off,Off,Off,Off,Normal Encryption,Off,Off,Off,Off,251.1,1,Off,On,Off,Off,Off,Off,1,0,Off,0,2,0,0,0,0,0,0,0,0,0,10
ch00857,HLDME NETAC1,145.31000,144.71000,D-Digital,High,12.5K,Off,Off,NETAC1,Group Call,8801,KC1JMH / Brad Brown,Always,Carrier,Off,1,1,1,Off,10,1,None,None,Off,Off,Off,Off,Normal Encryption,Off,Off,Off,Off,251.1,1,Off,On,Off,Off,Off,Off,1,0,Off,0,2,0,0,0,0,0,0,0,0,0,10
ch00858,HLDME NETAC2,145.31000,144.71000,D-Digital,High,12.5K,Off,Off,NETAC2,Group Call,8802,KC1JMH / Brad Brown,Always,Carrier,Off,1,1,1,Off,10,2,None,None,Off,Off,Off,Off,Normal Encryption,Off,Off,Off,Off,251.1,1,Off,On,Off,Off,Off,Off,1,0,Off,0,2,0,0,0,0,0,0,0,0,0,10
ch00859,HLDME NH SW,145.31000,144.71000,D-Digital,High,12.5K,Off,Off,NH Statewide,Group Call,3133,KC1JMH / Brad Brown,Always,Carrier,Off,1,1,1,Off,10,1,None,None,Off,Off,Off,Off,Normal Encryption,Off,Off,Off,Off,251.1,1,Off,On,Off,Off,Off,Off,1,0,Off,0,2,0,0,0,0,0,0,0,0,0,10
ch00860,HLDME North Am,145.31000,144.71000,D-Digital,High,12.5K,Off,Off,North America,Group Call,3,KC1JMH / Brad Brown,Always,Carrier,Off,1,1,1,Off,10,1,None,None,Off,Off,Off,Off,Normal Encryption,Off,Off,Off,Off,251.1,1,Off,On,Off,Off,Off,Off,1,0,Off,0,2,0,0,0,0,0,0,0,0,0,10
ch00861,HLDME Northeast,145.31000,144.71000,D-Digital,High,12.5K,Off,Off,Northeast,Group Call,3172,KC1JMH / Brad Brown,Always,Carrier,Off,1,1,1,Off,10,1,None,None,Off,Off,Off,Off,Normal Encryption,Off,Off,Off,Off,251.1,1,Off,On,Off,Off,Off,Off,1,0,Off,0,2,0,0,0,0,0,0,0,0,0,10
ch00862,HLDME Parrot,145.31000,144.71000,D-Digital,High,12.5K,Off,Off,Parrot,Group Call,9998,KC1JMH / Brad Brown,Always,Carrier,Off,1,1,1,Off,10,1,None,None,Off,Off,Off,Off,Normal Encryption,Off,Off,Off,Off,251.1,1,Off,On,Off,Off,Off,Off,1,0,Off,0,2,0,0,0,0,0,0,0,0,0,10
ch00863,HLDME Reg North,145.31000,144.71000,D-Digital,High,12.5K,Off,Off,Region North,Group Call,8,KC1JMH / Brad Brown,Always,Carrier,Off,1,1,1,Off,10,2,None,None,Off,Off,Off,Off,Normal Encryption,Off,Off,Off,Off,251.1,1,Off,On,Off,Off,Off,Off,1,0,Off,0,2,0,0,0,0,0,0,0,0,0,10
ch00864,HLDME SKYWARN,145.31000,144.71000,D-Digital,High,12.5K,Off,Off,SKYWARN,Group Call,759,KC1JMH / Brad Brown,Always,Carrier,Off,1,1,1,Off,10,1,None,None,Off,Off,Off,Off,Normal Encryption,Off,Off,Off,Off,251.1,1,Off,On,Off,Off,Off,Off,1,0,Off,0,2,0,0,0,0,0,0,0,0,0,10
ch00865,HLDME TAC310,145.31000,144.71000,D-Digital,High,12.5K,Off,Off,TAC310,Group Call,310,KC1JMH / Brad Brown,Always,Carrier,Off,1,1,1,Off,10,1,None,None,Off,Off,Off,Off,Normal Encryption,Off,Off,Off,Off,251.1,1,Off,On,Off,Off,Off,Off,1,0,Off,0,2,0,0,0,0,0,0,0,0,0,10
ch00866,HLDME TAC311,145.31000,144.71000,D-Digital,High,12.5K,Off,Off,TAC311,Group Call,311,KC1JMH / Brad Brown,Always,Carrier,Off,1,1,1,Off,10,1,None,None,Off,Off,Off,Off,Normal Encryption,Off,Off,Off,Off,251.1,1,Off,On,Off,Off,Off,Off,1,0,Off,0,2,0,0,0,0,0,0,0,0,0,10
ch00867,HLDME UA Eng1,145.31000,144.71000,D-Digital,High,12.5K,Off,Off,UA English 1-113,Group Call,113,KC1JMH / Brad Brown,Always,Carrier,Off,1,1,1,Off,10,1,None,None,Off,Off,Off,Off,Normal Encryption,Off,Off,Off,Off,251.1,1,Off,On,Off,Off,Off,Off,1,0,Off,0,2,0,0,0,0,0,0,0,0,0,10
ch00868,HLDME UA Eng2,145.31000,144.71000,D-Digital,High,12.5K,Off,Off,UA English 2-123,Group Call,123,KC1JMH / Brad Brown,Always,Carrier,Off,1,1,1,Off,10,1,None,None,Off,Off,Off,Off,Normal Encryption,Off,Off,Off,Off,251.1,1,Off,On,Off,Off,Off,Off,1,0,Off,0,2,0,0,0,0,0,0,0,0,0,10
ch00869,HLDME WW,145.31000,144.71000,D-Digital,High,12.5K,Off,Off,WW Call,Group Call,1,KC1JMH / Brad Brown,Always,Carrier,Off,1,1,1,Off,10,1,None,None,Off,Off,Off,Off,Normal Encryption,Off,Off,Off,Off,251.1,1,Off,On,Off,Off,Off,Off,1,0,Off,0,2,0,0,0,0,0,0,0,0,0,10
ch00870,HLDME WW Eng,145.31000,144.71000,D-Digital,High,12.5K,Off,Off,WW English,Group Call,13,KC1JMH / Brad Brown,Always,Carrier,Off,1,1,1,Off,10,1,None,None,Off,Off,Off,Off,Normal Encryption,Off,Off,Off,Off,251.1,1,Off,On,Off,Off,Off,Off,1,0,Off,0,2,0,0,0,0,0,0,0,0,0,10
ch00871,HLDME Audio,145.31000,144.71000,D-Digital,High,12.5K,Off,Off,Audio Watch,Group Call,9999,KC1JMH / Brad Brown,Always,Carrier,Off,1,1,1,Off,10,1,None,None,Off,Off,Off,Off,Normal Encryption,Off,Off,Off,Off,251.1,1,Off,On,Off,Off,Off,Off,1,0,Off,0,2,0,0,0,0,0,0,0,0,0,10
ch00872,HLDME TAC312,145.31000,144.71000,D-Digital,High,12.5K,Off,Off,TAC312,Group Call,312,KC1JMH / Brad Brown,Always,Carrier,Off,1,1,1,Off,10,1,None,None,Off,Off,Off,Off,Normal Encryption,Off,Off,Off,Off,251.1,1,Off,On,Off,Off,Off,Off,1,0,Off,0,2,0,0,0,0,0,0,0,0,0,10
ch00873,HLDME TAC316,145.31000,144.71000,D-Digital,High,12.5K,Off,Off,TAC316,Group Call,316,KC1JMH / Brad Brown,Always,Carrier,Off,1,1,1,Off,10,1,None,None,Off,Off,Off,Off,Normal Encryption,Off,Off,Off,Off,251.1,1,Off,On,Off,Off,Off,Off,1,0,Off,0,2,0,0,0,0,0,0,0,0,0,10
ch00874,HLDME CT SW,145.31000,144.71000,D-Digital,High,12.5K,Off,Off,CT Statewide,Group Call,3109,KC1JMH / Brad Brown,Always,Carrier,Off,1,1,1,Off,10,1,None,None,Off,Off,Off,Off,Normal Encryption,Off,Off,Off,Off,251.1,1,Off,On,Off,Off,Off,Off,1,0,Off,0,2,0,0,0,0,0,0,0,0,0,10
ch00875,HLDME MA SW,145.31000,144.71000,D-Digital,High,12.5K,Off,Off,MA Statewide,Group Call,3125,KC1JMH / Brad Brown,Always,Carrier,Off,1,1,1,Off,10,1,None,None,Off,Off,Off,Off,Normal Encryption,Off,Off,Off,Off,251.1,1,Off,On,Off,Off,Off,Off,1,0,Off,0,2,0,0,0,0,0,0,0,0,0,10
ch00876,HLDME RI SW,145.31000,144.71000,D-Digital,High,12.5K,Off,Off,RI Statewide,Group Call,3144,KC1JMH / Brad Brown,Always,Carrier,Off,1,1,1,Off,10,1,None,None,Off,Off,Off,Off,Normal Encryption,Off,Off,Off,Off,251.1,1,Off,On,Off,Off,Off,Off,1,0,Off,0,2,0,0,0,0,0,0,0,0,0,10
ch00877,HLDME VT SW,145.31000,144.71000,D-Digital,High,12.5K,Off,Off,VT Statewide,Group Call,3150,KC1JMH / Brad Brown,Always,Carrier,Off,1,1,1,Off,10,1,None,None,Off,Off,Off,Off,Normal Encryption,Off,Off,Off,Off,251.1,1,Off,On,Off,Off,Off,Off,1,0,Off,0,2,0,0,0,0,0,0,0,0,0,10
ch00878,KBYME CT SW,145.12000,144.52000,D-Digital,High,12.5K,Off,Off,CT Statewide,Group Call,3109,KC1JMH / Brad Brown,Always,Carrier,Off,1,1,1,Off,11,1,None,None,Off,Off,Off,Off,Normal Encryption,Off,Off,Off,Off,251.1,1,Off,On,Off,Off,Off,Off,1,0,Off,0,2,0,0,0,0,0,0,0,0,0,11
ch00879,KBYME Local,145.12000,144.52000,D-Digital,High,12.5K,Off,Off,Local,Group Call,9,KC1JMH / Brad Brown,Always,Carrier,Off,1,1,1,Off,11,2,None,None,Off,Off,Off,Off,Normal Encryption,Off,Off,Off,Off,251.1,1,Off,On,Off,Off,Off,Off,1,0,Off,0,2,0,0,0,0,0,0,0,0,0,11
ch00880,KBYME MA SW,145.12000,144.52000,D-Digital,High,12.5K,Off,Off,MA Statewide,Group Call,3125,KC1JMH / Brad Brown,Always,Carrier,Off,1,1,1,Off,11,1,None,None,Off,Off,Off,Off,Normal Encryption,Off,Off,Off,Off,251.1,1,Off,On,Off,Off,Off,Off,1,0,Off,0,2,0,0,0,0,0,0,0,0,0,11
ch00881,KBYME ME Event 1,145.12000,144.52000,D-Digital,High,12.5K,Off,Off,ME Event 1,Group Call,31231,KC1JMH / Brad Brown,Always,Carrier,Off,1,1,1,Off,11,1,None,None,Off,Off,Off,Off,Normal Encryption,Off,Off,Off,Off,251.1,1,Off,On,Off,Off,Off,Off,1,0,Off,0,2,0,0,0,0,0,0,0,0,0,11
ch00882,KBYME ME Event 2,145.12000,144.52000,D-Digital,High,12.5K,Off,Off,ME Event 2,Group Call,31232,KC1JMH / Brad Brown,Always,Carrier,Off,1,1,1,Off,11,2,None,None,Off,Off,Off,Off,Normal Encryption,Off,Off,Off,Off,251.1,1,Off,On,Off,Off,Off,Off,1,0,Off,0,2,0,0,0,0,0,0,0,0,0,11
ch00883,KBYME ME SW,145.12000,144.52000,D-Digital,High,12.5K,Off,Off,ME Statewide,Group Call,3123,KC1JMH / Brad Brown,Always,Carrier,Off,1,1,1,Off,11,2,None,None,Off,Off,Off,Off,Normal Encryption,Off,Off,Off,Off,251.1,1,Off,On,Off,Off,Off,Off,1,0,Off,0,2,0,0,0,0,0,0,0,0,0,11
ch00884,KBYME NE Wide,145.12000,144.52000,D-Digital,High,12.5K,Off,Off,New England-Wide,Group Call,3181,KC1JMH / Brad Brown,Always,Carrier,Off,1,1,1,Off,11,2,None,None,Off,Off,Off,Off,Normal Encryption,Off,Off,Off,Off,251.1,1,Off,On,Off,Off,Off,Off,1,0,Off,0,2,0,0,0,0,0,0,0,0,0,11
ch00885,KBYME NETAC1,145.12000,144.52000,D-Digital,High,12.5K,Off,Off,NETAC1,Group Call,8801,KC1JMH / Brad Brown,Always,Carrier,Off,1,1,1,Off,11,1,None,None,Off,Off,Off,Off,Normal Encryption,Off,Off,Off,Off,251.1,1,Off,On,Off,Off,Off,Off,1,0,Off,0,2,0,0,0,0,0,0,0,0,0,11
ch00886,KBYME NETAC2,145.12000,144.52000,D-Digital,High,12.5K,Off,Off,NETAC2,Group Call,8802,KC1JMH / Brad Brown,Always,Carrier,Off,1,1,1,Off,11,2,None,None,Off,Off,Off,Off,Normal Encryption,Off,Off,Off,Off,251.1,1,Off,On,Off,Off,Off,Off,1,0,Off,0,2,0,0,0,0,0,0,0,0,0,11
ch00887,KBYME NH SW,145.12000,144.52000,D-Digital,High,12.5K,Off,Off,NH Statewide,Group Call,3133,KC1JMH / Brad Brown,Always,Carrier,Off,1,1,1,Off,11,1,None,None,Off,Off,Off,Off,Normal Encryption,Off,Off,Off,Off,251.1,1,Off,On,Off,Off,Off,Off,1,0,Off,0,2,0,0,0,0,0,0,0,0,0,11
ch00888,KBYME North Am,145.12000,144.52000,D-Digital,High,12.5K,Off,Off,North America,Group Call,3,KC1JMH / Brad Brown,Always,Carrier,Off,1,1,1,Off,11,1,None,None,Off,Off,Off,Off,Normal Encryption,Off,Off,Off,Off,251.1,1,Off,On,Off,Off,Off,Off,1,0,Off,0,2,0,0,0,0,0,0,0,0,0,11
ch00889,KBYME Northeast,145.12000,144.52000,D-Digital,High,12.5K,Off,Off,Northeast,Group Call,3172,KC1JMH / Brad Brown,Always,Carrier,Off,1,1,1,Off,11,1,None,None,Off,Off,Off,Off,Normal Encryption,Off,Off,Off,Off,251.1,1,Off,On,Off,Off,Off,Off,1,0,Off,0,2,0,0,0,0,0,0,0,0,0,11
ch00890,KBYME Parrot,145.12000,144.52000,D-Digital,High,12.5K,Off,Off,Parrot,Group Call,9998,KC1JMH / Brad Brown,Always,Carrier,Off,1,1,1,Off,11,1,None,None,Off,Off,Off,Off,Normal Encryption,Off,Off,Off,Off,251.1,1,Off,On,Off,Off,Off,Off,1,0,Off,0,2,0,0,0,0,0,0,0,0,0,11
ch00891,KBYME Reg North,145.12000,144.52000,D-Digital,High,12.5K,Off,Off,Region North,Group Call,8,KC1JMH / Brad Brown,Always,Carrier,Off,1,1,1,Off,11,1,None,None,Off,Off,Off,Off,Normal Encryption,Off,Off,Off,Off,251.1,1,Off,On,Off,Off,Off,Off,1,0,Off,0,2,0,0,0,0,0,0,0,0,0,11
ch00892,KBYME SKYWARN,145.12000,144.52000,D-Digital,High,12.5K,Off,Off,SKYWARN,Group Call,759,KC1JMH / Brad Brown,Always,Carrier,Off,1,1,1,Off,11,1,None,None,Off,Off,Off,Off,Normal Encryption,Off,Off,Off,Off,251.1,1,Off,On,Off,Off,Off,Off,1,0,Off,0,2,0,0,0,0,0,0,0,0,0,11
ch00893,KBYME TAC310,145.12000,144.52000,D-Digital,High,12.5K,Off,Off,TAC310,Group Call,310,KC1JMH / Brad Brown,Always,Carrier,Off,1,1,1,Off,11,1,None,None,Off,Off,Off,Off,Normal Encryption,Off,Off,Off,Off,251.1,1,Off,On,Off,Off,Off,Off,1,0,Off,0,2,0,0,0,0,0,0,0,0,0,11
ch00894,KBYME TAC311,145.12000,144.52000,D-Digital,High,12.5K,Off,Off,TAC311,Group Call,311,KC1JMH / Brad Brown,Always,Carrier,Off,1,1,1,Off,11,1,None,None,Off,Off,Off,Off,Normal Encryption,Off,Off,Off,Off,251.1,1,Off,On,Off,Off,Off,Off,1,0,Off,0,2,0,0,0,0,0,0,0,0,0,11
ch00895,KBYME UA Eng1,145.12000,144.52000,D-Digital,High,12.5K,Off,Off,UA English 1-113,Group Call,113,KC1JMH / Brad Brown,Always,Carrier,Off,1,1,1,Off,11,1,None,None,Off,Off,Off,Off,Normal Encryption,Off,Off,Off,Off,251.1,1,Off,On,Off,Off,Off,Off,1,0,Off,0,2,0,0,0,0,0,0,0,0,0,11
ch00896,KBYME UA Eng2,145.12000,144.52000,D-Digital,High,12.5K,Off,Off,UA English 2-123,Group Call,123,KC1JMH / Brad Brown,Always,Carrier,Off,1,1,1,Off,11,1,None,None,Off,Off,Off,Off,Normal Encryption,Off,Off,Off,Off,251.1,1,Off,On,Off,Off,Off,Off,1,0,Off,0,2,0,0,0,0,0,0,0,0,0,11
ch00897,KBYME VT SW,145.12000,144.52000,D-Digital,High,12.5K,Off,Off,VT Statewide,Group Call,3150,KC1JMH / Brad Brown,Always,Carrier,Off,1,1,1,Off,11,1,None,None,Off,Off,Off,Off,Normal Encryption,Off,Off,Off,Off,251.1,1,Off,On,Off,Off,Off,Off,1,0,Off,0,2,0,0,0,0,0,0,0,0,0,11
ch00898,KBYME WW,145.12000,144.52000,D-Digital,High,12.5K,Off,Off,WW Call,Group Call,1,KC1JMH / Brad Brown,Always,Carrier,Off,1,1,1,Off,11,1,None,None,Off,Off,Off,Off,Normal Encryption,Off,Off,Off,Off,251.1,1,Off,On,Off,Off,Off,Off,1,0,Off,0,2,0,0,0,0,0,0,0,0,0,11
ch00899,KBYME WW Eng,145.12000,144.52000,D-Digital,High,12.5K,Off,Off,WW English,Group Call,13,KC1JMH / Brad Brown,Always,Carrier,Off,1,1,1,Off,11,1,None,None,Off,Off,Off,Off,Normal Encryption,Off,Off,Off,Off,251.1,1,Off,On,Off,Off,Off,Off,1,0,Off,0,2,0,0,0,0,0,0,0,0,0,11
ch00900,KBYME Audio,145.12000,144.52000,D-Digital,High,12.5K,Off,Off,Audio Watch,Group Call,9999,KC1JMH / Brad Brown,Always,Carrier,Off,1,1,1,Off,11,1,None,None,Off,Off,Off,Off,Normal Encryption,Off,Off,Off,Off,251.1,1,Off,On,Off,Off,Off,Off,1,0,Off,0,2,0,0,0,0,0,0,0,0,0,11
ch00901,KBYME TAC312,145.12000,144.52000,D-Digital,High,12.5K,Off,Off,TAC312,Group Call,312,KC1JMH / Brad Brown,Always,Carrier,Off,1,1,1,Off,11,1,None,None,Off,Off,Off,Off,Normal Encryption,Off,Off,Off,Off,251.1,1,Off,On,Off,Off,Off,Off,1,0,Off,0,2,0,0,0,0,0,0,0,0,0,11
ch00902,KBYME RI SW,145.12000,144.52000,D-Digital,High,12.5K,Off,Off,RI Statewide,Group Call,3144,KC1JMH / Brad Brown,Always,Carrier,Off,1,1,1,Off,11,1,None,None,Off,Off,Off,Off,Normal Encryption,Off,Off,Off,Off,251.1,1,Off,On,Off,Off,Off,Off,1,0,Off,0,2,0,0,0,0,0,0,0,0,0,11
ch00903,KNXME Local,145.42000,144.82000,D-Digital,High,12.5K,Off,Off,Local,Group Call,9,KC1JMH / Brad Brown,Always,Carrier,Off,1,1,1,Off,12,2,None,None,Off,Off,Off,Off,Normal Encryption,Off,Off,Off,Off,251.1,1,Off,On,Off,Off,Off,Off,1,0,Off,0,2,0,0,0,0,0,0,0,0,0,12
ch00904,KNXME ME Event 1,145.42000,144.82000,D-Digital,High,12.5K,Off,Off,ME Event 1,Group Call,31231,KC1JMH / Brad Brown,Always,Carrier,Off,1,1,1,Off,12,1,None,None,Off,Off,Off,Off,Normal Encryption,Off,Off,Off,Off,251.1,1,Off,On,Off,Off,Off,Off,1,0,Off,0,2,0,0,0,0,0,0,0,0,0,12
ch00905,KNXME ME Event 2,145.42000,144.82000,D-Digital,High,12.5K,Off,Off,ME Event 2,Group Call,31232,KC1JMH / Brad Brown,Always,Carrier,Off,1,1,1,Off,12,2,None,None,Off,Off,Off,Off,Normal Encryption,Off,Off,Off,Off,251.1,1,Off,On,Off,Off,Off,Off,1,0,Off,0,2,0,0,0,0,0,0,0,0,0,12
ch00906,KNXME ME SW,145.42000,144.82000,D-Digital,High,12.5K,Off,Off,ME Statewide,Group Call,3123,KC1JMH / Brad Brown,Always,Carrier,Off,1,1,1,Off,12,2,None,None,Off,Off,Off,Off,Normal Encryption,Off,Off,Off,Off,251.1,1,Off,On,Off,Off,Off,Off,1,0,Off,0,2,0,0,0,0,0,0,0,0,0,12
ch00907,KNXME NE Wide,145.42000,144.82000,D-Digital,High,12.5K,Off,Off,New England-Wide,Group Call,3181,KC1JMH / Brad Brown,Always,Carrier,Off,1,1,1,Off,12,2,None,None,Off,Off,Off,Off,Normal Encryption,Off,Off,Off,Off,251.1,1,Off,On,Off,Off,Off,Off,1,0,Off,0,2,0,0,0,0,0,0,0,0,0,12
ch00908,KNXME NETAC1,145.42000,144.82000,D-Digital,High,12.5K,Off,Off,NETAC1,Group Call,8801,KC1JMH / Brad Brown,Always,Carrier,Off,1,1,1,Off,12,1,None,None,Off,Off,Off,Off,Normal Encryption,Off,Off,Off,Off,251.1,1,Off,On,Off,Off,Off,Off,1,0,Off,0,2,0,0,0,0,0,0,0,0,0,12
ch00909,KNXME NETAC2,145.42000,144.82000,D-Digital,High,12.5K,Off,Off,NETAC2,Group Call,8802,KC1JMH / Brad Brown,Always,Carrier,Off,1,1,1,Off,12,2,None,None,Off,Off,Off,Off,Normal Encryption,Off,Off,Off,Off,251.1,1,Off,On,Off,Off,Off,Off,1,0,Off,0,2,0,0,0,0,0,0,0,0,0,12
ch00910,KNXME NH SW,145.42000,144.82000,D-Digital,High,12.5K,Off,Off,NH Statewide,Group Call,3133,KC1JMH / Brad Brown,Always,Carrier,Off,1,1,1,Off,12,1,None,None,Off,Off,Off,Off,Normal Encryption,Off,Off,Off,Off,251.1,1,Off,On,Off,Off,Off,Off,1,0,Off,0,2,0,0,0,0,0,0,0,0,0,12
ch00911,KNXME North Am,145.42000,144.82000,D-Digital,High,12.5K,Off,Off,North America,Group Call,3,KC1JMH / Brad Brown,Always,Carrier,Off,1,1,1,Off,12,1,None,None,Off,Off,Off,Off,Normal Encryption,Off,Off,Off,Off,251.1,1,Off,On,Off,Off,Off,Off,1,0,Off,0,2,0,0,0,0,0,0,0,0,0,12
ch00912,KNXME Northeast,145.42000,144.82000,D-Digital,High,12.5K,Off,Off,Northeast,Group Call,3172,KC1JMH / Brad Brown,Always,Carrier,Off,1,1,1,Off,12,1,None,None,Off,Off,Off,Off,Normal Encryption,Off,Off,Off,Off,251.1,1,Off,On,Off,Off,Off,Off,1,0,Off,0,2,0,0,0,0,0,0,0,0,0,12
ch00913,KNXME Parrot,145.42000,144.82000,D-Digital,High,12.5K,Off,Off,Parrot,Group Call,9998,KC1JMH / Brad Brown,Always,Carrier,Off,1,1,1,Off,12,1,None,None,Off,Off,Off,Off,Normal Encryption,Off,Off,Off,Off,251.1,1,Off,On,Off,Off,Off,Off,1,0,Off,0,2,0,0,0,0,0,0,0,0,0,12
ch00914,KNXME Reg North,145.42000,144.82000,D-Digital,High,12.5K,Off,Off,Region North,Group Call,8,KC1JMH / Brad Brown,Always,Carrier,Off,1,1,1,Off,12,2,None,None,Off,Off,Off,Off,Normal Encryption,Off,Off,Off,Off,251.1,1,Off,On,Off,Off,Off,Off,1,0,Off,0,2,0,0,0,0,0,0,0,0,0,12
ch00915,KNXME SKYWARN,145.42000,144.82000,D-Digital,High,12.5K,Off,Off,SKYWARN,Group Call,759,KC1JMH / Brad Brown,Always,Carrier,Off,1,1,1,Off,12,1,None,None,Off,Off,Off,Off,Normal Encryption,Off,Off,Off,Off,251.1,1,Off,On,Off,Off,Off,Off,1,0,Off,0,2,0,0,0,0,0,0,0,0,0,12
ch00916,KNXME TAC310,145.42000,144.82000,D-Digital,High,12.5K,Off,Off,TAC310,Group Call,310,KC1JMH / Brad Brown,Always,Carrier,Off,1,1,1,Off,12,1,None,None,Off,Off,Off,Off,Normal Encryption,Off,Off,Off,Off,251.1,1,Off,On,Off,Off,Off,Off,1,0,Off,0,2,0,0,0,0,0,0,0,0,0,12
ch00917,KNXME TAC311,145.42000,144.82000,D-Digital,High,12.5K,Off,Off,TAC311,Group Call,311,KC1JMH / Brad Brown,Always,Carrier,Off,1,1,1,Off,12,1,None,None,Off,Off,Off,Off,Normal Encryption,Off,Off,Off,Off,251.1,1,Off,On,Off,Off,Off,Off,1,0,Off,0,2,0,0,0,0,0,0,0,0,0,12
ch00918,KNXME UA Eng1,145.42000,144.82000,D-Digital,High,12.5K,Off,Off,UA English 1-113,Group Call,113,KC1JMH / Brad Brown,Always,Carrier,Off,1,1,1,Off,12,1,None,None,Off,Off,Off,Off,Normal Encryption,Off,Off,Off,Off,251.1,1,Off,On,Off,Off,Off,Off,1,0,Off,0,2,0,0,0,0,0,0,0,0,0,12
ch00919,KNXME UA Eng2,145.42000,144.82000,D-Digital,High,12.5K,Off,Off,UA English 2-123,Group Call,123,KC1JMH / Brad Brown,Always,Carrier,Off,1,1,1,Off,12,1,None,None,Off,Off,Off,Off,Normal Encryption,Off,Off,Off,Off,251.1,1,Off,On,Off,Off,Off,Off,1,0,Off,0,2,0,0,0,0,0,0,0,0,0,12
ch00920,KNXME WW,145.42000,144.82000,D-Digital,High,12.5K,Off,Off,WW Call,Group Call,1,KC1JMH / Brad Brown,Always,Carrier,Off,1,1,1,Off,12,1,None,None,Off,Off,Off,Off,Normal Encryption,Off,Off,Off,Off,251.1,1,Off,On,Off,Off,Off,Off,1,0,Off,0,2,0,0,0,0,0,0,0,0,0,12
ch00921,KNXME WW Eng,145.42000,144.82000,D-Digital,High,12.5K,Off,Off,WW English,Group Call,13,KC1JMH / Brad Brown,Always,Carrier,Off,1,1,1,Off,12,1,None,None,Off,Off,Off,Off,Normal Encryption,Off,Off,Off,Off,251.1,1,Off,On,Off,Off,Off,Off,1,0,Off,0,2,0,0,0,0,0,0,0,0,0,12
ch00922,KNXME Audio,145.42000,144.82000,D-Digital,High,12.5K,Off,Off,Audio Watch,Group Call,9999,KC1JMH / Brad Brown,Always,Carrier,Off,1,1,1,Off,12,1,None,None,Off,Off,Off,Off,Normal Encryption,Off,Off,Off,Off,251.1,1,Off,On,Off,Off,Off,Off,1,0,Off,0,2,0,0,0,0,0,0,0,0,0,12
ch00923,KNXME TAC312,145.42000,144.82000,D-Digital,High,12.5K,Off,Off,TAC312,Group Call,312,KC1JMH / Brad Brown,Always,Carrier,Off,1,1,1,Off,12,1,None,None,Off,Off,Off,Off,Normal Encryption,Off,Off,Off,Off,251.1,1,Off,On,Off,Off,Off,Off,1,0,Off,0,2,0,0,0,0,0,0,0,0,0,12
ch00924,KNXME CT SW,145.42000,144.82000,D-Digital,High,12.5K,Off,Off,CT Statewide,Group Call,3109,KC1JMH / Brad Brown,Always,Carrier,Off,1,1,1,Off,12,1,None,None,Off,Off,Off,Off,Normal Encryption,Off,Off,Off,Off,251.1,1,Off,On,Off,Off,Off,Off,1,0,Off,0,2,0,0,0,0,0,0,0,0,0,12
ch00925,KNXME MA SW,145.42000,144.82000,D-Digital,High,12.5K,Off,Off,MA Statewide,Group Call,3125,KC1JMH / Brad Brown,Always,Carrier,Off,1,1,1,Off,12,1,None,None,Off,Off,Off,Off,Normal Encryption,Off,Off,Off,Off,251.1,1,Off,On,Off,Off,Off,Off,1,0,Off,0,2,0,0,0,0,0,0,0,0,0,12
ch00926,KNXME RI SW,145.42000,144.82000,D-Digital,High,12.5K,Off,Off,RI Statewide,Group Call,3144,KC1JMH / Brad Brown,Always,Carrier,Off,1,1,1,Off,12,1,None,None,Off,Off,Off,Off,Normal Encryption,Off,Off,Off,Off,251.1,1,Off,On,Off,Off,Off,Off,1,0,Off,0,2,0,0,0,0,0,0,0,0,0,12
ch00927,KNXME VT SW,145.42000,144.82000,D-Digital,High,12.5K,Off,Off,VT Statewide,Group Call,3150,KC1JMH / Brad Brown,Always,Carrier,Off,1,1,1,Off,12,1,None,None,Off,Off,Off,Off,Normal Encryption,Off,Off,Off,Off,251.1,1,Off,On,Off,Off,Off,Off,1,0,Off,0,2,0,0,0,0,0,0,0,0,0,12
ch00928,LCHME Local,146.70000,146.10000,D-Digital,High,12.5K,Off,Off,Local,Group Call,9,KC1JMH / Brad Brown,Always,Carrier,Off,1,1,1,Off,12,2,None,None,Off,Off,Off,Off,Normal Encryption,Off,Off,Off,Off,251.1,1,Off,On,Off,Off,Off,Off,1,0,Off,0,2,0,0,0,0,0,0,0,0,0,12
ch00929,LCHME ME Event 1,146.70000,146.10000,D-Digital,High,12.5K,Off,Off,ME Event 1,Group Call,31231,KC1JMH / Brad Brown,Always,Carrier,Off,1,1,1,Off,12,1,None,None,Off,Off,Off,Off,Normal Encryption,Off,Off,Off,Off,251.1,1,Off,On,Off,Off,Off,Off,1,0,Off,0,2,0,0,0,0,0,0,0,0,0,12
ch00930,LCHME ME Event 2,146.70000,146.10000,D-Digital,High,12.5K,Off,Off,ME Event 2,Group Call,31232,KC1JMH / Brad Brown,Always,Carrier,Off,1,1,1,Off,12,2,None,None,Off,Off,Off,Off,Normal Encryption,Off,Off,Off,Off,251.1,1,Off,On,Off,Off,Off,Off,1,0,Off,0,2,0,0,0,0,0,0,0,0,0,12
ch00931,LCHME ME SW,146.70000,146.10000,D-Digital,Turbo,12.5K,Off,Off,ME Statewide,Group Call,3123,KC1JMH / Brad Brown,Always,Carrier,Off,1,1,1,Off,12,2,None,None,Off,Off,Off,Off,Normal Encryption,Off,Off,Off,Off,251.1,1,Off,On,Off,Off,Off,Off,1,0,Off,0,2,0,0,0,0,0,0,0,0,0,12
ch00932,LCHME NE Wide,146.70000,146.10000,D-Digital,High,12.5K,Off,Off,New England-Wide,Group Call,3181,KC1JMH / Brad Brown,Always,Carrier,Off,1,1,1,Off,12,2,None,None,Off,Off,Off,Off,Normal Encryption,Off,Off,Off,Off,251.1,1,Off,On,Off,Off,Off,Off,1,0,Off,0,2,0,0,0,0,0,0,0,0,0,12
ch00933,LCHME NETAC1,146.70000,146.10000,D-Digital,High,12.5K,Off,Off,NETAC1,Group Call,8801,KC1JMH / Brad Brown,Always,Carrier,Off,1,1,1,Off,12,1,None,None,Off,Off,Off,Off,Normal Encryption,Off,Off,Off,Off,251.1,1,Off,On,Off,Off,Off,Off,1,0,Off,0,2,0,0,0,0,0,0,0,0,0,12
ch00934,LCHME NETAC2,146.70000,146.10000,D-Digital,High,12.5K,Off,Off,NETAC2,Group Call,8802,KC1JMH / Brad Brown,Always,Carrier,Off,1,1,1,Off,12,2,None,None,Off,Off,Off,Off,Normal Encryption,Off,Off,Off,Off,251.1,1,Off,On,Off,Off,Off,Off,1,0,Off,0,2,0,0,0,0,0,0,0,0,0,12
ch00935,LCHME NH SW,146.70000,146.10000,D-Digital,High,12.5K,Off,Off,NH Statewide,Group Call,3133,KC1JMH / Brad Brown,Always,Carrier,Off,1,1,1,Off,12,1,None,None,Off,Off,Off,Off,Normal Encryption,Off,Off,Off,Off,251.1,1,Off,On,Off,Off,Off,Off,1,0,Off,0,2,0,0,0,0,0,0,0,0,0,12
ch00936,LCHME North Am,146.70000,146.10000,D-Digital,High,12.5K,Off,Off,North America,Group Call,3,KC1JMH / Brad Brown,Always,Carrier,Off,1,1,1,Off,12,1,None,None,Off,Off,Off,Off,Normal Encryption,Off,Off,Off,Off,251.1,1,Off,On,Off,Off,Off,Off,1,0,Off,0,2,0,0,0,0,0,0,0,0,0,12
ch00937,LCHME Northeast,146.70000,146.10000,D-Digital,High,12.5K,Off,Off,Northeast,Group Call,3172,KC1JMH / Brad Brown,Always,Carrier,Off,1,1,1,Off,12,1,None,None,Off,Off,Off,Off,Normal Encryption,Off,Off,Off,Off,251.1,1,Off,On,Off,Off,Off,Off,1,0,Off,0,2,0,0,0,0,0,0,0,0,0,12
ch00938,LCHME Parrot,146.70000,146.10000,D-Digital,High,12.5K,Off,Off,Parrot,Group Call,9998,KC1JMH / Brad Brown,Always,Carrier,Off,1,1,1,Off,12,1,None,None,Off,Off,Off,Off,Normal Encryption,Off,Off,Off,Off,251.1,1,Off,On,Off,Off,Off,Off,1,0,Off,0,2,0,0,0,0,0,0,0,0,0,12
ch00939,LCHME Reg North,146.70000,146.10000,D-Digital,High,12.5K,Off,Off,Region North,Group Call,8,KC1JMH / Brad Brown,Always,Carrier,Off,1,1,1,Off,12,2,None,None,Off,Off,Off,Off,Normal Encryption,Off,Off,Off,Off,251.1,1,Off,On,Off,Off,Off,Off,1,0,Off,0,2,0,0,0,0,0,0,0,0,0,12
ch00940,LCHME SKYWARN,146.70000,146.10000,D-Digital,High,12.5K,Off,Off,SKYWARN,Group Call,759,KC1JMH / Brad Brown,Always,Carrier,Off,1,1,1,Off,12,1,None,None,Off,Off,Off,Off,Normal Encryption,Off,Off,Off,Off,251.1,1,Off,On,Off,Off,Off,Off,1,0,Off,0,2,0,0,0,0,0,0,0,0,0,12
ch00941,LCHME TAC310,146.70000,146.10000,D-Digital,High,12.5K,Off,Off,TAC310,Group Call,310,KC1JMH / Brad Brown,Always,Carrier,Off,1,1,1,Off,12,1,None,None,Off,Off,Off,Off,Normal Encryption,Off,Off,Off,Off,251.1,1,Off,On,Off,Off,Off,Off,1,0,Off,0,2,0,0,0,0,0,0,0,0,0,12
ch00942,LCHME TAC311,146.70000,146.10000,D-Digital,High,12.5K,Off,Off,TAC311,Group Call,311,KC1JMH / Brad Brown,Always,Carrier,Off,1,1,1,Off,12,1,None,None,Off,Off,Off,Off,Normal Encryption,Off,Off,Off,Off,251.1,1,Off,On,Off,Off,Off,Off,1,0,Off,0,2,0,0,0,0,0,0,0,0,0,12
ch00943,LCHME UA Eng1,146.70000,146.10000,D-Digital,High,12.5K,Off,Off,UA English 1-113,Group Call,113,KC1JMH / Brad Brown,Always,Carrier,Off,1,1,1,Off,12,1,None,None,Off,Off,Off,Off,Normal Encryption,Off,Off,Off,Off,251.1,1,Off,On,Off,Off,Off,Off,1,0,Off,0,2,0,0,0,0,0,0,0,0,0,12
ch00944,LCHME UA Eng2,146.70000,146.10000,D-Digital,High,12.5K,Off,Off,UA English 2-123,Group Call,123,KC1JMH / Brad Brown,Always,Carrier,Off,1,1,1,Off,12,1,None,None,Off,Off,Off,Off,Normal Encryption,Off,Off,Off,Off,251.1,1,Off,On,Off,Off,Off,Off,1,0,Off,0,2,0,0,0,0,0,0,0,0,0,12
ch00945,LCHME WW,146.70000,146.10000,D-Digital,High,12.5K,Off,Off,WW Call,Group Call,1,KC1JMH / Brad Brown,Always,Carrier,Off,1,1,1,Off,12,1,None,None,Off,Off,Off,Off,Normal Encryption,Off,Off,Off,Off,251.1,1,Off,On,Off,Off,Off,Off,1,0,Off,0,2,0,0,0,0,0,0,0,0,0,12
ch00946,LCHME WW Eng,146.70000,146.10000,D-Digital,High,12.5K,Off,Off,WW English,Group Call,13,KC1JMH / Brad Brown,Always,Carrier,Off,1,1,1,Off,12,1,None,None,Off,Off,Off,Off,Normal Encryption,Off,Off,Off,Off,251.1,1,Off,On,Off,Off,Off,Off,1,0,Off,0,2,0,0,0,0,0,0,0,0,0,12
ch00947,LCHME Audio,146.70000,146.10000,D-Digital,High,12.5K,Off,Off,Audio Watch,Group Call,9999,KC1JMH / Brad Brown,Always,Carrier,Off,1,1,1,Off,12,1,None,None,Off,Off,Off,Off,Normal Encryption,Off,Off,Off,Off,251.1,1,Off,On,Off,Off,Off,Off,1,0,Off,0,2,0,0,0,0,0,0,0,0,0,12
ch00948,LCHME TAC312,146.70000,146.10000,D-Digital,High,12.5K,Off,Off,TAC312,Group Call,312,KC1JMH / Brad Brown,Always,Carrier,Off,1,1,1,Off,12,1,None,None,Off,Off,Off,Off,Normal Encryption,Off,Off,Off,Off,251.1,1,Off,On,Off,Off,Off,Off,1,0,Off,0,2,0,0,0,0,0,0,0,0,0,12
ch00949,LCHME CT SW,146.70000,146.10000,D-Digital,High,12.5K,Off,Off,CT Statewide,Group Call,3109,KC1JMH / Brad Brown,Always,Carrier,Off,1,1,1,Off,12,1,None,None,Off,Off,Off,Off,Normal Encryption,Off,Off,Off,Off,251.1,1,Off,On,Off,Off,Off,Off,1,0,Off,0,2,0,0,0,0,0,0,0,0,0,12
ch00950,LCHME MA SW,146.70000,146.10000,D-Digital,High,12.5K,Off,Off,MA Statewide,Group Call,3125,KC1JMH / Brad Brown,Always,Carrier,Off,1,1,1,Off,12,1,None,None,Off,Off,Off,Off,Normal Encryption,Off,Off,Off,Off,251.1,1,Off,On,Off,Off,Off,Off,1,0,Off,0,2,0,0,0,0,0,0,0,0,0,12
ch00951,LCHME RI SW,146.70000,146.10000,D-Digital,High,12.5K,Off,Off,RI Statewide,Group Call,3144,KC1JMH / Brad Brown,Always,Carrier,Off,1,1,1,Off,12,1,None,None,Off,Off,Off,Off,Normal Encryption,Off,Off,Off,Off,251.1,1,Off,On,Off,Off,Off,Off,1,0,Off,0,2,0,0,0,0,0,0,0,0,0,12
ch00952,LCHME VT SW,146.70000,146.10000,D-Digital,High,12.5K,Off,Off,VT Statewide,Group Call,3150,KC1JMH / Brad Brown,Always,Carrier,Off,1,1,1,Off,12,1,None,None,Off,Off,Off,Off,Normal Encryption,Off,Off,Off,Off,251.1,1,Off,On,Off,Off,Off,Off,1,0,Off,0,2,0,0,0,0,0,0,0,0,0,12
ch00953,LNCME Local,145.35000,144.75000,D-Digital,High,12.5K,Off,Off,Local,Group Call,9,KC1JMH / Brad Brown,Always,Carrier,Off,1,1,1,Off,12,2,None,None,Off,Off,Off,Off,Normal Encryption,Off,Off,Off,Off,251.1,1,Off,On,Off,Off,Off,Off,1,0,Off,0,2,0,0,0,0,0,0,0,0,0,12
ch00954,LNCME ME Event 1,145.35000,144.75000,D-Digital,High,12.5K,Off,Off,ME Event 1,Group Call,31231,KC1JMH / Brad Brown,Always,Carrier,Off,1,1,1,Off,12,1,None,None,Off,Off,Off,Off,Normal Encryption,Off,Off,Off,Off,251.1,1,Off,On,Off,Off,Off,Off,1,0,Off,0,2,0,0,0,0,0,0,0,0,0,12
ch00955,LNCME ME Event 2,145.35000,144.75000,D-Digital,High,12.5K,Off,Off,ME Event 2,Group Call,31232,KC1JMH / Brad Brown,Always,Carrier,Off,1,1,1,Off,12,2,None,None,Off,Off,Off,Off,Normal Encryption,Off,Off,Off,Off,251.1,1,Off,On,Off,Off,Off,Off,1,0,Off,0,2,0,0,0,0,0,0,0,0,0,12
ch00956,LNCME ME SW,145.35000,144.75000,D-Digital,High,12.5K,Off,Off,ME Statewide,Group Call,3123,KC1JMH / Brad Brown,Always,Carrier,Off,1,1,1,Off,12,2,None,None,Off,Off,Off,Off,Normal Encryption,Off,Off,Off,Off,251.1,1,Off,On,Off,Off,Off,Off,1,0,Off,0,2,0,0,0,0,0,0,0,0,0,12
ch00957,LNCME NE Wide,145.35000,144.75000,D-Digital,High,12.5K,Off,Off,New England-Wide,Group Call,3181,KC1JMH / Brad Brown,Always,Carrier,Off,1,1,1,Off,12,2,None,None,Off,Off,Off,Off,Normal Encryption,Off,Off,Off,Off,251.1,1,Off,On,Off,Off,Off,Off,1,0,Off,0,2,0,0,0,0,0,0,0,0,0,12
ch00958,LNCME NETAC1,145.35000,144.75000,D-Digital,High,12.5K,Off,Off,NETAC1,Group Call,8801,KC1JMH / Brad Brown,Always,Carrier,Off,1,1,1,Off,12,1,None,None,Off,Off,Off,Off,Normal Encryption,Off,Off,Off,Off,251.1,1,Off,On,Off,Off,Off,Off,1,0,Off,0,2,0,0,0,0,0,0,0,0,0,12
ch00959,LNCME NETAC2,145.35000,144.75000,D-Digital,High,12.5K,Off,Off,NETAC2,Group Call,8802,KC1JMH / Brad Brown,Always,Carrier,Off,1,1,1,Off,12,2,None,None,Off,Off,Off,Off,Normal Encryption,Off,Off,Off,Off,251.1,1,Off,On,Off,Off,Off,Off,1,0,Off,0,2,0,0,0,0,0,0,0,0,0,12
ch00960,LNCME NEWBRNSWCK,145.35000,144.75000,D-Digital,High,12.5K,Off,Off,New Brunswick,Group Call,3029,KC1JMH / Brad Brown,Always,Carrier,Off,1,1,1,Off,12,1,None,None,Off,Off,Off,Off,Normal Encryption,Off,Off,Off,Off,251.1,1,Off,On,Off,Off,Off,Off,1,0,Off,0,2,0,0,0,0,0,0,0,0,0,12
ch00961,LNCME NH SW,145.35000,144.75000,D-Digital,High,12.5K,Off,Off,NH Statewide,Group Call,3133,KC1JMH / Brad Brown,Always,Carrier,Off,1,1,1,Off,12,1,None,None,Off,Off,Off,Off,Normal Encryption,Off,Off,Off,Off,251.1,1,Off,On,Off,Off,Off,Off,1,0,Off,0,2,0,0,0,0,0,0,0,0,0,12
ch00962,LNCME North Am,145.35000,144.75000,D-Digital,High,12.5K,Off,Off,North America,Group Call,3,KC1JMH / Brad Brown,Always,Carrier,Off,1,1,1,Off,12,1,None,None,Off,Off,Off,Off,Normal Encryption,Off,Off,Off,Off,251.1,1,Off,On,Off,Off,Off,Off,1,0,Off,0,2,0,0,0,0,0,0,0,0,0,12
ch00963,LNCME Northeast,145.35000,144.75000,D-Digital,High,12.5K,Off,Off,Northeast,Group Call,3172,KC1JMH / Brad Brown,Always,Carrier,Off,1,1,1,Off,12,1,None,None,Off,Off,Off,Off,Normal Encryption,Off,Off,Off,Off,251.1,1,Off,On,Off,Off,Off,Off,1,0,Off,0,2,0,0,0,0,0,0,0,0,0,12
ch00964,LNCME Parrot,145.35000,144.75000,D-Digital,High,12.5K,Off,Off,Parrot,Group Call,9998,KC1JMH / Brad Brown,Always,Carrier,Off,1,1,1,Off,12,1,None,None,Off,Off,Off,Off,Normal Encryption,Off,Off,Off,Off,251.1,1,Off,On,Off,Off,Off,Off,1,0,Off,0,2,0,0,0,0,0,0,0,0,0,12
ch00965,LNCME Reg North,145.35000,144.75000,D-Digital,High,12.5K,Off,Off,Region North,Group Call,8,KC1JMH / Brad Brown,Always,Carrier,Off,1,1,1,Off,12,2,None,None,Off,Off,Off,Off,Normal Encryption,Off,Off,Off,Off,251.1,1,Off,On,Off,Off,Off,Off,1,0,Off,0,2,0,0,0,0,0,0,0,0,0,12
ch00966,LNCME SKYWARN,145.35000,144.75000,D-Digital,High,12.5K,Off,Off,SKYWARN,Group Call,759,KC1JMH / Brad Brown,Always,Carrier,Off,1,1,1,Off,12,1,None,None,Off,Off,Off,Off,Normal Encryption,Off,Off,Off,Off,251.1,1,Off,On,Off,Off,Off,Off,1,0,Off,0,2,0,0,0,0,0,0,0,0,0,12
ch00967,LNCME TAC310,145.35000,144.75000,D-Digital,High,12.5K,Off,Off,TAC310,Group Call,310,KC1JMH / Brad Brown,Always,Carrier,Off,1,1,1,Off,12,1,None,None,Off,Off,Off,Off,Normal Encryption,Off,Off,Off,Off,251.1,1,Off,On,Off,Off,Off,Off,1,0,Off,0,2,0,0,0,0,0,0,0,0,0,12
ch00968,LNCME TAC311,145.35000,144.75000,D-Digital,High,12.5K,Off,Off,TAC311,Group Call,311,KC1JMH / Brad Brown,Always,Carrier,Off,1,1,1,Off,12,1,None,None,Off,Off,Off,Off,Normal Encryption,Off,Off,Off,Off,251.1,1,Off,On,Off,Off,Off,Off,1,0,Off,0,2,0,0,0,0,0,0,0,0,0,12
ch00969,LNCME UA Eng1,145.35000,144.75000,D-Digital,High,12.5K,Off,Off,UA English 1-113,Group Call,113,KC1JMH / Brad Brown,Always,Carrier,Off,1,1,1,Off,12,1,None,None,Off,Off,Off,Off,Normal Encryption,Off,Off,Off,Off,251.1,1,Off,On,Off,Off,Off,Off,1,0,Off,0,2,0,0,0,0,0,0,0,0,0,12
ch00970,LNCME UA Eng2,145.35000,144.75000,D-Digital,High,12.5K,Off,Off,UA English 2-123,Group Call,123,KC1JMH / Brad Brown,Always,Carrier,Off,1,1,1,Off,12,1,None,None,Off,Off,Off,Off,Normal Encryption,Off,Off,Off,Off,251.1,1,Off,On,Off,Off,Off,Off,1,0,Off,0,2,0,0,0,0,0,0,0,0,0,12
ch00971,LNCME WW,145.35000,144.75000,D-Digital,High,12.5K,Off,Off,WW Call,Group Call,1,KC1JMH / Brad Brown,Always,Carrier,Off,1,1,1,Off,12,1,None,None,Off,Off,Off,Off,Normal Encryption,Off,Off,Off,Off,251.1,1,Off,On,Off,Off,Off,Off,1,0,Off,0,2,0,0,0,0,0,0,0,0,0,12
ch00972,LNCME WW Eng,145.35000,144.75000,D-Digital,High,12.5K,Off,Off,WW English,Group Call,13,KC1JMH / Brad Brown,Always,Carrier,Off,1,1,1,Off,12,1,None,None,Off,Off,Off,Off,Normal Encryption,Off,Off,Off,Off,251.1,1,Off,On,Off,Off,Off,Off,1,0,Off,0,2,0,0,0,0,0,0,0,0,0,12
ch00973,LNCME Audio,145.35000,144.75000,D-Digital,High,12.5K,Off,Off,Audio Watch,Group Call,9999,KC1JMH / Brad Brown,Always,Carrier,Off,1,1,1,Off,12,1,None,None,Off,Off,Off,Off,Normal Encryption,Off,Off,Off,Off,251.1,1,Off,On,Off,Off,Off,Off,1,0,Off,0,2,0,0,0,0,0,0,0,0,0,12
ch00974,LNCME TAC312,145.35000,144.75000,D-Digital,High,12.5K,Off,Off,TAC312,Group Call,312,KC1JMH / Brad Brown,Always,Carrier,Off,1,1,1,Off,12,1,None,None,Off,Off,Off,Off,Normal Encryption,Off,Off,Off,Off,251.1,1,Off,On,Off,Off,Off,Off,1,0,Off,0,2,0,0,0,0,0,0,0,0,0,12
ch00975,LNCME TAC316,145.35000,144.75000,D-Digital,High,12.5K,Off,Off,TAC316,Group Call,316,KC1JMH / Brad Brown,Always,Carrier,Off,1,1,1,Off,12,1,None,None,Off,Off,Off,Off,Normal Encryption,Off,Off,Off,Off,251.1,1,Off,On,Off,Off,Off,Off,1,0,Off,0,2,0,0,0,0,0,0,0,0,0,12
ch00976,LNCME CT SW,145.35000,144.75000,D-Digital,High,12.5K,Off,Off,CT Statewide,Group Call,3109,KC1JMH / Brad Brown,Always,Carrier,Off,1,1,1,Off,12,1,None,None,Off,Off,Off,Off,Normal Encryption,Off,Off,Off,Off,251.1,1,Off,On,Off,Off,Off,Off,1,0,Off,0,2,0,0,0,0,0,0,0,0,0,12
ch00977,LNCME MA SW,145.35000,144.75000,D-Digital,High,12.5K,Off,Off,MA Statewide,Group Call,3125,KC1JMH / Brad Brown,Always,Carrier,Off,1,1,1,Off,12,1,None,None,Off,Off,Off,Off,Normal Encryption,Off,Off,Off,Off,251.1,1,Off,On,Off,Off,Off,Off,1,0,Off,0,2,0,0,0,0,0,0,0,0,0,12
ch00978,LNCME RI SW,145.35000,144.75000,D-Digital,High,12.5K,Off,Off,RI Statewide,Group Call,3144,KC1JMH / Brad Brown,Always,Carrier,Off,1,1,1,Off,12,1,None,None,Off,Off,Off,Off,Normal Encryption,Off,Off,Off,Off,251.1,1,Off,On,Off,Off,Off,Off,1,0,Off,0,2,0,0,0,0,0,0,0,0,0,12
ch00979,LNCME VT SW,145.35000,144.75000,D-Digital,High,12.5K,Off,Off,VT Statewide,Group Call,3150,KC1JMH / Brad Brown,Always,Carrier,Off,1,1,1,Off,12,1,None,None,Off,Off,Off,Off,Normal Encryption,Off,Off,Off,Off,251.1,1,Off,On,Off,Off,Off,Off,1,0,Off,0,2,0,0,0,0,0,0,0,0,0,12
ch00980,NSHME Local,145.14000,144.54000,D-Digital,High,12.5K,Off,Off,Local,Group Call,9,KC1JMH / Brad Brown,Always,Carrier,Off,1,1,1,Off,11,2,None,None,Off,Off,Off,Off,Normal Encryption,Off,Off,Off,Off,251.1,1,Off,On,Off,Off,Off,Off,1,0,Off,0,2,0,0,0,0,0,0,0,0,0,11
ch00981,NSHME ME Event 1,145.14000,144.54000,D-Digital,High,12.5K,Off,Off,ME Event 1,Group Call,31231,KC1JMH / Brad Brown,Always,Carrier,Off,1,1,1,Off,11,1,None,None,Off,Off,Off,Off,Normal Encryption,Off,Off,Off,Off,251.1,1,Off,On,Off,Off,Off,Off,1,0,Off,0,2,0,0,0,0,0,0,0,0,0,11
ch00982,NSHME ME Event 2,145.14000,144.54000,D-Digital,High,12.5K,Off,Off,ME Event 2,Group Call,31232,KC1JMH / Brad Brown,Always,Carrier,Off,1,1,1,Off,11,2,None,None,Off,Off,Off,Off,Normal Encryption,Off,Off,Off,Off,251.1,1,Off,On,Off,Off,Off,Off,1,0,Off,0,2,0,0,0,0,0,0,0,0,0,11
ch00983,NSHME ME SW,145.14000,144.54000,D-Digital,High,12.5K,Off,Off,ME Statewide,Group Call,3123,KC1JMH / Brad Brown,Always,Carrier,Off,1,1,1,Off,11,2,None,None,Off,Off,Off,Off,Normal Encryption,Off,Off,Off,Off,251.1,1,Off,On,Off,Off,Off,Off,1,0,Off,0,2,0,0,0,0,0,0,0,0,0,11
ch00984,NSHME NE Wide,145.14000,144.54000,D-Digital,High,12.5K,Off,Off,New England-Wide,Group Call,3181,KC1JMH / Brad Brown,Always,Carrier,Off,1,1,1,Off,11,2,None,None,Off,Off,Off,Off,Normal Encryption,Off,Off,Off,Off,251.1,1,Off,On,Off,Off,Off,Off,1,0,Off,0,2,0,0,0,0,0,0,0,0,0,11
ch00985,NSHME NETAC1,145.14000,144.54000,D-Digital,High,12.5K,Off,Off,NETAC1,Group Call,8801,KC1JMH / Brad Brown,Always,Carrier,Off,1,1,1,Off,11,1,None,None,Off,Off,Off,Off,Normal Encryption,Off,Off,Off,Off,251.1,1,Off,On,Off,Off,Off,Off,1,0,Off,0,2,0,0,0,0,0,0,0,0,0,11
ch00986,NSHME NETAC2,145.14000,144.54000,D-Digital,High,12.5K,Off,Off,NETAC2,Group Call,8802,KC1JMH / Brad Brown,Always,Carrier,Off,1,1,1,Off,11,2,None,None,Off,Off,Off,Off,Normal Encryption,Off,Off,Off,Off,251.1,1,Off,On,Off,Off,Off,Off,1,0,Off,0,2,0,0,0,0,0,0,0,0,0,11
ch00987,NSHME NH SW,145.14000,144.54000,D-Digital,High,12.5K,Off,Off,NH Statewide,Group Call,3133,KC1JMH / Brad Brown,Always,Carrier,Off,1,1,1,Off,11,1,None,None,Off,Off,Off,Off,Normal Encryption,Off,Off,Off,Off,251.1,1,Off,On,Off,Off,Off,Off,1,0,Off,0,2,0,0,0,0,0,0,0,0,0,11
ch00988,NSHME North Am,145.14000,144.54000,D-Digital,High,12.5K,Off,Off,North America,Group Call,3,KC1JMH / Brad Brown,Always,Carrier,Off,1,1,1,Off,11,1,None,None,Off,Off,Off,Off,Normal Encryption,Off,Off,Off,Off,251.1,1,Off,On,Off,Off,Off,Off,1,0,Off,0,2,0,0,0,0,0,0,0,0,0,11
ch00989,NSHME Northeast,145.14000,144.54000,D-Digital,High,12.5K,Off,Off,Northeast,Group Call,3172,KC1JMH / Brad Brown,Always,Carrier,Off,1,1,1,Off,11,1,None,None,Off,Off,Off,Off,Normal Encryption,Off,Off,Off,Off,251.1,1,Off,On,Off,Off,Off,Off,1,0,Off,0,2,0,0,0,0,0,0,0,0,0,11
ch00990,NSHME Parrot,145.14000,144.54000,D-Digital,High,12.5K,Off,Off,Parrot,Group Call,9998,KC1JMH / Brad Brown,Always,Carrier,Off,1,1,1,Off,11,1,None,None,Off,Off,Off,Off,Normal Encryption,Off,Off,Off,Off,251.1,1,Off,On,Off,Off,Off,Off,1,0,Off,0,2,0,0,0,0,0,0,0,0,0,11
ch00991,NSHME Reg North,145.14000,144.54000,D-Digital,High,12.5K,Off,Off,Region North,Group Call,8,KC1JMH / Brad Brown,Always,Carrier,Off,1,1,1,Off,11,2,None,None,Off,Off,Off,Off,Normal Encryption,Off,Off,Off,Off,251.1,1,Off,On,Off,Off,Off,Off,1,0,Off,0,2,0,0,0,0,0,0,0,0,0,11
ch00992,NSHME SKYWARN,145.14000,144.54000,D-Digital,High,12.5K,Off,Off,SKYWARN,Group Call,759,KC1JMH / Brad Brown,Always,Carrier,Off,1,1,1,Off,11,1,None,None,Off,Off,Off,Off,Normal Encryption,Off,Off,Off,Off,251.1,1,Off,On,Off,Off,Off,Off,1,0,Off,0,2,0,0,0,0,0,0,0,0,0,11
ch00993,NSHME TAC310,145.14000,144.54000,D-Digital,High,12.5K,Off,Off,TAC310,Group Call,310,KC1JMH / Brad Brown,Always,Carrier,Off,1,1,1,Off,11,1,None,None,Off,Off,Off,Off,Normal Encryption,Off,Off,Off,Off,251.1,1,Off,On,Off,Off,Off,Off,1,0,Off,0,2,0,0,0,0,0,0,0,0,0,11
ch00994,NSHME TAC311,145.14000,144.54000,D-Digital,High,12.5K,Off,Off,TAC311,Group Call,311,KC1JMH / Brad Brown,Always,Carrier,Off,1,1,1,Off,11,1,None,None,Off,Off,Off,Off,Normal Encryption,Off,Off,Off,Off,251.1,1,Off,On,Off,Off,Off,Off,1,0,Off,0,2,0,0,0,0,0,0,0,0,0,11
ch00995,NSHME UA Eng1,145.14000,144.54000,D-Digital,High,12.5K,Off,Off,UA English 1-113,Group Call,113,KC1JMH / Brad Brown,Always,Carrier,Off,1,1,1,Off,11,1,None,None,Off,Off,Off,Off,Normal Encryption,Off,Off,Off,Off,251.1,1,Off,On,Off,Off,Off,Off,1,0,Off,0,2,0,0,0,0,0,0,0,0,0,11
ch00996,NSHME UA Eng2,145.14000,144.54000,D-Digital,High,12.5K,Off,Off,UA English 2-123,Group Call,123,KC1JMH / Brad Brown,Always,Carrier,Off,1,1,1,Off,11,1,None,None,Off,Off,Off,Off,Normal Encryption,Off,Off,Off,Off,251.1,1,Off,On,Off,Off,Off,Off,1,0,Off,0,2,0,0,0,0,0,0,0,0,0,11
ch00997,NSHME WW,145.14000,144.54000,D-Digital,High,12.5K,Off,Off,WW Call,Group Call,1,KC1JMH / Brad Brown,Always,Carrier,Off,1,1,1,Off,11,1,None,None,Off,Off,Off,Off,Normal Encryption,Off,Off,Off,Off,251.1,1,Off,On,Off,Off,Off,Off,1,0,Off,0,2,0,0,0,0,0,0,0,0,0,11
ch00998,NSHME WW Eng,145.14000,144.54000,D-Digital,High,12.5K,Off,Off,WW English,Group Call,13,KC1JMH / Brad Brown,Always,Carrier,Off,1,1,1,Off,11,1,None,None,Off,Off,Off,Off,Normal Encryption,Off,Off,Off,Off,251.1,1,Off,On,Off,Off,Off,Off,1,0,Off,0,2,0,0,0,0,0,0,0,0,0,11
ch00999,NSHME TAC312,145.14000,144.54000,D-Digital,High,12.5K,Off,Off,TAC312,Group Call,312,KC1JMH / Brad Brown,Always,Carrier,Off,1,1,1,Off,11,1,None,None,Off,Off,Off,Off,Normal Encryption,Off,Off,Off,Off,251.1,1,Off,On,Off,Off,Off,Off,1,0,Off,0,2,0,0,0,0,0,0,0,0,0,11
ch01000,NSHME CT SW,145.14000,144.54000,D-Digital,High,12.5K,Off,Off,CT Statewide,Group Call,3109,KC1JMH / Brad Brown,Always,Carrier,Off,1,1,1,Off,11,1,None,None,Off,Off,Off,Off,Normal Encryption,Off,Off,Off,Off,251.1,1,Off,On,Off,Off,Off,Off,1,0,Off,0,2,0,0,0,0,0,0,0,0,0,11
ch01001,NSHME MA SW,145.14000,144.54000,D-Digital,High,12.5K,Off,Off,MA Statewide,Group Call,3125,KC1JMH / Brad Brown,Always,Carrier,Off,1,1,1,Off,11,1,None,None,Off,Off,Off,Off,Normal Encryption,Off,Off,Off,Off,251.1,1,Off,On,Off,Off,Off,Off,1,0,Off,0,2,0,0,0,0,0,0,0,0,0,11
ch01002,NSHME RI SW,145.14000,144.54000,D-Digital,High,12.5K,Off,Off,RI Statewide,Group Call,3144,KC1JMH / Brad Brown,Always,Carrier,Off,1,1,1,Off,11,1,None,None,Off,Off,Off,Off,Normal Encryption,Off,Off,Off,Off,251.1,1,Off,On,Off,Off,Off,Off,1,0,Off,0,2,0,0,0,0,0,0,0,0,0,11
ch01003,NSHME VT SW,145.14000,144.54000,D-Digital,High,12.5K,Off,Off,VT Statewide,Group Call,3150,KC1JMH / Brad Brown,Always,Carrier,Off,1,1,1,Off,11,1,None,None,Off,Off,Off,Off,Normal Encryption,Off,Off,Off,Off,251.1,1,Off,On,Off,Off,Off,Off,1,0,Off,0,2,0,0,0,0,0,0,0,0,0,11
ch01004,PQIME Local,145.18000,144.58000,D-Digital,High,12.5K,Off,Off,Local,Group Call,9,KC1JMH / Brad Brown,Always,Carrier,Off,1,1,1,Off,12,2,None,None,Off,Off,Off,Off,Normal Encryption,Off,Off,Off,Off,251.1,1,Off,On,Off,Off,Off,Off,1,0,Off,0,2,0,0,0,0,0,0,0,0,0,12
ch01005,PQIME ME Event 1,145.18000,144.58000,D-Digital,High,12.5K,Off,Off,ME Event 1,Group Call,31231,KC1JMH / Brad Brown,Always,Carrier,Off,1,1,1,Off,12,1,None,None,Off,Off,Off,Off,Normal Encryption,Off,Off,Off,Off,251.1,1,Off,On,Off,Off,Off,Off,1,0,Off,0,2,0,0,0,0,0,0,0,0,0,12
ch01006,PQIME ME Event 2,145.18000,144.58000,D-Digital,High,12.5K,Off,Off,ME Event 2,Group Call,31232,KC1JMH / Brad Brown,Always,Carrier,Off,1,1,1,Off,12,2,None,None,Off,Off,Off,Off,Normal Encryption,Off,Off,Off,Off,251.1,1,Off,On,Off,Off,Off,Off,1,0,Off,0,2,0,0,0,0,0,0,0,0,0,12
ch01007,PQIME ME SW,145.18000,144.58000,D-Digital,High,12.5K,Off,Off,ME Statewide,Group Call,3123,KC1JMH / Brad Brown,Always,Carrier,Off,1,1,1,Off,12,2,None,None,Off,Off,Off,Off,Normal Encryption,Off,Off,Off,Off,251.1,1,Off,On,Off,Off,Off,Off,1,0,Off,0,2,0,0,0,0,0,0,0,0,0,12
ch01008,PQIME NE Wide,145.18000,144.58000,D-Digital,High,12.5K,Off,Off,New England-Wide,Group Call,3181,KC1JMH / Brad Brown,Always,Carrier,Off,1,1,1,Off,12,2,None,None,Off,Off,Off,Off,Normal Encryption,Off,Off,Off,Off,251.1,1,Off,On,Off,Off,Off,Off,1,0,Off,0,2,0,0,0,0,0,0,0,0,0,12
ch01009,PQIME NETAC1,145.18000,144.58000,D-Digital,High,12.5K,Off,Off,NETAC1,Group Call,8801,KC1JMH / Brad Brown,Always,Carrier,Off,1,1,1,Off,12,1,None,None,Off,Off,Off,Off,Normal Encryption,Off,Off,Off,Off,251.1,1,Off,On,Off,Off,Off,Off,1,0,Off,0,2,0,0,0,0,0,0,0,0,0,12
ch01010,PQIME NETAC2,145.18000,144.58000,D-Digital,High,12.5K,Off,Off,NETAC2,Group Call,8802,KC1JMH / Brad Brown,Always,Carrier,Off,1,1,1,Off,12,2,None,None,Off,Off,Off,Off,Normal Encryption,Off,Off,Off,Off,251.1,1,Off,On,Off,Off,Off,Off,1,0,Off,0,2,0,0,0,0,0,0,0,0,0,12
ch01011,PQIME NEWBRNSWCK,145.18000,144.58000,D-Digital,High,12.5K,Off,Off,New Brunswick,Group Call,3029,KC1JMH / Brad Brown,Always,Carrier,Off,1,1,1,Off,12,1,None,None,Off,Off,Off,Off,Normal Encryption,Off,Off,Off,Off,251.1,1,Off,On,Off,Off,Off,Off,1,0,Off,0,2,0,0,0,0,0,0,0,0,0,12
ch01012,PQIME NH SW,145.18000,144.58000,D-Digital,High,12.5K,Off,Off,NH Statewide,Group Call,3133,KC1JMH / Brad Brown,Always,Carrier,Off,1,1,1,Off,12,1,None,None,Off,Off,Off,Off,Normal Encryption,Off,Off,Off,Off,251.1,1,Off,On,Off,Off,Off,Off,1,0,Off,0,2,0,0,0,0,0,0,0,0,0,12
ch01013,PQIME North Am,145.18000,144.58000,D-Digital,High,12.5K,Off,Off,North America,Group Call,3,KC1JMH / Brad Brown,Always,Carrier,Off,1,1,1,Off,12,1,None,None,Off,Off,Off,Off,Normal Encryption,Off,Off,Off,Off,251.1,1,Off,On,Off,Off,Off,Off,1,0,Off,0,2,0,0,0,0,0,0,0,0,0,12
ch01014,PQIME Northeast,145.18000,144.58000,D-Digital,High,12.5K,Off,Off,Northeast,Group Call,3172,KC1JMH / Brad Brown,Always,Carrier,Off,1,1,1,Off,12,1,None,None,Off,Off,Off,Off,Normal Encryption,Off,Off,Off,Off,251.1,1,Off,On,Off,Off,Off,Off,1,0,Off,0,2,0,0,0,0,0,0,0,0,0,12
ch01015,PQIME Parrot,145.18000,144.58000,D-Digital,High,12.5K,Off,Off,Parrot,Group Call,9998,KC1JMH / Brad Brown,Always,Carrier,Off,1,1,1,Off,12,1,None,None,Off,Off,Off,Off,Normal Encryption,Off,Off,Off,Off,251.1,1,Off,On,Off,Off,Off,Off,1,0,Off,0,2,0,0,0,0,0,0,0,0,0,12
ch01016,PQIME Reg North,145.18000,144.58000,D-Digital,High,12.5K,Off,Off,Region North,Group Call,8,KC1JMH / Brad Brown,Always,Carrier,Off,1,1,1,Off,12,2,None,None,Off,Off,Off,Off,Normal Encryption,Off,Off,Off,Off,251.1,1,Off,On,Off,Off,Off,Off,1,0,Off,0,2,0,0,0,0,0,0,0,0,0,12
ch01017,PQIME SKYWARN,145.18000,144.58000,D-Digital,High,12.5K,Off,Off,SKYWARN,Group Call,759,KC1JMH / Brad Brown,Always,Carrier,Off,1,1,1,Off,12,1,None,None,Off,Off,Off,Off,Normal Encryption,Off,Off,Off,Off,251.1,1,Off,On,Off,Off,Off,Off,1,0,Off,0,2,0,0,0,0,0,0,0,0,0,12
ch01018,PQIME TAC310,145.18000,144.58000,D-Digital,High,12.5K,Off,Off,TAC310,Group Call,310,KC1JMH / Brad Brown,Always,Carrier,Off,1,1,1,Off,12,1,None,None,Off,Off,Off,Off,Normal Encryption,Off,Off,Off,Off,251.1,1,Off,On,Off,Off,Off,Off,1,0,Off,0,2,0,0,0,0,0,0,0,0,0,12
ch01019,PQIME TAC311,145.18000,144.58000,D-Digital,High,12.5K,Off,Off,TAC311,Group Call,311,KC1JMH / Brad Brown,Always,Carrier,Off,1,1,1,Off,12,1,None,None,Off,Off,Off,Off,Normal Encryption,Off,Off,Off,Off,251.1,1,Off,On,Off,Off,Off,Off,1,0,Off,0,2,0,0,0,0,0,0,0,0,0,12
ch01020,PQIME UA Eng1,145.18000,144.58000,D-Digital,High,12.5K,Off,Off,UA English 1-113,Group Call,113,KC1JMH / Brad Brown,Always,Carrier,Off,1,1,1,Off,12,1,None,None,Off,Off,Off,Off,Normal Encryption,Off,Off,Off,Off,251.1,1,Off,On,Off,Off,Off,Off,1,0,Off,0,2,0,0,0,0,0,0,0,0,0,12
ch01021,PQIME UA Eng2,145.18000,144.58000,D-Digital,High,12.5K,Off,Off,UA English 2-123,Group Call,123,KC1JMH / Brad Brown,Always,Carrier,Off,1,1,1,Off,12,1,None,None,Off,Off,Off,Off,Normal Encryption,Off,Off,Off,Off,251.1,1,Off,On,Off,Off,Off,Off,1,0,Off,0,2,0,0,0,0,0,0,0,0,0,12
ch01022,PQIME WW,145.18000,144.58000,D-Digital,High,12.5K,Off,Off,WW Call,Group Call,1,KC1JMH / Brad Brown,Always,Carrier,Off,1,1,1,Off,12,1,None,None,Off,Off,Off,Off,Normal Encryption,Off,Off,Off,Off,251.1,1,Off,On,Off,Off,Off,Off,1,0,Off,0,2,0,0,0,0,0,0,0,0,0,12
ch01023,PQIME WW Eng,145.18000,144.58000,D-Digital,High,12.5K,Off,Off,WW English,Group Call,13,KC1JMH / Brad Brown,Always,Carrier,Off,1,1,1,Off,12,1,None,None,Off,Off,Off,Off,Normal Encryption,Off,Off,Off,Off,251.1,1,Off,On,Off,Off,Off,Off,1,0,Off,0,2,0,0,0,0,0,0,0,0,0,12
ch01024,PQIME Audio,145.18000,144.58000,D-Digital,High,12.5K,Off,Off,Audio Watch,Group Call,9999,KC1JMH / Brad Brown,Always,Carrier,Off,1,1,1,Off,12,1,None,None,Off,Off,Off,Off,Normal Encryption,Off,Off,Off,Off,251.1,1,Off,On,Off,Off,Off,Off,1,0,Off,0,2,0,0,0,0,0,0,0,0,0,12
ch01025,PQIME TAC312,145.18000,144.58000,D-Digital,High,12.5K,Off,Off,TAC312,Group Call,312,KC1JMH / Brad Brown,Always,Carrier,Off,1,1,1,Off,12,1,None,None,Off,Off,Off,Off,Normal Encryption,Off,Off,Off,Off,251.1,1,Off,On,Off,Off,Off,Off,1,0,Off,0,2,0,0,0,0,0,0,0,0,0,12
ch01026,PQIME CT SW,145.18000,144.58000,D-Digital,High,12.5K,Off,Off,CT Statewide,Group Call,3109,KC1JMH / Brad Brown,Always,Carrier,Off,1,1,1,Off,12,1,None,None,Off,Off,Off,Off,Normal Encryption,Off,Off,Off,Off,251.1,1,Off,On,Off,Off,Off,Off,1,0,Off,0,2,0,0,0,0,0,0,0,0,0,12
ch01027,PQIME MA SW,145.18000,144.58000,D-Digital,High,12.5K,Off,Off,MA Statewide,Group Call,3125,KC1JMH / Brad Brown,Always,Carrier,Off,1,1,1,Off,12,1,None,None,Off,Off,Off,Off,Normal Encryption,Off,Off,Off,Off,251.1,1,Off,On,Off,Off,Off,Off,1,0,Off,0,2,0,0,0,0,0,0,0,0,0,12
ch01028,PQIME RI SW,145.18000,144.58000,D-Digital,High,12.5K,Off,Off,RI Statewide,Group Call,3144,KC1JMH / Brad Brown,Always,Carrier,Off,1,1,1,Off,12,1,None,None,Off,Off,Off,Off,Normal Encryption,Off,Off,Off,Off,251.1,1,Off,On,Off,Off,Off,Off,1,0,Off,0,2,0,0,0,0,0,0,0,0,0,12
ch01029,PQIME VT SW,145.18000,144.58000,D-Digital,High,12.5K,Off,Off,VT Statewide,Group Call,3150,KC1JMH / Brad Brown,Always,Carrier,Off,1,1,1,Off,12,1,None,None,Off,Off,Off,Off,Normal Encryption,Off,Off,Off,Off,251.1,1,Off,On,Off,Off,Off,Off,1,0,Off,0,2,0,0,0,0,0,0,0,0,0,12
ch01030,PRUME CT SW,145.19000,144.59000,D-Digital,Turbo,12.5K,Off,Off,CT Statewide,Group Call,3109,KC1JMH / Brad Brown,Always,Carrier,Off,1,1,1,Off,13,1,None,None,Off,Off,Off,Off,Normal Encryption,Off,Off,Off,Off,251.1,1,Off,Off,Off,Off,Off,Off,1,0,Off,0,2,0,0,0,0,0,0,0,0,0,13
ch01031,PRUME Local,145.19000,144.59000,D-Digital,Turbo,12.5K,Off,Off,Local,Group Call,9,KC1JMH / Brad Brown,Always,Carrier,Off,1,1,1,Off,13,2,None,None,Off,Off,Off,Off,Normal Encryption,Off,Off,Off,Off,251.1,1,Off,Off,Off,Off,Off,Off,1,0,Off,0,2,0,0,0,0,0,0,0,0,0,13
ch01032,PRUME MA SW,145.19000,144.59000,D-Digital,Turbo,12.5K,Off,Off,MA Statewide,Group Call,3125,KC1JMH / Brad Brown,Always,Carrier,Off,1,1,1,Off,13,1,None,None,Off,Off,Off,Off,Normal Encryption,Off,Off,Off,Off,251.1,1,Off,Off,Off,Off,Off,Off,1,0,Off,0,2,0,0,0,0,0,0,0,0,0,13
ch01033,PRUME ME Event 1,145.19000,144.59000,D-Digital,Turbo,12.5K,Off,Off,ME Event 1,Group Call,31231,KC1JMH / Brad Brown,Always,Carrier,Off,1,1,1,Off,13,1,None,None,Off,Off,Off,Off,Normal Encryption,Off,Off,Off,Off,251.1,1,Off,Off,Off,Off,Off,Off,1,0,Off,0,2,0,0,0,0,0,0,0,0,0,13
ch01034,PRUME ME Event 2,145.19000,144.59000,D-Digital,Turbo,12.5K,Off,Off,ME Event 2,Group Call,31232,KC1JMH / Brad Brown,Always,Carrier,Off,1,1,1,Off,13,2,None,None,Off,Off,Off,Off,Normal Encryption,Off,Off,Off,Off,251.1,1,Off,Off,Off,Off,Off,Off,1,0,Off,0,2,0,0,0,0,0,0,0,0,0,13
ch01035,PRUME ME SW,145.19000,144.59000,D-Digital,Turbo,12.5K,Off,Off,ME Statewide,Group Call,3123,KC1JMH / Brad Brown,Always,Carrier,Off,1,1,1,Off,13,2,None,None,Off,Off,Off,Off,Normal Encryption,Off,Off,Off,Off,251.1,1,Off,Off,Off,Off,Off,Off,1,0,Off,0,2,0,0,0,0,0,0,0,0,0,13
ch01036,PRUME NE Wide,145.19000,144.59000,D-Digital,Turbo,12.5K,Off,Off,New England-Wide,Group Call,3181,KC1JMH / Brad Brown,Always,Carrier,Off,1,1,1,Off,13,2,None,None,Off,Off,Off,Off,Normal Encryption,Off,Off,Off,Off,251.1,1,Off,Off,Off,Off,Off,Off,1,0,Off,0,2,0,0,0,0,0,0,0,0,0,13
ch01037,PRUME NETAC1,145.19000,144.59000,D-Digital,Turbo,12.5K,Off,Off,NETAC1,Group Call,8801,KC1JMH / Brad Brown,Always,Carrier,Off,1,1,1,Off,13,1,None,None,Off,Off,Off,Off,Normal Encryption,Off,Off,Off,Off,251.1,1,Off,Off,Off,Off,Off,Off,1,0,Off,0,2,0,0,0,0,0,0,0,0,0,13
ch01038,PRUME NETAC2,145.19000,144.59000,D-Digital,Turbo,12.5K,Off,Off,NETAC2,Group Call,8802,KC1JMH / Brad Brown,Always,Carrier,Off,1,1,1,Off,13,2,None,None,Off,Off,Off,Off,Normal Encryption,Off,Off,Off,Off,251.1,1,Off,Off,Off,Off,Off,Off,1,0,Off,0,2,0,0,0,0,0,0,0,0,0,13
ch01039,PRUME NH SW,145.19000,144.59000,D-Digital,Turbo,12.5K,Off,Off,NH Statewide,Group Call,3133,KC1JMH / Brad Brown,Always,Carrier,Off,1,1,1,Off,13,1,None,None,Off,Off,Off,Off,Normal Encryption,Off,Off,Off,Off,251.1,1,Off,Off,Off,Off,Off,Off,1,0,Off,0,2,0,0,0,0,0,0,0,0,0,13
ch01040,PRUME North Am,145.19000,144.59000,D-Digital,Turbo,12.5K,Off,Off,North America,Group Call,3,KC1JMH / Brad Brown,Always,Carrier,Off,1,1,1,Off,13,1,None,None,Off,Off,Off,Off,Normal Encryption,Off,Off,Off,Off,251.1,1,Off,Off,Off,Off,Off,Off,1,0,Off,0,2,0,0,0,0,0,0,0,0,0,13
ch01041,PRUME Northeast,145.19000,144.59000,D-Digital,Turbo,12.5K,Off,Off,Northeast,Group Call,3172,KC1JMH / Brad Brown,Always,Carrier,Off,1,1,1,Off,13,1,None,None,Off,Off,Off,Off,Normal Encryption,Off,Off,Off,Off,251.1,1,Off,Off,Off,Off,Off,Off,1,0,Off,0,2,0,0,0,0,0,0,0,0,0,13
ch01042,PRUME Parrot,145.19000,144.59000,D-Digital,Turbo,12.5K,Off,Off,Parrot,Group Call,9998,KC1JMH / Brad Brown,Always,Carrier,Off,1,1,1,Off,13,1,None,None,Off,Off,Off,Off,Normal Encryption,Off,Off,Off,Off,251.1,1,Off,Off,Off,Off,Off,Off,1,0,Off,0,2,0,0,0,0,0,0,0,0,0,13
ch01043,PRUME RI SW,145.19000,144.59000,D-Digital,Turbo,12.5K,Off,Off,RI Statewide,Group Call,3144,KC1JMH / Brad Brown,Always,Carrier,Off,1,1,1,Off,13,1,None,None,Off,Off,Off,Off,Normal Encryption,Off,Off,Off,Off,251.1,1,Off,Off,Off,Off,Off,Off,1,0,Off,0,2,0,0,0,0,0,0,0,0,0,13
ch01044,PRUME SKYWARN,145.19000,144.59000,D-Digital,Turbo,12.5K,Off,Off,SKYWARN,Group Call,759,KC1JMH / Brad Brown,Always,Carrier,Off,1,1,1,Off,13,1,None,None,Off,Off,Off,Off,Normal Encryption,Off,Off,Off,Off,251.1,1,Off,Off,Off,Off,Off,Off,1,0,Off,0,2,0,0,0,0,0,0,0,0,0,13
ch01045,PRUME TAC310,145.19000,144.59000,D-Digital,Turbo,12.5K,Off,Off,TAC310,Group Call,310,KC1JMH / Brad Brown,Always,Carrier,Off,1,1,1,Off,13,1,None,None,Off,Off,Off,Off,Normal Encryption,Off,Off,Off,Off,251.1,1,Off,Off,Off,Off,Off,Off,1,0,Off,0,2,0,0,0,0,0,0,0,0,0,13
ch01046,PRUME TAC311,145.19000,144.59000,D-Digital,Turbo,12.5K,Off,Off,TAC311,Group Call,311,KC1JMH / Brad Brown,Always,Carrier,Off,1,1,1,Off,13,1,None,None,Off,Off,Off,Off,Normal Encryption,Off,Off,Off,Off,251.1,1,Off,Off,Off,Off,Off,Off,1,0,Off,0,2,0,0,0,0,0,0,0,0,0,13
ch01047,PRUME VT SW,145.19000,144.59000,D-Digital,Turbo,12.5K,Off,Off,VT Statewide,Group Call,3150,KC1JMH / Brad Brown,Always,Carrier,Off,1,1,1,Off,13,1,None,None,Off,Off,Off,Off,Normal Encryption,Off,Off,Off,Off,251.1,1,Off,Off,Off,Off,Off,Off,1,0,Off,0,2,0,0,0,0,0,0,0,0,0,13
ch01048,PRUME WW,145.19000,144.59000,D-Digital,Turbo,12.5K,Off,Off,WW Call,Group Call,1,KC1JMH / Brad Brown,Always,Carrier,Off,1,1,1,Off,13,1,None,None,Off,Off,Off,Off,Normal Encryption,Off,Off,Off,Off,251.1,1,Off,Off,Off,Off,Off,Off,1,0,Off,0,2,0,0,0,0,0,0,0,0,0,13
ch01049,PRUME Audio,145.19000,144.59000,D-Digital,Turbo,12.5K,Off,Off,Audio Watch,Group Call,9999,KC1JMH / Brad Brown,Always,Carrier,Off,1,1,1,Off,13,1,None,None,Off,Off,Off,Off,Normal Encryption,Off,Off,Off,Off,251.1,1,Off,Off,Off,Off,Off,Off,1,0,Off,0,2,0,0,0,0,0,0,0,0,0,13
ch01050,PRUME TAC312,145.19000,144.59000,D-Digital,Turbo,12.5K,Off,Off,TAC312,Group Call,312,KC1JMH / Brad Brown,Always,Carrier,Off,1,1,1,Off,13,1,None,None,Off,Off,Off,Off,Normal Encryption,Off,Off,Off,Off,251.1,1,Off,Off,Off,Off,Off,Off,1,0,Off,0,2,0,0,0,0,0,0,0,0,0,13
ch01051,PTLME Local,145.34000,144.74000,D-Digital,High,12.5K,Off,Off,Local,Group Call,9,KC1JMH / Brad Brown,Always,Carrier,Off,1,1,1,Off,12,2,None,None,Off,Off,Off,Off,Normal Encryption,Off,Off,Off,Off,251.1,1,Off,On,Off,Off,Off,Off,1,0,Off,0,2,0,0,0,0,0,0,0,0,0,12
ch01052,PTLME ME Event 1,145.34000,144.74000,D-Digital,High,12.5K,Off,Off,ME Event 1,Group Call,31231,KC1JMH / Brad Brown,Always,Carrier,Off,1,1,1,Off,12,1,None,None,Off,Off,Off,Off,Normal Encryption,Off,Off,Off,Off,251.1,1,Off,On,Off,Off,Off,Off,1,0,Off,0,2,0,0,0,0,0,0,0,0,0,12
ch01053,PTLME ME Event 2,145.34000,144.74000,D-Digital,High,12.5K,Off,Off,ME Event 2,Group Call,31232,KC1JMH / Brad Brown,Always,Carrier,Off,1,1,1,Off,12,2,None,None,Off,Off,Off,Off,Normal Encryption,Off,Off,Off,Off,251.1,1,Off,On,Off,Off,Off,Off,1,0,Off,0,2,0,0,0,0,0,0,0,0,0,12
ch01054,PTLME ME SW,145.34000,144.74000,D-Digital,High,12.5K,Off,Off,ME Statewide,Group Call,3123,KC1JMH / Brad Brown,Always,Carrier,Off,1,1,1,Off,12,2,None,None,Off,Off,Off,Off,Normal Encryption,Off,Off,Off,Off,251.1,1,Off,On,Off,Off,Off,Off,1,0,Off,0,2,0,0,0,0,0,0,0,0,0,12
ch01055,PTLME NE Wide,145.34000,144.74000,D-Digital,High,12.5K,Off,Off,New England-Wide,Group Call,3181,KC1JMH / Brad Brown,Always,Carrier,Off,1,1,1,Off,12,2,None,None,Off,Off,Off,Off,Normal Encryption,Off,Off,Off,Off,251.1,1,Off,On,Off,Off,Off,Off,1,0,Off,0,2,0,0,0,0,0,0,0,0,0,12
ch01056,PTLME NETAC1,145.34000,144.74000,D-Digital,High,12.5K,Off,Off,NETAC1,Group Call,8801,KC1JMH / Brad Brown,Always,Carrier,Off,1,1,1,Off,12,1,None,None,Off,Off,Off,Off,Normal Encryption,Off,Off,Off,Off,251.1,1,Off,On,Off,Off,Off,Off,1,0,Off,0,2,0,0,0,0,0,0,0,0,0,12
ch01057,PTLME NETAC2,145.34000,144.74000,D-Digital,High,12.5K,Off,Off,NETAC2,Group Call,8802,KC1JMH / Brad Brown,Always,Carrier,Off,1,1,1,Off,12,2,None,None,Off,Off,Off,Off,Normal Encryption,Off,Off,Off,Off,251.1,1,Off,On,Off,Off,Off,Off,1,0,Off,0,2,0,0,0,0,0,0,0,0,0,12
ch01058,PTLME NH SW,145.34000,144.74000,D-Digital,High,12.5K,Off,Off,NH Statewide,Group Call,3133,KC1JMH / Brad Brown,Always,Carrier,Off,1,1,1,Off,12,1,None,None,Off,Off,Off,Off,Normal Encryption,Off,Off,Off,Off,251.1,1,Off,On,Off,Off,Off,Off,1,0,Off,0,2,0,0,0,0,0,0,0,0,0,12
ch01059,PTLME North Am,145.34000,144.74000,D-Digital,High,12.5K,Off,Off,North America,Group Call,3,KC1JMH / Brad Brown,Always,Carrier,Off,1,1,1,Off,12,1,None,None,Off,Off,Off,Off,Normal Encryption,Off,Off,Off,Off,251.1,1,Off,On,Off,Off,Off,Off,1,0,Off,0,2,0,0,0,0,0,0,0,0,0,12
ch01060,PTLME Northeast,145.34000,144.74000,D-Digital,High,12.5K,Off,Off,Northeast,Group Call,3172,KC1JMH / Brad Brown,Always,Carrier,Off,1,1,1,Off,12,1,None,None,Off,Off,Off,Off,Normal Encryption,Off,Off,Off,Off,251.1,1,Off,On,Off,Off,Off,Off,1,0,Off,0,2,0,0,0,0,0,0,0,0,0,12
ch01061,PTLME Parrot,145.34000,144.74000,D-Digital,High,12.5K,Off,Off,Parrot,Group Call,9998,KC1JMH / Brad Brown,Always,Carrier,Off,1,1,1,Off,12,1,None,None,Off,Off,Off,Off,Normal Encryption,Off,Off,Off,Off,251.1,1,Off,On,Off,Off,Off,Off,1,0,Off,0,2,0,0,0,0,0,0,0,0,0,12
ch01062,PTLME Reg North,145.34000,144.74000,D-Digital,High,12.5K,Off,Off,Region North,Group Call,8,KC1JMH / Brad Brown,Always,Carrier,Off,1,1,1,Off,12,2,None,None,Off,Off,Off,Off,Normal Encryption,Off,Off,Off,Off,251.1,1,Off,On,Off,Off,Off,Off,1,0,Off,0,2,0,0,0,0,0,0,0,0,0,12
ch01063,PTLME SKYWARN,145.34000,144.74000,D-Digital,High,12.5K,Off,Off,SKYWARN,Group Call,759,KC1JMH / Brad Brown,Always,Carrier,Off,1,1,1,Off,12,1,None,None,Off,Off,Off,Off,Normal Encryption,Off,Off,Off,Off,251.1,1,Off,On,Off,Off,Off,Off,1,0,Off,0,2,0,0,0,0,0,0,0,0,0,12
ch01064,PTLME TAC310,145.34000,144.74000,D-Digital,High,12.5K,Off,Off,TAC310,Group Call,310,KC1JMH / Brad Brown,Always,Carrier,Off,1,1,1,Off,12,1,None,None,Off,Off,Off,Off,Normal Encryption,Off,Off,Off,Off,251.1,1,Off,On,Off,Off,Off,Off,1,0,Off,0,2,0,0,0,0,0,0,0,0,0,12
ch01065,PTLME TAC311,145.34000,144.74000,D-Digital,High,12.5K,Off,Off,TAC311,Group Call,311,KC1JMH / Brad Brown,Always,Carrier,Off,1,1,1,Off,12,1,None,None,Off,Off,Off,Off,Normal Encryption,Off,Off,Off,Off,251.1,1,Off,On,Off,Off,Off,Off,1,0,Off,0,2,0,0,0,0,0,0,0,0,0,12
ch01066,PTLME UA Eng1,145.34000,144.74000,D-Digital,High,12.5K,Off,Off,UA English 1-113,Group Call,113,KC1JMH / Brad Brown,Always,Carrier,Off,1,1,1,Off,12,1,None,None,Off,Off,Off,Off,Normal Encryption,Off,Off,Off,Off,251.1,1,Off,On,Off,Off,Off,Off,1,0,Off,0,2,0,0,0,0,0,0,0,0,0,12
ch01067,PTLME UA Eng2,145.34000,144.74000,D-Digital,High,12.5K,Off,Off,UA English 2-123,Group Call,123,KC1JMH / Brad Brown,Always,Carrier,Off,1,1,1,Off,12,1,None,None,Off,Off,Off,Off,Normal Encryption,Off,Off,Off,Off,251.1,1,Off,On,Off,Off,Off,Off,1,0,Off,0,2,0,0,0,0,0,0,0,0,0,12
ch01068,PTLME WW,145.34000,144.74000,D-Digital,High,12.5K,Off,Off,WW Call,Group Call,1,KC1JMH / Brad Brown,Always,Carrier,Off,1,1,1,Off,12,1,None,None,Off,Off,Off,Off,Normal Encryption,Off,Off,Off,Off,251.1,1,Off,On,Off,Off,Off,Off,1,0,Off,0,2,0,0,0,0,0,0,0,0,0,12
ch01069,PTLME WW Eng,145.34000,144.74000,D-Digital,High,12.5K,Off,Off,WW English,Group Call,13,KC1JMH / Brad Brown,Always,Carrier,Off,1,1,1,Off,12,1,None,None,Off,Off,Off,Off,Normal Encryption,Off,Off,Off,Off,251.1,1,Off,On,Off,Off,Off,Off,1,0,Off,0,2,0,0,0,0,0,0,0,0,0,12
ch01070,PTLME Audio,145.34000,144.74000,D-Digital,High,12.5K,Off,Off,Audio Watch,Group Call,9999,KC1JMH / Brad Brown,Always,Carrier,Off,1,1,1,Off,12,1,None,None,Off,Off,Off,Off,Normal Encryption,Off,Off,Off,Off,251.1,1,Off,On,Off,Off,Off,Off,1,0,Off,0,2,0,0,0,0,0,0,0,0,0,12
ch01071,PTLME TAC316,145.34000,144.74000,D-Digital,High,12.5K,Off,Off,TAC316,Group Call,316,KC1JMH / Brad Brown,Always,Carrier,Off,1,1,1,Off,12,1,None,None,Off,Off,Off,Off,Normal Encryption,Off,Off,Off,Off,251.1,1,Off,On,Off,Off,Off,Off,1,0,Off,0,2,0,0,0,0,0,0,0,0,0,12
ch01072,PTLME CT SW,145.34000,144.74000,D-Digital,High,12.5K,Off,Off,CT Statewide,Group Call,3109,KC1JMH / Brad Brown,Always,Carrier,Off,1,1,1,Off,12,1,None,None,Off,Off,Off,Off,Normal Encryption,Off,Off,Off,Off,251.1,1,Off,On,Off,Off,Off,Off,1,0,Off,0,2,0,0,0,0,0,0,0,0,0,12
ch01073,PTLME MA SW,145.34000,144.74000,D-Digital,High,12.5K,Off,Off,MA Statewide,Group Call,3125,KC1JMH / Brad Brown,Always,Carrier,Off,1,1,1,Off,12,1,None,None,Off,Off,Off,Off,Normal Encryption,Off,Off,Off,Off,251.1,1,Off,On,Off,Off,Off,Off,1,0,Off,0,2,0,0,0,0,0,0,0,0,0,12
ch01074,PTLME RI SW,145.34000,144.74000,D-Digital,High,12.5K,Off,Off,RI Statewide,Group Call,3144,KC1JMH / Brad Brown,Always,Carrier,Off,1,1,1,Off,12,1,None,None,Off,Off,Off,Off,Normal Encryption,Off,Off,Off,Off,251.1,1,Off,On,Off,Off,Off,Off,1,0,Off,0,2,0,0,0,0,0,0,0,0,0,12
ch01075,PTLME VT SW,145.34000,144.74000,D-Digital,High,12.5K,Off,Off,VT Statewide,Group Call,3150,KC1JMH / Brad Brown,Always,Carrier,Off,1,1,1,Off,12,1,None,None,Off,Off,Off,Off,Normal Encryption,Off,Off,Off,Off,251.1,1,Off,On,Off,Off,Off,Off,1,0,Off,0,2,0,0,0,0,0,0,0,0,0,12
ch01076,SHPME Local,145.11000,144.51000,D-Digital,High,12.5K,Off,Off,Local,Group Call,9,KC1JMH / Brad Brown,Always,Carrier,Off,1,1,1,Off,4,2,None,None,Off,Off,Off,Off,Normal Encryption,Off,Off,Off,Off,251.1,1,Off,On,Off,Off,Off,Off,1,0,Off,0,2,0,0,0,0,0,0,0,0,0,4
ch01077,SHPME ME Event 1,145.11000,144.51000,D-Digital,High,12.5K,Off,Off,ME Event 1,Group Call,31231,KC1JMH / Brad Brown,Always,Carrier,Off,1,1,1,Off,4,1,None,None,Off,Off,Off,Off,Normal Encryption,Off,Off,Off,Off,251.1,1,Off,On,Off,Off,Off,Off,1,0,Off,0,2,0,0,0,0,0,0,0,0,0,4
ch01078,SHPME ME Event 2,145.11000,144.51000,D-Digital,High,12.5K,Off,Off,ME Event 2,Group Call,31232,KC1JMH / Brad Brown,Always,Carrier,Off,1,1,1,Off,4,2,None,None,Off,Off,Off,Off,Normal Encryption,Off,Off,Off,Off,251.1,1,Off,On,Off,Off,Off,Off,1,0,Off,0,2,0,0,0,0,0,0,0,0,0,4
ch01079,SHPME ME SW,145.11000,144.51000,D-Digital,Turbo,12.5K,Off,Off,ME Statewide,Group Call,3123,KC1JMH / Brad Brown,Always,Carrier,Off,1,1,1,Off,4,2,None,None,Off,Off,Off,Off,Normal Encryption,Off,Off,Off,Off,251.1,1,Off,Off,Off,Off,Off,Off,1,0,Off,0,2,0,0,0,0,0,0,0,0,0,4
ch01080,SHPME NE Wide,145.11000,144.51000,D-Digital,High,12.5K,Off,Off,New England-Wide,Group Call,3181,KC1JMH / Brad Brown,Always,Carrier,Off,1,1,1,Off,4,2,None,None,Off,Off,Off,Off,Normal Encryption,Off,Off,Off,Off,251.1,1,Off,On,Off,Off,Off,Off,1,0,Off,0,2,0,0,0,0,0,0,0,0,0,4
ch01081,SHPME NETAC1,145.11000,144.51000,D-Digital,High,12.5K,Off,Off,NETAC1,Group Call,8801,KC1JMH / Brad Brown,Always,Carrier,Off,1,1,1,Off,4,1,None,None,Off,Off,Off,Off,Normal Encryption,Off,Off,Off,Off,251.1,1,Off,On,Off,Off,Off,Off,1,0,Off,0,2,0,0,0,0,0,0,0,0,0,4
ch01082,SHPME NETAC2,145.11000,144.51000,D-Digital,High,12.5K,Off,Off,NETAC2,Group Call,8802,KC1JMH / Brad Brown,Always,Carrier,Off,1,1,1,Off,4,2,None,None,Off,Off,Off,Off,Normal Encryption,Off,Off,Off,Off,251.1,1,Off,On,Off,Off,Off,Off,1,0,Off,0,2,0,0,0,0,0,0,0,0,0,4
ch01083,SHPME NH SW,145.11000,144.51000,D-Digital,High,12.5K,Off,Off,NH Statewide,Group Call,3133,KC1JMH / Brad Brown,Always,Carrier,Off,1,1,1,Off,4,1,None,None,Off,Off,Off,Off,Normal Encryption,Off,Off,Off,Off,251.1,1,Off,On,Off,Off,Off,Off,1,0,Off,0,2,0,0,0,0,0,0,0,0,0,4
ch01084,SHPME North Am,145.11000,144.51000,D-Digital,High,12.5K,Off,Off,North America,Group Call,3,KC1JMH / Brad Brown,Always,Carrier,Off,1,1,1,Off,4,1,None,None,Off,Off,Off,Off,Normal Encryption,Off,Off,Off,Off,251.1,1,Off,On,Off,Off,Off,Off,1,0,Off,0,2,0,0,0,0,0,0,0,0,0,4
ch01085,SHPME Northeast,145.11000,144.51000,D-Digital,High,12.5K,Off,Off,Northeast,Group Call,3172,KC1JMH / Brad Brown,Always,Carrier,Off,1,1,1,Off,4,1,None,None,Off,Off,Off,Off,Normal Encryption,Off,Off,Off,Off,251.1,1,Off,On,Off,Off,Off,Off,1,0,Off,0,2,0,0,0,0,0,0,0,0,0,4
ch01086,SHPME Parrot,145.11000,144.51000,D-Digital,High,12.5K,Off,Off,Parrot,Group Call,9998,KC1JMH / Brad Brown,Always,Carrier,Off,1,1,1,Off,4,1,None,None,Off,Off,Off,Off,Normal Encryption,Off,Off,Off,Off,251.1,1,Off,On,Off,Off,Off,Off,1,0,Off,0,2,0,0,0,0,0,0,0,0,0,4
ch01087,SHPME Reg North,145.11000,144.51000,D-Digital,High,12.5K,Off,Off,Region North,Group Call,8,KC1JMH / Brad Brown,Always,Carrier,Off,1,1,1,Off,4,2,None,None,Off,Off,Off,Off,Normal Encryption,Off,Off,Off,Off,251.1,1,Off,On,Off,Off,Off,Off,1,0,Off,0,2,0,0,0,0,0,0,0,0,0,4
ch01088,SHPME SKYWARN,145.11000,144.51000,D-Digital,Turbo,12.5K,Off,Off,SKYWARN,Group Call,759,KC1JMH / Brad Brown,Always,Carrier,Off,1,1,1,Off,4,1,None,None,Off,Off,Off,Off,Normal Encryption,Off,Off,Off,Off,251.1,1,Off,On,Off,Off,Off,Off,1,0,Off,0,2,0,0,0,0,0,0,0,0,0,4
ch01089,SHPME TAC310,145.11000,144.51000,D-Digital,High,12.5K,Off,Off,TAC310,Group Call,310,KC1JMH / Brad Brown,Always,Carrier,Off,1,1,1,Off,4,1,None,None,Off,Off,Off,Off,Normal Encryption,Off,Off,Off,Off,251.1,1,Off,On,Off,Off,Off,Off,1,0,Off,0,2,0,0,0,0,0,0,0,0,0,4
ch01090,SHPME TAC311,145.11000,144.51000,D-Digital,High,12.5K,Off,Off,TAC311,Group Call,311,KC1JMH / Brad Brown,Always,Carrier,Off,1,1,1,Off,4,1,None,None,Off,Off,Off,Off,Normal Encryption,Off,Off,Off,Off,251.1,1,Off,On,Off,Off,Off,Off,1,0,Off,0,2,0,0,0,0,0,0,0,0,0,4
ch01091,SHPME UA Eng1,145.11000,144.51000,D-Digital,High,12.5K,Off,Off,UA English 1-113,Group Call,113,KC1JMH / Brad Brown,Always,Carrier,Off,1,1,1,Off,4,1,None,None,Off,Off,Off,Off,Normal Encryption,Off,Off,Off,Off,251.1,1,Off,On,Off,Off,Off,Off,1,0,Off,0,2,0,0,0,0,0,0,0,0,0,4
ch01092,SHPME UA Eng2,145.11000,144.51000,D-Digital,High,12.5K,Off,Off,UA English 2-123,Group Call,123,KC1JMH / Brad Brown,Always,Carrier,Off,1,1,1,Off,4,1,None,None,Off,Off,Off,Off,Normal Encryption,Off,Off,Off,Off,251.1,1,Off,On,Off,Off,Off,Off,1,0,Off,0,2,0,0,0,0,0,0,0,0,0,4
ch01093,SHPME VT SW,145.11000,144.51000,D-Digital,High,12.5K,Off,Off,VT Statewide,Group Call,3150,KC1JMH / Brad Brown,Always,Carrier,Off,1,1,1,Off,4,1,None,None,Off,Off,Off,Off,Normal Encryption,Off,Off,Off,Off,251.1,1,Off,On,Off,Off,Off,Off,1,0,Off,0,2,0,0,0,0,0,0,0,0,0,4
ch01094,SHPME WW,145.11000,144.51000,D-Digital,High,12.5K,Off,Off,WW Call,Group Call,1,KC1JMH / Brad Brown,Always,Carrier,Off,1,1,1,Off,4,1,None,None,Off,Off,Off,Off,Normal Encryption,Off,Off,Off,Off,251.1,1,Off,On,Off,Off,Off,Off,1,0,Off,0,2,0,0,0,0,0,0,0,0,0,4
ch01095,SHPME WW Eng,145.11000,144.51000,D-Digital,High,12.5K,Off,Off,WW English,Group Call,13,KC1JMH / Brad Brown,Always,Carrier,Off,1,1,1,Off,4,1,None,None,Off,Off,Off,Off,Normal Encryption,Off,Off,Off,Off,251.1,1,Off,On,Off,Off,Off,Off,1,0,Off,0,2,0,0,0,0,0,0,0,0,0,4
ch01096,SHPME Audio,145.11000,144.51000,D-Digital,High,12.5K,Off,Off,Audio Watch,Group Call,9999,KC1JMH / Brad Brown,Always,Carrier,Off,1,1,1,Off,4,1,None,None,Off,Off,Off,Off,Normal Encryption,Off,Off,Off,Off,251.1,1,Off,On,Off,Off,Off,Off,1,0,Off,0,2,0,0,0,0,0,0,0,0,0,4
ch01097,SHPME CT SW,145.11000,144.51000,D-Digital,High,12.5K,Off,Off,CT Statewide,Group Call,3109,KC1JMH / Brad Brown,Always,Carrier,Off,1,1,1,Off,4,1,None,None,Off,Off,Off,Off,Normal Encryption,Off,Off,Off,Off,251.1,1,Off,On,Off,Off,Off,Off,1,0,Off,0,2,0,0,0,0,0,0,0,0,0,4
ch01098,SHPME MA SW,145.11000,144.51000,D-Digital,High,12.5K,Off,Off,MA Statewide,Group Call,3125,KC1JMH / Brad Brown,Always,Carrier,Off,1,1,1,Off,4,1,None,None,Off,Off,Off,Off,Normal Encryption,Off,Off,Off,Off,251.1,1,Off,On,Off,Off,Off,Off,1,0,Off,0,2,0,0,0,0,0,0,0,0,0,4
ch01099,SHPME RI SW,145.11000,144.51000,D-Digital,High,12.5K,Off,Off,RI Statewide,Group Call,3144,KC1JMH / Brad Brown,Always,Carrier,Off,1,1,1,Off,4,1,None,None,Off,Off,Off,Off,Normal Encryption,Off,Off,Off,Off,251.1,1,Off,On,Off,Off,Off,Off,1,0,Off,0,2,0,0,0,0,0,0,0,0,0,4
ch01100,SIDME Local,145.24000,144.64000,D-Digital,High,12.5K,Off,Off,Local,Group Call,9,KC1JMH / Brad Brown,Always,Carrier,Off,1,1,1,Off,12,2,None,None,Off,Off,Off,Off,Normal Encryption,Off,Off,Off,Off,251.1,1,Off,On,Off,Off,Off,Off,1,0,Off,0,2,0,0,0,0,0,0,0,0,0,12
ch01101,SIDME ME Event 1,145.24000,144.64000,D-Digital,High,12.5K,Off,Off,ME Event 1,Group Call,31231,KC1JMH / Brad Brown,Always,Carrier,Off,1,1,1,Off,12,1,None,None,Off,Off,Off,Off,Normal Encryption,Off,Off,Off,Off,251.1,1,Off,On,Off,Off,Off,Off,1,0,Off,0,2,0,0,0,0,0,0,0,0,0,12
ch01102,SIDME ME Event 2,145.24000,144.64000,D-Digital,High,12.5K,Off,Off,ME Event 2,Group Call,31232,KC1JMH / Brad Brown,Always,Carrier,Off,1,1,1,Off,12,2,None,None,Off,Off,Off,Off,Normal Encryption,Off,Off,Off,Off,251.1,1,Off,On,Off,Off,Off,Off,1,0,Off,0,2,0,0,0,0,0,0,0,0,0,12
ch01103,SIDME ME SW,145.24000,144.64000,D-Digital,High,12.5K,Off,Off,ME Statewide,Group Call,3123,KC1JMH / Brad Brown,Always,Carrier,Off,1,1,1,Off,12,2,None,None,Off,Off,Off,Off,Normal Encryption,Off,Off,Off,Off,251.1,1,Off,On,Off,Off,Off,Off,1,0,Off,0,2,0,0,0,0,0,0,0,0,0,12
ch01104,SIDME NE Wide,145.24000,144.64000,D-Digital,High,12.5K,Off,Off,New England-Wide,Group Call,3181,KC1JMH / Brad Brown,Always,Carrier,Off,1,1,1,Off,12,2,None,None,Off,Off,Off,Off,Normal Encryption,Off,Off,Off,Off,251.1,1,Off,On,Off,Off,Off,Off,1,0,Off,0,2,0,0,0,0,0,0,0,0,0,12
ch01105,SIDME NETAC1,145.24000,144.64000,D-Digital,High,12.5K,Off,Off,NETAC1,Group Call,8801,KC1JMH / Brad Brown,Always,Carrier,Off,1,1,1,Off,12,1,None,None,Off,Off,Off,Off,Normal Encryption,Off,Off,Off,Off,251.1,1,Off,On,Off,Off,Off,Off,1,0,Off,0,2,0,0,0,0,0,0,0,0,0,12
ch01106,SIDME NETAC2,145.24000,144.64000,D-Digital,High,12.5K,Off,Off,NETAC2,Group Call,8802,KC1JMH / Brad Brown,Always,Carrier,Off,1,1,1,Off,12,2,None,None,Off,Off,Off,Off,Normal Encryption,Off,Off,Off,Off,251.1,1,Off,On,Off,Off,Off,Off,1,0,Off,0,2,0,0,0,0,0,0,0,0,0,12
ch01107,SIDME NH SW,145.24000,144.64000,D-Digital,High,12.5K,Off,Off,NH Statewide,Group Call,3133,KC1JMH / Brad Brown,Always,Carrier,Off,1,1,1,Off,12,1,None,None,Off,Off,Off,Off,Normal Encryption,Off,Off,Off,Off,251.1,1,Off,On,Off,Off,Off,Off,1,0,Off,0,2,0,0,0,0,0,0,0,0,0,12
ch01108,SIDME North Am,145.24000,144.64000,D-Digital,High,12.5K,Off,Off,North America,Group Call,3,KC1JMH / Brad Brown,Always,Carrier,Off,1,1,1,Off,12,1,None,None,Off,Off,Off,Off,Normal Encryption,Off,Off,Off,Off,251.1,1,Off,On,Off,Off,Off,Off,1,0,Off,0,2,0,0,0,0,0,0,0,0,0,12
ch01109,SIDME Northeast,145.24000,144.64000,D-Digital,High,12.5K,Off,Off,Northeast,Group Call,3172,KC1JMH / Brad Brown,Always,Carrier,Off,1,1,1,Off,12,1,None,None,Off,Off,Off,Off,Normal Encryption,Off,Off,Off,Off,251.1,1,Off,On,Off,Off,Off,Off,1,0,Off,0,2,0,0,0,0,0,0,0,0,0,12
ch01110,SIDME Parrot,145.24000,144.64000,D-Digital,High,12.5K,Off,Off,Parrot,Group Call,9998,KC1JMH / Brad Brown,Always,Carrier,Off,1,1,1,Off,12,1,None,None,Off,Off,Off,Off,Normal Encryption,Off,Off,Off,Off,251.1,1,Off,On,Off,Off,Off,Off,1,0,Off,0,2,0,0,0,0,0,0,0,0,0,12
ch01111,SIDME Reg North,145.24000,144.64000,D-Digital,High,12.5K,Off,Off,Region North,Group Call,8,KC1JMH / Brad Brown,Always,Carrier,Off,1,1,1,Off,12,2,None,None,Off,Off,Off,Off,Normal Encryption,Off,Off,Off,Off,251.1,1,Off,On,Off,Off,Off,Off,1,0,Off,0,2,0,0,0,0,0,0,0,0,0,12
ch01112,SIDME SKYWARN,145.24000,144.64000,D-Digital,High,12.5K,Off,Off,SKYWARN,Group Call,759,KC1JMH / Brad Brown,Always,Carrier,Off,1,1,1,Off,12,1,None,None,Off,Off,Off,Off,Normal Encryption,Off,Off,Off,Off,251.1,1,Off,On,Off,Off,Off,Off,1,0,Off,0,2,0,0,0,0,0,0,0,0,0,12
ch01113,SIDME TAC310,145.24000,144.64000,D-Digital,High,12.5K,Off,Off,TAC310,Group Call,310,KC1JMH / Brad Brown,Always,Carrier,Off,1,1,1,Off,12,1,None,None,Off,Off,Off,Off,Normal Encryption,Off,Off,Off,Off,251.1,1,Off,On,Off,Off,Off,Off,1,0,Off,0,2,0,0,0,0,0,0,0,0,0,12
ch01114,SIDME TAC311,145.24000,144.64000,D-Digital,High,12.5K,Off,Off,TAC311,Group Call,311,KC1JMH / Brad Brown,Always,Carrier,Off,1,1,1,Off,12,1,None,None,Off,Off,Off,Off,Normal Encryption,Off,Off,Off,Off,251.1,1,Off,On,Off,Off,Off,Off,1,0,Off,0,2,0,0,0,0,0,0,0,0,0,12
ch01115,SIDME UA Eng1,145.24000,144.64000,D-Digital,High,12.5K,Off,Off,UA English 1-113,Group Call,113,KC1JMH / Brad Brown,Always,Carrier,Off,1,1,1,Off,12,1,None,None,Off,Off,Off,Off,Normal Encryption,Off,Off,Off,Off,251.1,1,Off,On,Off,Off,Off,Off,1,0,Off,0,2,0,0,0,0,0,0,0,0,0,12
ch01116,SIDME UA Eng2,145.24000,144.64000,D-Digital,High,12.5K,Off,Off,UA English 2-123,Group Call,123,KC1JMH / Brad Brown,Always,Carrier,Off,1,1,1,Off,12,1,None,None,Off,Off,Off,Off,Normal Encryption,Off,Off,Off,Off,251.1,1,Off,On,Off,Off,Off,Off,1,0,Off,0,2,0,0,0,0,0,0,0,0,0,12
ch01117,SIDME WW,145.24000,144.64000,D-Digital,High,12.5K,Off,Off,WW Call,Group Call,1,KC1JMH / Brad Brown,Always,Carrier,Off,1,1,1,Off,12,1,None,None,Off,Off,Off,Off,Normal Encryption,Off,Off,Off,Off,251.1,1,Off,On,Off,Off,Off,Off,1,0,Off,0,2,0,0,0,0,0,0,0,0,0,12
ch01118,SIDME WW Eng,145.24000,144.64000,D-Digital,High,12.5K,Off,Off,WW English,Group Call,13,KC1JMH / Brad Brown,Always,Carrier,Off,1,1,1,Off,12,1,None,None,Off,Off,Off,Off,Normal Encryption,Off,Off,Off,Off,251.1,1,Off,On,Off,Off,Off,Off,1,0,Off,0,2,0,0,0,0,0,0,0,0,0,12
ch01119,SIDME Audio,145.24000,144.64000,D-Digital,High,12.5K,Off,Off,Audio Watch,Group Call,9999,KC1JMH / Brad Brown,Always,Carrier,Off,1,1,1,Off,12,1,None,None,Off,Off,Off,Off,Normal Encryption,Off,Off,Off,Off,251.1,1,Off,On,Off,Off,Off,Off,1,0,Off,0,2,0,0,0,0,0,0,0,0,0,12
ch01120,SIDME TAC312,145.24000,144.64000,D-Digital,High,12.5K,Off,Off,TAC312,Group Call,312,KC1JMH / Brad Brown,Always,Carrier,Off,1,1,1,Off,12,1,None,None,Off,Off,Off,Off,Normal Encryption,Off,Off,Off,Off,251.1,1,Off,On,Off,Off,Off,Off,1,0,Off,0,2,0,0,0,0,0,0,0,0,0,12
ch01121,SIDME CT SW,145.24000,144.64000,D-Digital,High,12.5K,Off,Off,CT Statewide,Group Call,3109,KC1JMH / Brad Brown,Always,Carrier,Off,1,1,1,Off,12,1,None,None,Off,Off,Off,Off,Normal Encryption,Off,Off,Off,Off,251.1,1,Off,On,Off,Off,Off,Off,1,0,Off,0,2,0,0,0,0,0,0,0,0,0,12
ch01122,SIDME MA SW,145.24000,144.64000,D-Digital,High,12.5K,Off,Off,MA Statewide,Group Call,3125,KC1JMH / Brad Brown,Always,Carrier,Off,1,1,1,Off,12,1,None,None,Off,Off,Off,Off,Normal Encryption,Off,Off,Off,Off,251.1,1,Off,On,Off,Off,Off,Off,1,0,Off,0,2,0,0,0,0,0,0,0,0,0,12
ch01123,SIDME RI SW,145.24000,144.64000,D-Digital,High,12.5K,Off,Off,RI Statewide,Group Call,3144,KC1JMH / Brad Brown,Always,Carrier,Off,1,1,1,Off,12,1,None,None,Off,Off,Off,Off,Normal Encryption,Off,Off,Off,Off,251.1,1,Off,On,Off,Off,Off,Off,1,0,Off,0,2,0,0,0,0,0,0,0,0,0,12
ch01124,SIDME VT SW,145.24000,144.64000,D-Digital,High,12.5K,Off,Off,VT Statewide,Group Call,3150,KC1JMH / Brad Brown,Always,Carrier,Off,1,1,1,Off,12,1,None,None,Off,Off,Off,Off,Normal Encryption,Off,Off,Off,Off,251.1,1,Off,On,Off,Off,Off,Off,1,0,Off,0,2,0,0,0,0,0,0,0,0,0,12
ch01125,SMYME Local,145.19000,144.59000,D-Digital,High,12.5K,Off,Off,Local,Group Call,9,KC1JMH / Brad Brown,Always,Carrier,Off,1,1,1,Off,12,2,None,None,Off,Off,Off,Off,Normal Encryption,Off,Off,Off,Off,251.1,1,Off,On,Off,Off,Off,Off,1,0,Off,0,2,0,0,0,0,0,0,0,0,0,12
ch01126,SMYME ME Event 1,145.19000,144.59000,D-Digital,High,12.5K,Off,Off,ME Event 1,Group Call,31231,KC1JMH / Brad Brown,Always,Carrier,Off,1,1,1,Off,12,1,None,None,Off,Off,Off,Off,Normal Encryption,Off,Off,Off,Off,251.1,1,Off,On,Off,Off,Off,Off,1,0,Off,0,2,0,0,0,0,0,0,0,0,0,12
ch01127,SMYME ME Event 2,145.19000,144.59000,D-Digital,High,12.5K,Off,Off,ME Event 2,Group Call,31232,KC1JMH / Brad Brown,Always,Carrier,Off,1,1,1,Off,12,2,None,None,Off,Off,Off,Off,Normal Encryption,Off,Off,Off,Off,251.1,1,Off,On,Off,Off,Off,Off,1,0,Off,0,2,0,0,0,0,0,0,0,0,0,12
ch01128,SMYME ME SW,145.19000,144.59000,D-Digital,High,12.5K,Off,Off,ME Statewide,Group Call,3123,KC1JMH / Brad Brown,Always,Carrier,Off,1,1,1,Off,12,2,None,None,Off,Off,Off,Off,Normal Encryption,Off,Off,Off,Off,251.1,1,Off,On,Off,Off,Off,Off,1,0,Off,0,2,0,0,0,0,0,0,0,0,0,12
ch01129,SMYME NE Wide,145.19000,144.59000,D-Digital,High,12.5K,Off,Off,New England-Wide,Group Call,3181,KC1JMH / Brad Brown,Always,Carrier,Off,1,1,1,Off,12,2,None,None,Off,Off,Off,Off,Normal Encryption,Off,Off,Off,Off,251.1,1,Off,On,Off,Off,Off,Off,1,0,Off,0,2,0,0,0,0,0,0,0,0,0,12
ch01130,SMYME NETAC1,145.19000,144.59000,D-Digital,High,12.5K,Off,Off,NETAC1,Group Call,8801,KC1JMH / Brad Brown,Always,Carrier,Off,1,1,1,Off,12,1,None,None,Off,Off,Off,Off,Normal Encryption,Off,Off,Off,Off,251.1,1,Off,On,Off,Off,Off,Off,1,0,Off,0,2,0,0,0,0,0,0,0,0,0,12
ch01131,SMYME NETAC2,145.19000,144.59000,D-Digital,High,12.5K,Off,Off,NETAC2,Group Call,8802,KC1JMH / Brad Brown,Always,Carrier,Off,1,1,1,Off,12,2,None,None,Off,Off,Off,Off,Normal Encryption,Off,Off,Off,Off,251.1,1,Off,On,Off,Off,Off,Off,1,0,Off,0,2,0,0,0,0,0,0,0,0,0,12
ch01132,SMYME NEWBRNSWCK,145.19000,144.59000,D-Digital,High,12.5K,Off,Off,New Brunswick,Group Call,3029,KC1JMH / Brad Brown,Always,Carrier,Off,1,1,1,Off,12,1,None,None,Off,Off,Off,Off,Normal Encryption,Off,Off,Off,Off,251.1,1,Off,On,Off,Off,Off,Off,1,0,Off,0,2,0,0,0,0,0,0,0,0,0,12
ch01133,SMYME NH SW,145.19000,144.59000,D-Digital,High,12.5K,Off,Off,NH Statewide,Group Call,3133,KC1JMH / Brad Brown,Always,Carrier,Off,1,1,1,Off,12,1,None,None,Off,Off,Off,Off,Normal Encryption,Off,Off,Off,Off,251.1,1,Off,On,Off,Off,Off,Off,1,0,Off,0,2,0,0,0,0,0,0,0,0,0,12
ch01134,SMYME North Am,145.19000,144.59000,D-Digital,High,12.5K,Off,Off,North America,Group Call,3,KC1JMH / Brad Brown,Always,Carrier,Off,1,1,1,Off,12,1,None,None,Off,Off,Off,Off,Normal Encryption,Off,Off,Off,Off,251.1,1,Off,On,Off,Off,Off,Off,1,0,Off,0,2,0,0,0,0,0,0,0,0,0,12
ch01135,SMYME Northeast,145.19000,144.59000,D-Digital,High,12.5K,Off,Off,Northeast,Group Call,3172,KC1JMH / Brad Brown,Always,Carrier,Off,1,1,1,Off,12,1,None,None,Off,Off,Off,Off,Normal Encryption,Off,Off,Off,Off,251.1,1,Off,On,Off,Off,Off,Off,1,0,Off,0,2,0,0,0,0,0,0,0,0,0,12
ch01136,SMYME Parrot,145.19000,144.59000,D-Digital,High,12.5K,Off,Off,Parrot,Group Call,9998,KC1JMH / Brad Brown,Always,Carrier,Off,1,1,1,Off,12,1,None,None,Off,Off,Off,Off,Normal Encryption,Off,Off,Off,Off,251.1,1,Off,On,Off,Off,Off,Off,1,0,Off,0,2,0,0,0,0,0,0,0,0,0,12
ch01137,SMYME Reg North,145.19000,144.59000,D-Digital,High,12.5K,Off,Off,Region North,Group Call,8,KC1JMH / Brad Brown,Always,Carrier,Off,1,1,1,Off,12,2,None,None,Off,Off,Off,Off,Normal Encryption,Off,Off,Off,Off,251.1,1,Off,On,Off,Off,Off,Off,1,0,Off,0,2,0,0,0,0,0,0,0,0,0,12
ch01138,SMYME SKYWARN,145.19000,144.59000,D-Digital,High,12.5K,Off,Off,SKYWARN,Group Call,759,KC1JMH / Brad Brown,Always,Carrier,Off,1,1,1,Off,12,1,None,None,Off,Off,Off,Off,Normal Encryption,Off,Off,Off,Off,251.1,1,Off,On,Off,Off,Off,Off,1,0,Off,0,2,0,0,0,0,0,0,0,0,0,12
ch01139,SMYME TAC310,145.19000,144.59000,D-Digital,High,12.5K,Off,Off,TAC310,Group Call,310,KC1JMH / Brad Brown,Always,Carrier,Off,1,1,1,Off,12,1,None,None,Off,Off,Off,Off,Normal Encryption,Off,Off,Off,Off,251.1,1,Off,On,Off,Off,Off,Off,1,0,Off,0,2,0,0,0,0,0,0,0,0,0,12
ch01140,SMYME TAC311,145.19000,144.59000,D-Digital,High,12.5K,Off,Off,TAC311,Group Call,311,KC1JMH / Brad Brown,Always,Carrier,Off,1,1,1,Off,12,1,None,None,Off,Off,Off,Off,Normal Encryption,Off,Off,Off,Off,251.1,1,Off,On,Off,Off,Off,Off,1,0,Off,0,2,0,0,0,0,0,0,0,0,0,12
ch01141,SMYME UA Eng1,145.19000,144.59000,D-Digital,High,12.5K,Off,Off,UA English 1-113,Group Call,113,KC1JMH / Brad Brown,Always,Carrier,Off,1,1,1,Off,12,1,None,None,Off,Off,Off,Off,Normal Encryption,Off,Off,Off,Off,251.1,1,Off,On,Off,Off,Off,Off,1,0,Off,0,2,0,0,0,0,0,0,0,0,0,12
ch01142,SMYME UA Eng2,145.19000,144.59000,D-Digital,High,12.5K,Off,Off,UA English 2-123,Group Call,123,KC1JMH / Brad Brown,Always,Carrier,Off,1,1,1,Off,12,1,None,None,Off,Off,Off,Off,Normal Encryption,Off,Off,Off,Off,251.1,1,Off,On,Off,Off,Off,Off,1,0,Off,0,2,0,0,0,0,0,0,0,0,0,12
ch01143,SMYME WW,145.19000,144.59000,D-Digital,High,12.5K,Off,Off,WW Call,Group Call,1,KC1JMH / Brad Brown,Always,Carrier,Off,1,1,1,Off,12,1,None,None,Off,Off,Off,Off,Normal Encryption,Off,Off,Off,Off,251.1,1,Off,On,Off,Off,Off,Off,1,0,Off,0,2,0,0,0,0,0,0,0,0,0,12
ch01144,SMYME WW Eng,145.19000,144.59000,D-Digital,High,12.5K,Off,Off,WW English,Group Call,13,KC1JMH / Brad Brown,Always,Carrier,Off,1,1,1,Off,12,1,None,None,Off,Off,Off,Off,Normal Encryption,Off,Off,Off,Off,251.1,1,Off,On,Off,Off,Off,Off,1,0,Off,0,2,0,0,0,0,0,0,0,0,0,12
ch01145,SMYME Audio,145.19000,144.59000,D-Digital,High,12.5K,Off,Off,Audio Watch,Group Call,9999,KC1JMH / Brad Brown,Always,Carrier,Off,1,1,1,Off,12,1,None,None,Off,Off,Off,Off,Normal Encryption,Off,Off,Off,Off,251.1,1,Off,On,Off,Off,Off,Off,1,0,Off,0,2,0,0,0,0,0,0,0,0,0,12
ch01146,SMYME TAC312,145.19000,144.59000,D-Digital,High,12.5K,Off,Off,TAC312,Group Call,312,KC1JMH / Brad Brown,Always,Carrier,Off,1,1,1,Off,12,1,None,None,Off,Off,Off,Off,Normal Encryption,Off,Off,Off,Off,251.1,1,Off,On,Off,Off,Off,Off,1,0,Off,0,2,0,0,0,0,0,0,0,0,0,12
ch01147,SMYME CT SW,145.19000,144.59000,D-Digital,High,12.5K,Off,Off,CT Statewide,Group Call,3109,KC1JMH / Brad Brown,Always,Carrier,Off,1,1,1,Off,12,1,None,None,Off,Off,Off,Off,Normal Encryption,Off,Off,Off,Off,251.1,1,Off,On,Off,Off,Off,Off,1,0,Off,0,2,0,0,0,0,0,0,0,0,0,12
ch01148,SMYME MA SW,145.19000,144.59000,D-Digital,High,12.5K,Off,Off,MA Statewide,Group Call,3125,KC1JMH / Brad Brown,Always,Carrier,Off,1,1,1,Off,12,1,None,None,Off,Off,Off,Off,Normal Encryption,Off,Off,Off,Off,251.1,1,Off,On,Off,Off,Off,Off,1,0,Off,0,2,0,0,0,0,0,0,0,0,0,12
ch01149,SMYME RI SW,145.19000,144.59000,D-Digital,High,12.5K,Off,Off,RI Statewide,Group Call,3144,KC1JMH / Brad Brown,Always,Carrier,Off,1,1,1,Off,12,1,None,None,Off,Off,Off,Off,Normal Encryption,Off,Off,Off,Off,251.1,1,Off,On,Off,Off,Off,Off,1,0,Off,0,2,0,0,0,0,0,0,0,0,0,12
ch01150,SMYME VT SW,145.19000,144.59000,D-Digital,High,12.5K,Off,Off,VT Statewide,Group Call,3150,KC1JMH / Brad Brown,Always,Carrier,Off,1,1,1,Off,12,1,None,None,Off,Off,Off,Off,Normal Encryption,Off,Off,Off,Off,251.1,1,Off,On,Off,Off,Off,Off,1,0,Off,0,2,0,0,0,0,0,0,0,0,0,12
ch01151,TPMME Local,145.19000,144.59000,D-Digital,High,12.5K,Off,Off,Local,Group Call,9,KC1JMH / Brad Brown,Always,Carrier,Off,1,1,1,Off,13,2,None,None,Off,Off,Off,Off,Normal Encryption,Off,Off,Off,Off,251.1,1,Off,On,Off,Off,Off,Off,1,0,Off,0,2,0,0,0,0,0,0,0,0,0,13
ch01152,TPMME ME Event 1,145.19000,144.59000,D-Digital,High,12.5K,Off,Off,ME Event 1,Group Call,31231,KC1JMH / Brad Brown,Always,Carrier,Off,1,1,1,Off,13,1,None,None,Off,Off,Off,Off,Normal Encryption,Off,Off,Off,Off,251.1,1,Off,On,Off,Off,Off,Off,1,0,Off,0,2,0,0,0,0,0,0,0,0,0,13
ch01153,TPMME ME Event 2,145.19000,144.59000,D-Digital,High,12.5K,Off,Off,ME Event 2,Group Call,31232,KC1JMH / Brad Brown,Always,Carrier,Off,1,1,1,Off,13,2,None,None,Off,Off,Off,Off,Normal Encryption,Off,Off,Off,Off,251.1,1,Off,On,Off,Off,Off,Off,1,0,Off,0,2,0,0,0,0,0,0,0,0,0,13
ch01154,TPMME ME SW,145.19000,144.59000,D-Digital,High,12.5K,Off,Off,ME Statewide,Group Call,3123,KC1JMH / Brad Brown,Always,Carrier,Off,1,1,1,Off,13,2,None,None,Off,Off,Off,Off,Normal Encryption,Off,Off,Off,Off,251.1,1,Off,On,Off,Off,Off,Off,1,0,Off,0,2,0,0,0,0,0,0,0,0,0,13
ch01155,TPMME NE Wide,145.19000,144.59000,D-Digital,High,12.5K,Off,Off,New England-Wide,Group Call,3181,KC1JMH / Brad Brown,Always,Carrier,Off,1,1,1,Off,13,2,None,None,Off,Off,Off,Off,Normal Encryption,Off,Off,Off,Off,251.1,1,Off,On,Off,Off,Off,Off,1,0,Off,0,2,0,0,0,0,0,0,0,0,0,13
ch01156,TPMME NETAC1,145.19000,144.59000,D-Digital,High,12.5K,Off,Off,NETAC1,Group Call,8801,KC1JMH / Brad Brown,Always,Carrier,Off,1,1,1,Off,13,1,None,None,Off,Off,Off,Off,Normal Encryption,Off,Off,Off,Off,251.1,1,Off,On,Off,Off,Off,Off,1,0,Off,0,2,0,0,0,0,0,0,0,0,0,13
ch01157,TPMME NETAC2,145.19000,144.59000,D-Digital,High,12.5K,Off,Off,NETAC2,Group Call,8802,KC1JMH / Brad Brown,Always,Carrier,Off,1,1,1,Off,13,2,None,None,Off,Off,Off,Off,Normal Encryption,Off,Off,Off,Off,251.1,1,Off,On,Off,Off,Off,Off,1,0,Off,0,2,0,0,0,0,0,0,0,0,0,13
ch01158,TPMME NH SW,145.19000,144.59000,D-Digital,High,12.5K,Off,Off,NH Statewide,Group Call,3133,KC1JMH / Brad Brown,Always,Carrier,Off,1,1,1,Off,13,2,None,None,Off,Off,Off,Off,Normal Encryption,Off,Off,Off,Off,251.1,1,Off,On,Off,Off,Off,Off,1,0,Off,0,2,0,0,0,0,0,0,0,0,0,13
ch01159,TPMME North Am,145.19000,144.59000,D-Digital,High,12.5K,Off,Off,North America,Group Call,3,KC1JMH / Brad Brown,Always,Carrier,Off,1,1,1,Off,13,1,None,None,Off,Off,Off,Off,Normal Encryption,Off,Off,Off,Off,251.1,1,Off,On,Off,Off,Off,Off,1,0,Off,0,2,0,0,0,0,0,0,0,0,0,13
ch01160,TPMME Northeast,145.19000,144.59000,D-Digital,High,12.5K,Off,Off,Northeast,Group Call,3172,KC1JMH / Brad Brown,Always,Carrier,Off,1,1,1,Off,13,1,None,None,Off,Off,Off,Off,Normal Encryption,Off,Off,Off,Off,251.1,1,Off,On,Off,Off,Off,Off,1,0,Off,0,2,0,0,0,0,0,0,0,0,0,13
ch01161,TPMME Parrot,145.19000,144.59000,D-Digital,High,12.5K,Off,Off,Parrot,Group Call,9998,KC1JMH / Brad Brown,Always,Carrier,Off,1,1,1,Off,13,1,None,None,Off,Off,Off,Off,Normal Encryption,Off,Off,Off,Off,251.1,1,Off,On,Off,Off,Off,Off,1,0,Off,0,2,0,0,0,0,0,0,0,0,0,13
ch01162,TPMME Reg North,145.19000,144.59000,D-Digital,High,12.5K,Off,Off,Region North,Group Call,8,KC1JMH / Brad Brown,Always,Carrier,Off,1,1,1,Off,13,2,None,None,Off,Off,Off,Off,Normal Encryption,Off,Off,Off,Off,251.1,1,Off,On,Off,Off,Off,Off,1,0,Off,0,2,0,0,0,0,0,0,0,0,0,13
ch01163,TPMME SKYWARN,145.19000,144.59000,D-Digital,High,12.5K,Off,Off,SKYWARN,Group Call,759,KC1JMH / Brad Brown,Always,Carrier,Off,1,1,1,Off,13,1,None,None,Off,Off,Off,Off,Normal Encryption,Off,Off,Off,Off,251.1,1,Off,On,Off,Off,Off,Off,1,0,Off,0,2,0,0,0,0,0,0,0,0,0,13
ch01164,TPMME TAC310,145.19000,144.59000,D-Digital,High,12.5K,Off,Off,TAC310,Group Call,310,KC1JMH / Brad Brown,Always,Carrier,Off,1,1,1,Off,13,1,None,None,Off,Off,Off,Off,Normal Encryption,Off,Off,Off,Off,251.1,1,Off,On,Off,Off,Off,Off,1,0,Off,0,2,0,0,0,0,0,0,0,0,0,13
ch01165,TPMME TAC311,145.19000,144.59000,D-Digital,High,12.5K,Off,Off,TAC311,Group Call,311,KC1JMH / Brad Brown,Always,Carrier,Off,1,1,1,Off,13,1,None,None,Off,Off,Off,Off,Normal Encryption,Off,Off,Off,Off,251.1,1,Off,On,Off,Off,Off,Off,1,0,Off,0,2,0,0,0,0,0,0,0,0,0,13
ch01166,TPMME UA Eng1,145.19000,144.59000,D-Digital,High,12.5K,Off,Off,UA English 1-113,Group Call,113,KC1JMH / Brad Brown,Always,Carrier,Off,1,1,1,Off,13,1,None,None,Off,Off,Off,Off,Normal Encryption,Off,Off,Off,Off,251.1,1,Off,On,Off,Off,Off,Off,1,0,Off,0,2,0,0,0,0,0,0,0,0,0,13
ch01167,TPMME UA Eng2,145.19000,144.59000,D-Digital,High,12.5K,Off,Off,UA English 2-123,Group Call,123,KC1JMH / Brad Brown,Always,Carrier,Off,1,1,1,Off,13,1,None,None,Off,Off,Off,Off,Normal Encryption,Off,Off,Off,Off,251.1,1,Off,On,Off,Off,Off,Off,1,0,Off,0,2,0,0,0,0,0,0,0,0,0,13
ch01168,TPMME WW,145.19000,144.59000,D-Digital,High,12.5K,Off,Off,WW Call,Group Call,1,KC1JMH / Brad Brown,Always,Carrier,Off,1,1,1,Off,13,1,None,None,Off,Off,Off,Off,Normal Encryption,Off,Off,Off,Off,251.1,1,Off,On,Off,Off,Off,Off,1,0,Off,0,2,0,0,0,0,0,0,0,0,0,13
ch01169,TPMME WW Eng,145.19000,144.59000,D-Digital,High,12.5K,Off,Off,WW English,Group Call,13,KC1JMH / Brad Brown,Always,Carrier,Off,1,1,1,Off,13,1,None,None,Off,Off,Off,Off,Normal Encryption,Off,Off,Off,Off,251.1,1,Off,On,Off,Off,Off,Off,1,0,Off,0,2,0,0,0,0,0,0,0,0,0,13
ch01170,BOWNH Local,145.17000,144.57000,D-Digital,High,12.5K,Off,Off,Local,Group Call,9,KC1JMH / Brad Brown,Always,Carrier,Off,1,1,1,Off,8,2,None,None,Off,Off,Off,Off,Normal Encryption,Off,Off,Off,Off,251.1,1,Off,On,Off,Off,Off,Off,1,0,Off,0,2,0,0,0,0,0,0,0,0,0,8
ch01171,BOWNH NE Wide,145.17000,144.57000,D-Digital,High,12.5K,Off,Off,New England-Wide,Group Call,3181,KC1JMH / Brad Brown,Always,Carrier,Off,1,1,1,Off,8,2,None,None,Off,Off,Off,Off,Normal Encryption,Off,Off,Off,Off,251.1,1,Off,On,Off,Off,Off,Off,1,0,Off,0,2,0,0,0,0,0,0,0,0,0,8
ch01172,BOWNH NETAC1,145.17000,144.57000,D-Digital,High,12.5K,Off,Off,NETAC1,Group Call,8801,KC1JMH / Brad Brown,Always,Carrier,Off,1,1,1,Off,8,1,None,None,Off,Off,Off,Off,Normal Encryption,Off,Off,Off,Off,251.1,1,Off,On,Off,Off,Off,Off,1,0,Off,0,2,0,0,0,0,0,0,0,0,0,8
ch01173,BOWNH NETAC2,145.17000,144.57000,D-Digital,High,12.5K,Off,Off,NETAC2,Group Call,8802,KC1JMH / Brad Brown,Always,Carrier,Off,1,1,1,Off,8,2,None,None,Off,Off,Off,Off,Normal Encryption,Off,Off,Off,Off,251.1,1,Off,On,Off,Off,Off,Off,1,0,Off,0,2,0,0,0,0,0,0,0,0,0,8
ch01174,BOWNH NH SW,145.17000,144.57000,D-Digital,High,12.5K,Off,Off,NH Statewide,Group Call,3133,KC1JMH / Brad Brown,Always,Carrier,Off,1,1,1,Off,8,2,None,None,Off,Off,Off,Off,Normal Encryption,Off,Off,Off,Off,251.1,1,Off,On,Off,Off,Off,Off,1,0,Off,0,2,0,0,0,0,0,0,0,0,0,8
ch01175,BOWNH North Am,145.17000,144.57000,D-Digital,High,12.5K,Off,Off,North America,Group Call,3,KC1JMH / Brad Brown,Always,Carrier,Off,1,1,1,Off,8,1,None,None,Off,Off,Off,Off,Normal Encryption,Off,Off,Off,Off,251.1,1,Off,On,Off,Off,Off,Off,1,0,Off,0,2,0,0,0,0,0,0,0,0,0,8
ch01176,BOWNH Northeast,145.17000,144.57000,D-Digital,High,12.5K,Off,Off,Northeast,Group Call,3172,KC1JMH / Brad Brown,Always,Carrier,Off,1,1,1,Off,8,1,None,None,Off,Off,Off,Off,Normal Encryption,Off,Off,Off,Off,251.1,1,Off,On,Off,Off,Off,Off,1,0,Off,0,2,0,0,0,0,0,0,0,0,0,8
ch01177,BOWNH Parrot,145.17000,144.57000,D-Digital,High,12.5K,Off,Off,Parrot,Group Call,9998,KC1JMH / Brad Brown,Always,Carrier,Off,1,1,1,Off,8,1,None,None,Off,Off,Off,Off,Normal Encryption,Off,Off,Off,Off,251.1,1,Off,On,Off,Off,Off,Off,1,0,Off,0,2,0,0,0,0,0,0,0,0,0,8
ch01178,BOWNH Audio,145.17000,144.57000,D-Digital,High,12.5K,Off,Off,Audio Watch,Group Call,9999,KC1JMH / Brad Brown,Always,Carrier,Off,1,1,1,Off,8,1,None,None,Off,Off,Off,Off,Normal Encryption,Off,Off,Off,Off,251.1,1,Off,On,Off,Off,Off,Off,1,0,Off,0,2,0,0,0,0,0,0,0,0,0,8
ch01179,BOWNH TAC316,145.17000,144.57000,D-Digital,High,12.5K,Off,Off,TAC316,Group Call,316,KC1JMH / Brad Brown,Always,Carrier,Off,1,1,1,Off,8,1,None,None,Off,Off,Off,Off,Normal Encryption,Off,Off,Off,Off,251.1,1,Off,On,Off,Off,Off,Off,1,0,Off,0,2,0,0,0,0,0,0,0,0,0,8
ch01180,BOWNH CT SW,145.17000,144.57000,D-Digital,High,12.5K,Off,Off,CT Statewide,Group Call,3109,KC1JMH / Brad Brown,Always,Carrier,Off,1,1,1,Off,8,1,None,None,Off,Off,Off,Off,Normal Encryption,Off,Off,Off,Off,251.1,1,Off,On,Off,Off,Off,Off,1,0,Off,0,2,0,0,0,0,0,0,0,0,0,8
ch01181,BOWNH MA SW,145.17000,144.57000,D-Digital,High,12.5K,Off,Off,MA Statewide,Group Call,3125,KC1JMH / Brad Brown,Always,Carrier,Off,1,1,1,Off,8,1,None,None,Off,Off,Off,Off,Normal Encryption,Off,Off,Off,Off,251.1,1,Off,On,Off,Off,Off,Off,1,0,Off,0,2,0,0,0,0,0,0,0,0,0,8
ch01182,BOWNH ME SW,145.17000,144.57000,D-Digital,High,12.5K,Off,Off,ME Statewide,Group Call,3123,KC1JMH / Brad Brown,Always,Carrier,Off,1,1,1,Off,8,1,None,None,Off,Off,Off,Off,Normal Encryption,Off,Off,Off,Off,251.1,1,Off,On,Off,Off,Off,Off,1,0,Off,0,2,0,0,0,0,0,0,0,0,0,8
ch01183,BOWNH RI SW,145.17000,144.57000,D-Digital,High,12.5K,Off,Off,RI Statewide,Group Call,3144,KC1JMH / Brad Brown,Always,Carrier,Off,1,1,1,Off,8,1,None,None,Off,Off,Off,Off,Normal Encryption,Off,Off,Off,Off,251.1,1,Off,On,Off,Off,Off,Off,1,0,Off,0,2,0,0,0,0,0,0,0,0,0,8
ch01184,BOWNH VT SW,145.17000,144.57000,D-Digital,High,12.5K,Off,Off,VT Statewide,Group Call,3150,KC1JMH / Brad Brown,Always,Carrier,Off,1,1,1,Off,8,1,None,None,Off,Off,Off,Off,Normal Encryption,Off,Off,Off,Off,251.1,1,Off,On,Off,Off,Off,Off,1,0,Off,0,2,0,0,0,0,0,0,0,0,0,8
ch01185,BOWNH Reg North,145.17000,144.57000,D-Digital,High,12.5K,Off,Off,Region North,Group Call,8,KC1JMH / Brad Brown,Always,Carrier,Off,1,1,1,Off,8,2,None,None,Off,Off,Off,Off,Normal Encryption,Off,Off,Off,Off,251.1,1,Off,On,Off,Off,Off,Off,1,0,Off,0,2,0,0,0,0,0,0,0,0,0,8
ch01186,BOWNH SKYWARN,145.17000,144.57000,D-Digital,High,12.5K,Off,Off,SKYWARN,Group Call,759,KC1JMH / Brad Brown,Always,Carrier,Off,1,1,1,Off,8,1,None,None,Off,Off,Off,Off,Normal Encryption,Off,Off,Off,Off,251.1,1,Off,On,Off,Off,Off,Off,1,0,Off,0,2,0,0,0,0,0,0,0,0,0,8
ch01187,BOWNH TAC310,145.17000,144.57000,D-Digital,High,12.5K,Off,Off,TAC310,Group Call,310,KC1JMH / Brad Brown,Always,Carrier,Off,1,1,1,Off,8,1,None,None,Off,Off,Off,Off,Normal Encryption,Off,Off,Off,Off,251.1,1,Off,On,Off,Off,Off,Off,1,0,Off,0,2,0,0,0,0,0,0,0,0,0,8
ch01188,BOWNH TAC311,145.17000,144.57000,D-Digital,High,12.5K,Off,Off,TAC311,Group Call,311,KC1JMH / Brad Brown,Always,Carrier,Off,1,1,1,Off,8,1,None,None,Off,Off,Off,Off,Normal Encryption,Off,Off,Off,Off,251.1,1,Off,On,Off,Off,Off,Off,1,0,Off,0,2,0,0,0,0,0,0,0,0,0,8
ch01189,BOWNH UA Eng1,145.17000,144.57000,D-Digital,High,12.5K,Off,Off,UA English 1-113,Group Call,113,KC1JMH / Brad Brown,Always,Carrier,Off,1,1,1,Off,8,1,None,None,Off,Off,Off,Off,Normal Encryption,Off,Off,Off,Off,251.1,1,Off,On,Off,Off,Off,Off,1,0,Off,0,2,0,0,0,0,0,0,0,0,0,8
ch01190,BOWNH UA Eng2,145.17000,144.57000,D-Digital,High,12.5K,Off,Off,UA English 2-123,Group Call,123,KC1JMH / Brad Brown,Always,Carrier,Off,1,1,1,Off,8,1,None,None,Off,Off,Off,Off,Normal Encryption,Off,Off,Off,Off,251.1,1,Off,On,Off,Off,Off,Off,1,0,Off,0,2,0,0,0,0,0,0,0,0,0,8
ch01191,BOWNH WW,145.17000,144.57000,D-Digital,High,12.5K,Off,Off,WW Call,Group Call,1,KC1JMH / Brad Brown,Always,Carrier,Off,1,1,1,Off,8,1,None,None,Off,Off,Off,Off,Normal Encryption,Off,Off,Off,Off,251.1,1,Off,On,Off,Off,Off,Off,1,0,Off,0,2,0,0,0,0,0,0,0,0,0,8
ch01192,BOWNH WW Eng,145.17000,144.57000,D-Digital,High,12.5K,Off,Off,WW English,Group Call,13,KC1JMH / Brad Brown,Always,Carrier,Off,1,1,1,Off,8,1,None,None,Off,Off,Off,Off,Normal Encryption,Off,Off,Off,Off,251.1,1,Off,On,Off,Off,Off,Off,1,0,Off,0,2,0,0,0,0,0,0,0,0,0,8
ch01193,CHSNH Local,145.19000,144.59000,D-Digital,High,12.5K,Off,Off,Local,Group Call,9,KC1JMH / Brad Brown,Always,Carrier,Off,1,1,1,Off,9,2,None,None,Off,Off,Off,Off,Normal Encryption,Off,Off,Off,Off,251.1,1,Off,On,Off,Off,Off,Off,1,0,Off,0,2,0,0,0,0,0,0,0,0,0,9
ch01194,CHSNH MA SW,145.19000,144.59000,D-Digital,High,12.5K,Off,Off,MA Statewide,Group Call,3125,KC1JMH / Brad Brown,Always,Carrier,Off,1,1,1,Off,9,1,None,None,Off,Off,Off,Off,Normal Encryption,Off,Off,Off,Off,251.1,1,Off,On,Off,Off,Off,Off,1,0,Off,0,2,0,0,0,0,0,0,0,0,0,9
ch01195,CHSNH ME SW,145.19000,144.59000,D-Digital,High,12.5K,Off,Off,ME Statewide,Group Call,3123,KC1JMH / Brad Brown,Always,Carrier,Off,1,1,1,Off,9,1,None,None,Off,Off,Off,Off,Normal Encryption,Off,Off,Off,Off,251.1,1,Off,On,Off,Off,Off,Off,1,0,Off,0,2,0,0,0,0,0,0,0,0,0,9
ch01196,CHSNH NE Wide,145.19000,144.59000,D-Digital,High,12.5K,Off,Off,New England-Wide,Group Call,3181,KC1JMH / Brad Brown,Always,Carrier,Off,1,1,1,Off,9,2,None,None,Off,Off,Off,Off,Normal Encryption,Off,Off,Off,Off,251.1,1,Off,On,Off,Off,Off,Off,1,0,Off,0,2,0,0,0,0,0,0,0,0,0,9
ch01197,CHSNH NETAC1,145.19000,144.59000,D-Digital,High,12.5K,Off,Off,NETAC1,Group Call,8801,KC1JMH / Brad Brown,Always,Carrier,Off,1,1,1,Off,9,1,None,None,Off,Off,Off,Off,Normal Encryption,Off,Off,Off,Off,251.1,1,Off,On,Off,Off,Off,Off,1,0,Off,0,2,0,0,0,0,0,0,0,0,0,9
ch01198,CHSNH NETAC2,145.19000,144.59000,D-Digital,High,12.5K,Off,Off,NETAC2,Group Call,8802,KC1JMH / Brad Brown,Always,Carrier,Off,1,1,1,Off,9,2,None,None,Off,Off,Off,Off,Normal Encryption,Off,Off,Off,Off,251.1,1,Off,On,Off,Off,Off,Off,1,0,Off,0,2,0,0,0,0,0,0,0,0,0,9
ch01199,CHSNH NH SW,145.19000,144.59000,D-Digital,High,12.5K,Off,Off,NH Statewide,Group Call,3133,KC1JMH / Brad Brown,Always,Carrier,Off,1,1,1,Off,9,2,None,None,Off,Off,Off,Off,Normal Encryption,Off,Off,Off,Off,251.1,1,Off,On,Off,Off,Off,Off,1,0,Off,0,2,0,0,0,0,0,0,0,0,0,9
ch01200,CHSNH North Am,145.19000,144.59000,D-Digital,High,12.5K,Off,Off,North America,Group Call,3,KC1JMH / Brad Brown,Always,Carrier,Off,1,1,1,Off,9,1,None,None,Off,Off,Off,Off,Normal Encryption,Off,Off,Off,Off,251.1,1,Off,On,Off,Off,Off,Off,1,0,Off,0,2,0,0,0,0,0,0,0,0,0,9
ch01201,CHSNH Northeast,145.19000,144.59000,D-Digital,High,12.5K,Off,Off,Northeast,Group Call,3172,KC1JMH / Brad Brown,Always,Carrier,Off,1,1,1,Off,9,1,None,None,Off,Off,Off,Off,Normal Encryption,Off,Off,Off,Off,251.1,1,Off,On,Off,Off,Off,Off,1,0,Off,0,2,0,0,0,0,0,0,0,0,0,9
ch01202,CHSNH Parrot,145.19000,144.59000,D-Digital,High,12.5K,Off,Off,Parrot,Group Call,9998,KC1JMH / Brad Brown,Always,Carrier,Off,1,1,1,Off,9,1,None,None,Off,Off,Off,Off,Normal Encryption,Off,Off,Off,Off,251.1,1,Off,On,Off,Off,Off,Off,1,0,Off,0,2,0,0,0,0,0,0,0,0,0,9
ch01203,CHSNH Audio,145.19000,144.59000,D-Digital,High,12.5K,Off,Off,Audio Watch,Group Call,9999,KC1JMH / Brad Brown,Always,Carrier,Off,1,1,1,Off,9,1,None,None,Off,Off,Off,Off,Normal Encryption,Off,Off,Off,Off,251.1,1,Off,On,Off,Off,Off,Off,1,0,Off,0,2,0,0,0,0,0,0,0,0,0,9
ch01204,CHSNH CT SW,145.19000,144.59000,D-Digital,High,12.5K,Off,Off,CT Statewide,Group Call,3109,KC1JMH / Brad Brown,Always,Carrier,Off,1,1,1,Off,9,1,None,None,Off,Off,Off,Off,Normal Encryption,Off,Off,Off,Off,251.1,1,Off,On,Off,Off,Off,Off,1,0,Off,0,2,0,0,0,0,0,0,0,0,0,9
ch01205,CHSNH RI SW,145.19000,144.59000,D-Digital,High,12.5K,Off,Off,RI Statewide,Group Call,3144,KC1JMH / Brad Brown,Always,Carrier,Off,1,1,1,Off,9,1,None,None,Off,Off,Off,Off,Normal Encryption,Off,Off,Off,Off,251.1,1,Off,On,Off,Off,Off,Off,1,0,Off,0,2,0,0,0,0,0,0,0,0,0,9
ch01206,CHSNH VT SW,145.19000,144.59000,D-Digital,High,12.5K,Off,Off,VT Statewide,Group Call,3150,KC1JMH / Brad Brown,Always,Carrier,Off,1,1,1,Off,9,1,None,None,Off,Off,Off,Off,Normal Encryption,Off,Off,Off,Off,251.1,1,Off,On,Off,Off,Off,Off,1,0,Off,0,2,0,0,0,0,0,0,0,0,0,9
ch01207,CHSNH Reg North,145.19000,144.59000,D-Digital,High,12.5K,Off,Off,Region North,Group Call,8,KC1JMH / Brad Brown,Always,Carrier,Off,1,1,1,Off,9,2,None,None,Off,Off,Off,Off,Normal Encryption,Off,Off,Off,Off,251.1,1,Off,On,Off,Off,Off,Off,1,0,Off,0,2,0,0,0,0,0,0,0,0,0,9
ch01208,CHSNH SKYWARN,145.19000,144.59000,D-Digital,High,12.5K,Off,Off,SKYWARN,Group Call,759,KC1JMH / Brad Brown,Always,Carrier,Off,1,1,1,Off,9,1,None,None,Off,Off,Off,Off,Normal Encryption,Off,Off,Off,Off,251.1,1,Off,On,Off,Off,Off,Off,1,0,Off,0,2,0,0,0,0,0,0,0,0,0,9
ch01209,CHSNH TAC310,145.19000,144.59000,D-Digital,High,12.5K,Off,Off,TAC310,Group Call,310,KC1JMH / Brad Brown,Always,Carrier,Off,1,1,1,Off,9,1,None,None,Off,Off,Off,Off,Normal Encryption,Off,Off,Off,Off,251.1,1,Off,On,Off,Off,Off,Off,1,0,Off,0,2,0,0,0,0,0,0,0,0,0,9
ch01210,CHSNH TAC311,145.19000,144.59000,D-Digital,High,12.5K,Off,Off,TAC311,Group Call,311,KC1JMH / Brad Brown,Always,Carrier,Off,1,1,1,Off,9,1,None,None,Off,Off,Off,Off,Normal Encryption,Off,Off,Off,Off,251.1,1,Off,On,Off,Off,Off,Off,1,0,Off,0,2,0,0,0,0,0,0,0,0,0,9
ch01211,CHSNH UA Eng1,145.19000,144.59000,D-Digital,High,12.5K,Off,Off,UA English 1-113,Group Call,113,KC1JMH / Brad Brown,Always,Carrier,Off,1,1,1,Off,9,1,None,None,Off,Off,Off,Off,Normal Encryption,Off,Off,Off,Off,251.1,1,Off,On,Off,Off,Off,Off,1,0,Off,0,2,0,0,0,0,0,0,0,0,0,9
ch01212,CHSNH UA Eng2,145.19000,144.59000,D-Digital,High,12.5K,Off,Off,UA English 2-123,Group Call,123,KC1JMH / Brad Brown,Always,Carrier,Off,1,1,1,Off,9,1,None,None,Off,Off,Off,Off,Normal Encryption,Off,Off,Off,Off,251.1,1,Off,On,Off,Off,Off,Off,1,0,Off,0,2,0,0,0,0,0,0,0,0,0,9
ch01213,CHSNH WW,145.19000,144.59000,D-Digital,High,12.5K,Off,Off,WW Call,Group Call,1,KC1JMH / Brad Brown,Always,Carrier,Off,1,1,1,Off,9,1,None,None,Off,Off,Off,Off,Normal Encryption,Off,Off,Off,Off,251.1,1,Off,On,Off,Off,Off,Off,1,0,Off,0,2,0,0,0,0,0,0,0,0,0,9
ch01214,CHSNH WW Eng,145.19000,144.59000,D-Digital,High,12.5K,Off,Off,WW English,Group Call,13,KC1JMH / Brad Brown,Always,Carrier,Off,1,1,1,Off,9,1,None,None,Off,Off,Off,Off,Normal Encryption,Off,Off,Off,Off,251.1,1,Off,On,Off,Off,Off,Off,1,0,Off,0,2,0,0,0,0,0,0,0,0,0,9
ch01215,CLKNH COOS,145.25000,144.65000,D-Digital,High,12.5K,Off,Off,Coos Net,Group Call,8803,KC1JMH / Brad Brown,Always,Carrier,Off,1,1,1,Off,0,2,None,None,Off,Off,Off,Off,Normal Encryption,Off,Off,Off,Off,251.1,1,Off,On,Off,Off,Off,Off,1,0,Off,0,2,0,0,0,0,0,0,0,0,0,0
ch01216,CLKNH Local,145.25000,144.65000,D-Digital,High,12.5K,Off,Off,Local,Group Call,9,KC1JMH / Brad Brown,Always,Carrier,Off,1,1,1,Off,0,2,None,None,Off,Off,Off,Off,Normal Encryption,Off,Off,Off,Off,251.1,1,Off,On,Off,Off,Off,Off,1,0,Off,0,2,0,0,0,0,0,0,0,0,0,0
ch01217,CLKNH NE Wide,145.25000,144.65000,D-Digital,High,12.5K,Off,Off,New England-Wide,Group Call,3181,KC1JMH / Brad Brown,Always,Carrier,Off,1,1,1,Off,0,2,None,None,Off,Off,Off,Off,Normal Encryption,Off,Off,Off,Off,251.1,1,Off,On,Off,Off,Off,Off,1,0,Off,0,2,0,0,0,0,0,0,0,0,0,0
ch01218,CLKNH NETAC1,145.25000,144.65000,D-Digital,High,12.5K,Off,Off,NETAC1,Group Call,8801,KC1JMH / Brad Brown,Always,Carrier,Off,1,1,1,Off,0,1,None,None,Off,Off,Off,Off,Normal Encryption,Off,Off,Off,Off,251.1,1,Off,On,Off,Off,Off,Off,1,0,Off,0,2,0,0,0,0,0,0,0,0,0,0
ch01219,CLKNH NETAC2,145.25000,144.65000,D-Digital,High,12.5K,Off,Off,NETAC2,Group Call,8802,KC1JMH / Brad Brown,Always,Carrier,Off,1,1,1,Off,0,2,None,None,Off,Off,Off,Off,Normal Encryption,Off,Off,Off,Off,251.1,1,Off,On,Off,Off,Off,Off,1,0,Off,0,2,0,0,0,0,0,0,0,0,0,0
ch01220,CLKNH NH SW,145.25000,144.65000,D-Digital,High,12.5K,Off,Off,NH Statewide,Group Call,3133,KC1JMH / Brad Brown,Always,Carrier,Off,1,1,1,Off,0,2,None,None,Off,Off,Off,Off,Normal Encryption,Off,Off,Off,Off,251.1,1,Off,On,Off,Off,Off,Off,1,0,Off,0,2,0,0,0,0,0,0,0,0,0,0
ch01221,CLKNH North Am,145.25000,144.65000,D-Digital,High,12.5K,Off,Off,North America,Group Call,3,KC1JMH / Brad Brown,Always,Carrier,Off,1,1,1,Off,0,1,None,None,Off,Off,Off,Off,Normal Encryption,Off,Off,Off,Off,251.1,1,Off,On,Off,Off,Off,Off,1,0,Off,0,2,0,0,0,0,0,0,0,0,0,0
ch01222,CLKNH Northeast,145.25000,144.65000,D-Digital,High,12.5K,Off,Off,Northeast,Group Call,3172,KC1JMH / Brad Brown,Always,Carrier,Off,1,1,1,Off,0,1,None,None,Off,Off,Off,Off,Normal Encryption,Off,Off,Off,Off,251.1,1,Off,On,Off,Off,Off,Off,1,0,Off,0,2,0,0,0,0,0,0,0,0,0,0
ch01223,CLKNH Parrot,145.25000,144.65000,D-Digital,High,12.5K,Off,Off,Parrot,Group Call,9998,KC1JMH / Brad Brown,Always,Carrier,Off,1,1,1,Off,0,1,None,None,Off,Off,Off,Off,Normal Encryption,Off,Off,Off,Off,251.1,1,Off,On,Off,Off,Off,Off,1,0,Off,0,2,0,0,0,0,0,0,0,0,0,0
ch01224,CLKNH Audio,145.25000,144.65000,D-Digital,High,12.5K,Off,Off,Audio Watch,Group Call,9999,KC1JMH / Brad Brown,Always,Carrier,Off,1,1,1,Off,0,1,None,None,Off,Off,Off,Off,Normal Encryption,Off,Off,Off,Off,251.1,1,Off,On,Off,Off,Off,Off,1,0,Off,0,2,0,0,0,0,0,0,0,0,0,0
ch01225,CLKNH CT SW,145.25000,144.65000,D-Digital,High,12.5K,Off,Off,CT Statewide,Group Call,3109,KC1JMH / Brad Brown,Always,Carrier,Off,1,1,1,Off,0,1,None,None,Off,Off,Off,Off,Normal Encryption,Off,Off,Off,Off,251.1,1,Off,On,Off,Off,Off,Off,1,0,Off,0,2,0,0,0,0,0,0,0,0,0,0
ch01226,CLKNH MA SW,145.25000,144.65000,D-Digital,High,12.5K,Off,Off,MA Statewide,Group Call,3125,KC1JMH / Brad Brown,Always,Carrier,Off,1,1,1,Off,0,1,None,None,Off,Off,Off,Off,Normal Encryption,Off,Off,Off,Off,251.1,1,Off,On,Off,Off,Off,Off,1,0,Off,0,2,0,0,0,0,0,0,0,0,0,0
ch01227,CLKNH ME SW,145.25000,144.65000,D-Digital,High,12.5K,Off,Off,ME Statewide,Group Call,3123,KC1JMH / Brad Brown,Always,Carrier,Off,1,1,1,Off,0,1,None,None,Off,Off,Off,Off,Normal Encryption,Off,Off,Off,Off,251.1,1,Off,On,Off,Off,Off,Off,1,0,Off,0,2,0,0,0,0,0,0,0,0,0,0
ch01228,CLKNH RI SW,145.25000,144.65000,D-Digital,High,12.5K,Off,Off,RI Statewide,Group Call,3144,KC1JMH / Brad Brown,Always,Carrier,Off,1,1,1,Off,0,1,None,None,Off,Off,Off,Off,Normal Encryption,Off,Off,Off,Off,251.1,1,Off,On,Off,Off,Off,Off,1,0,Off,0,2,0,0,0,0,0,0,0,0,0,0
ch01229,CLKNH Reg North,145.25000,144.65000,D-Digital,High,12.5K,Off,Off,Region North,Group Call,8,KC1JMH / Brad Brown,Always,Carrier,Off,1,1,1,Off,0,2,None,None,Off,Off,Off,Off,Normal Encryption,Off,Off,Off,Off,251.1,1,Off,On,Off,Off,Off,Off,1,0,Off,0,2,0,0,0,0,0,0,0,0,0,0
ch01230,CLKNH SKYWARN,145.25000,144.65000,D-Digital,High,12.5K,Off,Off,SKYWARN,Group Call,759,KC1JMH / Brad Brown,Always,Carrier,Off,1,1,1,Off,0,1,None,None,Off,Off,Off,Off,Normal Encryption,Off,Off,Off,Off,251.1,1,Off,On,Off,Off,Off,Off,1,0,Off,0,2,0,0,0,0,0,0,0,0,0,0
ch01231,CLKNH TAC310,145.25000,144.65000,D-Digital,High,12.5K,Off,Off,TAC310,Group Call,310,KC1JMH / Brad Brown,Always,Carrier,Off,1,1,1,Off,0,1,None,None,Off,Off,Off,Off,Normal Encryption,Off,Off,Off,Off,251.1,1,Off,On,Off,Off,Off,Off,1,0,Off,0,2,0,0,0,0,0,0,0,0,0,0
ch01232,CLKNH TAC311,145.25000,144.65000,D-Digital,High,12.5K,Off,Off,TAC311,Group Call,311,KC1JMH / Brad Brown,Always,Carrier,Off,1,1,1,Off,0,1,None,None,Off,Off,Off,Off,Normal Encryption,Off,Off,Off,Off,251.1,1,Off,On,Off,Off,Off,Off,1,0,Off,0,2,0,0,0,0,0,0,0,0,0,0
ch01233,CLKNH UA Eng1,145.25000,144.65000,D-Digital,High,12.5K,Off,Off,UA English 1-113,Group Call,113,KC1JMH / Brad Brown,Always,Carrier,Off,1,1,1,Off,0,1,None,None,Off,Off,Off,Off,Normal Encryption,Off,Off,Off,Off,251.1,1,Off,On,Off,Off,Off,Off,1,0,Off,0,2,0,0,0,0,0,0,0,0,0,0
ch01234,CLKNH UA Eng2,145.25000,144.65000,D-Digital,High,12.5K,Off,Off,UA English 2-123,Group Call,123,KC1JMH / Brad Brown,Always,Carrier,Off,1,1,1,Off,0,1,None,None,Off,Off,Off,Off,Normal Encryption,Off,Off,Off,Off,251.1,1,Off,On,Off,Off,Off,Off,1,0,Off,0,2,0,0,0,0,0,0,0,0,0,0
ch01235,CLKNH VT SW,145.25000,144.65000,D-Digital,High,12.5K,Off,Off,VT Statewide,Group Call,3150,KC1JMH / Brad Brown,Always,Carrier,Off,1,1,1,Off,0,1,None,None,Off,Off,Off,Off,Normal Encryption,Off,Off,Off,Off,251.1,1,Off,On,Off,Off,Off,Off,1,0,Off,0,2,0,0,0,0,0,0,0,0,0,0
ch01236,CLKNH WW,145.25000,144.65000,D-Digital,High,12.5K,Off,Off,WW Call,Group Call,1,KC1JMH / Brad Brown,Always,Carrier,Off,1,1,1,Off,0,1,None,None,Off,Off,Off,Off,Normal Encryption,Off,Off,Off,Off,251.1,1,Off,On,Off,Off,Off,Off,1,0,Off,0,2,0,0,0,0,0,0,0,0,0,0
ch01237,CLKNH WW Eng,145.25000,144.65000,D-Digital,High,12.5K,Off,Off,WW English,Group Call,13,KC1JMH / Brad Brown,Always,Carrier,Off,1,1,1,Off,0,1,None,None,Off,Off,Off,Off,Normal Encryption,Off,Off,Off,Off,251.1,1,Off,On,Off,Off,Off,Off,1,0,Off,0,2,0,0,0,0,0,0,0,0,0,0
ch01238,CMPNH CT SW,145.18000,144.58000,D-Digital,High,12.5K,Off,Off,CT Statewide,Group Call,3109,KC1JMH / Brad Brown,Always,Carrier,Off,1,1,1,Off,6,1,None,None,Off,Off,Off,Off,Normal Encryption,Off,Off,Off,Off,251.1,1,Off,On,Off,Off,Off,Off,1,0,Off,0,2,0,0,0,0,0,0,0,0,0,6
ch01239,CMPNH Local,145.18000,144.58000,D-Digital,High,12.5K,Off,Off,Local,Group Call,9,KC1JMH / Brad Brown,Always,Carrier,Off,1,1,1,Off,6,2,None,None,Off,Off,Off,Off,Normal Encryption,Off,Off,Off,Off,251.1,1,Off,On,Off,Off,Off,Off,1,0,Off,0,2,0,0,0,0,0,0,0,0,0,6
ch01240,CMPNH MA SW,145.18000,144.58000,D-Digital,High,12.5K,Off,Off,MA Statewide,Group Call,3125,KC1JMH / Brad Brown,Always,Carrier,Off,1,1,1,Off,6,1,None,None,Off,Off,Off,Off,Normal Encryption,Off,Off,Off,Off,251.1,1,Off,On,Off,Off,Off,Off,1,0,Off,0,2,0,0,0,0,0,0,0,0,0,6
ch01241,CMPNH ME SW,145.18000,144.58000,D-Digital,High,12.5K,Off,Off,ME Statewide,Group Call,3123,KC1JMH / Brad Brown,Always,Carrier,Off,1,1,1,Off,6,1,None,None,Off,Off,Off,Off,Normal Encryption,Off,Off,Off,Off,251.1,1,Off,On,Off,Off,Off,Off,1,0,Off,0,2,0,0,0,0,0,0,0,0,0,6
ch01242,CMPNH NE Wide,145.18000,144.58000,D-Digital,High,12.5K,Off,Off,New England-Wide,Group Call,3181,KC1JMH / Brad Brown,Always,Carrier,Off,1,1,1,Off,6,2,None,None,Off,Off,Off,Off,Normal Encryption,Off,Off,Off,Off,251.1,1,Off,On,Off,Off,Off,Off,1,0,Off,0,2,0,0,0,0,0,0,0,0,0,6
ch01243,CMPNH NETAC1,145.18000,144.58000,D-Digital,High,12.5K,Off,Off,NETAC1,Group Call,8801,KC1JMH / Brad Brown,Always,Carrier,Off,1,1,1,Off,6,1,None,None,Off,Off,Off,Off,Normal Encryption,Off,Off,Off,Off,251.1,1,Off,On,Off,Off,Off,Off,1,0,Off,0,2,0,0,0,0,0,0,0,0,0,6
ch01244,CMPNH NETAC2,145.18000,144.58000,D-Digital,High,12.5K,Off,Off,NETAC2,Group Call,8802,KC1JMH / Brad Brown,Always,Carrier,Off,1,1,1,Off,6,2,None,None,Off,Off,Off,Off,Normal Encryption,Off,Off,Off,Off,251.1,1,Off,On,Off,Off,Off,Off,1,0,Off,0,2,0,0,0,0,0,0,0,0,0,6
ch01245,CMPNH NH SW,145.18000,144.58000,D-Digital,High,12.5K,Off,Off,NH Statewide,Group Call,3133,KC1JMH / Brad Brown,Always,Carrier,Off,1,1,1,Off,6,2,None,None,Off,Off,Off,Off,Normal Encryption,Off,Off,Off,Off,251.1,1,Off,On,Off,Off,Off,Off,1,0,Off,0,2,0,0,0,0,0,0,0,0,0,6
ch01246,CMPNH North Am,145.18000,144.58000,D-Digital,High,12.5K,Off,Off,North America,Group Call,3,KC1JMH / Brad Brown,Always,Carrier,Off,1,1,1,Off,6,1,None,None,Off,Off,Off,Off,Normal Encryption,Off,Off,Off,Off,251.1,1,Off,On,Off,Off,Off,Off,1,0,Off,0,2,0,0,0,0,0,0,0,0,0,6
ch01247,CMPNH Northeast,145.18000,144.58000,D-Digital,High,12.5K,Off,Off,Northeast,Group Call,3172,KC1JMH / Brad Brown,Always,Carrier,Off,1,1,1,Off,6,1,None,None,Off,Off,Off,Off,Normal Encryption,Off,Off,Off,Off,251.1,1,Off,On,Off,Off,Off,Off,1,0,Off,0,2,0,0,0,0,0,0,0,0,0,6
ch01248,CMPNH Parrot,145.18000,144.58000,D-Digital,High,12.5K,Off,Off,Parrot,Group Call,9998,KC1JMH / Brad Brown,Always,Carrier,Off,1,1,1,Off,6,1,None,None,Off,Off,Off,Off,Normal Encryption,Off,Off,Off,Off,251.1,1,Off,On,Off,Off,Off,Off,1,0,Off,0,2,0,0,0,0,0,0,0,0,0,6
ch01249,CMPNH Audio,145.18000,144.58000,D-Digital,High,12.5K,Off,Off,Audio Watch,Group Call,9999,KC1JMH / Brad Brown,Always,Carrier,Off,1,1,1,Off,6,1,None,None,Off,Off,Off,Off,Normal Encryption,Off,Off,Off,Off,251.1,1,Off,On,Off,Off,Off,Off,1,0,Off,0,2,0,0,0,0,0,0,0,0,0,6
ch01250,CMPNH RI SW,145.18000,144.58000,D-Digital,High,12.5K,Off,Off,RI Statewide,Group Call,3144,KC1JMH / Brad Brown,Always,Carrier,Off,1,1,1,Off,6,1,None,None,Off,Off,Off,Off,Normal Encryption,Off,Off,Off,Off,251.1,1,Off,On,Off,Off,Off,Off,1,0,Off,0,2,0,0,0,0,0,0,0,0,0,6
ch01251,CMPNH Reg North,145.18000,144.58000,D-Digital,High,12.5K,Off,Off,Region North,Group Call,8,KC1JMH / Brad Brown,Always,Carrier,Off,1,1,1,Off,6,1,None,None,Off,Off,Off,Off,Normal Encryption,Off,Off,Off,Off,251.1,1,Off,On,Off,Off,Off,Off,1,0,Off,0,2,0,0,0,0,0,0,0,0,0,6
ch01252,CMPNH SKYWARN,145.18000,144.58000,D-Digital,High,12.5K,Off,Off,SKYWARN,Group Call,759,KC1JMH / Brad Brown,Always,Carrier,Off,1,1,1,Off,6,1,None,None,Off,Off,Off,Off,Normal Encryption,Off,Off,Off,Off,251.1,1,Off,On,Off,Off,Off,Off,1,0,Off,0,2,0,0,0,0,0,0,0,0,0,6
ch01253,CMPNH TAC310,145.18000,144.58000,D-Digital,High,12.5K,Off,Off,TAC310,Group Call,310,KC1JMH / Brad Brown,Always,Carrier,Off,1,1,1,Off,6,1,None,None,Off,Off,Off,Off,Normal Encryption,Off,Off,Off,Off,251.1,1,Off,On,Off,Off,Off,Off,1,0,Off,0,2,0,0,0,0,0,0,0,0,0,6
ch01254,CMPNH TAC311,145.18000,144.58000,D-Digital,High,12.5K,Off,Off,TAC311,Group Call,311,KC1JMH / Brad Brown,Always,Carrier,Off,1,1,1,Off,6,1,None,None,Off,Off,Off,Off,Normal Encryption,Off,Off,Off,Off,251.1,1,Off,On,Off,Off,Off,Off,1,0,Off,0,2,0,0,0,0,0,0,0,0,0,6
ch01255,CMPNH UA Eng1,145.18000,144.58000,D-Digital,High,12.5K,Off,Off,UA English 1-113,Group Call,113,KC1JMH / Brad Brown,Always,Carrier,Off,1,1,1,Off,6,1,None,None,Off,Off,Off,Off,Normal Encryption,Off,Off,Off,Off,251.1,1,Off,On,Off,Off,Off,Off,1,0,Off,0,2,0,0,0,0,0,0,0,0,0,6
ch01256,CMPNH UA Eng2,145.18000,144.58000,D-Digital,High,12.5K,Off,Off,UA English 2-123,Group Call,123,KC1JMH / Brad Brown,Always,Carrier,Off,1,1,1,Off,6,1,None,None,Off,Off,Off,Off,Normal Encryption,Off,Off,Off,Off,251.1,1,Off,On,Off,Off,Off,Off,1,0,Off,0,2,0,0,0,0,0,0,0,0,0,6
ch01257,CMPNH VT SW,145.18000,144.58000,D-Digital,High,12.5K,Off,Off,VT Statewide,Group Call,3150,KC1JMH / Brad Brown,Always,Carrier,Off,1,1,1,Off,6,1,None,None,Off,Off,Off,Off,Normal Encryption,Off,Off,Off,Off,251.1,1,Off,On,Off,Off,Off,Off,1,0,Off,0,2,0,0,0,0,0,0,0,0,0,6
ch01258,CMPNH WW,145.18000,144.58000,D-Digital,High,12.5K,Off,Off,WW Call,Group Call,1,KC1JMH / Brad Brown,Always,Carrier,Off,1,1,1,Off,6,1,None,None,Off,Off,Off,Off,Normal Encryption,Off,Off,Off,Off,251.1,1,Off,On,Off,Off,Off,Off,1,0,Off,0,2,0,0,0,0,0,0,0,0,0,6
ch01259,CMPNH WW Eng,145.18000,144.58000,D-Digital,High,12.5K,Off,Off,WW English,Group Call,13,KC1JMH / Brad Brown,Always,Carrier,Off,1,1,1,Off,6,1,None,None,Off,Off,Off,Off,Normal Encryption,Off,Off,Off,Off,251.1,1,Off,On,Off,Off,Off,Off,1,0,Off,0,2,0,0,0,0,0,0,0,0,0,6
ch01260,CMTNH Local,446.97500,441.97500,D-Digital,High,12.5K,Off,Off,Local,Group Call,9,KC1JMH / Brad Brown,Always,Carrier,Off,1,1,1,Off,10,2,None,None,Off,Off,Off,Off,Normal Encryption,Off,Off,Off,Off,251.1,1,Off,On,Off,Off,Off,Off,1,0,Off,0,2,0,0,0,0,0,0,0,0,0,10
ch01261,CMTNH MA SW,446.97500,441.97500,D-Digital,High,12.5K,Off,Off,MA Statewide,Group Call,3125,KC1JMH / Brad Brown,Always,Carrier,Off,1,1,1,Off,10,1,None,None,Off,Off,Off,Off,Normal Encryption,Off,Off,Off,Off,251.1,1,Off,On,Off,Off,Off,Off,1,0,Off,0,2,0,0,0,0,0,0,0,0,0,10
ch01262,CMTNH NE Wide,446.97500,441.97500,D-Digital,High,12.5K,Off,Off,New England-Wide,Group Call,3181,KC1JMH / Brad Brown,Always,Carrier,Off,1,1,1,Off,10,2,None,None,Off,Off,Off,Off,Normal Encryption,Off,Off,Off,Off,251.1,1,Off,On,Off,Off,Off,Off,1,0,Off,0,2,0,0,0,0,0,0,0,0,0,10
ch01263,CMTNH NETAC1,446.97500,441.97500,D-Digital,High,12.5K,Off,Off,NETAC1,Group Call,8801,KC1JMH / Brad Brown,Always,Carrier,Off,1,1,1,Off,10,1,None,None,Off,Off,Off,Off,Normal Encryption,Off,Off,Off,Off,251.1,1,Off,On,Off,Off,Off,Off,1,0,Off,0,2,0,0,0,0,0,0,0,0,0,10
ch01264,CMTNH NETAC2,446.97500,441.97500,D-Digital,High,12.5K,Off,Off,NETAC2,Group Call,8802,KC1JMH / Brad Brown,Always,Carrier,Off,1,1,1,Off,10,2,None,None,Off,Off,Off,Off,Normal Encryption,Off,Off,Off,Off,251.1,1,Off,On,Off,Off,Off,Off,1,0,Off,0,2,0,0,0,0,0,0,0,0,0,10
ch01265,CMTNH NH SW,446.97500,441.97500,D-Digital,High,12.5K,Off,Off,NH Statewide,Group Call,3133,KC1JMH / Brad Brown,Always,Carrier,Off,1,1,1,Off,10,2,None,None,Off,Off,Off,Off,Normal Encryption,Off,Off,Off,Off,251.1,1,Off,On,Off,Off,Off,Off,1,0,Off,0,2,0,0,0,0,0,0,0,0,0,10
ch01266,CMTNH North Am,446.97500,441.97500,D-Digital,High,12.5K,Off,Off,North America,Group Call,3,KC1JMH / Brad Brown,Always,Carrier,Off,1,1,1,Off,10,1,None,None,Off,Off,Off,Off,Normal Encryption,Off,Off,Off,Off,251.1,1,Off,On,Off,Off,Off,Off,1,0,Off,0,2,0,0,0,0,0,0,0,0,0,10
ch01267,CMTNH Northeast,446.97500,441.97500,D-Digital,High,12.5K,Off,Off,Northeast,Group Call,3172,KC1JMH / Brad Brown,Always,Carrier,Off,1,1,1,Off,10,1,None,None,Off,Off,Off,Off,Normal Encryption,Off,Off,Off,Off,251.1,1,Off,On,Off,Off,Off,Off,1,0,Off,0,2,0,0,0,0,0,0,0,0,0,10
ch01268,CMTNH Parrot,446.97500,441.97500,D-Digital,High,12.5K,Off,Off,Parrot,Group Call,9998,KC1JMH / Brad Brown,Always,Carrier,Off,1,1,1,Off,10,1,None,None,Off,Off,Off,Off,Normal Encryption,Off,Off,Off,Off,251.1,1,Off,On,Off,Off,Off,Off,1,0,Off,0,2,0,0,0,0,0,0,0,0,0,10
ch01269,CMTNH Audio,446.97500,441.97500,D-Digital,High,12.5K,Off,Off,Audio Watch,Group Call,9999,KC1JMH / Brad Brown,Always,Carrier,Off,1,1,1,Off,10,1,None,None,Off,Off,Off,Off,Normal Encryption,Off,Off,Off,Off,251.1,1,Off,On,Off,Off,Off,Off,1,0,Off,0,2,0,0,0,0,0,0,0,0,0,10
ch01270,CMTNH CT SW,446.97500,441.97500,D-Digital,High,12.5K,Off,Off,CT Statewide,Group Call,3109,KC1JMH / Brad Brown,Always,Carrier,Off,1,1,1,Off,10,1,None,None,Off,Off,Off,Off,Normal Encryption,Off,Off,Off,Off,251.1,1,Off,On,Off,Off,Off,Off,1,0,Off,0,2,0,0,0,0,0,0,0,0,0,10
ch01271,CMTNH ME SW,446.97500,441.97500,D-Digital,High,12.5K,Off,Off,ME Statewide,Group Call,3123,KC1JMH / Brad Brown,Always,Carrier,Off,1,1,1,Off,10,1,None,None,Off,Off,Off,Off,Normal Encryption,Off,Off,Off,Off,251.1,1,Off,On,Off,Off,Off,Off,1,0,Off,0,2,0,0,0,0,0,0,0,0,0,10
ch01272,CMTNH RI SW,446.97500,441.97500,D-Digital,High,12.5K,Off,Off,RI Statewide,Group Call,3144,KC1JMH / Brad Brown,Always,Carrier,Off,1,1,1,Off,10,1,None,None,Off,Off,Off,Off,Normal Encryption,Off,Off,Off,Off,251.1,1,Off,On,Off,Off,Off,Off,1,0,Off,0,2,0,0,0,0,0,0,0,0,0,10
ch01273,CMTNH Reg North,446.97500,441.97500,D-Digital,High,12.5K,Off,Off,Region North,Group Call,8,KC1JMH / Brad Brown,Always,Carrier,Off,1,1,1,Off,10,2,None,None,Off,Off,Off,Off,Normal Encryption,Off,Off,Off,Off,251.1,1,Off,On,Off,Off,Off,Off,1,0,Off,0,2,0,0,0,0,0,0,0,0,0,10
ch01274,CMTNH SKYWARN,446.97500,441.97500,D-Digital,High,12.5K,Off,Off,SKYWARN,Group Call,759,KC1JMH / Brad Brown,Always,Carrier,Off,1,1,1,Off,10,1,None,None,Off,Off,Off,Off,Normal Encryption,Off,Off,Off,Off,251.1,1,Off,On,Off,Off,Off,Off,1,0,Off,0,2,0,0,0,0,0,0,0,0,0,10
ch01275,CMTNH TAC310,446.97500,441.97500,D-Digital,High,12.5K,Off,Off,TAC310,Group Call,310,KC1JMH / Brad Brown,Always,Carrier,Off,1,1,1,Off,10,1,None,None,Off,Off,Off,Off,Normal Encryption,Off,Off,Off,Off,251.1,1,Off,On,Off,Off,Off,Off,1,0,Off,0,2,0,0,0,0,0,0,0,0,0,10
ch01276,CMTNH TAC311,446.97500,441.97500,D-Digital,High,12.5K,Off,Off,TAC311,Group Call,311,KC1JMH / Brad Brown,Always,Carrier,Off,1,1,1,Off,10,1,None,None,Off,Off,Off,Off,Normal Encryption,Off,Off,Off,Off,251.1,1,Off,On,Off,Off,Off,Off,1,0,Off,0,2,0,0,0,0,0,0,0,0,0,10
ch01277,CMTNH UA Eng1,446.97500,441.97500,D-Digital,High,12.5K,Off,Off,UA English 1-113,Group Call,113,KC1JMH / Brad Brown,Always,Carrier,Off,1,1,1,Off,10,1,None,None,Off,Off,Off,Off,Normal Encryption,Off,Off,Off,Off,251.1,1,Off,On,Off,Off,Off,Off,1,0,Off,0,2,0,0,0,0,0,0,0,0,0,10
ch01278,CMTNH UA Eng2,446.97500,441.97500,D-Digital,High,12.5K,Off,Off,UA English 2-123,Group Call,123,KC1JMH / Brad Brown,Always,Carrier,Off,1,1,1,Off,10,1,None,None,Off,Off,Off,Off,Normal Encryption,Off,Off,Off,Off,251.1,1,Off,On,Off,Off,Off,Off,1,0,Off,0,2,0,0,0,0,0,0,0,0,0,10
ch01279,CMTNH VT SW,446.97500,441.97500,D-Digital,High,12.5K,Off,Off,VT Statewide,Group Call,3150,KC1JMH / Brad Brown,Always,Carrier,Off,1,1,1,Off,10,1,None,None,Off,Off,Off,Off,Normal Encryption,Off,Off,Off,Off,251.1,1,Off,On,Off,Off,Off,Off,1,0,Off,0,2,0,0,0,0,0,0,0,0,0,10
ch01280,CMTNH WW,446.97500,441.97500,D-Digital,High,12.5K,Off,Off,WW Call,Group Call,1,KC1JMH / Brad Brown,Always,Carrier,Off,1,1,1,Off,10,1,None,None,Off,Off,Off,Off,Normal Encryption,Off,Off,Off,Off,251.1,1,Off,On,Off,Off,Off,Off,1,0,Off,0,2,0,0,0,0,0,0,0,0,0,10
ch01281,CMTNH WW Eng,446.97500,441.97500,D-Digital,High,12.5K,Off,Off,WW English,Group Call,13,KC1JMH / Brad Brown,Always,Carrier,Off,1,1,1,Off,10,1,None,None,Off,Off,Off,Off,Normal Encryption,Off,Off,Off,Off,251.1,1,Off,On,Off,Off,Off,Off,1,0,Off,0,2,0,0,0,0,0,0,0,0,0,10
ch01282,CNCNH Local,145.42000,144.82000,D-Digital,High,12.5K,Off,Off,Local,Group Call,9,KC1JMH / Brad Brown,Always,Carrier,Off,1,1,1,Off,7,2,None,None,Off,Off,Off,Off,Normal Encryption,Off,Off,Off,Off,251.1,1,Off,On,Off,Off,Off,Off,1,0,Off,0,2,0,0,0,0,0,0,0,0,0,7
ch01283,CNCNH NE Wide,145.42000,144.82000,D-Digital,High,12.5K,Off,Off,New England-Wide,Group Call,3181,KC1JMH / Brad Brown,Always,Carrier,Off,1,1,1,Off,7,2,None,None,Off,Off,Off,Off,Normal Encryption,Off,Off,Off,Off,251.1,1,Off,On,Off,Off,Off,Off,1,0,Off,0,2,0,0,0,0,0,0,0,0,0,7
ch01284,CNCNH NETAC1,145.42000,144.82000,D-Digital,High,12.5K,Off,Off,NETAC1,Group Call,8801,KC1JMH / Brad Brown,Always,Carrier,Off,1,1,1,Off,7,1,None,None,Off,Off,Off,Off,Normal Encryption,Off,Off,Off,Off,251.1,1,Off,On,Off,Off,Off,Off,1,0,Off,0,2,0,0,0,0,0,0,0,0,0,7
ch01285,CNCNH NETAC2,145.42000,144.82000,D-Digital,High,12.5K,Off,Off,NETAC2,Group Call,8802,KC1JMH / Brad Brown,Always,Carrier,Off,1,1,1,Off,7,2,None,None,Off,Off,Off,Off,Normal Encryption,Off,Off,Off,Off,251.1,1,Off,On,Off,Off,Off,Off,1,0,Off,0,2,0,0,0,0,0,0,0,0,0,7
ch01286,CNCNH NH SW,145.42000,144.82000,D-Digital,High,12.5K,Off,Off,NH Statewide,Group Call,3133,KC1JMH / Brad Brown,Always,Carrier,Off,1,1,1,Off,7,2,None,None,Off,Off,Off,Off,Normal Encryption,Off,Off,Off,Off,251.1,1,Off,On,Off,Off,Off,Off,1,0,Off,0,2,0,0,0,0,0,0,0,0,0,7
ch01287,CNCNH North Am,145.42000,144.82000,D-Digital,High,12.5K,Off,Off,North America,Group Call,3,KC1JMH / Brad Brown,Always,Carrier,Off,1,1,1,Off,7,1,None,None,Off,Off,Off,Off,Normal Encryption,Off,Off,Off,Off,251.1,1,Off,On,Off,Off,Off,Off,1,0,Off,0,2,0,0,0,0,0,0,0,0,0,7
ch01288,CNCNH Northeast,145.42000,144.82000,D-Digital,High,12.5K,Off,Off,Northeast,Group Call,3172,KC1JMH / Brad Brown,Always,Carrier,Off,1,1,1,Off,7,1,None,None,Off,Off,Off,Off,Normal Encryption,Off,Off,Off,Off,251.1,1,Off,On,Off,Off,Off,Off,1,0,Off,0,2,0,0,0,0,0,0,0,0,0,7
ch01289,CNCNH Parrot,145.42000,144.82000,D-Digital,High,12.5K,Off,Off,Parrot,Group Call,9998,KC1JMH / Brad Brown,Always,Carrier,Off,1,1,1,Off,7,1,None,None,Off,Off,Off,Off,Normal Encryption,Off,Off,Off,Off,251.1,1,Off,On,Off,Off,Off,Off,1,0,Off,0,2,0,0,0,0,0,0,0,0,0,7
ch01290,CNCNH Audio,145.42000,144.82000,D-Digital,High,12.5K,Off,Off,Audio Watch,Group Call,9999,KC1JMH / Brad Brown,Always,Carrier,Off,1,1,1,Off,7,1,None,None,Off,Off,Off,Off,Normal Encryption,Off,Off,Off,Off,251.1,1,Off,On,Off,Off,Off,Off,1,0,Off,0,2,0,0,0,0,0,0,0,0,0,7
ch01291,CNCNH CT SW,145.42000,144.82000,D-Digital,High,12.5K,Off,Off,CT Statewide,Group Call,3109,KC1JMH / Brad Brown,Always,Carrier,Off,1,1,1,Off,7,1,None,None,Off,Off,Off,Off,Normal Encryption,Off,Off,Off,Off,251.1,1,Off,On,Off,Off,Off,Off,1,0,Off,0,2,0,0,0,0,0,0,0,0,0,7
ch01292,CNCNH MA SW,145.42000,144.82000,D-Digital,High,12.5K,Off,Off,MA Statewide,Group Call,3125,KC1JMH / Brad Brown,Always,Carrier,Off,1,1,1,Off,7,1,None,None,Off,Off,Off,Off,Normal Encryption,Off,Off,Off,Off,251.1,1,Off,On,Off,Off,Off,Off,1,0,Off,0,2,0,0,0,0,0,0,0,0,0,7
ch01293,CNCNH ME SW,145.42000,144.82000,D-Digital,High,12.5K,Off,Off,ME Statewide,Group Call,3123,KC1JMH / Brad Brown,Always,Carrier,Off,1,1,1,Off,7,1,None,None,Off,Off,Off,Off,Normal Encryption,Off,Off,Off,Off,251.1,1,Off,On,Off,Off,Off,Off,1,0,Off,0,2,0,0,0,0,0,0,0,0,0,7
ch01294,CNCNH RI SW,145.42000,144.82000,D-Digital,High,12.5K,Off,Off,RI Statewide,Group Call,3144,KC1JMH / Brad Brown,Always,Carrier,Off,1,1,1,Off,7,1,None,None,Off,Off,Off,Off,Normal Encryption,Off,Off,Off,Off,251.1,1,Off,On,Off,Off,Off,Off,1,0,Off,0,2,0,0,0,0,0,0,0,0,0,7
ch01295,CNCNH VT SW,145.42000,144.82000,D-Digital,High,12.5K,Off,Off,VT Statewide,Group Call,3150,KC1JMH / Brad Brown,Always,Carrier,Off,1,1,1,Off,7,1,None,None,Off,Off,Off,Off,Normal Encryption,Off,Off,Off,Off,251.1,1,Off,On,Off,Off,Off,Off,1,0,Off,0,2,0,0,0,0,0,0,0,0,0,7
ch01296,CNCNH Reg North,145.42000,144.82000,D-Digital,High,12.5K,Off,Off,Region North,Group Call,8,KC1JMH / Brad Brown,Always,Carrier,Off,1,1,1,Off,7,2,None,None,Off,Off,Off,Off,Normal Encryption,Off,Off,Off,Off,251.1,1,Off,On,Off,Off,Off,Off,1,0,Off,0,2,0,0,0,0,0,0,0,0,0,7
ch01297,CNCNH SKYWARN,145.42000,144.82000,D-Digital,High,12.5K,Off,Off,SKYWARN,Group Call,759,KC1JMH / Brad Brown,Always,Carrier,Off,1,1,1,Off,7,1,None,None,Off,Off,Off,Off,Normal Encryption,Off,Off,Off,Off,251.1,1,Off,On,Off,Off,Off,Off,1,0,Off,0,2,0,0,0,0,0,0,0,0,0,7
ch01298,CNCNH TAC310,145.42000,144.82000,D-Digital,High,12.5K,Off,Off,TAC310,Group Call,310,KC1JMH / Brad Brown,Always,Carrier,Off,1,1,1,Off,7,1,None,None,Off,Off,Off,Off,Normal Encryption,Off,Off,Off,Off,251.1,1,Off,On,Off,Off,Off,Off,1,0,Off,0,2,0,0,0,0,0,0,0,0,0,7
ch01299,CNCNH TAC311,145.42000,144.82000,D-Digital,High,12.5K,Off,Off,TAC311,Group Call,311,KC1JMH / Brad Brown,Always,Carrier,Off,1,1,1,Off,7,1,None,None,Off,Off,Off,Off,Normal Encryption,Off,Off,Off,Off,251.1,1,Off,On,Off,Off,Off,Off,1,0,Off,0,2,0,0,0,0,0,0,0,0,0,7
ch01300,CNCNH UA Eng1,145.42000,144.82000,D-Digital,High,12.5K,Off,Off,UA English 1-113,Group Call,113,KC1JMH / Brad Brown,Always,Carrier,Off,1,1,1,Off,7,1,None,None,Off,Off,Off,Off,Normal Encryption,Off,Off,Off,Off,251.1,1,Off,On,Off,Off,Off,Off,1,0,Off,0,2,0,0,0,0,0,0,0,0,0,7
ch01301,CNCNH UA Eng2,145.42000,144.82000,D-Digital,High,12.5K,Off,Off,UA English 2-123,Group Call,123,KC1JMH / Brad Brown,Always,Carrier,Off,1,1,1,Off,7,1,None,None,Off,Off,Off,Off,Normal Encryption,Off,Off,Off,Off,251.1,1,Off,On,Off,Off,Off,Off,1,0,Off,0,2,0,0,0,0,0,0,0,0,0,7
ch01302,CNCNH WW,145.42000,144.82000,D-Digital,High,12.5K,Off,Off,WW Call,Group Call,1,KC1JMH / Brad Brown,Always,Carrier,Off,1,1,1,Off,7,1,None,None,Off,Off,Off,Off,Normal Encryption,Off,Off,Off,Off,251.1,1,Off,On,Off,Off,Off,Off,1,0,Off,0,2,0,0,0,0,0,0,0,0,0,7
ch01303,CNCNH WW Eng,145.42000,144.82000,D-Digital,High,12.5K,Off,Off,WW English,Group Call,13,KC1JMH / Brad Brown,Always,Carrier,Off,1,1,1,Off,7,1,None,None,Off,Off,Off,Off,Normal Encryption,Off,Off,Off,Off,251.1,1,Off,On,Off,Off,Off,Off,1,0,Off,0,2,0,0,0,0,0,0,0,0,0,7
ch01304,DRYNH Local,145.31000,144.71000,D-Digital,High,12.5K,Off,Off,Local,Group Call,9,KC1JMH / Brad Brown,Always,Carrier,Off,1,1,1,Off,1,2,None,None,Off,Off,Off,Off,Normal Encryption,Off,Off,Off,Off,251.1,1,Off,On,Off,Off,Off,Off,1,0,Off,0,2,0,0,0,0,0,0,0,0,0,1
ch01305,DRYNH NE Wide,145.31000,144.71000,D-Digital,High,12.5K,Off,Off,New England-Wide,Group Call,3181,KC1JMH / Brad Brown,Always,Carrier,Off,1,1,1,Off,1,2,None,None,Off,Off,Off,Off,Normal Encryption,Off,Off,Off,Off,251.1,1,Off,On,Off,Off,Off,Off,1,0,Off,0,2,0,0,0,0,0,0,0,0,0,1
ch01306,DRYNH NETAC1,145.31000,144.71000,D-Digital,High,12.5K,Off,Off,NETAC1,Group Call,8801,KC1JMH / Brad Brown,Always,Carrier,Off,1,1,1,Off,1,1,None,None,Off,Off,Off,Off,Normal Encryption,Off,Off,Off,Off,251.1,1,Off,On,Off,Off,Off,Off,1,0,Off,0,2,0,0,0,0,0,0,0,0,0,1
ch01307,DRYNH NETAC2,145.31000,144.71000,D-Digital,High,12.5K,Off,Off,NETAC2,Group Call,8802,KC1JMH / Brad Brown,Always,Carrier,Off,1,1,1,Off,1,2,None,None,Off,Off,Off,Off,Normal Encryption,Off,Off,Off,Off,251.1,1,Off,On,Off,Off,Off,Off,1,0,Off,0,2,0,0,0,0,0,0,0,0,0,1
ch01308,DRYNH NH SW,145.31000,144.71000,D-Digital,High,12.5K,Off,Off,NH Statewide,Group Call,3133,KC1JMH / Brad Brown,Always,Carrier,Off,1,1,1,Off,1,2,None,None,Off,Off,Off,Off,Normal Encryption,Off,Off,Off,Off,251.1,1,Off,On,Off,Off,Off,Off,1,0,Off,0,2,0,0,0,0,0,0,0,0,0,1
ch01309,DRYNH North Am,145.31000,144.71000,D-Digital,High,12.5K,Off,Off,North America,Group Call,3,KC1JMH / Brad Brown,Always,Carrier,Off,1,1,1,Off,1,1,None,None,Off,Off,Off,Off,Normal Encryption,Off,Off,Off,Off,251.1,1,Off,On,Off,Off,Off,Off,1,0,Off,0,2,0,0,0,0,0,0,0,0,0,1
ch01310,DRYNH Northeast,145.31000,144.71000,D-Digital,High,12.5K,Off,Off,Northeast,Group Call,3172,KC1JMH / Brad Brown,Always,Carrier,Off,1,1,1,Off,1,1,None,None,Off,Off,Off,Off,Normal Encryption,Off,Off,Off,Off,251.1,1,Off,On,Off,Off,Off,Off,1,0,Off,0,2,0,0,0,0,0,0,0,0,0,1
ch01311,DRYNH Parrot,145.31000,144.71000,D-Digital,High,12.5K,Off,Off,Parrot,Group Call,9998,KC1JMH / Brad Brown,Always,Carrier,Off,1,1,1,Off,1,1,None,None,Off,Off,Off,Off,Normal Encryption,Off,Off,Off,Off,251.1,1,Off,On,Off,Off,Off,Off,1,0,Off,0,2,0,0,0,0,0,0,0,0,0,1
ch01312,DRYNH Audio,145.31000,144.71000,D-Digital,High,12.5K,Off,Off,Audio Watch,Group Call,9999,KC1JMH / Brad Brown,Always,Carrier,Off,1,1,1,Off,1,1,None,None,Off,Off,Off,Off,Normal Encryption,Off,Off,Off,Off,251.1,1,Off,On,Off,Off,Off,Off,1,0,Off,0,2,0,0,0,0,0,0,0,0,0,1
ch01313,DRYNH CT SW,145.31000,144.71000,D-Digital,High,12.5K,Off,Off,CT Statewide,Group Call,3109,KC1JMH / Brad Brown,Always,Carrier,Off,1,1,1,Off,1,1,None,None,Off,Off,Off,Off,Normal Encryption,Off,Off,Off,Off,251.1,1,Off,On,Off,Off,Off,Off,1,0,Off,0,2,0,0,0,0,0,0,0,0,0,1
ch01314,DRYNH MA SW,145.31000,144.71000,D-Digital,High,12.5K,Off,Off,MA Statewide,Group Call,3125,KC1JMH / Brad Brown,Always,Carrier,Off,1,1,1,Off,1,1,None,None,Off,Off,Off,Off,Normal Encryption,Off,Off,Off,Off,251.1,1,Off,On,Off,Off,Off,Off,1,0,Off,0,2,0,0,0,0,0,0,0,0,0,1
ch01315,DRYNH ME SW,145.31000,144.71000,D-Digital,High,12.5K,Off,Off,ME Statewide,Group Call,3123,KC1JMH / Brad Brown,Always,Carrier,Off,1,1,1,Off,1,1,None,None,Off,Off,Off,Off,Normal Encryption,Off,Off,Off,Off,251.1,1,Off,On,Off,Off,Off,Off,1,0,Off,0,2,0,0,0,0,0,0,0,0,0,1
ch01316,DRYNH RI SW,145.31000,144.71000,D-Digital,High,12.5K,Off,Off,RI Statewide,Group Call,3144,KC1JMH / Brad Brown,Always,Carrier,Off,1,1,1,Off,1,1,None,None,Off,Off,Off,Off,Normal Encryption,Off,Off,Off,Off,251.1,1,Off,On,Off,Off,Off,Off,1,0,Off,0,2,0,0,0,0,0,0,0,0,0,1
ch01317,DRYNH VT SW,145.31000,144.71000,D-Digital,High,12.5K,Off,Off,VT Statewide,Group Call,3150,KC1JMH / Brad Brown,Always,Carrier,Off,1,1,1,Off,1,1,None,None,Off,Off,Off,Off,Normal Encryption,Off,Off,Off,Off,251.1,1,Off,On,Off,Off,Off,Off,1,0,Off,0,2,0,0,0,0,0,0,0,0,0,1
ch01318,DRYNH Reg North,145.31000,144.71000,D-Digital,High,12.5K,Off,Off,Region North,Group Call,8,KC1JMH / Brad Brown,Always,Carrier,Off,1,1,1,Off,1,2,None,None,Off,Off,Off,Off,Normal Encryption,Off,Off,Off,Off,251.1,1,Off,On,Off,Off,Off,Off,1,0,Off,0,2,0,0,0,0,0,0,0,0,0,1
ch01319,DRYNH SKYWARN,145.31000,144.71000,D-Digital,High,12.5K,Off,Off,SKYWARN,Group Call,759,KC1JMH / Brad Brown,Always,Carrier,Off,1,1,1,Off,1,1,None,None,Off,Off,Off,Off,Normal Encryption,Off,Off,Off,Off,251.1,1,Off,On,Off,Off,Off,Off,1,0,Off,0,2,0,0,0,0,0,0,0,0,0,1
ch01320,DRYNH TAC310,145.31000,144.71000,D-Digital,High,12.5K,Off,Off,TAC310,Group Call,310,KC1JMH / Brad Brown,Always,Carrier,Off,1,1,1,Off,1,1,None,None,Off,Off,Off,Off,Normal Encryption,Off,Off,Off,Off,251.1,1,Off,On,Off,Off,Off,Off,1,0,Off,0,2,0,0,0,0,0,0,0,0,0,1
ch01321,DRYNH TAC311,145.31000,144.71000,D-Digital,High,12.5K,Off,Off,TAC311,Group Call,311,KC1JMH / Brad Brown,Always,Carrier,Off,1,1,1,Off,1,1,None,None,Off,Off,Off,Off,Normal Encryption,Off,Off,Off,Off,251.1,1,Off,On,Off,Off,Off,Off,1,0,Off,0,2,0,0,0,0,0,0,0,0,0,1
ch01322,DRYNH UA Eng1,145.31000,144.71000,D-Digital,High,12.5K,Off,Off,UA English 1-113,Group Call,113,KC1JMH / Brad Brown,Always,Carrier,Off,1,1,1,Off,1,1,None,None,Off,Off,Off,Off,Normal Encryption,Off,Off,Off,Off,251.1,1,Off,On,Off,Off,Off,Off,1,0,Off,0,2,0,0,0,0,0,0,0,0,0,1
ch01323,DRYNH UA Eng2,145.31000,144.71000,D-Digital,High,12.5K,Off,Off,UA English 2-123,Group Call,123,KC1JMH / Brad Brown,Always,Carrier,Off,1,1,1,Off,1,1,None,None,Off,Off,Off,Off,Normal Encryption,Off,Off,Off,Off,251.1,1,Off,On,Off,Off,Off,Off,1,0,Off,0,2,0,0,0,0,0,0,0,0,0,1
ch01324,DRYNH WW,145.31000,144.71000,D-Digital,High,12.5K,Off,Off,WW Call,Group Call,1,KC1JMH / Brad Brown,Always,Carrier,Off,1,1,1,Off,1,1,None,None,Off,Off,Off,Off,Normal Encryption,Off,Off,Off,Off,251.1,1,Off,On,Off,Off,Off,Off,1,0,Off,0,2,0,0,0,0,0,0,0,0,0,1
ch01325,DRYNH WW Eng,145.31000,144.71000,D-Digital,High,12.5K,Off,Off,WW English,Group Call,13,KC1JMH / Brad Brown,Always,Carrier,Off,1,1,1,Off,1,1,None,None,Off,Off,Off,Off,Normal Encryption,Off,Off,Off,Off,251.1,1,Off,On,Off,Off,Off,Off,1,0,Off,0,2,0,0,0,0,0,0,0,0,0,1
ch01326,FRNNH CT SW,145.46000,144.86000,D-Digital,High,12.5K,Off,Off,CT Statewide,Group Call,3109,KC1JMH / Brad Brown,Always,Carrier,Off,1,1,1,Off,1,1,None,None,Off,Off,Off,Off,Normal Encryption,Off,Off,Off,Off,251.1,1,Off,On,Off,Off,Off,Off,1,0,Off,0,2,0,0,0,0,0,0,0,0,0,1
ch01327,FRNNH Local,145.46000,144.86000,D-Digital,High,12.5K,Off,Off,Local,Group Call,9,KC1JMH / Brad Brown,Always,Carrier,Off,1,1,1,Off,1,2,None,None,Off,Off,Off,Off,Normal Encryption,Off,Off,Off,Off,251.1,1,Off,On,Off,Off,Off,Off,1,0,Off,0,2,0,0,0,0,0,0,0,0,0,1
ch01328,FRNNH MA SW,145.46000,144.86000,D-Digital,High,12.5K,Off,Off,MA Statewide,Group Call,3125,KC1JMH / Brad Brown,Always,Carrier,Off,1,1,1,Off,1,1,None,None,Off,Off,Off,Off,Normal Encryption,Off,Off,Off,Off,251.1,1,Off,On,Off,Off,Off,Off,1,0,Off,0,2,0,0,0,0,0,0,0,0,0,1
ch01329,FRNNH ME SW,145.46000,144.86000,D-Digital,High,12.5K,Off,Off,ME Statewide,Group Call,3123,KC1JMH / Brad Brown,Always,Carrier,Off,1,1,1,Off,1,1,None,None,Off,Off,Off,Off,Normal Encryption,Off,Off,Off,Off,251.1,1,Off,On,Off,Off,Off,Off,1,0,Off,0,2,0,0,0,0,0,0,0,0,0,1
ch01330,FRNNH NE Wide,145.46000,144.86000,D-Digital,High,12.5K,Off,Off,New England-Wide,Group Call,3181,KC1JMH / Brad Brown,Always,Carrier,Off,1,1,1,Off,1,2,None,None,Off,Off,Off,Off,Normal Encryption,Off,Off,Off,Off,251.1,1,Off,On,Off,Off,Off,Off,1,0,Off,0,2,0,0,0,0,0,0,0,0,0,1
ch01331,FRNNH NETAC1,145.46000,144.86000,D-Digital,High,12.5K,Off,Off,NETAC1,Group Call,8801,KC1JMH / Brad Brown,Always,Carrier,Off,1,1,1,Off,1,1,None,None,Off,Off,Off,Off,Normal Encryption,Off,Off,Off,Off,251.1,1,Off,On,Off,Off,Off,Off,1,0,Off,0,2,0,0,0,0,0,0,0,0,0,1
ch01332,FRNNH NETAC2,145.46000,144.86000,D-Digital,High,12.5K,Off,Off,NETAC2,Group Call,8802,KC1JMH / Brad Brown,Always,Carrier,Off,1,1,1,Off,1,2,None,None,Off,Off,Off,Off,Normal Encryption,Off,Off,Off,Off,251.1,1,Off,On,Off,Off,Off,Off,1,0,Off,0,2,0,0,0,0,0,0,0,0,0,1
ch01333,FRNNH NH SW,145.46000,144.86000,D-Digital,High,12.5K,Off,Off,NH Statewide,Group Call,3133,KC1JMH / Brad Brown,Always,Carrier,Off,1,1,1,Off,1,2,None,None,Off,Off,Off,Off,Normal Encryption,Off,Off,Off,Off,251.1,1,Off,On,Off,Off,Off,Off,1,0,Off,0,2,0,0,0,0,0,0,0,0,0,1
ch01334,FRNNH North Am,145.46000,144.86000,D-Digital,High,12.5K,Off,Off,North America,Group Call,3,KC1JMH / Brad Brown,Always,Carrier,Off,1,1,1,Off,1,1,None,None,Off,Off,Off,Off,Normal Encryption,Off,Off,Off,Off,251.1,1,Off,On,Off,Off,Off,Off,1,0,Off,0,2,0,0,0,0,0,0,0,0,0,1
ch01335,FRNNH Northeast,145.46000,144.86000,D-Digital,High,12.5K,Off,Off,Northeast,Group Call,3172,KC1JMH / Brad Brown,Always,Carrier,Off,1,1,1,Off,1,1,None,None,Off,Off,Off,Off,Normal Encryption,Off,Off,Off,Off,251.1,1,Off,On,Off,Off,Off,Off,1,0,Off,0,2,0,0,0,0,0,0,0,0,0,1
ch01336,FRNNH Parrot,145.46000,144.86000,D-Digital,High,12.5K,Off,Off,Parrot,Group Call,9998,KC1JMH / Brad Brown,Always,Carrier,Off,1,1,1,Off,1,1,None,None,Off,Off,Off,Off,Normal Encryption,Off,Off,Off,Off,251.1,1,Off,On,Off,Off,Off,Off,1,0,Off,0,2,0,0,0,0,0,0,0,0,0,1
ch01337,FRNNH Audio,145.46000,144.86000,D-Digital,High,12.5K,Off,Off,Audio Watch,Group Call,9999,KC1JMH / Brad Brown,Always,Carrier,Off,1,1,1,Off,1,1,None,None,Off,Off,Off,Off,Normal Encryption,Off,Off,Off,Off,251.1,1,Off,On,Off,Off,Off,Off,1,0,Off,0,2,0,0,0,0,0,0,0,0,0,1
ch01338,FRNNH RI SW,145.46000,144.86000,D-Digital,High,12.5K,Off,Off,RI Statewide,Group Call,3144,KC1JMH / Brad Brown,Always,Carrier,Off,1,1,1,Off,1,1,None,None,Off,Off,Off,Off,Normal Encryption,Off,Off,Off,Off,251.1,1,Off,On,Off,Off,Off,Off,1,0,Off,0,2,0,0,0,0,0,0,0,0,0,1
ch01339,FRNNH Reg North,145.46000,144.86000,D-Digital,High,12.5K,Off,Off,Region North,Group Call,8,KC1JMH / Brad Brown,Always,Carrier,Off,1,1,1,Off,1,1,None,None,Off,Off,Off,Off,Normal Encryption,Off,Off,Off,Off,251.1,1,Off,On,Off,Off,Off,Off,1,0,Off,0,2,0,0,0,0,0,0,0,0,0,1
ch01340,FRNNH SKYWARN,145.46000,144.86000,D-Digital,High,12.5K,Off,Off,SKYWARN,Group Call,759,KC1JMH / Brad Brown,Always,Carrier,Off,1,1,1,Off,1,1,None,None,Off,Off,Off,Off,Normal Encryption,Off,Off,Off,Off,251.1,1,Off,On,Off,Off,Off,Off,1,0,Off,0,2,0,0,0,0,0,0,0,0,0,1
ch01341,FRNNH TAC310,145.46000,144.86000,D-Digital,High,12.5K,Off,Off,TAC310,Group Call,310,KC1JMH / Brad Brown,Always,Carrier,Off,1,1,1,Off,1,1,None,None,Off,Off,Off,Off,Normal Encryption,Off,Off,Off,Off,251.1,1,Off,On,Off,Off,Off,Off,1,0,Off,0,2,0,0,0,0,0,0,0,0,0,1
ch01342,FRNNH TAC311,145.46000,144.86000,D-Digital,High,12.5K,Off,Off,TAC311,Group Call,311,KC1JMH / Brad Brown,Always,Carrier,Off,1,1,1,Off,1,1,None,None,Off,Off,Off,Off,Normal Encryption,Off,Off,Off,Off,251.1,1,Off,On,Off,Off,Off,Off,1,0,Off,0,2,0,0,0,0,0,0,0,0,0,1
ch01343,FRNNH UA Eng1,145.46000,144.86000,D-Digital,High,12.5K,Off,Off,UA English 1-113,Group Call,113,KC1JMH / Brad Brown,Always,Carrier,Off,1,1,1,Off,1,1,None,None,Off,Off,Off,Off,Normal Encryption,Off,Off,Off,Off,251.1,1,Off,On,Off,Off,Off,Off,1,0,Off,0,2,0,0,0,0,0,0,0,0,0,1
ch01344,FRNNH UA Eng2,145.46000,144.86000,D-Digital,High,12.5K,Off,Off,UA English 2-123,Group Call,123,KC1JMH / Brad Brown,Always,Carrier,Off,1,1,1,Off,1,1,None,None,Off,Off,Off,Off,Normal Encryption,Off,Off,Off,Off,251.1,1,Off,On,Off,Off,Off,Off,1,0,Off,0,2,0,0,0,0,0,0,0,0,0,1
ch01345,FRNNH VT SW,145.46000,144.86000,D-Digital,High,12.5K,Off,Off,VT Statewide,Group Call,3150,KC1JMH / Brad Brown,Always,Carrier,Off,1,1,1,Off,1,1,None,None,Off,Off,Off,Off,Normal Encryption,Off,Off,Off,Off,251.1,1,Off,On,Off,Off,Off,Off,1,0,Off,0,2,0,0,0,0,0,0,0,0,0,1
ch01346,FRNNH WW,145.46000,144.86000,D-Digital,High,12.5K,Off,Off,WW Call,Group Call,1,KC1JMH / Brad Brown,Always,Carrier,Off,1,1,1,Off,1,1,None,None,Off,Off,Off,Off,Normal Encryption,Off,Off,Off,Off,251.1,1,Off,On,Off,Off,Off,Off,1,0,Off,0,2,0,0,0,0,0,0,0,0,0,1
ch01347,FRNNH WW Eng,145.46000,144.86000,D-Digital,High,12.5K,Off,Off,WW English,Group Call,13,KC1JMH / Brad Brown,Always,Carrier,Off,1,1,1,Off,1,1,None,None,Off,Off,Off,Off,Normal Encryption,Off,Off,Off,Off,251.1,1,Off,On,Off,Off,Off,Off,1,0,Off,0,2,0,0,0,0,0,0,0,0,0,1
ch01348,GILFNH Local,449.42500,444.42500,D-Digital,High,12.5K,Off,Off,Local,Group Call,9,KC1JMH / Brad Brown,Always,Carrier,Off,1,1,1,Off,3,2,None,None,Off,Off,Off,Off,Normal Encryption,Off,Off,Off,Off,251.1,1,Off,On,Off,Off,Off,Off,1,0,Off,0,2,0,0,0,0,0,0,0,0,0,3
ch01349,GILFNH MA SW,449.42500,444.42500,D-Digital,High,12.5K,Off,Off,MA Statewide,Group Call,3125,KC1JMH / Brad Brown,Always,Carrier,Off,1,1,1,Off,3,1,None,None,Off,Off,Off,Off,Normal Encryption,Off,Off,Off,Off,251.1,1,Off,On,Off,Off,Off,Off,1,0,Off,0,2,0,0,0,0,0,0,0,0,0,3
ch01350,GILFNH NE Wide,449.42500,444.42500,D-Digital,High,12.5K,Off,Off,New England-Wide,Group Call,3181,KC1JMH / Brad Brown,Always,Carrier,Off,1,1,1,Off,3,2,None,None,Off,Off,Off,Off,Normal Encryption,Off,Off,Off,Off,251.1,1,Off,On,Off,Off,Off,Off,1,0,Off,0,2,0,0,0,0,0,0,0,0,0,3
ch01351,GILFNH NETAC1,449.42500,444.42500,D-Digital,High,12.5K,Off,Off,NETAC1,Group Call,8801,KC1JMH / Brad Brown,Always,Carrier,Off,1,1,1,Off,3,1,None,None,Off,Off,Off,Off,Normal Encryption,Off,Off,Off,Off,251.1,1,Off,On,Off,Off,Off,Off,1,0,Off,0,2,0,0,0,0,0,0,0,0,0,3
ch01352,GILFNH NETAC2,449.42500,444.42500,D-Digital,High,12.5K,Off,Off,NETAC2,Group Call,8802,KC1JMH / Brad Brown,Always,Carrier,Off,1,1,1,Off,3,2,None,None,Off,Off,Off,Off,Normal Encryption,Off,Off,Off,Off,251.1,1,Off,On,Off,Off,Off,Off,1,0,Off,0,2,0,0,0,0,0,0,0,0,0,3
ch01353,GILFNH NH SW,449.42500,444.42500,D-Digital,High,12.5K,Off,Off,NH Statewide,Group Call,3133,KC1JMH / Brad Brown,Always,Carrier,Off,1,1,1,Off,3,2,None,None,Off,Off,Off,Off,Normal Encryption,Off,Off,Off,Off,251.1,1,Off,On,Off,Off,Off,Off,1,0,Off,0,2,0,0,0,0,0,0,0,0,0,3
ch01354,GILFNH North Am,449.42500,444.42500,D-Digital,High,12.5K,Off,Off,North America,Group Call,3,KC1JMH / Brad Brown,Always,Carrier,Off,1,1,1,Off,3,1,None,None,Off,Off,Off,Off,Normal Encryption,Off,Off,Off,Off,251.1,1,Off,On,Off,Off,Off,Off,1,0,Off,0,2,0,0,0,0,0,0,0,0,0,3
ch01355,GILFNH Northeast,449.42500,444.42500,D-Digital,High,12.5K,Off,Off,Northeast,Group Call,3172,KC1JMH / Brad Brown,Always,Carrier,Off,1,1,1,Off,3,1,None,None,Off,Off,Off,Off,Normal Encryption,Off,Off,Off,Off,251.1,1,Off,On,Off,Off,Off,Off,1,0,Off,0,2,0,0,0,0,0,0,0,0,0,3
ch01356,GILFNH Parrot,449.42500,444.42500,D-Digital,High,12.5K,Off,Off,Parrot,Group Call,9998,KC1JMH / Brad Brown,Always,Carrier,Off,1,1,1,Off,3,1,None,None,Off,Off,Off,Off,Normal Encryption,Off,Off,Off,Off,251.1,1,Off,On,Off,Off,Off,Off,1,0,Off,0,2,0,0,0,0,0,0,0,0,0,3
ch01357,GILFNH Audio,449.42500,444.42500,D-Digital,High,12.5K,Off,Off,Audio Watch,Group Call,9999,KC1JMH / Brad Brown,Always,Carrier,Off,1,1,1,Off,3,1,None,None,Off,Off,Off,Off,Normal Encryption,Off,Off,Off,Off,251.1,1,Off,On,Off,Off,Off,Off,1,0,Off,0,2,0,0,0,0,0,0,0,0,0,3
ch01358,GILFNH TAC316,449.42500,444.42500,D-Digital,High,12.5K,Off,Off,TAC316,Group Call,316,KC1JMH / Brad Brown,Always,Carrier,Off,1,1,1,Off,3,1,None,None,Off,Off,Off,Off,Normal Encryption,Off,Off,Off,Off,251.1,1,Off,On,Off,Off,Off,Off,1,0,Off,0,2,0,0,0,0,0,0,0,0,0,3
ch01359,GILFNH CT SW,449.42500,444.42500,D-Digital,High,12.5K,Off,Off,CT Statewide,Group Call,3109,KC1JMH / Brad Brown,Always,Carrier,Off,1,1,1,Off,3,1,None,None,Off,Off,Off,Off,Normal Encryption,Off,Off,Off,Off,251.1,1,Off,On,Off,Off,Off,Off,1,0,Off,0,2,0,0,0,0,0,0,0,0,0,3
ch01360,GILFNH ME SW,449.42500,444.42500,D-Digital,High,12.5K,Off,Off,ME Statewide,Group Call,3123,KC1JMH / Brad Brown,Always,Carrier,Off,1,1,1,Off,3,1,None,None,Off,Off,Off,Off,Normal Encryption,Off,Off,Off,Off,251.1,1,Off,On,Off,Off,Off,Off,1,0,Off,0,2,0,0,0,0,0,0,0,0,0,3
ch01361,GILFNH RI SW,449.42500,444.42500,D-Digital,High,12.5K,Off,Off,RI Statewide,Group Call,3144,KC1JMH / Brad Brown,Always,Carrier,Off,1,1,1,Off,3,1,None,None,Off,Off,Off,Off,Normal Encryption,Off,Off,Off,Off,251.1,1,Off,On,Off,Off,Off,Off,1,0,Off,0,2,0,0,0,0,0,0,0,0,0,3
ch01362,GILFNH Reg North,449.42500,444.42500,D-Digital,High,12.5K,Off,Off,Region North,Group Call,8,KC1JMH / Brad Brown,Always,Carrier,Off,1,1,1,Off,3,2,None,None,Off,Off,Off,Off,Normal Encryption,Off,Off,Off,Off,251.1,1,Off,On,Off,Off,Off,Off,1,0,Off,0,2,0,0,0,0,0,0,0,0,0,3
ch01363,GILFNH SKYWARN,449.42500,444.42500,D-Digital,High,12.5K,Off,Off,SKYWARN,Group Call,759,KC1JMH / Brad Brown,Always,Carrier,Off,1,1,1,Off,3,1,None,None,Off,Off,Off,Off,Normal Encryption,Off,Off,Off,Off,251.1,1,Off,On,Off,Off,Off,Off,1,0,Off,0,2,0,0,0,0,0,0,0,0,0,3
ch01364,GILFNH TAC310,449.42500,444.42500,D-Digital,High,12.5K,Off,Off,TAC310,Group Call,310,KC1JMH / Brad Brown,Always,Carrier,Off,1,1,1,Off,3,1,None,None,Off,Off,Off,Off,Normal Encryption,Off,Off,Off,Off,251.1,1,Off,On,Off,Off,Off,Off,1,0,Off,0,2,0,0,0,0,0,0,0,0,0,3
ch01365,GILFNH TAC311,449.42500,444.42500,D-Digital,High,12.5K,Off,Off,TAC311,Group Call,311,KC1JMH / Brad Brown,Always,Carrier,Off,1,1,1,Off,3,1,None,None,Off,Off,Off,Off,Normal Encryption,Off,Off,Off,Off,251.1,1,Off,On,Off,Off,Off,Off,1,0,Off,0,2,0,0,0,0,0,0,0,0,0,3
ch01366,GILFNH UA Eng1,449.42500,444.42500,D-Digital,High,12.5K,Off,Off,UA English 1-113,Group Call,113,KC1JMH / Brad Brown,Always,Carrier,Off,1,1,1,Off,3,1,None,None,Off,Off,Off,Off,Normal Encryption,Off,Off,Off,Off,251.1,1,Off,On,Off,Off,Off,Off,1,0,Off,0,2,0,0,0,0,0,0,0,0,0,3
ch01367,GILFNH UA Eng2,449.42500,444.42500,D-Digital,High,12.5K,Off,Off,UA English 2-123,Group Call,123,KC1JMH / Brad Brown,Always,Carrier,Off,1,1,1,Off,3,1,None,None,Off,Off,Off,Off,Normal Encryption,Off,Off,Off,Off,251.1,1,Off,On,Off,Off,Off,Off,1,0,Off,0,2,0,0,0,0,0,0,0,0,0,3
ch01368,GILFNH VT SW,449.42500,444.42500,D-Digital,High,12.5K,Off,Off,VT Statewide,Group Call,3150,KC1JMH / Brad Brown,Always,Carrier,Off,1,1,1,Off,3,1,None,None,Off,Off,Off,Off,Normal Encryption,Off,Off,Off,Off,251.1,1,Off,On,Off,Off,Off,Off,1,0,Off,0,2,0,0,0,0,0,0,0,0,0,3
ch01369,GILFNH WW,449.42500,444.42500,D-Digital,High,12.5K,Off,Off,WW Call,Group Call,1,KC1JMH / Brad Brown,Always,Carrier,Off,1,1,1,Off,3,1,None,None,Off,Off,Off,Off,Normal Encryption,Off,Off,Off,Off,251.1,1,Off,On,Off,Off,Off,Off,1,0,Off,0,2,0,0,0,0,0,0,0,0,0,3
ch01370,GILFNH WW Eng,449.42500,444.42500,D-Digital,High,12.5K,Off,Off,WW English,Group Call,13,KC1JMH / Brad Brown,Always,Carrier,Off,1,1,1,Off,3,1,None,None,Off,Off,Off,Off,Normal Encryption,Off,Off,Off,Off,251.1,1,Off,On,Off,Off,Off,Off,1,0,Off,0,2,0,0,0,0,0,0,0,0,0,3
ch01371,GNUNH Local,447.87500,442.87500,D-Digital,High,12.5K,Off,Off,Local,Group Call,9,KC1JMH / Brad Brown,Always,Carrier,Off,1,1,1,Off,9,2,None,None,Off,Off,Off,Off,Normal Encryption,Off,Off,Off,Off,251.1,1,Off,On,Off,Off,Off,Off,1,0,Off,0,2,0,0,0,0,0,0,0,0,0,9
ch01372,GNUNH MA SW,447.87500,442.87500,D-Digital,High,12.5K,Off,Off,MA Statewide,Group Call,3125,KC1JMH / Brad Brown,Always,Carrier,Off,1,1,1,Off,9,1,None,None,Off,Off,Off,Off,Normal Encryption,Off,Off,Off,Off,251.1,1,Off,On,Off,Off,Off,Off,1,0,Off,0,2,0,0,0,0,0,0,0,0,0,9
ch01373,GNUNH ME SW,447.87500,442.87500,D-Digital,High,12.5K,Off,Off,ME Statewide,Group Call,3123,KC1JMH / Brad Brown,Always,Carrier,Off,1,1,1,Off,9,1,None,None,Off,Off,Off,Off,Normal Encryption,Off,Off,Off,Off,251.1,1,Off,On,Off,Off,Off,Off,1,0,Off,0,2,0,0,0,0,0,0,0,0,0,9
ch01374,GNUNH NE Wide,447.87500,442.87500,D-Digital,High,12.5K,Off,Off,New England-Wide,Group Call,3181,KC1JMH / Brad Brown,Always,Carrier,Off,1,1,1,Off,9,2,None,None,Off,Off,Off,Off,Normal Encryption,Off,Off,Off,Off,251.1,1,Off,On,Off,Off,Off,Off,1,0,Off,0,2,0,0,0,0,0,0,0,0,0,9
ch01375,GNUNH NETAC1,447.87500,442.87500,D-Digital,High,12.5K,Off,Off,NETAC1,Group Call,8801,KC1JMH / Brad Brown,Always,Carrier,Off,1,1,1,Off,9,1,None,None,Off,Off,Off,Off,Normal Encryption,Off,Off,Off,Off,251.1,1,Off,On,Off,Off,Off,Off,1,0,Off,0,2,0,0,0,0,0,0,0,0,0,9
ch01376,GNUNH NETAC2,447.87500,442.87500,D-Digital,High,12.5K,Off,Off,NETAC2,Group Call,8802,KC1JMH / Brad Brown,Always,Carrier,Off,1,1,1,Off,9,2,None,None,Off,Off,Off,Off,Normal Encryption,Off,Off,Off,Off,251.1,1,Off,On,Off,Off,Off,Off,1,0,Off,0,2,0,0,0,0,0,0,0,0,0,9
ch01377,GNUNH NH SW,447.87500,442.87500,D-Digital,High,12.5K,Off,Off,NH Statewide,Group Call,3133,KC1JMH / Brad Brown,Always,Carrier,Off,1,1,1,Off,9,2,None,None,Off,Off,Off,Off,Normal Encryption,Off,Off,Off,Off,251.1,1,Off,On,Off,Off,Off,Off,1,0,Off,0,2,0,0,0,0,0,0,0,0,0,9
ch01378,GNUNH North Am,447.87500,442.87500,D-Digital,High,12.5K,Off,Off,North America,Group Call,3,KC1JMH / Brad Brown,Always,Carrier,Off,1,1,1,Off,9,1,None,None,Off,Off,Off,Off,Normal Encryption,Off,Off,Off,Off,251.1,1,Off,On,Off,Off,Off,Off,1,0,Off,0,2,0,0,0,0,0,0,0,0,0,9
ch01379,GNUNH Northeast,447.87500,442.87500,D-Digital,High,12.5K,Off,Off,Northeast,Group Call,3172,KC1JMH / Brad Brown,Always,Carrier,Off,1,1,1,Off,9,1,None,None,Off,Off,Off,Off,Normal Encryption,Off,Off,Off,Off,251.1,1,Off,On,Off,Off,Off,Off,1,0,Off,0,2,0,0,0,0,0,0,0,0,0,9
ch01380,GNUNH Parrot,447.87500,442.87500,D-Digital,High,12.5K,Off,Off,Parrot,Group Call,9998,KC1JMH / Brad Brown,Always,Carrier,Off,1,1,1,Off,9,1,None,None,Off,Off,Off,Off,Normal Encryption,Off,Off,Off,Off,251.1,1,Off,On,Off,Off,Off,Off,1,0,Off,0,2,0,0,0,0,0,0,0,0,0,9
ch01381,GNUNH Reg North,447.87500,442.87500,D-Digital,High,12.5K,Off,Off,Region North,Group Call,8,KC1JMH / Brad Brown,Always,Carrier,Off,1,1,1,Off,9,2,None,None,Off,Off,Off,Off,Normal Encryption,Off,Off,Off,Off,251.1,1,Off,On,Off,Off,Off,Off,1,0,Off,0,2,0,0,0,0,0,0,0,0,0,9
ch01382,GNUNH SKYWARN,447.87500,442.87500,D-Digital,High,12.5K,Off,Off,SKYWARN,Group Call,759,KC1JMH / Brad Brown,Always,Carrier,Off,1,1,1,Off,9,1,None,None,Off,Off,Off,Off,Normal Encryption,Off,Off,Off,Off,251.1,1,Off,On,Off,Off,Off,Off,1,0,Off,0,2,0,0,0,0,0,0,0,0,0,9
ch01383,GNUNH TAC310,447.87500,442.87500,D-Digital,High,12.5K,Off,Off,TAC310,Group Call,310,KC1JMH / Brad Brown,Always,Carrier,Off,1,1,1,Off,9,1,None,None,Off,Off,Off,Off,Normal Encryption,Off,Off,Off,Off,251.1,1,Off,On,Off,Off,Off,Off,1,0,Off,0,2,0,0,0,0,0,0,0,0,0,9
ch01384,GNUNH TAC311,447.87500,442.87500,D-Digital,High,12.5K,Off,Off,TAC311,Group Call,311,KC1JMH / Brad Brown,Always,Carrier,Off,1,1,1,Off,9,1,None,None,Off,Off,Off,Off,Normal Encryption,Off,Off,Off,Off,251.1,1,Off,On,Off,Off,Off,Off,1,0,Off,0,2,0,0,0,0,0,0,0,0,0,9
ch01385,GNUNH UA Eng1,447.87500,442.87500,D-Digital,High,12.5K,Off,Off,UA English 1-113,Group Call,113,KC1JMH / Brad Brown,Always,Carrier,Off,1,1,1,Off,9,1,None,None,Off,Off,Off,Off,Normal Encryption,Off,Off,Off,Off,251.1,1,Off,On,Off,Off,Off,Off,1,0,Off,0,2,0,0,0,0,0,0,0,0,0,9
ch01386,GNUNH UA Eng2,447.87500,442.87500,D-Digital,High,12.5K,Off,Off,UA English 2-123,Group Call,123,KC1JMH / Brad Brown,Always,Carrier,Off,1,1,1,Off,9,1,None,None,Off,Off,Off,Off,Normal Encryption,Off,Off,Off,Off,251.1,1,Off,On,Off,Off,Off,Off,1,0,Off,0,2,0,0,0,0,0,0,0,0,0,9
ch01387,GNUNH VT SW,447.87500,442.87500,D-Digital,High,12.5K,Off,Off,VT Statewide,Group Call,3150,KC1JMH / Brad Brown,Always,Carrier,Off,1,1,1,Off,9,1,None,None,Off,Off,Off,Off,Normal Encryption,Off,Off,Off,Off,251.1,1,Off,On,Off,Off,Off,Off,1,0,Off,0,2,0,0,0,0,0,0,0,0,0,9
ch01388,GNUNH WW,447.87500,442.87500,D-Digital,High,12.5K,Off,Off,WW Call,Group Call,1,KC1JMH / Brad Brown,Always,Carrier,Off,1,1,1,Off,9,1,None,None,Off,Off,Off,Off,Normal Encryption,Off,Off,Off,Off,251.1,1,Off,On,Off,Off,Off,Off,1,0,Off,0,2,0,0,0,0,0,0,0,0,0,9
ch01389,GNUNH WW Eng,447.87500,442.87500,D-Digital,High,12.5K,Off,Off,WW English,Group Call,13,KC1JMH / Brad Brown,Always,Carrier,Off,1,1,1,Off,9,1,None,None,Off,Off,Off,Off,Normal Encryption,Off,Off,Off,Off,251.1,1,Off,On,Off,Off,Off,Off,1,0,Off,0,2,0,0,0,0,0,0,0,0,0,9
ch01390,GNVNH Local,145.36000,144.76000,D-Digital,High,12.5K,Off,Off,Local,Group Call,9,KC1JMH / Brad Brown,Always,Carrier,Off,1,1,1,Off,3,2,None,None,Off,Off,Off,Off,Normal Encryption,Off,Off,Off,Off,251.1,1,Off,On,Off,Off,Off,Off,1,0,Off,0,2,0,0,0,0,0,0,0,0,0,3
ch01391,GNVNH NE Wide,145.36000,144.76000,D-Digital,High,12.5K,Off,Off,New England-Wide,Group Call,3181,KC1JMH / Brad Brown,Always,Carrier,Off,1,1,1,Off,3,2,None,None,Off,Off,Off,Off,Normal Encryption,Off,Off,Off,Off,251.1,1,Off,On,Off,Off,Off,Off,1,0,Off,0,2,0,0,0,0,0,0,0,0,0,3
ch01392,GNVNH NETAC1,145.36000,144.76000,D-Digital,High,12.5K,Off,Off,NETAC1,Group Call,8801,KC1JMH / Brad Brown,Always,Carrier,Off,1,1,1,Off,3,1,None,None,Off,Off,Off,Off,Normal Encryption,Off,Off,Off,Off,251.1,1,Off,On,Off,Off,Off,Off,1,0,Off,0,2,0,0,0,0,0,0,0,0,0,3
ch01393,GNVNH NETAC2,145.36000,144.76000,D-Digital,High,12.5K,Off,Off,NETAC2,Group Call,8802,KC1JMH / Brad Brown,Always,Carrier,Off,1,1,1,Off,3,2,None,None,Off,Off,Off,Off,Normal Encryption,Off,Off,Off,Off,251.1,1,Off,On,Off,Off,Off,Off,1,0,Off,0,2,0,0,0,0,0,0,0,0,0,3
ch01394,GNVNH NH SW,145.36000,144.76000,D-Digital,High,12.5K,Off,Off,NH Statewide,Group Call,3133,KC1JMH / Brad Brown,Always,Carrier,Off,1,1,1,Off,3,2,None,None,Off,Off,Off,Off,Normal Encryption,Off,Off,Off,Off,251.1,1,Off,On,Off,Off,Off,Off,1,0,Off,0,2,0,0,0,0,0,0,0,0,0,3
ch01395,GNVNH North Am,145.36000,144.76000,D-Digital,High,12.5K,Off,Off,North America,Group Call,3,KC1JMH / Brad Brown,Always,Carrier,Off,1,1,1,Off,3,1,None,None,Off,Off,Off,Off,Normal Encryption,Off,Off,Off,Off,251.1,1,Off,On,Off,Off,Off,Off,1,0,Off,0,2,0,0,0,0,0,0,0,0,0,3
ch01396,GNVNH Northeast,145.36000,144.76000,D-Digital,High,12.5K,Off,Off,Northeast,Group Call,3172,KC1JMH / Brad Brown,Always,Carrier,Off,1,1,1,Off,3,1,None,None,Off,Off,Off,Off,Normal Encryption,Off,Off,Off,Off,251.1,1,Off,On,Off,Off,Off,Off,1,0,Off,0,2,0,0,0,0,0,0,0,0,0,3
ch01397,GNVNH Parrot,145.36000,144.76000,D-Digital,High,12.5K,Off,Off,Parrot,Group Call,9998,KC1JMH / Brad Brown,Always,Carrier,Off,1,1,1,Off,3,1,None,None,Off,Off,Off,Off,Normal Encryption,Off,Off,Off,Off,251.1,1,Off,On,Off,Off,Off,Off,1,0,Off,0,2,0,0,0,0,0,0,0,0,0,3
ch01398,GNVNH Audio,145.36000,144.76000,D-Digital,High,12.5K,Off,Off,Audio Watch,Group Call,9999,KC1JMH / Brad Brown,Always,Carrier,Off,1,1,1,Off,3,1,None,None,Off,Off,Off,Off,Normal Encryption,Off,Off,Off,Off,251.1,1,Off,On,Off,Off,Off,Off,1,0,Off,0,2,0,0,0,0,0,0,0,0,0,3
ch01399,GNVNH TAC310,145.36000,144.76000,D-Digital,High,12.5K,Off,Off,TAC310,Group Call,310,KC1JMH / Brad Brown,Always,Carrier,Off,1,1,1,Off,3,1,None,None,Off,Off,Off,Off,Normal Encryption,Off,Off,Off,Off,251.1,1,Off,On,Off,Off,Off,Off,1,0,Off,0,2,0,0,0,0,0,0,0,0,0,3
ch01400,GNVNH CT SW,145.36000,144.76000,D-Digital,High,12.5K,Off,Off,CT Statewide,Group Call,3109,KC1JMH / Brad Brown,Always,Carrier,Off,1,1,1,Off,3,1,None,None,Off,Off,Off,Off,Normal Encryption,Off,Off,Off,Off,251.1,1,Off,On,Off,Off,Off,Off,1,0,Off,0,2,0,0,0,0,0,0,0,0,0,3
ch01401,GNVNH MA SW,145.36000,144.76000,D-Digital,High,12.5K,Off,Off,MA Statewide,Group Call,3125,KC1JMH / Brad Brown,Always,Carrier,Off,1,1,1,Off,3,1,None,None,Off,Off,Off,Off,Normal Encryption,Off,Off,Off,Off,251.1,1,Off,On,Off,Off,Off,Off,1,0,Off,0,2,0,0,0,0,0,0,0,0,0,3
ch01402,GNVNH ME SW,145.36000,144.76000,D-Digital,High,12.5K,Off,Off,ME Statewide,Group Call,3123,KC1JMH / Brad Brown,Always,Carrier,Off,1,1,1,Off,3,1,None,None,Off,Off,Off,Off,Normal Encryption,Off,Off,Off,Off,251.1,1,Off,On,Off,Off,Off,Off,1,0,Off,0,2,0,0,0,0,0,0,0,0,0,3
ch01403,GNVNH RI SW,145.36000,144.76000,D-Digital,High,12.5K,Off,Off,RI Statewide,Group Call,3144,KC1JMH / Brad Brown,Always,Carrier,Off,1,1,1,Off,3,1,None,None,Off,Off,Off,Off,Normal Encryption,Off,Off,Off,Off,251.1,1,Off,On,Off,Off,Off,Off,1,0,Off,0,2,0,0,0,0,0,0,0,0,0,3
ch01404,GNVNH VT SW,145.36000,144.76000,D-Digital,High,12.5K,Off,Off,VT Statewide,Group Call,3150,KC1JMH / Brad Brown,Always,Carrier,Off,1,1,1,Off,3,1,None,None,Off,Off,Off,Off,Normal Encryption,Off,Off,Off,Off,251.1,1,Off,On,Off,Off,Off,Off,1,0,Off,0,2,0,0,0,0,0,0,0,0,0,3
ch01405,GNVNH TAC316,145.36000,144.76000,D-Digital,High,12.5K,Off,Off,TAC316,Group Call,316,KC1JMH / Brad Brown,Always,Carrier,Off,1,1,1,Off,3,1,None,None,Off,Off,Off,Off,Normal Encryption,Off,Off,Off,Off,251.1,1,Off,On,Off,Off,Off,Off,1,0,Off,0,2,0,0,0,0,0,0,0,0,0,3
ch01406,GNVNH Reg North,145.36000,144.76000,D-Digital,High,12.5K,Off,Off,Region North,Group Call,8,KC1JMH / Brad Brown,Always,Carrier,Off,1,1,1,Off,3,2,None,None,Off,Off,Off,Off,Normal Encryption,Off,Off,Off,Off,251.1,1,Off,On,Off,Off,Off,Off,1,0,Off,0,2,0,0,0,0,0,0,0,0,0,3
ch01407,GNVNH SKYWARN,145.36000,144.76000,D-Digital,High,12.5K,Off,Off,SKYWARN,Group Call,759,KC1JMH / Brad Brown,Always,Carrier,Off,1,1,1,Off,3,1,None,None,Off,Off,Off,Off,Normal Encryption,Off,Off,Off,Off,251.1,1,Off,On,Off,Off,Off,Off,1,0,Off,0,2,0,0,0,0,0,0,0,0,0,3
ch01408,GNVNH TAC311,145.36000,144.76000,D-Digital,High,12.5K,Off,Off,TAC311,Group Call,311,KC1JMH / Brad Brown,Always,Carrier,Off,1,1,1,Off,3,1,None,None,Off,Off,Off,Off,Normal Encryption,Off,Off,Off,Off,251.1,1,Off,On,Off,Off,Off,Off,1,0,Off,0,2,0,0,0,0,0,0,0,0,0,3
ch01409,GNVNH UA Eng1,145.36000,144.76000,D-Digital,High,12.5K,Off,Off,UA English 1-113,Group Call,113,KC1JMH / Brad Brown,Always,Carrier,Off,1,1,1,Off,3,1,None,None,Off,Off,Off,Off,Normal Encryption,Off,Off,Off,Off,251.1,1,Off,On,Off,Off,Off,Off,1,0,Off,0,2,0,0,0,0,0,0,0,0,0,3
ch01410,GNVNH UA Eng2,145.36000,144.76000,D-Digital,High,12.5K,Off,Off,UA English 2-123,Group Call,123,KC1JMH / Brad Brown,Always,Carrier,Off,1,1,1,Off,3,1,None,None,Off,Off,Off,Off,Normal Encryption,Off,Off,Off,Off,251.1,1,Off,On,Off,Off,Off,Off,1,0,Off,0,2,0,0,0,0,0,0,0,0,0,3
ch01411,GNVNH WW,145.36000,144.76000,D-Digital,High,12.5K,Off,Off,WW Call,Group Call,1,KC1JMH / Brad Brown,Always,Carrier,Off,1,1,1,Off,3,1,None,None,Off,Off,Off,Off,Normal Encryption,Off,Off,Off,Off,251.1,1,Off,On,Off,Off,Off,Off,1,0,Off,0,2,0,0,0,0,0,0,0,0,0,3
ch01412,GNVNH WW Eng,145.36000,144.76000,D-Digital,High,12.5K,Off,Off,WW English,Group Call,13,KC1JMH / Brad Brown,Always,Carrier,Off,1,1,1,Off,3,1,None,None,Off,Off,Off,Off,Normal Encryption,Off,Off,Off,Off,251.1,1,Off,On,Off,Off,Off,Off,1,0,Off,0,2,0,0,0,0,0,0,0,0,0,3
ch01413,GOFNH Local,145.22000,144.62000,D-Digital,High,12.5K,Off,Off,Local,Group Call,9,KC1JMH / Brad Brown,Always,Carrier,Off,1,1,1,Off,11,2,None,None,Off,Off,Off,Off,Normal Encryption,Off,Off,Off,Off,251.1,1,Off,On,Off,Off,Off,Off,1,0,Off,0,2,0,0,0,0,0,0,0,0,0,11
ch01414,GOFNH MA SW,145.22000,144.62000,D-Digital,High,12.5K,Off,Off,MA Statewide,Group Call,3125,KC1JMH / Brad Brown,Always,Carrier,Off,1,1,1,Off,11,1,None,None,Off,Off,Off,Off,Normal Encryption,Off,Off,Off,Off,251.1,1,Off,On,Off,Off,Off,Off,1,0,Off,0,2,0,0,0,0,0,0,0,0,0,11
ch01415,GOFNH NE Wide,145.22000,144.62000,D-Digital,High,12.5K,Off,Off,New England-Wide,Group Call,3181,KC1JMH / Brad Brown,Always,Carrier,Off,1,1,1,Off,11,2,None,None,Off,Off,Off,Off,Normal Encryption,Off,Off,Off,Off,251.1,1,Off,On,Off,Off,Off,Off,1,0,Off,0,2,0,0,0,0,0,0,0,0,0,11
ch01416,GOFNH NETAC1,145.22000,144.62000,D-Digital,High,12.5K,Off,Off,NETAC1,Group Call,8801,KC1JMH / Brad Brown,Always,Carrier,Off,1,1,1,Off,11,1,None,None,Off,Off,Off,Off,Normal Encryption,Off,Off,Off,Off,251.1,1,Off,On,Off,Off,Off,Off,1,0,Off,0,2,0,0,0,0,0,0,0,0,0,11
ch01417,GOFNH NETAC2,145.22000,144.62000,D-Digital,High,12.5K,Off,Off,NETAC2,Group Call,8802,KC1JMH / Brad Brown,Always,Carrier,Off,1,1,1,Off,11,2,None,None,Off,Off,Off,Off,Normal Encryption,Off,Off,Off,Off,251.1,1,Off,On,Off,Off,Off,Off,1,0,Off,0,2,0,0,0,0,0,0,0,0,0,11
ch01418,GOFNH NH SW,145.22000,144.62000,D-Digital,High,12.5K,Off,Off,NH Statewide,Group Call,3133,KC1JMH / Brad Brown,Always,Carrier,Off,1,1,1,Off,11,2,None,None,Off,Off,Off,Off,Normal Encryption,Off,Off,Off,Off,251.1,1,Off,On,Off,Off,Off,Off,1,0,Off,0,2,0,0,0,0,0,0,0,0,0,11
ch01419,GOFNH North Am,145.22000,144.62000,D-Digital,High,12.5K,Off,Off,North America,Group Call,3,KC1JMH / Brad Brown,Always,Carrier,Off,1,1,1,Off,11,1,None,None,Off,Off,Off,Off,Normal Encryption,Off,Off,Off,Off,251.1,1,Off,On,Off,Off,Off,Off,1,0,Off,0,2,0,0,0,0,0,0,0,0,0,11
ch01420,GOFNH Northeast,145.22000,144.62000,D-Digital,High,12.5K,Off,Off,Northeast,Group Call,3172,KC1JMH / Brad Brown,Always,Carrier,Off,1,1,1,Off,11,1,None,None,Off,Off,Off,Off,Normal Encryption,Off,Off,Off,Off,251.1,1,Off,On,Off,Off,Off,Off,1,0,Off,0,2,0,0,0,0,0,0,0,0,0,11
ch01421,GOFNH Parrot,145.22000,144.62000,D-Digital,High,12.5K,Off,Off,Parrot,Group Call,9998,KC1JMH / Brad Brown,Always,Carrier,Off,1,1,1,Off,11,1,None,None,Off,Off,Off,Off,Normal Encryption,Off,Off,Off,Off,251.1,1,Off,On,Off,Off,Off,Off,1,0,Off,0,2,0,0,0,0,0,0,0,0,0,11
ch01422,GOFNH Audio,145.22000,144.62000,D-Digital,High,12.5K,Off,Off,Audio Watch,Group Call,9999,KC1JMH / Brad Brown,Always,Carrier,Off,1,1,1,Off,11,1,None,None,Off,Off,Off,Off,Normal Encryption,Off,Off,Off,Off,251.1,1,Off,On,Off,Off,Off,Off,1,0,Off,0,2,0,0,0,0,0,0,0,0,0,11
ch01423,GOFNH TAC316,145.22000,144.62000,D-Digital,High,12.5K,Off,Off,TAC316,Group Call,316,KC1JMH / Brad Brown,Always,Carrier,Off,1,1,1,Off,11,1,None,None,Off,Off,Off,Off,Normal Encryption,Off,Off,Off,Off,251.1,1,Off,On,Off,Off,Off,Off,1,0,Off,0,2,0,0,0,0,0,0,0,0,0,11
ch01424,GOFNH CT SW,145.22000,144.62000,D-Digital,High,12.5K,Off,Off,CT Statewide,Group Call,3109,KC1JMH / Brad Brown,Always,Carrier,Off,1,1,1,Off,11,1,None,None,Off,Off,Off,Off,Normal Encryption,Off,Off,Off,Off,251.1,1,Off,On,Off,Off,Off,Off,1,0,Off,0,2,0,0,0,0,0,0,0,0,0,11
ch01425,GOFNH ME SW,145.22000,144.62000,D-Digital,High,12.5K,Off,Off,ME Statewide,Group Call,3123,KC1JMH / Brad Brown,Always,Carrier,Off,1,1,1,Off,11,1,None,None,Off,Off,Off,Off,Normal Encryption,Off,Off,Off,Off,251.1,1,Off,On,Off,Off,Off,Off,1,0,Off,0,2,0,0,0,0,0,0,0,0,0,11
ch01426,GOFNH RI SW,145.22000,144.62000,D-Digital,High,12.5K,Off,Off,RI Statewide,Group Call,3144,KC1JMH / Brad Brown,Always,Carrier,Off,1,1,1,Off,11,1,None,None,Off,Off,Off,Off,Normal Encryption,Off,Off,Off,Off,251.1,1,Off,On,Off,Off,Off,Off,1,0,Off,0,2,0,0,0,0,0,0,0,0,0,11
ch01427,GOFNH VT SW,145.22000,144.62000,D-Digital,High,12.5K,Off,Off,VT Statewide,Group Call,3150,KC1JMH / Brad Brown,Always,Carrier,Off,1,1,1,Off,11,1,None,None,Off,Off,Off,Off,Normal Encryption,Off,Off,Off,Off,251.1,1,Off,On,Off,Off,Off,Off,1,0,Off,0,2,0,0,0,0,0,0,0,0,0,11
ch01428,GOFNH Reg North,145.22000,144.62000,D-Digital,High,12.5K,Off,Off,Region North,Group Call,8,KC1JMH / Brad Brown,Always,Carrier,Off,1,1,1,Off,11,2,None,None,Off,Off,Off,Off,Normal Encryption,Off,Off,Off,Off,251.1,1,Off,On,Off,Off,Off,Off,1,0,Off,0,2,0,0,0,0,0,0,0,0,0,11
ch01429,GOFNH SKYWARN,145.22000,144.62000,D-Digital,High,12.5K,Off,Off,SKYWARN,Group Call,759,KC1JMH / Brad Brown,Always,Carrier,Off,1,1,1,Off,11,1,None,None,Off,Off,Off,Off,Normal Encryption,Off,Off,Off,Off,251.1,1,Off,On,Off,Off,Off,Off,1,0,Off,0,2,0,0,0,0,0,0,0,0,0,11
ch01430,GOFNH TAC310,145.22000,144.62000,D-Digital,High,12.5K,Off,Off,TAC310,Group Call,310,KC1JMH / Brad Brown,Always,Carrier,Off,1,1,1,Off,11,1,None,None,Off,Off,Off,Off,Normal Encryption,Off,Off,Off,Off,251.1,1,Off,On,Off,Off,Off,Off,1,0,Off,0,2,0,0,0,0,0,0,0,0,0,11
ch01431,GOFNH TAC311,145.22000,144.62000,D-Digital,High,12.5K,Off,Off,TAC311,Group Call,311,KC1JMH / Brad Brown,Always,Carrier,Off,1,1,1,Off,11,1,None,None,Off,Off,Off,Off,Normal Encryption,Off,Off,Off,Off,251.1,1,Off,On,Off,Off,Off,Off,1,0,Off,0,2,0,0,0,0,0,0,0,0,0,11
ch01432,GOFNH UA Eng1,145.22000,144.62000,D-Digital,High,12.5K,Off,Off,UA English 1-113,Group Call,113,KC1JMH / Brad Brown,Always,Carrier,Off,1,1,1,Off,11,1,None,None,Off,Off,Off,Off,Normal Encryption,Off,Off,Off,Off,251.1,1,Off,On,Off,Off,Off,Off,1,0,Off,0,2,0,0,0,0,0,0,0,0,0,11
ch01433,GOFNH UA Eng2,145.22000,144.62000,D-Digital,High,12.5K,Off,Off,UA English 2-123,Group Call,123,KC1JMH / Brad Brown,Always,Carrier,Off,1,1,1,Off,11,1,None,None,Off,Off,Off,Off,Normal Encryption,Off,Off,Off,Off,251.1,1,Off,On,Off,Off,Off,Off,1,0,Off,0,2,0,0,0,0,0,0,0,0,0,11
ch01434,GOFNH WW,145.22000,144.62000,D-Digital,High,12.5K,Off,Off,WW Call,Group Call,1,KC1JMH / Brad Brown,Always,Carrier,Off,1,1,1,Off,11,1,None,None,Off,Off,Off,Off,Normal Encryption,Off,Off,Off,Off,251.1,1,Off,On,Off,Off,Off,Off,1,0,Off,0,2,0,0,0,0,0,0,0,0,0,11
ch01435,GOFNH WW Eng,145.22000,144.62000,D-Digital,High,12.5K,Off,Off,WW English,Group Call,13,KC1JMH / Brad Brown,Always,Carrier,Off,1,1,1,Off,11,1,None,None,Off,Off,Off,Off,Normal Encryption,Off,Off,Off,Off,251.1,1,Off,On,Off,Off,Off,Off,1,0,Off,0,2,0,0,0,0,0,0,0,0,0,11
ch01436,GOFUNH CT SW,444.30000,449.30000,D-Digital,High,12.5K,Off,Off,CT Statewide,Group Call,3109,KC1JMH / Brad Brown,Always,Carrier,Off,1,1,1,Off,10,1,None,None,Off,Off,Off,Off,Normal Encryption,Off,Off,Off,Off,251.1,1,Off,On,Off,Off,Off,Off,1,0,Off,0,2,0,0,0,0,0,0,0,0,0,10
ch01437,GOFUNH Local,444.30000,449.30000,D-Digital,High,12.5K,Off,Off,Local,Group Call,9,KC1JMH / Brad Brown,Always,Carrier,Off,1,1,1,Off,10,2,None,None,Off,Off,Off,Off,Normal Encryption,Off,Off,Off,Off,251.1,1,Off,On,Off,Off,Off,Off,1,0,Off,0,2,0,0,0,0,0,0,0,0,0,10
ch01438,GOFUNH MA SW,444.30000,449.30000,D-Digital,High,12.5K,Off,Off,MA Statewide,Group Call,3125,KC1JMH / Brad Brown,Always,Carrier,Off,1,1,1,Off,10,1,None,None,Off,Off,Off,Off,Normal Encryption,Off,Off,Off,Off,251.1,1,Off,On,Off,Off,Off,Off,1,0,Off,0,2,0,0,0,0,0,0,0,0,0,10
ch01439,GOFUNH ME SW,444.30000,449.30000,D-Digital,High,12.5K,Off,Off,ME Statewide,Group Call,3123,KC1JMH / Brad Brown,Always,Carrier,Off,1,1,1,Off,10,1,None,None,Off,Off,Off,Off,Normal Encryption,Off,Off,Off,Off,251.1,1,Off,On,Off,Off,Off,Off,1,0,Off,0,2,0,0,0,0,0,0,0,0,0,10
ch01440,GOFUNH NE Wide,444.30000,449.30000,D-Digital,High,12.5K,Off,Off,New England-Wide,Group Call,3181,KC1JMH / Brad Brown,Always,Carrier,Off,1,1,1,Off,10,2,None,None,Off,Off,Off,Off,Normal Encryption,Off,Off,Off,Off,251.1,1,Off,On,Off,Off,Off,Off,1,0,Off,0,2,0,0,0,0,0,0,0,0,0,10
ch01441,GOFUNH NETAC1,444.30000,449.30000,D-Digital,High,12.5K,Off,Off,NETAC1,Group Call,8801,KC1JMH / Brad Brown,Always,Carrier,Off,1,1,1,Off,10,1,None,None,Off,Off,Off,Off,Normal Encryption,Off,Off,Off,Off,251.1,1,Off,On,Off,Off,Off,Off,1,0,Off,0,2,0,0,0,0,0,0,0,0,0,10
ch01442,GOFUNH NETAC2,444.30000,449.30000,D-Digital,High,12.5K,Off,Off,NETAC2,Group Call,8802,KC1JMH / Brad Brown,Always,Carrier,Off,1,1,1,Off,10,2,None,None,Off,Off,Off,Off,Normal Encryption,Off,Off,Off,Off,251.1,1,Off,On,Off,Off,Off,Off,1,0,Off,0,2,0,0,0,0,0,0,0,0,0,10
ch01443,GOFUNH NH SW,444.30000,449.30000,D-Digital,High,12.5K,Off,Off,NH Statewide,Group Call,3133,KC1JMH / Brad Brown,Always,Carrier,Off,1,1,1,Off,10,2,None,None,Off,Off,Off,Off,Normal Encryption,Off,Off,Off,Off,251.1,1,Off,On,Off,Off,Off,Off,1,0,Off,0,2,0,0,0,0,0,0,0,0,0,10
ch01444,GOFUNH North Am,444.30000,449.30000,D-Digital,High,12.5K,Off,Off,North America,Group Call,3,KC1JMH / Brad Brown,Always,Carrier,Off,1,1,1,Off,10,1,None,None,Off,Off,Off,Off,Normal Encryption,Off,Off,Off,Off,251.1,1,Off,On,Off,Off,Off,Off,1,0,Off,0,2,0,0,0,0,0,0,0,0,0,10
ch01445,GOFUNH Northeast,444.30000,449.30000,D-Digital,High,12.5K,Off,Off,Northeast,Group Call,3172,KC1JMH / Brad Brown,Always,Carrier,Off,1,1,1,Off,10,1,None,None,Off,Off,Off,Off,Normal Encryption,Off,Off,Off,Off,251.1,1,Off,On,Off,Off,Off,Off,1,0,Off,0,2,0,0,0,0,0,0,0,0,0,10
ch01446,GOFUNH Parrot,444.30000,449.30000,D-Digital,High,12.5K,Off,Off,Parrot,Group Call,9998,KC1JMH / Brad Brown,Always,Carrier,Off,1,1,1,Off,10,1,None,None,Off,Off,Off,Off,Normal Encryption,Off,Off,Off,Off,251.1,1,Off,On,Off,Off,Off,Off,1,0,Off,0,2,0,0,0,0,0,0,0,0,0,10
ch01447,GOFUNH Reg North,444.30000,449.30000,D-Digital,High,12.5K,Off,Off,Region North,Group Call,8,KC1JMH / Brad Brown,Always,Carrier,Off,1,1,1,Off,10,1,None,None,Off,Off,Off,Off,Normal Encryption,Off,Off,Off,Off,251.1,1,Off,On,Off,Off,Off,Off,1,0,Off,0,2,0,0,0,0,0,0,0,0,0,10
ch01448,GOFUNH SKYWARN,444.30000,449.30000,D-Digital,High,12.5K,Off,Off,SKYWARN,Group Call,759,KC1JMH / Brad Brown,Always,Carrier,Off,1,1,1,Off,10,1,None,None,Off,Off,Off,Off,Normal Encryption,Off,Off,Off,Off,251.1,1,Off,On,Off,Off,Off,Off,1,0,Off,0,2,0,0,0,0,0,0,0,0,0,10
ch01449,GOFUNH TAC310,444.30000,449.30000,D-Digital,High,12.5K,Off,Off,TAC310,Group Call,310,KC1JMH / Brad Brown,Always,Carrier,Off,1,1,1,Off,10,1,None,None,Off,Off,Off,Off,Normal Encryption,Off,Off,Off,Off,251.1,1,Off,On,Off,Off,Off,Off,1,0,Off,0,2,0,0,0,0,0,0,0,0,0,10
ch01450,GOFUNH TAC311,444.30000,449.30000,D-Digital,High,12.5K,Off,Off,TAC311,Group Call,311,KC1JMH / Brad Brown,Always,Carrier,Off,1,1,1,Off,10,1,None,None,Off,Off,Off,Off,Normal Encryption,Off,Off,Off,Off,251.1,1,Off,On,Off,Off,Off,Off,1,0,Off,0,2,0,0,0,0,0,0,0,0,0,10
ch01451,GOFUNH UA Eng1,444.30000,449.30000,D-Digital,High,12.5K,Off,Off,UA English 1-113,Group Call,113,KC1JMH / Brad Brown,Always,Carrier,Off,1,1,1,Off,10,1,None,None,Off,Off,Off,Off,Normal Encryption,Off,Off,Off,Off,251.1,1,Off,On,Off,Off,Off,Off,1,0,Off,0,2,0,0,0,0,0,0,0,0,0,10
ch01452,GOFUNH UA Eng2,444.30000,449.30000,D-Digital,High,12.5K,Off,Off,UA English 2-123,Group Call,123,KC1JMH / Brad Brown,Always,Carrier,Off,1,1,1,Off,10,1,None,None,Off,Off,Off,Off,Normal Encryption,Off,Off,Off,Off,251.1,1,Off,On,Off,Off,Off,Off,1,0,Off,0,2,0,0,0,0,0,0,0,0,0,10
ch01453,GOFUNH VT SW,444.30000,449.30000,D-Digital,High,12.5K,Off,Off,VT Statewide,Group Call,3150,KC1JMH / Brad Brown,Always,Carrier,Off,1,1,1,Off,10,1,None,None,Off,Off,Off,Off,Normal Encryption,Off,Off,Off,Off,251.1,1,Off,On,Off,Off,Off,Off,1,0,Off,0,2,0,0,0,0,0,0,0,0,0,10
ch01454,GOFUNH WW,444.30000,449.30000,D-Digital,High,12.5K,Off,Off,WW Call,Group Call,1,KC1JMH / Brad Brown,Always,Carrier,Off,1,1,1,Off,10,1,None,None,Off,Off,Off,Off,Normal Encryption,Off,Off,Off,Off,251.1,1,Off,On,Off,Off,Off,Off,1,0,Off,0,2,0,0,0,0,0,0,0,0,0,10
ch01455,GOFUNH WW Eng,444.30000,449.30000,D-Digital,High,12.5K,Off,Off,WW English,Group Call,13,KC1JMH / Brad Brown,Always,Carrier,Off,1,1,1,Off,10,1,None,None,Off,Off,Off,Off,Normal Encryption,Off,Off,Off,Off,251.1,1,Off,On,Off,Off,Off,Off,1,0,Off,0,2,0,0,0,0,0,0,0,0,0,10
ch01456,HANNH CT SW,146.64000,146.04000,D-Digital,High,12.5K,Off,Off,CT Statewide,Group Call,3109,KC1JMH / Brad Brown,Always,Carrier,Off,1,1,1,Off,1,1,None,None,Off,Off,Off,Off,Normal Encryption,Off,Off,Off,Off,251.1,1,Off,On,Off,Off,Off,Off,1,0,Off,0,2,0,0,0,0,0,0,0,0,0,1
ch01457,HANNH Local,146.64000,146.04000,D-Digital,High,12.5K,Off,Off,Local,Group Call,9,KC1JMH / Brad Brown,Always,Carrier,Off,1,1,1,Off,1,2,None,None,Off,Off,Off,Off,Normal Encryption,Off,Off,Off,Off,251.1,1,Off,On,Off,Off,Off,Off,1,0,Off,0,2,0,0,0,0,0,0,0,0,0,1
ch01458,HANNH MA SW,146.64000,146.04000,D-Digital,High,12.5K,Off,Off,MA Statewide,Group Call,3125,KC1JMH / Brad Brown,Always,Carrier,Off,1,1,1,Off,1,1,None,None,Off,Off,Off,Off,Normal Encryption,Off,Off,Off,Off,251.1,1,Off,On,Off,Off,Off,Off,1,0,Off,0,2,0,0,0,0,0,0,0,0,0,1
ch01459,HANNH ME SW,146.64000,146.04000,D-Digital,High,12.5K,Off,Off,ME Statewide,Group Call,3123,KC1JMH / Brad Brown,Always,Carrier,Off,1,1,1,Off,1,1,None,None,Off,Off,Off,Off,Normal Encryption,Off,Off,Off,Off,251.1,1,Off,On,Off,Off,Off,Off,1,0,Off,0,2,0,0,0,0,0,0,0,0,0,1
ch01460,HANNH NE Wide,146.64000,146.04000,D-Digital,High,12.5K,Off,Off,New England-Wide,Group Call,3181,KC1JMH / Brad Brown,Always,Carrier,Off,1,1,1,Off,1,2,None,None,Off,Off,Off,Off,Normal Encryption,Off,Off,Off,Off,251.1,1,Off,On,Off,Off,Off,Off,1,0,Off,0,2,0,0,0,0,0,0,0,0,0,1
ch01461,HANNH NETAC1,146.64000,146.04000,D-Digital,High,12.5K,Off,Off,NETAC1,Group Call,8801,KC1JMH / Brad Brown,Always,Carrier,Off,1,1,1,Off,1,1,None,None,Off,Off,Off,Off,Normal Encryption,Off,Off,Off,Off,251.1,1,Off,On,Off,Off,Off,Off,1,0,Off,0,2,0,0,0,0,0,0,0,0,0,1
ch01462,HANNH NETAC2,146.64000,146.04000,D-Digital,High,12.5K,Off,Off,NETAC2,Group Call,8802,KC1JMH / Brad Brown,Always,Carrier,Off,1,1,1,Off,1,2,None,None,Off,Off,Off,Off,Normal Encryption,Off,Off,Off,Off,251.1,1,Off,On,Off,Off,Off,Off,1,0,Off,0,2,0,0,0,0,0,0,0,0,0,1
ch01463,HANNH NH SW,146.64000,146.04000,D-Digital,High,12.5K,Off,Off,NH Statewide,Group Call,3133,KC1JMH / Brad Brown,Always,Carrier,Off,1,1,1,Off,1,2,None,None,Off,Off,Off,Off,Normal Encryption,Off,Off,Off,Off,251.1,1,Off,On,Off,Off,Off,Off,1,0,Off,0,2,0,0,0,0,0,0,0,0,0,1
ch01464,HANNH North Am,146.64000,146.04000,D-Digital,High,12.5K,Off,Off,North America,Group Call,3,KC1JMH / Brad Brown,Always,Carrier,Off,1,1,1,Off,1,1,None,None,Off,Off,Off,Off,Normal Encryption,Off,Off,Off,Off,251.1,1,Off,On,Off,Off,Off,Off,1,0,Off,0,2,0,0,0,0,0,0,0,0,0,1
ch01465,HANNH Northeast,146.64000,146.04000,D-Digital,High,12.5K,Off,Off,Northeast,Group Call,3172,KC1JMH / Brad Brown,Always,Carrier,Off,1,1,1,Off,1,1,None,None,Off,Off,Off,Off,Normal Encryption,Off,Off,Off,Off,251.1,1,Off,On,Off,Off,Off,Off,1,0,Off,0,2,0,0,0,0,0,0,0,0,0,1
ch01466,HANNH Parrot,146.64000,146.04000,D-Digital,High,12.5K,Off,Off,Parrot,Group Call,9998,KC1JMH / Brad Brown,Always,Carrier,Off,1,1,1,Off,1,1,None,None,Off,Off,Off,Off,Normal Encryption,Off,Off,Off,Off,251.1,1,Off,On,Off,Off,Off,Off,1,0,Off,0,2,0,0,0,0,0,0,0,0,0,1
ch01467,HANNH Audio,146.64000,146.04000,D-Digital,High,12.5K,Off,Off,Audio Watch,Group Call,9999,KC1JMH / Brad Brown,Always,Carrier,Off,1,1,1,Off,1,1,None,None,Off,Off,Off,Off,Normal Encryption,Off,Off,Off,Off,251.1,1,Off,On,Off,Off,Off,Off,1,0,Off,0,2,0,0,0,0,0,0,0,0,0,1
ch01468,HANNH RI SW,146.64000,146.04000,D-Digital,High,12.5K,Off,Off,RI Statewide,Group Call,3144,KC1JMH / Brad Brown,Always,Carrier,Off,1,1,1,Off,1,1,None,None,Off,Off,Off,Off,Normal Encryption,Off,Off,Off,Off,251.1,1,Off,On,Off,Off,Off,Off,1,0,Off,0,2,0,0,0,0,0,0,0,0,0,1
ch01469,HANNH Reg North,146.64000,146.04000,D-Digital,High,12.5K,Off,Off,Region North,Group Call,8,KC1JMH / Brad Brown,Always,Carrier,Off,1,1,1,Off,1,1,None,None,Off,Off,Off,Off,Normal Encryption,Off,Off,Off,Off,251.1,1,Off,On,Off,Off,Off,Off,1,0,Off,0,2,0,0,0,0,0,0,0,0,0,1
ch01470,HANNH SKYWARN,146.64000,146.04000,D-Digital,High,12.5K,Off,Off,SKYWARN,Group Call,759,KC1JMH / Brad Brown,Always,Carrier,Off,1,1,1,Off,1,1,None,None,Off,Off,Off,Off,Normal Encryption,Off,Off,Off,Off,251.1,1,Off,On,Off,Off,Off,Off,1,0,Off,0,2,0,0,0,0,0,0,0,0,0,1
ch01471,HANNH TAC310,146.64000,146.04000,D-Digital,High,12.5K,Off,Off,TAC310,Group Call,310,KC1JMH / Brad Brown,Always,Carrier,Off,1,1,1,Off,1,1,None,None,Off,Off,Off,Off,Normal Encryption,Off,Off,Off,Off,251.1,1,Off,On,Off,Off,Off,Off,1,0,Off,0,2,0,0,0,0,0,0,0,0,0,1
ch01472,HANNH TAC311,146.64000,146.04000,D-Digital,High,12.5K,Off,Off,TAC311,Group Call,311,KC1JMH / Brad Brown,Always,Carrier,Off,1,1,1,Off,1,1,None,None,Off,Off,Off,Off,Normal Encryption,Off,Off,Off,Off,251.1,1,Off,On,Off,Off,Off,Off,1,0,Off,0,2,0,0,0,0,0,0,0,0,0,1
ch01473,HANNH UA Eng1,146.64000,146.04000,D-Digital,High,12.5K,Off,Off,UA English 1-113,Group Call,113,KC1JMH / Brad Brown,Always,Carrier,Off,1,1,1,Off,1,1,None,None,Off,Off,Off,Off,Normal Encryption,Off,Off,Off,Off,251.1,1,Off,On,Off,Off,Off,Off,1,0,Off,0,2,0,0,0,0,0,0,0,0,0,1
ch01474,HANNH UA Eng2,146.64000,146.04000,D-Digital,High,12.5K,Off,Off,UA English 2-123,Group Call,123,KC1JMH / Brad Brown,Always,Carrier,Off,1,1,1,Off,1,1,None,None,Off,Off,Off,Off,Normal Encryption,Off,Off,Off,Off,251.1,1,Off,On,Off,Off,Off,Off,1,0,Off,0,2,0,0,0,0,0,0,0,0,0,1
ch01475,HANNH VT SW,146.64000,146.04000,D-Digital,High,12.5K,Off,Off,VT Statewide,Group Call,3150,KC1JMH / Brad Brown,Always,Carrier,Off,1,1,1,Off,1,1,None,None,Off,Off,Off,Off,Normal Encryption,Off,Off,Off,Off,251.1,1,Off,On,Off,Off,Off,Off,1,0,Off,0,2,0,0,0,0,0,0,0,0,0,1
ch01476,HANNH WW,146.64000,146.04000,D-Digital,High,12.5K,Off,Off,WW Call,Group Call,1,KC1JMH / Brad Brown,Always,Carrier,Off,1,1,1,Off,1,1,None,None,Off,Off,Off,Off,Normal Encryption,Off,Off,Off,Off,251.1,1,Off,On,Off,Off,Off,Off,1,0,Off,0,2,0,0,0,0,0,0,0,0,0,1
ch01477,HANNH WW Eng,146.64000,146.04000,D-Digital,High,12.5K,Off,Off,WW English,Group Call,13,KC1JMH / Brad Brown,Always,Carrier,Off,1,1,1,Off,1,1,None,None,Off,Off,Off,Off,Normal Encryption,Off,Off,Off,Off,251.1,1,Off,On,Off,Off,Off,Off,1,0,Off,0,2,0,0,0,0,0,0,0,0,0,1
ch01478,HDUNH CT SW,447.72500,442.72500,D-Digital,High,12.5K,Off,Off,CT Statewide,Group Call,3109,KC1JMH / Brad Brown,Always,Carrier,Off,1,1,1,Off,1,2,None,None,Off,Off,Off,Off,Normal Encryption,Off,Off,Off,Off,251.1,1,Off,On,Off,Off,Off,Off,1,0,Off,0,2,0,0,0,0,0,0,0,0,0,1
ch01479,HDUNH Local,447.72500,442.72500,D-Digital,High,12.5K,Off,Off,Local,Group Call,9,KC1JMH / Brad Brown,Always,Carrier,Off,1,1,1,Off,1,2,None,None,Off,Off,Off,Off,Normal Encryption,Off,Off,Off,Off,251.1,1,Off,On,Off,Off,Off,Off,1,0,Off,0,2,0,0,0,0,0,0,0,0,0,1
ch01480,HDUNH MA SW,447.72500,442.72500,D-Digital,High,12.5K,Off,Off,MA Statewide,Group Call,3125,KC1JMH / Brad Brown,Always,Carrier,Off,1,1,1,Off,1,1,None,None,Off,Off,Off,Off,Normal Encryption,Off,Off,Off,Off,251.1,1,Off,On,Off,Off,Off,Off,1,0,Off,0,2,0,0,0,0,0,0,0,0,0,1
ch01481,HDUNH NE Wide,447.72500,442.72500,D-Digital,High,12.5K,Off,Off,New England-Wide,Group Call,3181,KC1JMH / Brad Brown,Always,Carrier,Off,1,1,1,Off,1,2,None,None,Off,Off,Off,Off,Normal Encryption,Off,Off,Off,Off,251.1,1,Off,On,Off,Off,Off,Off,1,0,Off,0,2,0,0,0,0,0,0,0,0,0,1
ch01482,HDUNH NETAC1,447.72500,442.72500,D-Digital,High,12.5K,Off,Off,NETAC1,Group Call,8801,KC1JMH / Brad Brown,Always,Carrier,Off,1,1,1,Off,1,1,None,None,Off,Off,Off,Off,Normal Encryption,Off,Off,Off,Off,251.1,1,Off,On,Off,Off,Off,Off,1,0,Off,0,2,0,0,0,0,0,0,0,0,0,1
ch01483,HDUNH NETAC2,447.72500,442.72500,D-Digital,High,12.5K,Off,Off,NETAC2,Group Call,8802,KC1JMH / Brad Brown,Always,Carrier,Off,1,1,1,Off,1,2,None,None,Off,Off,Off,Off,Normal Encryption,Off,Off,Off,Off,251.1,1,Off,On,Off,Off,Off,Off,1,0,Off,0,2,0,0,0,0,0,0,0,0,0,1
ch01484,HDUNH NH SW,447.72500,442.72500,D-Digital,High,12.5K,Off,Off,NH Statewide,Group Call,3133,KC1JMH / Brad Brown,Always,Carrier,Off,1,1,1,Off,1,2,None,None,Off,Off,Off,Off,Normal Encryption,Off,Off,Off,Off,251.1,1,Off,On,Off,Off,Off,Off,1,0,Off,0,2,0,0,0,0,0,0,0,0,0,1
ch01485,HDUNH North Am,447.72500,442.72500,D-Digital,High,12.5K,Off,Off,North America,Group Call,3,KC1JMH / Brad Brown,Always,Carrier,Off,1,1,1,Off,1,1,None,None,Off,Off,Off,Off,Normal Encryption,Off,Off,Off,Off,251.1,1,Off,On,Off,Off,Off,Off,1,0,Off,0,2,0,0,0,0,0,0,0,0,0,1
ch01486,HDUNH Northeast,447.72500,442.72500,D-Digital,High,12.5K,Off,Off,Northeast,Group Call,3172,KC1JMH / Brad Brown,Always,Carrier,Off,1,1,1,Off,1,1,None,None,Off,Off,Off,Off,Normal Encryption,Off,Off,Off,Off,251.1,1,Off,On,Off,Off,Off,Off,1,0,Off,0,2,0,0,0,0,0,0,0,0,0,1
ch01487,HDUNH Parrot,447.72500,442.72500,D-Digital,High,12.5K,Off,Off,Parrot,Group Call,9998,KC1JMH / Brad Brown,Always,Carrier,Off,1,1,1,Off,1,1,None,None,Off,Off,Off,Off,Normal Encryption,Off,Off,Off,Off,251.1,1,Off,On,Off,Off,Off,Off,1,0,Off,0,2,0,0,0,0,0,0,0,0,0,1
ch01488,HDUNH Reg North,447.72500,442.72500,D-Digital,High,12.5K,Off,Off,Region North,Group Call,8,KC1JMH / Brad Brown,Always,Carrier,Off,1,1,1,Off,1,2,None,None,Off,Off,Off,Off,Normal Encryption,Off,Off,Off,Off,251.1,1,Off,On,Off,Off,Off,Off,1,0,Off,0,2,0,0,0,0,0,0,0,0,0,1
ch01489,HDUNH SKYWARN,447.72500,442.72500,D-Digital,High,12.5K,Off,Off,SKYWARN,Group Call,759,KC1JMH / Brad Brown,Always,Carrier,Off,1,1,1,Off,1,1,None,None,Off,Off,Off,Off,Normal Encryption,Off,Off,Off,Off,251.1,1,Off,On,Off,Off,Off,Off,1,0,Off,0,2,0,0,0,0,0,0,0,0,0,1
ch01490,HDUNH TAC310,447.72500,442.72500,D-Digital,High,12.5K,Off,Off,TAC310,Group Call,310,KC1JMH / Brad Brown,Always,Carrier,Off,1,1,1,Off,1,1,None,None,Off,Off,Off,Off,Normal Encryption,Off,Off,Off,Off,251.1,1,Off,On,Off,Off,Off,Off,1,0,Off,0,2,0,0,0,0,0,0,0,0,0,1
ch01491,HDUNH TAC311,447.72500,442.72500,D-Digital,High,12.5K,Off,Off,TAC311,Group Call,311,KC1JMH / Brad Brown,Always,Carrier,Off,1,1,1,Off,1,1,None,None,Off,Off,Off,Off,Normal Encryption,Off,Off,Off,Off,251.1,1,Off,On,Off,Off,Off,Off,1,0,Off,0,2,0,0,0,0,0,0,0,0,0,1
ch01492,HDUNH UA Eng1,447.72500,442.72500,D-Digital,High,12.5K,Off,Off,UA English 1-113,Group Call,113,KC1JMH / Brad Brown,Always,Carrier,Off,1,1,1,Off,1,1,None,None,Off,Off,Off,Off,Normal Encryption,Off,Off,Off,Off,251.1,1,Off,On,Off,Off,Off,Off,1,0,Off,0,2,0,0,0,0,0,0,0,0,0,1
ch01493,HDUNH UA Eng2,447.72500,442.72500,D-Digital,High,12.5K,Off,Off,UA English 2-123,Group Call,123,KC1JMH / Brad Brown,Always,Carrier,Off,1,1,1,Off,1,1,None,None,Off,Off,Off,Off,Normal Encryption,Off,Off,Off,Off,251.1,1,Off,On,Off,Off,Off,Off,1,0,Off,0,2,0,0,0,0,0,0,0,0,0,1
ch01494,HDUNH VT SW,447.72500,442.72500,D-Digital,High,12.5K,Off,Off,VT Statewide,Group Call,3150,KC1JMH / Brad Brown,Always,Carrier,Off,1,1,1,Off,1,1,None,None,Off,Off,Off,Off,Normal Encryption,Off,Off,Off,Off,251.1,1,Off,On,Off,Off,Off,Off,1,0,Off,0,2,0,0,0,0,0,0,0,0,0,1
ch01495,HDUNH WW,447.72500,442.72500,D-Digital,High,12.5K,Off,Off,WW Call,Group Call,1,KC1JMH / Brad Brown,Always,Carrier,Off,1,1,1,Off,1,1,None,None,Off,Off,Off,Off,Normal Encryption,Off,Off,Off,Off,251.1,1,Off,On,Off,Off,Off,Off,1,0,Off,0,2,0,0,0,0,0,0,0,0,0,1
ch01496,HDUNH WW Eng,447.72500,442.72500,D-Digital,High,12.5K,Off,Off,WW English,Group Call,13,KC1JMH / Brad Brown,Always,Carrier,Off,1,1,1,Off,1,1,None,None,Off,Off,Off,Off,Normal Encryption,Off,Off,Off,Off,251.1,1,Off,On,Off,Off,Off,Off,1,0,Off,0,2,0,0,0,0,0,0,0,0,0,1
ch01497,HDVNH Local,145.26000,144.66000,D-Digital,High,12.5K,Off,Off,Local,Group Call,9,KC1JMH / Brad Brown,Always,Carrier,Off,1,1,1,Off,5,2,None,None,Off,Off,Off,Off,Normal Encryption,Off,Off,Off,Off,251.1,1,Off,On,Off,Off,Off,Off,1,0,Off,0,2,0,0,0,0,0,0,0,0,0,5
ch01498,HDVNH NE Wide,145.26000,144.66000,D-Digital,High,12.5K,Off,Off,New England-Wide,Group Call,3181,KC1JMH / Brad Brown,Always,Carrier,Off,1,1,1,Off,5,2,None,None,Off,Off,Off,Off,Normal Encryption,Off,Off,Off,Off,251.1,1,Off,On,Off,Off,Off,Off,1,0,Off,0,2,0,0,0,0,0,0,0,0,0,5
ch01499,HDVNH NETAC1,145.26000,144.66000,D-Digital,High,12.5K,Off,Off,NETAC1,Group Call,8801,KC1JMH / Brad Brown,Always,Carrier,Off,1,1,1,Off,5,1,None,None,Off,Off,Off,Off,Normal Encryption,Off,Off,Off,Off,251.1,1,Off,On,Off,Off,Off,Off,1,0,Off,0,2,0,0,0,0,0,0,0,0,0,5
ch01500,HDVNH NETAC2,145.26000,144.66000,D-Digital,High,12.5K,Off,Off,NETAC2,Group Call,8802,KC1JMH / Brad Brown,Always,Carrier,Off,1,1,1,Off,5,2,None,None,Off,Off,Off,Off,Normal Encryption,Off,Off,Off,Off,251.1,1,Off,On,Off,Off,Off,Off,1,0,Off,0,2,0,0,0,0,0,0,0,0,0,5
ch01501,HDVNH NH SW,145.26000,144.66000,D-Digital,High,12.5K,Off,Off,NH Statewide,Group Call,3133,KC1JMH / Brad Brown,Always,Carrier,Off,1,1,1,Off,5,2,None,None,Off,Off,Off,Off,Normal Encryption,Off,Off,Off,Off,251.1,1,Off,On,Off,Off,Off,Off,1,0,Off,0,2,0,0,0,0,0,0,0,0,0,5
ch01502,HDVNH North Am,145.26000,144.66000,D-Digital,High,12.5K,Off,Off,North America,Group Call,3,KC1JMH / Brad Brown,Always,Carrier,Off,1,1,1,Off,5,1,None,None,Off,Off,Off,Off,Normal Encryption,Off,Off,Off,Off,251.1,1,Off,On,Off,Off,Off,Off,1,0,Off,0,2,0,0,0,0,0,0,0,0,0,5
ch01503,HDVNH Northeast,145.26000,144.66000,D-Digital,High,12.5K,Off,Off,Northeast,Group Call,3172,KC1JMH / Brad Brown,Always,Carrier,Off,1,1,1,Off,5,1,None,None,Off,Off,Off,Off,Normal Encryption,Off,Off,Off,Off,251.1,1,Off,On,Off,Off,Off,Off,1,0,Off,0,2,0,0,0,0,0,0,0,0,0,5
ch01504,HDVNH Parrot,145.26000,144.66000,D-Digital,High,12.5K,Off,Off,Parrot,Group Call,9998,KC1JMH / Brad Brown,Always,Carrier,Off,1,1,1,Off,5,1,None,None,Off,Off,Off,Off,Normal Encryption,Off,Off,Off,Off,251.1,1,Off,On,Off,Off,Off,Off,1,0,Off,0,2,0,0,0,0,0,0,0,0,0,5
ch01505,HDVNH Audio,145.26000,144.66000,D-Digital,High,12.5K,Off,Off,Audio Watch,Group Call,9999,KC1JMH / Brad Brown,Always,Carrier,Off,1,1,1,Off,5,1,None,None,Off,Off,Off,Off,Normal Encryption,Off,Off,Off,Off,251.1,1,Off,On,Off,Off,Off,Off,1,0,Off,0,2,0,0,0,0,0,0,0,0,0,5
ch01506,HDVNH TAC316,145.26000,144.66000,D-Digital,High,12.5K,Off,Off,TAC316,Group Call,316,KC1JMH / Brad Brown,Always,Carrier,Off,1,1,1,Off,5,1,None,None,Off,Off,Off,Off,Normal Encryption,Off,Off,Off,Off,251.1,1,Off,On,Off,Off,Off,Off,1,0,Off,0,2,0,0,0,0,0,0,0,0,0,5
ch01507,HDVNH CT SW,145.26000,144.66000,D-Digital,High,12.5K,Off,Off,CT Statewide,Group Call,3109,KC1JMH / Brad Brown,Always,Carrier,Off,1,1,1,Off,5,1,None,None,Off,Off,Off,Off,Normal Encryption,Off,Off,Off,Off,251.1,1,Off,On,Off,Off,Off,Off,1,0,Off,0,2,0,0,0,0,0,0,0,0,0,5
ch01508,HDVNH MA SW,145.26000,144.66000,D-Digital,High,12.5K,Off,Off,MA Statewide,Group Call,3125,KC1JMH / Brad Brown,Always,Carrier,Off,1,1,1,Off,5,1,None,None,Off,Off,Off,Off,Normal Encryption,Off,Off,Off,Off,251.1,1,Off,On,Off,Off,Off,Off,1,0,Off,0,2,0,0,0,0,0,0,0,0,0,5
ch01509,HDVNH ME SW,145.26000,144.66000,D-Digital,High,12.5K,Off,Off,ME Statewide,Group Call,3123,KC1JMH / Brad Brown,Always,Carrier,Off,1,1,1,Off,5,1,None,None,Off,Off,Off,Off,Normal Encryption,Off,Off,Off,Off,251.1,1,Off,On,Off,Off,Off,Off,1,0,Off,0,2,0,0,0,0,0,0,0,0,0,5
ch01510,HDVNH RI SW,145.26000,144.66000,D-Digital,High,12.5K,Off,Off,RI Statewide,Group Call,3144,KC1JMH / Brad Brown,Always,Carrier,Off,1,1,1,Off,5,1,None,None,Off,Off,Off,Off,Normal Encryption,Off,Off,Off,Off,251.1,1,Off,On,Off,Off,Off,Off,1,0,Off,0,2,0,0,0,0,0,0,0,0,0,5
ch01511,HDVNH VT SW,145.26000,144.66000,D-Digital,High,12.5K,Off,Off,VT Statewide,Group Call,3150,KC1JMH / Brad Brown,Always,Carrier,Off,1,1,1,Off,5,1,None,None,Off,Off,Off,Off,Normal Encryption,Off,Off,Off,Off,251.1,1,Off,On,Off,Off,Off,Off,1,0,Off,0,2,0,0,0,0,0,0,0,0,0,5
ch01512,HDVNH Reg North,145.26000,144.66000,D-Digital,High,12.5K,Off,Off,Region North,Group Call,8,KC1JMH / Brad Brown,Always,Carrier,Off,1,1,1,Off,5,2,None,None,Off,Off,Off,Off,Normal Encryption,Off,Off,Off,Off,251.1,1,Off,On,Off,Off,Off,Off,1,0,Off,0,2,0,0,0,0,0,0,0,0,0,5
ch01513,HDVNH SKYWARN,145.26000,144.66000,D-Digital,High,12.5K,Off,Off,SKYWARN,Group Call,759,KC1JMH / Brad Brown,Always,Carrier,Off,1,1,1,Off,5,1,None,None,Off,Off,Off,Off,Normal Encryption,Off,Off,Off,Off,251.1,1,Off,On,Off,Off,Off,Off,1,0,Off,0,2,0,0,0,0,0,0,0,0,0,5
ch01514,HDVNH TAC310,145.26000,144.66000,D-Digital,High,12.5K,Off,Off,TAC310,Group Call,310,KC1JMH / Brad Brown,Always,Carrier,Off,1,1,1,Off,5,1,None,None,Off,Off,Off,Off,Normal Encryption,Off,Off,Off,Off,251.1,1,Off,On,Off,Off,Off,Off,1,0,Off,0,2,0,0,0,0,0,0,0,0,0,5
ch01515,HDVNH TAC311,145.26000,144.66000,D-Digital,High,12.5K,Off,Off,TAC311,Group Call,311,KC1JMH / Brad Brown,Always,Carrier,Off,1,1,1,Off,5,1,None,None,Off,Off,Off,Off,Normal Encryption,Off,Off,Off,Off,251.1,1,Off,On,Off,Off,Off,Off,1,0,Off,0,2,0,0,0,0,0,0,0,0,0,5
ch01516,HDVNH UA Eng1,145.26000,144.66000,D-Digital,High,12.5K,Off,Off,UA English 1-113,Group Call,113,KC1JMH / Brad Brown,Always,Carrier,Off,1,1,1,Off,5,1,None,None,Off,Off,Off,Off,Normal Encryption,Off,Off,Off,Off,251.1,1,Off,On,Off,Off,Off,Off,1,0,Off,0,2,0,0,0,0,0,0,0,0,0,5
ch01517,HDVNH UA Eng2,145.26000,144.66000,D-Digital,High,12.5K,Off,Off,UA English 2-123,Group Call,123,KC1JMH / Brad Brown,Always,Carrier,Off,1,1,1,Off,5,1,None,None,Off,Off,Off,Off,Normal Encryption,Off,Off,Off,Off,251.1,1,Off,On,Off,Off,Off,Off,1,0,Off,0,2,0,0,0,0,0,0,0,0,0,5
ch01518,HDVNH WW,145.26000,144.66000,D-Digital,High,12.5K,Off,Off,WW Call,Group Call,1,KC1JMH / Brad Brown,Always,Carrier,Off,1,1,1,Off,5,1,None,None,Off,Off,Off,Off,Normal Encryption,Off,Off,Off,Off,251.1,1,Off,On,Off,Off,Off,Off,1,0,Off,0,2,0,0,0,0,0,0,0,0,0,5
ch01519,HDVNH WW Eng,145.26000,144.66000,D-Digital,High,12.5K,Off,Off,WW English,Group Call,13,KC1JMH / Brad Brown,Always,Carrier,Off,1,1,1,Off,5,1,None,None,Off,Off,Off,Off,Normal Encryption,Off,Off,Off,Off,251.1,1,Off,On,Off,Off,Off,Off,1,0,Off,0,2,0,0,0,0,0,0,0,0,0,5
ch01520,KNENH Local,444.65000,449.65000,D-Digital,High,12.5K,Off,Off,Local,Group Call,9,KC1JMH / Brad Brown,Always,Carrier,Off,1,1,1,Off,1,2,None,None,Off,Off,Off,Off,Normal Encryption,Off,Off,Off,Off,251.1,1,Off,On,Off,Off,Off,Off,1,0,Off,0,2,0,0,0,0,0,0,0,0,0,1
ch01521,KNENH MA SW,444.65000,449.65000,D-Digital,High,12.5K,Off,Off,MA Statewide,Group Call,3125,KC1JMH / Brad Brown,Always,Carrier,Off,1,1,1,Off,1,1,None,None,Off,Off,Off,Off,Normal Encryption,Off,Off,Off,Off,251.1,1,Off,On,Off,Off,Off,Off,1,0,Off,0,2,0,0,0,0,0,0,0,0,0,1
ch01522,KNENH NE Wide,444.65000,449.65000,D-Digital,High,12.5K,Off,Off,New England-Wide,Group Call,3181,KC1JMH / Brad Brown,Always,Carrier,Off,1,1,1,Off,1,2,None,None,Off,Off,Off,Off,Normal Encryption,Off,Off,Off,Off,251.1,1,Off,On,Off,Off,Off,Off,1,0,Off,0,2,0,0,0,0,0,0,0,0,0,1
ch01523,KNENH NETAC1,444.65000,449.65000,D-Digital,High,12.5K,Off,Off,NETAC1,Group Call,8801,KC1JMH / Brad Brown,Always,Carrier,Off,1,1,1,Off,1,1,None,None,Off,Off,Off,Off,Normal Encryption,Off,Off,Off,Off,251.1,1,Off,On,Off,Off,Off,Off,1,0,Off,0,2,0,0,0,0,0,0,0,0,0,1
ch01524,KNENH NETAC2,444.65000,449.65000,D-Digital,High,12.5K,Off,Off,NETAC2,Group Call,8802,KC1JMH / Brad Brown,Always,Carrier,Off,1,1,1,Off,1,2,None,None,Off,Off,Off,Off,Normal Encryption,Off,Off,Off,Off,251.1,1,Off,On,Off,Off,Off,Off,1,0,Off,0,2,0,0,0,0,0,0,0,0,0,1
ch01525,KNENH NH SW,444.65000,449.65000,D-Digital,High,12.5K,Off,Off,NH Statewide,Group Call,3133,KC1JMH / Brad Brown,Always,Carrier,Off,1,1,1,Off,1,2,None,None,Off,Off,Off,Off,Normal Encryption,Off,Off,Off,Off,251.1,1,Off,On,Off,Off,Off,Off,1,0,Off,0,2,0,0,0,0,0,0,0,0,0,1
ch01526,KNENH North Am,444.65000,449.65000,D-Digital,High,12.5K,Off,Off,North America,Group Call,3,KC1JMH / Brad Brown,Always,Carrier,Off,1,1,1,Off,1,1,None,None,Off,Off,Off,Off,Normal Encryption,Off,Off,Off,Off,251.1,1,Off,On,Off,Off,Off,Off,1,0,Off,0,2,0,0,0,0,0,0,0,0,0,1
ch01527,KNENH Northeast,444.65000,449.65000,D-Digital,High,12.5K,Off,Off,Northeast,Group Call,3172,KC1JMH / Brad Brown,Always,Carrier,Off,1,1,1,Off,1,1,None,None,Off,Off,Off,Off,Normal Encryption,Off,Off,Off,Off,251.1,1,Off,On,Off,Off,Off,Off,1,0,Off,0,2,0,0,0,0,0,0,0,0,0,1
ch01528,KNENH Parrot,444.65000,449.65000,D-Digital,High,12.5K,Off,Off,Parrot,Group Call,9998,KC1JMH / Brad Brown,Always,Carrier,Off,1,1,1,Off,1,1,None,None,Off,Off,Off,Off,Normal Encryption,Off,Off,Off,Off,251.1,1,Off,On,Off,Off,Off,Off,1,0,Off,0,2,0,0,0,0,0,0,0,0,0,1
ch01529,KNENH Audio,444.65000,449.65000,D-Digital,High,12.5K,Off,Off,Audio Watch,Group Call,9999,KC1JMH / Brad Brown,Always,Carrier,Off,1,1,1,Off,1,1,None,None,Off,Off,Off,Off,Normal Encryption,Off,Off,Off,Off,251.1,1,Off,On,Off,Off,Off,Off,1,0,Off,0,2,0,0,0,0,0,0,0,0,0,1
ch01530,KNENH CT SW,444.65000,449.65000,D-Digital,High,12.5K,Off,Off,CT Statewide,Group Call,3109,KC1JMH / Brad Brown,Always,Carrier,Off,1,1,1,Off,1,1,None,None,Off,Off,Off,Off,Normal Encryption,Off,Off,Off,Off,251.1,1,Off,On,Off,Off,Off,Off,1,0,Off,0,2,0,0,0,0,0,0,0,0,0,1
ch01531,KNENH ME SW,444.65000,449.65000,D-Digital,High,12.5K,Off,Off,ME Statewide,Group Call,3123,KC1JMH / Brad Brown,Always,Carrier,Off,1,1,1,Off,1,1,None,None,Off,Off,Off,Off,Normal Encryption,Off,Off,Off,Off,251.1,1,Off,On,Off,Off,Off,Off,1,0,Off,0,2,0,0,0,0,0,0,0,0,0,1
ch01532,KNENH RI SW,444.65000,449.65000,D-Digital,High,12.5K,Off,Off,RI Statewide,Group Call,3144,KC1JMH / Brad Brown,Always,Carrier,Off,1,1,1,Off,1,1,None,None,Off,Off,Off,Off,Normal Encryption,Off,Off,Off,Off,251.1,1,Off,On,Off,Off,Off,Off,1,0,Off,0,2,0,0,0,0,0,0,0,0,0,1
ch01533,KNENH Reg North,444.65000,449.65000,D-Digital,High,12.5K,Off,Off,Region North,Group Call,8,KC1JMH / Brad Brown,Always,Carrier,Off,1,1,1,Off,1,2,None,None,Off,Off,Off,Off,Normal Encryption,Off,Off,Off,Off,251.1,1,Off,On,Off,Off,Off,Off,1,0,Off,0,2,0,0,0,0,0,0,0,0,0,1
ch01534,KNENH SKYWARN,444.65000,449.65000,D-Digital,High,12.5K,Off,Off,SKYWARN,Group Call,759,KC1JMH / Brad Brown,Always,Carrier,Off,1,1,1,Off,1,1,None,None,Off,Off,Off,Off,Normal Encryption,Off,Off,Off,Off,251.1,1,Off,On,Off,Off,Off,Off,1,0,Off,0,2,0,0,0,0,0,0,0,0,0,1
ch01535,KNENH TAC310,444.65000,449.65000,D-Digital,High,12.5K,Off,Off,TAC310,Group Call,310,KC1JMH / Brad Brown,Always,Carrier,Off,1,1,1,Off,1,1,None,None,Off,Off,Off,Off,Normal Encryption,Off,Off,Off,Off,251.1,1,Off,On,Off,Off,Off,Off,1,0,Off,0,2,0,0,0,0,0,0,0,0,0,1
ch01536,KNENH TAC311,444.65000,449.65000,D-Digital,High,12.5K,Off,Off,TAC311,Group Call,311,KC1JMH / Brad Brown,Always,Carrier,Off,1,1,1,Off,1,1,None,None,Off,Off,Off,Off,Normal Encryption,Off,Off,Off,Off,251.1,1,Off,On,Off,Off,Off,Off,1,0,Off,0,2,0,0,0,0,0,0,0,0,0,1
ch01537,KNENH UA Eng1,444.65000,449.65000,D-Digital,High,12.5K,Off,Off,UA English 1-113,Group Call,113,KC1JMH / Brad Brown,Always,Carrier,Off,1,1,1,Off,1,1,None,None,Off,Off,Off,Off,Normal Encryption,Off,Off,Off,Off,251.1,1,Off,On,Off,Off,Off,Off,1,0,Off,0,2,0,0,0,0,0,0,0,0,0,1
ch01538,KNENH UA Eng2,444.65000,449.65000,D-Digital,High,12.5K,Off,Off,UA English 2-123,Group Call,123,KC1JMH / Brad Brown,Always,Carrier,Off,1,1,1,Off,1,1,None,None,Off,Off,Off,Off,Normal Encryption,Off,Off,Off,Off,251.1,1,Off,On,Off,Off,Off,Off,1,0,Off,0,2,0,0,0,0,0,0,0,0,0,1
ch01539,KNENH VT SW,444.65000,449.65000,D-Digital,High,12.5K,Off,Off,VT Statewide,Group Call,3150,KC1JMH / Brad Brown,Always,Carrier,Off,1,1,1,Off,1,1,None,None,Off,Off,Off,Off,Normal Encryption,Off,Off,Off,Off,251.1,1,Off,On,Off,Off,Off,Off,1,0,Off,0,2,0,0,0,0,0,0,0,0,0,1
ch01540,KNENH WW,444.65000,449.65000,D-Digital,High,12.5K,Off,Off,WW Call,Group Call,1,KC1JMH / Brad Brown,Always,Carrier,Off,1,1,1,Off,1,1,None,None,Off,Off,Off,Off,Normal Encryption,Off,Off,Off,Off,251.1,1,Off,On,Off,Off,Off,Off,1,0,Off,0,2,0,0,0,0,0,0,0,0,0,1
ch01541,KNENH WW Eng,444.65000,449.65000,D-Digital,High,12.5K,Off,Off,WW English,Group Call,13,KC1JMH / Brad Brown,Always,Carrier,Off,1,1,1,Off,1,1,None,None,Off,Off,Off,Off,Normal Encryption,Off,Off,Off,Off,251.1,1,Off,On,Off,Off,Off,Off,1,0,Off,0,2,0,0,0,0,0,0,0,0,0,1
ch01542,LYNDNH CT SW,443.93750,448.93750,D-Digital,High,12.5K,Off,Off,CT Statewide,Group Call,3109,KC1JMH / Brad Brown,Always,Carrier,Off,1,1,1,Off,1,1,None,None,Off,Off,Off,Off,Normal Encryption,Off,Off,Off,Off,251.1,1,Off,On,Off,Off,Off,Off,1,0,Off,0,2,0,0,0,0,0,0,0,0,0,1
ch01543,LYNDNH Local,443.93750,448.93750,D-Digital,High,12.5K,Off,Off,Local,Group Call,9,KC1JMH / Brad Brown,Always,Carrier,Off,1,1,1,Off,1,2,None,None,Off,Off,Off,Off,Normal Encryption,Off,Off,Off,Off,251.1,1,Off,On,Off,Off,Off,Off,1,0,Off,0,2,0,0,0,0,0,0,0,0,0,1
ch01544,LYNDNH MA SW,443.93750,448.93750,D-Digital,High,12.5K,Off,Off,MA Statewide,Group Call,3125,KC1JMH / Brad Brown,Always,Carrier,Off,1,1,1,Off,1,1,None,None,Off,Off,Off,Off,Normal Encryption,Off,Off,Off,Off,251.1,1,Off,On,Off,Off,Off,Off,1,0,Off,0,2,0,0,0,0,0,0,0,0,0,1
ch01545,LYNDNH ME SW,443.93750,448.93750,D-Digital,High,12.5K,Off,Off,ME Statewide,Group Call,3123,KC1JMH / Brad Brown,Always,Carrier,Off,1,1,1,Off,1,1,None,None,Off,Off,Off,Off,Normal Encryption,Off,Off,Off,Off,251.1,1,Off,On,Off,Off,Off,Off,1,0,Off,0,2,0,0,0,0,0,0,0,0,0,1
ch01546,LYNDNH NE Wide,443.93750,448.93750,D-Digital,High,12.5K,Off,Off,New England-Wide,Group Call,3181,KC1JMH / Brad Brown,Always,Carrier,Off,1,1,1,Off,1,2,None,None,Off,Off,Off,Off,Normal Encryption,Off,Off,Off,Off,251.1,1,Off,On,Off,Off,Off,Off,1,0,Off,0,2,0,0,0,0,0,0,0,0,0,1
ch01547,LYNDNH NETAC1,443.93750,448.93750,D-Digital,High,12.5K,Off,Off,NETAC1,Group Call,8801,KC1JMH / Brad Brown,Always,Carrier,Off,1,1,1,Off,1,1,None,None,Off,Off,Off,Off,Normal Encryption,Off,Off,Off,Off,251.1,1,Off,On,Off,Off,Off,Off,1,0,Off,0,2,0,0,0,0,0,0,0,0,0,1
ch01548,LYNDNH NETAC2,443.93750,448.93750,D-Digital,High,12.5K,Off,Off,NETAC2,Group Call,8802,KC1JMH / Brad Brown,Always,Carrier,Off,1,1,1,Off,1,2,None,None,Off,Off,Off,Off,Normal Encryption,Off,Off,Off,Off,251.1,1,Off,On,Off,Off,Off,Off,1,0,Off,0,2,0,0,0,0,0,0,0,0,0,1
ch01549,LYNDNH NH SW,443.93750,448.93750,D-Digital,High,12.5K,Off,Off,NH Statewide,Group Call,3133,KC1JMH / Brad Brown,Always,Carrier,Off,1,1,1,Off,1,2,None,None,Off,Off,Off,Off,Normal Encryption,Off,Off,Off,Off,251.1,1,Off,On,Off,Off,Off,Off,1,0,Off,0,2,0,0,0,0,0,0,0,0,0,1
ch01550,LYNDNH North Am,443.93750,448.93750,D-Digital,High,12.5K,Off,Off,North America,Group Call,3,KC1JMH / Brad Brown,Always,Carrier,Off,1,1,1,Off,1,1,None,None,Off,Off,Off,Off,Normal Encryption,Off,Off,Off,Off,251.1,1,Off,On,Off,Off,Off,Off,1,0,Off,0,2,0,0,0,0,0,0,0,0,0,1
ch01551,LYNDNH Northeast,443.93750,448.93750,D-Digital,High,12.5K,Off,Off,Northeast,Group Call,3172,KC1JMH / Brad Brown,Always,Carrier,Off,1,1,1,Off,1,1,None,None,Off,Off,Off,Off,Normal Encryption,Off,Off,Off,Off,251.1,1,Off,On,Off,Off,Off,Off,1,0,Off,0,2,0,0,0,0,0,0,0,0,0,1
ch01552,LYNDNH Parrot,443.93750,448.93750,D-Digital,High,12.5K,Off,Off,Parrot,Group Call,9998,KC1JMH / Brad Brown,Always,Carrier,Off,1,1,1,Off,1,1,None,None,Off,Off,Off,Off,Normal Encryption,Off,Off,Off,Off,251.1,1,Off,On,Off,Off,Off,Off,1,0,Off,0,2,0,0,0,0,0,0,0,0,0,1
ch01553,LYNDNH Reg North,443.93750,448.93750,D-Digital,High,12.5K,Off,Off,Region North,Group Call,8,KC1JMH / Brad Brown,Always,Carrier,Off,1,1,1,Off,1,1,None,None,Off,Off,Off,Off,Normal Encryption,Off,Off,Off,Off,251.1,1,Off,On,Off,Off,Off,Off,1,0,Off,0,2,0,0,0,0,0,0,0,0,0,1
ch01554,LYNDNH SKYWARN,443.93750,448.93750,D-Digital,High,12.5K,Off,Off,SKYWARN,Group Call,759,KC1JMH / Brad Brown,Always,Carrier,Off,1,1,1,Off,1,1,None,None,Off,Off,Off,Off,Normal Encryption,Off,Off,Off,Off,251.1,1,Off,On,Off,Off,Off,Off,1,0,Off,0,2,0,0,0,0,0,0,0,0,0,1
ch01555,LYNDNH TAC310,443.93750,448.93750,D-Digital,High,12.5K,Off,Off,TAC310,Group Call,310,KC1JMH / Brad Brown,Always,Carrier,Off,1,1,1,Off,1,1,None,None,Off,Off,Off,Off,Normal Encryption,Off,Off,Off,Off,251.1,1,Off,On,Off,Off,Off,Off,1,0,Off,0,2,0,0,0,0,0,0,0,0,0,1
ch01556,LYNDNH TAC311,443.93750,448.93750,D-Digital,High,12.5K,Off,Off,TAC311,Group Call,311,KC1JMH / Brad Brown,Always,Carrier,Off,1,1,1,Off,1,1,None,None,Off,Off,Off,Off,Normal Encryption,Off,Off,Off,Off,251.1,1,Off,On,Off,Off,Off,Off,1,0,Off,0,2,0,0,0,0,0,0,0,0,0,1
ch01557,LYNDNH UA Eng1,443.93750,448.93750,D-Digital,High,12.5K,Off,Off,UA English 1-113,Group Call,113,KC1JMH / Brad Brown,Always,Carrier,Off,1,1,1,Off,1,1,None,None,Off,Off,Off,Off,Normal Encryption,Off,Off,Off,Off,251.1,1,Off,On,Off,Off,Off,Off,1,0,Off,0,2,0,0,0,0,0,0,0,0,0,1
ch01558,LYNDNH UA Eng2,443.93750,448.93750,D-Digital,High,12.5K,Off,Off,UA English 2-123,Group Call,123,KC1JMH / Brad Brown,Always,Carrier,Off,1,1,1,Off,1,1,None,None,Off,Off,Off,Off,Normal Encryption,Off,Off,Off,Off,251.1,1,Off,On,Off,Off,Off,Off,1,0,Off,0,2,0,0,0,0,0,0,0,0,0,1
ch01559,LYNDNH VT SW,443.93750,448.93750,D-Digital,High,12.5K,Off,Off,VT Statewide,Group Call,3150,KC1JMH / Brad Brown,Always,Carrier,Off,1,1,1,Off,1,1,None,None,Off,Off,Off,Off,Normal Encryption,Off,Off,Off,Off,251.1,1,Off,On,Off,Off,Off,Off,1,0,Off,0,2,0,0,0,0,0,0,0,0,0,1
ch01560,LYNDNH WW,443.93750,448.93750,D-Digital,High,12.5K,Off,Off,WW Call,Group Call,1,KC1JMH / Brad Brown,Always,Carrier,Off,1,1,1,Off,1,1,None,None,Off,Off,Off,Off,Normal Encryption,Off,Off,Off,Off,251.1,1,Off,On,Off,Off,Off,Off,1,0,Off,0,2,0,0,0,0,0,0,0,0,0,1
ch01561,LYNDNH WW Eng,443.93750,448.93750,D-Digital,High,12.5K,Off,Off,WW English,Group Call,13,KC1JMH / Brad Brown,Always,Carrier,Off,1,1,1,Off,1,1,None,None,Off,Off,Off,Off,Normal Encryption,Off,Off,Off,Off,251.1,1,Off,On,Off,Off,Off,Off,1,0,Off,0,2,0,0,0,0,0,0,0,0,0,1
ch01562,MTWNH COOS,448.97500,443.97500,D-Digital,High,12.5K,Off,Off,Coos Net,Group Call,8803,KC1JMH / Brad Brown,Always,Carrier,Off,1,1,1,Off,2,2,None,None,Off,Off,Off,Off,Normal Encryption,Off,Off,Off,Off,251.1,1,Off,On,Off,Off,Off,Off,1,0,Off,0,2,0,0,0,0,0,0,0,0,0,2
ch01563,MTWNH Local,448.97500,443.97500,D-Digital,High,12.5K,Off,Off,Local,Group Call,9,KC1JMH / Brad Brown,Always,Carrier,Off,1,1,1,Off,2,2,None,None,Off,Off,Off,Off,Normal Encryption,Off,Off,Off,Off,251.1,1,Off,On,Off,Off,Off,Off,1,0,Off,0,2,0,0,0,0,0,0,0,0,0,2
ch01564,MTWNH ME SW,448.97500,443.97500,D-Digital,High,12.5K,Off,Off,ME Statewide,Group Call,3123,KC1JMH / Brad Brown,Always,Carrier,Off,1,1,1,Off,2,1,None,None,Off,Off,Off,Off,Normal Encryption,Off,Off,Off,Off,251.1,1,Off,On,Off,Off,Off,Off,1,0,Off,0,2,0,0,0,0,0,0,0,0,0,2
ch01565,MTWNH NE Wide,448.97500,443.97500,D-Digital,High,12.5K,Off,Off,New England-Wide,Group Call,3181,KC1JMH / Brad Brown,Always,Carrier,Off,1,1,1,Off,2,2,None,None,Off,Off,Off,Off,Normal Encryption,Off,Off,Off,Off,251.1,1,Off,On,Off,Off,Off,Off,1,0,Off,0,2,0,0,0,0,0,0,0,0,0,2
ch01566,MTWNH NETAC1,448.97500,443.97500,D-Digital,High,12.5K,Off,Off,NETAC1,Group Call,8801,KC1JMH / Brad Brown,Always,Carrier,Off,1,1,1,Off,2,1,None,None,Off,Off,Off,Off,Normal Encryption,Off,Off,Off,Off,251.1,1,Off,On,Off,Off,Off,Off,1,0,Off,0,2,0,0,0,0,0,0,0,0,0,2
ch01567,MTWNH NETAC2,448.97500,443.97500,D-Digital,High,12.5K,Off,Off,NETAC2,Group Call,8802,KC1JMH / Brad Brown,Always,Carrier,Off,1,1,1,Off,2,2,None,None,Off,Off,Off,Off,Normal Encryption,Off,Off,Off,Off,251.1,1,Off,On,Off,Off,Off,Off,1,0,Off,0,2,0,0,0,0,0,0,0,0,0,2
ch01568,MTWNH NH SW,448.97500,443.97500,D-Digital,High,12.5K,Off,Off,NH Statewide,Group Call,3133,KC1JMH / Brad Brown,Always,Carrier,Off,1,1,1,Off,2,2,None,None,Off,Off,Off,Off,Normal Encryption,Off,Off,Off,Off,251.1,1,Off,On,Off,Off,Off,Off,1,0,Off,0,2,0,0,0,0,0,0,0,0,0,2
ch01569,MTWNH North Am,448.97500,443.97500,D-Digital,High,12.5K,Off,Off,North America,Group Call,3,KC1JMH / Brad Brown,Always,Carrier,Off,1,1,1,Off,2,1,None,None,Off,Off,Off,Off,Normal Encryption,Off,Off,Off,Off,251.1,1,Off,On,Off,Off,Off,Off,1,0,Off,0,2,0,0,0,0,0,0,0,0,0,2
ch01570,MTWNH Northeast,448.97500,443.97500,D-Digital,High,12.5K,Off,Off,Northeast,Group Call,3172,KC1JMH / Brad Brown,Always,Carrier,Off,1,1,1,Off,2,1,None,None,Off,Off,Off,Off,Normal Encryption,Off,Off,Off,Off,251.1,1,Off,On,Off,Off,Off,Off,1,0,Off,0,2,0,0,0,0,0,0,0,0,0,2
ch01571,MTWNH Parrot,448.97500,443.97500,D-Digital,High,12.5K,Off,Off,Parrot,Group Call,9998,KC1JMH / Brad Brown,Always,Carrier,Off,1,1,1,Off,2,1,None,None,Off,Off,Off,Off,Normal Encryption,Off,Off,Off,Off,251.1,1,Off,On,Off,Off,Off,Off,1,0,Off,0,2,0,0,0,0,0,0,0,0,0,2
ch01572,MTWNH Audio,448.97500,443.97500,D-Digital,High,12.5K,Off,Off,Audio Watch,Group Call,9999,KC1JMH / Brad Brown,Always,Carrier,Off,1,1,1,Off,2,1,None,None,Off,Off,Off,Off,Normal Encryption,Off,Off,Off,Off,251.1,1,Off,On,Off,Off,Off,Off,1,0,Off,0,2,0,0,0,0,0,0,0,0,0,2
ch01573,MTWNH TAC316,448.97500,443.97500,D-Digital,High,12.5K,Off,Off,TAC316,Group Call,316,KC1JMH / Brad Brown,Always,Carrier,Off,1,1,1,Off,2,1,None,None,Off,Off,Off,Off,Normal Encryption,Off,Off,Off,Off,251.1,1,Off,On,Off,Off,Off,Off,1,0,Off,0,2,0,0,0,0,0,0,0,0,0,2
ch01574,MTWNH CT SW,448.97500,443.97500,D-Digital,High,12.5K,Off,Off,CT Statewide,Group Call,3109,KC1JMH / Brad Brown,Always,Carrier,Off,1,1,1,Off,2,1,None,None,Off,Off,Off,Off,Normal Encryption,Off,Off,Off,Off,251.1,1,Off,On,Off,Off,Off,Off,1,0,Off,0,2,0,0,0,0,0,0,0,0,0,2
ch01575,MTWNH MA SW,448.97500,443.97500,D-Digital,High,12.5K,Off,Off,MA Statewide,Group Call,3125,KC1JMH / Brad Brown,Always,Carrier,Off,1,1,1,Off,2,1,None,None,Off,Off,Off,Off,Normal Encryption,Off,Off,Off,Off,251.1,1,Off,On,Off,Off,Off,Off,1,0,Off,0,2,0,0,0,0,0,0,0,0,0,2
ch01576,MTWNH RI SW,448.97500,443.97500,D-Digital,High,12.5K,Off,Off,RI Statewide,Group Call,3144,KC1JMH / Brad Brown,Always,Carrier,Off,1,1,1,Off,2,1,None,None,Off,Off,Off,Off,Normal Encryption,Off,Off,Off,Off,251.1,1,Off,On,Off,Off,Off,Off,1,0,Off,0,2,0,0,0,0,0,0,0,0,0,2
ch01577,MTWNH Reg North,448.97500,443.97500,D-Digital,High,12.5K,Off,Off,Region North,Group Call,8,KC1JMH / Brad Brown,Always,Carrier,Off,1,1,1,Off,2,2,None,None,Off,Off,Off,Off,Normal Encryption,Off,Off,Off,Off,251.1,1,Off,On,Off,Off,Off,Off,1,0,Off,0,2,0,0,0,0,0,0,0,0,0,2
ch01578,MTWNH SKYWARN,448.97500,443.97500,D-Digital,High,12.5K,Off,Off,SKYWARN,Group Call,759,KC1JMH / Brad Brown,Always,Carrier,Off,1,1,1,Off,2,1,None,None,Off,Off,Off,Off,Normal Encryption,Off,Off,Off,Off,251.1,1,Off,On,Off,Off,Off,Off,1,0,Off,0,2,0,0,0,0,0,0,0,0,0,2
ch01579,MTWNH TAC310,448.97500,443.97500,D-Digital,High,12.5K,Off,Off,TAC310,Group Call,310,KC1JMH / Brad Brown,Always,Carrier,Off,1,1,1,Off,2,1,None,None,Off,Off,Off,Off,Normal Encryption,Off,Off,Off,Off,251.1,1,Off,On,Off,Off,Off,Off,1,0,Off,0,2,0,0,0,0,0,0,0,0,0,2
ch01580,MTWNH TAC311,448.97500,443.97500,D-Digital,High,12.5K,Off,Off,TAC311,Group Call,311,KC1JMH / Brad Brown,Always,Carrier,Off,1,1,1,Off,2,1,None,None,Off,Off,Off,Off,Normal Encryption,Off,Off,Off,Off,251.1,1,Off,On,Off,Off,Off,Off,1,0,Off,0,2,0,0,0,0,0,0,0,0,0,2
ch01581,MTWNH UA Eng1,448.97500,443.97500,D-Digital,High,12.5K,Off,Off,UA English 1-113,Group Call,113,KC1JMH / Brad Brown,Always,Carrier,Off,1,1,1,Off,2,1,None,None,Off,Off,Off,Off,Normal Encryption,Off,Off,Off,Off,251.1,1,Off,On,Off,Off,Off,Off,1,0,Off,0,2,0,0,0,0,0,0,0,0,0,2
ch01582,MTWNH UA Eng2,448.97500,443.97500,D-Digital,High,12.5K,Off,Off,UA English 2-123,Group Call,123,KC1JMH / Brad Brown,Always,Carrier,Off,1,1,1,Off,2,1,None,None,Off,Off,Off,Off,Normal Encryption,Off,Off,Off,Off,251.1,1,Off,On,Off,Off,Off,Off,1,0,Off,0,2,0,0,0,0,0,0,0,0,0,2
ch01583,MTWNH VT SW,448.97500,443.97500,D-Digital,High,12.5K,Off,Off,VT Statewide,Group Call,3150,KC1JMH / Brad Brown,Always,Carrier,Off,1,1,1,Off,2,1,None,None,Off,Off,Off,Off,Normal Encryption,Off,Off,Off,Off,251.1,1,Off,On,Off,Off,Off,Off,1,0,Off,0,2,0,0,0,0,0,0,0,0,0,2
ch01584,MTWNH WW,448.97500,443.97500,D-Digital,High,12.5K,Off,Off,WW Call,Group Call,1,KC1JMH / Brad Brown,Always,Carrier,Off,1,1,1,Off,2,1,None,None,Off,Off,Off,Off,Normal Encryption,Off,Off,Off,Off,251.1,1,Off,On,Off,Off,Off,Off,1,0,Off,0,2,0,0,0,0,0,0,0,0,0,2
ch01585,MTWNH WW Eng,448.97500,443.97500,D-Digital,High,12.5K,Off,Off,WW English,Group Call,13,KC1JMH / Brad Brown,Always,Carrier,Off,1,1,1,Off,2,1,None,None,Off,Off,Off,Off,Normal Encryption,Off,Off,Off,Off,251.1,1,Off,On,Off,Off,Off,Off,1,0,Off,0,2,0,0,0,0,0,0,0,0,0,2
ch01586,NCWNH Local,448.77500,443.77500,D-Digital,High,12.5K,Off,Off,Local,Group Call,9,KC1JMH / Brad Brown,Always,Carrier,Off,1,1,1,Off,2,2,None,None,Off,Off,Off,Off,Normal Encryption,Off,Off,Off,Off,251.1,1,Off,On,Off,Off,Off,Off,1,0,Off,0,2,0,0,0,0,0,0,0,0,0,2
ch01587,NCWNH ME SW,448.77500,443.77500,D-Digital,High,12.5K,Off,Off,ME Statewide,Group Call,3123,KC1JMH / Brad Brown,Always,Carrier,Off,1,1,1,Off,2,1,None,None,Off,Off,Off,Off,Normal Encryption,Off,Off,Off,Off,251.1,1,Off,On,Off,Off,Off,Off,1,0,Off,0,2,0,0,0,0,0,0,0,0,0,2
ch01588,NCWNH NE Wide,448.77500,443.77500,D-Digital,High,12.5K,Off,Off,New England-Wide,Group Call,3181,KC1JMH / Brad Brown,Always,Carrier,Off,1,1,1,Off,2,2,None,None,Off,Off,Off,Off,Normal Encryption,Off,Off,Off,Off,251.1,1,Off,On,Off,Off,Off,Off,1,0,Off,0,2,0,0,0,0,0,0,0,0,0,2
ch01589,NCWNH NETAC1,448.77500,443.77500,D-Digital,High,12.5K,Off,Off,NETAC1,Group Call,8801,KC1JMH / Brad Brown,Always,Carrier,Off,1,1,1,Off,2,1,None,None,Off,Off,Off,Off,Normal Encryption,Off,Off,Off,Off,251.1,1,Off,On,Off,Off,Off,Off,1,0,Off,0,2,0,0,0,0,0,0,0,0,0,2
ch01590,NCWNH NETAC2,448.77500,443.77500,D-Digital,High,12.5K,Off,Off,NETAC2,Group Call,8802,KC1JMH / Brad Brown,Always,Carrier,Off,1,1,1,Off,2,2,None,None,Off,Off,Off,Off,Normal Encryption,Off,Off,Off,Off,251.1,1,Off,On,Off,Off,Off,Off,1,0,Off,0,2,0,0,0,0,0,0,0,0,0,2
ch01591,NCWNH NH SW,448.77500,443.77500,D-Digital,High,12.5K,Off,Off,NH Statewide,Group Call,3133,KC1JMH / Brad Brown,Always,Carrier,Off,1,1,1,Off,2,2,None,None,Off,Off,Off,Off,Normal Encryption,Off,Off,Off,Off,251.1,1,Off,On,Off,Off,Off,Off,1,0,Off,0,2,0,0,0,0,0,0,0,0,0,2
ch01592,NCWNH North Am,448.77500,443.77500,D-Digital,High,12.5K,Off,Off,North America,Group Call,3,KC1JMH / Brad Brown,Always,Carrier,Off,1,1,1,Off,2,1,None,None,Off,Off,Off,Off,Normal Encryption,Off,Off,Off,Off,251.1,1,Off,On,Off,Off,Off,Off,1,0,Off,0,2,0,0,0,0,0,0,0,0,0,2
ch01593,NCWNH Northeast,448.77500,443.77500,D-Digital,High,12.5K,Off,Off,Northeast,Group Call,3172,KC1JMH / Brad Brown,Always,Carrier,Off,1,1,1,Off,2,1,None,None,Off,Off,Off,Off,Normal Encryption,Off,Off,Off,Off,251.1,1,Off,On,Off,Off,Off,Off,1,0,Off,0,2,0,0,0,0,0,0,0,0,0,2
ch01594,NCWNH Parrot,448.77500,443.77500,D-Digital,High,12.5K,Off,Off,Parrot,Group Call,9998,KC1JMH / Brad Brown,Always,Carrier,Off,1,1,1,Off,2,1,None,None,Off,Off,Off,Off,Normal Encryption,Off,Off,Off,Off,251.1,1,Off,On,Off,Off,Off,Off,1,0,Off,0,2,0,0,0,0,0,0,0,0,0,2
ch01595,NCWNH Audio,448.77500,443.77500,D-Digital,High,12.5K,Off,Off,Audio Watch,Group Call,9999,KC1JMH / Brad Brown,Always,Carrier,Off,1,1,1,Off,2,1,None,None,Off,Off,Off,Off,Normal Encryption,Off,Off,Off,Off,251.1,1,Off,On,Off,Off,Off,Off,1,0,Off,0,2,0,0,0,0,0,0,0,0,0,2
ch01596,NCWNH CT SW,448.77500,443.77500,D-Digital,High,12.5K,Off,Off,CT Statewide,Group Call,3109,KC1JMH / Brad Brown,Always,Carrier,Off,1,1,1,Off,2,1,None,None,Off,Off,Off,Off,Normal Encryption,Off,Off,Off,Off,251.1,1,Off,On,Off,Off,Off,Off,1,0,Off,0,2,0,0,0,0,0,0,0,0,0,2
ch01597,NCWNH MA SW,448.77500,443.77500,D-Digital,High,12.5K,Off,Off,MA Statewide,Group Call,3125,KC1JMH / Brad Brown,Always,Carrier,Off,1,1,1,Off,2,1,None,None,Off,Off,Off,Off,Normal Encryption,Off,Off,Off,Off,251.1,1,Off,On,Off,Off,Off,Off,1,0,Off,0,2,0,0,0,0,0,0,0,0,0,2
ch01598,NCWNH RI SW,448.77500,443.77500,D-Digital,High,12.5K,Off,Off,RI Statewide,Group Call,3144,KC1JMH / Brad Brown,Always,Carrier,Off,1,1,1,Off,2,1,None,None,Off,Off,Off,Off,Normal Encryption,Off,Off,Off,Off,251.1,1,Off,On,Off,Off,Off,Off,1,0,Off,0,2,0,0,0,0,0,0,0,0,0,2
ch01599,NCWNH VT SW,448.77500,443.77500,D-Digital,High,12.5K,Off,Off,VT Statewide,Group Call,3150,KC1JMH / Brad Brown,Always,Carrier,Off,1,1,1,Off,2,1,None,None,Off,Off,Off,Off,Normal Encryption,Off,Off,Off,Off,251.1,1,Off,On,Off,Off,Off,Off,1,0,Off,0,2,0,0,0,0,0,0,0,0,0,2
ch01600,NCWNH Reg North,448.77500,443.77500,D-Digital,High,12.5K,Off,Off,Region North,Group Call,8,KC1JMH / Brad Brown,Always,Carrier,Off,1,1,1,Off,2,2,None,None,Off,Off,Off,Off,Normal Encryption,Off,Off,Off,Off,251.1,1,Off,On,Off,Off,Off,Off,1,0,Off,0,2,0,0,0,0,0,0,0,0,0,2
ch01601,NCWNH SKYWARN,448.77500,443.77500,D-Digital,High,12.5K,Off,Off,SKYWARN,Group Call,759,KC1JMH / Brad Brown,Always,Carrier,Off,1,1,1,Off,2,1,None,None,Off,Off,Off,Off,Normal Encryption,Off,Off,Off,Off,251.1,1,Off,On,Off,Off,Off,Off,1,0,Off,0,2,0,0,0,0,0,0,0,0,0,2
ch01602,NCWNH TAC310,448.77500,443.77500,D-Digital,High,12.5K,Off,Off,TAC310,Group Call,310,KC1JMH / Brad Brown,Always,Carrier,Off,1,1,1,Off,2,1,None,None,Off,Off,Off,Off,Normal Encryption,Off,Off,Off,Off,251.1,1,Off,On,Off,Off,Off,Off,1,0,Off,0,2,0,0,0,0,0,0,0,0,0,2
ch01603,NCWNH TAC311,448.77500,443.77500,D-Digital,High,12.5K,Off,Off,TAC311,Group Call,311,KC1JMH / Brad Brown,Always,Carrier,Off,1,1,1,Off,2,1,None,None,Off,Off,Off,Off,Normal Encryption,Off,Off,Off,Off,251.1,1,Off,On,Off,Off,Off,Off,1,0,Off,0,2,0,0,0,0,0,0,0,0,0,2
ch01604,NCWNH UA Eng1,448.77500,443.77500,D-Digital,High,12.5K,Off,Off,UA English 1-113,Group Call,113,KC1JMH / Brad Brown,Always,Carrier,Off,1,1,1,Off,2,1,None,None,Off,Off,Off,Off,Normal Encryption,Off,Off,Off,Off,251.1,1,Off,On,Off,Off,Off,Off,1,0,Off,0,2,0,0,0,0,0,0,0,0,0,2
ch01605,NCWNH UA Eng2,448.77500,443.77500,D-Digital,High,12.5K,Off,Off,UA English 2-123,Group Call,123,KC1JMH / Brad Brown,Always,Carrier,Off,1,1,1,Off,2,1,None,None,Off,Off,Off,Off,Normal Encryption,Off,Off,Off,Off,251.1,1,Off,On,Off,Off,Off,Off,1,0,Off,0,2,0,0,0,0,0,0,0,0,0,2
ch01606,NCWNH WW,448.77500,443.77500,D-Digital,High,12.5K,Off,Off,WW Call,Group Call,1,KC1JMH / Brad Brown,Always,Carrier,Off,1,1,1,Off,2,1,None,None,Off,Off,Off,Off,Normal Encryption,Off,Off,Off,Off,251.1,1,Off,On,Off,Off,Off,Off,1,0,Off,0,2,0,0,0,0,0,0,0,0,0,2
ch01607,NCWNH WW Eng,448.77500,443.77500,D-Digital,High,12.5K,Off,Off,WW English,Group Call,13,KC1JMH / Brad Brown,Always,Carrier,Off,1,1,1,Off,2,1,None,None,Off,Off,Off,Off,Normal Encryption,Off,Off,Off,Off,251.1,1,Off,On,Off,Off,Off,Off,1,0,Off,0,2,0,0,0,0,0,0,0,0,0,2
ch01608,PSMNH CT SW,444.55000,449.55000,D-Digital,Turbo,12.5K,Off,Off,CT Statewide,Group Call,3109,KC1JMH / Brad Brown,Always,Carrier,Off,1,1,1,Off,5,1,None,None,Off,Off,Off,Off,Normal Encryption,Off,Off,Off,Off,251.1,1,Off,Off,Off,Off,Off,Off,1,0,Off,0,2,0,0,0,0,0,0,0,0,0,5
ch01609,PSMNH Local,444.55000,449.55000,D-Digital,Turbo,12.5K,Off,Off,Local,Group Call,9,KC1JMH / Brad Brown,Always,Carrier,Off,1,1,1,Off,5,2,None,None,Off,Off,Off,Off,Normal Encryption,Off,Off,Off,Off,251.1,1,Off,Off,Off,Off,Off,Off,1,0,Off,0,2,0,0,0,0,0,0,0,0,0,5
ch01610,PSMNH MA SW,444.55000,449.55000,D-Digital,Turbo,12.5K,Off,Off,MA Statewide,Group Call,3125,KC1JMH / Brad Brown,Always,Carrier,Off,1,1,1,Off,5,1,None,None,Off,Off,Off,Off,Normal Encryption,Off,Off,Off,Off,251.1,1,Off,Off,Off,Off,Off,Off,1,0,Off,0,2,0,0,0,0,0,0,0,0,0,5
ch01611,PSMNH ME SW,444.55000,449.55000,D-Digital,Turbo,12.5K,Off,Off,ME Statewide,Group Call,3123,KC1JMH / Brad Brown,Always,Carrier,Off,1,1,1,Off,5,1,None,None,Off,Off,Off,Off,Normal Encryption,Off,Off,Off,Off,251.1,1,Off,Off,Off,Off,Off,Off,1,0,Off,0,2,0,0,0,0,0,0,0,0,0,5
ch01612,PSMNH NE Wide,444.55000,449.55000,D-Digital,Turbo,12.5K,Off,Off,New England-Wide,Group Call,3181,KC1JMH / Brad Brown,Always,Carrier,Off,1,1,1,Off,5,2,None,None,Off,Off,Off,Off,Normal Encryption,Off,Off,Off,Off,251.1,1,Off,Off,Off,Off,Off,Off,1,0,Off,0,2,0,0,0,0,0,0,0,0,0,5
ch01613,PSMNH NETAC1,444.55000,449.55000,D-Digital,Turbo,12.5K,Off,Off,NETAC1,Group Call,8801,KC1JMH / Brad Brown,Always,Carrier,Off,1,1,1,Off,5,1,None,None,Off,Off,Off,Off,Normal Encryption,Off,Off,Off,Off,251.1,1,Off,Off,Off,Off,Off,Off,1,0,Off,0,2,0,0,0,0,0,0,0,0,0,5
ch01614,PSMNH NETAC2,444.55000,449.55000,D-Digital,Turbo,12.5K,Off,Off,NETAC2,Group Call,8802,KC1JMH / Brad Brown,Always,Carrier,Off,1,1,1,Off,5,2,None,None,Off,Off,Off,Off,Normal Encryption,Off,Off,Off,Off,251.1,1,Off,Off,Off,Off,Off,Off,1,0,Off,0,2,0,0,0,0,0,0,0,0,0,5
ch01615,PSMNH NH SW,444.55000,449.55000,D-Digital,Turbo,12.5K,Off,Off,NH Statewide,Group Call,3133,KC1JMH / Brad Brown,Always,Carrier,Off,1,1,1,Off,5,2,None,None,Off,Off,Off,Off,Normal Encryption,Off,Off,Off,Off,251.1,1,Off,Off,Off,Off,Off,Off,1,0,Off,0,2,0,0,0,0,0,0,0,0,0,5
ch01616,PSMNH North Am,444.55000,449.55000,D-Digital,Turbo,12.5K,Off,Off,North America,Group Call,3,KC1JMH / Brad Brown,Always,Carrier,Off,1,1,1,Off,5,1,None,None,Off,Off,Off,Off,Normal Encryption,Off,Off,Off,Off,251.1,1,Off,Off,Off,Off,Off,Off,1,0,Off,0,2,0,0,0,0,0,0,0,0,0,5
ch01617,PSMNH Northeast,444.55000,449.55000,D-Digital,Turbo,12.5K,Off,Off,Northeast,Group Call,3172,KC1JMH / Brad Brown,Always,Carrier,Off,1,1,1,Off,5,1,None,None,Off,Off,Off,Off,Normal Encryption,Off,Off,Off,Off,251.1,1,Off,Off,Off,Off,Off,Off,1,0,Off,0,2,0,0,0,0,0,0,0,0,0,5
ch01618,PSMNH Parrot,444.55000,449.55000,D-Digital,Turbo,12.5K,Off,Off,Parrot,Group Call,9998,KC1JMH / Brad Brown,Always,Carrier,Off,1,1,1,Off,5,1,None,None,Off,Off,Off,Off,Normal Encryption,Off,Off,Off,Off,251.1,1,Off,Off,Off,Off,Off,Off,1,0,Off,0,2,0,0,0,0,0,0,0,0,0,5
ch01619,PSMNH RI SW,444.55000,449.55000,D-Digital,Turbo,12.5K,Off,Off,RI Statewide,Group Call,3144,KC1JMH / Brad Brown,Always,Carrier,Off,1,1,1,Off,5,1,None,None,Off,Off,Off,Off,Normal Encryption,Off,Off,Off,Off,251.1,1,Off,Off,Off,Off,Off,Off,1,0,Off,0,2,0,0,0,0,0,0,0,0,0,5
ch01620,PSMNH SKYWARN,444.55000,449.55000,D-Digital,Turbo,12.5K,Off,Off,SKYWARN,Group Call,759,KC1JMH / Brad Brown,Always,Carrier,Off,1,1,1,Off,5,1,None,None,Off,Off,Off,Off,Normal Encryption,Off,Off,Off,Off,251.1,1,Off,Off,Off,Off,Off,Off,1,0,Off,0,2,0,0,0,0,0,0,0,0,0,5
ch01621,PSMNH TAC310,444.55000,449.55000,D-Digital,Turbo,12.5K,Off,Off,TAC310,Group Call,310,KC1JMH / Brad Brown,Always,Carrier,Off,1,1,1,Off,5,1,None,None,Off,Off,Off,Off,Normal Encryption,Off,Off,Off,Off,251.1,1,Off,Off,Off,Off,Off,Off,1,0,Off,0,2,0,0,0,0,0,0,0,0,0,5
ch01622,PSMNH TAC311,444.55000,449.55000,D-Digital,Turbo,12.5K,Off,Off,TAC311,Group Call,311,KC1JMH / Brad Brown,Always,Carrier,Off,1,1,1,Off,5,1,None,None,Off,Off,Off,Off,Normal Encryption,Off,Off,Off,Off,251.1,1,Off,Off,Off,Off,Off,Off,1,0,Off,0,2,0,0,0,0,0,0,0,0,0,5
ch01623,PSMNH VT SW,444.55000,449.55000,D-Digital,Turbo,12.5K,Off,Off,VT Statewide,Group Call,3150,KC1JMH / Brad Brown,Always,Carrier,Off,1,1,1,Off,5,1,None,None,Off,Off,Off,Off,Normal Encryption,Off,Off,Off,Off,251.1,1,Off,Off,Off,Off,Off,Off,1,0,Off,0,2,0,0,0,0,0,0,0,0,0,5
ch01624,PSMNH WW,444.55000,449.55000,D-Digital,Turbo,12.5K,Off,Off,WW Call,Group Call,1,KC1JMH / Brad Brown,Always,Carrier,Off,1,1,1,Off,5,1,None,None,Off,Off,Off,Off,Normal Encryption,Off,Off,Off,Off,251.1,1,Off,Off,Off,Off,Off,Off,1,0,Off,0,2,0,0,0,0,0,0,0,0,0,5
ch01625,PSMNH Audio,444.55000,449.55000,D-Digital,Turbo,12.5K,Off,Off,Audio Watch,Group Call,9999,KC1JMH / Brad Brown,Always,Carrier,Off,1,1,1,Off,5,1,None,None,Off,Off,Off,Off,Normal Encryption,Off,Off,Off,Off,251.1,1,Off,Off,Off,Off,Off,Off,1,0,Off,0,2,0,0,0,0,0,0,0,0,0,5
ch01626,RCHNH Local,145.24000,144.64000,D-Digital,High,12.5K,Off,Off,Local,Group Call,9,KC1JMH / Brad Brown,Always,Carrier,Off,1,1,1,Off,3,2,None,None,Off,Off,Off,Off,Normal Encryption,Off,Off,Off,Off,251.1,1,Off,On,Off,Off,Off,Off,1,0,Off,0,2,0,0,0,0,0,0,0,0,0,3
ch01627,RCHNH ME SW,145.24000,144.64000,D-Digital,High,12.5K,Off,Off,ME Statewide,Group Call,3123,KC1JMH / Brad Brown,Always,Carrier,Off,1,1,1,Off,3,1,None,None,Off,Off,Off,Off,Normal Encryption,Off,Off,Off,Off,251.1,1,Off,On,Off,Off,Off,Off,1,0,Off,0,2,0,0,0,0,0,0,0,0,0,3
ch01628,RCHNH NE Wide,145.24000,144.64000,D-Digital,High,12.5K,Off,Off,New England-Wide,Group Call,3181,KC1JMH / Brad Brown,Always,Carrier,Off,1,1,1,Off,3,2,None,None,Off,Off,Off,Off,Normal Encryption,Off,Off,Off,Off,251.1,1,Off,On,Off,Off,Off,Off,1,0,Off,0,2,0,0,0,0,0,0,0,0,0,3
ch01629,RCHNH NETAC1,145.24000,144.64000,D-Digital,High,12.5K,Off,Off,NETAC1,Group Call,8801,KC1JMH / Brad Brown,Always,Carrier,Off,1,1,1,Off,3,1,None,None,Off,Off,Off,Off,Normal Encryption,Off,Off,Off,Off,251.1,1,Off,On,Off,Off,Off,Off,1,0,Off,0,2,0,0,0,0,0,0,0,0,0,3
ch01630,RCHNH NETAC2,145.24000,144.64000,D-Digital,High,12.5K,Off,Off,NETAC2,Group Call,8802,KC1JMH / Brad Brown,Always,Carrier,Off,1,1,1,Off,3,2,None,None,Off,Off,Off,Off,Normal Encryption,Off,Off,Off,Off,251.1,1,Off,On,Off,Off,Off,Off,1,0,Off,0,2,0,0,0,0,0,0,0,0,0,3
ch01631,RCHNH NH SW,145.24000,144.64000,D-Digital,High,12.5K,Off,Off,NH Statewide,Group Call,3133,KC1JMH / Brad Brown,Always,Carrier,Off,1,1,1,Off,3,2,None,None,Off,Off,Off,Off,Normal Encryption,Off,Off,Off,Off,251.1,1,Off,On,Off,Off,Off,Off,1,0,Off,0,2,0,0,0,0,0,0,0,0,0,3
ch01632,RCHNH North Am,145.24000,144.64000,D-Digital,High,12.5K,Off,Off,North America,Group Call,3,KC1JMH / Brad Brown,Always,Carrier,Off,1,1,1,Off,3,1,None,None,Off,Off,Off,Off,Normal Encryption,Off,Off,Off,Off,251.1,1,Off,On,Off,Off,Off,Off,1,0,Off,0,2,0,0,0,0,0,0,0,0,0,3
ch01633,RCHNH Northeast,145.24000,144.64000,D-Digital,High,12.5K,Off,Off,Northeast,Group Call,3172,KC1JMH / Brad Brown,Always,Carrier,Off,1,1,1,Off,3,1,None,None,Off,Off,Off,Off,Normal Encryption,Off,Off,Off,Off,251.1,1,Off,On,Off,Off,Off,Off,1,0,Off,0,2,0,0,0,0,0,0,0,0,0,3
ch01634,RCHNH Parrot,145.24000,144.64000,D-Digital,High,12.5K,Off,Off,Parrot,Group Call,9998,KC1JMH / Brad Brown,Always,Carrier,Off,1,1,1,Off,3,1,None,None,Off,Off,Off,Off,Normal Encryption,Off,Off,Off,Off,251.1,1,Off,On,Off,Off,Off,Off,1,0,Off,0,2,0,0,0,0,0,0,0,0,0,3
ch01635,RCHNH Audio,145.24000,144.64000,D-Digital,High,12.5K,Off,Off,Audio Watch,Group Call,9999,KC1JMH / Brad Brown,Always,Carrier,Off,1,1,1,Off,3,1,None,None,Off,Off,Off,Off,Normal Encryption,Off,Off,Off,Off,251.1,1,Off,On,Off,Off,Off,Off,1,0,Off,0,2,0,0,0,0,0,0,0,0,0,3
ch01636,RCHNH CT SW,145.24000,144.64000,D-Digital,High,12.5K,Off,Off,CT Statewide,Group Call,3109,KC1JMH / Brad Brown,Always,Carrier,Off,1,1,1,Off,3,1,None,None,Off,Off,Off,Off,Normal Encryption,Off,Off,Off,Off,251.1,1,Off,On,Off,Off,Off,Off,1,0,Off,0,2,0,0,0,0,0,0,0,0,0,3
ch01637,RCHNH MA SW,145.24000,144.64000,D-Digital,High,12.5K,Off,Off,MA Statewide,Group Call,3125,KC1JMH / Brad Brown,Always,Carrier,Off,1,1,1,Off,3,1,None,None,Off,Off,Off,Off,Normal Encryption,Off,Off,Off,Off,251.1,1,Off,On,Off,Off,Off,Off,1,0,Off,0,2,0,0,0,0,0,0,0,0,0,3
ch01638,RCHNH RI SW,145.24000,144.64000,D-Digital,High,12.5K,Off,Off,RI Statewide,Group Call,3144,KC1JMH / Brad Brown,Always,Carrier,Off,1,1,1,Off,3,1,None,None,Off,Off,Off,Off,Normal Encryption,Off,Off,Off,Off,251.1,1,Off,On,Off,Off,Off,Off,1,0,Off,0,2,0,0,0,0,0,0,0,0,0,3
ch01639,RCHNH VT SW,145.24000,144.64000,D-Digital,High,12.5K,Off,Off,VT Statewide,Group Call,3150,KC1JMH / Brad Brown,Always,Carrier,Off,1,1,1,Off,3,1,None,None,Off,Off,Off,Off,Normal Encryption,Off,Off,Off,Off,251.1,1,Off,On,Off,Off,Off,Off,1,0,Off,0,2,0,0,0,0,0,0,0,0,0,3
ch01640,RCHNH Reg North,145.24000,144.64000,D-Digital,High,12.5K,Off,Off,Region North,Group Call,8,KC1JMH / Brad Brown,Always,Carrier,Off,1,1,1,Off,3,2,None,None,Off,Off,Off,Off,Normal Encryption,Off,Off,Off,Off,251.1,1,Off,On,Off,Off,Off,Off,1,0,Off,0,2,0,0,0,0,0,0,0,0,0,3
ch01641,RCHNH SKYWARN,145.24000,144.64000,D-Digital,High,12.5K,Off,Off,SKYWARN,Group Call,759,KC1JMH / Brad Brown,Always,Carrier,Off,1,1,1,Off,3,1,None,None,Off,Off,Off,Off,Normal Encryption,Off,Off,Off,Off,251.1,1,Off,On,Off,Off,Off,Off,1,0,Off,0,2,0,0,0,0,0,0,0,0,0,3
ch01642,RCHNH TAC310,145.24000,144.64000,D-Digital,High,12.5K,Off,Off,TAC310,Group Call,310,KC1JMH / Brad Brown,Always,Carrier,Off,1,1,1,Off,3,1,None,None,Off,Off,Off,Off,Normal Encryption,Off,Off,Off,Off,251.1,1,Off,On,Off,Off,Off,Off,1,0,Off,0,2,0,0,0,0,0,0,0,0,0,3
ch01643,RCHNH TAC311,145.24000,144.64000,D-Digital,High,12.5K,Off,Off,TAC311,Group Call,311,KC1JMH / Brad Brown,Always,Carrier,Off,1,1,1,Off,3,1,None,None,Off,Off,Off,Off,Normal Encryption,Off,Off,Off,Off,251.1,1,Off,On,Off,Off,Off,Off,1,0,Off,0,2,0,0,0,0,0,0,0,0,0,3
ch01644,RCHNH UA Eng1,145.24000,144.64000,D-Digital,High,12.5K,Off,Off,UA English 1-113,Group Call,113,KC1JMH / Brad Brown,Always,Carrier,Off,1,1,1,Off,3,1,None,None,Off,Off,Off,Off,Normal Encryption,Off,Off,Off,Off,251.1,1,Off,On,Off,Off,Off,Off,1,0,Off,0,2,0,0,0,0,0,0,0,0,0,3
ch01645,RCHNH UA Eng2,145.24000,144.64000,D-Digital,High,12.5K,Off,Off,UA English 2-123,Group Call,123,KC1JMH / Brad Brown,Always,Carrier,Off,1,1,1,Off,3,1,None,None,Off,Off,Off,Off,Normal Encryption,Off,Off,Off,Off,251.1,1,Off,On,Off,Off,Off,Off,1,0,Off,0,2,0,0,0,0,0,0,0,0,0,3
ch01646,RCHNH WW,145.24000,144.64000,D-Digital,High,12.5K,Off,Off,WW Call,Group Call,1,KC1JMH / Brad Brown,Always,Carrier,Off,1,1,1,Off,3,1,None,None,Off,Off,Off,Off,Normal Encryption,Off,Off,Off,Off,251.1,1,Off,On,Off,Off,Off,Off,1,0,Off,0,2,0,0,0,0,0,0,0,0,0,3
ch01647,RCHNH WW Eng,145.24000,144.64000,D-Digital,High,12.5K,Off,Off,WW English,Group Call,13,KC1JMH / Brad Brown,Always,Carrier,Off,1,1,1,Off,3,1,None,None,Off,Off,Off,Off,Normal Encryption,Off,Off,Off,Off,251.1,1,Off,On,Off,Off,Off,Off,1,0,Off,0,2,0,0,0,0,0,0,0,0,0,3
ch01648,SANNH Local,145.18000,144.58000,D-Digital,High,12.5K,Off,Off,Local,Group Call,9,KC1JMH / Brad Brown,Always,Carrier,Off,1,1,1,Off,6,2,None,None,Off,Off,Off,Off,Normal Encryption,Off,Off,Off,Off,251.1,1,Off,On,Off,Off,Off,Off,1,0,Off,0,2,0,0,0,0,0,0,0,0,0,6
ch01649,SANNH NE Wide,145.18000,144.58000,D-Digital,High,12.5K,Off,Off,New England-Wide,Group Call,3181,KC1JMH / Brad Brown,Always,Carrier,Off,1,1,1,Off,6,2,None,None,Off,Off,Off,Off,Normal Encryption,Off,Off,Off,Off,251.1,1,Off,On,Off,Off,Off,Off,1,0,Off,0,2,0,0,0,0,0,0,0,0,0,6
ch01650,SANNH NETAC1,145.18000,144.58000,D-Digital,High,12.5K,Off,Off,NETAC1,Group Call,8801,KC1JMH / Brad Brown,Always,Carrier,Off,1,1,1,Off,6,1,None,None,Off,Off,Off,Off,Normal Encryption,Off,Off,Off,Off,251.1,1,Off,On,Off,Off,Off,Off,1,0,Off,0,2,0,0,0,0,0,0,0,0,0,6
ch01651,SANNH NETAC2,145.18000,144.58000,D-Digital,High,12.5K,Off,Off,NETAC2,Group Call,8802,KC1JMH / Brad Brown,Always,Carrier,Off,1,1,1,Off,6,2,None,None,Off,Off,Off,Off,Normal Encryption,Off,Off,Off,Off,251.1,1,Off,On,Off,Off,Off,Off,1,0,Off,0,2,0,0,0,0,0,0,0,0,0,6
ch01652,SANNH NH SW,145.18000,144.58000,D-Digital,High,12.5K,Off,Off,NH Statewide,Group Call,3133,KC1JMH / Brad Brown,Always,Carrier,Off,1,1,1,Off,6,2,None,None,Off,Off,Off,Off,Normal Encryption,Off,Off,Off,Off,251.1,1,Off,On,Off,Off,Off,Off,1,0,Off,0,2,0,0,0,0,0,0,0,0,0,6
ch01653,SANNH North Am,145.18000,144.58000,D-Digital,High,12.5K,Off,Off,North America,Group Call,3,KC1JMH / Brad Brown,Always,Carrier,Off,1,1,1,Off,6,1,None,None,Off,Off,Off,Off,Normal Encryption,Off,Off,Off,Off,251.1,1,Off,On,Off,Off,Off,Off,1,0,Off,0,2,0,0,0,0,0,0,0,0,0,6
ch01654,SANNH Northeast,145.18000,144.58000,D-Digital,High,12.5K,Off,Off,Northeast,Group Call,3172,KC1JMH / Brad Brown,Always,Carrier,Off,1,1,1,Off,6,1,None,None,Off,Off,Off,Off,Normal Encryption,Off,Off,Off,Off,251.1,1,Off,On,Off,Off,Off,Off,1,0,Off,0,2,0,0,0,0,0,0,0,0,0,6
ch01655,SANNH Parrot,145.18000,144.58000,D-Digital,High,12.5K,Off,Off,Parrot,Group Call,9998,KC1JMH / Brad Brown,Always,Carrier,Off,1,1,1,Off,6,1,None,None,Off,Off,Off,Off,Normal Encryption,Off,Off,Off,Off,251.1,1,Off,On,Off,Off,Off,Off,1,0,Off,0,2,0,0,0,0,0,0,0,0,0,6
ch01656,SANNH Audio,145.18000,144.58000,D-Digital,High,12.5K,Off,Off,Audio Watch,Group Call,9999,KC1JMH / Brad Brown,Always,Carrier,Off,1,1,1,Off,6,1,None,None,Off,Off,Off,Off,Normal Encryption,Off,Off,Off,Off,251.1,1,Off,On,Off,Off,Off,Off,1,0,Off,0,2,0,0,0,0,0,0,0,0,0,6
ch01657,SANNH CT SW,145.18000,144.58000,D-Digital,High,12.5K,Off,Off,CT Statewide,Group Call,3109,KC1JMH / Brad Brown,Always,Carrier,Off,1,1,1,Off,6,1,None,None,Off,Off,Off,Off,Normal Encryption,Off,Off,Off,Off,251.1,1,Off,On,Off,Off,Off,Off,1,0,Off,0,2,0,0,0,0,0,0,0,0,0,6
ch01658,SANNH MA SW,145.18000,144.58000,D-Digital,High,12.5K,Off,Off,MA Statewide,Group Call,3125,KC1JMH / Brad Brown,Always,Carrier,Off,1,1,1,Off,6,1,None,None,Off,Off,Off,Off,Normal Encryption,Off,Off,Off,Off,251.1,1,Off,On,Off,Off,Off,Off,1,0,Off,0,2,0,0,0,0,0,0,0,0,0,6
ch01659,SANNH ME SW,145.18000,144.58000,D-Digital,High,12.5K,Off,Off,ME Statewide,Group Call,3123,KC1JMH / Brad Brown,Always,Carrier,Off,1,1,1,Off,6,1,None,None,Off,Off,Off,Off,Normal Encryption,Off,Off,Off,Off,251.1,1,Off,On,Off,Off,Off,Off,1,0,Off,0,2,0,0,0,0,0,0,0,0,0,6
ch01660,SANNH RI SW,145.18000,144.58000,D-Digital,High,12.5K,Off,Off,RI Statewide,Group Call,3144,KC1JMH / Brad Brown,Always,Carrier,Off,1,1,1,Off,6,1,None,None,Off,Off,Off,Off,Normal Encryption,Off,Off,Off,Off,251.1,1,Off,On,Off,Off,Off,Off,1,0,Off,0,2,0,0,0,0,0,0,0,0,0,6
ch01661,SANNH VT SW,145.18000,144.58000,D-Digital,High,12.5K,Off,Off,VT Statewide,Group Call,3150,KC1JMH / Brad Brown,Always,Carrier,Off,1,1,1,Off,6,1,None,None,Off,Off,Off,Off,Normal Encryption,Off,Off,Off,Off,251.1,1,Off,On,Off,Off,Off,Off,1,0,Off,0,2,0,0,0,0,0,0,0,0,0,6
ch01662,SANNH Reg North,145.18000,144.58000,D-Digital,High,12.5K,Off,Off,Region North,Group Call,8,KC1JMH / Brad Brown,Always,Carrier,Off,1,1,1,Off,6,2,None,None,Off,Off,Off,Off,Normal Encryption,Off,Off,Off,Off,251.1,1,Off,On,Off,Off,Off,Off,1,0,Off,0,2,0,0,0,0,0,0,0,0,0,6
ch01663,SANNH SKYWARN,145.18000,144.58000,D-Digital,High,12.5K,Off,Off,SKYWARN,Group Call,759,KC1JMH / Brad Brown,Always,Carrier,Off,1,1,1,Off,6,1,None,None,Off,Off,Off,Off,Normal Encryption,Off,Off,Off,Off,251.1,1,Off,On,Off,Off,Off,Off,1,0,Off,0,2,0,0,0,0,0,0,0,0,0,6
ch01664,SANNH TAC310,145.18000,144.58000,D-Digital,High,12.5K,Off,Off,TAC310,Group Call,310,KC1JMH / Brad Brown,Always,Carrier,Off,1,1,1,Off,6,1,None,None,Off,Off,Off,Off,Normal Encryption,Off,Off,Off,Off,251.1,1,Off,On,Off,Off,Off,Off,1,0,Off,0,2,0,0,0,0,0,0,0,0,0,6
ch01665,SANNH TAC311,145.18000,144.58000,D-Digital,High,12.5K,Off,Off,TAC311,Group Call,311,KC1JMH / Brad Brown,Always,Carrier,Off,1,1,1,Off,6,1,None,None,Off,Off,Off,Off,Normal Encryption,Off,Off,Off,Off,251.1,1,Off,On,Off,Off,Off,Off,1,0,Off,0,2,0,0,0,0,0,0,0,0,0,6
ch01666,SANNH UA Eng1,145.18000,144.58000,D-Digital,High,12.5K,Off,Off,UA English 1-113,Group Call,113,KC1JMH / Brad Brown,Always,Carrier,Off,1,1,1,Off,6,1,None,None,Off,Off,Off,Off,Normal Encryption,Off,Off,Off,Off,251.1,1,Off,On,Off,Off,Off,Off,1,0,Off,0,2,0,0,0,0,0,0,0,0,0,6
ch01667,SANNH UA Eng2,145.18000,144.58000,D-Digital,High,12.5K,Off,Off,UA English 2-123,Group Call,123,KC1JMH / Brad Brown,Always,Carrier,Off,1,1,1,Off,6,1,None,None,Off,Off,Off,Off,Normal Encryption,Off,Off,Off,Off,251.1,1,Off,On,Off,Off,Off,Off,1,0,Off,0,2,0,0,0,0,0,0,0,0,0,6
ch01668,SANNH WW,145.18000,144.58000,D-Digital,High,12.5K,Off,Off,WW Call,Group Call,1,KC1JMH / Brad Brown,Always,Carrier,Off,1,1,1,Off,6,1,None,None,Off,Off,Off,Off,Normal Encryption,Off,Off,Off,Off,251.1,1,Off,On,Off,Off,Off,Off,1,0,Off,0,2,0,0,0,0,0,0,0,0,0,6
ch01669,SANNH WW Eng,145.18000,144.58000,D-Digital,High,12.5K,Off,Off,WW English,Group Call,13,KC1JMH / Brad Brown,Always,Carrier,Off,1,1,1,Off,6,1,None,None,Off,Off,Off,Off,Normal Encryption,Off,Off,Off,Off,251.1,1,Off,On,Off,Off,Off,Off,1,0,Off,0,2,0,0,0,0,0,0,0,0,0,6
ch01670,SOMNH Local,145.18000,144.58000,D-Digital,High,12.5K,Off,Off,Local,Group Call,9,KC1JMH / Brad Brown,Always,Carrier,Off,1,1,1,Off,5,2,None,None,Off,Off,Off,Off,Normal Encryption,Off,Off,Off,Off,251.1,1,Off,On,Off,Off,Off,Off,1,0,Off,0,2,0,0,0,0,0,0,0,0,0,5
ch01671,SOMNH NE Wide,145.18000,144.58000,D-Digital,High,12.5K,Off,Off,New England-Wide,Group Call,3181,KC1JMH / Brad Brown,Always,Carrier,Off,1,1,1,Off,5,2,None,None,Off,Off,Off,Off,Normal Encryption,Off,Off,Off,Off,251.1,1,Off,On,Off,Off,Off,Off,1,0,Off,0,2,0,0,0,0,0,0,0,0,0,5
ch01672,SOMNH NETAC1,145.18000,144.58000,D-Digital,High,12.5K,Off,Off,NETAC1,Group Call,8801,KC1JMH / Brad Brown,Always,Carrier,Off,1,1,1,Off,5,1,None,None,Off,Off,Off,Off,Normal Encryption,Off,Off,Off,Off,251.1,1,Off,On,Off,Off,Off,Off,1,0,Off,0,2,0,0,0,0,0,0,0,0,0,5
ch01673,SOMNH NETAC2,145.18000,144.58000,D-Digital,High,12.5K,Off,Off,NETAC2,Group Call,8802,KC1JMH / Brad Brown,Always,Carrier,Off,1,1,1,Off,5,2,None,None,Off,Off,Off,Off,Normal Encryption,Off,Off,Off,Off,251.1,1,Off,On,Off,Off,Off,Off,1,0,Off,0,2,0,0,0,0,0,0,0,0,0,5
ch01674,SOMNH NH SW,145.18000,144.58000,D-Digital,High,12.5K,Off,Off,NH Statewide,Group Call,3133,KC1JMH / Brad Brown,Always,Carrier,Off,1,1,1,Off,5,2,None,None,Off,Off,Off,Off,Normal Encryption,Off,Off,Off,Off,251.1,1,Off,On,Off,Off,Off,Off,1,0,Off,0,2,0,0,0,0,0,0,0,0,0,5
ch01675,SOMNH North Am,145.18000,144.58000,D-Digital,High,12.5K,Off,Off,North America,Group Call,3,KC1JMH / Brad Brown,Always,Carrier,Off,1,1,1,Off,5,1,None,None,Off,Off,Off,Off,Normal Encryption,Off,Off,Off,Off,251.1,1,Off,On,Off,Off,Off,Off,1,0,Off,0,2,0,0,0,0,0,0,0,0,0,5
ch01676,SOMNH Northeast,145.18000,144.58000,D-Digital,High,12.5K,Off,Off,Northeast,Group Call,3172,KC1JMH / Brad Brown,Always,Carrier,Off,1,1,1,Off,5,1,None,None,Off,Off,Off,Off,Normal Encryption,Off,Off,Off,Off,251.1,1,Off,On,Off,Off,Off,Off,1,0,Off,0,2,0,0,0,0,0,0,0,0,0,5
ch01677,SOMNH Parrot,145.18000,144.58000,D-Digital,High,12.5K,Off,Off,Parrot,Group Call,9998,KC1JMH / Brad Brown,Always,Carrier,Off,1,1,1,Off,5,1,None,None,Off,Off,Off,Off,Normal Encryption,Off,Off,Off,Off,251.1,1,Off,On,Off,Off,Off,Off,1,0,Off,0,2,0,0,0,0,0,0,0,0,0,5
ch01678,SOMNH Audio,145.18000,144.58000,D-Digital,High,12.5K,Off,Off,Audio Watch,Group Call,9999,KC1JMH / Brad Brown,Always,Carrier,Off,1,1,1,Off,5,1,None,None,Off,Off,Off,Off,Normal Encryption,Off,Off,Off,Off,251.1,1,Off,On,Off,Off,Off,Off,1,0,Off,0,2,0,0,0,0,0,0,0,0,0,5
ch01679,SOMNH CT SW,145.18000,144.58000,D-Digital,High,12.5K,Off,Off,CT Statewide,Group Call,3109,KC1JMH / Brad Brown,Always,Carrier,Off,1,1,1,Off,5,1,None,None,Off,Off,Off,Off,Normal Encryption,Off,Off,Off,Off,251.1,1,Off,On,Off,Off,Off,Off,1,0,Off,0,2,0,0,0,0,0,0,0,0,0,5
ch01680,SOMNH MA SW,145.18000,144.58000,D-Digital,High,12.5K,Off,Off,MA Statewide,Group Call,3125,KC1JMH / Brad Brown,Always,Carrier,Off,1,1,1,Off,5,1,None,None,Off,Off,Off,Off,Normal Encryption,Off,Off,Off,Off,251.1,1,Off,On,Off,Off,Off,Off,1,0,Off,0,2,0,0,0,0,0,0,0,0,0,5
ch01681,SOMNH ME SW,145.18000,144.58000,D-Digital,High,12.5K,Off,Off,ME Statewide,Group Call,3123,KC1JMH / Brad Brown,Always,Carrier,Off,1,1,1,Off,5,1,None,None,Off,Off,Off,Off,Normal Encryption,Off,Off,Off,Off,251.1,1,Off,On,Off,Off,Off,Off,1,0,Off,0,2,0,0,0,0,0,0,0,0,0,5
ch01682,SOMNH RI SW,145.18000,144.58000,D-Digital,High,12.5K,Off,Off,RI Statewide,Group Call,3144,KC1JMH / Brad Brown,Always,Carrier,Off,1,1,1,Off,5,1,None,None,Off,Off,Off,Off,Normal Encryption,Off,Off,Off,Off,251.1,1,Off,On,Off,Off,Off,Off,1,0,Off,0,2,0,0,0,0,0,0,0,0,0,5
ch01683,SOMNH VT SW,145.18000,144.58000,D-Digital,High,12.5K,Off,Off,VT Statewide,Group Call,3150,KC1JMH / Brad Brown,Always,Carrier,Off,1,1,1,Off,5,1,None,None,Off,Off,Off,Off,Normal Encryption,Off,Off,Off,Off,251.1,1,Off,On,Off,Off,Off,Off,1,0,Off,0,2,0,0,0,0,0,0,0,0,0,5
ch01684,SOMNH Reg North,145.18000,144.58000,D-Digital,High,12.5K,Off,Off,Region North,Group Call,8,KC1JMH / Brad Brown,Always,Carrier,Off,1,1,1,Off,5,2,None,None,Off,Off,Off,Off,Normal Encryption,Off,Off,Off,Off,251.1,1,Off,On,Off,Off,Off,Off,1,0,Off,0,2,0,0,0,0,0,0,0,0,0,5
ch01685,SOMNH SKYWARN,145.18000,144.58000,D-Digital,High,12.5K,Off,Off,SKYWARN,Group Call,759,KC1JMH / Brad Brown,Always,Carrier,Off,1,1,1,Off,5,1,None,None,Off,Off,Off,Off,Normal Encryption,Off,Off,Off,Off,251.1,1,Off,On,Off,Off,Off,Off,1,0,Off,0,2,0,0,0,0,0,0,0,0,0,5
ch01686,SOMNH TAC310,145.18000,144.58000,D-Digital,High,12.5K,Off,Off,TAC310,Group Call,310,KC1JMH / Brad Brown,Always,Carrier,Off,1,1,1,Off,5,1,None,None,Off,Off,Off,Off,Normal Encryption,Off,Off,Off,Off,251.1,1,Off,On,Off,Off,Off,Off,1,0,Off,0,2,0,0,0,0,0,0,0,0,0,5
ch01687,SOMNH TAC311,145.18000,144.58000,D-Digital,High,12.5K,Off,Off,TAC311,Group Call,311,KC1JMH / Brad Brown,Always,Carrier,Off,1,1,1,Off,5,1,None,None,Off,Off,Off,Off,Normal Encryption,Off,Off,Off,Off,251.1,1,Off,On,Off,Off,Off,Off,1,0,Off,0,2,0,0,0,0,0,0,0,0,0,5
ch01688,SOMNH UA Eng1,145.18000,144.58000,D-Digital,High,12.5K,Off,Off,UA English 1-113,Group Call,113,KC1JMH / Brad Brown,Always,Carrier,Off,1,1,1,Off,5,1,None,None,Off,Off,Off,Off,Normal Encryption,Off,Off,Off,Off,251.1,1,Off,On,Off,Off,Off,Off,1,0,Off,0,2,0,0,0,0,0,0,0,0,0,5
ch01689,SOMNH UA Eng2,145.18000,144.58000,D-Digital,High,12.5K,Off,Off,UA English 2-123,Group Call,123,KC1JMH / Brad Brown,Always,Carrier,Off,1,1,1,Off,5,1,None,None,Off,Off,Off,Off,Normal Encryption,Off,Off,Off,Off,251.1,1,Off,On,Off,Off,Off,Off,1,0,Off,0,2,0,0,0,0,0,0,0,0,0,5
ch01690,SOMNH WW,145.18000,144.58000,D-Digital,High,12.5K,Off,Off,WW Call,Group Call,1,KC1JMH / Brad Brown,Always,Carrier,Off,1,1,1,Off,5,1,None,None,Off,Off,Off,Off,Normal Encryption,Off,Off,Off,Off,251.1,1,Off,On,Off,Off,Off,Off,1,0,Off,0,2,0,0,0,0,0,0,0,0,0,5
ch01691,SOMNH WW Eng,145.18000,144.58000,D-Digital,High,12.5K,Off,Off,WW English,Group Call,13,KC1JMH / Brad Brown,Always,Carrier,Off,1,1,1,Off,5,1,None,None,Off,Off,Off,Off,Normal Encryption,Off,Off,Off,Off,251.1,1,Off,On,Off,Off,Off,Off,1,0,Off,0,2,0,0,0,0,0,0,0,0,0,5
ch01692,WKFNH Local,145.28000,144.68000,D-Digital,High,12.5K,Off,Off,Local,Group Call,9,KC1JMH / Brad Brown,Always,Carrier,Off,1,1,1,Off,7,2,None,None,Off,Off,Off,Off,Normal Encryption,Off,Off,Off,Off,251.1,1,Off,On,Off,Off,Off,Off,1,0,Off,0,2,0,0,0,0,0,0,0,0,0,7
ch01693,WKFNH ME SW,145.28000,144.68000,D-Digital,High,12.5K,Off,Off,ME Statewide,Group Call,3123,KC1JMH / Brad Brown,Always,Carrier,Off,1,1,1,Off,7,1,None,None,Off,Off,Off,Off,Normal Encryption,Off,Off,Off,Off,251.1,1,Off,On,Off,Off,Off,Off,1,0,Off,0,2,0,0,0,0,0,0,0,0,0,7
ch01694,WKFNH NE Wide,145.28000,144.68000,D-Digital,High,12.5K,Off,Off,New England-Wide,Group Call,3181,KC1JMH / Brad Brown,Always,Carrier,Off,1,1,1,Off,7,2,None,None,Off,Off,Off,Off,Normal Encryption,Off,Off,Off,Off,251.1,1,Off,On,Off,Off,Off,Off,1,0,Off,0,2,0,0,0,0,0,0,0,0,0,7
ch01695,WKFNH NETAC1,145.28000,144.68000,D-Digital,High,12.5K,Off,Off,NETAC1,Group Call,8801,KC1JMH / Brad Brown,Always,Carrier,Off,1,1,1,Off,7,1,None,None,Off,Off,Off,Off,Normal Encryption,Off,Off,Off,Off,251.1,1,Off,On,Off,Off,Off,Off,1,0,Off,0,2,0,0,0,0,0,0,0,0,0,7
ch01696,WKFNH NETAC2,145.28000,144.68000,D-Digital,High,12.5K,Off,Off,NETAC2,Group Call,8802,KC1JMH / Brad Brown,Always,Carrier,Off,1,1,1,Off,7,2,None,None,Off,Off,Off,Off,Normal Encryption,Off,Off,Off,Off,251.1,1,Off,On,Off,Off,Off,Off,1,0,Off,0,2,0,0,0,0,0,0,0,0,0,7
ch01697,WKFNH NH SW,145.28000,144.68000,D-Digital,High,12.5K,Off,Off,NH Statewide,Group Call,3133,KC1JMH / Brad Brown,Always,Carrier,Off,1,1,1,Off,7,2,None,None,Off,Off,Off,Off,Normal Encryption,Off,Off,Off,Off,251.1,1,Off,On,Off,Off,Off,Off,1,0,Off,0,2,0,0,0,0,0,0,0,0,0,7
ch01698,WKFNH North Am,145.28000,144.68000,D-Digital,High,12.5K,Off,Off,North America,Group Call,3,KC1JMH / Brad Brown,Always,Carrier,Off,1,1,1,Off,7,1,None,None,Off,Off,Off,Off,Normal Encryption,Off,Off,Off,Off,251.1,1,Off,On,Off,Off,Off,Off,1,0,Off,0,2,0,0,0,0,0,0,0,0,0,7
ch01699,WKFNH Northeast,145.28000,144.68000,D-Digital,High,12.5K,Off,Off,Northeast,Group Call,3172,KC1JMH / Brad Brown,Always,Carrier,Off,1,1,1,Off,7,1,None,None,Off,Off,Off,Off,Normal Encryption,Off,Off,Off,Off,251.1,1,Off,On,Off,Off,Off,Off,1,0,Off,0,2,0,0,0,0,0,0,0,0,0,7
ch01700,WKFNH Parrot,145.28000,144.68000,D-Digital,High,12.5K,Off,Off,Parrot,Group Call,9998,KC1JMH / Brad Brown,Always,Carrier,Off,1,1,1,Off,7,1,None,None,Off,Off,Off,Off,Normal Encryption,Off,Off,Off,Off,251.1,1,Off,On,Off,Off,Off,Off,1,0,Off,0,2,0,0,0,0,0,0,0,0,0,7
ch01701,WKFNH Audio,145.28000,144.68000,D-Digital,High,12.5K,Off,Off,Audio Watch,Group Call,9999,KC1JMH / Brad Brown,Always,Carrier,Off,1,1,1,Off,7,1,None,None,Off,Off,Off,Off,Normal Encryption,Off,Off,Off,Off,251.1,1,Off,On,Off,Off,Off,Off,1,0,Off,0,2,0,0,0,0,0,0,0,0,0,7
ch01702,WKFNH CT SW,145.28000,144.68000,D-Digital,High,12.5K,Off,Off,CT Statewide,Group Call,3109,KC1JMH / Brad Brown,Always,Carrier,Off,1,1,1,Off,7,1,None,None,Off,Off,Off,Off,Normal Encryption,Off,Off,Off,Off,251.1,1,Off,On,Off,Off,Off,Off,1,0,Off,0,2,0,0,0,0,0,0,0,0,0,7
ch01703,WKFNH MA SW,145.28000,144.68000,D-Digital,High,12.5K,Off,Off,MA Statewide,Group Call,3125,KC1JMH / Brad Brown,Always,Carrier,Off,1,1,1,Off,7,1,None,None,Off,Off,Off,Off,Normal Encryption,Off,Off,Off,Off,251.1,1,Off,On,Off,Off,Off,Off,1,0,Off,0,2,0,0,0,0,0,0,0,0,0,7
ch01704,WKFNH RI SW,145.28000,144.68000,D-Digital,High,12.5K,Off,Off,RI Statewide,Group Call,3144,KC1JMH / Brad Brown,Always,Carrier,Off,1,1,1,Off,7,1,None,None,Off,Off,Off,Off,Normal Encryption,Off,Off,Off,Off,251.1,1,Off,On,Off,Off,Off,Off,1,0,Off,0,2,0,0,0,0,0,0,0,0,0,7
ch01705,WKFNH VT SW,145.28000,144.68000,D-Digital,High,12.5K,Off,Off,VT Statewide,Group Call,3150,KC1JMH / Brad Brown,Always,Carrier,Off,1,1,1,Off,7,1,None,None,Off,Off,Off,Off,Normal Encryption,Off,Off,Off,Off,251.1,1,Off,On,Off,Off,Off,Off,1,0,Off,0,2,0,0,0,0,0,0,0,0,0,7
ch01706,WKFNH Reg North,145.28000,144.68000,D-Digital,High,12.5K,Off,Off,Region North,Group Call,8,KC1JMH / Brad Brown,Always,Carrier,Off,1,1,1,Off,7,2,None,None,Off,Off,Off,Off,Normal Encryption,Off,Off,Off,Off,251.1,1,Off,On,Off,Off,Off,Off,1,0,Off,0,2,0,0,0,0,0,0,0,0,0,7
ch01707,WKFNH SKYWARN,145.28000,144.68000,D-Digital,High,12.5K,Off,Off,SKYWARN,Group Call,759,KC1JMH / Brad Brown,Always,Carrier,Off,1,1,1,Off,7,1,None,None,Off,Off,Off,Off,Normal Encryption,Off,Off,Off,Off,251.1,1,Off,On,Off,Off,Off,Off,1,0,Off,0,2,0,0,0,0,0,0,0,0,0,7
ch01708,WKFNH TAC310,145.28000,144.68000,D-Digital,High,12.5K,Off,Off,TAC310,Group Call,310,KC1JMH / Brad Brown,Always,Carrier,Off,1,1,1,Off,7,1,None,None,Off,Off,Off,Off,Normal Encryption,Off,Off,Off,Off,251.1,1,Off,On,Off,Off,Off,Off,1,0,Off,0,2,0,0,0,0,0,0,0,0,0,7
ch01709,WKFNH TAC311,145.28000,144.68000,D-Digital,High,12.5K,Off,Off,TAC311,Group Call,311,KC1JMH / Brad Brown,Always,Carrier,Off,1,1,1,Off,7,1,None,None,Off,Off,Off,Off,Normal Encryption,Off,Off,Off,Off,251.1,1,Off,On,Off,Off,Off,Off,1,0,Off,0,2,0,0,0,0,0,0,0,0,0,7
ch01710,WKFNH UA Eng1,145.28000,144.68000,D-Digital,High,12.5K,Off,Off,UA English 1-113,Group Call,113,KC1JMH / Brad Brown,Always,Carrier,Off,1,1,1,Off,7,1,None,None,Off,Off,Off,Off,Normal Encryption,Off,Off,Off,Off,251.1,1,Off,On,Off,Off,Off,Off,1,0,Off,0,2,0,0,0,0,0,0,0,0,0,7
ch01711,WKFNH UA Eng2,145.28000,144.68000,D-Digital,High,12.5K,Off,Off,UA English 2-123,Group Call,123,KC1JMH / Brad Brown,Always,Carrier,Off,1,1,1,Off,7,1,None,None,Off,Off,Off,Off,Normal Encryption,Off,Off,Off,Off,251.1,1,Off,On,Off,Off,Off,Off,1,0,Off,0,2,0,0,0,0,0,0,0,0,0,7
ch01712,WKFNH WW,145.28000,144.68000,D-Digital,High,12.5K,Off,Off,WW Call,Group Call,1,KC1JMH / Brad Brown,Always,Carrier,Off,1,1,1,Off,7,1,None,None,Off,Off,Off,Off,Normal Encryption,Off,Off,Off,Off,251.1,1,Off,On,Off,Off,Off,Off,1,0,Off,0,2,0,0,0,0,0,0,0,0,0,7
ch01713,WKFNH WW Eng,145.28000,144.68000,D-Digital,High,12.5K,Off,Off,WW English,Group Call,13,KC1JMH / Brad Brown,Always,Carrier,Off,1,1,1,Off,7,1,None,None,Off,Off,Off,Off,Normal Encryption,Off,Off,Off,Off,251.1,1,Off,On,Off,Off,Off,Off,1,0,Off,0,2,0,0,0,0,0,0,0,0,0,7
ch01714,WOSNH Local,147.07500,147.67500,D-Digital,High,12.5K,Off,Off,Local,Group Call,9,KC1JMH / Brad Brown,Always,Carrier,Off,1,1,1,Off,6,2,None,None,Off,Off,Off,Off,Normal Encryption,Off,Off,Off,Off,251.1,1,Off,On,Off,Off,Off,Off,1,0,Off,0,2,0,0,0,0,0,0,0,0,0,6
ch01715,WOSNH ME SW,147.07500,147.67500,D-Digital,High,12.5K,Off,Off,ME Statewide,Group Call,3123,KC1JMH / Brad Brown,Always,Carrier,Off,1,1,1,Off,6,1,None,None,Off,Off,Off,Off,Normal Encryption,Off,Off,Off,Off,251.1,1,Off,On,Off,Off,Off,Off,1,0,Off,0,2,0,0,0,0,0,0,0,0,0,6
ch01716,WOSNH NE Wide,147.07500,147.67500,D-Digital,High,12.5K,Off,Off,New England-Wide,Group Call,3181,KC1JMH / Brad Brown,Always,Carrier,Off,1,1,1,Off,6,2,None,None,Off,Off,Off,Off,Normal Encryption,Off,Off,Off,Off,251.1,1,Off,On,Off,Off,Off,Off,1,0,Off,0,2,0,0,0,0,0,0,0,0,0,6
ch01717,WOSNH NETAC1,147.07500,147.67500,D-Digital,High,12.5K,Off,Off,NETAC1,Group Call,8801,KC1JMH / Brad Brown,Always,Carrier,Off,1,1,1,Off,6,1,None,None,Off,Off,Off,Off,Normal Encryption,Off,Off,Off,Off,251.1,1,Off,On,Off,Off,Off,Off,1,0,Off,0,2,0,0,0,0,0,0,0,0,0,6
ch01718,WOSNH NETAC2,147.07500,147.67500,D-Digital,High,12.5K,Off,Off,NETAC2,Group Call,8802,KC1JMH / Brad Brown,Always,Carrier,Off,1,1,1,Off,6,2,None,None,Off,Off,Off,Off,Normal Encryption,Off,Off,Off,Off,251.1,1,Off,On,Off,Off,Off,Off,1,0,Off,0,2,0,0,0,0,0,0,0,0,0,6
ch01719,WOSNH NH SW,147.07500,147.67500,D-Digital,High,12.5K,Off,Off,NH Statewide,Group Call,3133,KC1JMH / Brad Brown,Always,Carrier,Off,1,1,1,Off,6,2,None,None,Off,Off,Off,Off,Normal Encryption,Off,Off,Off,Off,251.1,1,Off,On,Off,Off,Off,Off,1,0,Off,0,2,0,0,0,0,0,0,0,0,0,6
ch01720,WOSNH North Am,147.07500,147.67500,D-Digital,High,12.5K,Off,Off,North America,Group Call,3,KC1JMH / Brad Brown,Always,Carrier,Off,1,1,1,Off,6,1,None,None,Off,Off,Off,Off,Normal Encryption,Off,Off,Off,Off,251.1,1,Off,On,Off,Off,Off,Off,1,0,Off,0,2,0,0,0,0,0,0,0,0,0,6
ch01721,WOSNH Northeast,147.07500,147.67500,D-Digital,High,12.5K,Off,Off,Northeast,Group Call,3172,KC1JMH / Brad Brown,Always,Carrier,Off,1,1,1,Off,6,1,None,None,Off,Off,Off,Off,Normal Encryption,Off,Off,Off,Off,251.1,1,Off,On,Off,Off,Off,Off,1,0,Off,0,2,0,0,0,0,0,0,0,0,0,6
ch01722,WOSNH Parrot,147.07500,147.67500,D-Digital,High,12.5K,Off,Off,Parrot,Group Call,9998,KC1JMH / Brad Brown,Always,Carrier,Off,1,1,1,Off,6,1,None,None,Off,Off,Off,Off,Normal Encryption,Off,Off,Off,Off,251.1,1,Off,On,Off,Off,Off,Off,1,0,Off,0,2,0,0,0,0,0,0,0,0,0,6
ch01723,WOSNH Audio,147.07500,147.67500,D-Digital,High,12.5K,Off,Off,Audio Watch,Group Call,9999,KC1JMH / Brad Brown,Always,Carrier,Off,1,1,1,Off,6,1,None,None,Off,Off,Off,Off,Normal Encryption,Off,Off,Off,Off,251.1,1,Off,On,Off,Off,Off,Off,1,0,Off,0,2,0,0,0,0,0,0,0,0,0,6
ch01724,WOSNH CT SW,147.07500,147.67500,D-Digital,High,12.5K,Off,Off,CT Statewide,Group Call,3109,KC1JMH / Brad Brown,Always,Carrier,Off,1,1,1,Off,6,1,None,None,Off,Off,Off,Off,Normal Encryption,Off,Off,Off,Off,251.1,1,Off,On,Off,Off,Off,Off,1,0,Off,0,2,0,0,0,0,0,0,0,0,0,6
ch01725,WOSNH MA SW,147.07500,147.67500,D-Digital,High,12.5K,Off,Off,MA Statewide,Group Call,3125,KC1JMH / Brad Brown,Always,Carrier,Off,1,1,1,Off,6,1,None,None,Off,Off,Off,Off,Normal Encryption,Off,Off,Off,Off,251.1,1,Off,On,Off,Off,Off,Off,1,0,Off,0,2,0,0,0,0,0,0,0,0,0,6
ch01726,WOSNH RI SW,147.07500,147.67500,D-Digital,High,12.5K,Off,Off,RI Statewide,Group Call,3144,KC1JMH / Brad Brown,Always,Carrier,Off,1,1,1,Off,6,1,None,None,Off,Off,Off,Off,Normal Encryption,Off,Off,Off,Off,251.1,1,Off,On,Off,Off,Off,Off,1,0,Off,0,2,0,0,0,0,0,0,0,0,0,6
ch01727,WOSNH VT SW,147.07500,147.67500,D-Digital,High,12.5K,Off,Off,VT Statewide,Group Call,3150,KC1JMH / Brad Brown,Always,Carrier,Off,1,1,1,Off,6,1,None,None,Off,Off,Off,Off,Normal Encryption,Off,Off,Off,Off,251.1,1,Off,On,Off,Off,Off,Off,1,0,Off,0,2,0,0,0,0,0,0,0,0,0,6
ch01728,WOSNH Reg North,147.07500,147.67500,D-Digital,High,12.5K,Off,Off,Region North,Group Call,8,KC1JMH / Brad Brown,Always,Carrier,Off,1,1,1,Off,6,2,None,None,Off,Off,Off,Off,Normal Encryption,Off,Off,Off,Off,251.1,1,Off,On,Off,Off,Off,Off,1,0,Off,0,2,0,0,0,0,0,0,0,0,0,6
ch01729,WOSNH SKYWARN,147.07500,147.67500,D-Digital,High,12.5K,Off,Off,SKYWARN,Group Call,759,KC1JMH / Brad Brown,Always,Carrier,Off,1,1,1,Off,6,1,None,None,Off,Off,Off,Off,Normal Encryption,Off,Off,Off,Off,251.1,1,Off,On,Off,Off,Off,Off,1,0,Off,0,2,0,0,0,0,0,0,0,0,0,6
ch01730,WOSNH TAC310,147.07500,147.67500,D-Digital,High,12.5K,Off,Off,TAC310,Group Call,310,KC1JMH / Brad Brown,Always,Carrier,Off,1,1,1,Off,6,1,None,None,Off,Off,Off,Off,Normal Encryption,Off,Off,Off,Off,251.1,1,Off,On,Off,Off,Off,Off,1,0,Off,0,2,0,0,0,0,0,0,0,0,0,6
ch01731,WOSNH TAC311,147.07500,147.67500,D-Digital,High,12.5K,Off,Off,TAC311,Group Call,311,KC1JMH / Brad Brown,Always,Carrier,Off,1,1,1,Off,6,1,None,None,Off,Off,Off,Off,Normal Encryption,Off,Off,Off,Off,251.1,1,Off,On,Off,Off,Off,Off,1,0,Off,0,2,0,0,0,0,0,0,0,0,0,6
ch01732,WOSNH UA Eng1,147.07500,147.67500,D-Digital,High,12.5K,Off,Off,UA English 1-113,Group Call,113,KC1JMH / Brad Brown,Always,Carrier,Off,1,1,1,Off,6,1,None,None,Off,Off,Off,Off,Normal Encryption,Off,Off,Off,Off,251.1,1,Off,On,Off,Off,Off,Off,1,0,Off,0,2,0,0,0,0,0,0,0,0,0,6
ch01733,WOSNH UA Eng2,147.07500,147.67500,D-Digital,High,12.5K,Off,Off,UA English 2-123,Group Call,123,KC1JMH / Brad Brown,Always,Carrier,Off,1,1,1,Off,6,1,None,None,Off,Off,Off,Off,Normal Encryption,Off,Off,Off,Off,251.1,1,Off,On,Off,Off,Off,Off,1,0,Off,0,2,0,0,0,0,0,0,0,0,0,6
ch01734,WOSNH WW,147.07500,147.67500,D-Digital,High,12.5K,Off,Off,WW Call,Group Call,1,KC1JMH / Brad Brown,Always,Carrier,Off,1,1,1,Off,6,1,None,None,Off,Off,Off,Off,Normal Encryption,Off,Off,Off,Off,251.1,1,Off,On,Off,Off,Off,Off,1,0,Off,0,2,0,0,0,0,0,0,0,0,0,6
ch01735,WOSNH WW Eng,147.07500,147.67500,D-Digital,High,12.5K,Off,Off,WW English,Group Call,13,KC1JMH / Brad Brown,Always,Carrier,Off,1,1,1,Off,6,1,None,None,Off,Off,Off,Off,Normal Encryption,Off,Off,Off,Off,251.1,1,Off,On,Off,Off,Off,Off,1,0,Off,0,2,0,0,0,0,0,0,0,0,0,6
ch01736,MTBNY CT SW,441.01875,446.01875,D-Digital,High,12.5K,Off,Off,CT Statewide,Group Call,3109,KC1JMH / Brad Brown,Always,Carrier,Off,1,1,1,Off,10,1,None,None,Off,Off,Off,Off,Normal Encryption,Off,Off,Off,Off,251.1,1,Off,On,Off,Off,Off,Off,1,0,Off,0,2,0,0,0,0,0,0,0,0,0,10
ch01737,MTBNY Local,441.01875,446.01875,D-Digital,High,12.5K,Off,Off,Local,Group Call,9,KC1JMH / Brad Brown,Always,Carrier,Off,1,1,1,Off,10,2,None,None,Off,Off,Off,Off,Normal Encryption,Off,Off,Off,Off,251.1,1,Off,On,Off,Off,Off,Off,1,0,Off,0,2,0,0,0,0,0,0,0,0,0,10
ch01738,MTBNY NE Wide,441.01875,446.01875,D-Digital,High,12.5K,Off,Off,New England-Wide,Group Call,3181,KC1JMH / Brad Brown,Always,Carrier,Off,1,1,1,Off,10,2,None,None,Off,Off,Off,Off,Normal Encryption,Off,Off,Off,Off,251.1,1,Off,On,Off,Off,Off,Off,1,0,Off,0,2,0,0,0,0,0,0,0,0,0,10
ch01739,MTBNY NETAC1,441.01875,446.01875,D-Digital,High,12.5K,Off,Off,NETAC1,Group Call,8801,KC1JMH / Brad Brown,Always,Carrier,Off,1,1,1,Off,10,1,None,None,Off,Off,Off,Off,Normal Encryption,Off,Off,Off,Off,251.1,1,Off,On,Off,Off,Off,Off,1,0,Off,0,2,0,0,0,0,0,0,0,0,0,10
ch01740,MTBNY NETAC2,441.01875,446.01875,D-Digital,High,12.5K,Off,Off,NETAC2,Group Call,8802,KC1JMH / Brad Brown,Always,Carrier,Off,1,1,1,Off,10,2,None,None,Off,Off,Off,Off,Normal Encryption,Off,Off,Off,Off,251.1,1,Off,On,Off,Off,Off,Off,1,0,Off,0,2,0,0,0,0,0,0,0,0,0,10
ch01741,MTBNY NY SW,441.01875,446.01875,D-Digital,High,12.5K,Off,Off,NY Statewide,Group Call,3136,KC1JMH / Brad Brown,Always,Carrier,Off,1,1,1,Off,10,2,None,None,Off,Off,Off,Off,Normal Encryption,Off,Off,Off,Off,251.1,1,Off,On,Off,Off,Off,Off,1,0,Off,0,2,0,0,0,0,0,0,0,0,0,10
ch01742,MTBNY North Am,441.01875,446.01875,D-Digital,High,12.5K,Off,Off,North America,Group Call,3,KC1JMH / Brad Brown,Always,Carrier,Off,1,1,1,Off,10,1,None,None,Off,Off,Off,Off,Normal Encryption,Off,Off,Off,Off,251.1,1,Off,On,Off,Off,Off,Off,1,0,Off,0,2,0,0,0,0,0,0,0,0,0,10
ch01743,MTBNY Northeast,441.01875,446.01875,D-Digital,High,12.5K,Off,Off,Northeast,Group Call,3172,KC1JMH / Brad Brown,Always,Carrier,Off,1,1,1,Off,10,1,None,None,Off,Off,Off,Off,Normal Encryption,Off,Off,Off,Off,251.1,1,Off,On,Off,Off,Off,Off,1,0,Off,0,2,0,0,0,0,0,0,0,0,0,10
ch01744,MTBNY Parrot,441.01875,446.01875,D-Digital,High,12.5K,Off,Off,Parrot,Group Call,9998,KC1JMH / Brad Brown,Always,Carrier,Off,1,1,1,Off,10,2,None,None,Off,Off,Off,Off,Normal Encryption,Off,Off,Off,Off,251.1,1,Off,On,Off,Off,Off,Off,1,0,Off,0,2,0,0,0,0,0,0,0,0,0,10
ch01745,MTBNY SKYWARN,441.01875,446.01875,D-Digital,High,12.5K,Off,Off,SKYWARN,Group Call,759,KC1JMH / Brad Brown,Always,Carrier,Off,1,1,1,Off,10,1,None,None,Off,Off,Off,Off,Normal Encryption,Off,Off,Off,Off,251.1,1,Off,On,Off,Off,Off,Off,1,0,Off,0,2,0,0,0,0,0,0,0,0,0,10
ch01746,MTBNY TAC310,441.01875,446.01875,D-Digital,High,12.5K,Off,Off,TAC310,Group Call,310,KC1JMH / Brad Brown,Always,Carrier,Off,1,1,1,Off,10,1,None,None,Off,Off,Off,Off,Normal Encryption,Off,Off,Off,Off,251.1,1,Off,On,Off,Off,Off,Off,1,0,Off,0,2,0,0,0,0,0,0,0,0,0,10
ch01747,MTBNY TAC311,441.01875,446.01875,D-Digital,High,12.5K,Off,Off,TAC311,Group Call,311,KC1JMH / Brad Brown,Always,Carrier,Off,1,1,1,Off,10,2,None,None,Off,Off,Off,Off,Normal Encryption,Off,Off,Off,Off,251.1,1,Off,On,Off,Off,Off,Off,1,0,Off,0,2,0,0,0,0,0,0,0,0,0,10
ch01748,MTBNY WW,441.01875,446.01875,D-Digital,High,12.5K,Off,Off,WW Call,Group Call,1,KC1JMH / Brad Brown,Always,Carrier,Off,1,1,1,Off,10,1,None,None,Off,Off,Off,Off,Normal Encryption,Off,Off,Off,Off,251.1,1,Off,On,Off,Off,Off,Off,1,0,Off,0,2,0,0,0,0,0,0,0,0,0,10
ch01749,MTBNY WW Eng,441.01875,446.01875,D-Digital,High,12.5K,Off,Off,WW English,Group Call,13,KC1JMH / Brad Brown,Always,Carrier,Off,1,1,1,Off,10,1,None,None,Off,Off,Off,Off,Normal Encryption,Off,Off,Off,Off,251.1,1,Off,On,Off,Off,Off,Off,1,0,Off,0,2,0,0,0,0,0,0,0,0,0,10
ch01750,MTKNY CT SW,443.20000,448.20000,D-Digital,High,12.5K,Off,Off,CT Statewide,Group Call,3109,KC1JMH / Brad Brown,Always,Carrier,Off,1,1,1,Off,1,2,None,None,Off,Off,Off,Off,Normal Encryption,Off,Off,Off,Off,251.1,1,Off,On,Off,Off,Off,Off,1,0,Off,0,2,0,0,0,0,0,0,0,0,0,1
ch01751,MTUNY Audio,449.67500,444.67500,D-Digital,Turbo,12.5K,Off,Off,Audio Watch,Group Call,9999,KC1JMH / Brad Brown,Always,Carrier,Off,1,1,1,Off,1,1,None,None,Off,Off,Off,Off,Normal Encryption,Off,Off,Off,Off,251.1,1,Off,Off,Off,Off,Off,Off,1,0,Off,0,2,0,0,0,0,0,0,0,0,0,1
ch01752,MTUNY CT SW,449.67500,444.67500,D-Digital,Turbo,12.5K,Off,Off,CT Statewide,Group Call,3109,KC1JMH / Brad Brown,Always,Carrier,Off,1,1,1,Off,1,2,None,None,Off,Off,Off,Off,Normal Encryption,Off,Off,Off,Off,251.1,1,Off,Off,Off,Off,Off,Off,1,0,Off,0,2,0,0,0,0,0,0,0,0,0,1
ch01753,MTUNY Local,449.67500,444.67500,D-Digital,Turbo,12.5K,Off,Off,Local,Group Call,9,KC1JMH / Brad Brown,Always,Carrier,Off,1,1,1,Off,1,2,None,None,Off,Off,Off,Off,Normal Encryption,Off,Off,Off,Off,251.1,1,Off,Off,Off,Off,Off,Off,1,0,Off,0,2,0,0,0,0,0,0,0,0,0,1
ch01754,MTUNY NETAC1,449.67500,444.67500,D-Digital,Turbo,12.5K,Off,Off,NETAC1,Group Call,8801,KC1JMH / Brad Brown,Always,Carrier,Off,1,1,1,Off,1,1,None,None,Off,Off,Off,Off,Normal Encryption,Off,Off,Off,Off,251.1,1,Off,Off,Off,Off,Off,Off,1,0,Off,0,2,0,0,0,0,0,0,0,0,0,1
ch01755,MTUNY NETAC2,449.67500,444.67500,D-Digital,Turbo,12.5K,Off,Off,NETAC2,Group Call,8802,KC1JMH / Brad Brown,Always,Carrier,Off,1,1,1,Off,1,2,None,None,Off,Off,Off,Off,Normal Encryption,Off,Off,Off,Off,251.1,1,Off,Off,Off,Off,Off,Off,1,0,Off,0,2,0,0,0,0,0,0,0,0,0,1
ch01756,MTUNY North Am,449.67500,444.67500,D-Digital,Turbo,12.5K,Off,Off,North America,Group Call,3,KC1JMH / Brad Brown,Always,Carrier,Off,1,1,1,Off,1,1,None,None,Off,Off,Off,Off,Normal Encryption,Off,Off,Off,Off,251.1,1,Off,Off,Off,Off,Off,Off,1,0,Off,0,2,0,0,0,0,0,0,0,0,0,1
ch01757,MTUNY Northeast,449.67500,444.67500,D-Digital,Turbo,12.5K,Off,Off,Northeast,Group Call,3172,KC1JMH / Brad Brown,Always,Carrier,Off,1,1,1,Off,1,1,None,None,Off,Off,Off,Off,Normal Encryption,Off,Off,Off,Off,251.1,1,Off,Off,Off,Off,Off,Off,1,0,Off,0,2,0,0,0,0,0,0,0,0,0,1
ch01758,MTUNY NY SW,449.67500,444.67500,D-Digital,Turbo,12.5K,Off,Off,NY Statewide,Group Call,3136,KC1JMH / Brad Brown,Always,Carrier,Off,1,1,1,Off,1,1,None,None,Off,Off,Off,Off,Normal Encryption,Off,Off,Off,Off,251.1,1,Off,Off,Off,Off,Off,Off,1,0,Off,0,2,0,0,0,0,0,0,0,0,0,1
ch01759,MTUNY Parrot,449.67500,444.67500,D-Digital,Turbo,12.5K,Off,Off,Parrot,Group Call,9998,KC1JMH / Brad Brown,Always,Carrier,Off,1,1,1,Off,1,1,None,None,Off,Off,Off,Off,Normal Encryption,Off,Off,Off,Off,251.1,1,Off,Off,Off,Off,Off,Off,1,0,Off,0,2,0,0,0,0,0,0,0,0,0,1
ch01760,MTUNY SKYWARN,449.67500,444.67500,D-Digital,Turbo,12.5K,Off,Off,SKYWARN,Group Call,759,KC1JMH / Brad Brown,Always,Carrier,Off,1,1,1,Off,1,1,None,None,Off,Off,Off,Off,Normal Encryption,Off,Off,Off,Off,251.1,1,Off,Off,Off,Off,Off,Off,1,0,Off,0,2,0,0,0,0,0,0,0,0,0,1
ch01761,MTUNY TAC310,449.67500,444.67500,D-Digital,Turbo,12.5K,Off,Off,TAC310,Group Call,310,KC1JMH / Brad Brown,Always,Carrier,Off,1,1,1,Off,1,1,None,None,Off,Off,Off,Off,Normal Encryption,Off,Off,Off,Off,251.1,1,Off,Off,Off,Off,Off,Off,1,0,Off,0,2,0,0,0,0,0,0,0,0,0,1
ch01762,MTUNY TAC311,449.67500,444.67500,D-Digital,Turbo,12.5K,Off,Off,TAC311,Group Call,311,KC1JMH / Brad Brown,Always,Carrier,Off,1,1,1,Off,1,1,None,None,Off,Off,Off,Off,Normal Encryption,Off,Off,Off,Off,251.1,1,Off,Off,Off,Off,Off,Off,1,0,Off,0,2,0,0,0,0,0,0,0,0,0,1
ch01763,MTUNY WW,449.67500,444.67500,D-Digital,Turbo,12.5K,Off,Off,WW Call,Group Call,1,KC1JMH / Brad Brown,Always,Carrier,Off,1,1,1,Off,1,2,None,None,Off,Off,Off,Off,Normal Encryption,Off,Off,Off,Off,251.1,1,Off,Off,Off,Off,Off,Off,1,0,Off,0,2,0,0,0,0,0,0,0,0,0,1
ch01764,MTKNY Local,443.20000,448.20000,D-Digital,High,12.5K,Off,Off,Local,Group Call,9,KC1JMH / Brad Brown,Always,Carrier,Off,1,1,1,Off,1,2,None,None,Off,Off,Off,Off,Normal Encryption,Off,Off,Off,Off,251.1,1,Off,On,Off,Off,Off,Off,1,0,Off,0,2,0,0,0,0,0,0,0,0,0,1
ch01765,MTKNY NE Wide,443.20000,448.20000,D-Digital,High,12.5K,Off,Off,New England-Wide,Group Call,3181,KC1JMH / Brad Brown,Always,Carrier,Off,1,1,1,Off,1,2,None,None,Off,Off,Off,Off,Normal Encryption,Off,Off,Off,Off,251.1,1,Off,On,Off,Off,Off,Off,1,0,Off,0,2,0,0,0,0,0,0,0,0,0,1
ch01766,MTKNY NETAC1,443.20000,448.20000,D-Digital,High,12.5K,Off,Off,NETAC1,Group Call,8801,KC1JMH / Brad Brown,Always,Carrier,Off,1,1,1,Off,1,1,None,None,Off,Off,Off,Off,Normal Encryption,Off,Off,Off,Off,251.1,1,Off,On,Off,Off,Off,Off,1,0,Off,0,2,0,0,0,0,0,0,0,0,0,1
ch01767,MTKNY NETAC2,443.20000,448.20000,D-Digital,High,12.5K,Off,Off,NETAC2,Group Call,8802,KC1JMH / Brad Brown,Always,Carrier,Off,1,1,1,Off,1,2,None,None,Off,Off,Off,Off,Normal Encryption,Off,Off,Off,Off,251.1,1,Off,On,Off,Off,Off,Off,1,0,Off,0,2,0,0,0,0,0,0,0,0,0,1
ch01768,MTKNY NY SW,443.20000,448.20000,D-Digital,High,12.5K,Off,Off,NY Statewide,Group Call,3136,KC1JMH / Brad Brown,Always,Carrier,Off,1,1,1,Off,1,1,None,None,Off,Off,Off,Off,Normal Encryption,Off,Off,Off,Off,251.1,1,Off,On,Off,Off,Off,Off,1,0,Off,0,2,0,0,0,0,0,0,0,0,0,1
ch01769,MTKNY North Am,443.20000,448.20000,D-Digital,High,12.5K,Off,Off,North America,Group Call,3,KC1JMH / Brad Brown,Always,Carrier,Off,1,1,1,Off,1,1,None,None,Off,Off,Off,Off,Normal Encryption,Off,Off,Off,Off,251.1,1,Off,On,Off,Off,Off,Off,1,0,Off,0,2,0,0,0,0,0,0,0,0,0,1
ch01770,MTKNY Northeast,443.20000,448.20000,D-Digital,High,12.5K,Off,Off,Northeast,Group Call,3172,KC1JMH / Brad Brown,Always,Carrier,Off,1,1,1,Off,1,1,None,None,Off,Off,Off,Off,Normal Encryption,Off,Off,Off,Off,251.1,1,Off,On,Off,Off,Off,Off,1,0,Off,0,2,0,0,0,0,0,0,0,0,0,1
ch01771,MTKNY Parrot,443.20000,448.20000,D-Digital,High,12.5K,Off,Off,Parrot,Group Call,9998,KC1JMH / Brad Brown,Always,Carrier,Off,1,1,1,Off,1,1,None,None,Off,Off,Off,Off,Normal Encryption,Off,Off,Off,Off,251.1,1,Off,On,Off,Off,Off,Off,1,0,Off,0,2,0,0,0,0,0,0,0,0,0,1
ch01772,MTKNY Audio,443.20000,448.20000,D-Digital,High,12.5K,Off,Off,Audio Watch,Group Call,9999,KC1JMH / Brad Brown,Always,Carrier,Off,1,1,1,Off,1,1,None,None,Off,Off,Off,Off,Normal Encryption,Off,Off,Off,Off,251.1,1,Off,On,Off,Off,Off,Off,1,0,Off,0,2,0,0,0,0,0,0,0,0,0,1
ch01773,MTKNY TAC316,443.20000,448.20000,D-Digital,High,12.5K,Off,Off,TAC316,Group Call,316,KC1JMH / Brad Brown,Always,Carrier,Off,1,1,1,Off,1,1,None,None,Off,Off,Off,Off,Normal Encryption,Off,Off,Off,Off,251.1,1,Off,On,Off,Off,Off,Off,1,0,Off,0,2,0,0,0,0,0,0,0,0,0,1
ch01774,MTKNY SKYWARN,443.20000,448.20000,D-Digital,High,12.5K,Off,Off,SKYWARN,Group Call,759,KC1JMH / Brad Brown,Always,Carrier,Off,1,1,1,Off,1,1,None,None,Off,Off,Off,Off,Normal Encryption,Off,Off,Off,Off,251.1,1,Off,On,Off,Off,Off,Off,1,0,Off,0,2,0,0,0,0,0,0,0,0,0,1
ch01775,MTKNY TAC310,443.20000,448.20000,D-Digital,High,12.5K,Off,Off,TAC310,Group Call,310,KC1JMH / Brad Brown,Always,Carrier,Off,1,1,1,Off,1,1,None,None,Off,Off,Off,Off,Normal Encryption,Off,Off,Off,Off,251.1,1,Off,On,Off,Off,Off,Off,1,0,Off,0,2,0,0,0,0,0,0,0,0,0,1
ch01776,MTKNY TAC311,443.20000,448.20000,D-Digital,High,12.5K,Off,Off,TAC311,Group Call,311,KC1JMH / Brad Brown,Always,Carrier,Off,1,1,1,Off,1,1,None,None,Off,Off,Off,Off,Normal Encryption,Off,Off,Off,Off,251.1,1,Off,On,Off,Off,Off,Off,1,0,Off,0,2,0,0,0,0,0,0,0,0,0,1
ch01777,MTKNY WW,443.20000,448.20000,D-Digital,High,12.5K,Off,Off,WW Call,Group Call,1,KC1JMH / Brad Brown,Always,Carrier,Off,1,1,1,Off,1,1,None,None,Off,Off,Off,Off,Normal Encryption,Off,Off,Off,Off,251.1,1,Off,On,Off,Off,Off,Off,1,0,Off,0,2,0,0,0,0,0,0,0,0,0,1
ch01778,MTKNY WW Eng,443.20000,448.20000,D-Digital,High,12.5K,Off,Off,WW English,Group Call,13,KC1JMH / Brad Brown,Always,Carrier,Off,1,1,1,Off,1,1,None,None,Off,Off,Off,Off,Normal Encryption,Off,Off,Off,Off,251.1,1,Off,On,Off,Off,Off,Off,1,0,Off,0,2,0,0,0,0,0,0,0,0,0,1
ch01779,PECNY CT SW,449.97500,444.97500,D-Digital,High,12.5K,Off,Off,CT Statewide,Group Call,3109,KC1JMH / Brad Brown,Always,Carrier,Off,1,1,1,Off,1,2,None,None,Off,Off,Off,Off,Normal Encryption,Off,Off,Off,Off,251.1,1,Off,On,Off,Off,Off,Off,1,0,Off,0,2,0,0,0,0,0,0,0,0,0,1
ch01780,PECNY Local,449.97500,444.97500,D-Digital,High,12.5K,Off,Off,Local,Group Call,9,KC1JMH / Brad Brown,Always,Carrier,Off,1,1,1,Off,1,2,None,None,Off,Off,Off,Off,Normal Encryption,Off,Off,Off,Off,251.1,1,Off,On,Off,Off,Off,Off,1,0,Off,0,2,0,0,0,0,0,0,0,0,0,1
ch01781,PECNY NE Wide,449.97500,444.97500,D-Digital,High,12.5K,Off,Off,New England-Wide,Group Call,3181,KC1JMH / Brad Brown,Always,Carrier,Off,1,1,1,Off,1,2,None,None,Off,Off,Off,Off,Normal Encryption,Off,Off,Off,Off,251.1,1,Off,On,Off,Off,Off,Off,1,0,Off,0,2,0,0,0,0,0,0,0,0,0,1
ch01782,PECNY NETAC1,449.97500,444.97500,D-Digital,High,12.5K,Off,Off,NETAC1,Group Call,8801,KC1JMH / Brad Brown,Always,Carrier,Off,1,1,1,Off,1,1,None,None,Off,Off,Off,Off,Normal Encryption,Off,Off,Off,Off,251.1,1,Off,On,Off,Off,Off,Off,1,0,Off,0,2,0,0,0,0,0,0,0,0,0,1
ch01783,PECNY NETAC2,449.97500,444.97500,D-Digital,High,12.5K,Off,Off,NETAC2,Group Call,8802,KC1JMH / Brad Brown,Always,Carrier,Off,1,1,1,Off,1,2,None,None,Off,Off,Off,Off,Normal Encryption,Off,Off,Off,Off,251.1,1,Off,On,Off,Off,Off,Off,1,0,Off,0,2,0,0,0,0,0,0,0,0,0,1
ch01784,PECNY NY SW,449.97500,444.97500,D-Digital,High,12.5K,Off,Off,NY Statewide,Group Call,3136,KC1JMH / Brad Brown,Always,Carrier,Off,1,1,1,Off,1,1,None,None,Off,Off,Off,Off,Normal Encryption,Off,Off,Off,Off,251.1,1,Off,On,Off,Off,Off,Off,1,0,Off,0,2,0,0,0,0,0,0,0,0,0,1
ch01785,PECNY North Am,449.97500,444.97500,D-Digital,High,12.5K,Off,Off,North America,Group Call,3,KC1JMH / Brad Brown,Always,Carrier,Off,1,1,1,Off,1,1,None,None,Off,Off,Off,Off,Normal Encryption,Off,Off,Off,Off,251.1,1,Off,On,Off,Off,Off,Off,1,0,Off,0,2,0,0,0,0,0,0,0,0,0,1
ch01786,PECNY Northeast,449.97500,444.97500,D-Digital,High,12.5K,Off,Off,Northeast,Group Call,3172,KC1JMH / Brad Brown,Always,Carrier,Off,1,1,1,Off,1,1,None,None,Off,Off,Off,Off,Normal Encryption,Off,Off,Off,Off,251.1,1,Off,On,Off,Off,Off,Off,1,0,Off,0,2,0,0,0,0,0,0,0,0,0,1
ch01787,PECNY Parrot,449.97500,444.97500,D-Digital,High,12.5K,Off,Off,Parrot,Group Call,9998,KC1JMH / Brad Brown,Always,Carrier,Off,1,1,1,Off,1,1,None,None,Off,Off,Off,Off,Normal Encryption,Off,Off,Off,Off,251.1,1,Off,On,Off,Off,Off,Off,1,0,Off,0,2,0,0,0,0,0,0,0,0,0,1
ch01788,PECNY Audio,449.97500,444.97500,D-Digital,High,12.5K,Off,Off,Audio Watch,Group Call,9999,KC1JMH / Brad Brown,Always,Carrier,Off,1,1,1,Off,1,1,None,None,Off,Off,Off,Off,Normal Encryption,Off,Off,Off,Off,251.1,1,Off,On,Off,Off,Off,Off,1,0,Off,0,2,0,0,0,0,0,0,0,0,0,1
ch01789,RVHNY Audio,442.30000,447.30000,D-Digital,Turbo,12.5K,Off,Off,Audio Watch,Group Call,9999,KC1JMH / Brad Brown,Always,Carrier,Off,1,1,1,Off,1,1,None,None,Off,Off,Off,Off,Normal Encryption,Off,Off,Off,Off,251.1,1,Off,Off,Off,Off,Off,Off,1,0,Off,0,2,0,0,0,0,0,0,0,0,0,1
ch01790,RVHNY CT SW,442.30000,447.30000,D-Digital,Turbo,12.5K,Off,Off,CT Statewide,Group Call,3109,KC1JMH / Brad Brown,Always,Carrier,Off,1,1,1,Off,1,2,None,None,Off,Off,Off,Off,Normal Encryption,Off,Off,Off,Off,251.1,1,Off,Off,Off,Off,Off,Off,1,0,Off,0,2,0,0,0,0,0,0,0,0,0,1
ch01791,RVHNY Local,442.30000,447.30000,D-Digital,Turbo,12.5K,Off,Off,Local,Group Call,9,KC1JMH / Brad Brown,Always,Carrier,Off,1,1,1,Off,1,2,None,None,Off,Off,Off,Off,Normal Encryption,Off,Off,Off,Off,251.1,1,Off,Off,Off,Off,Off,Off,1,0,Off,0,2,0,0,0,0,0,0,0,0,0,1
ch01792,RVHNY NE Wide,442.30000,447.30000,D-Digital,Turbo,12.5K,Off,Off,New England-Wide,Group Call,3181,KC1JMH / Brad Brown,Always,Carrier,Off,1,1,1,Off,1,2,None,None,Off,Off,Off,Off,Normal Encryption,Off,Off,Off,Off,251.1,1,Off,Off,Off,Off,Off,Off,1,0,Off,0,2,0,0,0,0,0,0,0,0,0,1
ch01793,RVHNY NETAC1,442.30000,447.30000,D-Digital,Turbo,12.5K,Off,Off,NETAC1,Group Call,8801,KC1JMH / Brad Brown,Always,Carrier,Off,1,1,1,Off,1,1,None,None,Off,Off,Off,Off,Normal Encryption,Off,Off,Off,Off,251.1,1,Off,Off,Off,Off,Off,Off,1,0,Off,0,2,0,0,0,0,0,0,0,0,0,1
ch01794,RVHNY NETAC2,442.30000,447.30000,D-Digital,Turbo,12.5K,Off,Off,NETAC2,Group Call,8802,KC1JMH / Brad Brown,Always,Carrier,Off,1,1,1,Off,1,2,None,None,Off,Off,Off,Off,Normal Encryption,Off,Off,Off,Off,251.1,1,Off,Off,Off,Off,Off,Off,1,0,Off,0,2,0,0,0,0,0,0,0,0,0,1
ch01795,RVHNY North Am,442.30000,447.30000,D-Digital,Turbo,12.5K,Off,Off,North America,Group Call,3,KC1JMH / Brad Brown,Always,Carrier,Off,1,1,1,Off,1,1,None,None,Off,Off,Off,Off,Normal Encryption,Off,Off,Off,Off,251.1,1,Off,Off,Off,Off,Off,Off,1,0,Off,0,2,0,0,0,0,0,0,0,0,0,1
ch01796,RVHNY Northeast,442.30000,447.30000,D-Digital,Turbo,12.5K,Off,Off,Northeast,Group Call,3172,KC1JMH / Brad Brown,Always,Carrier,Off,1,1,1,Off,1,1,None,None,Off,Off,Off,Off,Normal Encryption,Off,Off,Off,Off,251.1,1,Off,Off,Off,Off,Off,Off,1,0,Off,0,2,0,0,0,0,0,0,0,0,0,1
ch01797,RVHNY NY SW,442.30000,447.30000,D-Digital,Turbo,12.5K,Off,Off,NY Statewide,Group Call,3136,KC1JMH / Brad Brown,Always,Carrier,Off,1,1,1,Off,1,1,None,None,Off,Off,Off,Off,Normal Encryption,Off,Off,Off,Off,251.1,1,Off,Off,Off,Off,Off,Off,1,0,Off,0,2,0,0,0,0,0,0,0,0,0,1
ch01798,RVHNY Parrot,442.30000,447.30000,D-Digital,Turbo,12.5K,Off,Off,Parrot,Group Call,9998,KC1JMH / Brad Brown,Always,Carrier,Off,1,1,1,Off,1,1,None,None,Off,Off,Off,Off,Normal Encryption,Off,Off,Off,Off,251.1,1,Off,Off,Off,Off,Off,Off,1,0,Off,0,2,0,0,0,0,0,0,0,0,0,1
ch01799,RVHNY SKYWARN,442.30000,447.30000,D-Digital,Turbo,12.5K,Off,Off,SKYWARN,Group Call,759,KC1JMH / Brad Brown,Always,Carrier,Off,1,1,1,Off,1,1,None,None,Off,Off,Off,Off,Normal Encryption,Off,Off,Off,Off,251.1,1,Off,Off,Off,Off,Off,Off,1,0,Off,0,2,0,0,0,0,0,0,0,0,0,1
ch01800,RVHNY TAC310,442.30000,447.30000,D-Digital,Turbo,12.5K,Off,Off,TAC310,Group Call,310,KC1JMH / Brad Brown,Always,Carrier,Off,1,1,1,Off,1,1,None,None,Off,Off,Off,Off,Normal Encryption,Off,Off,Off,Off,251.1,1,Off,Off,Off,Off,Off,Off,1,0,Off,0,2,0,0,0,0,0,0,0,0,0,1
ch01801,RVHNY TAC311,442.30000,447.30000,D-Digital,Turbo,12.5K,Off,Off,TAC311,Group Call,311,KC1JMH / Brad Brown,Always,Carrier,Off,1,1,1,Off,1,1,None,None,Off,Off,Off,Off,Normal Encryption,Off,Off,Off,Off,251.1,1,Off,Off,Off,Off,Off,Off,1,0,Off,0,2,0,0,0,0,0,0,0,0,0,1
ch01802,RVHNY WW,442.30000,447.30000,D-Digital,Turbo,12.5K,Off,Off,WW Call,Group Call,1,KC1JMH / Brad Brown,Always,Carrier,Off,1,1,1,Off,1,1,None,None,Off,Off,Off,Off,Normal Encryption,Off,Off,Off,Off,251.1,1,Off,Off,Off,Off,Off,Off,1,0,Off,0,2,0,0,0,0,0,0,0,0,0,1
ch01803,SLDNY Audio,448.82500,443.82500,D-Digital,Turbo,12.5K,Off,Off,Audio Watch,Group Call,9999,KC1JMH / Brad Brown,Always,Carrier,Off,1,1,1,Off,1,1,None,None,Off,Off,Off,Off,Normal Encryption,Off,Off,Off,Off,251.1,1,Off,Off,Off,Off,Off,Off,1,0,Off,0,2,0,0,0,0,0,0,0,0,0,1
ch01804,SLDNY CT SW,448.82500,443.82500,D-Digital,Turbo,12.5K,Off,Off,CT Statewide,Group Call,3109,KC1JMH / Brad Brown,Always,Carrier,Off,1,1,1,Off,1,2,None,None,Off,Off,Off,Off,Normal Encryption,Off,Off,Off,Off,251.1,1,Off,Off,Off,Off,Off,Off,1,0,Off,0,2,0,0,0,0,0,0,0,0,0,1
ch01805,SLDNY Local,448.82500,443.82500,D-Digital,Turbo,12.5K,Off,Off,Local,Group Call,9,KC1JMH / Brad Brown,Always,Carrier,Off,1,1,1,Off,1,2,None,None,Off,Off,Off,Off,Normal Encryption,Off,Off,Off,Off,251.1,1,Off,Off,Off,Off,Off,Off,1,0,Off,0,2,0,0,0,0,0,0,0,0,0,1
ch01806,SLDNY NE Wide,448.82500,443.82500,D-Digital,Turbo,12.5K,Off,Off,New England-Wide,Group Call,3181,KC1JMH / Brad Brown,Always,Carrier,Off,1,1,1,Off,1,2,None,None,Off,Off,Off,Off,Normal Encryption,Off,Off,Off,Off,251.1,1,Off,Off,Off,Off,Off,Off,1,0,Off,0,2,0,0,0,0,0,0,0,0,0,1
ch01807,SLDNY North Am,448.82500,443.82500,D-Digital,Turbo,12.5K,Off,Off,North America,Group Call,3,KC1JMH / Brad Brown,Always,Carrier,Off,1,1,1,Off,1,1,None,None,Off,Off,Off,Off,Normal Encryption,Off,Off,Off,Off,251.1,1,Off,Off,Off,Off,Off,Off,1,0,Off,0,2,0,0,0,0,0,0,0,0,0,1
ch01808,SLDNY Northeast,448.82500,443.82500,D-Digital,Turbo,12.5K,Off,Off,Northeast,Group Call,3172,KC1JMH / Brad Brown,Always,Carrier,Off,1,1,1,Off,1,1,None,None,Off,Off,Off,Off,Normal Encryption,Off,Off,Off,Off,251.1,1,Off,Off,Off,Off,Off,Off,1,0,Off,0,2,0,0,0,0,0,0,0,0,0,1
ch01809,SLDNY Parrot,448.82500,443.82500,D-Digital,Turbo,12.5K,Off,Off,Parrot,Group Call,9998,KC1JMH / Brad Brown,Always,Carrier,Off,1,1,1,Off,1,1,None,None,Off,Off,Off,Off,Normal Encryption,Off,Off,Off,Off,251.1,1,Off,Off,Off,Off,Off,Off,1,0,Off,0,2,0,0,0,0,0,0,0,0,0,1
ch01810,SLDNY SKYWARN,448.82500,443.82500,D-Digital,Turbo,12.5K,Off,Off,SKYWARN,Group Call,759,KC1JMH / Brad Brown,Always,Carrier,Off,1,1,1,Off,1,1,None,None,Off,Off,Off,Off,Normal Encryption,Off,Off,Off,Off,251.1,1,Off,Off,Off,Off,Off,Off,1,0,Off,0,2,0,0,0,0,0,0,0,0,0,1
ch01811,SLDNY TAC310,448.82500,443.82500,D-Digital,Turbo,12.5K,Off,Off,TAC310,Group Call,310,KC1JMH / Brad Brown,Always,Carrier,Off,1,1,1,Off,1,2,None,None,Off,Off,Off,Off,Normal Encryption,Off,Off,Off,Off,251.1,1,Off,Off,Off,Off,Off,Off,1,0,Off,0,2,0,0,0,0,0,0,0,0,0,1
ch01812,SLDNY WW,448.82500,443.82500,D-Digital,Turbo,12.5K,Off,Off,WW Call,Group Call,1,KC1JMH / Brad Brown,Always,Carrier,Off,1,1,1,Off,1,1,None,None,Off,Off,Off,Off,Normal Encryption,Off,Off,Off,Off,251.1,1,Off,Off,Off,Off,Off,Off,1,0,Off,0,2,0,0,0,0,0,0,0,0,0,1
ch01813,PECNY SKYWARN,449.97500,444.97500,D-Digital,High,12.5K,Off,Off,SKYWARN,Group Call,759,KC1JMH / Brad Brown,Always,Carrier,Off,1,1,1,Off,1,1,None,None,Off,Off,Off,Off,Normal Encryption,Off,Off,Off,Off,251.1,1,Off,On,Off,Off,Off,Off,1,0,Off,0,2,0,0,0,0,0,0,0,0,0,1
ch01814,PECNY TAC310,449.97500,444.97500,D-Digital,High,12.5K,Off,Off,TAC310,Group Call,310,KC1JMH / Brad Brown,Always,Carrier,Off,1,1,1,Off,1,1,None,None,Off,Off,Off,Off,Normal Encryption,Off,Off,Off,Off,251.1,1,Off,On,Off,Off,Off,Off,1,0,Off,0,2,0,0,0,0,0,0,0,0,0,1
ch01815,PECNY TAC311,449.97500,444.97500,D-Digital,High,12.5K,Off,Off,TAC311,Group Call,311,KC1JMH / Brad Brown,Always,Carrier,Off,1,1,1,Off,1,1,None,None,Off,Off,Off,Off,Normal Encryption,Off,Off,Off,Off,251.1,1,Off,On,Off,Off,Off,Off,1,0,Off,0,2,0,0,0,0,0,0,0,0,0,1
ch01816,PECNY WW,449.97500,444.97500,D-Digital,High,12.5K,Off,Off,WW Call,Group Call,1,KC1JMH / Brad Brown,Always,Carrier,Off,1,1,1,Off,1,1,None,None,Off,Off,Off,Off,Normal Encryption,Off,Off,Off,Off,251.1,1,Off,On,Off,Off,Off,Off,1,0,Off,0,2,0,0,0,0,0,0,0,0,0,1
ch01817,PECNY WW Eng,449.97500,444.97500,D-Digital,High,12.5K,Off,Off,WW English,Group Call,13,KC1JMH / Brad Brown,Always,Carrier,Off,1,1,1,Off,1,1,None,None,Off,Off,Off,Off,Normal Encryption,Off,Off,Off,Off,251.1,1,Off,On,Off,Off,Off,Off,1,0,Off,0,2,0,0,0,0,0,0,0,0,0,1
ch01818,PRVDRI CT SW,447.72500,442.72500,D-Digital,High,12.5K,Off,Off,CT Statewide,Group Call,3109,KC1JMH / Brad Brown,Always,Carrier,Off,1,1,1,Off,2,1,None,None,Off,Off,Off,Off,Normal Encryption,Off,Off,Off,Off,251.1,1,Off,On,Off,Off,Off,Off,1,0,Off,0,2,0,0,0,0,0,0,0,0,0,2
ch01819,BRSRI Audio,145.33000,144.73000,D-Digital,Turbo,12.5K,Off,Off,Audio Watch,Group Call,9999,KC1JMH / Brad Brown,Always,Carrier,Off,1,1,1,Off,2,1,None,None,Off,Off,Off,Off,Normal Encryption,Off,Off,Off,Off,251.1,1,Off,Off,Off,Off,Off,Off,1,0,Off,0,2,0,0,0,0,0,0,0,0,0,2
ch01820,BRSRI Cape Net,145.33000,144.73000,D-Digital,Turbo,12.5K,Off,Off,Cape Net,Group Call,8804,KC1JMH / Brad Brown,Always,Carrier,Off,1,1,1,Off,2,1,None,None,Off,Off,Off,Off,Normal Encryption,Off,Off,Off,Off,251.1,1,Off,Off,Off,Off,Off,Off,1,0,Off,0,2,0,0,0,0,0,0,0,0,0,2
ch01821,BRSRI CT SW,145.33000,144.73000,D-Digital,Turbo,12.5K,Off,Off,CT Statewide,Group Call,3109,KC1JMH / Brad Brown,Always,Carrier,Off,1,1,1,Off,2,1,None,None,Off,Off,Off,Off,Normal Encryption,Off,Off,Off,Off,251.1,1,Off,Off,Off,Off,Off,Off,1,0,Off,0,2,0,0,0,0,0,0,0,0,0,2
ch01822,BRSRI Local,145.33000,144.73000,D-Digital,Turbo,12.5K,Off,Off,Local,Group Call,9,KC1JMH / Brad Brown,Always,Carrier,Off,1,1,1,Off,2,2,None,None,Off,Off,Off,Off,Normal Encryption,Off,Off,Off,Off,251.1,1,Off,Off,Off,Off,Off,Off,1,0,Off,0,2,0,0,0,0,0,0,0,0,0,2
ch01823,BRSRI MA SW,145.33000,144.73000,D-Digital,Turbo,12.5K,Off,Off,MA Statewide,Group Call,3125,KC1JMH / Brad Brown,Always,Carrier,Off,1,1,1,Off,2,1,None,None,Off,Off,Off,Off,Normal Encryption,Off,Off,Off,Off,251.1,1,Off,Off,Off,Off,Off,Off,1,0,Off,0,2,0,0,0,0,0,0,0,0,0,2
ch01824,BRSRI ME SW,145.33000,144.73000,D-Digital,Turbo,12.5K,Off,Off,ME Statewide,Group Call,3123,KC1JMH / Brad Brown,Always,Carrier,Off,1,1,1,Off,2,1,None,None,Off,Off,Off,Off,Normal Encryption,Off,Off,Off,Off,251.1,1,Off,Off,Off,Off,Off,Off,1,0,Off,0,2,0,0,0,0,0,0,0,0,0,2
ch01825,BRSRI NE Wide,145.33000,144.73000,D-Digital,Turbo,12.5K,Off,Off,New England-Wide,Group Call,3181,KC1JMH / Brad Brown,Always,Carrier,Off,1,1,1,Off,2,2,None,None,Off,Off,Off,Off,Normal Encryption,Off,Off,Off,Off,251.1,1,Off,Off,Off,Off,Off,Off,1,0,Off,0,2,0,0,0,0,0,0,0,0,0,2
ch01826,BRSRI NETAC1,145.33000,144.73000,D-Digital,Turbo,12.5K,Off,Off,NETAC1,Group Call,8801,KC1JMH / Brad Brown,Always,Carrier,Off,1,1,1,Off,2,1,None,None,Off,Off,Off,Off,Normal Encryption,Off,Off,Off,Off,251.1,1,Off,Off,Off,Off,Off,Off,1,0,Off,0,2,0,0,0,0,0,0,0,0,0,2
ch01827,BRSRI NETAC2,145.33000,144.73000,D-Digital,Turbo,12.5K,Off,Off,NETAC2,Group Call,8802,KC1JMH / Brad Brown,Always,Carrier,Off,1,1,1,Off,2,2,None,None,Off,Off,Off,Off,Normal Encryption,Off,Off,Off,Off,251.1,1,Off,Off,Off,Off,Off,Off,1,0,Off,0,2,0,0,0,0,0,0,0,0,0,2
ch01828,BRSRI NH SW,145.33000,144.73000,D-Digital,Turbo,12.5K,Off,Off,NH Statewide,Group Call,3133,KC1JMH / Brad Brown,Always,Carrier,Off,1,1,1,Off,2,1,None,None,Off,Off,Off,Off,Normal Encryption,Off,Off,Off,Off,251.1,1,Off,Off,Off,Off,Off,Off,1,0,Off,0,2,0,0,0,0,0,0,0,0,0,2
ch01829,BRSRI North Am,145.33000,144.73000,D-Digital,Turbo,12.5K,Off,Off,North America,Group Call,3,KC1JMH / Brad Brown,Always,Carrier,Off,1,1,1,Off,2,1,None,None,Off,Off,Off,Off,Normal Encryption,Off,Off,Off,Off,251.1,1,Off,Off,Off,Off,Off,Off,1,0,Off,0,2,0,0,0,0,0,0,0,0,0,2
ch01830,BRSRI Northeast,145.33000,144.73000,D-Digital,Turbo,12.5K,Off,Off,Northeast,Group Call,3172,KC1JMH / Brad Brown,Always,Carrier,Off,1,1,1,Off,2,1,None,None,Off,Off,Off,Off,Normal Encryption,Off,Off,Off,Off,251.1,1,Off,Off,Off,Off,Off,Off,1,0,Off,0,2,0,0,0,0,0,0,0,0,0,2
ch01831,BRSRI Parrot,145.33000,144.73000,D-Digital,Turbo,12.5K,Off,Off,Parrot,Group Call,9998,KC1JMH / Brad Brown,Always,Carrier,Off,1,1,1,Off,2,1,None,None,Off,Off,Off,Off,Normal Encryption,Off,Off,Off,Off,251.1,1,Off,Off,Off,Off,Off,Off,1,0,Off,0,2,0,0,0,0,0,0,0,0,0,2
ch01832,BRSRI RI SW,145.33000,144.73000,D-Digital,Turbo,12.5K,Off,Off,RI Statewide,Group Call,3144,KC1JMH / Brad Brown,Always,Carrier,Off,1,1,1,Off,2,2,None,None,Off,Off,Off,Off,Normal Encryption,Off,Off,Off,Off,251.1,1,Off,Off,Off,Off,Off,Off,1,0,Off,0,2,0,0,0,0,0,0,0,0,0,2
ch01833,BRSRI SKYWARN,145.33000,144.73000,D-Digital,Turbo,12.5K,Off,Off,SKYWARN,Group Call,759,KC1JMH / Brad Brown,Always,Carrier,Off,1,1,1,Off,2,1,None,None,Off,Off,Off,Off,Normal Encryption,Off,Off,Off,Off,251.1,1,Off,Off,Off,Off,Off,Off,1,0,Off,0,2,0,0,0,0,0,0,0,0,0,2
ch01834,BRSRI TAC310,145.33000,144.73000,D-Digital,Turbo,12.5K,Off,Off,TAC310,Group Call,310,KC1JMH / Brad Brown,Always,Carrier,Off,1,1,1,Off,2,1,None,None,Off,Off,Off,Off,Normal Encryption,Off,Off,Off,Off,251.1,1,Off,Off,Off,Off,Off,Off,1,0,Off,0,2,0,0,0,0,0,0,0,0,0,2
ch01835,BRSRI VT SW,145.33000,144.73000,D-Digital,Turbo,12.5K,Off,Off,VT Statewide,Group Call,3150,KC1JMH / Brad Brown,Always,Carrier,Off,1,1,1,Off,2,1,None,None,Off,Off,Off,Off,Normal Encryption,Off,Off,Off,Off,251.1,1,Off,Off,Off,Off,Off,Off,1,0,Off,0,2,0,0,0,0,0,0,0,0,0,2
ch01836,BRSRI WW,145.33000,144.73000,D-Digital,Turbo,12.5K,Off,Off,WW Call,Group Call,1,KC1JMH / Brad Brown,Always,Carrier,Off,1,1,1,Off,2,1,None,None,Off,Off,Off,Off,Normal Encryption,Off,Off,Off,Off,251.1,1,Off,Off,Off,Off,Off,Off,1,0,Off,0,2,0,0,0,0,0,0,0,0,0,2
ch01837,PRVDRI Local,447.72500,442.72500,D-Digital,High,12.5K,Off,Off,Local,Group Call,9,KC1JMH / Brad Brown,Always,Carrier,Off,1,1,1,Off,2,2,None,None,Off,Off,Off,Off,Normal Encryption,Off,Off,Off,Off,251.1,1,Off,On,Off,Off,Off,Off,1,0,Off,0,2,0,0,0,0,0,0,0,0,0,2
ch01838,PRVDRI MA SW,447.72500,442.72500,D-Digital,High,12.5K,Off,Off,MA Statewide,Group Call,3125,KC1JMH / Brad Brown,Always,Carrier,Off,1,1,1,Off,2,1,None,None,Off,Off,Off,Off,Normal Encryption,Off,Off,Off,Off,251.1,1,Off,On,Off,Off,Off,Off,1,0,Off,0,2,0,0,0,0,0,0,0,0,0,2
ch01839,PRVDRI ME SW,447.72500,442.72500,D-Digital,High,12.5K,Off,Off,ME Statewide,Group Call,3123,KC1JMH / Brad Brown,Always,Carrier,Off,1,1,1,Off,2,1,None,None,Off,Off,Off,Off,Normal Encryption,Off,Off,Off,Off,251.1,1,Off,On,Off,Off,Off,Off,1,0,Off,0,2,0,0,0,0,0,0,0,0,0,2
ch01840,PRVDRI NE Wide,447.72500,442.72500,D-Digital,High,12.5K,Off,Off,New England-Wide,Group Call,3181,KC1JMH / Brad Brown,Always,Carrier,Off,1,1,1,Off,2,2,None,None,Off,Off,Off,Off,Normal Encryption,Off,Off,Off,Off,251.1,1,Off,On,Off,Off,Off,Off,1,0,Off,0,2,0,0,0,0,0,0,0,0,0,2
ch01841,PRVDRI NETAC1,447.72500,442.72500,D-Digital,High,12.5K,Off,Off,NETAC1,Group Call,8801,KC1JMH / Brad Brown,Always,Carrier,Off,1,1,1,Off,2,1,None,None,Off,Off,Off,Off,Normal Encryption,Off,Off,Off,Off,251.1,1,Off,On,Off,Off,Off,Off,1,0,Off,0,2,0,0,0,0,0,0,0,0,0,2
ch01842,PRVDRI NETAC2,447.72500,442.72500,D-Digital,High,12.5K,Off,Off,NETAC2,Group Call,8802,KC1JMH / Brad Brown,Always,Carrier,Off,1,1,1,Off,2,2,None,None,Off,Off,Off,Off,Normal Encryption,Off,Off,Off,Off,251.1,1,Off,On,Off,Off,Off,Off,1,0,Off,0,2,0,0,0,0,0,0,0,0,0,2
ch01843,PRVDRI NH SW,447.72500,442.72500,D-Digital,High,12.5K,Off,Off,NH Statewide,Group Call,3133,KC1JMH / Brad Brown,Always,Carrier,Off,1,1,1,Off,2,1,None,None,Off,Off,Off,Off,Normal Encryption,Off,Off,Off,Off,251.1,1,Off,On,Off,Off,Off,Off,1,0,Off,0,2,0,0,0,0,0,0,0,0,0,2
ch01844,PRVDRI North Am,447.72500,442.72500,D-Digital,High,12.5K,Off,Off,North America,Group Call,3,KC1JMH / Brad Brown,Always,Carrier,Off,1,1,1,Off,2,1,None,None,Off,Off,Off,Off,Normal Encryption,Off,Off,Off,Off,251.1,1,Off,On,Off,Off,Off,Off,1,0,Off,0,2,0,0,0,0,0,0,0,0,0,2
ch01845,PRVDRI Northeast,447.72500,442.72500,D-Digital,High,12.5K,Off,Off,Northeast,Group Call,3172,KC1JMH / Brad Brown,Always,Carrier,Off,1,1,1,Off,2,1,None,None,Off,Off,Off,Off,Normal Encryption,Off,Off,Off,Off,251.1,1,Off,On,Off,Off,Off,Off,1,0,Off,0,2,0,0,0,0,0,0,0,0,0,2
ch01846,PRVDRI Parrot,447.72500,442.72500,D-Digital,High,12.5K,Off,Off,Parrot,Group Call,9998,KC1JMH / Brad Brown,Always,Carrier,Off,1,1,1,Off,2,1,None,None,Off,Off,Off,Off,Normal Encryption,Off,Off,Off,Off,251.1,1,Off,On,Off,Off,Off,Off,1,0,Off,0,2,0,0,0,0,0,0,0,0,0,2
ch01847,PRVDRI Audio,447.72500,442.72500,D-Digital,High,12.5K,Off,Off,Audio Watch,Group Call,9999,KC1JMH / Brad Brown,Always,Carrier,Off,1,1,1,Off,2,1,None,None,Off,Off,Off,Off,Normal Encryption,Off,Off,Off,Off,251.1,1,Off,On,Off,Off,Off,Off,1,0,Off,0,2,0,0,0,0,0,0,0,0,0,2
ch01848,PRVDRI VT SW,447.72500,442.72500,D-Digital,High,12.5K,Off,Off,VT Statewide,Group Call,3150,KC1JMH / Brad Brown,Always,Carrier,Off,1,1,1,Off,2,1,None,None,Off,Off,Off,Off,Normal Encryption,Off,Off,Off,Off,251.1,1,Off,On,Off,Off,Off,Off,1,0,Off,0,2,0,0,0,0,0,0,0,0,0,2
ch01849,PRVDRI Cape Net,447.72500,442.72500,D-Digital,High,12.5K,Off,Off,Cape Net,Group Call,8804,KC1JMH / Brad Brown,Always,Carrier,Off,1,1,1,Off,2,1,None,None,Off,Off,Off,Off,Normal Encryption,Off,Off,Off,Off,251.1,1,Off,On,Off,Off,Off,Off,1,0,Off,0,2,0,0,0,0,0,0,0,0,0,2
ch01850,PRVDRI RI SW,447.72500,442.72500,D-Digital,High,12.5K,Off,Off,RI Statewide,Group Call,3144,KC1JMH / Brad Brown,Always,Carrier,Off,1,1,1,Off,2,2,None,None,Off,Off,Off,Off,Normal Encryption,Off,Off,Off,Off,251.1,1,Off,On,Off,Off,Off,Off,1,0,Off,0,2,0,0,0,0,0,0,0,0,0,2
ch01851,PRVDRI SKYWARN,447.72500,442.72500,D-Digital,High,12.5K,Off,Off,SKYWARN,Group Call,759,KC1JMH / Brad Brown,Always,Carrier,Off,1,1,1,Off,2,1,None,None,Off,Off,Off,Off,Normal Encryption,Off,Off,Off,Off,251.1,1,Off,On,Off,Off,Off,Off,1,0,Off,0,2,0,0,0,0,0,0,0,0,0,2
ch01852,PRVDRI TAC310,447.72500,442.72500,D-Digital,High,12.5K,Off,Off,TAC310,Group Call,310,KC1JMH / Brad Brown,Always,Carrier,Off,1,1,1,Off,2,1,None,None,Off,Off,Off,Off,Normal Encryption,Off,Off,Off,Off,251.1,1,Off,On,Off,Off,Off,Off,1,0,Off,0,2,0,0,0,0,0,0,0,0,0,2
ch01853,PRVDRI TAC311,447.72500,442.72500,D-Digital,High,12.5K,Off,Off,TAC311,Group Call,311,KC1JMH / Brad Brown,Always,Carrier,Off,1,1,1,Off,2,1,None,None,Off,Off,Off,Off,Normal Encryption,Off,Off,Off,Off,251.1,1,Off,On,Off,Off,Off,Off,1,0,Off,0,2,0,0,0,0,0,0,0,0,0,2
ch01854,PRVDRI WW,447.72500,442.72500,D-Digital,High,12.5K,Off,Off,WW Call,Group Call,1,KC1JMH / Brad Brown,Always,Carrier,Off,1,1,1,Off,2,1,None,None,Off,Off,Off,Off,Normal Encryption,Off,Off,Off,Off,251.1,1,Off,On,Off,Off,Off,Off,1,0,Off,0,2,0,0,0,0,0,0,0,0,0,2
ch01855,PRVDRI WW Eng,447.72500,442.72500,D-Digital,High,12.5K,Off,Off,WW English,Group Call,13,KC1JMH / Brad Brown,Always,Carrier,Off,1,1,1,Off,2,1,None,None,Off,Off,Off,Off,Normal Encryption,Off,Off,Off,Off,251.1,1,Off,On,Off,Off,Off,Off,1,0,Off,0,2,0,0,0,0,0,0,0,0,0,2
ch01856,ASCVT Local,448.47500,443.47500,D-Digital,High,12.5K,Off,Off,Local,Group Call,9,KC1JMH / Brad Brown,Always,Carrier,Off,1,1,1,Off,5,2,None,None,Off,Off,Off,Off,Normal Encryption,Off,Off,Off,Off,251.1,1,Off,On,Off,Off,Off,Off,1,0,Off,0,2,0,0,0,0,0,0,0,0,0,5
ch01857,ASCVT MA SW,448.47500,443.47500,D-Digital,High,12.5K,Off,Off,MA Statewide,Group Call,3125,KC1JMH / Brad Brown,Always,Carrier,Off,1,1,1,Off,5,1,None,None,Off,Off,Off,Off,Normal Encryption,Off,Off,Off,Off,251.1,1,Off,On,Off,Off,Off,Off,1,0,Off,0,2,0,0,0,0,0,0,0,0,0,5
ch01858,ASCVT NE Wide,448.47500,443.47500,D-Digital,High,12.5K,Off,Off,New England-Wide,Group Call,3181,KC1JMH / Brad Brown,Always,Carrier,Off,1,1,1,Off,5,2,None,None,Off,Off,Off,Off,Normal Encryption,Off,Off,Off,Off,251.1,1,Off,On,Off,Off,Off,Off,1,0,Off,0,2,0,0,0,0,0,0,0,0,0,5
ch01859,ASCVT NETAC1,448.47500,443.47500,D-Digital,High,12.5K,Off,Off,NETAC1,Group Call,8801,KC1JMH / Brad Brown,Always,Carrier,Off,1,1,1,Off,5,1,None,None,Off,Off,Off,Off,Normal Encryption,Off,Off,Off,Off,251.1,1,Off,On,Off,Off,Off,Off,1,0,Off,0,2,0,0,0,0,0,0,0,0,0,5
ch01860,ASCVT NETAC2,448.47500,443.47500,D-Digital,High,12.5K,Off,Off,NETAC2,Group Call,8802,KC1JMH / Brad Brown,Always,Carrier,Off,1,1,1,Off,5,2,None,None,Off,Off,Off,Off,Normal Encryption,Off,Off,Off,Off,251.1,1,Off,On,Off,Off,Off,Off,1,0,Off,0,2,0,0,0,0,0,0,0,0,0,5
ch01861,ASCVT NH SW,448.47500,443.47500,D-Digital,High,12.5K,Off,Off,NH Statewide,Group Call,3133,KC1JMH / Brad Brown,Always,Carrier,Off,1,1,1,Off,5,1,None,None,Off,Off,Off,Off,Normal Encryption,Off,Off,Off,Off,251.1,1,Off,On,Off,Off,Off,Off,1,0,Off,0,2,0,0,0,0,0,0,0,0,0,5
ch01862,ASCVT North Am,448.47500,443.47500,D-Digital,High,12.5K,Off,Off,North America,Group Call,3,KC1JMH / Brad Brown,Always,Carrier,Off,1,1,1,Off,5,1,None,None,Off,Off,Off,Off,Normal Encryption,Off,Off,Off,Off,251.1,1,Off,On,Off,Off,Off,Off,1,0,Off,0,2,0,0,0,0,0,0,0,0,0,5
ch01863,ASCVT Northeast,448.47500,443.47500,D-Digital,High,12.5K,Off,Off,Northeast,Group Call,3172,KC1JMH / Brad Brown,Always,Carrier,Off,1,1,1,Off,5,1,None,None,Off,Off,Off,Off,Normal Encryption,Off,Off,Off,Off,251.1,1,Off,On,Off,Off,Off,Off,1,0,Off,0,2,0,0,0,0,0,0,0,0,0,5
ch01864,ASCVT Parrot,448.47500,443.47500,D-Digital,High,12.5K,Off,Off,Parrot,Group Call,9998,KC1JMH / Brad Brown,Always,Carrier,Off,1,1,1,Off,5,1,None,None,Off,Off,Off,Off,Normal Encryption,Off,Off,Off,Off,251.1,1,Off,On,Off,Off,Off,Off,1,0,Off,0,2,0,0,0,0,0,0,0,0,0,5
ch01865,ASCVT Audio,448.47500,443.47500,D-Digital,High,12.5K,Off,Off,Audio Watch,Group Call,9999,KC1JMH / Brad Brown,Always,Carrier,Off,1,1,1,Off,5,1,None,None,Off,Off,Off,Off,Normal Encryption,Off,Off,Off,Off,251.1,1,Off,On,Off,Off,Off,Off,1,0,Off,0,2,0,0,0,0,0,0,0,0,0,5
ch01866,ASCVT TAC316,448.47500,443.47500,D-Digital,High,12.5K,Off,Off,TAC316,Group Call,316,KC1JMH / Brad Brown,Always,Carrier,Off,1,1,1,Off,5,1,None,None,Off,Off,Off,Off,Normal Encryption,Off,Off,Off,Off,251.1,1,Off,On,Off,Off,Off,Off,1,0,Off,0,2,0,0,0,0,0,0,0,0,0,5
ch01867,ASCVT CT SW,448.47500,443.47500,D-Digital,High,12.5K,Off,Off,CT Statewide,Group Call,3109,KC1JMH / Brad Brown,Always,Carrier,Off,1,1,1,Off,5,1,None,None,Off,Off,Off,Off,Normal Encryption,Off,Off,Off,Off,251.1,1,Off,On,Off,Off,Off,Off,1,0,Off,0,2,0,0,0,0,0,0,0,0,0,5
ch01868,ASCVT ME SW,448.47500,443.47500,D-Digital,High,12.5K,Off,Off,ME Statewide,Group Call,3123,KC1JMH / Brad Brown,Always,Carrier,Off,1,1,1,Off,5,1,None,None,Off,Off,Off,Off,Normal Encryption,Off,Off,Off,Off,251.1,1,Off,On,Off,Off,Off,Off,1,0,Off,0,2,0,0,0,0,0,0,0,0,0,5
ch01869,ASCVT RI SW,448.47500,443.47500,D-Digital,High,12.5K,Off,Off,RI Statewide,Group Call,3144,KC1JMH / Brad Brown,Always,Carrier,Off,1,1,1,Off,5,1,None,None,Off,Off,Off,Off,Normal Encryption,Off,Off,Off,Off,251.1,1,Off,On,Off,Off,Off,Off,1,0,Off,0,2,0,0,0,0,0,0,0,0,0,5
ch01870,ASCVT Reg North,448.47500,443.47500,D-Digital,High,12.5K,Off,Off,Region North,Group Call,8,KC1JMH / Brad Brown,Always,Carrier,Off,1,1,1,Off,5,2,None,None,Off,Off,Off,Off,Normal Encryption,Off,Off,Off,Off,251.1,1,Off,On,Off,Off,Off,Off,1,0,Off,0,2,0,0,0,0,0,0,0,0,0,5
ch01871,ASCVT SKYWARN,448.47500,443.47500,D-Digital,High,12.5K,Off,Off,SKYWARN,Group Call,759,KC1JMH / Brad Brown,Always,Carrier,Off,1,1,1,Off,5,1,None,None,Off,Off,Off,Off,Normal Encryption,Off,Off,Off,Off,251.1,1,Off,On,Off,Off,Off,Off,1,0,Off,0,2,0,0,0,0,0,0,0,0,0,5
ch01872,ASCVT TAC310,448.47500,443.47500,D-Digital,High,12.5K,Off,Off,TAC310,Group Call,310,KC1JMH / Brad Brown,Always,Carrier,Off,1,1,1,Off,5,1,None,None,Off,Off,Off,Off,Normal Encryption,Off,Off,Off,Off,251.1,1,Off,On,Off,Off,Off,Off,1,0,Off,0,2,0,0,0,0,0,0,0,0,0,5
ch01873,ASCVT TAC311,448.47500,443.47500,D-Digital,High,12.5K,Off,Off,TAC311,Group Call,311,KC1JMH / Brad Brown,Always,Carrier,Off,1,1,1,Off,5,1,None,None,Off,Off,Off,Off,Normal Encryption,Off,Off,Off,Off,251.1,1,Off,On,Off,Off,Off,Off,1,0,Off,0,2,0,0,0,0,0,0,0,0,0,5
ch01874,ASCVT UA Eng1,448.47500,443.47500,D-Digital,High,12.5K,Off,Off,UA English 1-113,Group Call,113,KC1JMH / Brad Brown,Always,Carrier,Off,1,1,1,Off,5,1,None,None,Off,Off,Off,Off,Normal Encryption,Off,Off,Off,Off,251.1,1,Off,On,Off,Off,Off,Off,1,0,Off,0,2,0,0,0,0,0,0,0,0,0,5
ch01875,ASCVT UA Eng2,448.47500,443.47500,D-Digital,High,12.5K,Off,Off,UA English 2-123,Group Call,123,KC1JMH / Brad Brown,Always,Carrier,Off,1,1,1,Off,5,1,None,None,Off,Off,Off,Off,Normal Encryption,Off,Off,Off,Off,251.1,1,Off,On,Off,Off,Off,Off,1,0,Off,0,2,0,0,0,0,0,0,0,0,0,5
ch01876,ASCVT VT SW,448.47500,443.47500,D-Digital,High,12.5K,Off,Off,VT Statewide,Group Call,3150,KC1JMH / Brad Brown,Always,Carrier,Off,1,1,1,Off,5,2,None,None,Off,Off,Off,Off,Normal Encryption,Off,Off,Off,Off,251.1,1,Off,On,Off,Off,Off,Off,1,0,Off,0,2,0,0,0,0,0,0,0,0,0,5
ch01877,ASCVT WW,448.47500,443.47500,D-Digital,High,12.5K,Off,Off,WW Call,Group Call,1,KC1JMH / Brad Brown,Always,Carrier,Off,1,1,1,Off,5,1,None,None,Off,Off,Off,Off,Normal Encryption,Off,Off,Off,Off,251.1,1,Off,On,Off,Off,Off,Off,1,0,Off,0,2,0,0,0,0,0,0,0,0,0,5
ch01878,ASCVT WW Eng,448.47500,443.47500,D-Digital,High,12.5K,Off,Off,WW English,Group Call,13,KC1JMH / Brad Brown,Always,Carrier,Off,1,1,1,Off,5,1,None,None,Off,Off,Off,Off,Normal Encryption,Off,Off,Off,Off,251.1,1,Off,On,Off,Off,Off,Off,1,0,Off,0,2,0,0,0,0,0,0,0,0,0,5
ch01879,BOLVT Local,445.07500,440.07500,D-Digital,High,12.5K,Off,Off,Local,Group Call,9,KC1JMH / Brad Brown,Always,Carrier,Off,1,1,1,Off,7,2,None,None,Off,Off,Off,Off,Normal Encryption,Off,Off,Off,Off,251.1,1,Off,On,Off,Off,Off,Off,1,0,Off,0,2,0,0,0,0,0,0,0,0,0,7
ch01880,BOLVT MA SW,445.07500,440.07500,D-Digital,High,12.5K,Off,Off,MA Statewide,Group Call,3125,KC1JMH / Brad Brown,Always,Carrier,Off,1,1,1,Off,7,1,None,None,Off,Off,Off,Off,Normal Encryption,Off,Off,Off,Off,251.1,1,Off,On,Off,Off,Off,Off,1,0,Off,0,2,0,0,0,0,0,0,0,0,0,7
ch01881,BOLVT NE Wide,445.07500,440.07500,D-Digital,High,12.5K,Off,Off,New England-Wide,Group Call,3181,KC1JMH / Brad Brown,Always,Carrier,Off,1,1,1,Off,7,2,None,None,Off,Off,Off,Off,Normal Encryption,Off,Off,Off,Off,251.1,1,Off,On,Off,Off,Off,Off,1,0,Off,0,2,0,0,0,0,0,0,0,0,0,7
ch01882,BOLVT NETAC1,445.07500,440.07500,D-Digital,High,12.5K,Off,Off,NETAC1,Group Call,8801,KC1JMH / Brad Brown,Always,Carrier,Off,1,1,1,Off,7,1,None,None,Off,Off,Off,Off,Normal Encryption,Off,Off,Off,Off,251.1,1,Off,On,Off,Off,Off,Off,1,0,Off,0,2,0,0,0,0,0,0,0,0,0,7
ch01883,BOLVT NETAC2,445.07500,440.07500,D-Digital,High,12.5K,Off,Off,NETAC2,Group Call,8802,KC1JMH / Brad Brown,Always,Carrier,Off,1,1,1,Off,7,2,None,None,Off,Off,Off,Off,Normal Encryption,Off,Off,Off,Off,251.1,1,Off,On,Off,Off,Off,Off,1,0,Off,0,2,0,0,0,0,0,0,0,0,0,7
ch01884,BOLVT NH SW,445.07500,440.07500,D-Digital,High,12.5K,Off,Off,NH Statewide,Group Call,3133,KC1JMH / Brad Brown,Always,Carrier,Off,1,1,1,Off,7,1,None,None,Off,Off,Off,Off,Normal Encryption,Off,Off,Off,Off,251.1,1,Off,On,Off,Off,Off,Off,1,0,Off,0,2,0,0,0,0,0,0,0,0,0,7
ch01885,BOLVT North Am,445.07500,440.07500,D-Digital,High,12.5K,Off,Off,North America,Group Call,3,KC1JMH / Brad Brown,Always,Carrier,Off,1,1,1,Off,7,1,None,None,Off,Off,Off,Off,Normal Encryption,Off,Off,Off,Off,251.1,1,Off,On,Off,Off,Off,Off,1,0,Off,0,2,0,0,0,0,0,0,0,0,0,7
ch01886,BOLVT Northeast,445.07500,440.07500,D-Digital,High,12.5K,Off,Off,Northeast,Group Call,3172,KC1JMH / Brad Brown,Always,Carrier,Off,1,1,1,Off,7,1,None,None,Off,Off,Off,Off,Normal Encryption,Off,Off,Off,Off,251.1,1,Off,On,Off,Off,Off,Off,1,0,Off,0,2,0,0,0,0,0,0,0,0,0,7
ch01887,BOLVT Parrot,445.07500,440.07500,D-Digital,High,12.5K,Off,Off,Parrot,Group Call,9998,KC1JMH / Brad Brown,Always,Carrier,Off,1,1,1,Off,7,1,None,None,Off,Off,Off,Off,Normal Encryption,Off,Off,Off,Off,251.1,1,Off,On,Off,Off,Off,Off,1,0,Off,0,2,0,0,0,0,0,0,0,0,0,7
ch01888,BOLVT Audio,445.07500,440.07500,D-Digital,High,12.5K,Off,Off,Audio Watch,Group Call,9999,KC1JMH / Brad Brown,Always,Carrier,Off,1,1,1,Off,7,1,None,None,Off,Off,Off,Off,Normal Encryption,Off,Off,Off,Off,251.1,1,Off,On,Off,Off,Off,Off,1,0,Off,0,2,0,0,0,0,0,0,0,0,0,7
ch01889,BOLVT TAC316,445.07500,440.07500,D-Digital,High,12.5K,Off,Off,TAC316,Group Call,316,KC1JMH / Brad Brown,Always,Carrier,Off,1,1,1,Off,7,1,None,None,Off,Off,Off,Off,Normal Encryption,Off,Off,Off,Off,251.1,1,Off,On,Off,Off,Off,Off,1,0,Off,0,2,0,0,0,0,0,0,0,0,0,7
ch01890,BOLVT CT SW,445.07500,440.07500,D-Digital,High,12.5K,Off,Off,CT Statewide,Group Call,3109,KC1JMH / Brad Brown,Always,Carrier,Off,1,1,1,Off,7,1,None,None,Off,Off,Off,Off,Normal Encryption,Off,Off,Off,Off,251.1,1,Off,On,Off,Off,Off,Off,1,0,Off,0,2,0,0,0,0,0,0,0,0,0,7
ch01891,BOLVT ME SW,445.07500,440.07500,D-Digital,High,12.5K,Off,Off,ME Statewide,Group Call,3123,KC1JMH / Brad Brown,Always,Carrier,Off,1,1,1,Off,7,1,None,None,Off,Off,Off,Off,Normal Encryption,Off,Off,Off,Off,251.1,1,Off,On,Off,Off,Off,Off,1,0,Off,0,2,0,0,0,0,0,0,0,0,0,7
ch01892,BOLVT RI SW,445.07500,440.07500,D-Digital,High,12.5K,Off,Off,RI Statewide,Group Call,3144,KC1JMH / Brad Brown,Always,Carrier,Off,1,1,1,Off,7,1,None,None,Off,Off,Off,Off,Normal Encryption,Off,Off,Off,Off,251.1,1,Off,On,Off,Off,Off,Off,1,0,Off,0,2,0,0,0,0,0,0,0,0,0,7
ch01893,BOLVT Reg North,445.07500,440.07500,D-Digital,High,12.5K,Off,Off,Region North,Group Call,8,KC1JMH / Brad Brown,Always,Carrier,Off,1,1,1,Off,7,2,None,None,Off,Off,Off,Off,Normal Encryption,Off,Off,Off,Off,251.1,1,Off,On,Off,Off,Off,Off,1,0,Off,0,2,0,0,0,0,0,0,0,0,0,7
ch01894,BOLVT SKYWARN,445.07500,440.07500,D-Digital,High,12.5K,Off,Off,SKYWARN,Group Call,759,KC1JMH / Brad Brown,Always,Carrier,Off,1,1,1,Off,7,1,None,None,Off,Off,Off,Off,Normal Encryption,Off,Off,Off,Off,251.1,1,Off,On,Off,Off,Off,Off,1,0,Off,0,2,0,0,0,0,0,0,0,0,0,7
ch01895,BOLVT TAC310,445.07500,440.07500,D-Digital,High,12.5K,Off,Off,TAC310,Group Call,310,KC1JMH / Brad Brown,Always,Carrier,Off,1,1,1,Off,7,1,None,None,Off,Off,Off,Off,Normal Encryption,Off,Off,Off,Off,251.1,1,Off,On,Off,Off,Off,Off,1,0,Off,0,2,0,0,0,0,0,0,0,0,0,7
ch01896,BOLVT TAC311,445.07500,440.07500,D-Digital,High,12.5K,Off,Off,TAC311,Group Call,311,KC1JMH / Brad Brown,Always,Carrier,Off,1,1,1,Off,7,1,None,None,Off,Off,Off,Off,Normal Encryption,Off,Off,Off,Off,251.1,1,Off,On,Off,Off,Off,Off,1,0,Off,0,2,0,0,0,0,0,0,0,0,0,7
ch01897,BOLVT UA Eng1,445.07500,440.07500,D-Digital,High,12.5K,Off,Off,UA English 1-113,Group Call,113,KC1JMH / Brad Brown,Always,Carrier,Off,1,1,1,Off,7,1,None,None,Off,Off,Off,Off,Normal Encryption,Off,Off,Off,Off,251.1,1,Off,On,Off,Off,Off,Off,1,0,Off,0,2,0,0,0,0,0,0,0,0,0,7
ch01898,BOLVT UA Eng2,445.07500,440.07500,D-Digital,High,12.5K,Off,Off,UA English 2-123,Group Call,123,KC1JMH / Brad Brown,Always,Carrier,Off,1,1,1,Off,7,1,None,None,Off,Off,Off,Off,Normal Encryption,Off,Off,Off,Off,251.1,1,Off,On,Off,Off,Off,Off,1,0,Off,0,2,0,0,0,0,0,0,0,0,0,7
ch01899,BOLVT VT SW,445.07500,440.07500,D-Digital,High,12.5K,Off,Off,VT Statewide,Group Call,3150,KC1JMH / Brad Brown,Always,Carrier,Off,1,1,1,Off,7,2,None,None,Off,Off,Off,Off,Normal Encryption,Off,Off,Off,Off,251.1,1,Off,On,Off,Off,Off,Off,1,0,Off,0,2,0,0,0,0,0,0,0,0,0,7
ch01900,BOLVT WW,445.07500,440.07500,D-Digital,High,12.5K,Off,Off,WW Call,Group Call,1,KC1JMH / Brad Brown,Always,Carrier,Off,1,1,1,Off,7,1,None,None,Off,Off,Off,Off,Normal Encryption,Off,Off,Off,Off,251.1,1,Off,On,Off,Off,Off,Off,1,0,Off,0,2,0,0,0,0,0,0,0,0,0,7
ch01901,BOLVT WW Eng,445.07500,440.07500,D-Digital,High,12.5K,Off,Off,WW English,Group Call,13,KC1JMH / Brad Brown,Always,Carrier,Off,1,1,1,Off,7,1,None,None,Off,Off,Off,Off,Normal Encryption,Off,Off,Off,Off,251.1,1,Off,On,Off,Off,Off,Off,1,0,Off,0,2,0,0,0,0,0,0,0,0,0,7
ch01902,BRLVT Local,446.47500,441.47500,D-Digital,High,12.5K,Off,Off,Local,Group Call,9,KC1JMH / Brad Brown,Always,Carrier,Off,1,1,1,Off,1,2,None,None,Off,Off,Off,Off,Normal Encryption,Off,Off,Off,Off,251.1,1,Off,On,Off,Off,Off,Off,1,0,Off,0,2,0,0,0,0,0,0,0,0,0,1
ch01903,BRLVT MA SW,446.47500,441.47500,D-Digital,High,12.5K,Off,Off,MA Statewide,Group Call,3125,KC1JMH / Brad Brown,Always,Carrier,Off,1,1,1,Off,1,1,None,None,Off,Off,Off,Off,Normal Encryption,Off,Off,Off,Off,251.1,1,Off,On,Off,Off,Off,Off,1,0,Off,0,2,0,0,0,0,0,0,0,0,0,1
ch01904,BRLVT NE Wide,446.47500,441.47500,D-Digital,High,12.5K,Off,Off,New England-Wide,Group Call,3181,KC1JMH / Brad Brown,Always,Carrier,Off,1,1,1,Off,1,2,None,None,Off,Off,Off,Off,Normal Encryption,Off,Off,Off,Off,251.1,1,Off,On,Off,Off,Off,Off,1,0,Off,0,2,0,0,0,0,0,0,0,0,0,1
ch01905,BRLVT NETAC1,446.47500,441.47500,D-Digital,High,12.5K,Off,Off,NETAC1,Group Call,8801,KC1JMH / Brad Brown,Always,Carrier,Off,1,1,1,Off,1,1,None,None,Off,Off,Off,Off,Normal Encryption,Off,Off,Off,Off,251.1,1,Off,On,Off,Off,Off,Off,1,0,Off,0,2,0,0,0,0,0,0,0,0,0,1
ch01906,BRLVT NETAC2,446.47500,441.47500,D-Digital,High,12.5K,Off,Off,NETAC2,Group Call,8802,KC1JMH / Brad Brown,Always,Carrier,Off,1,1,1,Off,1,2,None,None,Off,Off,Off,Off,Normal Encryption,Off,Off,Off,Off,251.1,1,Off,On,Off,Off,Off,Off,1,0,Off,0,2,0,0,0,0,0,0,0,0,0,1
ch01907,BRLVT NH SW,446.47500,441.47500,D-Digital,High,12.5K,Off,Off,NH Statewide,Group Call,3133,KC1JMH / Brad Brown,Always,Carrier,Off,1,1,1,Off,1,1,None,None,Off,Off,Off,Off,Normal Encryption,Off,Off,Off,Off,251.1,1,Off,On,Off,Off,Off,Off,1,0,Off,0,2,0,0,0,0,0,0,0,0,0,1
ch01908,BRLVT North Am,446.47500,441.47500,D-Digital,High,12.5K,Off,Off,North America,Group Call,3,KC1JMH / Brad Brown,Always,Carrier,Off,1,1,1,Off,1,1,None,None,Off,Off,Off,Off,Normal Encryption,Off,Off,Off,Off,251.1,1,Off,On,Off,Off,Off,Off,1,0,Off,0,2,0,0,0,0,0,0,0,0,0,1
ch01909,BRLVT Northeast,446.47500,441.47500,D-Digital,High,12.5K,Off,Off,Northeast,Group Call,3172,KC1JMH / Brad Brown,Always,Carrier,Off,1,1,1,Off,1,1,None,None,Off,Off,Off,Off,Normal Encryption,Off,Off,Off,Off,251.1,1,Off,On,Off,Off,Off,Off,1,0,Off,0,2,0,0,0,0,0,0,0,0,0,1
ch01910,BRLVT Parrot,446.47500,441.47500,D-Digital,High,12.5K,Off,Off,Parrot,Group Call,9998,KC1JMH / Brad Brown,Always,Carrier,Off,1,1,1,Off,1,1,None,None,Off,Off,Off,Off,Normal Encryption,Off,Off,Off,Off,251.1,1,Off,On,Off,Off,Off,Off,1,0,Off,0,2,0,0,0,0,0,0,0,0,0,1
ch01911,BRLVT Audio,446.47500,441.47500,D-Digital,High,12.5K,Off,Off,Audio Watch,Group Call,9999,KC1JMH / Brad Brown,Always,Carrier,Off,1,1,1,Off,1,1,None,None,Off,Off,Off,Off,Normal Encryption,Off,Off,Off,Off,251.1,1,Off,On,Off,Off,Off,Off,1,0,Off,0,2,0,0,0,0,0,0,0,0,0,1
ch01912,BRLVT TAC316,446.47500,441.47500,D-Digital,High,12.5K,Off,Off,TAC316,Group Call,316,KC1JMH / Brad Brown,Always,Carrier,Off,1,1,1,Off,1,1,None,None,Off,Off,Off,Off,Normal Encryption,Off,Off,Off,Off,251.1,1,Off,On,Off,Off,Off,Off,1,0,Off,0,2,0,0,0,0,0,0,0,0,0,1
ch01913,BRLVT CT SW,446.47500,441.47500,D-Digital,High,12.5K,Off,Off,CT Statewide,Group Call,3109,KC1JMH / Brad Brown,Always,Carrier,Off,1,1,1,Off,1,1,None,None,Off,Off,Off,Off,Normal Encryption,Off,Off,Off,Off,251.1,1,Off,On,Off,Off,Off,Off,1,0,Off,0,2,0,0,0,0,0,0,0,0,0,1
ch01914,BRLVT ME SW,446.47500,441.47500,D-Digital,High,12.5K,Off,Off,ME Statewide,Group Call,3123,KC1JMH / Brad Brown,Always,Carrier,Off,1,1,1,Off,1,1,None,None,Off,Off,Off,Off,Normal Encryption,Off,Off,Off,Off,251.1,1,Off,On,Off,Off,Off,Off,1,0,Off,0,2,0,0,0,0,0,0,0,0,0,1
ch01915,BRLVT RI SW,446.47500,441.47500,D-Digital,High,12.5K,Off,Off,RI Statewide,Group Call,3144,KC1JMH / Brad Brown,Always,Carrier,Off,1,1,1,Off,1,1,None,None,Off,Off,Off,Off,Normal Encryption,Off,Off,Off,Off,251.1,1,Off,On,Off,Off,Off,Off,1,0,Off,0,2,0,0,0,0,0,0,0,0,0,1
ch01916,BRLVT UpNY,446.47500,441.47500,D-Digital,High,12.5K,Off,Off,Upstate NY,Group Call,31361,KC1JMH / Brad Brown,Always,Carrier,Off,1,1,1,Off,1,1,None,None,Off,Off,Off,Off,Normal Encryption,Off,Off,Off,Off,251.1,1,Off,On,Off,Off,Off,Off,1,0,Off,0,2,0,0,0,0,0,0,0,0,0,1
ch01917,BRLVT Reg North,446.47500,441.47500,D-Digital,High,12.5K,Off,Off,Region North,Group Call,8,KC1JMH / Brad Brown,Always,Carrier,Off,1,1,1,Off,1,2,None,None,Off,Off,Off,Off,Normal Encryption,Off,Off,Off,Off,251.1,1,Off,On,Off,Off,Off,Off,1,0,Off,0,2,0,0,0,0,0,0,0,0,0,1
ch01918,BRLVT SKYWARN,446.47500,441.47500,D-Digital,High,12.5K,Off,Off,SKYWARN,Group Call,759,KC1JMH / Brad Brown,Always,Carrier,Off,1,1,1,Off,1,1,None,None,Off,Off,Off,Off,Normal Encryption,Off,Off,Off,Off,251.1,1,Off,On,Off,Off,Off,Off,1,0,Off,0,2,0,0,0,0,0,0,0,0,0,1
ch01919,BRLVT TAC310,446.47500,441.47500,D-Digital,High,12.5K,Off,Off,TAC310,Group Call,310,KC1JMH / Brad Brown,Always,Carrier,Off,1,1,1,Off,1,1,None,None,Off,Off,Off,Off,Normal Encryption,Off,Off,Off,Off,251.1,1,Off,On,Off,Off,Off,Off,1,0,Off,0,2,0,0,0,0,0,0,0,0,0,1
ch01920,BRLVT TAC311,446.47500,441.47500,D-Digital,High,12.5K,Off,Off,TAC311,Group Call,311,KC1JMH / Brad Brown,Always,Carrier,Off,1,1,1,Off,1,1,None,None,Off,Off,Off,Off,Normal Encryption,Off,Off,Off,Off,251.1,1,Off,On,Off,Off,Off,Off,1,0,Off,0,2,0,0,0,0,0,0,0,0,0,1
ch01921,BRLVT UA Eng1,446.47500,441.47500,D-Digital,High,12.5K,Off,Off,UA English 1-113,Group Call,113,KC1JMH / Brad Brown,Always,Carrier,Off,1,1,1,Off,1,1,None,None,Off,Off,Off,Off,Normal Encryption,Off,Off,Off,Off,251.1,1,Off,On,Off,Off,Off,Off,1,0,Off,0,2,0,0,0,0,0,0,0,0,0,1
ch01922,BRLVT UA Eng2,446.47500,441.47500,D-Digital,High,12.5K,Off,Off,UA English 2-123,Group Call,123,KC1JMH / Brad Brown,Always,Carrier,Off,1,1,1,Off,1,1,None,None,Off,Off,Off,Off,Normal Encryption,Off,Off,Off,Off,251.1,1,Off,On,Off,Off,Off,Off,1,0,Off,0,2,0,0,0,0,0,0,0,0,0,1
ch01923,BRLVT VT SW,446.47500,441.47500,D-Digital,High,12.5K,Off,Off,VT Statewide,Group Call,3150,KC1JMH / Brad Brown,Always,Carrier,Off,1,1,1,Off,1,2,None,None,Off,Off,Off,Off,Normal Encryption,Off,Off,Off,Off,251.1,1,Off,On,Off,Off,Off,Off,1,0,Off,0,2,0,0,0,0,0,0,0,0,0,1
ch01924,BRLVT WW,446.47500,441.47500,D-Digital,High,12.5K,Off,Off,WW Call,Group Call,1,KC1JMH / Brad Brown,Always,Carrier,Off,1,1,1,Off,1,1,None,None,Off,Off,Off,Off,Normal Encryption,Off,Off,Off,Off,251.1,1,Off,On,Off,Off,Off,Off,1,0,Off,0,2,0,0,0,0,0,0,0,0,0,1
ch01925,BRLVT WW Eng,446.47500,441.47500,D-Digital,High,12.5K,Off,Off,WW English,Group Call,13,KC1JMH / Brad Brown,Always,Carrier,Off,1,1,1,Off,1,1,None,None,Off,Off,Off,Off,Normal Encryption,Off,Off,Off,Off,251.1,1,Off,On,Off,Off,Off,Off,1,0,Off,0,2,0,0,0,0,0,0,0,0,0,1
ch01926,BRTVT Local,444.40000,449.40000,D-Digital,High,12.5K,Off,Off,Local,Group Call,9,KC1JMH / Brad Brown,Always,Carrier,Off,1,1,1,Off,1,2,None,None,Off,Off,Off,Off,Normal Encryption,Off,Off,Off,Off,251.1,1,Off,On,Off,Off,Off,Off,1,0,Off,0,2,0,0,0,0,0,0,0,0,0,1
ch01927,BRTVT MA SW,444.40000,449.40000,D-Digital,High,12.5K,Off,Off,MA Statewide,Group Call,3125,KC1JMH / Brad Brown,Always,Carrier,Off,1,1,1,Off,1,1,None,None,Off,Off,Off,Off,Normal Encryption,Off,Off,Off,Off,251.1,1,Off,On,Off,Off,Off,Off,1,0,Off,0,2,0,0,0,0,0,0,0,0,0,1
ch01928,BRTVT NE Wide,444.40000,449.40000,D-Digital,High,12.5K,Off,Off,New England-Wide,Group Call,3181,KC1JMH / Brad Brown,Always,Carrier,Off,1,1,1,Off,1,2,None,None,Off,Off,Off,Off,Normal Encryption,Off,Off,Off,Off,251.1,1,Off,On,Off,Off,Off,Off,1,0,Off,0,2,0,0,0,0,0,0,0,0,0,1
ch01929,BRTVT NETAC1,444.40000,449.40000,D-Digital,High,12.5K,Off,Off,NETAC1,Group Call,8801,KC1JMH / Brad Brown,Always,Carrier,Off,1,1,1,Off,1,1,None,None,Off,Off,Off,Off,Normal Encryption,Off,Off,Off,Off,251.1,1,Off,On,Off,Off,Off,Off,1,0,Off,0,2,0,0,0,0,0,0,0,0,0,1
ch01930,BRTVT NETAC2,444.40000,449.40000,D-Digital,High,12.5K,Off,Off,NETAC2,Group Call,8802,KC1JMH / Brad Brown,Always,Carrier,Off,1,1,1,Off,1,2,None,None,Off,Off,Off,Off,Normal Encryption,Off,Off,Off,Off,251.1,1,Off,On,Off,Off,Off,Off,1,0,Off,0,2,0,0,0,0,0,0,0,0,0,1
ch01931,BRTVT NH SW,444.40000,449.40000,D-Digital,High,12.5K,Off,Off,NH Statewide,Group Call,3133,KC1JMH / Brad Brown,Always,Carrier,Off,1,1,1,Off,1,1,None,None,Off,Off,Off,Off,Normal Encryption,Off,Off,Off,Off,251.1,1,Off,On,Off,Off,Off,Off,1,0,Off,0,2,0,0,0,0,0,0,0,0,0,1
ch01932,BRTVT North Am,444.40000,449.40000,D-Digital,High,12.5K,Off,Off,North America,Group Call,3,KC1JMH / Brad Brown,Always,Carrier,Off,1,1,1,Off,1,1,None,None,Off,Off,Off,Off,Normal Encryption,Off,Off,Off,Off,251.1,1,Off,On,Off,Off,Off,Off,1,0,Off,0,2,0,0,0,0,0,0,0,0,0,1
ch01933,BRTVT Northeast,444.40000,449.40000,D-Digital,High,12.5K,Off,Off,Northeast,Group Call,3172,KC1JMH / Brad Brown,Always,Carrier,Off,1,1,1,Off,1,1,None,None,Off,Off,Off,Off,Normal Encryption,Off,Off,Off,Off,251.1,1,Off,On,Off,Off,Off,Off,1,0,Off,0,2,0,0,0,0,0,0,0,0,0,1
ch01934,BRTVT Parrot,444.40000,449.40000,D-Digital,High,12.5K,Off,Off,Parrot,Group Call,9998,KC1JMH / Brad Brown,Always,Carrier,Off,1,1,1,Off,1,1,None,None,Off,Off,Off,Off,Normal Encryption,Off,Off,Off,Off,251.1,1,Off,On,Off,Off,Off,Off,1,0,Off,0,2,0,0,0,0,0,0,0,0,0,1
ch01935,BRTVT Audio,444.40000,449.40000,D-Digital,High,12.5K,Off,Off,Audio Watch,Group Call,9999,KC1JMH / Brad Brown,Always,Carrier,Off,1,1,1,Off,1,1,None,None,Off,Off,Off,Off,Normal Encryption,Off,Off,Off,Off,251.1,1,Off,On,Off,Off,Off,Off,1,0,Off,0,2,0,0,0,0,0,0,0,0,0,1
ch01936,BRTVT TAC316,444.40000,449.40000,D-Digital,High,12.5K,Off,Off,TAC316,Group Call,316,KC1JMH / Brad Brown,Always,Carrier,Off,1,1,1,Off,1,1,None,None,Off,Off,Off,Off,Normal Encryption,Off,Off,Off,Off,251.1,1,Off,On,Off,Off,Off,Off,1,0,Off,0,2,0,0,0,0,0,0,0,0,0,1
ch01937,BRTVT CT SW,444.40000,449.40000,D-Digital,High,12.5K,Off,Off,CT Statewide,Group Call,3109,KC1JMH / Brad Brown,Always,Carrier,Off,1,1,1,Off,1,1,None,None,Off,Off,Off,Off,Normal Encryption,Off,Off,Off,Off,251.1,1,Off,On,Off,Off,Off,Off,1,0,Off,0,2,0,0,0,0,0,0,0,0,0,1
ch01938,BRTVT ME SW,444.40000,449.40000,D-Digital,High,12.5K,Off,Off,ME Statewide,Group Call,3123,KC1JMH / Brad Brown,Always,Carrier,Off,1,1,1,Off,1,1,None,None,Off,Off,Off,Off,Normal Encryption,Off,Off,Off,Off,251.1,1,Off,On,Off,Off,Off,Off,1,0,Off,0,2,0,0,0,0,0,0,0,0,0,1
ch01939,BRTVT RI SW,444.40000,449.40000,D-Digital,High,12.5K,Off,Off,RI Statewide,Group Call,3144,KC1JMH / Brad Brown,Always,Carrier,Off,1,1,1,Off,1,1,None,None,Off,Off,Off,Off,Normal Encryption,Off,Off,Off,Off,251.1,1,Off,On,Off,Off,Off,Off,1,0,Off,0,2,0,0,0,0,0,0,0,0,0,1
ch01940,BRTVT Reg North,444.40000,449.40000,D-Digital,High,12.5K,Off,Off,Region North,Group Call,8,KC1JMH / Brad Brown,Always,Carrier,Off,1,1,1,Off,1,2,None,None,Off,Off,Off,Off,Normal Encryption,Off,Off,Off,Off,251.1,1,Off,On,Off,Off,Off,Off,1,0,Off,0,2,0,0,0,0,0,0,0,0,0,1
ch01941,BRTVT SKYWARN,444.40000,449.40000,D-Digital,High,12.5K,Off,Off,SKYWARN,Group Call,759,KC1JMH / Brad Brown,Always,Carrier,Off,1,1,1,Off,1,1,None,None,Off,Off,Off,Off,Normal Encryption,Off,Off,Off,Off,251.1,1,Off,On,Off,Off,Off,Off,1,0,Off,0,2,0,0,0,0,0,0,0,0,0,1
ch01942,BRTVT TAC310,444.40000,449.40000,D-Digital,High,12.5K,Off,Off,TAC310,Group Call,310,KC1JMH / Brad Brown,Always,Carrier,Off,1,1,1,Off,1,1,None,None,Off,Off,Off,Off,Normal Encryption,Off,Off,Off,Off,251.1,1,Off,On,Off,Off,Off,Off,1,0,Off,0,2,0,0,0,0,0,0,0,0,0,1
ch01943,BRTVT TAC311,444.40000,449.40000,D-Digital,High,12.5K,Off,Off,TAC311,Group Call,311,KC1JMH / Brad Brown,Always,Carrier,Off,1,1,1,Off,1,1,None,None,Off,Off,Off,Off,Normal Encryption,Off,Off,Off,Off,251.1,1,Off,On,Off,Off,Off,Off,1,0,Off,0,2,0,0,0,0,0,0,0,0,0,1
ch01944,BRTVT UA Eng1,444.40000,449.40000,D-Digital,High,12.5K,Off,Off,UA English 1-113,Group Call,113,KC1JMH / Brad Brown,Always,Carrier,Off,1,1,1,Off,1,1,None,None,Off,Off,Off,Off,Normal Encryption,Off,Off,Off,Off,251.1,1,Off,On,Off,Off,Off,Off,1,0,Off,0,2,0,0,0,0,0,0,0,0,0,1
ch01945,BRTVT UA Eng2,444.40000,449.40000,D-Digital,High,12.5K,Off,Off,UA English 2-123,Group Call,123,KC1JMH / Brad Brown,Always,Carrier,Off,1,1,1,Off,1,1,None,None,Off,Off,Off,Off,Normal Encryption,Off,Off,Off,Off,251.1,1,Off,On,Off,Off,Off,Off,1,0,Off,0,2,0,0,0,0,0,0,0,0,0,1
ch01946,BRTVT VT SW,444.40000,449.40000,D-Digital,High,12.5K,Off,Off,VT Statewide,Group Call,3150,KC1JMH / Brad Brown,Always,Carrier,Off,1,1,1,Off,1,2,None,None,Off,Off,Off,Off,Normal Encryption,Off,Off,Off,Off,251.1,1,Off,On,Off,Off,Off,Off,1,0,Off,0,2,0,0,0,0,0,0,0,0,0,1
ch01947,BRTVT WW,444.40000,449.40000,D-Digital,High,12.5K,Off,Off,WW Call,Group Call,1,KC1JMH / Brad Brown,Always,Carrier,Off,1,1,1,Off,1,1,None,None,Off,Off,Off,Off,Normal Encryption,Off,Off,Off,Off,251.1,1,Off,On,Off,Off,Off,Off,1,0,Off,0,2,0,0,0,0,0,0,0,0,0,1
ch01948,BRTVT WW Eng,444.40000,449.40000,D-Digital,High,12.5K,Off,Off,WW English,Group Call,13,KC1JMH / Brad Brown,Always,Carrier,Off,1,1,1,Off,1,1,None,None,Off,Off,Off,Off,Normal Encryption,Off,Off,Off,Off,251.1,1,Off,On,Off,Off,Off,Off,1,0,Off,0,2,0,0,0,0,0,0,0,0,0,1
ch01949,BURKEVT CT SW,448.57500,443.57500,D-Digital,High,12.5K,Off,Off,CT Statewide,Group Call,3109,KC1JMH / Brad Brown,Always,Carrier,Off,1,1,1,Off,5,1,None,None,Off,Off,Off,Off,Normal Encryption,Off,Off,Off,Off,251.1,1,Off,On,Off,Off,Off,Off,1,0,Off,0,2,0,0,0,0,0,0,0,0,0,5
ch01950,BURKEVT Local,448.57500,443.57500,D-Digital,High,12.5K,Off,Off,Local,Group Call,9,KC1JMH / Brad Brown,Always,Carrier,Off,1,1,1,Off,5,2,None,None,Off,Off,Off,Off,Normal Encryption,Off,Off,Off,Off,251.1,1,Off,On,Off,Off,Off,Off,1,0,Off,0,2,0,0,0,0,0,0,0,0,0,5
ch01951,BURKEVT MA SW,448.57500,443.57500,D-Digital,High,12.5K,Off,Off,MA Statewide,Group Call,3125,KC1JMH / Brad Brown,Always,Carrier,Off,1,1,1,Off,5,1,None,None,Off,Off,Off,Off,Normal Encryption,Off,Off,Off,Off,251.1,1,Off,On,Off,Off,Off,Off,1,0,Off,0,2,0,0,0,0,0,0,0,0,0,5
ch01952,BURKEVT ME SW,448.57500,443.57500,D-Digital,High,12.5K,Off,Off,ME Statewide,Group Call,3123,KC1JMH / Brad Brown,Always,Carrier,Off,1,1,1,Off,5,1,None,None,Off,Off,Off,Off,Normal Encryption,Off,Off,Off,Off,251.1,1,Off,On,Off,Off,Off,Off,1,0,Off,0,2,0,0,0,0,0,0,0,0,0,5
ch01953,BURKEVT NE Wide,448.57500,443.57500,D-Digital,High,12.5K,Off,Off,New England-Wide,Group Call,3181,KC1JMH / Brad Brown,Always,Carrier,Off,1,1,1,Off,5,2,None,None,Off,Off,Off,Off,Normal Encryption,Off,Off,Off,Off,251.1,1,Off,On,Off,Off,Off,Off,1,0,Off,0,2,0,0,0,0,0,0,0,0,0,5
ch01954,BURKEVT NETAC1,448.57500,443.57500,D-Digital,High,12.5K,Off,Off,NETAC1,Group Call,8801,KC1JMH / Brad Brown,Always,Carrier,Off,1,1,1,Off,5,1,None,None,Off,Off,Off,Off,Normal Encryption,Off,Off,Off,Off,251.1,1,Off,On,Off,Off,Off,Off,1,0,Off,0,2,0,0,0,0,0,0,0,0,0,5
ch01955,BURKEVT NETAC2,448.57500,443.57500,D-Digital,High,12.5K,Off,Off,NETAC2,Group Call,8802,KC1JMH / Brad Brown,Always,Carrier,Off,1,1,1,Off,5,2,None,None,Off,Off,Off,Off,Normal Encryption,Off,Off,Off,Off,251.1,1,Off,On,Off,Off,Off,Off,1,0,Off,0,2,0,0,0,0,0,0,0,0,0,5
ch01956,BURKEVT NH SW,448.57500,443.57500,D-Digital,High,12.5K,Off,Off,NH Statewide,Group Call,3133,KC1JMH / Brad Brown,Always,Carrier,Off,1,1,1,Off,5,1,None,None,Off,Off,Off,Off,Normal Encryption,Off,Off,Off,Off,251.1,1,Off,On,Off,Off,Off,Off,1,0,Off,0,2,0,0,0,0,0,0,0,0,0,5
ch01957,BURKEVT Neast,448.57500,443.57500,D-Digital,High,12.5K,Off,Off,Northeast,Group Call,3172,KC1JMH / Brad Brown,Always,Carrier,Off,1,1,1,Off,5,1,None,None,Off,Off,Off,Off,Normal Encryption,Off,Off,Off,Off,251.1,1,Off,On,Off,Off,Off,Off,1,0,Off,0,2,0,0,0,0,0,0,0,0,0,5
ch01958,BURKEVT North Am,448.57500,443.57500,D-Digital,High,12.5K,Off,Off,North America,Group Call,3,KC1JMH / Brad Brown,Always,Carrier,Off,1,1,1,Off,5,1,None,None,Off,Off,Off,Off,Normal Encryption,Off,Off,Off,Off,251.1,1,Off,On,Off,Off,Off,Off,1,0,Off,0,2,0,0,0,0,0,0,0,0,0,5
ch01959,BURKEVT Parrot,448.57500,443.57500,D-Digital,High,12.5K,Off,Off,Parrot,Group Call,9998,KC1JMH / Brad Brown,Always,Carrier,Off,1,1,1,Off,5,1,None,None,Off,Off,Off,Off,Normal Encryption,Off,Off,Off,Off,251.1,1,Off,On,Off,Off,Off,Off,1,0,Off,0,2,0,0,0,0,0,0,0,0,0,5
ch01960,BURKEVT Audio,448.57500,443.57500,D-Digital,High,12.5K,Off,Off,Audio Watch,Group Call,9999,KC1JMH / Brad Brown,Always,Carrier,Off,1,1,1,Off,5,1,None,None,Off,Off,Off,Off,Normal Encryption,Off,Off,Off,Off,251.1,1,Off,On,Off,Off,Off,Off,1,0,Off,0,2,0,0,0,0,0,0,0,0,0,5
ch01961,BURKEVT TAC316,448.57500,443.57500,D-Digital,High,12.5K,Off,Off,TAC316,Group Call,316,KC1JMH / Brad Brown,Always,Carrier,Off,1,1,1,Off,5,1,None,None,Off,Off,Off,Off,Normal Encryption,Off,Off,Off,Off,251.1,1,Off,On,Off,Off,Off,Off,1,0,Off,0,2,0,0,0,0,0,0,0,0,0,5
ch01962,BURKEVT RI SW,448.57500,443.57500,D-Digital,High,12.5K,Off,Off,RI Statewide,Group Call,3144,KC1JMH / Brad Brown,Always,Carrier,Off,1,1,1,Off,5,1,None,None,Off,Off,Off,Off,Normal Encryption,Off,Off,Off,Off,251.1,1,Off,On,Off,Off,Off,Off,1,0,Off,0,2,0,0,0,0,0,0,0,0,0,5
ch01963,BURKEVT Reg N,448.57500,443.57500,D-Digital,High,12.5K,Off,Off,Region North,Group Call,8,KC1JMH / Brad Brown,Always,Carrier,Off,1,1,1,Off,5,1,None,None,Off,Off,Off,Off,Normal Encryption,Off,Off,Off,Off,251.1,1,Off,On,Off,Off,Off,Off,1,0,Off,0,2,0,0,0,0,0,0,0,0,0,5
ch01964,BURKEVT SKYWARN,448.57500,443.57500,D-Digital,High,12.5K,Off,Off,SKYWARN,Group Call,759,KC1JMH / Brad Brown,Always,Carrier,Off,1,1,1,Off,5,1,None,None,Off,Off,Off,Off,Normal Encryption,Off,Off,Off,Off,251.1,1,Off,On,Off,Off,Off,Off,1,0,Off,0,2,0,0,0,0,0,0,0,0,0,5
ch01965,BURKEVT TAC310,448.57500,443.57500,D-Digital,High,12.5K,Off,Off,TAC310,Group Call,310,KC1JMH / Brad Brown,Always,Carrier,Off,1,1,1,Off,5,1,None,None,Off,Off,Off,Off,Normal Encryption,Off,Off,Off,Off,251.1,1,Off,On,Off,Off,Off,Off,1,0,Off,0,2,0,0,0,0,0,0,0,0,0,5
ch01966,BURKEVT TAC311,448.57500,443.57500,D-Digital,High,12.5K,Off,Off,TAC311,Group Call,311,KC1JMH / Brad Brown,Always,Carrier,Off,1,1,1,Off,5,1,None,None,Off,Off,Off,Off,Normal Encryption,Off,Off,Off,Off,251.1,1,Off,On,Off,Off,Off,Off,1,0,Off,0,2,0,0,0,0,0,0,0,0,0,5
ch01967,BURKEVT UA Eng1,448.57500,443.57500,D-Digital,High,12.5K,Off,Off,UA English 1-113,Group Call,113,KC1JMH / Brad Brown,Always,Carrier,Off,1,1,1,Off,5,1,None,None,Off,Off,Off,Off,Normal Encryption,Off,Off,Off,Off,251.1,1,Off,On,Off,Off,Off,Off,1,0,Off,0,2,0,0,0,0,0,0,0,0,0,5
ch01968,BURKEVT UA Eng2,448.57500,443.57500,D-Digital,High,12.5K,Off,Off,UA English 2-123,Group Call,123,KC1JMH / Brad Brown,Always,Carrier,Off,1,1,1,Off,5,1,None,None,Off,Off,Off,Off,Normal Encryption,Off,Off,Off,Off,251.1,1,Off,On,Off,Off,Off,Off,1,0,Off,0,2,0,0,0,0,0,0,0,0,0,5
ch01969,BURKEVT VT SW,448.57500,443.57500,D-Digital,High,12.5K,Off,Off,VT Statewide,Group Call,3150,KC1JMH / Brad Brown,Always,Carrier,Off,1,1,1,Off,5,2,None,None,Off,Off,Off,Off,Normal Encryption,Off,Off,Off,Off,251.1,1,Off,On,Off,Off,Off,Off,1,0,Off,0,2,0,0,0,0,0,0,0,0,0,5
ch01970,BURKEVT WW,448.57500,443.57500,D-Digital,High,12.5K,Off,Off,WW Call,Group Call,1,KC1JMH / Brad Brown,Always,Carrier,Off,1,1,1,Off,5,1,None,None,Off,Off,Off,Off,Normal Encryption,Off,Off,Off,Off,251.1,1,Off,On,Off,Off,Off,Off,1,0,Off,0,2,0,0,0,0,0,0,0,0,0,5
ch01971,BURKEVT WW Eng,448.57500,443.57500,D-Digital,High,12.5K,Off,Off,WW English,Group Call,13,KC1JMH / Brad Brown,Always,Carrier,Off,1,1,1,Off,5,1,None,None,Off,Off,Off,Off,Normal Encryption,Off,Off,Off,Off,251.1,1,Off,On,Off,Off,Off,Off,1,0,Off,0,2,0,0,0,0,0,0,0,0,0,5
ch01972,CORVT Local,443.90000,448.90000,D-Digital,High,12.5K,Off,Off,Local,Group Call,9,KC1JMH / Brad Brown,Always,Carrier,Off,1,1,1,Off,8,2,None,None,Off,Off,Off,Off,Normal Encryption,Off,Off,Off,Off,251.1,1,Off,On,Off,Off,Off,Off,1,0,Off,0,2,0,0,0,0,0,0,0,0,0,8
ch01973,CORVT MA SW,443.90000,448.90000,D-Digital,High,12.5K,Off,Off,MA Statewide,Group Call,3125,KC1JMH / Brad Brown,Always,Carrier,Off,1,1,1,Off,8,1,None,None,Off,Off,Off,Off,Normal Encryption,Off,Off,Off,Off,251.1,1,Off,On,Off,Off,Off,Off,1,0,Off,0,2,0,0,0,0,0,0,0,0,0,8
ch01974,CORVT NE Wide,443.90000,448.90000,D-Digital,High,12.5K,Off,Off,New England-Wide,Group Call,3181,KC1JMH / Brad Brown,Always,Carrier,Off,1,1,1,Off,8,2,None,None,Off,Off,Off,Off,Normal Encryption,Off,Off,Off,Off,251.1,1,Off,On,Off,Off,Off,Off,1,0,Off,0,2,0,0,0,0,0,0,0,0,0,8
ch01975,CORVT NETAC1,443.90000,448.90000,D-Digital,High,12.5K,Off,Off,NETAC1,Group Call,8801,KC1JMH / Brad Brown,Always,Carrier,Off,1,1,1,Off,8,1,None,None,Off,Off,Off,Off,Normal Encryption,Off,Off,Off,Off,251.1,1,Off,On,Off,Off,Off,Off,1,0,Off,0,2,0,0,0,0,0,0,0,0,0,8
ch01976,CORVT NETAC2,443.90000,448.90000,D-Digital,High,12.5K,Off,Off,NETAC2,Group Call,8802,KC1JMH / Brad Brown,Always,Carrier,Off,1,1,1,Off,8,2,None,None,Off,Off,Off,Off,Normal Encryption,Off,Off,Off,Off,251.1,1,Off,On,Off,Off,Off,Off,1,0,Off,0,2,0,0,0,0,0,0,0,0,0,8
ch01977,CORVT NH SW,443.90000,448.90000,D-Digital,High,12.5K,Off,Off,NH Statewide,Group Call,3133,KC1JMH / Brad Brown,Always,Carrier,Off,1,1,1,Off,8,1,None,None,Off,Off,Off,Off,Normal Encryption,Off,Off,Off,Off,251.1,1,Off,On,Off,Off,Off,Off,1,0,Off,0,2,0,0,0,0,0,0,0,0,0,8
ch01978,CORVT North Am,443.90000,448.90000,D-Digital,High,12.5K,Off,Off,North America,Group Call,3,KC1JMH / Brad Brown,Always,Carrier,Off,1,1,1,Off,8,1,None,None,Off,Off,Off,Off,Normal Encryption,Off,Off,Off,Off,251.1,1,Off,On,Off,Off,Off,Off,1,0,Off,0,2,0,0,0,0,0,0,0,0,0,8
ch01979,CORVT Northeast,443.90000,448.90000,D-Digital,High,12.5K,Off,Off,Northeast,Group Call,3172,KC1JMH / Brad Brown,Always,Carrier,Off,1,1,1,Off,8,1,None,None,Off,Off,Off,Off,Normal Encryption,Off,Off,Off,Off,251.1,1,Off,On,Off,Off,Off,Off,1,0,Off,0,2,0,0,0,0,0,0,0,0,0,8
ch01980,CORVT Parrot,443.90000,448.90000,D-Digital,High,12.5K,Off,Off,Parrot,Group Call,9998,KC1JMH / Brad Brown,Always,Carrier,Off,1,1,1,Off,8,1,None,None,Off,Off,Off,Off,Normal Encryption,Off,Off,Off,Off,251.1,1,Off,On,Off,Off,Off,Off,1,0,Off,0,2,0,0,0,0,0,0,0,0,0,8
ch01981,CORVT Audio,443.90000,448.90000,D-Digital,High,12.5K,Off,Off,Audio Watch,Group Call,9999,KC1JMH / Brad Brown,Always,Carrier,Off,1,1,1,Off,8,1,None,None,Off,Off,Off,Off,Normal Encryption,Off,Off,Off,Off,251.1,1,Off,On,Off,Off,Off,Off,1,0,Off,0,2,0,0,0,0,0,0,0,0,0,8
ch01982,CORVT TAC316,443.90000,448.90000,D-Digital,High,12.5K,Off,Off,TAC316,Group Call,316,KC1JMH / Brad Brown,Always,Carrier,Off,1,1,1,Off,8,1,None,None,Off,Off,Off,Off,Normal Encryption,Off,Off,Off,Off,251.1,1,Off,On,Off,Off,Off,Off,1,0,Off,0,2,0,0,0,0,0,0,0,0,0,8
ch01983,CORVT CT SW,443.90000,448.90000,D-Digital,High,12.5K,Off,Off,CT Statewide,Group Call,3109,KC1JMH / Brad Brown,Always,Carrier,Off,1,1,1,Off,8,1,None,None,Off,Off,Off,Off,Normal Encryption,Off,Off,Off,Off,251.1,1,Off,On,Off,Off,Off,Off,1,0,Off,0,2,0,0,0,0,0,0,0,0,0,8
ch01984,CORVT ME SW,443.90000,448.90000,D-Digital,High,12.5K,Off,Off,ME Statewide,Group Call,3123,KC1JMH / Brad Brown,Always,Carrier,Off,1,1,1,Off,8,1,None,None,Off,Off,Off,Off,Normal Encryption,Off,Off,Off,Off,251.1,1,Off,On,Off,Off,Off,Off,1,0,Off,0,2,0,0,0,0,0,0,0,0,0,8
ch01985,CORVT RI SW,443.90000,448.90000,D-Digital,High,12.5K,Off,Off,RI Statewide,Group Call,3144,KC1JMH / Brad Brown,Always,Carrier,Off,1,1,1,Off,8,1,None,None,Off,Off,Off,Off,Normal Encryption,Off,Off,Off,Off,251.1,1,Off,On,Off,Off,Off,Off,1,0,Off,0,2,0,0,0,0,0,0,0,0,0,8
ch01986,CORVT Reg North,443.90000,448.90000,D-Digital,High,12.5K,Off,Off,Region North,Group Call,8,KC1JMH / Brad Brown,Always,Carrier,Off,1,1,1,Off,8,2,None,None,Off,Off,Off,Off,Normal Encryption,Off,Off,Off,Off,251.1,1,Off,On,Off,Off,Off,Off,1,0,Off,0,2,0,0,0,0,0,0,0,0,0,8
ch01987,CORVT SKYWARN,443.90000,448.90000,D-Digital,High,12.5K,Off,Off,SKYWARN,Group Call,759,KC1JMH / Brad Brown,Always,Carrier,Off,1,1,1,Off,8,1,None,None,Off,Off,Off,Off,Normal Encryption,Off,Off,Off,Off,251.1,1,Off,On,Off,Off,Off,Off,1,0,Off,0,2,0,0,0,0,0,0,0,0,0,8
ch01988,CORVT TAC310,443.90000,448.90000,D-Digital,High,12.5K,Off,Off,TAC310,Group Call,310,KC1JMH / Brad Brown,Always,Carrier,Off,1,1,1,Off,8,1,None,None,Off,Off,Off,Off,Normal Encryption,Off,Off,Off,Off,251.1,1,Off,On,Off,Off,Off,Off,1,0,Off,0,2,0,0,0,0,0,0,0,0,0,8
ch01989,CORVT TAC311,443.90000,448.90000,D-Digital,High,12.5K,Off,Off,TAC311,Group Call,311,KC1JMH / Brad Brown,Always,Carrier,Off,1,1,1,Off,8,1,None,None,Off,Off,Off,Off,Normal Encryption,Off,Off,Off,Off,251.1,1,Off,On,Off,Off,Off,Off,1,0,Off,0,2,0,0,0,0,0,0,0,0,0,8
ch01990,CORVT UA Eng1,443.90000,448.90000,D-Digital,High,12.5K,Off,Off,UA English 1-113,Group Call,113,KC1JMH / Brad Brown,Always,Carrier,Off,1,1,1,Off,8,1,None,None,Off,Off,Off,Off,Normal Encryption,Off,Off,Off,Off,251.1,1,Off,On,Off,Off,Off,Off,1,0,Off,0,2,0,0,0,0,0,0,0,0,0,8
ch01991,CORVT UA Eng2,443.90000,448.90000,D-Digital,High,12.5K,Off,Off,UA English 2-123,Group Call,123,KC1JMH / Brad Brown,Always,Carrier,Off,1,1,1,Off,8,1,None,None,Off,Off,Off,Off,Normal Encryption,Off,Off,Off,Off,251.1,1,Off,On,Off,Off,Off,Off,1,0,Off,0,2,0,0,0,0,0,0,0,0,0,8
ch01992,CORVT VT SW,443.90000,448.90000,D-Digital,High,12.5K,Off,Off,VT Statewide,Group Call,3150,KC1JMH / Brad Brown,Always,Carrier,Off,1,1,1,Off,8,2,None,None,Off,Off,Off,Off,Normal Encryption,Off,Off,Off,Off,251.1,1,Off,On,Off,Off,Off,Off,1,0,Off,0,2,0,0,0,0,0,0,0,0,0,8
ch01993,CORVT WW,443.90000,448.90000,D-Digital,High,12.5K,Off,Off,WW Call,Group Call,1,KC1JMH / Brad Brown,Always,Carrier,Off,1,1,1,Off,8,1,None,None,Off,Off,Off,Off,Normal Encryption,Off,Off,Off,Off,251.1,1,Off,On,Off,Off,Off,Off,1,0,Off,0,2,0,0,0,0,0,0,0,0,0,8
ch01994,CORVT WW Eng,443.90000,448.90000,D-Digital,High,12.5K,Off,Off,WW English,Group Call,13,KC1JMH / Brad Brown,Always,Carrier,Off,1,1,1,Off,8,1,None,None,Off,Off,Off,Off,Normal Encryption,Off,Off,Off,Off,251.1,1,Off,On,Off,Off,Off,Off,1,0,Off,0,2,0,0,0,0,0,0,0,0,0,8
ch01995,EQXVT Local,441.35000,446.35000,D-Digital,High,12.5K,Off,Off,Local,Group Call,9,KC1JMH / Brad Brown,Always,Carrier,Off,1,1,1,Off,7,2,None,None,Off,Off,Off,Off,Normal Encryption,Off,Off,Off,Off,251.1,1,Off,On,Off,Off,Off,Off,1,0,Off,0,2,0,0,0,0,0,0,0,0,0,7
ch01996,EQXVT MA SW,441.35000,446.35000,D-Digital,High,12.5K,Off,Off,MA Statewide,Group Call,3125,KC1JMH / Brad Brown,Always,Carrier,Off,1,1,1,Off,7,1,None,None,Off,Off,Off,Off,Normal Encryption,Off,Off,Off,Off,251.1,1,Off,On,Off,Off,Off,Off,1,0,Off,0,2,0,0,0,0,0,0,0,0,0,7
ch01997,EQXVT NE Wide,441.35000,446.35000,D-Digital,High,12.5K,Off,Off,New England-Wide,Group Call,3181,KC1JMH / Brad Brown,Always,Carrier,Off,1,1,1,Off,7,2,None,None,Off,Off,Off,Off,Normal Encryption,Off,Off,Off,Off,251.1,1,Off,On,Off,Off,Off,Off,1,0,Off,0,2,0,0,0,0,0,0,0,0,0,7
ch01998,EQXVT NETAC1,441.35000,446.35000,D-Digital,High,12.5K,Off,Off,NETAC1,Group Call,8801,KC1JMH / Brad Brown,Always,Carrier,Off,1,1,1,Off,7,1,None,None,Off,Off,Off,Off,Normal Encryption,Off,Off,Off,Off,251.1,1,Off,On,Off,Off,Off,Off,1,0,Off,0,2,0,0,0,0,0,0,0,0,0,7
ch01999,EQXVT NETAC2,441.35000,446.35000,D-Digital,High,12.5K,Off,Off,NETAC2,Group Call,8802,KC1JMH / Brad Brown,Always,Carrier,Off,1,1,1,Off,7,2,None,None,Off,Off,Off,Off,Normal Encryption,Off,Off,Off,Off,251.1,1,Off,On,Off,Off,Off,Off,1,0,Off,0,2,0,0,0,0,0,0,0,0,0,7
ch02000,EQXVT North Am,441.35000,446.35000,D-Digital,High,12.5K,Off,Off,North America,Group Call,3,KC1JMH / Brad Brown,Always,Carrier,Off,1,1,1,Off,7,1,None,None,Off,Off,Off,Off,Normal Encryption,Off,Off,Off,Off,251.1,1,Off,On,Off,Off,Off,Off,1,0,Off,0,2,0,0,0,0,0,0,0,0,0,7
ch02001,EQXVT Northeast,441.35000,446.35000,D-Digital,High,12.5K,Off,Off,Northeast,Group Call,3172,KC1JMH / Brad Brown,Always,Carrier,Off,1,1,1,Off,7,1,None,None,Off,Off,Off,Off,Normal Encryption,Off,Off,Off,Off,251.1,1,Off,On,Off,Off,Off,Off,1,0,Off,0,2,0,0,0,0,0,0,0,0,0,7
ch02002,EQXVT Parrot,441.35000,446.35000,D-Digital,High,12.5K,Off,Off,Parrot,Group Call,9998,KC1JMH / Brad Brown,Always,Carrier,Off,1,1,1,Off,7,1,None,None,Off,Off,Off,Off,Normal Encryption,Off,Off,Off,Off,251.1,1,Off,On,Off,Off,Off,Off,1,0,Off,0,2,0,0,0,0,0,0,0,0,0,7
ch02003,EQXVT Audio,441.35000,446.35000,D-Digital,High,12.5K,Off,Off,Audio Watch,Group Call,9999,KC1JMH / Brad Brown,Always,Carrier,Off,1,1,1,Off,7,1,None,None,Off,Off,Off,Off,Normal Encryption,Off,Off,Off,Off,251.1,1,Off,On,Off,Off,Off,Off,1,0,Off,0,2,0,0,0,0,0,0,0,0,0,7
ch02004,EQXVT TAC316,441.35000,446.35000,D-Digital,High,12.5K,Off,Off,TAC316,Group Call,316,KC1JMH / Brad Brown,Always,Carrier,Off,1,1,1,Off,7,1,None,None,Off,Off,Off,Off,Normal Encryption,Off,Off,Off,Off,251.1,1,Off,On,Off,Off,Off,Off,1,0,Off,0,2,0,0,0,0,0,0,0,0,0,7
ch02005,EQXVT CT SW,441.35000,446.35000,D-Digital,High,12.5K,Off,Off,CT Statewide,Group Call,3109,KC1JMH / Brad Brown,Always,Carrier,Off,1,1,1,Off,7,1,None,None,Off,Off,Off,Off,Normal Encryption,Off,Off,Off,Off,251.1,1,Off,On,Off,Off,Off,Off,1,0,Off,0,2,0,0,0,0,0,0,0,0,0,7
ch02006,EQXVT ME SW,441.35000,446.35000,D-Digital,High,12.5K,Off,Off,ME Statewide,Group Call,3123,KC1JMH / Brad Brown,Always,Carrier,Off,1,1,1,Off,7,1,None,None,Off,Off,Off,Off,Normal Encryption,Off,Off,Off,Off,251.1,1,Off,On,Off,Off,Off,Off,1,0,Off,0,2,0,0,0,0,0,0,0,0,0,7
ch02007,EQXVT NH SW,441.35000,446.35000,D-Digital,High,12.5K,Off,Off,NH Statewide,Group Call,3133,KC1JMH / Brad Brown,Always,Carrier,Off,1,1,1,Off,7,1,None,None,Off,Off,Off,Off,Normal Encryption,Off,Off,Off,Off,251.1,1,Off,On,Off,Off,Off,Off,1,0,Off,0,2,0,0,0,0,0,0,0,0,0,7
ch02008,EQXVT RI SW,441.35000,446.35000,D-Digital,High,12.5K,Off,Off,RI Statewide,Group Call,3144,KC1JMH / Brad Brown,Always,Carrier,Off,1,1,1,Off,7,1,None,None,Off,Off,Off,Off,Normal Encryption,Off,Off,Off,Off,251.1,1,Off,On,Off,Off,Off,Off,1,0,Off,0,2,0,0,0,0,0,0,0,0,0,7
ch02009,EQXVT UpNY,441.35000,446.35000,D-Digital,High,12.5K,Off,Off,Upstate NY,Group Call,31361,KC1JMH / Brad Brown,Always,Carrier,Off,1,1,1,Off,7,1,None,None,Off,Off,Off,Off,Normal Encryption,Off,Off,Off,Off,251.1,1,Off,On,Off,Off,Off,Off,1,0,Off,0,2,0,0,0,0,0,0,0,0,0,7
ch02010,EQXVT Reg North,441.35000,446.35000,D-Digital,High,12.5K,Off,Off,Region North,Group Call,8,KC1JMH / Brad Brown,Always,Carrier,Off,1,1,1,Off,7,2,None,None,Off,Off,Off,Off,Normal Encryption,Off,Off,Off,Off,251.1,1,Off,On,Off,Off,Off,Off,1,0,Off,0,2,0,0,0,0,0,0,0,0,0,7
ch02011,EQXVT SKYWARN,441.35000,446.35000,D-Digital,High,12.5K,Off,Off,SKYWARN,Group Call,759,KC1JMH / Brad Brown,Always,Carrier,Off,1,1,1,Off,7,1,None,None,Off,Off,Off,Off,Normal Encryption,Off,Off,Off,Off,251.1,1,Off,On,Off,Off,Off,Off,1,0,Off,0,2,0,0,0,0,0,0,0,0,0,7
ch02012,EQXVT TAC310,441.35000,446.35000,D-Digital,High,12.5K,Off,Off,TAC310,Group Call,310,KC1JMH / Brad Brown,Always,Carrier,Off,1,1,1,Off,7,1,None,None,Off,Off,Off,Off,Normal Encryption,Off,Off,Off,Off,251.1,1,Off,On,Off,Off,Off,Off,1,0,Off,0,2,0,0,0,0,0,0,0,0,0,7
ch02013,EQXVT TAC311,441.35000,446.35000,D-Digital,High,12.5K,Off,Off,TAC311,Group Call,311,KC1JMH / Brad Brown,Always,Carrier,Off,1,1,1,Off,7,1,None,None,Off,Off,Off,Off,Normal Encryption,Off,Off,Off,Off,251.1,1,Off,On,Off,Off,Off,Off,1,0,Off,0,2,0,0,0,0,0,0,0,0,0,7
ch02014,EQXVT UA Eng1,441.35000,446.35000,D-Digital,High,12.5K,Off,Off,UA English 1-113,Group Call,113,KC1JMH / Brad Brown,Always,Carrier,Off,1,1,1,Off,7,1,None,None,Off,Off,Off,Off,Normal Encryption,Off,Off,Off,Off,251.1,1,Off,On,Off,Off,Off,Off,1,0,Off,0,2,0,0,0,0,0,0,0,0,0,7
ch02015,EQXVT UA Eng2,441.35000,446.35000,D-Digital,High,12.5K,Off,Off,UA English 2-123,Group Call,123,KC1JMH / Brad Brown,Always,Carrier,Off,1,1,1,Off,7,1,None,None,Off,Off,Off,Off,Normal Encryption,Off,Off,Off,Off,251.1,1,Off,On,Off,Off,Off,Off,1,0,Off,0,2,0,0,0,0,0,0,0,0,0,7
ch02016,EQXVT VT SW,441.35000,446.35000,D-Digital,High,12.5K,Off,Off,VT Statewide,Group Call,3150,KC1JMH / Brad Brown,Always,Carrier,Off,1,1,1,Off,7,2,None,None,Off,Off,Off,Off,Normal Encryption,Off,Off,Off,Off,251.1,1,Off,On,Off,Off,Off,Off,1,0,Off,0,2,0,0,0,0,0,0,0,0,0,7
ch02017,EQXVT WW,441.35000,446.35000,D-Digital,High,12.5K,Off,Off,WW Call,Group Call,1,KC1JMH / Brad Brown,Always,Carrier,Off,1,1,1,Off,7,1,None,None,Off,Off,Off,Off,Normal Encryption,Off,Off,Off,Off,251.1,1,Off,On,Off,Off,Off,Off,1,0,Off,0,2,0,0,0,0,0,0,0,0,0,7
ch02018,EQXVT WW Eng,441.35000,446.35000,D-Digital,High,12.5K,Off,Off,WW English,Group Call,13,KC1JMH / Brad Brown,Always,Carrier,Off,1,1,1,Off,7,1,None,None,Off,Off,Off,Off,Normal Encryption,Off,Off,Off,Off,251.1,1,Off,On,Off,Off,Off,Off,1,0,Off,0,2,0,0,0,0,0,0,0,0,0,7
ch02019,JAYVT Local,446.37500,441.37500,D-Digital,High,12.5K,Off,Off,Local,Group Call,9,KC1JMH / Brad Brown,Always,Carrier,Off,1,1,1,Off,7,2,None,None,Off,Off,Off,Off,Normal Encryption,Off,Off,Off,Off,251.1,1,Off,On,Off,Off,Off,Off,1,0,Off,0,2,0,0,0,0,0,0,0,0,0,7
ch02020,JAYVT NE Wide,446.37500,441.37500,D-Digital,High,12.5K,Off,Off,New England-Wide,Group Call,3181,KC1JMH / Brad Brown,Always,Carrier,Off,1,1,1,Off,7,2,None,None,Off,Off,Off,Off,Normal Encryption,Off,Off,Off,Off,251.1,1,Off,On,Off,Off,Off,Off,1,0,Off,0,2,0,0,0,0,0,0,0,0,0,7
ch02021,JAYVT NETAC1,446.37500,441.37500,D-Digital,High,12.5K,Off,Off,NETAC1,Group Call,8801,KC1JMH / Brad Brown,Always,Carrier,Off,1,1,1,Off,7,1,None,None,Off,Off,Off,Off,Normal Encryption,Off,Off,Off,Off,251.1,1,Off,On,Off,Off,Off,Off,1,0,Off,0,2,0,0,0,0,0,0,0,0,0,7
ch02022,JAYVT NETAC2,446.37500,441.37500,D-Digital,High,12.5K,Off,Off,NETAC2,Group Call,8802,KC1JMH / Brad Brown,Always,Carrier,Off,1,1,1,Off,7,2,None,None,Off,Off,Off,Off,Normal Encryption,Off,Off,Off,Off,251.1,1,Off,On,Off,Off,Off,Off,1,0,Off,0,2,0,0,0,0,0,0,0,0,0,7
ch02023,JAYVT NH SW,446.37500,441.37500,D-Digital,High,12.5K,Off,Off,NH Statewide,Group Call,3133,KC1JMH / Brad Brown,Always,Carrier,Off,1,1,1,Off,7,1,None,None,Off,Off,Off,Off,Normal Encryption,Off,Off,Off,Off,251.1,1,Off,On,Off,Off,Off,Off,1,0,Off,0,2,0,0,0,0,0,0,0,0,0,7
ch02024,JAYVT North Am,446.37500,441.37500,D-Digital,High,12.5K,Off,Off,North America,Group Call,3,KC1JMH / Brad Brown,Always,Carrier,Off,1,1,1,Off,7,1,None,None,Off,Off,Off,Off,Normal Encryption,Off,Off,Off,Off,251.1,1,Off,On,Off,Off,Off,Off,1,0,Off,0,2,0,0,0,0,0,0,0,0,0,7
ch02025,JAYVT Northeast,446.37500,441.37500,D-Digital,High,12.5K,Off,Off,Northeast,Group Call,3172,KC1JMH / Brad Brown,Always,Carrier,Off,1,1,1,Off,7,1,None,None,Off,Off,Off,Off,Normal Encryption,Off,Off,Off,Off,251.1,1,Off,On,Off,Off,Off,Off,1,0,Off,0,2,0,0,0,0,0,0,0,0,0,7
ch02026,JAYVT Parrot,446.37500,441.37500,D-Digital,High,12.5K,Off,Off,Parrot,Group Call,9998,KC1JMH / Brad Brown,Always,Carrier,Off,1,1,1,Off,7,1,None,None,Off,Off,Off,Off,Normal Encryption,Off,Off,Off,Off,251.1,1,Off,On,Off,Off,Off,Off,1,0,Off,0,2,0,0,0,0,0,0,0,0,0,7
ch02027,JAYVT Audio,446.37500,441.37500,D-Digital,High,12.5K,Off,Off,Audio Watch,Group Call,9999,KC1JMH / Brad Brown,Always,Carrier,Off,1,1,1,Off,7,1,None,None,Off,Off,Off,Off,Normal Encryption,Off,Off,Off,Off,251.1,1,Off,On,Off,Off,Off,Off,1,0,Off,0,2,0,0,0,0,0,0,0,0,0,7
ch02028,JAYVT TAC316,446.37500,441.37500,D-Digital,High,12.5K,Off,Off,TAC316,Group Call,316,KC1JMH / Brad Brown,Always,Carrier,Off,1,1,1,Off,7,1,None,None,Off,Off,Off,Off,Normal Encryption,Off,Off,Off,Off,251.1,1,Off,On,Off,Off,Off,Off,1,0,Off,0,2,0,0,0,0,0,0,0,0,0,7
ch02029,JAYVT CT SW,446.37500,441.37500,D-Digital,High,12.5K,Off,Off,CT Statewide,Group Call,3109,KC1JMH / Brad Brown,Always,Carrier,Off,1,1,1,Off,7,1,None,None,Off,Off,Off,Off,Normal Encryption,Off,Off,Off,Off,251.1,1,Off,On,Off,Off,Off,Off,1,0,Off,0,2,0,0,0,0,0,0,0,0,0,7
ch02030,JAYVT MA SW,446.37500,441.37500,D-Digital,High,12.5K,Off,Off,MA Statewide,Group Call,3125,KC1JMH / Brad Brown,Always,Carrier,Off,1,1,1,Off,7,1,None,None,Off,Off,Off,Off,Normal Encryption,Off,Off,Off,Off,251.1,1,Off,On,Off,Off,Off,Off,1,0,Off,0,2,0,0,0,0,0,0,0,0,0,7
ch02031,JAYVT ME SW,446.37500,441.37500,D-Digital,High,12.5K,Off,Off,ME Statewide,Group Call,3123,KC1JMH / Brad Brown,Always,Carrier,Off,1,1,1,Off,7,1,None,None,Off,Off,Off,Off,Normal Encryption,Off,Off,Off,Off,251.1,1,Off,On,Off,Off,Off,Off,1,0,Off,0,2,0,0,0,0,0,0,0,0,0,7
ch02032,JAYVT RI SW,446.37500,441.37500,D-Digital,High,12.5K,Off,Off,RI Statewide,Group Call,3144,KC1JMH / Brad Brown,Always,Carrier,Off,1,1,1,Off,7,1,None,None,Off,Off,Off,Off,Normal Encryption,Off,Off,Off,Off,251.1,1,Off,On,Off,Off,Off,Off,1,0,Off,0,2,0,0,0,0,0,0,0,0,0,7
ch02033,JAYVT Reg North,446.37500,441.37500,D-Digital,High,12.5K,Off,Off,Region North,Group Call,8,KC1JMH / Brad Brown,Always,Carrier,Off,1,1,1,Off,7,2,None,None,Off,Off,Off,Off,Normal Encryption,Off,Off,Off,Off,251.1,1,Off,On,Off,Off,Off,Off,1,0,Off,0,2,0,0,0,0,0,0,0,0,0,7
ch02034,JAYVT SKYWARN,446.37500,441.37500,D-Digital,High,12.5K,Off,Off,SKYWARN,Group Call,759,KC1JMH / Brad Brown,Always,Carrier,Off,1,1,1,Off,7,1,None,None,Off,Off,Off,Off,Normal Encryption,Off,Off,Off,Off,251.1,1,Off,On,Off,Off,Off,Off,1,0,Off,0,2,0,0,0,0,0,0,0,0,0,7
ch02035,JAYVT TAC310,446.37500,441.37500,D-Digital,High,12.5K,Off,Off,TAC310,Group Call,310,KC1JMH / Brad Brown,Always,Carrier,Off,1,1,1,Off,7,1,None,None,Off,Off,Off,Off,Normal Encryption,Off,Off,Off,Off,251.1,1,Off,On,Off,Off,Off,Off,1,0,Off,0,2,0,0,0,0,0,0,0,0,0,7
ch02036,JAYVT TAC311,446.37500,441.37500,D-Digital,High,12.5K,Off,Off,TAC311,Group Call,311,KC1JMH / Brad Brown,Always,Carrier,Off,1,1,1,Off,7,1,None,None,Off,Off,Off,Off,Normal Encryption,Off,Off,Off,Off,251.1,1,Off,On,Off,Off,Off,Off,1,0,Off,0,2,0,0,0,0,0,0,0,0,0,7
ch02037,JAYVT UA Eng1,446.37500,441.37500,D-Digital,High,12.5K,Off,Off,UA English 1-113,Group Call,113,KC1JMH / Brad Brown,Always,Carrier,Off,1,1,1,Off,7,1,None,None,Off,Off,Off,Off,Normal Encryption,Off,Off,Off,Off,251.1,1,Off,On,Off,Off,Off,Off,1,0,Off,0,2,0,0,0,0,0,0,0,0,0,7
ch02038,JAYVT UA Eng2,446.37500,441.37500,D-Digital,High,12.5K,Off,Off,UA English 2-123,Group Call,123,KC1JMH / Brad Brown,Always,Carrier,Off,1,1,1,Off,7,1,None,None,Off,Off,Off,Off,Normal Encryption,Off,Off,Off,Off,251.1,1,Off,On,Off,Off,Off,Off,1,0,Off,0,2,0,0,0,0,0,0,0,0,0,7
ch02039,JAYVT VT SW,446.37500,441.37500,D-Digital,High,12.5K,Off,Off,VT Statewide,Group Call,3150,KC1JMH / Brad Brown,Always,Carrier,Off,1,1,1,Off,7,2,None,None,Off,Off,Off,Off,Normal Encryption,Off,Off,Off,Off,251.1,1,Off,On,Off,Off,Off,Off,1,0,Off,0,2,0,0,0,0,0,0,0,0,0,7
ch02040,JAYVT WW,446.37500,441.37500,D-Digital,High,12.5K,Off,Off,WW Call,Group Call,1,KC1JMH / Brad Brown,Always,Carrier,Off,1,1,1,Off,7,1,None,None,Off,Off,Off,Off,Normal Encryption,Off,Off,Off,Off,251.1,1,Off,On,Off,Off,Off,Off,1,0,Off,0,2,0,0,0,0,0,0,0,0,0,7
ch02041,JAYVT WW Eng,446.37500,441.37500,D-Digital,High,12.5K,Off,Off,WW English,Group Call,13,KC1JMH / Brad Brown,Always,Carrier,Off,1,1,1,Off,7,1,None,None,Off,Off,Off,Off,Normal Encryption,Off,Off,Off,Off,251.1,1,Off,On,Off,Off,Off,Off,1,0,Off,0,2,0,0,0,0,0,0,0,0,0,7
ch02042,LYNVT Local,448.57500,443.57500,D-Digital,High,12.5K,Off,Off,Local,Group Call,9,KC1JMH / Brad Brown,Always,Carrier,Off,1,1,1,Off,5,2,None,None,Off,Off,Off,Off,Normal Encryption,Off,Off,Off,Off,251.1,1,Off,On,Off,Off,Off,Off,1,0,Off,0,2,0,0,0,0,0,0,0,0,0,5
ch02043,LYNVT MA SW,448.57500,443.57500,D-Digital,High,12.5K,Off,Off,MA Statewide,Group Call,3125,KC1JMH / Brad Brown,Always,Carrier,Off,1,1,1,Off,5,1,None,None,Off,Off,Off,Off,Normal Encryption,Off,Off,Off,Off,251.1,1,Off,On,Off,Off,Off,Off,1,0,Off,0,2,0,0,0,0,0,0,0,0,0,5
ch02044,LYNVT NE Wide,448.57500,443.57500,D-Digital,High,12.5K,Off,Off,New England-Wide,Group Call,3181,KC1JMH / Brad Brown,Always,Carrier,Off,1,1,1,Off,5,2,None,None,Off,Off,Off,Off,Normal Encryption,Off,Off,Off,Off,251.1,1,Off,On,Off,Off,Off,Off,1,0,Off,0,2,0,0,0,0,0,0,0,0,0,5
ch02045,LYNVT NETAC1,448.57500,443.57500,D-Digital,High,12.5K,Off,Off,NETAC1,Group Call,8801,KC1JMH / Brad Brown,Always,Carrier,Off,1,1,1,Off,5,1,None,None,Off,Off,Off,Off,Normal Encryption,Off,Off,Off,Off,251.1,1,Off,On,Off,Off,Off,Off,1,0,Off,0,2,0,0,0,0,0,0,0,0,0,5
ch02046,LYNVT NETAC2,448.57500,443.57500,D-Digital,High,12.5K,Off,Off,NETAC2,Group Call,8802,KC1JMH / Brad Brown,Always,Carrier,Off,1,1,1,Off,5,2,None,None,Off,Off,Off,Off,Normal Encryption,Off,Off,Off,Off,251.1,1,Off,On,Off,Off,Off,Off,1,0,Off,0,2,0,0,0,0,0,0,0,0,0,5
ch02047,LYNVT NH SW,448.57500,443.57500,D-Digital,High,12.5K,Off,Off,NH Statewide,Group Call,3133,KC1JMH / Brad Brown,Always,Carrier,Off,1,1,1,Off,5,1,None,None,Off,Off,Off,Off,Normal Encryption,Off,Off,Off,Off,251.1,1,Off,On,Off,Off,Off,Off,1,0,Off,0,2,0,0,0,0,0,0,0,0,0,5
ch02048,LYNVT North Am,448.57500,443.57500,D-Digital,High,12.5K,Off,Off,North America,Group Call,3,KC1JMH / Brad Brown,Always,Carrier,Off,1,1,1,Off,5,1,None,None,Off,Off,Off,Off,Normal Encryption,Off,Off,Off,Off,251.1,1,Off,On,Off,Off,Off,Off,1,0,Off,0,2,0,0,0,0,0,0,0,0,0,5
ch02049,LYNVT Northeast,448.57500,443.57500,D-Digital,High,12.5K,Off,Off,Northeast,Group Call,3172,KC1JMH / Brad Brown,Always,Carrier,Off,1,1,1,Off,5,1,None,None,Off,Off,Off,Off,Normal Encryption,Off,Off,Off,Off,251.1,1,Off,On,Off,Off,Off,Off,1,0,Off,0,2,0,0,0,0,0,0,0,0,0,5
ch02050,LYNVT Parrot,448.57500,443.57500,D-Digital,High,12.5K,Off,Off,Parrot,Group Call,9998,KC1JMH / Brad Brown,Always,Carrier,Off,1,1,1,Off,5,1,None,None,Off,Off,Off,Off,Normal Encryption,Off,Off,Off,Off,251.1,1,Off,On,Off,Off,Off,Off,1,0,Off,0,2,0,0,0,0,0,0,0,0,0,5
ch02051,LYNVT Reg North,448.57500,443.57500,D-Digital,High,12.5K,Off,Off,Region North,Group Call,8,KC1JMH / Brad Brown,Always,Carrier,Off,1,1,1,Off,5,2,None,None,Off,Off,Off,Off,Normal Encryption,Off,Off,Off,Off,251.1,1,Off,On,Off,Off,Off,Off,1,0,Off,0,2,0,0,0,0,0,0,0,0,0,5
ch02052,LYNVT SKYWARN,448.57500,443.57500,D-Digital,High,12.5K,Off,Off,SKYWARN,Group Call,759,KC1JMH / Brad Brown,Always,Carrier,Off,1,1,1,Off,5,1,None,None,Off,Off,Off,Off,Normal Encryption,Off,Off,Off,Off,251.1,1,Off,On,Off,Off,Off,Off,1,0,Off,0,2,0,0,0,0,0,0,0,0,0,5
ch02053,LYNVT TAC310,448.57500,443.57500,D-Digital,High,12.5K,Off,Off,TAC310,Group Call,310,KC1JMH / Brad Brown,Always,Carrier,Off,1,1,1,Off,5,1,None,None,Off,Off,Off,Off,Normal Encryption,Off,Off,Off,Off,251.1,1,Off,On,Off,Off,Off,Off,1,0,Off,0,2,0,0,0,0,0,0,0,0,0,5
ch02054,LYNVT TAC311,448.57500,443.57500,D-Digital,High,12.5K,Off,Off,TAC311,Group Call,311,KC1JMH / Brad Brown,Always,Carrier,Off,1,1,1,Off,5,1,None,None,Off,Off,Off,Off,Normal Encryption,Off,Off,Off,Off,251.1,1,Off,On,Off,Off,Off,Off,1,0,Off,0,2,0,0,0,0,0,0,0,0,0,5
ch02055,LYNVT UA Eng1,448.57500,443.57500,D-Digital,High,12.5K,Off,Off,UA English 1-113,Group Call,113,KC1JMH / Brad Brown,Always,Carrier,Off,1,1,1,Off,5,1,None,None,Off,Off,Off,Off,Normal Encryption,Off,Off,Off,Off,251.1,1,Off,On,Off,Off,Off,Off,1,0,Off,0,2,0,0,0,0,0,0,0,0,0,5
ch02056,LYNVT UA Eng2,448.57500,443.57500,D-Digital,High,12.5K,Off,Off,UA English 2-123,Group Call,123,KC1JMH / Brad Brown,Always,Carrier,Off,1,1,1,Off,5,1,None,None,Off,Off,Off,Off,Normal Encryption,Off,Off,Off,Off,251.1,1,Off,On,Off,Off,Off,Off,1,0,Off,0,2,0,0,0,0,0,0,0,0,0,5
ch02057,LYNVT VT SW,448.57500,443.57500,D-Digital,High,12.5K,Off,Off,VT Statewide,Group Call,3150,KC1JMH / Brad Brown,Always,Carrier,Off,1,1,1,Off,5,2,None,None,Off,Off,Off,Off,Normal Encryption,Off,Off,Off,Off,251.1,1,Off,On,Off,Off,Off,Off,1,0,Off,0,2,0,0,0,0,0,0,0,0,0,5
ch02058,LYNVT WW,448.57500,443.57500,D-Digital,High,12.5K,Off,Off,WW Call,Group Call,1,KC1JMH / Brad Brown,Always,Carrier,Off,1,1,1,Off,5,1,None,None,Off,Off,Off,Off,Normal Encryption,Off,Off,Off,Off,251.1,1,Off,On,Off,Off,Off,Off,1,0,Off,0,2,0,0,0,0,0,0,0,0,0,5
ch02059,LYNVT WW Eng,448.57500,443.57500,D-Digital,High,12.5K,Off,Off,WW English,Group Call,13,KC1JMH / Brad Brown,Always,Carrier,Off,1,1,1,Off,5,1,None,None,Off,Off,Off,Off,Normal Encryption,Off,Off,Off,Off,251.1,1,Off,On,Off,Off,Off,Off,1,0,Off,0,2,0,0,0,0,0,0,0,0,0,5
ch02060,MNKVT Local,443.75000,448.75000,D-Digital,High,12.5K,Off,Off,Local,Group Call,9,KC1JMH / Brad Brown,Always,Carrier,Off,1,1,1,Off,7,2,None,None,Off,Off,Off,Off,Normal Encryption,Off,Off,Off,Off,251.1,1,Off,On,Off,Off,Off,Off,1,0,Off,0,2,0,0,0,0,0,0,0,0,0,7
ch02061,MNKVT MA SW,443.75000,448.75000,D-Digital,High,12.5K,Off,Off,MA Statewide,Group Call,3125,KC1JMH / Brad Brown,Always,Carrier,Off,1,1,1,Off,7,1,None,None,Off,Off,Off,Off,Normal Encryption,Off,Off,Off,Off,251.1,1,Off,On,Off,Off,Off,Off,1,0,Off,0,2,0,0,0,0,0,0,0,0,0,7
ch02062,MNKVT NE Wide,443.75000,448.75000,D-Digital,High,12.5K,Off,Off,New England-Wide,Group Call,3181,KC1JMH / Brad Brown,Always,Carrier,Off,1,1,1,Off,7,2,None,None,Off,Off,Off,Off,Normal Encryption,Off,Off,Off,Off,251.1,1,Off,On,Off,Off,Off,Off,1,0,Off,0,2,0,0,0,0,0,0,0,0,0,7
ch02063,MNKVT NETAC1,443.75000,448.75000,D-Digital,High,12.5K,Off,Off,NETAC1,Group Call,8801,KC1JMH / Brad Brown,Always,Carrier,Off,1,1,1,Off,7,1,None,None,Off,Off,Off,Off,Normal Encryption,Off,Off,Off,Off,251.1,1,Off,On,Off,Off,Off,Off,1,0,Off,0,2,0,0,0,0,0,0,0,0,0,7
ch02064,MNKVT NETAC2,443.75000,448.75000,D-Digital,High,12.5K,Off,Off,NETAC2,Group Call,8802,KC1JMH / Brad Brown,Always,Carrier,Off,1,1,1,Off,7,2,None,None,Off,Off,Off,Off,Normal Encryption,Off,Off,Off,Off,251.1,1,Off,On,Off,Off,Off,Off,1,0,Off,0,2,0,0,0,0,0,0,0,0,0,7
ch02065,MNKVT NH SW,443.75000,448.75000,D-Digital,High,12.5K,Off,Off,NH Statewide,Group Call,3133,KC1JMH / Brad Brown,Always,Carrier,Off,1,1,1,Off,7,1,None,None,Off,Off,Off,Off,Normal Encryption,Off,Off,Off,Off,251.1,1,Off,On,Off,Off,Off,Off,1,0,Off,0,2,0,0,0,0,0,0,0,0,0,7
ch02066,MNKVT North Am,443.75000,448.75000,D-Digital,High,12.5K,Off,Off,North America,Group Call,3,KC1JMH / Brad Brown,Always,Carrier,Off,1,1,1,Off,7,1,None,None,Off,Off,Off,Off,Normal Encryption,Off,Off,Off,Off,251.1,1,Off,On,Off,Off,Off,Off,1,0,Off,0,2,0,0,0,0,0,0,0,0,0,7
ch02067,MNKVT Northeast,443.75000,448.75000,D-Digital,High,12.5K,Off,Off,Northeast,Group Call,3172,KC1JMH / Brad Brown,Always,Carrier,Off,1,1,1,Off,7,1,None,None,Off,Off,Off,Off,Normal Encryption,Off,Off,Off,Off,251.1,1,Off,On,Off,Off,Off,Off,1,0,Off,0,2,0,0,0,0,0,0,0,0,0,7
ch02068,MNKVT Parrot,443.75000,448.75000,D-Digital,High,12.5K,Off,Off,Parrot,Group Call,9998,KC1JMH / Brad Brown,Always,Carrier,Off,1,1,1,Off,7,1,None,None,Off,Off,Off,Off,Normal Encryption,Off,Off,Off,Off,251.1,1,Off,On,Off,Off,Off,Off,1,0,Off,0,2,0,0,0,0,0,0,0,0,0,7
ch02069,MNKVT Audio,443.75000,448.75000,D-Digital,High,12.5K,Off,Off,Audio Watch,Group Call,9999,KC1JMH / Brad Brown,Always,Carrier,Off,1,1,1,Off,7,1,None,None,Off,Off,Off,Off,Normal Encryption,Off,Off,Off,Off,251.1,1,Off,On,Off,Off,Off,Off,1,0,Off,0,2,0,0,0,0,0,0,0,0,0,7
ch02070,MNKVT TAC316,443.75000,448.75000,D-Digital,High,12.5K,Off,Off,TAC316,Group Call,316,KC1JMH / Brad Brown,Always,Carrier,Off,1,1,1,Off,7,1,None,None,Off,Off,Off,Off,Normal Encryption,Off,Off,Off,Off,251.1,1,Off,On,Off,Off,Off,Off,1,0,Off,0,2,0,0,0,0,0,0,0,0,0,7
ch02071,MNKVT CT SW,443.75000,448.75000,D-Digital,High,12.5K,Off,Off,CT Statewide,Group Call,3109,KC1JMH / Brad Brown,Always,Carrier,Off,1,1,1,Off,7,1,None,None,Off,Off,Off,Off,Normal Encryption,Off,Off,Off,Off,251.1,1,Off,On,Off,Off,Off,Off,1,0,Off,0,2,0,0,0,0,0,0,0,0,0,7
ch02072,MNKVT ME SW,443.75000,448.75000,D-Digital,High,12.5K,Off,Off,ME Statewide,Group Call,3123,KC1JMH / Brad Brown,Always,Carrier,Off,1,1,1,Off,7,1,None,None,Off,Off,Off,Off,Normal Encryption,Off,Off,Off,Off,251.1,1,Off,On,Off,Off,Off,Off,1,0,Off,0,2,0,0,0,0,0,0,0,0,0,7
ch02073,MNKVT RI SW,443.75000,448.75000,D-Digital,High,12.5K,Off,Off,RI Statewide,Group Call,3144,KC1JMH / Brad Brown,Always,Carrier,Off,1,1,1,Off,7,1,None,None,Off,Off,Off,Off,Normal Encryption,Off,Off,Off,Off,251.1,1,Off,On,Off,Off,Off,Off,1,0,Off,0,2,0,0,0,0,0,0,0,0,0,7
ch02074,MNKVT UpNY,443.75000,448.75000,D-Digital,High,12.5K,Off,Off,Upstate NY,Group Call,31361,KC1JMH / Brad Brown,Always,Carrier,Off,1,1,1,Off,7,1,None,None,Off,Off,Off,Off,Normal Encryption,Off,Off,Off,Off,251.1,1,Off,On,Off,Off,Off,Off,1,0,Off,0,2,0,0,0,0,0,0,0,0,0,7
ch02075,MNKVT Reg North,443.75000,448.75000,D-Digital,High,12.5K,Off,Off,Region North,Group Call,8,KC1JMH / Brad Brown,Always,Carrier,Off,1,1,1,Off,7,2,None,None,Off,Off,Off,Off,Normal Encryption,Off,Off,Off,Off,251.1,1,Off,On,Off,Off,Off,Off,1,0,Off,0,2,0,0,0,0,0,0,0,0,0,7
ch02076,MNKVT SKYWARN,443.75000,448.75000,D-Digital,High,12.5K,Off,Off,SKYWARN,Group Call,759,KC1JMH / Brad Brown,Always,Carrier,Off,1,1,1,Off,7,1,None,None,Off,Off,Off,Off,Normal Encryption,Off,Off,Off,Off,251.1,1,Off,On,Off,Off,Off,Off,1,0,Off,0,2,0,0,0,0,0,0,0,0,0,7
ch02077,MNKVT TAC310,443.75000,448.75000,D-Digital,High,12.5K,Off,Off,TAC310,Group Call,310,KC1JMH / Brad Brown,Always,Carrier,Off,1,1,1,Off,7,1,None,None,Off,Off,Off,Off,Normal Encryption,Off,Off,Off,Off,251.1,1,Off,On,Off,Off,Off,Off,1,0,Off,0,2,0,0,0,0,0,0,0,0,0,7
ch02078,MNKVT TAC311,443.75000,448.75000,D-Digital,High,12.5K,Off,Off,TAC311,Group Call,311,KC1JMH / Brad Brown,Always,Carrier,Off,1,1,1,Off,7,1,None,None,Off,Off,Off,Off,Normal Encryption,Off,Off,Off,Off,251.1,1,Off,On,Off,Off,Off,Off,1,0,Off,0,2,0,0,0,0,0,0,0,0,0,7
ch02079,MNKVT UA Eng1,443.75000,448.75000,D-Digital,High,12.5K,Off,Off,UA English 1-113,Group Call,113,KC1JMH / Brad Brown,Always,Carrier,Off,1,1,1,Off,7,1,None,None,Off,Off,Off,Off,Normal Encryption,Off,Off,Off,Off,251.1,1,Off,On,Off,Off,Off,Off,1,0,Off,0,2,0,0,0,0,0,0,0,0,0,7
ch02080,MNKVT UA Eng2,443.75000,448.75000,D-Digital,High,12.5K,Off,Off,UA English 2-123,Group Call,123,KC1JMH / Brad Brown,Always,Carrier,Off,1,1,1,Off,7,1,None,None,Off,Off,Off,Off,Normal Encryption,Off,Off,Off,Off,251.1,1,Off,On,Off,Off,Off,Off,1,0,Off,0,2,0,0,0,0,0,0,0,0,0,7
ch02081,MNKVT VT SW,443.75000,448.75000,D-Digital,High,12.5K,Off,Off,VT Statewide,Group Call,3150,KC1JMH / Brad Brown,Always,Carrier,Off,1,1,1,Off,7,2,None,None,Off,Off,Off,Off,Normal Encryption,Off,Off,Off,Off,251.1,1,Off,On,Off,Off,Off,Off,1,0,Off,0,2,0,0,0,0,0,0,0,0,0,7
ch02082,MNKVT WW,443.75000,448.75000,D-Digital,High,12.5K,Off,Off,WW Call,Group Call,1,KC1JMH / Brad Brown,Always,Carrier,Off,1,1,1,Off,7,1,None,None,Off,Off,Off,Off,Normal Encryption,Off,Off,Off,Off,251.1,1,Off,On,Off,Off,Off,Off,1,0,Off,0,2,0,0,0,0,0,0,0,0,0,7
ch02083,MNKVT WW Eng,443.75000,448.75000,D-Digital,High,12.5K,Off,Off,WW English,Group Call,13,KC1JMH / Brad Brown,Always,Carrier,Off,1,1,1,Off,7,1,None,None,Off,Off,Off,Off,Normal Encryption,Off,Off,Off,Off,251.1,1,Off,On,Off,Off,Off,Off,1,0,Off,0,2,0,0,0,0,0,0,0,0,0,7
ch02084,NFLDVT CT SW,449.47500,444.47500,D-Digital,High,12.5K,Off,Off,CT Statewide,Group Call,3109,KC1JMH / Brad Brown,Always,Carrier,Off,1,1,1,Off,6,1,None,None,Off,Off,Off,Off,Normal Encryption,Off,Off,Off,Off,251.1,1,Off,On,Off,Off,Off,Off,1,0,Off,0,2,0,0,0,0,0,0,0,0,0,6
ch02085,NFLDVT Local,449.47500,444.47500,D-Digital,High,12.5K,Off,Off,Local,Group Call,9,KC1JMH / Brad Brown,Always,Carrier,Off,1,1,1,Off,6,2,None,None,Off,Off,Off,Off,Normal Encryption,Off,Off,Off,Off,251.1,1,Off,On,Off,Off,Off,Off,1,0,Off,0,2,0,0,0,0,0,0,0,0,0,6
ch02086,NFLDVT MA SW,449.47500,444.47500,D-Digital,High,12.5K,Off,Off,MA Statewide,Group Call,3125,KC1JMH / Brad Brown,Always,Carrier,Off,1,1,1,Off,6,1,None,None,Off,Off,Off,Off,Normal Encryption,Off,Off,Off,Off,251.1,1,Off,On,Off,Off,Off,Off,1,0,Off,0,2,0,0,0,0,0,0,0,0,0,6
ch02087,NFLDVT ME SW,449.47500,444.47500,D-Digital,High,12.5K,Off,Off,ME Statewide,Group Call,3123,KC1JMH / Brad Brown,Always,Carrier,Off,1,1,1,Off,6,1,None,None,Off,Off,Off,Off,Normal Encryption,Off,Off,Off,Off,251.1,1,Off,On,Off,Off,Off,Off,1,0,Off,0,2,0,0,0,0,0,0,0,0,0,6
ch02088,NFLDVT NE Wide,449.47500,444.47500,D-Digital,High,12.5K,Off,Off,New England-Wide,Group Call,3181,KC1JMH / Brad Brown,Always,Carrier,Off,1,1,1,Off,6,2,None,None,Off,Off,Off,Off,Normal Encryption,Off,Off,Off,Off,251.1,1,Off,On,Off,Off,Off,Off,1,0,Off,0,2,0,0,0,0,0,0,0,0,0,6
ch02089,NFLDVT NETAC1,449.47500,444.47500,D-Digital,High,12.5K,Off,Off,NETAC1,Group Call,8801,KC1JMH / Brad Brown,Always,Carrier,Off,1,1,1,Off,6,1,None,None,Off,Off,Off,Off,Normal Encryption,Off,Off,Off,Off,251.1,1,Off,On,Off,Off,Off,Off,1,0,Off,0,2,0,0,0,0,0,0,0,0,0,6
ch02090,NFLDVT NETAC2,449.47500,444.47500,D-Digital,High,12.5K,Off,Off,NETAC2,Group Call,8802,KC1JMH / Brad Brown,Always,Carrier,Off,1,1,1,Off,6,2,None,None,Off,Off,Off,Off,Normal Encryption,Off,Off,Off,Off,251.1,1,Off,On,Off,Off,Off,Off,1,0,Off,0,2,0,0,0,0,0,0,0,0,0,6
ch02091,NFLDVT NH SW,449.47500,444.47500,D-Digital,High,12.5K,Off,Off,NH Statewide,Group Call,3133,KC1JMH / Brad Brown,Always,Carrier,Off,1,1,1,Off,6,1,None,None,Off,Off,Off,Off,Normal Encryption,Off,Off,Off,Off,251.1,1,Off,On,Off,Off,Off,Off,1,0,Off,0,2,0,0,0,0,0,0,0,0,0,6
ch02092,NFLDVT North Am,449.47500,444.47500,D-Digital,High,12.5K,Off,Off,North America,Group Call,3,KC1JMH / Brad Brown,Always,Carrier,Off,1,1,1,Off,6,1,None,None,Off,Off,Off,Off,Normal Encryption,Off,Off,Off,Off,251.1,1,Off,On,Off,Off,Off,Off,1,0,Off,0,2,0,0,0,0,0,0,0,0,0,6
ch02093,NFLDVT Northeast,449.47500,444.47500,D-Digital,High,12.5K,Off,Off,Northeast,Group Call,3172,KC1JMH / Brad Brown,Always,Carrier,Off,1,1,1,Off,6,1,None,None,Off,Off,Off,Off,Normal Encryption,Off,Off,Off,Off,251.1,1,Off,On,Off,Off,Off,Off,1,0,Off,0,2,0,0,0,0,0,0,0,0,0,6
ch02094,NFLDVT Parrot,449.47500,444.47500,D-Digital,High,12.5K,Off,Off,Parrot,Group Call,9998,KC1JMH / Brad Brown,Always,Carrier,Off,1,1,1,Off,6,1,None,None,Off,Off,Off,Off,Normal Encryption,Off,Off,Off,Off,251.1,1,Off,On,Off,Off,Off,Off,1,0,Off,0,2,0,0,0,0,0,0,0,0,0,6
ch02095,NFLDVT Reg North,449.47500,444.47500,D-Digital,High,12.5K,Off,Off,Region North,Group Call,8,KC1JMH / Brad Brown,Always,Carrier,Off,1,1,1,Off,6,1,None,None,Off,Off,Off,Off,Normal Encryption,Off,Off,Off,Off,251.1,1,Off,On,Off,Off,Off,Off,1,0,Off,0,2,0,0,0,0,0,0,0,0,0,6
ch02096,NFLDVT SKYWARN,449.47500,444.47500,D-Digital,High,12.5K,Off,Off,SKYWARN,Group Call,759,KC1JMH / Brad Brown,Always,Carrier,Off,1,1,1,Off,6,1,None,None,Off,Off,Off,Off,Normal Encryption,Off,Off,Off,Off,251.1,1,Off,On,Off,Off,Off,Off,1,0,Off,0,2,0,0,0,0,0,0,0,0,0,6
ch02097,NFLDVT TAC310,449.47500,444.47500,D-Digital,High,12.5K,Off,Off,TAC310,Group Call,310,KC1JMH / Brad Brown,Always,Carrier,Off,1,1,1,Off,6,1,None,None,Off,Off,Off,Off,Normal Encryption,Off,Off,Off,Off,251.1,1,Off,On,Off,Off,Off,Off,1,0,Off,0,2,0,0,0,0,0,0,0,0,0,6
ch02098,NFLDVT TAC311,449.47500,444.47500,D-Digital,High,12.5K,Off,Off,TAC311,Group Call,311,KC1JMH / Brad Brown,Always,Carrier,Off,1,1,1,Off,6,1,None,None,Off,Off,Off,Off,Normal Encryption,Off,Off,Off,Off,251.1,1,Off,On,Off,Off,Off,Off,1,0,Off,0,2,0,0,0,0,0,0,0,0,0,6
ch02099,NFLDVT UA Eng1,449.47500,444.47500,D-Digital,High,12.5K,Off,Off,UA English 1-113,Group Call,113,KC1JMH / Brad Brown,Always,Carrier,Off,1,1,1,Off,6,1,None,None,Off,Off,Off,Off,Normal Encryption,Off,Off,Off,Off,251.1,1,Off,On,Off,Off,Off,Off,1,0,Off,0,2,0,0,0,0,0,0,0,0,0,6
ch02100,NFLDVT UA Eng2,449.47500,444.47500,D-Digital,High,12.5K,Off,Off,UA English 2-123,Group Call,123,KC1JMH / Brad Brown,Always,Carrier,Off,1,1,1,Off,6,1,None,None,Off,Off,Off,Off,Normal Encryption,Off,Off,Off,Off,251.1,1,Off,On,Off,Off,Off,Off,1,0,Off,0,2,0,0,0,0,0,0,0,0,0,6
ch02101,NFLDVT VT SW,449.47500,444.47500,D-Digital,High,12.5K,Off,Off,VT Statewide,Group Call,3150,KC1JMH / Brad Brown,Always,Carrier,Off,1,1,1,Off,6,2,None,None,Off,Off,Off,Off,Normal Encryption,Off,Off,Off,Off,251.1,1,Off,On,Off,Off,Off,Off,1,0,Off,0,2,0,0,0,0,0,0,0,0,0,6
ch02102,NFLDVT WW,449.47500,444.47500,D-Digital,High,12.5K,Off,Off,WW Call,Group Call,1,KC1JMH / Brad Brown,Always,Carrier,Off,1,1,1,Off,6,1,None,None,Off,Off,Off,Off,Normal Encryption,Off,Off,Off,Off,251.1,1,Off,On,Off,Off,Off,Off,1,0,Off,0,2,0,0,0,0,0,0,0,0,0,6
ch02103,NFLDVT WW Eng,449.47500,444.47500,D-Digital,High,12.5K,Off,Off,WW English,Group Call,13,KC1JMH / Brad Brown,Always,Carrier,Off,1,1,1,Off,6,1,None,None,Off,Off,Off,Off,Normal Encryption,Off,Off,Off,Off,251.1,1,Off,On,Off,Off,Off,Off,1,0,Off,0,2,0,0,0,0,0,0,0,0,0,6
ch02104,PICVT Local,444.50000,449.50000,D-Digital,High,12.5K,Off,Off,Local,Group Call,9,KC1JMH / Brad Brown,Always,Carrier,Off,1,1,1,Off,1,2,None,None,Off,Off,Off,Off,Normal Encryption,Off,Off,Off,Off,251.1,1,Off,On,Off,Off,Off,Off,1,0,Off,0,2,0,0,0,0,0,0,0,0,0,1
ch02105,PICVT MA SW,444.50000,449.50000,D-Digital,High,12.5K,Off,Off,MA Statewide,Group Call,3125,KC1JMH / Brad Brown,Always,Carrier,Off,1,1,1,Off,1,1,None,None,Off,Off,Off,Off,Normal Encryption,Off,Off,Off,Off,251.1,1,Off,On,Off,Off,Off,Off,1,0,Off,0,2,0,0,0,0,0,0,0,0,0,1
ch02106,PICVT NE Wide,444.50000,449.50000,D-Digital,High,12.5K,Off,Off,New England-Wide,Group Call,3181,KC1JMH / Brad Brown,Always,Carrier,Off,1,1,1,Off,1,2,None,None,Off,Off,Off,Off,Normal Encryption,Off,Off,Off,Off,251.1,1,Off,On,Off,Off,Off,Off,1,0,Off,0,2,0,0,0,0,0,0,0,0,0,1
ch02107,PICVT NETAC1,444.50000,449.50000,D-Digital,High,12.5K,Off,Off,NETAC1,Group Call,8801,KC1JMH / Brad Brown,Always,Carrier,Off,1,1,1,Off,1,1,None,None,Off,Off,Off,Off,Normal Encryption,Off,Off,Off,Off,251.1,1,Off,On,Off,Off,Off,Off,1,0,Off,0,2,0,0,0,0,0,0,0,0,0,1
ch02108,PICVT NETAC2,444.50000,449.50000,D-Digital,High,12.5K,Off,Off,NETAC2,Group Call,8802,KC1JMH / Brad Brown,Always,Carrier,Off,1,1,1,Off,1,2,None,None,Off,Off,Off,Off,Normal Encryption,Off,Off,Off,Off,251.1,1,Off,On,Off,Off,Off,Off,1,0,Off,0,2,0,0,0,0,0,0,0,0,0,1
ch02109,PICVT NH SW,444.50000,449.50000,D-Digital,High,12.5K,Off,Off,NH Statewide,Group Call,3133,KC1JMH / Brad Brown,Always,Carrier,Off,1,1,1,Off,1,1,None,None,Off,Off,Off,Off,Normal Encryption,Off,Off,Off,Off,251.1,1,Off,On,Off,Off,Off,Off,1,0,Off,0,2,0,0,0,0,0,0,0,0,0,1
ch02110,PICVT North Am,444.50000,449.50000,D-Digital,High,12.5K,Off,Off,North America,Group Call,3,KC1JMH / Brad Brown,Always,Carrier,Off,1,1,1,Off,1,1,None,None,Off,Off,Off,Off,Normal Encryption,Off,Off,Off,Off,251.1,1,Off,On,Off,Off,Off,Off,1,0,Off,0,2,0,0,0,0,0,0,0,0,0,1
ch02111,PICVT Northeast,444.50000,449.50000,D-Digital,High,12.5K,Off,Off,Northeast,Group Call,3172,KC1JMH / Brad Brown,Always,Carrier,Off,1,1,1,Off,1,1,None,None,Off,Off,Off,Off,Normal Encryption,Off,Off,Off,Off,251.1,1,Off,On,Off,Off,Off,Off,1,0,Off,0,2,0,0,0,0,0,0,0,0,0,1
ch02112,PICVT Parrot,444.50000,449.50000,D-Digital,High,12.5K,Off,Off,Parrot,Group Call,9998,KC1JMH / Brad Brown,Always,Carrier,Off,1,1,1,Off,1,1,None,None,Off,Off,Off,Off,Normal Encryption,Off,Off,Off,Off,251.1,1,Off,On,Off,Off,Off,Off,1,0,Off,0,2,0,0,0,0,0,0,0,0,0,1
ch02113,PICVT Audio,444.50000,449.50000,D-Digital,High,12.5K,Off,Off,Audio Watch,Group Call,9999,KC1JMH / Brad Brown,Always,Carrier,Off,1,1,1,Off,1,1,None,None,Off,Off,Off,Off,Normal Encryption,Off,Off,Off,Off,251.1,1,Off,On,Off,Off,Off,Off,1,0,Off,0,2,0,0,0,0,0,0,0,0,0,1
ch02114,PICVT TAC316,444.50000,449.50000,D-Digital,High,12.5K,Off,Off,TAC316,Group Call,316,KC1JMH / Brad Brown,Always,Carrier,Off,1,1,1,Off,1,1,None,None,Off,Off,Off,Off,Normal Encryption,Off,Off,Off,Off,251.1,1,Off,On,Off,Off,Off,Off,1,0,Off,0,2,0,0,0,0,0,0,0,0,0,1
ch02115,PICVT CT SW,444.50000,449.50000,D-Digital,High,12.5K,Off,Off,CT Statewide,Group Call,3109,KC1JMH / Brad Brown,Always,Carrier,Off,1,1,1,Off,1,1,None,None,Off,Off,Off,Off,Normal Encryption,Off,Off,Off,Off,251.1,1,Off,On,Off,Off,Off,Off,1,0,Off,0,2,0,0,0,0,0,0,0,0,0,1
ch02116,PICVT ME SW,444.50000,449.50000,D-Digital,High,12.5K,Off,Off,ME Statewide,Group Call,3123,KC1JMH / Brad Brown,Always,Carrier,Off,1,1,1,Off,1,1,None,None,Off,Off,Off,Off,Normal Encryption,Off,Off,Off,Off,251.1,1,Off,On,Off,Off,Off,Off,1,0,Off,0,2,0,0,0,0,0,0,0,0,0,1
ch02117,PICVT RI SW,444.50000,449.50000,D-Digital,High,12.5K,Off,Off,RI Statewide,Group Call,3144,KC1JMH / Brad Brown,Always,Carrier,Off,1,1,1,Off,1,1,None,None,Off,Off,Off,Off,Normal Encryption,Off,Off,Off,Off,251.1,1,Off,On,Off,Off,Off,Off,1,0,Off,0,2,0,0,0,0,0,0,0,0,0,1
ch02118,PICVT UpNY,444.50000,449.50000,D-Digital,High,12.5K,Off,Off,Upstate NY,Group Call,31361,KC1JMH / Brad Brown,Always,Carrier,Off,1,1,1,Off,1,1,None,None,Off,Off,Off,Off,Normal Encryption,Off,Off,Off,Off,251.1,1,Off,On,Off,Off,Off,Off,1,0,Off,0,2,0,0,0,0,0,0,0,0,0,1
ch02119,PICVT Reg North,444.50000,449.50000,D-Digital,High,12.5K,Off,Off,Region North,Group Call,8,KC1JMH / Brad Brown,Always,Carrier,Off,1,1,1,Off,1,2,None,None,Off,Off,Off,Off,Normal Encryption,Off,Off,Off,Off,251.1,1,Off,On,Off,Off,Off,Off,1,0,Off,0,2,0,0,0,0,0,0,0,0,0,1
ch02120,PICVT SKYWARN,444.50000,449.50000,D-Digital,High,12.5K,Off,Off,SKYWARN,Group Call,759,KC1JMH / Brad Brown,Always,Carrier,Off,1,1,1,Off,1,1,None,None,Off,Off,Off,Off,Normal Encryption,Off,Off,Off,Off,251.1,1,Off,On,Off,Off,Off,Off,1,0,Off,0,2,0,0,0,0,0,0,0,0,0,1
ch02121,PICVT TAC310,444.50000,449.50000,D-Digital,High,12.5K,Off,Off,TAC310,Group Call,310,KC1JMH / Brad Brown,Always,Carrier,Off,1,1,1,Off,1,1,None,None,Off,Off,Off,Off,Normal Encryption,Off,Off,Off,Off,251.1,1,Off,On,Off,Off,Off,Off,1,0,Off,0,2,0,0,0,0,0,0,0,0,0,1
ch02122,PICVT TAC311,444.50000,449.50000,D-Digital,High,12.5K,Off,Off,TAC311,Group Call,311,KC1JMH / Brad Brown,Always,Carrier,Off,1,1,1,Off,1,1,None,None,Off,Off,Off,Off,Normal Encryption,Off,Off,Off,Off,251.1,1,Off,On,Off,Off,Off,Off,1,0,Off,0,2,0,0,0,0,0,0,0,0,0,1
ch02123,PICVT UA Eng1,444.50000,449.50000,D-Digital,High,12.5K,Off,Off,UA English 1-113,Group Call,113,KC1JMH / Brad Brown,Always,Carrier,Off,1,1,1,Off,1,1,None,None,Off,Off,Off,Off,Normal Encryption,Off,Off,Off,Off,251.1,1,Off,On,Off,Off,Off,Off,1,0,Off,0,2,0,0,0,0,0,0,0,0,0,1
ch02124,PICVT UA Eng2,444.50000,449.50000,D-Digital,High,12.5K,Off,Off,UA English 2-123,Group Call,123,KC1JMH / Brad Brown,Always,Carrier,Off,1,1,1,Off,1,1,None,None,Off,Off,Off,Off,Normal Encryption,Off,Off,Off,Off,251.1,1,Off,On,Off,Off,Off,Off,1,0,Off,0,2,0,0,0,0,0,0,0,0,0,1
ch02125,PICVT VT SW,444.50000,449.50000,D-Digital,High,12.5K,Off,Off,VT Statewide,Group Call,3150,KC1JMH / Brad Brown,Always,Carrier,Off,1,1,1,Off,1,2,None,None,Off,Off,Off,Off,Normal Encryption,Off,Off,Off,Off,251.1,1,Off,On,Off,Off,Off,Off,1,0,Off,0,2,0,0,0,0,0,0,0,0,0,1
ch02126,PICVT WW,444.50000,449.50000,D-Digital,High,12.5K,Off,Off,WW Call,Group Call,1,KC1JMH / Brad Brown,Always,Carrier,Off,1,1,1,Off,1,1,None,None,Off,Off,Off,Off,Normal Encryption,Off,Off,Off,Off,251.1,1,Off,On,Off,Off,Off,Off,1,0,Off,0,2,0,0,0,0,0,0,0,0,0,1
ch02127,PICVT WW Eng,444.50000,449.50000,D-Digital,High,12.5K,Off,Off,WW English,Group Call,13,KC1JMH / Brad Brown,Always,Carrier,Off,1,1,1,Off,1,1,None,None,Off,Off,Off,Off,Normal Encryption,Off,Off,Off,Off,251.1,1,Off,On,Off,Off,Off,Off,1,0,Off,0,2,0,0,0,0,0,0,0,0,0,1
ch02128,SNWVT Local,446.27500,441.27500,D-Digital,High,12.5K,Off,Off,Local,Group Call,9,KC1JMH / Brad Brown,Always,Carrier,Off,1,1,1,Off,6,2,None,None,Off,Off,Off,Off,Normal Encryption,Off,Off,Off,Off,251.1,1,Off,On,Off,Off,Off,Off,1,0,Off,0,2,0,0,0,0,0,0,0,0,0,6
ch02129,SNWVT MA SW,446.27500,441.27500,D-Digital,High,12.5K,Off,Off,MA Statewide,Group Call,3125,KC1JMH / Brad Brown,Always,Carrier,Off,1,1,1,Off,6,1,None,None,Off,Off,Off,Off,Normal Encryption,Off,Off,Off,Off,251.1,1,Off,On,Off,Off,Off,Off,1,0,Off,0,2,0,0,0,0,0,0,0,0,0,6
ch02130,SNWVT NE Wide,446.27500,441.27500,D-Digital,High,12.5K,Off,Off,New England-Wide,Group Call,3181,KC1JMH / Brad Brown,Always,Carrier,Off,1,1,1,Off,6,2,None,None,Off,Off,Off,Off,Normal Encryption,Off,Off,Off,Off,251.1,1,Off,On,Off,Off,Off,Off,1,0,Off,0,2,0,0,0,0,0,0,0,0,0,6
ch02131,SNWVT NETAC1,446.27500,441.27500,D-Digital,High,12.5K,Off,Off,NETAC1,Group Call,8801,KC1JMH / Brad Brown,Always,Carrier,Off,1,1,1,Off,6,1,None,None,Off,Off,Off,Off,Normal Encryption,Off,Off,Off,Off,251.1,1,Off,On,Off,Off,Off,Off,1,0,Off,0,2,0,0,0,0,0,0,0,0,0,6
ch02132,SNWVT NETAC2,446.27500,441.27500,D-Digital,High,12.5K,Off,Off,NETAC2,Group Call,8802,KC1JMH / Brad Brown,Always,Carrier,Off,1,1,1,Off,6,2,None,None,Off,Off,Off,Off,Normal Encryption,Off,Off,Off,Off,251.1,1,Off,On,Off,Off,Off,Off,1,0,Off,0,2,0,0,0,0,0,0,0,0,0,6
ch02133,SNWVT NH SW,446.27500,441.27500,D-Digital,High,12.5K,Off,Off,NH Statewide,Group Call,3133,KC1JMH / Brad Brown,Always,Carrier,Off,1,1,1,Off,6,1,None,None,Off,Off,Off,Off,Normal Encryption,Off,Off,Off,Off,251.1,1,Off,On,Off,Off,Off,Off,1,0,Off,0,2,0,0,0,0,0,0,0,0,0,6
ch02134,SNWVT North Am,446.27500,441.27500,D-Digital,High,12.5K,Off,Off,North America,Group Call,3,KC1JMH / Brad Brown,Always,Carrier,Off,1,1,1,Off,6,1,None,None,Off,Off,Off,Off,Normal Encryption,Off,Off,Off,Off,251.1,1,Off,On,Off,Off,Off,Off,1,0,Off,0,2,0,0,0,0,0,0,0,0,0,6
ch02135,SNWVT Northeast,446.27500,441.27500,D-Digital,High,12.5K,Off,Off,Northeast,Group Call,3172,KC1JMH / Brad Brown,Always,Carrier,Off,1,1,1,Off,6,1,None,None,Off,Off,Off,Off,Normal Encryption,Off,Off,Off,Off,251.1,1,Off,On,Off,Off,Off,Off,1,0,Off,0,2,0,0,0,0,0,0,0,0,0,6
ch02136,SNWVT Parrot,446.27500,441.27500,D-Digital,High,12.5K,Off,Off,Parrot,Group Call,9998,KC1JMH / Brad Brown,Always,Carrier,Off,1,1,1,Off,6,1,None,None,Off,Off,Off,Off,Normal Encryption,Off,Off,Off,Off,251.1,1,Off,On,Off,Off,Off,Off,1,0,Off,0,2,0,0,0,0,0,0,0,0,0,6
ch02137,SNWVT Reg North,446.27500,441.27500,D-Digital,High,12.5K,Off,Off,Region North,Group Call,8,KC1JMH / Brad Brown,Always,Carrier,Off,1,1,1,Off,6,2,None,None,Off,Off,Off,Off,Normal Encryption,Off,Off,Off,Off,251.1,1,Off,On,Off,Off,Off,Off,1,0,Off,0,2,0,0,0,0,0,0,0,0,0,6
ch02138,SNWVT SKYWARN,446.27500,441.27500,D-Digital,High,12.5K,Off,Off,SKYWARN,Group Call,759,KC1JMH / Brad Brown,Always,Carrier,Off,1,1,1,Off,6,1,None,None,Off,Off,Off,Off,Normal Encryption,Off,Off,Off,Off,251.1,1,Off,On,Off,Off,Off,Off,1,0,Off,0,2,0,0,0,0,0,0,0,0,0,6
ch02139,SNWVT TAC310,446.27500,441.27500,D-Digital,High,12.5K,Off,Off,TAC310,Group Call,310,KC1JMH / Brad Brown,Always,Carrier,Off,1,1,1,Off,6,1,None,None,Off,Off,Off,Off,Normal Encryption,Off,Off,Off,Off,251.1,1,Off,On,Off,Off,Off,Off,1,0,Off,0,2,0,0,0,0,0,0,0,0,0,6
ch02140,SNWVT TAC311,446.27500,441.27500,D-Digital,High,12.5K,Off,Off,TAC311,Group Call,311,KC1JMH / Brad Brown,Always,Carrier,Off,1,1,1,Off,6,1,None,None,Off,Off,Off,Off,Normal Encryption,Off,Off,Off,Off,251.1,1,Off,On,Off,Off,Off,Off,1,0,Off,0,2,0,0,0,0,0,0,0,0,0,6
ch02141,SNWVT UA Eng1,446.27500,441.27500,D-Digital,High,12.5K,Off,Off,UA English 1-113,Group Call,113,KC1JMH / Brad Brown,Always,Carrier,Off,1,1,1,Off,6,1,None,None,Off,Off,Off,Off,Normal Encryption,Off,Off,Off,Off,251.1,1,Off,On,Off,Off,Off,Off,1,0,Off,0,2,0,0,0,0,0,0,0,0,0,6
ch02142,SNWVT UA Eng2,446.27500,441.27500,D-Digital,High,12.5K,Off,Off,UA English 2-123,Group Call,123,KC1JMH / Brad Brown,Always,Carrier,Off,1,1,1,Off,6,1,None,None,Off,Off,Off,Off,Normal Encryption,Off,Off,Off,Off,251.1,1,Off,On,Off,Off,Off,Off,1,0,Off,0,2,0,0,0,0,0,0,0,0,0,6
ch02143,SNWVT VT SW,446.27500,441.27500,D-Digital,High,12.5K,Off,Off,VT Statewide,Group Call,3150,KC1JMH / Brad Brown,Always,Carrier,Off,1,1,1,Off,6,2,None,None,Off,Off,Off,Off,Normal Encryption,Off,Off,Off,Off,251.1,1,Off,On,Off,Off,Off,Off,1,0,Off,0,2,0,0,0,0,0,0,0,0,0,6
ch02144,SNWVT WW,446.27500,441.27500,D-Digital,High,12.5K,Off,Off,WW Call,Group Call,1,KC1JMH / Brad Brown,Always,Carrier,Off,1,1,1,Off,6,1,None,None,Off,Off,Off,Off,Normal Encryption,Off,Off,Off,Off,251.1,1,Off,On,Off,Off,Off,Off,1,0,Off,0,2,0,0,0,0,0,0,0,0,0,6
ch02145,SNWVT WW Eng,446.27500,441.27500,D-Digital,High,12.5K,Off,Off,WW English,Group Call,13,KC1JMH / Brad Brown,Always,Carrier,Off,1,1,1,Off,6,1,None,None,Off,Off,Off,Off,Normal Encryption,Off,Off,Off,Off,251.1,1,Off,On,Off,Off,Off,Off,1,0,Off,0,2,0,0,0,0,0,0,0,0,0,6
ch02146,WARVT Local,449.47500,444.47500,D-Digital,High,12.5K,Off,Off,Local,Group Call,9,KC1JMH / Brad Brown,Always,Carrier,Off,1,1,1,Off,5,2,None,None,Off,Off,Off,Off,Normal Encryption,Off,Off,Off,Off,251.1,1,Off,On,Off,Off,Off,Off,1,0,Off,0,2,0,0,0,0,0,0,0,0,0,5
ch02147,WARVT MA SW,449.47500,444.47500,D-Digital,High,12.5K,Off,Off,MA Statewide,Group Call,3125,KC1JMH / Brad Brown,Always,Carrier,Off,1,1,1,Off,5,1,None,None,Off,Off,Off,Off,Normal Encryption,Off,Off,Off,Off,251.1,1,Off,On,Off,Off,Off,Off,1,0,Off,0,2,0,0,0,0,0,0,0,0,0,5
ch02148,WARVT NE Wide,449.47500,444.47500,D-Digital,High,12.5K,Off,Off,New England-Wide,Group Call,3181,KC1JMH / Brad Brown,Always,Carrier,Off,1,1,1,Off,5,2,None,None,Off,Off,Off,Off,Normal Encryption,Off,Off,Off,Off,251.1,1,Off,On,Off,Off,Off,Off,1,0,Off,0,2,0,0,0,0,0,0,0,0,0,5
ch02149,WARVT NETAC1,449.47500,444.47500,D-Digital,High,12.5K,Off,Off,NETAC1,Group Call,8801,KC1JMH / Brad Brown,Always,Carrier,Off,1,1,1,Off,5,1,None,None,Off,Off,Off,Off,Normal Encryption,Off,Off,Off,Off,251.1,1,Off,On,Off,Off,Off,Off,1,0,Off,0,2,0,0,0,0,0,0,0,0,0,5
ch02150,WARVT NETAC2,449.47500,444.47500,D-Digital,High,12.5K,Off,Off,NETAC2,Group Call,8802,KC1JMH / Brad Brown,Always,Carrier,Off,1,1,1,Off,5,2,None,None,Off,Off,Off,Off,Normal Encryption,Off,Off,Off,Off,251.1,1,Off,On,Off,Off,Off,Off,1,0,Off,0,2,0,0,0,0,0,0,0,0,0,5
ch02151,WARVT NH SW,449.47500,444.47500,D-Digital,High,12.5K,Off,Off,NH Statewide,Group Call,3133,KC1JMH / Brad Brown,Always,Carrier,Off,1,1,1,Off,5,1,None,None,Off,Off,Off,Off,Normal Encryption,Off,Off,Off,Off,251.1,1,Off,On,Off,Off,Off,Off,1,0,Off,0,2,0,0,0,0,0,0,0,0,0,5
ch02152,WARVT North Am,449.47500,444.47500,D-Digital,High,12.5K,Off,Off,North America,Group Call,3,KC1JMH / Brad Brown,Always,Carrier,Off,1,1,1,Off,5,1,None,None,Off,Off,Off,Off,Normal Encryption,Off,Off,Off,Off,251.1,1,Off,On,Off,Off,Off,Off,1,0,Off,0,2,0,0,0,0,0,0,0,0,0,5
ch02153,WARVT Northeast,449.47500,444.47500,D-Digital,High,12.5K,Off,Off,Northeast,Group Call,3172,KC1JMH / Brad Brown,Always,Carrier,Off,1,1,1,Off,5,1,None,None,Off,Off,Off,Off,Normal Encryption,Off,Off,Off,Off,251.1,1,Off,On,Off,Off,Off,Off,1,0,Off,0,2,0,0,0,0,0,0,0,0,0,5
ch02154,WARVT Parrot,449.47500,444.47500,D-Digital,High,12.5K,Off,Off,Parrot,Group Call,9998,KC1JMH / Brad Brown,Always,Carrier,Off,1,1,1,Off,5,1,None,None,Off,Off,Off,Off,Normal Encryption,Off,Off,Off,Off,251.1,1,Off,On,Off,Off,Off,Off,1,0,Off,0,2,0,0,0,0,0,0,0,0,0,5
ch02155,WARVT Audio,449.47500,444.47500,D-Digital,High,12.5K,Off,Off,Audio Watch,Group Call,9999,KC1JMH / Brad Brown,Always,Carrier,Off,1,1,1,Off,5,1,None,None,Off,Off,Off,Off,Normal Encryption,Off,Off,Off,Off,251.1,1,Off,On,Off,Off,Off,Off,1,0,Off,0,2,0,0,0,0,0,0,0,0,0,5
ch02156,WARVT TAC316,449.47500,444.47500,D-Digital,High,12.5K,Off,Off,TAC316,Group Call,316,KC1JMH / Brad Brown,Always,Carrier,Off,1,1,1,Off,5,1,None,None,Off,Off,Off,Off,Normal Encryption,Off,Off,Off,Off,251.1,1,Off,On,Off,Off,Off,Off,1,0,Off,0,2,0,0,0,0,0,0,0,0,0,5
ch02157,WARVT CT SW,449.47500,444.47500,D-Digital,High,12.5K,Off,Off,CT Statewide,Group Call,3109,KC1JMH / Brad Brown,Always,Carrier,Off,1,1,1,Off,5,1,None,None,Off,Off,Off,Off,Normal Encryption,Off,Off,Off,Off,251.1,1,Off,On,Off,Off,Off,Off,1,0,Off,0,2,0,0,0,0,0,0,0,0,0,5
ch02158,WARVT ME SW,449.47500,444.47500,D-Digital,High,12.5K,Off,Off,ME Statewide,Group Call,3123,KC1JMH / Brad Brown,Always,Carrier,Off,1,1,1,Off,5,1,None,None,Off,Off,Off,Off,Normal Encryption,Off,Off,Off,Off,251.1,1,Off,On,Off,Off,Off,Off,1,0,Off,0,2,0,0,0,0,0,0,0,0,0,5
ch02159,WARVT RI SW,449.47500,444.47500,D-Digital,High,12.5K,Off,Off,RI Statewide,Group Call,3144,KC1JMH / Brad Brown,Always,Carrier,Off,1,1,1,Off,5,1,None,None,Off,Off,Off,Off,Normal Encryption,Off,Off,Off,Off,251.1,1,Off,On,Off,Off,Off,Off,1,0,Off,0,2,0,0,0,0,0,0,0,0,0,5
ch02160,WARVT Reg North,449.47500,444.47500,D-Digital,High,12.5K,Off,Off,Region North,Group Call,8,KC1JMH / Brad Brown,Always,Carrier,Off,1,1,1,Off,5,2,None,None,Off,Off,Off,Off,Normal Encryption,Off,Off,Off,Off,251.1,1,Off,On,Off,Off,Off,Off,1,0,Off,0,2,0,0,0,0,0,0,0,0,0,5
ch02161,WARVT SKYWARN,449.47500,444.47500,D-Digital,High,12.5K,Off,Off,SKYWARN,Group Call,759,KC1JMH / Brad Brown,Always,Carrier,Off,1,1,1,Off,5,1,None,None,Off,Off,Off,Off,Normal Encryption,Off,Off,Off,Off,251.1,1,Off,On,Off,Off,Off,Off,1,0,Off,0,2,0,0,0,0,0,0,0,0,0,5
ch02162,WARVT TAC310,449.47500,444.47500,D-Digital,High,12.5K,Off,Off,TAC310,Group Call,310,KC1JMH / Brad Brown,Always,Carrier,Off,1,1,1,Off,5,1,None,None,Off,Off,Off,Off,Normal Encryption,Off,Off,Off,Off,251.1,1,Off,On,Off,Off,Off,Off,1,0,Off,0,2,0,0,0,0,0,0,0,0,0,5
ch02163,WARVT TAC311,449.47500,444.47500,D-Digital,High,12.5K,Off,Off,TAC311,Group Call,311,KC1JMH / Brad Brown,Always,Carrier,Off,1,1,1,Off,5,1,None,None,Off,Off,Off,Off,Normal Encryption,Off,Off,Off,Off,251.1,1,Off,On,Off,Off,Off,Off,1,0,Off,0,2,0,0,0,0,0,0,0,0,0,5
ch02164,WARVT UA Eng1,449.47500,444.47500,D-Digital,High,12.5K,Off,Off,UA English 1-113,Group Call,113,KC1JMH / Brad Brown,Always,Carrier,Off,1,1,1,Off,5,1,None,None,Off,Off,Off,Off,Normal Encryption,Off,Off,Off,Off,251.1,1,Off,On,Off,Off,Off,Off,1,0,Off,0,2,0,0,0,0,0,0,0,0,0,5
ch02165,WARVT UA Eng2,449.47500,444.47500,D-Digital,High,12.5K,Off,Off,UA English 2-123,Group Call,123,KC1JMH / Brad Brown,Always,Carrier,Off,1,1,1,Off,5,1,None,None,Off,Off,Off,Off,Normal Encryption,Off,Off,Off,Off,251.1,1,Off,On,Off,Off,Off,Off,1,0,Off,0,2,0,0,0,0,0,0,0,0,0,5
ch02166,WARVT VT SW,449.47500,444.47500,D-Digital,High,12.5K,Off,Off,VT Statewide,Group Call,3150,KC1JMH / Brad Brown,Always,Carrier,Off,1,1,1,Off,5,2,None,None,Off,Off,Off,Off,Normal Encryption,Off,Off,Off,Off,251.1,1,Off,On,Off,Off,Off,Off,1,0,Off,0,2,0,0,0,0,0,0,0,0,0,5
ch02167,WARVT WW,449.47500,444.47500,D-Digital,High,12.5K,Off,Off,WW Call,Group Call,1,KC1JMH / Brad Brown,Always,Carrier,Off,1,1,1,Off,5,1,None,None,Off,Off,Off,Off,Normal Encryption,Off,Off,Off,Off,251.1,1,Off,On,Off,Off,Off,Off,1,0,Off,0,2,0,0,0,0,0,0,0,0,0,5
ch02168,WARVT WW Eng,449.47500,444.47500,D-Digital,High,12.5K,Off,Off,WW English,Group Call,13,KC1JMH / Brad Brown,Always,Carrier,Off,1,1,1,Off,5,1,None,None,Off,Off,Off,Off,Normal Encryption,Off,Off,Off,Off,251.1,1,Off,On,Off,Off,Off,Off,1,0,Off,0,2,0,0,0,0,0,0,0,0,0,5
ch02169,WLMVT Local,448.87500,443.87500,D-Digital,High,12.5K,Off,Off,Local,Group Call,9,KC1JMH / Brad Brown,Always,Carrier,Off,1,1,1,Off,7,2,None,None,Off,Off,Off,Off,Normal Encryption,Off,Off,Off,Off,251.1,1,Off,On,Off,Off,Off,Off,1,0,Off,0,2,0,0,0,0,0,0,0,0,0,7
ch02170,WLMVT MA SW,448.87500,443.87500,D-Digital,High,12.5K,Off,Off,MA Statewide,Group Call,3125,KC1JMH / Brad Brown,Always,Carrier,Off,1,1,1,Off,7,1,None,None,Off,Off,Off,Off,Normal Encryption,Off,Off,Off,Off,251.1,1,Off,On,Off,Off,Off,Off,1,0,Off,0,2,0,0,0,0,0,0,0,0,0,7
ch02171,WLMVT NE Wide,448.87500,443.87500,D-Digital,High,12.5K,Off,Off,New England-Wide,Group Call,3181,KC1JMH / Brad Brown,Always,Carrier,Off,1,1,1,Off,7,2,None,None,Off,Off,Off,Off,Normal Encryption,Off,Off,Off,Off,251.1,1,Off,On,Off,Off,Off,Off,1,0,Off,0,2,0,0,0,0,0,0,0,0,0,7
ch02172,WLMVT NETAC1,448.87500,443.87500,D-Digital,High,12.5K,Off,Off,NETAC1,Group Call,8801,KC1JMH / Brad Brown,Always,Carrier,Off,1,1,1,Off,7,1,None,None,Off,Off,Off,Off,Normal Encryption,Off,Off,Off,Off,251.1,1,Off,On,Off,Off,Off,Off,1,0,Off,0,2,0,0,0,0,0,0,0,0,0,7
ch02173,WLMVT NETAC2,448.87500,443.87500,D-Digital,High,12.5K,Off,Off,NETAC2,Group Call,8802,KC1JMH / Brad Brown,Always,Carrier,Off,1,1,1,Off,7,2,None,None,Off,Off,Off,Off,Normal Encryption,Off,Off,Off,Off,251.1,1,Off,On,Off,Off,Off,Off,1,0,Off,0,2,0,0,0,0,0,0,0,0,0,7
ch02174,WLMVT NH SW,448.87500,443.87500,D-Digital,High,12.5K,Off,Off,NH Statewide,Group Call,3133,KC1JMH / Brad Brown,Always,Carrier,Off,1,1,1,Off,7,1,None,None,Off,Off,Off,Off,Normal Encryption,Off,Off,Off,Off,251.1,1,Off,On,Off,Off,Off,Off,1,0,Off,0,2,0,0,0,0,0,0,0,0,0,7
ch02175,WLMVT North Am,448.87500,443.87500,D-Digital,High,12.5K,Off,Off,North America,Group Call,3,KC1JMH / Brad Brown,Always,Carrier,Off,1,1,1,Off,7,1,None,None,Off,Off,Off,Off,Normal Encryption,Off,Off,Off,Off,251.1,1,Off,On,Off,Off,Off,Off,1,0,Off,0,2,0,0,0,0,0,0,0,0,0,7
ch02176,WLMVT Northeast,448.87500,443.87500,D-Digital,High,12.5K,Off,Off,Northeast,Group Call,3172,KC1JMH / Brad Brown,Always,Carrier,Off,1,1,1,Off,7,1,None,None,Off,Off,Off,Off,Normal Encryption,Off,Off,Off,Off,251.1,1,Off,On,Off,Off,Off,Off,1,0,Off,0,2,0,0,0,0,0,0,0,0,0,7
ch02177,WLMVT Parrot,448.87500,443.87500,D-Digital,High,12.5K,Off,Off,Parrot,Group Call,9998,KC1JMH / Brad Brown,Always,Carrier,Off,1,1,1,Off,7,1,None,None,Off,Off,Off,Off,Normal Encryption,Off,Off,Off,Off,251.1,1,Off,On,Off,Off,Off,Off,1,0,Off,0,2,0,0,0,0,0,0,0,0,0,7
ch02178,WLMVT Audio,448.87500,443.87500,D-Digital,High,12.5K,Off,Off,Audio Watch,Group Call,9999,KC1JMH / Brad Brown,Always,Carrier,Off,1,1,1,Off,7,1,None,None,Off,Off,Off,Off,Normal Encryption,Off,Off,Off,Off,251.1,1,Off,On,Off,Off,Off,Off,1,0,Off,0,2,0,0,0,0,0,0,0,0,0,7
ch02179,WLMVT TAC316,448.87500,443.87500,D-Digital,High,12.5K,Off,Off,TAC316,Group Call,316,KC1JMH / Brad Brown,Always,Carrier,Off,1,1,1,Off,7,1,None,None,Off,Off,Off,Off,Normal Encryption,Off,Off,Off,Off,251.1,1,Off,On,Off,Off,Off,Off,1,0,Off,0,2,0,0,0,0,0,0,0,0,0,7
ch02180,WLMVT CT SW,448.87500,443.87500,D-Digital,High,12.5K,Off,Off,CT Statewide,Group Call,3109,KC1JMH / Brad Brown,Always,Carrier,Off,1,1,1,Off,7,1,None,None,Off,Off,Off,Off,Normal Encryption,Off,Off,Off,Off,251.1,1,Off,On,Off,Off,Off,Off,1,0,Off,0,2,0,0,0,0,0,0,0,0,0,7
ch02181,WLMVT ME SW,448.87500,443.87500,D-Digital,High,12.5K,Off,Off,ME Statewide,Group Call,3123,KC1JMH / Brad Brown,Always,Carrier,Off,1,1,1,Off,7,1,None,None,Off,Off,Off,Off,Normal Encryption,Off,Off,Off,Off,251.1,1,Off,On,Off,Off,Off,Off,1,0,Off,0,2,0,0,0,0,0,0,0,0,0,7
ch02182,WLMVT RI SW,448.87500,443.87500,D-Digital,High,12.5K,Off,Off,RI Statewide,Group Call,3144,KC1JMH / Brad Brown,Always,Carrier,Off,1,1,1,Off,7,1,None,None,Off,Off,Off,Off,Normal Encryption,Off,Off,Off,Off,251.1,1,Off,On,Off,Off,Off,Off,1,0,Off,0,2,0,0,0,0,0,0,0,0,0,7
ch02183,WLMVT Reg North,448.87500,443.87500,D-Digital,High,12.5K,Off,Off,Region North,Group Call,8,KC1JMH / Brad Brown,Always,Carrier,Off,1,1,1,Off,7,2,None,None,Off,Off,Off,Off,Normal Encryption,Off,Off,Off,Off,251.1,1,Off,On,Off,Off,Off,Off,1,0,Off,0,2,0,0,0,0,0,0,0,0,0,7
ch02184,WLMVT SKYWARN,448.87500,443.87500,D-Digital,High,12.5K,Off,Off,SKYWARN,Group Call,759,KC1JMH / Brad Brown,Always,Carrier,Off,1,1,1,Off,7,1,None,None,Off,Off,Off,Off,Normal Encryption,Off,Off,Off,Off,251.1,1,Off,On,Off,Off,Off,Off,1,0,Off,0,2,0,0,0,0,0,0,0,0,0,7
ch02185,WLMVT TAC310,448.87500,443.87500,D-Digital,High,12.5K,Off,Off,TAC310,Group Call,310,KC1JMH / Brad Brown,Always,Carrier,Off,1,1,1,Off,7,1,None,None,Off,Off,Off,Off,Normal Encryption,Off,Off,Off,Off,251.1,1,Off,On,Off,Off,Off,Off,1,0,Off,0,2,0,0,0,0,0,0,0,0,0,7
ch02186,WLMVT TAC311,448.87500,443.87500,D-Digital,High,12.5K,Off,Off,TAC311,Group Call,311,KC1JMH / Brad Brown,Always,Carrier,Off,1,1,1,Off,7,1,None,None,Off,Off,Off,Off,Normal Encryption,Off,Off,Off,Off,251.1,1,Off,On,Off,Off,Off,Off,1,0,Off,0,2,0,0,0,0,0,0,0,0,0,7
ch02187,WLMVT UA Eng1,448.87500,443.87500,D-Digital,High,12.5K,Off,Off,UA English 1-113,Group Call,113,KC1JMH / Brad Brown,Always,Carrier,Off,1,1,1,Off,7,1,None,None,Off,Off,Off,Off,Normal Encryption,Off,Off,Off,Off,251.1,1,Off,On,Off,Off,Off,Off,1,0,Off,0,2,0,0,0,0,0,0,0,0,0,7
ch02188,WLMVT UA Eng2,448.87500,443.87500,D-Digital,High,12.5K,Off,Off,UA English 2-123,Group Call,123,KC1JMH / Brad Brown,Always,Carrier,Off,1,1,1,Off,7,1,None,None,Off,Off,Off,Off,Normal Encryption,Off,Off,Off,Off,251.1,1,Off,On,Off,Off,Off,Off,1,0,Off,0,2,0,0,0,0,0,0,0,0,0,7
ch02189,WLMVT VT SW,448.87500,443.87500,D-Digital,High,12.5K,Off,Off,VT Statewide,Group Call,3150,KC1JMH / Brad Brown,Always,Carrier,Off,1,1,1,Off,7,2,None,None,Off,Off,Off,Off,Normal Encryption,Off,Off,Off,Off,251.1,1,Off,On,Off,Off,Off,Off,1,0,Off,0,2,0,0,0,0,0,0,0,0,0,7
ch02190,WLMVT WW,448.87500,443.87500,D-Digital,High,12.5K,Off,Off,WW Call,Group Call,1,KC1JMH / Brad Brown,Always,Carrier,Off,1,1,1,Off,7,1,None,None,Off,Off,Off,Off,Normal Encryption,Off,Off,Off,Off,251.1,1,Off,On,Off,Off,Off,Off,1,0,Off,0,2,0,0,0,0,0,0,0,0,0,7
ch02191,WLMVT WW Eng,448.87500,443.87500,D-Digital,High,12.5K,Off,Off,WW English,Group Call,13,KC1JMH / Brad Brown,Always,Carrier,Off,1,1,1,Off,7,1,None,None,Off,Off,Off,Off,Normal Encryption,Off,Off,Off,Off,251.1,1,Off,On,Off,Off,Off,Off,1,0,Off,0,2,0,0,0,0,0,0,0,0,0,7
ch02192,HNKNH CT SW,448.57500,443.57500,D-Digital,Turbo,12.5K,Off,Off,CT Statewide,Group Call,3109,KC1JMH / Brad Brown,Always,Carrier,Off,1,1,1,Off,4,1,None,None,Off,Off,Off,Off,Normal Encryption,Off,Off,Off,Off,251.1,1,Off,Off,Off,Off,Off,Off,1,0,Off,0,2,0,0,0,0,0,0,0,0,0,4
ch02193,HNKNH Local,448.57500,443.57500,D-Digital,Turbo,12.5K,Off,Off,Local,Group Call,9,KC1JMH / Brad Brown,Always,Carrier,Off,1,1,1,Off,4,2,None,None,Off,Off,Off,Off,Normal Encryption,Off,Off,Off,Off,251.1,1,Off,Off,Off,Off,Off,Off,1,0,Off,0,2,0,0,0,0,0,0,0,0,0,4
ch02194,HNKNH MA SW,448.57500,443.57500,D-Digital,Turbo,12.5K,Off,Off,MA Statewide,Group Call,3125,KC1JMH / Brad Brown,Always,Carrier,Off,1,1,1,Off,4,1,None,None,Off,Off,Off,Off,Normal Encryption,Off,Off,Off,Off,251.1,1,Off,Off,Off,Off,Off,Off,1,0,Off,0,2,0,0,0,0,0,0,0,0,0,4
ch02195,HNKNH ME SW,448.57500,443.57500,D-Digital,Turbo,12.5K,Off,Off,ME Statewide,Group Call,3123,KC1JMH / Brad Brown,Always,Carrier,Off,1,1,1,Off,4,1,None,None,Off,Off,Off,Off,Normal Encryption,Off,Off,Off,Off,251.1,1,Off,Off,Off,Off,Off,Off,1,0,Off,0,2,0,0,0,0,0,0,0,0,0,4
ch02196,HNKNH NE Wide,448.57500,443.57500,D-Digital,Turbo,12.5K,Off,Off,New England-Wide,Group Call,3181,KC1JMH / Brad Brown,Always,Carrier,Off,1,1,1,Off,4,2,None,None,Off,Off,Off,Off,Normal Encryption,Off,Off,Off,Off,251.1,1,Off,Off,Off,Off,Off,Off,1,0,Off,0,2,0,0,0,0,0,0,0,0,0,4
ch02197,HNKNH NETAC1,448.57500,443.57500,D-Digital,Turbo,12.5K,Off,Off,NETAC1,Group Call,8801,KC1JMH / Brad Brown,Always,Carrier,Off,1,1,1,Off,4,1,None,None,Off,Off,Off,Off,Normal Encryption,Off,Off,Off,Off,251.1,1,Off,Off,Off,Off,Off,Off,1,0,Off,0,2,0,0,0,0,0,0,0,0,0,4
ch02198,HNKNH NETAC2,448.57500,443.57500,D-Digital,Turbo,12.5K,Off,Off,NETAC2,Group Call,8802,KC1JMH / Brad Brown,Always,Carrier,Off,1,1,1,Off,4,2,None,None,Off,Off,Off,Off,Normal Encryption,Off,Off,Off,Off,251.1,1,Off,Off,Off,Off,Off,Off,1,0,Off,0,2,0,0,0,0,0,0,0,0,0,4
ch02199,HNKNH NH SW,448.57500,443.57500,D-Digital,Turbo,12.5K,Off,Off,NH Statewide,Group Call,3133,KC1JMH / Brad Brown,Always,Carrier,Off,1,1,1,Off,4,2,None,None,Off,Off,Off,Off,Normal Encryption,Off,Off,Off,Off,251.1,1,Off,Off,Off,Off,Off,Off,1,0,Off,0,2,0,0,0,0,0,0,0,0,0,4
ch02200,HNKNH North Am,448.57500,443.57500,D-Digital,Turbo,12.5K,Off,Off,North America,Group Call,3,KC1JMH / Brad Brown,Always,Carrier,Off,1,1,1,Off,4,1,None,None,Off,Off,Off,Off,Normal Encryption,Off,Off,Off,Off,251.1,1,Off,Off,Off,Off,Off,Off,1,0,Off,0,2,0,0,0,0,0,0,0,0,0,4
ch02201,HNKNH Northeast,448.57500,443.57500,D-Digital,Turbo,12.5K,Off,Off,Northeast,Group Call,3172,KC1JMH / Brad Brown,Always,Carrier,Off,1,1,1,Off,4,1,None,None,Off,Off,Off,Off,Normal Encryption,Off,Off,Off,Off,251.1,1,Off,Off,Off,Off,Off,Off,1,0,Off,0,2,0,0,0,0,0,0,0,0,0,4
ch02202,HNKNH Parrot,448.57500,443.57500,D-Digital,Turbo,12.5K,Off,Off,Parrot,Group Call,9998,KC1JMH / Brad Brown,Always,Carrier,Off,1,1,1,Off,4,1,None,None,Off,Off,Off,Off,Normal Encryption,Off,Off,Off,Off,251.1,1,Off,Off,Off,Off,Off,Off,1,0,Off,0,2,0,0,0,0,0,0,0,0,0,4
ch02203,HNKNH RI SW,448.57500,443.57500,D-Digital,Turbo,12.5K,Off,Off,RI Statewide,Group Call,3144,KC1JMH / Brad Brown,Always,Carrier,Off,1,1,1,Off,4,1,None,None,Off,Off,Off,Off,Normal Encryption,Off,Off,Off,Off,251.1,1,Off,Off,Off,Off,Off,Off,1,0,Off,0,2,0,0,0,0,0,0,0,0,0,4
ch02204,HNKNH SKYWARN,448.57500,443.57500,D-Digital,Turbo,12.5K,Off,Off,SKYWARN,Group Call,759,KC1JMH / Brad Brown,Always,Carrier,Off,1,1,1,Off,4,1,None,None,Off,Off,Off,Off,Normal Encryption,Off,Off,Off,Off,251.1,1,Off,Off,Off,Off,Off,Off,1,0,Off,0,2,0,0,0,0,0,0,0,0,0,4
ch02205,HNKNH TAC310,448.57500,443.57500,D-Digital,Turbo,12.5K,Off,Off,TAC310,Group Call,310,KC1JMH / Brad Brown,Always,Carrier,Off,1,1,1,Off,4,1,None,None,Off,Off,Off,Off,Normal Encryption,Off,Off,Off,Off,251.1,1,Off,Off,Off,Off,Off,Off,1,0,Off,0,2,0,0,0,0,0,0,0,0,0,4
ch02206,HNKNH TAC311,448.57500,443.57500,D-Digital,Turbo,12.5K,Off,Off,TAC311,Group Call,311,KC1JMH / Brad Brown,Always,Carrier,Off,1,1,1,Off,4,1,None,None,Off,Off,Off,Off,Normal Encryption,Off,Off,Off,Off,251.1,1,Off,Off,Off,Off,Off,Off,1,0,Off,0,2,0,0,0,0,0,0,0,0,0,4
ch02207,HNKNH VT SW,448.57500,443.57500,D-Digital,Turbo,12.5K,Off,Off,VT Statewide,Group Call,3150,KC1JMH / Brad Brown,Always,Carrier,Off,1,1,1,Off,4,1,None,None,Off,Off,Off,Off,Normal Encryption,Off,Off,Off,Off,251.1,1,Off,Off,Off,Off,Off,Off,1,0,Off,0,2,0,0,0,0,0,0,0,0,0,4
ch02208,HNKNH WW,448.57500,443.57500,D-Digital,Turbo,12.5K,Off,Off,WW Call,Group Call,1,KC1JMH / Brad Brown,Always,Carrier,Off,1,1,1,Off,4,1,None,None,Off,Off,Off,Off,Normal Encryption,Off,Off,Off,Off,251.1,1,Off,Off,Off,Off,Off,Off,1,0,Off,0,2,0,0,0,0,0,0,0,0,0,4
ch02209,HNKNH Audio,448.57500,443.57500,D-Digital,Turbo,12.5K,Off,Off,Audio Watch,Group Call,9999,KC1JMH / Brad Brown,Always,Carrier,Off,1,1,1,Off,4,1,None,None,Off,Off,Off,Off,Normal Encryption,Off,Off,Off,Off,251.1,1,Off,Off,Off,Off,Off,Off,1,0,Off,0,2,0,0,0,0,0,0,0,0,0,4
ch02210,HUDNE1B CT SW,147.10500,147.70500,D-Digital,High,12.5K,Off,Off,CT Statewide,Group Call,3109,KC1JMH / Brad Brown,Always,Carrier,Off,1,1,1,Off,0,1,None,None,Off,Off,Off,Off,Normal Encryption,Off,Off,Off,Off,251.1,1,Off,On,Off,Off,Off,Off,1,0,Off,0,2,0,0,0,0,0,0,0,0,0,0
ch02211,HUDNE1B Local,147.10500,147.70500,D-Digital,High,12.5K,Off,Off,Local,Group Call,9,KC1JMH / Brad Brown,Always,Carrier,Off,1,1,1,Off,0,2,None,None,Off,Off,Off,Off,Normal Encryption,Off,Off,Off,Off,251.1,1,Off,On,Off,Off,Off,Off,1,0,Off,0,2,0,0,0,0,0,0,0,0,0,0
ch02212,HUDNE1B MA SW,147.10500,147.70500,D-Digital,High,12.5K,Off,Off,MA Statewide,Group Call,3125,KC1JMH / Brad Brown,Always,Carrier,Off,1,1,1,Off,0,1,None,None,Off,Off,Off,Off,Normal Encryption,Off,Off,Off,Off,251.1,1,Off,On,Off,Off,Off,Off,1,0,Off,0,2,0,0,0,0,0,0,0,0,0,0
ch02213,HUDNE1B ME SW,147.10500,147.70500,D-Digital,High,12.5K,Off,Off,ME Statewide,Group Call,3123,KC1JMH / Brad Brown,Always,Carrier,Off,1,1,1,Off,0,1,None,None,Off,Off,Off,Off,Normal Encryption,Off,Off,Off,Off,251.1,1,Off,On,Off,Off,Off,Off,1,0,Off,0,2,0,0,0,0,0,0,0,0,0,0
ch02214,HUDNE1B NE Wide,147.10500,147.70500,D-Digital,High,12.5K,Off,Off,New England-Wide,Group Call,3181,KC1JMH / Brad Brown,Always,Carrier,Off,1,1,1,Off,0,2,None,None,Off,Off,Off,Off,Normal Encryption,Off,Off,Off,Off,251.1,1,Off,On,Off,Off,Off,Off,1,0,Off,0,2,0,0,0,0,0,0,0,0,0,0
ch02215,HUDNE1B NETAC1,147.10500,147.70500,D-Digital,High,12.5K,Off,Off,NETAC1,Group Call,8801,KC1JMH / Brad Brown,Always,Carrier,Off,1,1,1,Off,0,1,None,None,Off,Off,Off,Off,Normal Encryption,Off,Off,Off,Off,251.1,1,Off,On,Off,Off,Off,Off,1,0,Off,0,2,0,0,0,0,0,0,0,0,0,0
ch02216,HUDNE1B NETAC2,147.10500,147.70500,D-Digital,High,12.5K,Off,Off,NETAC2,Group Call,8802,KC1JMH / Brad Brown,Always,Carrier,Off,1,1,1,Off,0,2,None,None,Off,Off,Off,Off,Normal Encryption,Off,Off,Off,Off,251.1,1,Off,On,Off,Off,Off,Off,1,0,Off,0,2,0,0,0,0,0,0,0,0,0,0
ch02217,HUDNE1B NH SW,147.10500,147.70500,D-Digital,High,12.5K,Off,Off,NH Statewide,Group Call,3133,KC1JMH / Brad Brown,Always,Carrier,Off,1,1,1,Off,0,2,None,None,Off,Off,Off,Off,Normal Encryption,Off,Off,Off,Off,251.1,1,Off,On,Off,Off,Off,Off,1,0,Off,0,2,0,0,0,0,0,0,0,0,0,0
ch02218,HUDNE1B Neast,147.10500,147.70500,D-Digital,High,12.5K,Off,Off,Northeast,Group Call,3172,KC1JMH / Brad Brown,Always,Carrier,Off,1,1,1,Off,0,1,None,None,Off,Off,Off,Off,Normal Encryption,Off,Off,Off,Off,251.1,1,Off,On,Off,Off,Off,Off,1,0,Off,0,2,0,0,0,0,0,0,0,0,0,0
ch02219,HUDNE1B North Am,147.10500,147.70500,D-Digital,High,12.5K,Off,Off,North America,Group Call,3,KC1JMH / Brad Brown,Always,Carrier,Off,1,1,1,Off,0,1,None,None,Off,Off,Off,Off,Normal Encryption,Off,Off,Off,Off,251.1,1,Off,On,Off,Off,Off,Off,1,0,Off,0,2,0,0,0,0,0,0,0,0,0,0
ch02220,HUDNE1B Parrot,147.10500,147.70500,D-Digital,High,12.5K,Off,Off,Parrot,Group Call,9998,KC1JMH / Brad Brown,Always,Carrier,Off,1,1,1,Off,0,1,None,None,Off,Off,Off,Off,Normal Encryption,Off,Off,Off,Off,251.1,1,Off,On,Off,Off,Off,Off,1,0,Off,0,2,0,0,0,0,0,0,0,0,0,0
ch02221,HUDNE1B Reg N,147.10500,147.70500,D-Digital,High,12.5K,Off,Off,Region North,Group Call,8,KC1JMH / Brad Brown,Always,Carrier,Off,1,1,1,Off,0,1,None,None,Off,Off,Off,Off,Normal Encryption,Off,Off,Off,Off,251.1,1,Off,On,Off,Off,Off,Off,1,0,Off,0,2,0,0,0,0,0,0,0,0,0,0
ch02222,HUDNE1B SKYWARN,147.10500,147.70500,D-Digital,High,12.5K,Off,Off,SKYWARN,Group Call,759,KC1JMH / Brad Brown,Always,Carrier,Off,1,1,1,Off,0,1,None,None,Off,Off,Off,Off,Normal Encryption,Off,Off,Off,Off,251.1,1,Off,On,Off,Off,Off,Off,1,0,Off,0,2,0,0,0,0,0,0,0,0,0,0
ch02223,HUDNE1B TAC310,147.10500,147.70500,D-Digital,High,12.5K,Off,Off,TAC310,Group Call,310,KC1JMH / Brad Brown,Always,Carrier,Off,1,1,1,Off,0,1,None,None,Off,Off,Off,Off,Normal Encryption,Off,Off,Off,Off,251.1,1,Off,On,Off,Off,Off,Off,1,0,Off,0,2,0,0,0,0,0,0,0,0,0,0
ch02224,HUDNE1B TAC311,147.10500,147.70500,D-Digital,High,12.5K,Off,Off,TAC311,Group Call,311,KC1JMH / Brad Brown,Always,Carrier,Off,1,1,1,Off,0,1,None,None,Off,Off,Off,Off,Normal Encryption,Off,Off,Off,Off,251.1,1,Off,On,Off,Off,Off,Off,1,0,Off,0,2,0,0,0,0,0,0,0,0,0,0
ch02225,HUDNE1B UA Eng1,147.10500,147.70500,D-Digital,High,12.5K,Off,Off,UA English 1-113,Group Call,113,KC1JMH / Brad Brown,Always,Carrier,Off,1,1,1,Off,0,1,None,None,Off,Off,Off,Off,Normal Encryption,Off,Off,Off,Off,251.1,1,Off,On,Off,Off,Off,Off,1,0,Off,0,2,0,0,0,0,0,0,0,0,0,0
ch02226,HUDNE1B UA Eng2,147.10500,147.70500,D-Digital,High,12.5K,Off,Off,UA English 2-123,Group Call,123,KC1JMH / Brad Brown,Always,Carrier,Off,1,1,1,Off,0,1,None,None,Off,Off,Off,Off,Normal Encryption,Off,Off,Off,Off,251.1,1,Off,On,Off,Off,Off,Off,1,0,Off,0,2,0,0,0,0,0,0,0,0,0,0
ch02227,HUDNE1B VT SW,147.10500,147.70500,D-Digital,High,12.5K,Off,Off,VT Statewide,Group Call,3150,KC1JMH / Brad Brown,Always,Carrier,Off,1,1,1,Off,0,1,None,None,Off,Off,Off,Off,Normal Encryption,Off,Off,Off,Off,251.1,1,Off,On,Off,Off,Off,Off,1,0,Off,0,2,0,0,0,0,0,0,0,0,0,0
ch02228,HUDNE1B WW,147.10500,147.70500,D-Digital,High,12.5K,Off,Off,WW Call,Group Call,1,KC1JMH / Brad Brown,Always,Carrier,Off,1,1,1,Off,0,1,None,None,Off,Off,Off,Off,Normal Encryption,Off,Off,Off,Off,251.1,1,Off,On,Off,Off,Off,Off,1,0,Off,0,2,0,0,0,0,0,0,0,0,0,0
ch02229,HUDNE1B WW Eng,147.10500,147.70500,D-Digital,High,12.5K,Off,Off,WW English,Group Call,13,KC1JMH / Brad Brown,Always,Carrier,Off,1,1,1,Off,0,1,None,None,Off,Off,Off,Off,Normal Encryption,Off,Off,Off,Off,251.1,1,Off,On,Off,Off,Off,Off,1,0,Off,0,2,0,0,0,0,0,0,0,0,0,0
ch02230,WJ1L Alfred 2m,145.41000,144.81000,A-Analog,Turbo,25K,103.5,103.5,Local,Group Call,9,KC1JMH / Brad Brown,Off,CTCSS/DCS,Off,1,1,1,Off,1,1,None,None,Off,Off,Off,Off,Normal Encryption,Off,Off,Off,Off,251.1,1,Off,On,Off,Off,Off,Off,1,0,Off,0,0,0,0,0,0,0,0,0,0,0,1
ch02231,WJ1L Alfred 70cm,448.72500,443.72500,A-Analog,High,25K,103.5,103.5,Local,Group Call,9,KC1JMH / Brad Brown,Off,CTCSS/DCS,Off,1,1,1,Off,1,1,None,None,Off,Off,Off,Off,Normal Encryption,Off,Off,Off,Off,251.1,1,Off,On,Off,Off,Off,Off,1,0,Off,0,0,0,0,0,0,0,0,0,0,0,1
ch02232,W1BHR Alfred,147.34500,147.94500,A-Analog,Turbo,25K,123.0,123.0,Local,Group Call,9,KC1JMH / Brad Brown,Off,CTCSS/DCS,Off,1,1,1,Off,1,1,All Analog,None,Off,Off,Off,Off,Normal Encryption,Off,Off,Off,Off,251.1,1,Off,On,Off,Off,Off,Off,1,0,Off,0,0,0,0,0,0,0,0,0,0,0,0
ch02233,KQ1L York,147.18000,147.78000,A-Analog,High,25K,131.8,131.8,Local,Group Call,9,KC1JMH / Brad Brown,Off,CTCSS/DCS,Off,1,1,1,Off,1,1,None,None,Off,Off,Off,Off,Normal Encryption,Off,Off,Off,Off,251.1,1,Off,On,Off,Off,Off,Off,1,0,Off,0,0,0,0,0,0,0,0,0,0,0,0
ch02234,KQ1L Buckfield,146.88000,146.28000,A-Analog,Turbo,25K,88.5,100.0,Local,Group Call,9,KC1JMH / Brad Brown,Off,Carrier,Off,1,1,1,Off,1,1,All Analog,None,Off,Off,Off,Off,Normal Encryption,Off,Off,Off,Off,251.1,1,Off,On,Off,Off,Off,Off,1,0,Off,0,0,0,0,0,0,0,0,0,0,0,0
ch02235,N1ROA Sanford,146.80500,146.20500,A-Analog,High,25K,103.5,103.5,Local,Group Call,9,KC1JMH / Brad Brown,Off,CTCSS/DCS,Off,1,1,1,Off,1,1,All Analog,None,Off,Off,Off,Off,Normal Encryption,Off,Off,Off,Off,251.1,1,Off,On,Off,Off,Off,Off,1,0,Off,0,0,0,0,0,0,0,0,0,0,0,0
ch02236,K1AAM Hiram,147.01500,147.61500,A-Analog,High,25K,103.5,103.5,Local,Group Call,9,KC1JMH / Brad Brown,Off,CTCSS/DCS,Off,1,1,1,Off,1,1,None,None,Off,Off,Off,Off,Normal Encryption,Off,Off,Off,Off,251.1,1,Off,On,Off,Off,Off,Off,1,0,Off,0,0,0,0,0,0,0,0,0,0,0,0
ch02237,N1SNR Westbrook,147.27000,147.87000,A-Analog,High,25K,103.5,103.5,Local,Group Call,9,KC1JMH / Brad Brown,Off,CTCSS/DCS,Off,1,1,1,Off,1,1,None,None,Off,Off,Off,Off,Normal Encryption,Off,Off,Off,Off,251.1,1,Off,On,Off,Off,Off,Off,1,0,Off,0,0,0,0,0,0,0,0,0,0,0,0
ch02238,K1AAM Naples,146.83500,146.23500,A-Analog,High,25K,103.5,103.5,Local,Group Call,9,KC1JMH / Brad Brown,Off,CTCSS/DCS,Off,1,1,1,Off,1,1,None,None,Off,Off,Off,Off,Normal Encryption,Off,Off,Off,Off,251.1,1,Off,On,Off,Off,Off,Off,1,0,Off,0,0,0,0,0,0,0,0,0,0,0,0
ch02239,W6BZ Arundel,146.92500,146.32500,A-Analog,High,25K,103.5,103.5,Local,Group Call,9,KC1JMH / Brad Brown,Off,CTCSS/DCS,Off,1,1,1,Off,1,1,None,None,Off,Off,Off,Off,Normal Encryption,Off,Off,Off,Off,251.1,1,Off,On,Off,Off,Off,Off,1,0,Off,0,0,0,0,0,0,0,0,0,0,0,0
ch02240,W1QUI Falmouth,147.09000,147.69000,A-Analog,Turbo,25K,100.0,100.0,Local,Group Call,9,KC1JMH / Brad Brown,Off,CTCSS/DCS,Off,1,1,1,Off,1,1,None,None,Off,Off,Off,Off,Normal Encryption,Off,Off,Off,Off,251.1,1,Off,On,Off,Off,Off,Off,1,0,Off,0,0,0,0,0,0,0,0,0,0,0,0
ch02241,PKT 145.730,145.73000,145.73000,A-Analog,Mid,25K,Off,Off,Local,Group Call,9,KC1JMH / Brad Brown,Off,Carrier,Off,1,1,1,Off,1,1,None,None,Off,Off,Off,Off,Normal Encryption,Off,Off,Off,Off,251.1,1,Off,On,Off,Off,Off,Off,1,0,Off,0,0,0,0,0,0,0,0,0,0,0,0
ch02242,ME 446.175,446.17500,446.17500,A-Analog,Mid,25K,Off,Off,Local,Group Call,9,KC1JMH / Brad Brown,Off,Carrier,Off,1,1,1,Off,1,1,None,None,Off,Off,Off,Off,Normal Encryption,Off,Off,Off,Off,251.1,1,Off,On,Off,Off,Off,Off,1,0,Off,0,0,0,0,0,0,0,0,0,0,0,0
ch02243,ME 446.075,446.07500,446.07500,A-Analog,Mid,25K,Off,Off,Local,Group Call,9,KC1JMH / Brad Brown,Off,Carrier,Off,1,1,1,Off,1,1,None,None,Off,Off,Off,Off,Normal Encryption,Off,Off,Off,Off,251.1,1,Off,On,Off,Off,Off,Off,1,0,Off,0,0,0,0,0,0,0,0,0,0,0,0
ch02244,KC1ETT Wells,448.02500,443.02500,A-Analog,Turbo,25K,103.5,103.5,Local,Group Call,9,KC1JMH / Brad Brown,Off,CTCSS/DCS,Off,1,1,1,Off,1,1,None,None,Off,Off,Off,Off,Normal Encryption,Off,Off,Off,Off,251.1,1,Off,On,Off,Off,Off,Off,1,0,Off,0,0,0,0,0,0,0,0,0,0,0,0
ch02245,KB1PRG Alfred,444.85000,449.85000,A-Analog,Turbo,25K,103.5,103.5,Local,Group Call,9,KC1JMH / Brad Brown,Off,CTCSS/DCS,Off,1,1,1,Off,1,1,None,None,Off,Off,Off,Off,Normal Encryption,Off,Off,Off,Off,251.1,1,Off,On,Off,Off,Off,Off,1,0,Off,0,0,0,0,0,0,0,0,0,0,0,0
ch02246,W1KVI Falmouth,146.73000,146.13000,A-Analog,High,25K,62.5,62.5,Local,Group Call,9,KC1JMH / Brad Brown,Off,CTCSS/DCS,Off,1,1,1,Off,1,1,None,None,Off,Off,Off,Off,Normal Encryption,Off,Off,Off,Off,251.1,1,Off,On,Off,Off,Off,Off,1,0,Off,0,0,0,0,0,0,0,0,0,0,0,0
ch02247,K1SA Portland,147.36000,147.96000,A-Analog,High,25K,62.5,62.5,Local,Group Call,9,KC1JMH / Brad Brown,Off,CTCSS/DCS,Off,1,1,1,Off,1,1,None,None,Off,Off,Off,Off,Normal Encryption,Off,Off,Off,Off,251.1,1,Off,On,Off,Off,Off,Off,1,0,Off,0,0,0,0,0,0,0,0,0,0,0,0
ch02248,K1MV Gray,147.04500,147.64500,A-Analog,High,25K,103.5,103.5,Local,Group Call,9,KC1JMH / Brad Brown,Off,CTCSS/DCS,Off,1,1,1,Off,1,1,None,None,Off,Off,Off,Off,Normal Encryption,Off,Off,Off,Off,251.1,1,Off,On,Off,Off,Off,Off,1,0,Off,0,0,0,0,0,0,0,0,0,0,0,0
ch02249,W1NPP Poland,147.31500,147.91500,A-Analog,High,25K,103.5,103.5,Local,Group Call,9,KC1JMH / Brad Brown,Off,CTCSS/DCS,Off,1,1,1,Off,1,1,None,None,Off,Off,Off,Off,Normal Encryption,Off,Off,Off,Off,251.1,1,Off,On,Off,Off,Off,Off,1,0,Off,0,0,0,0,0,0,0,0,0,0,0,0
ch02250,W1NPP Auburn,146.61000,146.01000,A-Analog,High,25K,88.5,88.5,Local,Group Call,9,KC1JMH / Brad Brown,Off,CTCSS/DCS,Off,1,1,1,Off,1,1,None,None,Off,Off,Off,Off,Normal Encryption,Off,Off,Off,Off,251.1,1,Off,On,Off,Off,Off,Off,1,0,Off,0,0,0,0,0,0,0,0,0,0,0,0
ch02251,WZ1J Brunswick,147.13500,147.73500,A-Analog,High,25K,103.5,103.5,Local,Group Call,9,KC1JMH / Brad Brown,Off,CTCSS/DCS,Off,1,1,1,Off,1,1,None,None,Off,Off,Off,Off,Normal Encryption,Off,Off,Off,Off,251.1,1,Off,On,Off,Off,Off,Off,1,0,Off,0,0,0,0,0,0,0,0,0,0,0,0
ch02252,K8MOT Bridgton,145.21000,144.61000,A-Analog,High,25K,118.8,118.8,Local,Group Call,9,KC1JMH / Brad Brown,Off,CTCSS/DCS,Off,1,1,1,Off,1,1,All Analog,None,Off,Off,Off,Off,Normal Encryption,Off,Off,Off,Off,251.1,1,Off,On,Off,Off,Off,Off,1,0,Off,0,0,0,0,0,0,0,0,0,0,0,0
ch02253,W1PIG Wales ME,145.29000,144.69000,A-Analog,High,25K,100.0,62.5,Local,Group Call,9,KC1JMH / Brad Brown,Off,CTCSS/DCS,Off,1,1,1,Off,1,1,None,None,Off,Off,Off,Off,Normal Encryption,Off,Off,Off,Off,251.1,1,Off,On,Off,Off,Off,Off,1,0,Off,0,0,0,0,0,0,0,0,0,0,0,0
ch02254,W1NH Mt Washing,146.65500,146.05500,A-Analog,High,25K,100.0,100.0,Local,Group Call,9,KC1JMH / Brad Brown,Off,CTCSS/DCS,Off,1,1,1,Off,1,1,None,None,Off,Off,Off,Off,Normal Encryption,Off,Off,Off,Off,251.1,1,Off,On,Off,Off,Off,Off,1,0,Off,0,0,0,0,0,0,0,0,0,0,0,0
ch02255,W1BST Ossipee,147.03000,147.63000,A-Analog,High,25K,88.5,88.5,Local,Group Call,9,KC1JMH / Brad Brown,Off,CTCSS/DCS,Off,1,1,1,Off,1,1,None,None,Off,Off,Off,Off,Normal Encryption,Off,Off,Off,Off,251.1,1,Off,On,Off,Off,Off,Off,1,0,Off,0,0,0,0,0,0,0,0,0,0,0,0
ch02256,W1JY Gilford NH,146.98500,146.38500,A-Analog,High,25K,123.0,123.0,Local,Group Call,9,KC1JMH / Brad Brown,Off,CTCSS/DCS,Off,1,1,1,Off,1,1,None,None,Off,Off,Off,Off,Normal Encryption,Off,Off,Off,Off,251.1,1,Off,On,Off,Off,Off,Off,1,0,Off,0,0,0,0,0,0,0,0,0,0,0,0
ch02257,W1SRA Saddleback,147.00000,146.40000,A-Analog,High,25K,62.5,62.5,Local,Group Call,9,KC1JMH / Brad Brown,Off,CTCSS/DCS,Off,1,1,1,Off,1,1,None,None,Off,Off,Off,Off,Normal Encryption,Off,Off,Off,Off,251.1,1,Off,On,Off,Off,Off,Off,1,0,Off,0,0,0,0,0,0,0,0,0,0,0,0
ch02258,W1ALE Merrimack,146.94000,146.34000,A-Analog,High,25K,114.8,114.8,Local,Group Call,9,KC1JMH / Brad Brown,Off,CTCSS/DCS,Off,1,1,1,Off,1,1,None,None,Off,Off,Off,Off,Normal Encryption,Off,Off,Off,Off,251.1,1,Off,On,Off,Off,Off,Off,1,0,Off,0,0,0,0,0,0,0,0,0,0,0,0
ch02259,K1CA Derry NH,146.85000,146.25000,A-Analog,High,25K,85.4,85.4,Local,Group Call,9,KC1JMH / Brad Brown,Off,CTCSS/DCS,Off,1,1,1,Off,1,1,None,None,Off,Off,Off,Off,Normal Encryption,Off,Off,Off,Off,251.1,1,Off,On,Off,Off,Off,Off,1,0,Off,0,0,0,0,0,0,0,0,0,0,0,0
ch02260,DMRS 145.510,145.51000,145.51000,D-Digital,High,12.5K,Off,Off,DMR Simplex,Group Call,99,KC1JMH / Brad Brown,Always,Carrier,Off,1,1,1,Off,1,1,None,None,Off,Off,Off,Off,Normal Encryption,Off,Off,Off,Off,251.1,1,Off,On,Off,Off,Off,Off,1,0,Off,0,0,0,0,0,0,0,0,0,0,0,1
ch02261,DMRS 145.790,145.79000,145.79000,D-Digital,High,12.5K,Off,Off,DMR Simplex,Group Call,99,KC1JMH / Brad Brown,Always,Carrier,Off,1,1,1,Off,1,1,None,None,Off,Off,Off,Off,Normal Encryption,Off,Off,Off,Off,251.1,1,Off,On,Off,Off,Off,Off,1,0,Off,0,0,0,0,0,0,0,0,0,0,0,1
ch02262,DMRS 441.000,441.00000,441.00000,D-Digital,High,12.5K,Off,Off,DMR Simplex,Group Call,99,KC1JMH / Brad Brown,Always,Carrier,Off,1,1,1,Off,1,1,None,None,Off,Off,Off,Off,Normal Encryption,Off,Off,Off,Off,251.1,1,Off,On,Off,Off,Off,Off,1,0,Off,0,0,0,0,0,0,0,0,0,0,0,1
ch02263,DMRS 446.500,446.50000,446.50000,D-Digital,High,12.5K,Off,Off,DMR Simplex,Group Call,99,KC1JMH / Brad Brown,Always,Carrier,Off,1,1,1,Off,1,1,None,None,Off,Off,Off,Off,Normal Encryption,Off,Off,Off,Off,251.1,1,Off,On,Off,Off,Off,Off,1,0,Off,0,0,0,0,0,0,0,0,0,0,0,1
ch02264,DMRS 446.075,446.07500,446.07500,D-Digital,High,12.5K,Off,Off,DMR Simplex,Group Call,99,KC1JMH / Brad Brown,Always,Carrier,Off,1,1,1,Off,1,1,None,None,Off,Off,Off,Off,Normal Encryption,Off,Off,Off,Off,251.1,1,Off,On,Off,Off,Off,Off,1,0,Off,0,0,0,0,0,0,0,0,0,0,0,1
ch02265,DMRS 443.450,443.45000,443.45000,D-Digital,High,12.5K,Off,Off,DMR Simplex,Group Call,99,KC1JMH / Brad Brown,Always,Carrier,Off,1,1,1,Off,1,1,None,None,Off,Off,Off,Off,Normal Encryption,Off,Off,Off,Off,251.1,1,Off,On,Off,Off,Off,Off,1,0,Off,0,0,0,0,0,0,0,0,0,0,0,1
ch02266,2m Call 146.52,146.52000,146.52000,A-Analog,Mid,25K,Off,Off,Local,Group Call,9,KC1JMH / Brad Brown,Off,Carrier,Off,1,1,1,Off,1,1,None,None,Off,Off,Off,Off,Normal Encryption,Off,Off,Off,Off,251.1,1,Off,On,Off,Off,Off,Off,1,0,Off,0,0,0,0,0,0,0,0,0,0,0,0
ch02267,70cm Call 446.00,446.00000,446.00000,A-Analog,High,25K,Off,Off,Local,Group Call,9,KC1JMH / Brad Brown,Off,Carrier,Off,1,1,1,Off,1,1,None,None,Off,Off,Off,Off,Normal Encryption,Off,Off,Off,Off,251.1,1,Off,On,Off,Off,Off,Off,1,0,Off,0,0,0,0,0,0,0,0,0,0,0,0
ch02268,ECT1,146.58000,146.58000,A-Analog,Mid,25K,Off,Off,Local,Group Call,9,KC1JMH / Brad Brown,Off,Carrier,Off,1,1,1,Off,1,1,None,None,Off,Off,Off,Off,Normal Encryption,Off,Off,Off,Off,251.1,1,Off,On,Off,Off,Off,Off,1,0,Off,0,0,0,0,0,0,0,0,0,0,0,0
ch02269,ECT2 SKYWARN,146.59500,146.59500,A-Analog,Mid,25K,Off,Off,Local,Group Call,9,KC1JMH / Brad Brown,Off,Carrier,Off,1,1,1,Off,1,1,None,None,Off,Off,Off,Off,Normal Encryption,Off,Off,Off,Off,251.1,1,Off,On,Off,Off,Off,Off,1,0,Off,0,0,0,0,0,0,0,0,0,0,0,0
ch02270,ECT3,147.58500,147.58500,A-Analog,Mid,25K,Off,Off,Local,Group Call,9,KC1JMH / Brad Brown,Off,Carrier,Off,1,1,1,Off,1,1,None,None,Off,Off,Off,Off,Normal Encryption,Off,Off,Off,Off,251.1,1,Off,On,Off,Off,Off,Off,1,0,Off,0,0,0,0,0,0,0,0,0,0,0,0
ch02271,ME 146.400,146.40000,146.40000,A-Analog,Mid,25K,Off,Off,Local,Group Call,9,KC1JMH / Brad Brown,Off,Carrier,Off,1,1,1,Off,1,1,None,None,Off,Off,Off,Off,Normal Encryption,Off,Off,Off,Off,251.1,1,Off,On,Off,Off,Off,Off,1,0,Off,0,0,0,0,0,0,0,0,0,0,0,0
ch02272,ME 146.415,146.41500,146.41500,A-Analog,Mid,25K,Off,Off,Local,Group Call,9,KC1JMH / Brad Brown,Off,Carrier,Off,1,1,1,Off,1,1,None,None,Off,Off,Off,Off,Normal Encryption,Off,Off,Off,Off,251.1,1,Off,On,Off,Off,Off,Off,1,0,Off,0,0,0,0,0,0,0,0,0,0,0,0
ch02273,ME 146.430,146.43000,146.43000,A-Analog,Mid,25K,Off,Off,Local,Group Call,9,KC1JMH / Brad Brown,Off,Carrier,Off,1,1,1,Off,1,1,None,None,Off,Off,Off,Off,Normal Encryption,Off,Off,Off,Off,251.1,1,Off,On,Off,Off,Off,Off,1,0,Off,0,0,0,0,0,0,0,0,0,0,0,0
ch02274,ME 146.445,146.44500,146.44500,A-Analog,Mid,25K,Off,Off,Local,Group Call,9,KC1JMH / Brad Brown,Off,Carrier,Off,1,1,1,Off,1,1,None,None,Off,Off,Off,Off,Normal Encryption,Off,Off,Off,Off,251.1,1,Off,On,Off,Off,Off,Off,1,0,Off,0,0,0,0,0,0,0,0,0,0,0,0
ch02275,ME 146.460,146.46000,146.46000,A-Analog,Mid,25K,Off,Off,Local,Group Call,9,KC1JMH / Brad Brown,Off,Carrier,Off,1,1,1,Off,1,1,None,None,Off,Off,Off,Off,Normal Encryption,Off,Off,Off,Off,251.1,1,Off,On,Off,Off,Off,Off,1,0,Off,0,0,0,0,0,0,0,0,0,0,0,0
ch02276,ME 146.475,146.47500,146.47500,A-Analog,Mid,25K,Off,Off,Local,Group Call,9,KC1JMH / Brad Brown,Off,Carrier,Off,1,1,1,Off,1,1,None,None,Off,Off,Off,Off,Normal Encryption,Off,Off,Off,Off,251.1,1,Off,On,Off,Off,Off,Off,1,0,Off,0,0,0,0,0,0,0,0,0,0,0,0
ch02277,ME 146.490,146.49000,146.49000,A-Analog,Mid,25K,Off,Off,Local,Group Call,9,KC1JMH / Brad Brown,Off,Carrier,Off,1,1,1,Off,1,1,None,None,Off,Off,Off,Off,Normal Encryption,Off,Off,Off,Off,251.1,1,Off,On,Off,Off,Off,Off,1,0,Off,0,0,0,0,0,0,0,0,0,0,0,0
ch02278,ME 146.505,146.50500,146.50500,A-Analog,Mid,25K,Off,Off,Local,Group Call,9,KC1JMH / Brad Brown,Off,Carrier,Off,1,1,1,Off,1,1,None,None,Off,Off,Off,Off,Normal Encryption,Off,Off,Off,Off,251.1,1,Off,On,Off,Off,Off,Off,1,0,Off,0,0,0,0,0,0,0,0,0,0,0,0
ch02279,ME 146.535,146.53500,146.53500,A-Analog,Mid,25K,Off,Off,Local,Group Call,9,KC1JMH / Brad Brown,Off,Carrier,Off,1,1,1,Off,1,1,None,None,Off,Off,Off,Off,Normal Encryption,Off,Off,Off,Off,251.1,1,Off,On,Off,Off,Off,Off,1,0,Off,0,0,0,0,0,0,0,0,0,0,0,0
ch02280,ME 146.550,146.55000,146.55000,A-Analog,Mid,25K,Off,Off,Local,Group Call,9,KC1JMH / Brad Brown,Off,Carrier,Off,1,1,1,Off,1,1,None,None,Off,Off,Off,Off,Normal Encryption,Off,Off,Off,Off,251.1,1,Off,On,Off,Off,Off,Off,1,0,Off,0,0,0,0,0,0,0,0,0,0,0,0
ch02281,ME 146.565,146.56500,146.56500,A-Analog,Mid,25K,Off,Off,Local,Group Call,9,KC1JMH / Brad Brown,Off,Carrier,Off,1,1,1,Off,1,1,None,None,Off,Off,Off,Off,Normal Encryption,Off,Off,Off,Off,251.1,1,Off,On,Off,Off,Off,Off,1,0,Off,0,0,0,0,0,0,0,0,0,0,0,0
ch02282,ME 147.420,147.42000,147.42000,A-Analog,Mid,25K,Off,Off,Local,Group Call,9,KC1JMH / Brad Brown,Off,Carrier,Off,1,1,1,Off,1,1,None,None,Off,Off,Off,Off,Normal Encryption,Off,Off,Off,Off,251.1,1,Off,On,Off,Off,Off,Off,1,0,Off,0,0,0,0,0,0,0,0,0,0,0,0
ch02283,ME 147.435,147.43500,147.43500,A-Analog,Mid,25K,Off,Off,Local,Group Call,9,KC1JMH / Brad Brown,Off,Carrier,Off,1,1,1,Off,1,1,None,None,Off,Off,Off,Off,Normal Encryption,Off,Off,Off,Off,251.1,1,Off,On,Off,Off,Off,Off,1,0,Off,0,0,0,0,0,0,0,0,0,0,0,0
ch02284,ME 147.450,147.45000,147.45000,A-Analog,Mid,25K,Off,Off,Local,Group Call,9,KC1JMH / Brad Brown,Off,Carrier,Off,1,1,1,Off,1,1,None,None,Off,Off,Off,Off,Normal Encryption,Off,Off,Off,Off,251.1,1,Off,On,Off,Off,Off,Off,1,0,Off,0,0,0,0,0,0,0,0,0,0,0,0
ch02285,ME 147.465,147.46500,147.46500,A-Analog,Mid,25K,Off,Off,Local,Group Call,9,KC1JMH / Brad Brown,Off,Carrier,Off,1,1,1,Off,1,1,None,None,Off,Off,Off,Off,Normal Encryption,Off,Off,Off,Off,251.1,1,Off,On,Off,Off,Off,Off,1,0,Off,0,0,0,0,0,0,0,0,0,0,0,0
ch02286,ME 147.480,147.48000,147.48000,A-Analog,Mid,25K,Off,Off,Local,Group Call,9,KC1JMH / Brad Brown,Off,Carrier,Off,1,1,1,Off,1,1,None,None,Off,Off,Off,Off,Normal Encryption,Off,Off,Off,Off,251.1,1,Off,On,Off,Off,Off,Off,1,0,Off,0,0,0,0,0,0,0,0,0,0,0,0
ch02287,ME 147.495,147.49500,147.49500,A-Analog,Mid,25K,Off,Off,Local,Group Call,9,KC1JMH / Brad Brown,Off,Carrier,Off,1,1,1,Off,1,1,None,None,Off,Off,Off,Off,Normal Encryption,Off,Off,Off,Off,251.1,1,Off,On,Off,Off,Off,Off,1,0,Off,0,0,0,0,0,0,0,0,0,0,0,0
ch02288,ME 147.510,147.51000,147.51000,A-Analog,Mid,25K,Off,Off,Local,Group Call,9,KC1JMH / Brad Brown,Off,Carrier,Off,1,1,1,Off,1,1,None,None,Off,Off,Off,Off,Normal Encryption,Off,Off,Off,Off,251.1,1,Off,On,Off,Off,Off,Off,1,0,Off,0,0,0,0,0,0,0,0,0,0,0,0
ch02289,ME 147.540,147.54000,147.54000,A-Analog,Mid,25K,Off,Off,Local,Group Call,9,KC1JMH / Brad Brown,Off,Carrier,Off,1,1,1,Off,1,1,None,None,Off,Off,Off,Off,Normal Encryption,Off,Off,Off,Off,251.1,1,Off,On,Off,Off,Off,Off,1,0,Off,0,0,0,0,0,0,0,0,0,0,0,0
ch02290,ME 147.555,147.55500,147.55500,A-Analog,Mid,25K,Off,Off,Local,Group Call,9,KC1JMH / Brad Brown,Off,Carrier,Off,1,1,1,Off,1,1,None,None,Off,Off,Off,Off,Normal Encryption,Off,Off,Off,Off,251.1,1,Off,On,Off,Off,Off,Off,1,0,Off,0,0,0,0,0,0,0,0,0,0,0,0
ch02291,ME 147.565,147.56500,147.56500,A-Analog,Mid,25K,Off,Off,Local,Group Call,9,KC1JMH / Brad Brown,Off,Carrier,Off,1,1,1,Off,1,1,None,None,Off,Off,Off,Off,Normal Encryption,Off,Off,Off,Off,251.1,1,Off,On,Off,Off,Off,Off,1,0,Off,0,0,0,0,0,0,0,0,0,0,0,0
ch02292,ME 147.570,147.57000,147.57000,A-Analog,Mid,25K,Off,Off,Local,Group Call,9,KC1JMH / Brad Brown,Off,Carrier,Off,1,1,1,Off,1,1,None,None,Off,Off,Off,Off,Normal Encryption,Off,Off,Off,Off,251.1,1,Off,On,Off,Off,Off,Off,1,0,Off,0,0,0,0,0,0,0,0,0,0,0,0
ch02293,ME 446.050,446.05000,446.05000,A-Analog,Mid,25K,Off,Off,Local,Group Call,9,KC1JMH / Brad Brown,Off,Carrier,Off,1,1,1,Off,1,1,None,None,Off,Off,Off,Off,Normal Encryption,Off,Off,Off,Off,251.1,1,Off,On,Off,Off,Off,Off,1,0,Off,0,0,0,0,0,0,0,0,0,0,0,0
ch02294,ME 446.150,446.15000,446.15000,A-Analog,Mid,25K,Off,Off,Local,Group Call,9,KC1JMH / Brad Brown,Off,Carrier,Off,1,1,1,Off,1,1,None,None,Off,Off,Off,Off,Normal Encryption,Off,Off,Off,Off,251.1,1,Off,On,Off,Off,Off,Off,1,0,Off,0,0,0,0,0,0,0,0,0,0,0,0
ch02295,ME 446.250,446.25000,446.25000,A-Analog,Mid,25K,Off,Off,Local,Group Call,9,KC1JMH / Brad Brown,Off,Carrier,Off,1,1,1,Off,1,1,None,None,Off,Off,Off,Off,Normal Encryption,Off,Off,Off,Off,251.1,1,Off,On,Off,Off,Off,Off,1,0,Off,0,0,0,0,0,0,0,0,0,0,0,0
ch02296,KA1C Madison,146.73000,146.13000,A-Analog,Turbo,25K,91.5,91.5,Local,Group Call,9,KC1JMH / Brad Brown,Off,CTCSS/DCS,Off,1,1,1,Off,1,1,None,None,Off,Off,Off,Off,Normal Encryption,Off,Off,Off,Off,251.1,1,Off,On,Off,Off,Off,Off,1,0,Off,0,0,0,0,0,0,0,0,0,0,0,0
ch02297,K1FS Caribou,146.73000,146.13000,A-Analog,Turbo,25K,123.0,123.0,Local,Group Call,9,KC1JMH / Brad Brown,Off,CTCSS/DCS,Off,1,1,1,Off,1,1,None,None,Off,Off,Off,Off,Normal Encryption,Off,Off,Off,Off,251.1,1,Off,On,Off,Off,Off,Off,1,0,Off,0,0,0,0,0,0,0,0,0,0,0,0
ch02298,W1BHR Farmington,147.18000,147.78000,A-Analog,Turbo,25K,123.0,123.0,Local,Group Call,9,KC1JMH / Brad Brown,Off,CTCSS/DCS,Off,1,1,1,Off,1,1,None,None,Off,Off,Off,Off,Normal Encryption,Off,Off,Off,Off,251.1,1,Off,On,Off,Off,Off,Off,1,0,Off,0,0,0,0,0,0,0,0,0,0,0,0
ch02299,KB1NEB Ellsworth,146.91000,146.31000,A-Analog,Turbo,25K,151.4,151.4,Local,Group Call,9,KC1JMH / Brad Brown,Off,CTCSS/DCS,Off,1,1,1,Off,1,1,None,None,Off,Off,Off,Off,Normal Encryption,Off,Off,Off,Off,251.1,1,Off,On,Off,Off,Off,Off,1,0,Off,0,0,0,0,0,0,0,0,0,0,0,0
ch02300,W1FDC Farmington,145.39000,144.79000,A-Analog,Turbo,25K,100.0,100.0,Local,Group Call,9,KC1JMH / Brad Brown,Off,CTCSS/DCS,Off,1,1,1,Off,1,1,None,None,Off,Off,Off,Off,Normal Encryption,Off,Off,Off,Off,251.1,1,Off,On,Off,Off,Off,Off,1,0,Off,0,0,0,0,0,0,0,0,0,0,0,0
ch02301,W1PBR Hope,147.06000,147.66000,A-Analog,Turbo,25K,91.5,91.5,Local,Group Call,9,KC1JMH / Brad Brown,Off,CTCSS/DCS,Off,1,1,1,Off,1,1,None,None,Off,Off,Off,Off,Normal Encryption,Off,Off,Off,Off,251.1,1,Off,On,Off,Off,Off,Off,1,0,Off,0,0,0,0,0,0,0,0,0,0,0,0
ch02302,KC1CG Washington,145.49000,144.89000,A-Analog,Turbo,25K,91.5,91.5,Local,Group Call,9,KC1JMH / Brad Brown,Off,CTCSS/DCS,Off,1,1,1,Off,1,1,None,None,Off,Off,Off,Off,Normal Encryption,Off,Off,Off,Off,251.1,1,Off,On,Off,Off,Off,Off,1,0,Off,0,0,0,0,0,0,0,0,0,0,0,0
ch02303,K1LX Newcastle,146.98500,146.38500,A-Analog,Turbo,25K,136.5,136.5,Local,Group Call,9,KC1JMH / Brad Brown,Off,CTCSS/DCS,Off,1,1,1,Off,1,1,None,None,Off,Off,Off,Off,Normal Encryption,Off,Off,Off,Off,251.1,1,Off,On,Off,Off,Off,Off,1,0,Off,0,0,0,0,0,0,0,0,0,0,0,0
ch02304,N1BUG Brownville,147.10500,147.70500,A-Analog,Turbo,25K,103.5,103.5,Local,Group Call,9,KC1JMH / Brad Brown,Off,CTCSS/DCS,Off,1,1,1,Off,1,1,None,None,Off,Off,Off,Off,Normal Encryption,Off,Off,Off,Off,251.1,1,Off,On,Off,Off,Off,Off,1,0,Off,0,0,0,0,0,0,0,0,0,0,0,0
ch02305,KS1R Phippsburg,147.21000,147.81000,A-Analog,Turbo,25K,100.0,100.0,Local,Group Call,9,KC1JMH / Brad Brown,Off,CTCSS/DCS,Off,1,1,1,Off,1,1,None,None,Off,Off,Off,Off,Normal Encryption,Off,Off,Off,Off,251.1,1,Off,On,Off,Off,Off,Off,1,0,Off,0,0,0,0,0,0,0,0,0,0,0,0
ch02306,W1EMA Knox,147.27000,147.87000,A-Analog,Turbo,25K,136.5,136.5,Local,Group Call,9,KC1JMH / Brad Brown,Off,CTCSS/DCS,Off,1,1,1,Off,1,1,None,None,Off,Off,Off,Off,Normal Encryption,Off,Off,Off,Off,251.1,1,Off,On,Off,Off,Off,Off,1,0,Off,0,0,0,0,0,0,0,0,0,0,0,0
ch02307,W1LH Cooper,147.33000,147.93000,A-Analog,Turbo,25K,118.8,118.8,Local,Group Call,9,KC1JMH / Brad Brown,Off,CTCSS/DCS,Off,1,1,1,Off,1,1,None,None,Off,Off,Off,Off,Normal Encryption,Off,Off,Off,Off,251.1,1,Off,On,Off,Off,Off,Off,1,0,Off,0,0,0,0,0,0,0,0,0,0,0,0
ch02308,X-Band V,147.52500,147.52500,A-Analog,High,25K,77.0,77.0,Local,Group Call,9,KC1JMH / Brad Brown,Off,CTCSS/DCS,Off,1,1,1,Off,1,1,None,None,Off,Off,Off,Off,Normal Encryption,Off,Off,Off,Off,251.1,1,Off,On,Off,Off,Off,Off,1,0,Off,0,0,0,0,0,0,0,0,0,0,0,0
ch02309,X-Band U,446.50000,446.50000,A-Analog,High,25K,77.0,77.0,Local,Group Call,9,KC1JMH / Brad Brown,Off,CTCSS/DCS,Off,1,1,1,Off,1,1,None,None,Off,Off,Off,Off,Normal Encryption,Off,Off,Off,Off,251.1,1,Off,On,Off,Off,Off,Off,1,0,Off,0,0,0,0,0,0,0,0,0,0,0,0
ch02310,APRS Analog,144.39000,144.39000,A-Analog,High,25K,Off,Off,Local,Group Call,9,KC1JMH / Brad Brown,Off,Carrier,Off,1,1,1,Off,4,2,None,None,Off,Off,Off,Off,Normal Encryption,Off,Off,Off,Off,251.1,1,Off,On,On,Off,Off,Off,1,0,Off,0,0,0,0,0,0,0,0,0,0,0,0
ch02311,Weather 1,162.40000,162.40000,A-Analog,High,25K,Off,Off,Local,Group Call,9,KC1JMH / Brad Brown,Off,Carrier,Off,1,1,1,Off,1,1,Weather,None,On,Off,Off,Off,Normal Encryption,Off,Off,Off,Off,251.1,1,Off,On,Off,Off,Off,Off,1,0,Off,0,0,0,0,0,0,0,0,0,0,0,0
ch02312,Weather 2,162.42500,162.42500,A-Analog,High,25K,Off,Off,Local,Group Call,9,KC1JMH / Brad Brown,Off,Carrier,Off,1,1,1,Off,1,1,Weather,None,On,Off,Off,Off,Normal Encryption,Off,Off,Off,Off,251.1,1,Off,On,Off,Off,Off,Off,1,0,Off,0,0,0,0,0,0,0,0,0,0,0,0
ch02313,Weather 3,162.45000,162.45000,A-Analog,High,25K,Off,Off,Local,Group Call,9,KC1JMH / Brad Brown,Off,Carrier,Off,1,1,1,Off,1,1,Weather,None,On,Off,Off,Off,Normal Encryption,Off,Off,Off,Off,251.1,1,Off,On,Off,Off,Off,Off,1,0,Off,0,0,0,0,0,0,0,0,0,0,0,0
ch02314,Weather 4,162.47500,162.47500,A-Analog,High,25K,Off,Off,Local,Group Call,9,KC1JMH / Brad Brown,Off,Carrier,Off,1,1,1,Off,1,1,Weather,None,On,Off,Off,Off,Normal Encryption,Off,Off,Off,Off,251.1,1,Off,On,Off,Off,Off,Off,1,0,Off,0,0,0,0,0,0,0,0,0,0,0,0
ch02315,Weather 5,162.50000,162.50000,A-Analog,High,25K,Off,Off,Local,Group Call,9,KC1JMH / Brad Brown,Off,Carrier,Off,1,1,1,Off,1,1,Weather,None,On,Off,Off,Off,Normal Encryption,Off,Off,Off,Off,251.1,1,Off,On,Off,Off,Off,Off,1,0,Off,0,0,0,0,0,0,0,0,0,0,0,0
ch02316,Weather 6,162.52500,162.52500,A-Analog,High,25K,Off,Off,Local,Group Call,9,KC1JMH / Brad Brown,Off,Carrier,Off,1,1,1,Off,1,1,Weather,None,On,Off,Off,Off,Normal Encryption,Off,Off,Off,Off,251.1,1,Off,On,Off,Off,Off,Off,1,0,Off,0,0,0,0,0,0,0,0,0,0,0,0
ch02317,Weather 7,162.55000,162.55000,A-Analog,High,25K,Off,Off,Local,Group Call,9,KC1JMH / Brad Brown,Off,Carrier,Off,1,1,1,Off,1,1,Weather,None,On,Off,Off,Off,Normal Encryption,Off,Off,Off,Off,251.1,1,Off,On,Off,Off,Off,Off,1,0,Off,0,0,0,0,0,0,0,0,0,0,0,0
ch02318,Marine 01A,156.05000,156.05000,A-Analog,High,25K,Off,Off,Local,Group Call,9,KC1JMH / Brad Brown,Off,Carrier,Off,1,1,1,Off,1,1,Marine,None,Off,Off,Off,Off,Normal Encryption,Off,Off,Off,Off,251.1,1,Off,On,Off,Off,Off,Off,1,0,Off,0,0,0,0,0,0,0,0,0,0,0,0
ch02319,Marine 05A,156.25000,156.25000,A-Analog,High,25K,Off,Off,Local,Group Call,9,KC1JMH / Brad Brown,Off,Carrier,Off,1,1,1,Off,1,1,Marine,None,Off,Off,Off,Off,Normal Encryption,Off,Off,Off,Off,251.1,1,Off,On,Off,Off,Off,Off,1,0,Off,0,0,0,0,0,0,0,0,0,0,0,0
ch02320,Marine 6,156.30000,156.30000,A-Analog,High,25K,Off,Off,Local,Group Call,9,KC1JMH / Brad Brown,Off,Carrier,Off,1,1,1,Off,1,1,Marine,None,Off,Off,Off,Off,Normal Encryption,Off,Off,Off,Off,251.1,1,Off,On,Off,Off,Off,Off,1,0,Off,0,0,0,0,0,0,0,0,0,0,0,0
ch02321,Marine 07A,156.35000,156.35000,A-Analog,High,25K,Off,Off,Local,Group Call,9,KC1JMH / Brad Brown,Off,Carrier,Off,1,1,1,Off,1,1,Marine,None,Off,Off,Off,Off,Normal Encryption,Off,Off,Off,Off,251.1,1,Off,On,Off,Off,Off,Off,1,0,Off,0,0,0,0,0,0,0,0,0,0,0,0
ch02322,Marine 8,156.40000,156.40000,A-Analog,High,25K,Off,Off,Local,Group Call,9,KC1JMH / Brad Brown,Off,Carrier,Off,1,1,1,Off,1,1,Marine,None,Off,Off,Off,Off,Normal Encryption,Off,Off,Off,Off,251.1,1,Off,On,Off,Off,Off,Off,1,0,Off,0,0,0,0,0,0,0,0,0,0,0,0
ch02323,Marine 9,156.45000,156.45000,A-Analog,High,25K,Off,Off,Local,Group Call,9,KC1JMH / Brad Brown,Off,Carrier,Off,1,1,1,Off,1,1,Marine,None,Off,Off,Off,Off,Normal Encryption,Off,Off,Off,Off,251.1,1,Off,On,Off,Off,Off,Off,1,0,Off,0,0,0,0,0,0,0,0,0,0,0,0
ch02324,Marine 10,156.50000,156.50000,A-Analog,High,25K,Off,Off,Local,Group Call,9,KC1JMH / Brad Brown,Off,Carrier,Off,1,1,1,Off,1,1,Marine,None,Off,Off,Off,Off,Normal Encryption,Off,Off,Off,Off,251.1,1,Off,On,Off,Off,Off,Off,1,0,Off,0,0,0,0,0,0,0,0,0,0,0,0
ch02325,Marine 11,156.55000,156.55000,A-Analog,High,25K,Off,Off,Local,Group Call,9,KC1JMH / Brad Brown,Off,Carrier,Off,1,1,1,Off,1,1,Marine,None,Off,Off,Off,Off,Normal Encryption,Off,Off,Off,Off,251.1,1,Off,On,Off,Off,Off,Off,1,0,Off,0,0,0,0,0,0,0,0,0,0,0,0
ch02326,Marine 12,156.60000,156.60000,A-Analog,High,25K,Off,Off,Local,Group Call,9,KC1JMH / Brad Brown,Off,Carrier,Off,1,1,1,Off,1,1,Marine,None,Off,Off,Off,Off,Normal Encryption,Off,Off,Off,Off,251.1,1,Off,On,Off,Off,Off,Off,1,0,Off,0,0,0,0,0,0,0,0,0,0,0,0
ch02327,Marine 13,156.65000,156.65000,A-Analog,High,25K,Off,Off,Local,Group Call,9,KC1JMH / Brad Brown,Off,Carrier,Off,1,1,1,Off,1,1,Marine,None,Off,Off,Off,Off,Normal Encryption,Off,Off,Off,Off,251.1,1,Off,On,Off,Off,Off,Off,1,0,Off,0,0,0,0,0,0,0,0,0,0,0,0
ch02328,Marine 14,156.70000,156.70000,A-Analog,High,25K,Off,Off,Local,Group Call,9,KC1JMH / Brad Brown,Off,Carrier,Off,1,1,1,Off,1,1,Marine,None,Off,Off,Off,Off,Normal Encryption,Off,Off,Off,Off,251.1,1,Off,On,Off,Off,Off,Off,1,0,Off,0,0,0,0,0,0,0,0,0,0,0,0
ch02329,Marine 15,156.75000,156.75000,A-Analog,High,25K,Off,Off,Local,Group Call,9,KC1JMH / Brad Brown,Off,Carrier,Off,1,1,1,Off,1,1,Marine,None,On,Off,Off,Off,Normal Encryption,Off,Off,Off,Off,251.1,1,Off,On,Off,Off,Off,Off,1,0,Off,0,0,0,0,0,0,0,0,0,0,0,0
ch02330,Marine 16,156.80000,156.80000,A-Analog,High,25K,Off,Off,Local,Group Call,9,KC1JMH / Brad Brown,Off,Carrier,Off,1,1,1,Off,1,1,Marine,None,Off,Off,Off,Off,Normal Encryption,Off,Off,Off,Off,251.1,1,Off,On,Off,Off,Off,Off,1,0,Off,0,0,0,0,0,0,0,0,0,0,0,0
ch02331,Marine 17,156.85000,156.85000,A-Analog,High,25K,Off,Off,Local,Group Call,9,KC1JMH / Brad Brown,Off,Carrier,Off,1,1,1,Off,1,1,Marine,None,Off,Off,Off,Off,Normal Encryption,Off,Off,Off,Off,251.1,1,Off,On,Off,Off,Off,Off,1,0,Off,0,0,0,0,0,0,0,0,0,0,0,0
ch02332,Marine 18A,156.90000,156.90000,A-Analog,High,25K,Off,Off,Local,Group Call,9,KC1JMH / Brad Brown,Off,Carrier,Off,1,1,1,Off,1,1,Marine,None,Off,Off,Off,Off,Normal Encryption,Off,Off,Off,Off,251.1,1,Off,On,Off,Off,Off,Off,1,0,Off,0,0,0,0,0,0,0,0,0,0,0,0
ch02333,Marine 19A,156.95000,156.95000,A-Analog,High,25K,Off,Off,Local,Group Call,9,KC1JMH / Brad Brown,Off,Carrier,Off,1,1,1,Off,1,1,Marine,None,Off,Off,Off,Off,Normal Encryption,Off,Off,Off,Off,251.1,1,Off,On,Off,Off,Off,Off,1,0,Off,0,0,0,0,0,0,0,0,0,0,0,0
ch02334,Marine 20,161.60000,157.00000,A-Analog,High,25K,Off,Off,Local,Group Call,9,KC1JMH / Brad Brown,Off,Carrier,Off,1,1,1,Off,1,1,Marine,None,Off,Off,Off,Off,Normal Encryption,Off,Off,Off,Off,251.1,1,Off,On,Off,Off,Off,Off,1,0,Off,0,0,0,0,0,0,0,0,0,0,0,0
ch02335,Marine 20A,157.00000,157.00000,A-Analog,High,25K,Off,Off,Local,Group Call,9,KC1JMH / Brad Brown,Off,Carrier,Off,1,1,1,Off,1,1,Marine,None,Off,Off,Off,Off,Normal Encryption,Off,Off,Off,Off,251.1,1,Off,On,Off,Off,Off,Off,1,0,Off,0,0,0,0,0,0,0,0,0,0,0,0
ch02336,Marine 21A,157.05000,157.05000,A-Analog,High,25K,Off,Off,Local,Group Call,9,KC1JMH / Brad Brown,Off,Carrier,Off,1,1,1,Off,1,1,Marine,None,Off,Off,Off,Off,Normal Encryption,Off,Off,Off,Off,251.1,1,Off,On,Off,Off,Off,Off,1,0,Off,0,0,0,0,0,0,0,0,0,0,0,0
ch02337,Marine 22A,157.10000,157.10000,A-Analog,High,25K,Off,Off,Local,Group Call,9,KC1JMH / Brad Brown,Off,Carrier,Off,1,1,1,Off,1,1,Marine,None,Off,Off,Off,Off,Normal Encryption,Off,Off,Off,Off,251.1,1,Off,On,Off,Off,Off,Off,1,0,Off,0,0,0,0,0,0,0,0,0,0,0,0
ch02338,Marine 23A,157.15000,157.15000,A-Analog,High,25K,Off,Off,Local,Group Call,9,KC1JMH / Brad Brown,Off,Carrier,Off,1,1,1,Off,1,1,Marine,None,Off,Off,Off,Off,Normal Encryption,Off,Off,Off,Off,251.1,1,Off,On,Off,Off,Off,Off,1,0,Off,0,0,0,0,0,0,0,0,0,0,0,0
ch02339,Marine 24,161.80000,157.20000,A-Analog,High,25K,Off,Off,Local,Group Call,9,KC1JMH / Brad Brown,Off,Carrier,Off,1,1,1,Off,1,1,Marine,None,Off,Off,Off,Off,Normal Encryption,Off,Off,Off,Off,251.1,1,Off,On,Off,Off,Off,Off,1,0,Off,0,0,0,0,0,0,0,0,0,0,0,0
ch02340,Marine 25,161.85000,157.25000,A-Analog,High,25K,Off,Off,Local,Group Call,9,KC1JMH / Brad Brown,Off,Carrier,Off,1,1,1,Off,1,1,Marine,None,Off,Off,Off,Off,Normal Encryption,Off,Off,Off,Off,251.1,1,Off,On,Off,Off,Off,Off,1,0,Off,0,0,0,0,0,0,0,0,0,0,0,0
ch02341,Marine 26,161.90000,157.30000,A-Analog,High,25K,Off,Off,Local,Group Call,9,KC1JMH / Brad Brown,Off,Carrier,Off,1,1,1,Off,1,1,Marine,None,Off,Off,Off,Off,Normal Encryption,Off,Off,Off,Off,251.1,1,Off,On,Off,Off,Off,Off,1,0,Off,0,0,0,0,0,0,0,0,0,0,0,0
ch02342,Marine 27,161.95000,157.35000,A-Analog,High,25K,Off,Off,Local,Group Call,9,KC1JMH / Brad Brown,Off,Carrier,Off,1,1,1,Off,1,1,Marine,None,Off,Off,Off,Off,Normal Encryption,Off,Off,Off,Off,251.1,1,Off,On,Off,Off,Off,Off,1,0,Off,0,0,0,0,0,0,0,0,0,0,0,0
ch02343,Marine 28,162.00000,157.40000,A-Analog,High,25K,Off,Off,Local,Group Call,9,KC1JMH / Brad Brown,Off,Carrier,Off,1,1,1,Off,1,1,Marine,None,Off,Off,Off,Off,Normal Encryption,Off,Off,Off,Off,251.1,1,Off,On,Off,Off,Off,Off,1,0,Off,0,0,0,0,0,0,0,0,0,0,0,0
ch02344,Marine 63A,156.17500,156.17500,A-Analog,High,25K,Off,Off,Local,Group Call,9,KC1JMH / Brad Brown,Off,Carrier,Off,1,1,1,Off,1,1,Marine,None,Off,Off,Off,Off,Normal Encryption,Off,Off,Off,Off,251.1,1,Off,On,Off,Off,Off,Off,1,0,Off,0,0,0,0,0,0,0,0,0,0,0,0
ch02345,Marine 65A,156.27500,156.27500,A-Analog,High,25K,Off,Off,Local,Group Call,9,KC1JMH / Brad Brown,Off,Carrier,Off,1,1,1,Off,1,1,Marine,None,Off,Off,Off,Off,Normal Encryption,Off,Off,Off,Off,251.1,1,Off,On,Off,Off,Off,Off,1,0,Off,0,0,0,0,0,0,0,0,0,0,0,0
ch02346,Marine 66A,156.32500,156.32500,A-Analog,High,25K,Off,Off,Local,Group Call,9,KC1JMH / Brad Brown,Off,Carrier,Off,1,1,1,Off,1,1,Marine,None,Off,Off,Off,Off,Normal Encryption,Off,Off,Off,Off,251.1,1,Off,On,Off,Off,Off,Off,1,0,Off,0,0,0,0,0,0,0,0,0,0,0,0
ch02347,Marine 67,156.37500,156.37500,A-Analog,High,25K,Off,Off,Local,Group Call,9,KC1JMH / Brad Brown,Off,Carrier,Off,1,1,1,Off,1,1,Marine,None,Off,Off,Off,Off,Normal Encryption,Off,Off,Off,Off,251.1,1,Off,On,Off,Off,Off,Off,1,0,Off,0,0,0,0,0,0,0,0,0,0,0,0
ch02348,Marine 68,156.42500,156.42500,A-Analog,High,25K,Off,Off,Local,Group Call,9,KC1JMH / Brad Brown,Off,Carrier,Off,1,1,1,Off,1,1,Marine,None,Off,Off,Off,Off,Normal Encryption,Off,Off,Off,Off,251.1,1,Off,On,Off,Off,Off,Off,1,0,Off,0,0,0,0,0,0,0,0,0,0,0,0
ch02349,Marine 69,156.47500,156.47500,A-Analog,High,25K,Off,Off,Local,Group Call,9,KC1JMH / Brad Brown,Off,Carrier,Off,1,1,1,Off,1,1,Marine,None,Off,Off,Off,Off,Normal Encryption,Off,Off,Off,Off,251.1,1,Off,On,Off,Off,Off,Off,1,0,Off,0,0,0,0,0,0,0,0,0,0,0,0
ch02350,Marine 70,156.52500,156.52500,A-Analog,High,25K,Off,Off,Local,Group Call,9,KC1JMH / Brad Brown,Off,Carrier,Off,1,1,1,Off,1,1,Marine,None,Off,Off,Off,Off,Normal Encryption,Off,Off,Off,Off,251.1,1,Off,On,Off,Off,Off,Off,1,0,Off,0,0,0,0,0,0,0,0,0,0,0,0
ch02351,Marine 71,156.57500,156.57500,A-Analog,High,25K,Off,Off,Local,Group Call,9,KC1JMH / Brad Brown,Off,Carrier,Off,1,1,1,Off,1,1,Marine,None,Off,Off,Off,Off,Normal Encryption,Off,Off,Off,Off,251.1,1,Off,On,Off,Off,Off,Off,1,0,Off,0,0,0,0,0,0,0,0,0,0,0,0
ch02352,Marine 72,156.62500,156.62500,A-Analog,High,25K,Off,Off,Local,Group Call,9,KC1JMH / Brad Brown,Off,Carrier,Off,1,1,1,Off,1,1,Marine,None,Off,Off,Off,Off,Normal Encryption,Off,Off,Off,Off,251.1,1,Off,On,Off,Off,Off,Off,1,0,Off,0,0,0,0,0,0,0,0,0,0,0,0
ch02353,Marine 73,156.67500,156.67500,A-Analog,High,25K,Off,Off,Local,Group Call,9,KC1JMH / Brad Brown,Off,Carrier,Off,1,1,1,Off,1,1,Marine,None,Off,Off,Off,Off,Normal Encryption,Off,Off,Off,Off,251.1,1,Off,On,Off,Off,Off,Off,1,0,Off,0,0,0,0,0,0,0,0,0,0,0,0
ch02354,Marine 74,156.72500,156.72500,A-Analog,High,25K,Off,Off,Local,Group Call,9,KC1JMH / Brad Brown,Off,Carrier,Off,1,1,1,Off,1,1,Marine,None,Off,Off,Off,Off,Normal Encryption,Off,Off,Off,Off,251.1,1,Off,On,Off,Off,Off,Off,1,0,Off,0,0,0,0,0,0,0,0,0,0,0,0
ch02355,Marine 77,156.87500,156.87500,A-Analog,High,25K,Off,Off,Local,Group Call,9,KC1JMH / Brad Brown,Off,Carrier,Off,1,1,1,Off,1,1,Marine,None,Off,Off,Off,Off,Normal Encryption,Off,Off,Off,Off,251.1,1,Off,On,Off,Off,Off,Off,1,0,Off,0,0,0,0,0,0,0,0,0,0,0,0
ch02356,Marine 78A,156.92500,156.92500,A-Analog,High,25K,Off,Off,Local,Group Call,9,KC1JMH / Brad Brown,Off,Carrier,Off,1,1,1,Off,1,1,Marine,None,Off,Off,Off,Off,Normal Encryption,Off,Off,Off,Off,251.1,1,Off,On,Off,Off,Off,Off,1,0,Off,0,0,0,0,0,0,0,0,0,0,0,0
ch02357,Marine 79A,156.97500,156.97500,A-Analog,High,25K,Off,Off,Local,Group Call,9,KC1JMH / Brad Brown,Off,Carrier,Off,1,1,1,Off,1,1,Marine,None,Off,Off,Off,Off,Normal Encryption,Off,Off,Off,Off,251.1,1,Off,On,Off,Off,Off,Off,1,0,Off,0,0,0,0,0,0,0,0,0,0,0,0
ch02358,Marine 80A,157.02500,157.02500,A-Analog,High,25K,Off,Off,Local,Group Call,9,KC1JMH / Brad Brown,Off,Carrier,Off,1,1,1,Off,1,1,Marine,None,Off,Off,Off,Off,Normal Encryption,Off,Off,Off,Off,251.1,1,Off,On,Off,Off,Off,Off,1,0,Off,0,0,0,0,0,0,0,0,0,0,0,0
ch02359,Marine 81A,157.07500,157.07500,A-Analog,High,25K,Off,Off,Local,Group Call,9,KC1JMH / Brad Brown,Off,Carrier,Off,1,1,1,Off,1,1,Marine,None,Off,Off,Off,Off,Normal Encryption,Off,Off,Off,Off,251.1,1,Off,On,Off,Off,Off,Off,1,0,Off,0,0,0,0,0,0,0,0,0,0,0,0
ch02360,Marine 82A,157.12500,157.12500,A-Analog,High,25K,Off,Off,Local,Group Call,9,KC1JMH / Brad Brown,Off,Carrier,Off,1,1,1,Off,1,1,Marine,None,Off,Off,Off,Off,Normal Encryption,Off,Off,Off,Off,251.1,1,Off,On,Off,Off,Off,Off,1,0,Off,0,0,0,0,0,0,0,0,0,0,0,0
ch02361,Marine 83A,157.17500,157.17500,A-Analog,High,25K,Off,Off,Local,Group Call,9,KC1JMH / Brad Brown,Off,Carrier,Off,1,1,1,Off,1,1,Marine,None,Off,Off,Off,Off,Normal Encryption,Off,Off,Off,Off,251.1,1,Off,On,Off,Off,Off,Off,1,0,Off,0,0,0,0,0,0,0,0,0,0,0,0
ch02362,Marine 84,161.82500,157.22500,A-Analog,High,25K,Off,Off,Local,Group Call,9,KC1JMH / Brad Brown,Off,Carrier,Off,1,1,1,Off,1,1,Marine,None,Off,Off,Off,Off,Normal Encryption,Off,Off,Off,Off,251.1,1,Off,On,Off,Off,Off,Off,1,0,Off,0,0,0,0,0,0,0,0,0,0,0,0
ch02363,Marine 85,161.87500,157.27500,A-Analog,High,25K,Off,Off,Local,Group Call,9,KC1JMH / Brad Brown,Off,Carrier,Off,1,1,1,Off,1,1,Marine,None,Off,Off,Off,Off,Normal Encryption,Off,Off,Off,Off,251.1,1,Off,On,Off,Off,Off,Off,1,0,Off,0,0,0,0,0,0,0,0,0,0,0,0
ch02364,Marine 86,161.92500,157.32500,A-Analog,High,25K,Off,Off,Local,Group Call,9,KC1JMH / Brad Brown,Off,Carrier,Off,1,1,1,Off,1,1,Marine,None,Off,Off,Off,Off,Normal Encryption,Off,Off,Off,Off,251.1,1,Off,On,Off,Off,Off,Off,1,0,Off,0,0,0,0,0,0,0,0,0,0,0,0
ch02365,Marine 87,157.37500,157.37500,A-Analog,High,25K,Off,Off,Local,Group Call,9,KC1JMH / Brad Brown,Off,Carrier,Off,1,1,1,Off,1,1,Marine,None,Off,Off,Off,Off,Normal Encryption,Off,Off,Off,Off,251.1,1,Off,On,Off,Off,Off,Off,1,0,Off,0,0,0,0,0,0,0,0,0,0,0,0
ch02366,Marine 88,157.42500,157.42500,A-Analog,High,25K,Off,Off,Local,Group Call,9,KC1JMH / Brad Brown,Off,Carrier,Off,1,1,1,Off,1,1,Marine,None,Off,Off,Off,Off,Normal Encryption,Off,Off,Off,Off,251.1,1,Off,On,Off,Off,Off,Off,1,0,Off,0,0,0,0,0,0,0,0,0,0,0,0
ch02367,Marine AIS 1,161.97500,161.97500,A-Analog,High,25K,Off,Off,Local,Group Call,9,KC1JMH / Brad Brown,Off,Carrier,Off,1,1,1,Off,1,1,Marine,None,Off,Off,Off,Off,Normal Encryption,Off,Off,Off,Off,251.1,1,Off,On,Off,Off,Off,Off,1,0,Off,0,0,0,0,0,0,0,0,0,0,0,0
ch02368,Marine AIS 2,162.02500,162.02500,A-Analog,High,25K,Off,Off,Local,Group Call,9,KC1JMH / Brad Brown,Off,Carrier,Off,1,1,1,Off,1,1,Marine,None,Off,Off,Off,Off,Normal Encryption,Off,Off,Off,Off,251.1,1,Off,On,Off,Off,Off,Off,1,0,Off,0,0,0,0,0,0,0,0,0,0,0,0
ch02369,GMRS 1,462.56250,462.56250,A-Analog,High,25K,Off,Off,Local,Group Call,9,KC1JMH / Brad Brown,Off,Carrier,Off,1,1,1,Off,1,1,GMRS,None,Off,Off,Off,Off,Normal Encryption,Off,Off,Off,Off,251.1,1,Off,On,Off,Off,Off,Off,1,0,Off,0,0,0,0,0,0,0,0,0,0,0,0
ch02370,GMRS 2,462.58750,462.58750,A-Analog,High,25K,Off,Off,Local,Group Call,9,KC1JMH / Brad Brown,Off,Carrier,Off,1,1,1,Off,1,1,GMRS,None,Off,Off,Off,Off,Normal Encryption,Off,Off,Off,Off,251.1,1,Off,On,Off,Off,Off,Off,1,0,Off,0,0,0,0,0,0,0,0,0,0,0,0
ch02371,GMRS 3,462.61250,462.61250,A-Analog,High,25K,Off,Off,Local,Group Call,9,KC1JMH / Brad Brown,Off,Carrier,Off,1,1,1,Off,1,1,GMRS,None,Off,Off,Off,Off,Normal Encryption,Off,Off,Off,Off,251.1,1,Off,On,Off,Off,Off,Off,1,0,Off,0,0,0,0,0,0,0,0,0,0,0,0
ch02372,GMRS 4,462.63750,462.63750,A-Analog,High,25K,Off,Off,Local,Group Call,9,KC1JMH / Brad Brown,Off,Carrier,Off,1,1,1,Off,1,1,GMRS,None,Off,Off,Off,Off,Normal Encryption,Off,Off,Off,Off,251.1,1,Off,On,Off,Off,Off,Off,1,0,Off,0,0,0,0,0,0,0,0,0,0,0,0
ch02373,GMRS 5,462.66250,462.66250,A-Analog,High,25K,Off,Off,Local,Group Call,9,KC1JMH / Brad Brown,Off,Carrier,Off,1,1,1,Off,1,1,GMRS,None,Off,Off,Off,Off,Normal Encryption,Off,Off,Off,Off,251.1,1,Off,On,Off,Off,Off,Off,1,0,Off,0,0,0,0,0,0,0,0,0,0,0,0
ch02374,GMRS 6,462.68750,462.68750,A-Analog,High,25K,Off,Off,Local,Group Call,9,KC1JMH / Brad Brown,Off,Carrier,Off,1,1,1,Off,1,1,GMRS,None,Off,Off,Off,Off,Normal Encryption,Off,Off,Off,Off,251.1,1,Off,On,Off,Off,Off,Off,1,0,Off,0,0,0,0,0,0,0,0,0,0,0,0
ch02375,GMRS 7,462.71250,462.71250,A-Analog,High,25K,Off,Off,Local,Group Call,9,KC1JMH / Brad Brown,Off,Carrier,Off,1,1,1,Off,1,1,GMRS,None,Off,Off,Off,Off,Normal Encryption,Off,Off,Off,Off,251.1,1,Off,On,Off,Off,Off,Off,1,0,Off,0,0,0,0,0,0,0,0,0,0,0,0
ch02376,GMRS 8,467.56250,467.56250,A-Analog,Low,12.5K,Off,Off,Local,Group Call,9,KC1JMH / Brad Brown,Off,Carrier,Off,1,1,1,Off,1,1,GMRS,None,Off,Off,Off,Off,Normal Encryption,Off,Off,Off,Off,251.1,1,Off,On,Off,Off,Off,Off,1,0,Off,0,0,0,0,0,0,0,0,0,0,0,0
ch02377,GMRS 9,467.58750,467.58750,A-Analog,Low,12.5K,Off,Off,Local,Group Call,9,KC1JMH / Brad Brown,Off,Carrier,Off,1,1,1,Off,1,1,GMRS,None,Off,Off,Off,Off,Normal Encryption,Off,Off,Off,Off,251.1,1,Off,On,Off,Off,Off,Off,1,0,Off,0,0,0,0,0,0,0,0,0,0,0,0
ch02378,GMRS 10,467.61250,467.61250,A-Analog,Low,12.5K,Off,Off,Local,Group Call,9,KC1JMH / Brad Brown,Off,Carrier,Off,1,1,1,Off,1,1,GMRS,None,Off,Off,Off,Off,Normal Encryption,Off,Off,Off,Off,251.1,1,Off,On,Off,Off,Off,Off,1,0,Off,0,0,0,0,0,0,0,0,0,0,0,0
ch02379,GMRS 11,467.63750,467.63750,A-Analog,Low,12.5K,Off,Off,Local,Group Call,9,KC1JMH / Brad Brown,Off,Carrier,Off,1,1,1,Off,1,1,GMRS,None,Off,Off,Off,Off,Normal Encryption,Off,Off,Off,Off,251.1,1,Off,On,Off,Off,Off,Off,1,0,Off,0,0,0,0,0,0,0,0,0,0,0,0
ch02380,GMRS 12,467.66250,467.66250,A-Analog,Low,12.5K,Off,Off,Local,Group Call,9,KC1JMH / Brad Brown,Off,Carrier,Off,1,1,1,Off,1,1,GMRS,None,Off,Off,Off,Off,Normal Encryption,Off,Off,Off,Off,251.1,1,Off,On,Off,Off,Off,Off,1,0,Off,0,0,0,0,0,0,0,0,0,0,0,0
ch02381,GMRS 13,467.68750,467.68750,A-Analog,Low,12.5K,Off,Off,Local,Group Call,9,KC1JMH / Brad Brown,Off,Carrier,Off,1,1,1,Off,1,1,GMRS,None,Off,Off,Off,Off,Normal Encryption,Off,Off,Off,Off,251.1,1,Off,On,Off,Off,Off,Off,1,0,Off,0,0,0,0,0,0,0,0,0,0,0,0
ch02382,GMRS 14,467.71250,467.71250,A-Analog,Low,12.5K,Off,Off,Local,Group Call,9,KC1JMH / Brad Brown,Off,Carrier,Off,1,1,1,Off,1,1,GMRS,None,Off,Off,Off,Off,Normal Encryption,Off,Off,Off,Off,251.1,1,Off,On,Off,Off,Off,Off,1,0,Off,0,0,0,0,0,0,0,0,0,0,0,0
ch02383,GMRS 15-1,462.55000,462.55000,A-Analog,High,25K,Off,Off,Local,Group Call,9,KC1JMH / Brad Brown,Off,Carrier,Off,1,1,1,Off,1,1,GMRS,None,Off,Off,Off,Off,Normal Encryption,Off,Off,Off,Off,251.1,1,Off,On,Off,Off,Off,Off,1,0,Off,0,0,0,0,0,0,0,0,0,0,0,0
ch02384,GMRS 16-2,462.57500,462.57500,A-Analog,High,25K,Off,Off,Local,Group Call,9,KC1JMH / Brad Brown,Off,Carrier,Off,1,1,1,Off,1,1,GMRS,None,Off,Off,Off,Off,Normal Encryption,Off,Off,Off,Off,251.1,1,Off,On,Off,Off,Off,Off,1,0,Off,0,0,0,0,0,0,0,0,0,0,0,0
ch02385,GMRS 17-3,462.60000,462.60000,A-Analog,High,25K,Off,Off,Local,Group Call,9,KC1JMH / Brad Brown,Off,Carrier,Off,1,1,1,Off,1,1,GMRS,None,Off,Off,Off,Off,Normal Encryption,Off,Off,Off,Off,251.1,1,Off,On,Off,Off,Off,Off,1,0,Off,0,0,0,0,0,0,0,0,0,0,0,0
ch02386,GMRS 18-4,462.62500,462.62500,A-Analog,High,25K,Off,Off,Local,Group Call,9,KC1JMH / Brad Brown,Off,Carrier,Off,1,1,1,Off,1,1,GMRS,None,Off,Off,Off,Off,Normal Encryption,Off,Off,Off,Off,251.1,1,Off,On,Off,Off,Off,Off,1,0,Off,0,0,0,0,0,0,0,0,0,0,0,0
ch02387,GMRS 19-5,462.65000,462.65000,A-Analog,High,25K,Off,Off,Local,Group Call,9,KC1JMH / Brad Brown,Off,Carrier,Off,1,1,1,Off,1,1,GMRS,None,Off,Off,Off,Off,Normal Encryption,Off,Off,Off,Off,251.1,1,Off,On,Off,Off,Off,Off,1,0,Off,0,0,0,0,0,0,0,0,0,0,0,0
ch02388,GMRS 20-6,462.67500,462.67500,A-Analog,High,25K,Off,Off,Local,Group Call,9,KC1JMH / Brad Brown,Off,Carrier,Off,1,1,1,Off,1,1,GMRS,None,Off,Off,Off,Off,Normal Encryption,Off,Off,Off,Off,251.1,1,Off,On,Off,Off,Off,Off,1,0,Off,0,0,0,0,0,0,0,0,0,0,0,0
ch02389,GMRS 21-7,462.70000,462.70000,A-Analog,High,25K,Off,Off,Local,Group Call,9,KC1JMH / Brad Brown,Off,Carrier,Off,1,1,1,Off,1,1,GMRS,None,Off,Off,Off,Off,Normal Encryption,Off,Off,Off,Off,251.1,1,Off,On,Off,Off,Off,Off,1,0,Off,0,0,0,0,0,0,0,0,0,0,0,0
ch02390,GMRS 22-8,462.72500,462.72500,A-Analog,High,25K,Off,Off,Local,Group Call,9,KC1JMH / Brad Brown,Off,Carrier,Off,1,1,1,Off,1,1,GMRS,None,Off,Off,Off,Off,Normal Encryption,Off,Off,Off,Off,251.1,1,Off,On,Off,Off,Off,Off,1,0,Off,0,0,0,0,0,0,0,0,0,0,0,0
ch02391,Channel 1,440.00000,440.00000,D-Digital,High,12.5K,Off,Off,Local,Group Call,9,KC1JMH / Brad Brown,Always,Carrier,Off,1,1,1,Off,1,1,None,None,Off,Off,Off,Off,Normal Encryption,Off,Off,Off,Off,251.1,1,Off,On,Off,Off,Off,Off,1,0,Off,0,0,0,0,0,0,0,0,0,0,0,1
ch02392,MURS 1 (82),151.82000,151.82000,A-Analog,Mid,12.5K,Off,Off,Local,Group Call,9,KC1JMH / Brad Brown,Off,Carrier,Off,1,1,1,Off,1,1,None,None,Off,Off,Off,Off,Normal Encryption,Off,Off,Off,Off,251.1,0,Off,On,Off,Off,Off,Off,1,0,Off,0,0,0,0,0,0,0,0,0,0,0,0
ch02393,MURS 2 (88),151.88000,151.88000,A-Analog,Mid,12.5K,Off,Off,Local,Group Call,9,KC1JMH / Brad Brown,Off,Carrier,Off,1,1,1,Off,1,1,None,None,Off,Off,Off,Off,Normal Encryption,Off,Off,Off,Off,251.1,0,Off,On,Off,Off,Off,Off,1,0,Off,0,0,0,0,0,0,0,0,0,0,0,0
ch02394,MURS 3 (94),151.94000,151.94000,A-Analog,Mid,12.5K,Off,Off,Local,Group Call,9,KC1JMH / Brad Brown,Off,Carrier,Off,1,1,1,Off,1,1,None,None,Off,Off,Off,Off,Normal Encryption,Off,Off,Off,Off,251.1,0,Off,On,Off,Off,Off,Off,1,0,Off,0,0,0,0,0,0,0,0,0,0,0,0
ch02395,Blue Dot,154.57000,154.57000,A-Analog,Mid,25K,Off,Off,Local,Group Call,9,KC1JMH / Brad Brown,Off,Carrier,Off,1,1,1,Off,1,1,None,None,Off,Off,Off,Off,Normal Encryption,Off,Off,Off,Off,251.1,0,Off,On,Off,Off,Off,Off,1,0,Off,0,0,0,0,0,0,0,0,0,0,0,0
ch02396,Green Dot,154.60000,154.60000,A-Analog,Mid,25K,Off,Off,Local,Group Call,9,KC1JMH / Brad Brown,Off,Carrier,Off,1,1,1,Off,1,1,None,None,Off,Off,Off,Off,Normal Encryption,Off,Off,Off,Off,251.1,0,Off,On,Off,Off,Off,Off,1,0,Off,0,0,0,0,0,0,0,0,0,0,0,0
ch02397,Gray-575,462.57500,467.57500,A-Analog,High,25K,Off,192.8,Local,Group Call,9,KC1JMH / Brad Brown,Off,Carrier,Off,1,1,1,Off,1,1,GMRS,None,Off,Off,Off,Off,Normal Encryption,Off,Off,Off,Off,251.1,0,Off,On,Off,Off,Off,Off,1,0,Off,0,0,0,0,0,0,0,0,0,0,0,0
ch02398,Hiram-575,462.57500,467.57500,A-Analog,High,25K,Off,156.7,Local,Group Call,9,KC1JMH / Brad Brown,Off,Carrier,Off,1,1,1,Off,1,1,GMRS,None,Off,Off,Off,Off,Normal Encryption,Off,Off,Off,Off,251.1,0,Off,On,Off,Off,Off,Off,1,0,Off,0,0,0,0,0,0,0,0,0,0,0,0
ch02399,Shapleigh-Pub,462.60000,467.60000,A-Analog,High,25K,Off,162.2,Local,Group Call,9,KC1JMH / Brad Brown,Off,Carrier,Off,1,1,1,Off,1,1,GMRS,None,Off,Off,Off,Off,Normal Encryption,Off,Off,Off,Off,251.1,0,Off,On,Off,Off,Off,Off,1,0,Off,0,0,0,0,0,0,0,0,0,0,0,0
ch02400,Shapleigh-Fam,462.60000,467.60000,A-Analog,High,25K,Off,88.5,Local,Group Call,9,KC1JMH / Brad Brown,Off,Carrier,Off,1,1,1,Off,1,1,GMRS,None,Off,Off,Off,Off,Normal Encryption,Off,Off,Off,Off,251.1,0,Off,On,Off,Off,Off,Off,1,0,Off,0,0,0,0,0,0,0,0,0,0,0,0
ch02401,Falmouth-650,462.65000,467.50000,A-Analog,High,25K,Off,156.7,Local,Group Call,9,KC1JMH / Brad Brown,Off,Carrier,Off,1,1,1,Off,1,1,GMRS,None,Off,Off,Off,Off,Normal Encryption,Off,Off,Off,Off,251.1,0,Off,On,Off,Off,Off,Off,1,0,Off,0,0,0,0,0,0,0,0,0,0,0,0
ch02402,Woodstock-675,462.67500,467.67500,A-Analog,High,25K,Off,156.7,Local,Group Call,9,KC1JMH / Brad Brown,Off,Carrier,Off,1,1,1,Off,1,1,GMRS,None,Off,Off,Off,Off,Normal Encryption,Off,Off,Off,Off,251.1,0,Off,On,Off,Off,Off,Off,1,0,Off,0,0,0,0,0,0,0,0,0,0,0,0
ch02403,Brunswick-700,462.70000,467.70000,A-Analog,High,25K,Off,114.8,Local,Group Call,9,KC1JMH / Brad Brown,Off,Carrier,Off,1,1,1,Off,1,1,GMRS,None,Off,Off,Off,Off,Normal Encryption,Off,Off,Off,Off,251.1,0,Off,On,Off,Off,Off,Off,1,0,Off,0,0,0,0,0,0,0,0,0,0,0,0
ch02404,Milton--700,462.70000,467.70000,A-Analog,High,25K,Off,250.3,Local,Group Call,9,KC1JMH / Brad Brown,Off,Carrier,Off,1,1,1,Off,1,1,GMRS,None,Off,Off,Off,Off,Normal Encryption,Off,Off,Off,Off,251.1,0,Off,On,Off,Off,Off,Off,1,0,Off,0,0,0,0,0,0,0,0,0,0,0,0
ch02405,Ossipee-550,462.55000,467.55000,A-Analog,High,25K,Off,156.7,Local,Group Call,9,KC1JMH / Brad Brown,Off,Carrier,Off,1,1,1,Off,1,1,GMRS,None,Off,Off,Off,Off,Normal Encryption,Off,Off,Off,Off,251.1,0,Off,On,Off,Off,Off,Off,1,0,Off,0,0,0,0,0,0,0,0,0,0,0,0
ch02406,Portland-725,462.72500,467.72500,A-Analog,High,25K,Off,156.7,Local,Group Call,9,KC1JMH / Brad Brown,Off,Carrier,Off,1,1,1,Off,1,1,GMRS,None,Off,Off,Off,Off,Normal Encryption,Off,Off,Off,Off,251.1,0,Off,On,Off,Off,Off,Off,1,0,Off,0,0,0,0,0,0,0,0,0,0,0,0
ch02407,Waterboro-625,462.62500,467.62500,A-Analog,High,25K,Off,179.9,Local,Group Call,9,KC1JMH / Brad Brown,Off,Carrier,Off,1,1,1,Off,1,1,GMRS,None,Off,Off,Off,Off,Normal Encryption,Off,Off,Off,Off,251.1,0,Off,On,Off,Off,Off,Off,1,0,Off,0,0,0,0,0,0,0,0,0,0,0,0
ch02408,WS1EC,449.22500,444.22500,A-Analog,High,25K,103.5,103.5,Local,Group Call,9,KC1JMH / Brad Brown,Off,CTCSS/DCS,Off,1,1,1,Off,1,1,None,None,Off,Off,Off,Off,Normal Encryption,Off,Off,Off,Off,251.1,0,Off,On,Off,Off,Off,Off,1,0,Off,0,0,0,0,0,0,0,0,0,0,0,0
ch02409,CCEMA DIR,155.76000,155.76000,A-Analog,High,12.5K,192.8,192.8,Local,Group Call,9,KC1JMH / Brad Brown,Off,Carrier,Off,1,1,1,Off,1,1,None,None,Off,Off,Off,Off,Normal Encryption,Off,Off,Off,Off,131.8,1,Off,On,Off,Off,Off,Off,1,0,Off,0,0,0,0,0,0,0,0,0,0,0,0
ch02410,CCEMA RPTR,155.76000,155.10000,A-Analog,High,12.5K,192.8,91.5,Local,Group Call,9,KC1JMH / Brad Brown,Off,Carrier,Off,1,1,1,Off,1,1,None,None,Off,Off,Off,Off,Normal Encryption,Off,Off,Off,Off,131.8,1,Off,On,Off,Off,Off,Off,1,0,Off,0,0,0,0,0,0,0,0,0,0,0,0
ch02411,CCEMA TAC 1,155.10000,155.10000,A-Analog,High,12.5K,173.8,173.8,Local,Group Call,9,KC1JMH / Brad Brown,Off,Carrier,Off,1,1,1,Off,1,1,None,None,Off,Off,Off,Off,Normal Encryption,Off,Off,Off,Off,131.8,1,Off,On,Off,Off,Off,Off,1,0,Off,0,0,0,0,0,0,0,0,0,0,0,0
ch02412,CCEMA TAC 2,155.64000,155.64000,A-Analog,High,12.5K,173.8,173.8,Local,Group Call,9,KC1JMH / Brad Brown,Off,Carrier,Off,1,1,1,Off,1,1,None,None,Off,Off,Off,Off,Normal Encryption,Off,Off,Off,Off,131.8,1,Off,On,Off,Off,Off,Off,1,0,Off,0,0,0,0,0,0,0,0,0,0,0,0
ch02413,CCEMA TAC 3,155.68500,155.68500,A-Analog,High,12.5K,173.8,173.8,Local,Group Call,9,KC1JMH / Brad Brown,Off,Carrier,Off,1,1,1,Off,1,1,None,None,Off,Off,Off,Off,Normal Encryption,Off,Off,Off,Off,131.8,1,Off,On,Off,Off,Off,Off,1,0,Off,0,0,0,0,0,0,0,0,0,0,0,0
ch02414,CCEMA TAC 4,155.95500,155.95500,A-Analog,High,12.5K,173.8,173.8,Local,Group Call,9,KC1JMH / Brad Brown,Off,Carrier,Off,1,1,1,Off,1,1,None,None,Off,Off,Off,Off,Normal Encryption,Off,Off,Off,Off,131.8,1,Off,On,Off,Off,Off,Off,1,0,Off,0,0,0,0,0,0,0,0,0,0,0,0
ch02415,CCEMA TAC 5,155.37000,155.37000,A-Analog,High,12.5K,173.8,173.8,Local,Group Call,9,KC1JMH / Brad Brown,Off,Carrier,Off,1,1,1,Off,1,1,None,None,Off,Off,Off,Off,Normal Encryption,Off,Off,Off,Off,131.8,1,Off,On,Off,Off,Off,Off,1,0,Off,0,0,0,0,0,0,0,0,0,0,0,0
ch02416,C1 SWSP,155.71000,155.71000,A-Analog,High,12.5K,Off,192.8,Local,Group Call,9,KC1JMH / Brad Brown,Off,Carrier,Off,1,1,1,Off,1,1,None,None,Off,Off,Off,Off,Normal Encryption,Off,Off,Off,Off,131.8,1,Off,On,Off,Off,Off,Off,1,0,Off,0,0,0,0,0,0,0,0,0,0,0,0
ch02417,C2 NWC/C,155.47500,155.47500,A-Analog,High,12.5K,Off,192.8,Local,Group Call,9,KC1JMH / Brad Brown,Off,Carrier,Off,1,1,1,Off,1,1,None,None,Off,Off,Off,Off,Normal Encryption,Off,Off,Off,Off,131.8,1,Off,On,Off,Off,Off,Off,1,0,Off,0,0,0,0,0,0,0,0,0,0,0,0
ch02418,C3 EMS2 LASR,155.16000,155.16000,A-Analog,High,12.5K,Off,156.7,Local,Group Call,9,KC1JMH / Brad Brown,Off,Carrier,Off,1,1,1,Off,1,1,None,None,Off,Off,Off,Off,Normal Encryption,Off,Off,Off,Off,131.8,1,Off,On,Off,Off,Off,Off,1,0,Off,0,0,0,0,0,0,0,0,0,0,0,0
ch02419,C4 SPC/C,154.93500,154.93500,A-Analog,High,12.5K,Off,192.8,Local,Group Call,9,KC1JMH / Brad Brown,Off,Carrier,Off,1,1,1,Off,1,1,None,None,Off,Off,Off,Off,Normal Encryption,Off,Off,Off,Off,131.8,1,Off,On,Off,Off,Off,Off,1,0,Off,0,0,0,0,0,0,0,0,0,0,0,0
ch02420,C5 ST FIRE,154.31000,154.31000,A-Analog,High,12.5K,Off,192.8,Local,Group Call,9,KC1JMH / Brad Brown,Off,Carrier,Off,1,1,1,Off,1,1,None,None,Off,Off,Off,Off,Normal Encryption,Off,Off,Off,Off,131.8,1,Off,On,Off,Off,Off,Off,1,0,Off,0,0,0,0,0,0,0,0,0,0,0,0
ch02421,C6 SWC/C,154.69500,154.69500,A-Analog,High,12.5K,Off,192.8,Local,Group Call,9,KC1JMH / Brad Brown,Off,Carrier,Off,1,1,1,Off,1,1,None,None,Off,Off,Off,Off,Normal Encryption,Off,Off,Off,Off,131.8,1,Off,On,Off,Off,Off,Off,1,0,Off,0,0,0,0,0,0,0,0,0,0,0,0
ch02422,C7 VCALL 10,155.75250,155.75250,A-Analog,High,12.5K,Off,156.7,Local,Group Call,9,KC1JMH / Brad Brown,Off,Carrier,Off,1,1,1,Off,1,1,None,None,Off,Off,Off,Off,Normal Encryption,Off,Off,Off,Off,131.8,1,Off,On,Off,Off,Off,Off,1,0,Off,0,0,0,0,0,0,0,0,0,0,0,0
ch02423,VTAC 11,151.13750,151.13750,A-Analog,High,12.5K,Off,156.7,Local,Group Call,9,KC1JMH / Brad Brown,Off,Carrier,Off,1,1,1,Off,1,1,None,None,Off,Off,Off,Off,Normal Encryption,Off,Off,Off,Off,131.8,1,Off,On,Off,Off,Off,Off,1,0,Off,0,0,0,0,0,0,0,0,0,0,0,0
ch02424,VTAC 12,154.45250,154.45250,A-Analog,High,12.5K,Off,156.7,Local,Group Call,9,KC1JMH / Brad Brown,Off,Carrier,Off,1,1,1,Off,1,1,None,None,Off,Off,Off,Off,Normal Encryption,Off,Off,Off,Off,131.8,1,Off,On,Off,Off,Off,Off,1,0,Off,0,0,0,0,0,0,0,0,0,0,0,0
ch02425,VTAC 13,158.73750,158.73750,A-Analog,High,12.5K,Off,156.7,Local,Group Call,9,KC1JMH / Brad Brown,Off,Carrier,Off,1,1,1,Off,1,1,None,None,Off,Off,Off,Off,Normal Encryption,Off,Off,Off,Off,131.8,1,Off,On,Off,Off,Off,Off,1,0,Off,0,0,0,0,0,0,0,0,0,0,0,0
ch02426,VTAC 14,159.47250,159.47250,A-Analog,High,12.5K,Off,156.7,Local,Group Call,9,KC1JMH / Brad Brown,Off,Carrier,Off,1,1,1,Off,1,1,None,None,Off,Off,Off,Off,Normal Encryption,Off,Off,Off,Off,131.8,1,Off,On,Off,Off,Off,Off,1,0,Off,0,0,0,0,0,0,0,0,0,0,0,0
ch02427,VTAC 33,159.47250,151.13750,A-Analog,High,12.5K,156.7,136.5,Local,Group Call,9,KC1JMH / Brad Brown,Off,Carrier,Off,1,1,1,Off,1,1,None,None,Off,Off,Off,Off,Normal Encryption,Off,Off,Off,Off,131.8,1,Off,On,Off,Off,Off,Off,1,0,Off,0,0,0,0,0,0,0,0,0,0,0,0
ch02428,VTAC 34,158.73750,154.45250,A-Analog,High,12.5K,156.7,136.5,Local,Group Call,9,KC1JMH / Brad Brown,Off,Carrier,Off,1,1,1,Off,1,1,None,None,Off,Off,Off,Off,Normal Encryption,Off,Off,Off,Off,131.8,1,Off,On,Off,Off,Off,Off,1,0,Off,0,0,0,0,0,0,0,0,0,0,0,0
ch02429,VTAC 35,159.47250,158.73750,A-Analog,High,12.5K,156.7,136.5,Local,Group Call,9,KC1JMH / Brad Brown,Off,Carrier,Off,1,1,1,Off,1,1,None,None,Off,Off,Off,Off,Normal Encryption,Off,Off,Off,Off,131.8,1,Off,On,Off,Off,Off,Off,1,0,Off,0,0,0,0,0,0,0,0,0,0,0,0
ch02430,VTAC 36,151.13750,159.47250,A-Analog,High,12.5K,156.7,136.5,Local,Group Call,9,KC1JMH / Brad Brown,Off,Carrier,Off,1,1,1,Off,1,1,None,None,Off,Off,Off,Off,Normal Encryption,Off,Off,Off,Off,131.8,1,Off,On,Off,Off,Off,Off,1,0,Off,0,0,0,0,0,0,0,0,0,0,0,0
ch02431,VTAC 37,154.45250,158.73750,A-Analog,High,12.5K,156.7,136.5,Local,Group Call,9,KC1JMH / Brad Brown,Off,Carrier,Off,1,1,1,Off,1,1,None,None,Off,Off,Off,Off,Normal Encryption,Off,Off,Off,Off,131.8,1,Off,On,Off,Off,Off,Off,1,0,Off,0,0,0,0,0,0,0,0,0,0,0,0
ch02432,VTAC 38,158.73750,159.47250,A-Analog,High,12.5K,156.7,136.5,Local,Group Call,9,KC1JMH / Brad Brown,Off,Carrier,Off,1,1,1,Off,1,1,None,None,Off,Off,Off,Off,Normal Encryption,Off,Off,Off,Off,131.8,1,Off,On,Off,Off,Off,Off,1,0,Off,0,0,0,0,0,0,0,0,0,0,0,0
ch02433,CHF 265,154.26500,154.26500,A-Analog,High,12.5K,Off,Off,Local,Group Call,9,KC1JMH / Brad Brown,Off,Carrier,Off,1,1,1,Off,1,1,None,None,Off,Off,Off,Off,Normal Encryption,Off,Off,Off,Off,131.8,1,Off,On,Off,Off,Off,Off,1,0,Off,0,0,0,0,0,0,0,0,0,0,0,0
ch02434,CHF 280,154.28000,154.28000,A-Analog,High,12.5K,Off,Off,Local,Group Call,9,KC1JMH / Brad Brown,Off,Carrier,Off,1,1,1,Off,1,1,None,None,Off,Off,Off,Off,Normal Encryption,Off,Off,Off,Off,131.8,1,Off,On,Off,Off,Off,Off,1,0,Off,0,0,0,0,0,0,0,0,0,0,0,0
ch02435,CHF 295,154.29500,154.29500,A-Analog,High,12.5K,Off,Off,Local,Group Call,9,KC1JMH / Brad Brown,Off,Carrier,Off,1,1,1,Off,1,1,None,None,Off,Off,Off,Off,Normal Encryption,Off,Off,Off,Off,131.8,1,Off,On,Off,Off,Off,Off,1,0,Off,0,0,0,0,0,0,0,0,0,0,0,0
ch02436,EMS-1,155.38500,155.38500,A-Analog,High,12.5K,Off,Off,Local,Group Call,9,KC1JMH / Brad Brown,Off,Carrier,Off,1,1,1,Off,1,1,None,None,Off,Off,Off,Off,Normal Encryption,Off,Off,Off,Off,131.8,1,Off,On,Off,Off,Off,Off,1,0,Off,0,0,0,0,0,0,0,0,0,0,0,0
ch02437,RN OSSIPEE Z,172.42500,159.33000,A-Analog,High,12.5K,162.2,162.2,Local,Group Call,9,KC1JMH / Brad Brown,Off,Carrier,Off,1,1,1,Off,1,1,None,None,Off,Off,Off,Off,Normal Encryption,Off,Off,Off,Off,131.8,1,Off,On,Off,Off,Off,Off,1,0,Off,0,0,0,0,0,0,0,0,0,0,0,0
ch02438,RN SPRUCE Z,172.77500,161.46000,A-Analog,High,12.5K,162.2,162.2,Local,Group Call,9,KC1JMH / Brad Brown,Off,Carrier,Off,1,1,1,Off,1,1,None,None,Off,Off,Off,Off,Normal Encryption,Off,Off,Off,Off,131.8,1,Off,On,Off,Off,Off,Off,1,0,Off,0,0,0,0,0,0,0,0,0,0,0,0
ch02439,RN GRAY,151.16000,155.97000,A-Analog,High,12.5K,162.2,162.2,Local,Group Call,9,KC1JMH / Brad Brown,Off,Carrier,Off,1,1,1,Off,1,1,None,None,Off,Off,Off,Off,Normal Encryption,Off,Off,Off,Off,131.8,1,Off,On,Off,Off,Off,Off,1,0,Off,0,0,0,0,0,0,0,0,0,0,0,0
ch02440,RN HOSAC,169.88750,159.16500,A-Analog,High,12.5K,162.2,162.2,Local,Group Call,9,KC1JMH / Brad Brown,Off,Carrier,Off,1,1,1,Off,1,1,None,None,Off,Off,Off,Off,Normal Encryption,Off,Off,Off,Off,131.8,1,Off,On,Off,Off,Off,Off,1,0,Off,0,0,0,0,0,0,0,0,0,0,0,0
ch02441,RN PLEASANT,169.66250,163.57500,A-Analog,High,12.5K,162.2,162.2,Local,Group Call,9,KC1JMH / Brad Brown,Off,Carrier,Off,1,1,1,Off,1,1,None,None,Off,Off,Off,Off,Normal Encryption,Off,Off,Off,Off,131.8,1,Off,On,Off,Off,Off,Off,1,0,Off,0,0,0,0,0,0,0,0,0,0,0,0
ch02442,RN AGGAMNT,155.45250,156.15000,A-Analog,High,12.5K,162.2,162.2,Local,Group Call,9,KC1JMH / Brad Brown,Off,Carrier,Off,1,1,1,Off,1,1,None,None,Off,Off,Off,Off,Normal Encryption,Off,Off,Off,Off,131.8,1,Off,On,Off,Off,Off,Off,1,0,Off,0,0,0,0,0,0,0,0,0,0,0,0
ch02443,RN YORK Z,159.45000,153.92000,A-Analog,High,12.5K,162.2,162.2,Local,Group Call,9,KC1JMH / Brad Brown,Off,Carrier,Off,1,1,1,Off,1,1,None,None,Off,Off,Off,Off,Normal Encryption,Off,Off,Off,Off,131.8,1,Off,On,Off,Off,Off,Off,1,0,Off,0,0,0,0,0,0,0,0,0,0,0,0
ch02444,RN GRANITE,151.35500,159.38250,A-Analog,High,12.5K,162.2,162.2,Local,Group Call,9,KC1JMH / Brad Brown,Off,Carrier,Off,1,1,1,Off,1,1,None,None,Off,Off,Off,Off,Normal Encryption,Off,Off,Off,Off,131.8,1,Off,On,Off,Off,Off,Off,1,0,Off,0,0,0,0,0,0,0,0,0,0,0,0
ch02445,RN HUNTOON,160.53000,159.28500,A-Analog,High,12.5K,162.2,162.2,Local,Group Call,9,KC1JMH / Brad Brown,Off,Carrier,Off,1,1,1,Off,1,1,None,None,Off,Off,Off,Off,Normal Encryption,Off,Off,Off,Off,131.8,1,Off,On,Off,Off,Off,Off,1,0,Off,0,0,0,0,0,0,0,0,0,0,0,0
ch02446,RN WHITN Z,161.13000,159.40500,A-Analog,High,12.5K,162.2,162.2,Local,Group Call,9,KC1JMH / Brad Brown,Off,Carrier,Off,1,1,1,Off,1,1,None,None,Off,Off,Off,Off,Normal Encryption,Off,Off,Off,Off,131.8,1,Off,On,Off,Off,Off,Off,1,0,Off,0,0,0,0,0,0,0,0,0,0,0,0
ch02447,RN CADDY Z,160.89000,165.13750,A-Analog,High,12.5K,162.2,162.2,Local,Group Call,9,KC1JMH / Brad Brown,Off,Carrier,Off,1,1,1,Off,1,1,None,None,Off,Off,Off,Off,Normal Encryption,Off,Off,Off,Off,131.8,1,Off,On,Off,Off,Off,Off,1,0,Off,0,0,0,0,0,0,0,0,0,0,0,0
ch02448,CG81 CBERG,157.07500,157.07500,A-Analog,High,25K,Off,Off,Local,Group Call,9,KC1JMH / Brad Brown,Off,Carrier,Off,1,1,1,Off,1,1,None,None,Off,Off,Off,Off,Normal Encryption,Off,Off,Off,Off,131.8,1,Off,On,Off,Off,Off,Off,1,0,Off,0,0,0,0,0,0,0,0,0,0,0,0
ch02449,CCFIRE,155.62500,160.45500,A-Analog,High,12.5K,107.2,107.2,Local,Group Call,9,KC1JMH / Brad Brown,Off,Carrier,Off,1,1,1,Off,1,1,None,None,Off,Off,Off,Off,Normal Encryption,Off,Off,Off,Off,131.8,1,Off,On,Off,Off,Off,Off,1,0,Off,0,0,0,0,0,0,0,0,0,0,0,0
ch02450,FED NC1,169.53750,169.53750,A-Analog,Low,12.5K,Off,167.9,Local,Group Call,9,KC1JMH / Brad Brown,Off,Carrier,Off,1,1,1,Off,1,1,None,None,On,Off,Off,Off,Normal Encryption,Off,Off,Off,Off,131.8,1,Off,On,Off,Off,Off,Off,1,0,Off,0,0,0,0,0,0,0,0,0,0,0,0
ch02451,FED IR1,170.01250,170.01250,A-Analog,Low,12.5K,Off,167.9,Local,Group Call,9,KC1JMH / Brad Brown,Off,Carrier,Off,1,1,1,Off,1,1,None,None,On,Off,Off,Off,Normal Encryption,Off,Off,Off,Off,131.8,1,Off,On,Off,Off,Off,Off,1,0,Off,0,0,0,0,0,0,0,0,0,0,0,0
ch02452,FED IR2,170.41250,170.41250,A-Analog,Low,12.5K,Off,167.9,Local,Group Call,9,KC1JMH / Brad Brown,Off,Carrier,Off,1,1,1,Off,1,1,None,None,On,Off,Off,Off,Normal Encryption,Off,Off,Off,Off,131.8,1,Off,On,Off,Off,Off,Off,1,0,Off,0,0,0,0,0,0,0,0,0,0,0,0
ch02453,FED IR3,170.68750,170.68750,A-Analog,Low,12.5K,Off,167.9,Local,Group Call,9,KC1JMH / Brad Brown,Off,Carrier,Off,1,1,1,Off,1,1,None,None,On,Off,Off,Off,Normal Encryption,Off,Off,Off,Off,131.8,1,Off,On,Off,Off,Off,Off,1,0,Off,0,0,0,0,0,0,0,0,0,0,0,0
ch02454,FED IR4,173.03750,173.03750,A-Analog,Low,12.5K,Off,167.9,Local,Group Call,9,KC1JMH / Brad Brown,Off,Carrier,Off,1,1,1,Off,1,1,None,None,On,Off,Off,Off,Normal Encryption,Off,Off,Off,Off,131.8,1,Off,On,Off,Off,Off,Off,1,0,Off,0,0,0,0,0,0,0,0,0,0,0,0
ch02455,FED LE A,167.08750,167.08750,A-Analog,Low,12.5K,Off,167.9,Local,Group Call,9,KC1JMH / Brad Brown,Off,Carrier,Off,1,1,1,Off,1,1,None,None,On,Off,Off,Off,Normal Encryption,Off,Off,Off,Off,131.8,1,Off,On,Off,Off,Off,Off,1,0,Off,0,0,0,0,0,0,0,0,0,0,0,0
ch02456,FED LE2,167.25000,167.25000,A-Analog,Low,12.5K,Off,Off,Local,Group Call,9,KC1JMH / Brad Brown,Off,Carrier,Off,1,1,1,Off,1,1,None,None,On,Off,Off,Off,Normal Encryption,Off,Off,Off,Off,131.8,1,Off,On,Off,Off,Off,Off,1,0,Off,0,0,0,0,0,0,0,0,0,0,0,0
ch02457,FED LE3,167.75000,167.75000,A-Analog,Low,12.5K,Off,Off,Local,Group Call,9,KC1JMH / Brad Brown,Off,Carrier,Off,1,1,1,Off,1,1,None,None,On,Off,Off,Off,Normal Encryption,Off,Off,Off,Off,131.8,1,Off,On,Off,Off,Off,Off,1,0,Off,0,0,0,0,0,0,0,0,0,0,0,0
ch02458,FED LE4,168.11250,168.11250,A-Analog,Low,12.5K,Off,Off,Local,Group Call,9,KC1JMH / Brad Brown,Off,Carrier,Off,1,1,1,Off,1,1,None,None,On,Off,Off,Off,Normal Encryption,Off,Off,Off,Off,131.8,1,Off,On,Off,Off,Off,Off,1,0,Off,0,0,0,0,0,0,0,0,0,0,0,0
ch02459,FED LE5,168.46250,168.46250,A-Analog,Low,12.5K,Off,Off,Local,Group Call,9,KC1JMH / Brad Brown,Off,Carrier,Off,1,1,1,Off,1,1,None,None,On,Off,Off,Off,Normal Encryption,Off,Off,Off,Off,131.8,1,Off,On,Off,Off,Off,Off,1,0,Off,0,0,0,0,0,0,0,0,0,0,0,0
ch02460,FED NC2,410.23750,410.23750,A-Analog,Low,12.5K,Off,167.9,Local,Group Call,9,KC1JMH / Brad Brown,Off,Carrier,Off,1,1,1,Off,1,1,None,None,On,Off,Off,Off,Normal Encryption,Off,Off,Off,Off,131.8,1,Off,On,Off,Off,Off,Off,1,0,Off,0,0,0,0,0,0,0,0,0,0,0,0
ch02461,FED IR10,410.43750,410.43750,A-Analog,Low,12.5K,Off,167.9,Local,Group Call,9,KC1JMH / Brad Brown,Off,Carrier,Off,1,1,1,Off,1,1,None,None,On,Off,Off,Off,Normal Encryption,Off,Off,Off,Off,131.8,1,Off,On,Off,Off,Off,Off,1,0,Off,0,0,0,0,0,0,0,0,0,0,0,0
ch02462,FED IR11,410.63750,410.63750,A-Analog,Low,12.5K,Off,167.9,Local,Group Call,9,KC1JMH / Brad Brown,Off,Carrier,Off,1,1,1,Off,1,1,None,None,On,Off,Off,Off,Normal Encryption,Off,Off,Off,Off,131.8,1,Off,On,Off,Off,Off,Off,1,0,Off,0,0,0,0,0,0,0,0,0,0,0,0
ch02463,FED IR12,410.83750,410.83750,A-Analog,Low,12.5K,Off,167.9,Local,Group Call,9,KC1JMH / Brad Brown,Off,Carrier,Off,1,1,1,Off,1,1,None,None,On,Off,Off,Off,Normal Encryption,Off,Off,Off,Off,131.8,1,Off,On,Off,Off,Off,Off,1,0,Off,0,0,0,0,0,0,0,0,0,0,0,0
ch02464,FED IR13,413.18750,413.18750,A-Analog,Low,12.5K,Off,167.9,Local,Group Call,9,KC1JMH / Brad Brown,Off,Carrier,Off,1,1,1,Off,1,1,None,None,On,Off,Off,Off,Normal Encryption,Off,Off,Off,Off,131.8,1,Off,On,Off,Off,Off,Off,1,0,Off,0,0,0,0,0,0,0,0,0,0,0,0
ch02465,FED IR14,413.21250,413.21250,A-Analog,Low,12.5K,Off,167.9,Local,Group Call,9,KC1JMH / Brad Brown,Off,Carrier,Off,1,1,1,Off,1,1,None,None,On,Off,Off,Off,Normal Encryption,Off,Off,Off,Off,131.8,1,Off,On,Off,Off,Off,Off,1,0,Off,0,0,0,0,0,0,0,0,0,0,0,0
ch02466,FED LE B,414.03750,414.03750,A-Analog,Low,12.5K,Off,167.9,Local,Group Call,9,KC1JMH / Brad Brown,Off,Carrier,Off,1,1,1,Off,1,1,None,None,On,Off,Off,Off,Normal Encryption,Off,Off,Off,Off,131.8,1,Off,On,Off,Off,Off,Off,1,0,Off,0,0,0,0,0,0,0,0,0,0,0,0
ch02467,FED LE10,409.98750,409.98750,A-Analog,Low,12.5K,Off,167.9,Local,Group Call,9,KC1JMH / Brad Brown,Off,Carrier,Off,1,1,1,Off,1,1,None,None,On,Off,Off,Off,Normal Encryption,Off,Off,Off,Off,131.8,1,Off,On,Off,Off,Off,Off,1,0,Off,0,0,0,0,0,0,0,0,0,0,0,0
ch02468,FED LE11,410.18750,410.18750,A-Analog,Low,12.5K,Off,Off,Local,Group Call,9,KC1JMH / Brad Brown,Off,Carrier,Off,1,1,1,Off,1,1,None,None,On,Off,Off,Off,Normal Encryption,Off,Off,Off,Off,131.8,1,Off,On,Off,Off,Off,Off,1,0,Off,0,0,0,0,0,0,0,0,0,0,0,0
ch02469,FED LE12,410.61250,410.61250,A-Analog,Low,12.5K,Off,Off,Local,Group Call,9,KC1JMH / Brad Brown,Off,Carrier,Off,1,1,1,Off,1,1,None,None,On,Off,Off,Off,Normal Encryption,Off,Off,Off,Off,131.8,1,Off,On,Off,Off,Off,Off,1,0,Off,0,0,0,0,0,0,0,0,0,0,0,0
ch02470,FED LE13,414.06250,414.06250,A-Analog,Low,12.5K,Off,Off,Local,Group Call,9,KC1JMH / Brad Brown,Off,Carrier,Off,1,1,1,Off,1,1,None,None,On,Off,Off,Off,Normal Encryption,Off,Off,Off,Off,131.8,1,Off,On,Off,Off,Off,Off,1,0,Off,0,0,0,0,0,0,0,0,0,0,0,0
ch02471,FED LE14,414.31250,414.31250,A-Analog,Low,12.5K,Off,Off,Local,Group Call,9,KC1JMH / Brad Brown,Off,Carrier,Off,1,1,1,Off,1,1,None,None,On,Off,Off,Off,Normal Encryption,Off,Off,Off,Off,131.8,1,Off,On,Off,Off,Off,Off,1,0,Off,0,0,0,0,0,0,0,0,0,0,0,0
ch02472,FED LE15,414.33750,414.33750,A-Analog,Low,12.5K,Off,Off,Local,Group Call,9,KC1JMH / Brad Brown,Off,Carrier,Off,1,1,1,Off,1,1,None,None,On,Off,Off,Off,Normal Encryption,Off,Off,Off,Off,131.8,1,Off,On,Off,Off,Off,Off,1,0,Off,0,0,0,0,0,0,0,0,0,0,0,0
ch02473,MED 9,462.95000,462.95000,A-Analog,Low,12.5K,Off,156.7,Local,Group Call,9,KC1JMH / Brad Brown,Off,Carrier,Off,1,1,1,Off,1,1,None,None,On,Off,Off,Off,Normal Encryption,Off,Off,Off,Off,131.8,1,Off,On,Off,Off,Off,Off,1,0,Off,0,0,0,0,0,0,0,0,0,0,0,0
ch02474,MED 92,462.96250,462.96250,A-Analog,Low,12.5K,Off,156.7,Local,Group Call,9,KC1JMH / Brad Brown,Off,Carrier,Off,1,1,1,Off,1,1,None,None,On,Off,Off,Off,Normal Encryption,Off,Off,Off,Off,131.8,1,Off,On,Off,Off,Off,Off,1,0,Off,0,0,0,0,0,0,0,0,0,0,0,0
ch02475,MED 10,462.97500,462.97500,A-Analog,Low,12.5K,Off,156.7,Local,Group Call,9,KC1JMH / Brad Brown,Off,Carrier,Off,1,1,1,Off,1,1,None,None,On,Off,Off,Off,Normal Encryption,Off,Off,Off,Off,131.8,1,Off,On,Off,Off,Off,Off,1,0,Off,0,0,0,0,0,0,0,0,0,0,0,0
ch02476,MED 102,462.98750,462.98750,A-Analog,Low,12.5K,Off,156.7,Local,Group Call,9,KC1JMH / Brad Brown,Off,Carrier,Off,1,1,1,Off,1,1,None,None,On,Off,Off,Off,Normal Encryption,Off,Off,Off,Off,131.8,1,Off,On,Off,Off,Off,Off,1,0,Off,0,0,0,0,0,0,0,0,0,0,0,0
ch02477,MED 1,463.00000,463.00000,A-Analog,Low,12.5K,Off,156.7,Local,Group Call,9,KC1JMH / Brad Brown,Off,Carrier,Off,1,1,1,Off,1,1,None,None,On,Off,Off,Off,Normal Encryption,Off,Off,Off,Off,131.8,1,Off,On,Off,Off,Off,Off,1,0,Off,0,0,0,0,0,0,0,0,0,0,0,0
ch02478,MED 12,463.01250,463.01250,A-Analog,Low,12.5K,Off,156.7,Local,Group Call,9,KC1JMH / Brad Brown,Off,Carrier,Off,1,1,1,Off,1,1,None,None,On,Off,Off,Off,Normal Encryption,Off,Off,Off,Off,131.8,1,Off,On,Off,Off,Off,Off,1,0,Off,0,0,0,0,0,0,0,0,0,0,0,0
ch02479,MED 2,463.02500,463.02500,A-Analog,Low,12.5K,Off,156.7,Local,Group Call,9,KC1JMH / Brad Brown,Off,Carrier,Off,1,1,1,Off,1,1,None,None,On,Off,Off,Off,Normal Encryption,Off,Off,Off,Off,131.8,1,Off,On,Off,Off,Off,Off,1,0,Off,0,0,0,0,0,0,0,0,0,0,0,0
ch02480,MED 22,463.03750,463.03750,A-Analog,Low,12.5K,Off,156.7,Local,Group Call,9,KC1JMH / Brad Brown,Off,Carrier,Off,1,1,1,Off,1,1,None,None,On,Off,Off,Off,Normal Encryption,Off,Off,Off,Off,131.8,1,Off,On,Off,Off,Off,Off,1,0,Off,0,0,0,0,0,0,0,0,0,0,0,0
ch02481,MED 3,463.05000,463.05000,A-Analog,Low,12.5K,Off,156.7,Local,Group Call,9,KC1JMH / Brad Brown,Off,Carrier,Off,1,1,1,Off,1,1,None,None,On,Off,Off,Off,Normal Encryption,Off,Off,Off,Off,131.8,1,Off,On,Off,Off,Off,Off,1,0,Off,0,0,0,0,0,0,0,0,0,0,0,0
ch02482,MED 32,463.06250,463.06250,A-Analog,Low,12.5K,Off,156.7,Local,Group Call,9,KC1JMH / Brad Brown,Off,Carrier,Off,1,1,1,Off,1,1,None,None,On,Off,Off,Off,Normal Encryption,Off,Off,Off,Off,131.8,1,Off,On,Off,Off,Off,Off,1,0,Off,0,0,0,0,0,0,0,0,0,0,0,0
ch02483,MED 4,463.07500,463.07500,A-Analog,Low,12.5K,Off,156.7,Local,Group Call,9,KC1JMH / Brad Brown,Off,Carrier,Off,1,1,1,Off,1,1,None,None,On,Off,Off,Off,Normal Encryption,Off,Off,Off,Off,131.8,1,Off,On,Off,Off,Off,Off,1,0,Off,0,0,0,0,0,0,0,0,0,0,0,0
ch02484,MED 42,463.08750,463.08750,A-Analog,Low,12.5K,Off,156.7,Local,Group Call,9,KC1JMH / Brad Brown,Off,Carrier,Off,1,1,1,Off,1,1,None,None,On,Off,Off,Off,Normal Encryption,Off,Off,Off,Off,131.8,1,Off,On,Off,Off,Off,Off,1,0,Off,0,0,0,0,0,0,0,0,0,0,0,0
ch02485,MED 5,463.10000,463.10000,A-Analog,Low,12.5K,Off,156.7,Local,Group Call,9,KC1JMH / Brad Brown,Off,Carrier,Off,1,1,1,Off,1,1,None,None,On,Off,Off,Off,Normal Encryption,Off,Off,Off,Off,131.8,1,Off,On,Off,Off,Off,Off,1,0,Off,0,0,0,0,0,0,0,0,0,0,0,0
ch02486,MED 52,463.11250,463.11250,A-Analog,Low,12.5K,Off,156.7,Local,Group Call,9,KC1JMH / Brad Brown,Off,Carrier,Off,1,1,1,Off,1,1,None,None,On,Off,Off,Off,Normal Encryption,Off,Off,Off,Off,131.8,1,Off,On,Off,Off,Off,Off,1,0,Off,0,0,0,0,0,0,0,0,0,0,0,0
ch02487,MED 6,463.12500,463.12500,A-Analog,Low,12.5K,Off,156.7,Local,Group Call,9,KC1JMH / Brad Brown,Off,Carrier,Off,1,1,1,Off,1,1,None,None,On,Off,Off,Off,Normal Encryption,Off,Off,Off,Off,131.8,1,Off,On,Off,Off,Off,Off,1,0,Off,0,0,0,0,0,0,0,0,0,0,0,0
ch02488,MED 62,463.13750,463.13750,A-Analog,Low,12.5K,Off,156.7,Local,Group Call,9,KC1JMH / Brad Brown,Off,Carrier,Off,1,1,1,Off,1,1,None,None,On,Off,Off,Off,Normal Encryption,Off,Off,Off,Off,131.8,1,Off,On,Off,Off,Off,Off,1,0,Off,0,0,0,0,0,0,0,0,0,0,0,0
ch02489,MED 7,463.15000,463.15000,A-Analog,Low,12.5K,Off,156.7,Local,Group Call,9,KC1JMH / Brad Brown,Off,Carrier,Off,1,1,1,Off,1,1,None,None,On,Off,Off,Off,Normal Encryption,Off,Off,Off,Off,131.8,1,Off,On,Off,Off,Off,Off,1,0,Off,0,0,0,0,0,0,0,0,0,0,0,0
ch02490,MED 72,463.16250,463.16250,A-Analog,Low,12.5K,Off,156.7,Local,Group Call,9,KC1JMH / Brad Brown,Off,Carrier,Off,1,1,1,Off,1,1,None,None,On,Off,Off,Off,Normal Encryption,Off,Off,Off,Off,131.8,1,Off,On,Off,Off,Off,Off,1,0,Off,0,0,0,0,0,0,0,0,0,0,0,0
ch02491,MED 8,463.17500,463.17500,A-Analog,Low,12.5K,Off,156.7,Local,Group Call,9,KC1JMH / Brad Brown,Off,Carrier,Off,1,1,1,Off,1,1,None,None,On,Off,Off,Off,Normal Encryption,Off,Off,Off,Off,131.8,1,Off,On,Off,Off,Off,Off,1,0,Off,0,0,0,0,0,0,0,0,0,0,0,0
ch02492,MED 82,463.18750,463.18750,A-Analog,Low,12.5K,Off,156.7,Local,Group Call,9,KC1JMH / Brad Brown,Off,Carrier,Off,1,1,1,Off,1,1,None,None,On,Off,Off,Off,Normal Encryption,Off,Off,Off,Off,131.8,1,Off,On,Off,Off,Off,Off,1,0,Off,0,0,0,0,0,0,0,0,0,0,0,0
ch02493,AND EMA,154.11500,154.11500,A-Analog,Low,12.5K,Off,192.8,Local,Group Call,9,KC1JMH / Brad Brown,Off,Carrier,Off,1,1,1,Off,1,1,None,None,On,Off,Off,Off,Normal Encryption,Off,Off,Off,Off,131.8,1,Off,On,Off,Off,Off,Off,1,0,Off,0,0,0,0,0,0,0,0,0,0,0,0
ch02494,AND EMA Tac,158.74500,158.74500,A-Analog,Low,12.5K,Off,173.8,Local,Group Call,9,KC1JMH / Brad Brown,Off,Carrier,Off,1,1,1,Off,1,1,None,None,On,Off,Off,Off,Normal Encryption,Off,Off,Off,Off,131.8,1,Off,On,Off,Off,Off,Off,1,0,Off,0,0,0,0,0,0,0,0,0,0,0,0
ch02495,ARO AKEMA,154.05500,154.05500,A-Analog,Low,12.5K,Off,Off,Local,Group Call,9,KC1JMH / Brad Brown,Off,Carrier,Off,1,1,1,Off,1,1,None,None,On,Off,Off,Off,Normal Encryption,Off,Off,Off,Off,131.8,1,Off,On,Off,Off,Off,Off,1,0,Off,0,0,0,0,0,0,0,0,0,0,0,0
ch02496,ARO AKEMA North,155.31000,155.31000,A-Analog,Low,12.5K,Off,141.3,Local,Group Call,9,KC1JMH / Brad Brown,Off,Carrier,Off,1,1,1,Off,1,1,None,None,On,Off,Off,Off,Normal Encryption,Off,Off,Off,Off,131.8,1,Off,On,Off,Off,Off,Off,1,0,Off,0,0,0,0,0,0,0,0,0,0,0,0
ch02497,ARO AKEMA South,154.35500,154.35500,A-Analog,Low,12.5K,Off,146.2,Local,Group Call,9,KC1JMH / Brad Brown,Off,Carrier,Off,1,1,1,Off,1,1,None,None,On,Off,Off,Off,Normal Encryption,Off,Off,Off,Off,131.8,1,Off,On,Off,Off,Off,Off,1,0,Off,0,0,0,0,0,0,0,0,0,0,0,0
ch02498,FRK FN EMA,158.82750,158.82750,A-Analog,Low,12.5K,Off,Off,Local,Group Call,9,KC1JMH / Brad Brown,Off,Carrier,Off,1,1,1,Off,1,1,None,None,On,Off,Off,Off,Normal Encryption,Off,Off,Off,Off,131.8,1,Off,On,Off,Off,Off,Off,1,0,Off,0,0,0,0,0,0,0,0,0,0,0,0
ch02499,ME 155.775,155.77500,155.77500,A-Analog,Low,12.5K,Off,100.0,Local,Group Call,9,KC1JMH / Brad Brown,Off,Carrier,Off,1,1,1,Off,1,1,None,None,On,Off,Off,Off,Normal Encryption,Off,Off,Off,Off,131.8,1,Off,On,Off,Off,Off,Off,1,0,Off,0,0,0,0,0,0,0,0,0,0,0,0
ch02500,FRK EMA UHF,453.22500,453.22500,A-Analog,Low,12.5K,Off,Off,Local,Group Call,9,KC1JMH / Brad Brown,Off,Carrier,Off,1,1,1,Off,1,1,None,None,On,Off,Off,Off,Normal Encryption,Off,Off,Off,Off,131.8,1,Off,On,Off,Off,Off,Off,1,0,Off,0,0,0,0,0,0,0,0,0,0,0,0
ch02501,FRK FN SO,155.25000,155.25000,A-Analog,Low,12.5K,Off,179.9,Local,Group Call,9,KC1JMH / Brad Brown,Off,Carrier,Off,1,1,1,Off,1,1,None,None,On,Off,Off,Off,Normal Encryption,Off,Off,Off,Off,131.8,1,Off,On,Off,Off,Off,Off,1,0,Off,0,0,0,0,0,0,0,0,0,0,0,0
ch02502,ME 155.055,155.05500,155.05500,A-Analog,Low,12.5K,Off,103.5,Local,Group Call,9,KC1JMH / Brad Brown,Off,Carrier,Off,1,1,1,Off,1,1,None,None,On,Off,Off,Off,Normal Encryption,Off,Off,Off,Off,131.8,1,Off,On,Off,Off,Off,Off,1,0,Off,0,0,0,0,0,0,0,0,0,0,0,0
ch02503,FRK Cty FIRE N,158.88000,158.88000,A-Analog,Low,12.5K,Off,Off,Local,Group Call,9,KC1JMH / Brad Brown,Off,Carrier,Off,1,1,1,Off,1,1,None,None,On,Off,Off,Off,Normal Encryption,Off,Off,Off,Off,131.8,1,Off,On,Off,Off,Off,Off,1,0,Off,0,0,0,0,0,0,0,0,0,0,0,0
ch02504,FRK RANGELEY,154.08500,154.08500,A-Analog,Low,12.5K,Off,100.0,Local,Group Call,9,KC1JMH / Brad Brown,Off,Carrier,Off,1,1,1,Off,1,1,None,None,On,Off,Off,Off,Normal Encryption,Off,Off,Off,Off,131.8,1,Off,On,Off,Off,Off,Off,1,0,Off,0,0,0,0,0,0,0,0,0,0,0,0
ch02505,FRK NORTHSTAR S,152.37500,152.37500,A-Analog,Low,12.5K,Off,Off,Local,Group Call,9,KC1JMH / Brad Brown,Off,Carrier,Off,1,1,1,Off,1,1,None,None,On,Off,Off,Off,Normal Encryption,Off,Off,Off,Off,131.8,1,Off,On,Off,Off,Off,Off,1,0,Off,0,0,0,0,0,0,0,0,0,0,0,0
ch02506,FRK NORTHSTAR N,155.22000,155.22000,A-Analog,Low,12.5K,Off,Off,Local,Group Call,9,KC1JMH / Brad Brown,Off,Carrier,Off,1,1,1,Off,1,1,None,None,On,Off,Off,Off,Normal Encryption,Off,Off,Off,Off,131.8,1,Off,On,Off,Off,Off,Off,1,0,Off,0,0,0,0,0,0,0,0,0,0,0,0
ch02507,HAN EMA,155.83500,155.83500,A-Analog,Low,12.5K,Off,151.4,Local,Group Call,9,KC1JMH / Brad Brown,Off,Carrier,Off,1,1,1,Off,1,1,None,None,On,Off,Off,Off,Normal Encryption,Off,Off,Off,Off,131.8,1,Off,On,Off,Off,Off,Off,1,0,Off,0,0,0,0,0,0,0,0,0,0,0,0
ch02508,HAN County Fire,154.25000,154.25000,A-Analog,Low,12.5K,Off,151.4,Local,Group Call,9,KC1JMH / Brad Brown,Off,Carrier,Off,1,1,1,Off,1,1,None,None,On,Off,Off,Off,Normal Encryption,Off,Off,Off,Off,131.8,1,Off,On,Off,Off,Off,Off,1,0,Off,0,0,0,0,0,0,0,0,0,0,0,0
ch02509,HAN County EMS E,159.18000,159.18000,A-Analog,Low,12.5K,Off,Off,Local,Group Call,9,KC1JMH / Brad Brown,Off,Carrier,Off,1,1,1,Off,1,1,None,None,On,Off,Off,Off,Normal Encryption,Off,Off,Off,Off,131.8,1,Off,On,Off,Off,Off,Off,1,0,Off,0,0,0,0,0,0,0,0,0,0,0,0
ch02510,KEN KCEMA,155.80500,155.80500,A-Analog,Low,12.5K,Off,Off,Local,Group Call,9,KC1JMH / Brad Brown,Off,Carrier,Off,1,1,1,Off,1,1,None,None,On,Off,Off,Off,Normal Encryption,Off,Off,Off,Off,131.8,1,Off,On,Off,Off,Off,Off,1,0,Off,0,0,0,0,0,0,0,0,0,0,0,0
ch02511,KEN KCEMA 235,158.23500,158.23500,A-Analog,Low,12.5K,Off,123.0,Local,Group Call,9,KC1JMH / Brad Brown,Off,Carrier,Off,1,1,1,Off,1,1,None,None,On,Off,Off,Off,Normal Encryption,Off,Off,Off,Off,131.8,1,Off,On,Off,Off,Off,Off,1,0,Off,0,0,0,0,0,0,0,0,0,0,0,0
ch02512,KNX KXEMA,155.74500,155.74500,A-Analog,Low,12.5K,Off,Off,Local,Group Call,9,KC1JMH / Brad Brown,Off,Carrier,Off,1,1,1,Off,1,1,None,None,On,Off,Off,Off,Normal Encryption,Off,Off,Off,Off,131.8,1,Off,On,Off,Off,Off,Off,1,0,Off,0,0,0,0,0,0,0,0,0,0,0,0
ch02513,KNX KRCC,152.20250,152.20250,A-Analog,Low,12.5K,Off,203.5,Local,Group Call,9,KC1JMH / Brad Brown,Off,Carrier,Off,1,1,1,Off,1,1,None,None,On,Off,Off,Off,Normal Encryption,Off,Off,Off,Off,131.8,1,Off,On,Off,Off,Off,Off,1,0,Off,0,0,0,0,0,0,0,0,0,0,0,0
ch02514,KNX LAW,153.99500,153.99500,A-Analog,Low,12.5K,Off,203.5,Local,Group Call,9,KC1JMH / Brad Brown,Off,Carrier,Off,1,1,1,Off,1,1,None,None,On,Off,Off,Off,Normal Encryption,Off,Off,Off,Off,131.8,1,Off,On,Off,Off,Off,Off,1,0,Off,0,0,0,0,0,0,0,0,0,0,0,0
ch02515,KNX NORTHTAC,152.56250,152.56250,A-Analog,Low,12.5K,Off,127.3,Local,Group Call,9,KC1JMH / Brad Brown,Off,Carrier,Off,1,1,1,Off,1,1,None,None,On,Off,Off,Off,Normal Encryption,Off,Off,Off,Off,131.8,1,Off,On,Off,Off,Off,Off,1,0,Off,0,0,0,0,0,0,0,0,0,0,0,0
ch02516,LIN LNEMA,155.91750,155.91750,A-Analog,Low,12.5K,Off,229.1,Local,Group Call,9,KC1JMH / Brad Brown,Off,Carrier,Off,1,1,1,Off,1,1,None,None,On,Off,Off,Off,Normal Encryption,Off,Off,Off,Off,131.8,1,Off,On,Off,Off,Off,Off,1,0,Off,0,0,0,0,0,0,0,0,0,0,0,0
ch02517,LIN County Fire,155.98500,155.98500,A-Analog,Low,12.5K,Off,118.8,Local,Group Call,9,KC1JMH / Brad Brown,Off,Carrier,Off,1,1,1,Off,1,1,None,None,On,Off,Off,Off,Normal Encryption,Off,Off,Off,Off,131.8,1,Off,On,Off,Off,Off,Off,1,0,Off,0,0,0,0,0,0,0,0,0,0,0,0
ch02518,LIN County Law,154.04750,154.04750,A-Analog,Low,12.5K,Off,110.9,Local,Group Call,9,KC1JMH / Brad Brown,Off,Carrier,Off,1,1,1,Off,1,1,None,None,On,Off,Off,Off,Normal Encryption,Off,Off,Off,Off,131.8,1,Off,On,Off,Off,Off,Off,1,0,Off,0,0,0,0,0,0,0,0,0,0,0,0
ch02519,LIN Fire Gnd 1,154.13000,154.13000,A-Analog,Low,12.5K,Off,127.3,Local,Group Call,9,KC1JMH / Brad Brown,Off,Carrier,Off,1,1,1,Off,1,1,None,None,On,Off,Off,Off,Normal Encryption,Off,Off,Off,Off,131.8,1,Off,On,Off,Off,Off,Off,1,0,Off,0,0,0,0,0,0,0,0,0,0,0,0
ch02520,LIN Fire Gnd 2,153.79250,153.79250,A-Analog,Low,12.5K,Off,Off,Local,Group Call,9,KC1JMH / Brad Brown,Off,Carrier,Off,1,1,1,Off,1,1,None,None,On,Off,Off,Off,Normal Encryption,Off,Off,Off,Off,131.8,1,Off,On,Off,Off,Off,Off,1,0,Off,0,0,0,0,0,0,0,0,0,0,0,0
ch02521,LIN Fire Gnd 3,159.12750,159.12750,A-Analog,Low,12.5K,Off,Off,Local,Group Call,9,KC1JMH / Brad Brown,Off,Carrier,Off,1,1,1,Off,1,1,None,None,On,Off,Off,Off,Normal Encryption,Off,Off,Off,Off,131.8,1,Off,On,Off,Off,Off,Off,1,0,Off,0,0,0,0,0,0,0,0,0,0,0,0
ch02522,OXF County Fire,154.07000,154.07000,A-Analog,Low,12.5K,Off,110.9,Local,Group Call,9,KC1JMH / Brad Brown,Off,Carrier,Off,1,1,1,Off,1,1,None,None,On,Off,Off,Off,Normal Encryption,Off,Off,Off,Off,131.8,1,Off,On,Off,Off,Off,Off,1,0,Off,0,0,0,0,0,0,0,0,0,0,0,0
ch02523,OXF County Prime,155.07000,155.07000,A-Analog,Low,12.5K,Off,192.8,Local,Group Call,9,KC1JMH / Brad Brown,Off,Carrier,Off,1,1,1,Off,1,1,None,None,On,Off,Off,Off,Normal Encryption,Off,Off,Off,Off,131.8,1,Off,On,Off,Off,Off,Off,1,0,Off,0,0,0,0,0,0,0,0,0,0,0,0
ch02524,OXF County EMA,159.99500,159.99500,A-Analog,Low,12.5K,Off,Off,Local,Group Call,9,KC1JMH / Brad Brown,Off,Carrier,Off,1,1,1,Off,1,1,None,None,On,Off,Off,Off,Normal Encryption,Off,Off,Off,Off,131.8,1,Off,On,Off,Off,Off,Off,1,0,Off,0,0,0,0,0,0,0,0,0,0,0,0
ch02525,PEN COM 2,153.74000,153.74000,A-Analog,Low,12.5K,Off,Off,Local,Group Call,9,KC1JMH / Brad Brown,Off,Carrier,Off,1,1,1,Off,1,1,None,None,On,Off,Off,Off,Normal Encryption,Off,Off,Off,Off,131.8,1,Off,On,Off,Off,Off,Off,1,0,Off,0,0,0,0,0,0,0,0,0,0,0,0
ch02526,PEN COM 3,151.40750,151.40750,A-Analog,Low,12.5K,Off,100.0,Local,Group Call,9,KC1JMH / Brad Brown,Off,Carrier,Off,1,1,1,Off,1,1,None,None,On,Off,Off,Off,Normal Encryption,Off,Off,Off,Off,131.8,1,Off,On,Off,Off,Off,Off,1,0,Off,0,0,0,0,0,0,0,0,0,0,0,0
ch02527,PEN Brewer Fire,154.41500,154.41500,A-Analog,Low,12.5K,Off,186.2,Local,Group Call,9,KC1JMH / Brad Brown,Off,Carrier,Off,1,1,1,Off,1,1,None,None,On,Off,Off,Off,Normal Encryption,Off,Off,Off,Off,131.8,1,Off,On,Off,Off,Off,Off,1,0,Off,0,0,0,0,0,0,0,0,0,0,0,0
ch02528,PEN Hampden Fire,155.88000,155.88000,A-Analog,Low,12.5K,Off,114.8,Local,Group Call,9,KC1JMH / Brad Brown,Off,Carrier,Off,1,1,1,Off,1,1,None,None,On,Off,Off,Off,Normal Encryption,Off,Off,Off,Off,131.8,1,Off,On,Off,Off,Off,Off,1,0,Off,0,0,0,0,0,0,0,0,0,0,0,0
ch02529,PIS EMA,155.84250,155.84250,A-Analog,Low,12.5K,Off,136.5,Local,Group Call,9,KC1JMH / Brad Brown,Off,Carrier,Off,1,1,1,Off,1,1,None,None,On,Off,Off,Off,Normal Encryption,Off,Off,Off,Off,131.8,1,Off,On,Off,Off,Off,Off,1,0,Off,0,0,0,0,0,0,0,0,0,0,0,0
ch02530,PIS SO,155.02500,155.02500,A-Analog,Low,12.5K,Off,192.8,Local,Group Call,9,KC1JMH / Brad Brown,Off,Carrier,Off,1,1,1,Off,1,1,None,None,On,Off,Off,Off,Normal Encryption,Off,Off,Off,Off,131.8,1,Off,On,Off,Off,Off,Off,1,0,Off,0,0,0,0,0,0,0,0,0,0,0,0
ch02531,PIS PSEMA,458.25000,458.25000,A-Analog,Low,12.5K,Off,Off,Local,Group Call,9,KC1JMH / Brad Brown,Off,Carrier,Off,1,1,1,Off,1,1,None,None,On,Off,Off,Off,Normal Encryption,Off,Off,Off,Off,131.8,1,Off,On,Off,Off,Off,Off,1,0,Off,0,0,0,0,0,0,0,0,0,0,0,0
ch02532,SOM County Amb,155.90250,155.90250,A-Analog,Low,12.5K,Off,Off,Local,Group Call,9,KC1JMH / Brad Brown,Off,Carrier,Off,1,1,1,Off,1,1,None,None,On,Off,Off,Off,Normal Encryption,Off,Off,Off,Off,131.8,1,Off,On,Off,Off,Off,Off,1,0,Off,0,0,0,0,0,0,0,0,0,0,0,0
ch02533,SOM SO,154.83000,154.83000,A-Analog,Low,12.5K,Off,151.4,Local,Group Call,9,KC1JMH / Brad Brown,Off,Carrier,Off,1,1,1,Off,1,1,None,None,On,Off,Off,Off,Normal Encryption,Off,Off,Off,Off,131.8,1,Off,On,Off,Off,Off,Off,1,0,Off,0,0,0,0,0,0,0,0,0,0,0,0
ch02534,ME 154.995,154.99500,154.99500,A-Analog,Low,12.5K,Off,Off,Local,Group Call,9,KC1JMH / Brad Brown,Off,Carrier,Off,1,1,1,Off,1,1,None,None,On,Off,Off,Off,Normal Encryption,Off,Off,Off,Off,131.8,1,Off,On,Off,Off,Off,Off,1,0,Off,0,0,0,0,0,0,0,0,0,0,0,0
ch02535,WLD WLDO EMA,156.14250,156.14250,A-Analog,Low,12.5K,Off,123.0,Local,Group Call,9,KC1JMH / Brad Brown,Off,Carrier,Off,1,1,1,Off,1,1,None,None,On,Off,Off,Off,Normal Encryption,Off,Off,Off,Off,131.8,1,Off,On,Off,Off,Off,Off,1,0,Off,0,0,0,0,0,0,0,0,0,0,0,0
ch02536,WLD CC-1,155.66250,155.66250,A-Analog,Low,12.5K,Off,123.0,Local,Group Call,9,KC1JMH / Brad Brown,Off,Carrier,Off,1,1,1,Off,1,1,None,None,On,Off,Off,Off,Normal Encryption,Off,Off,Off,Off,131.8,1,Off,On,Off,Off,Off,Off,1,0,Off,0,0,0,0,0,0,0,0,0,0,0,0
ch02537,WLD CC-2,159.10500,159.10500,A-Analog,Low,12.5K,Off,123.0,Local,Group Call,9,KC1JMH / Brad Brown,Off,Carrier,Off,1,1,1,Off,1,1,None,None,On,Off,Off,Off,Normal Encryption,Off,Off,Off,Off,131.8,1,Off,On,Off,Off,Off,Off,1,0,Off,0,0,0,0,0,0,0,0,0,0,0,0
ch02538,WLD CC-3,159.46500,159.46500,A-Analog,Low,12.5K,Off,123.0,Local,Group Call,9,KC1JMH / Brad Brown,Off,Carrier,Off,1,1,1,Off,1,1,None,None,On,Off,Off,Off,Normal Encryption,Off,Off,Off,Off,131.8,1,Off,On,Off,Off,Off,Off,1,0,Off,0,0,0,0,0,0,0,0,0,0,0,0
ch02539,WLD CC-4,156.18750,156.18750,A-Analog,Low,12.5K,Off,123.0,Local,Group Call,9,KC1JMH / Brad Brown,Off,Carrier,Off,1,1,1,Off,1,1,None,None,On,Off,Off,Off,Normal Encryption,Off,Off,Off,Off,131.8,1,Off,On,Off,Off,Off,Off,1,0,Off,0,0,0,0,0,0,0,0,0,0,0,0
ch02540,WLD QUAKER HILL,155.17500,155.17500,A-Analog,Low,12.5K,Off,82.5,Local,Group Call,9,KC1JMH / Brad Brown,Off,Carrier,Off,1,1,1,Off,1,1,None,None,On,Off,Off,Off,Normal Encryption,Off,Off,Off,Off,131.8,1,Off,On,Off,Off,Off,Off,1,0,Off,0,0,0,0,0,0,0,0,0,0,0,0
ch02541,WLD HARRIS,156.17250,156.17250,A-Analog,Low,12.5K,Off,123.0,Local,Group Call,9,KC1JMH / Brad Brown,Off,Carrier,Off,1,1,1,Off,1,1,None,None,On,Off,Off,Off,Normal Encryption,Off,Off,Off,Off,131.8,1,Off,On,Off,Off,Off,Off,1,0,Off,0,0,0,0,0,0,0,0,0,0,0,0
ch02542,WLD WC TAC 1,155.82750,155.82750,A-Analog,Low,12.5K,Off,Off,Local,Group Call,9,KC1JMH / Brad Brown,Off,Carrier,Off,1,1,1,Off,1,1,None,None,On,Off,Off,Off,Normal Encryption,Off,Off,Off,Off,131.8,1,Off,On,Off,Off,Off,Off,1,0,Off,0,0,0,0,0,0,0,0,0,0,0,0
ch02543,WLD WC TAC 2,158.94750,158.94750,A-Analog,Low,12.5K,Off,Off,Local,Group Call,9,KC1JMH / Brad Brown,Off,Carrier,Off,1,1,1,Off,1,1,None,None,On,Off,Off,Off,Normal Encryption,Off,Off,Off,Off,131.8,1,Off,On,Off,Off,Off,Off,1,0,Off,0,0,0,0,0,0,0,0,0,0,0,0
ch02544,WLD WC TAC 3,158.97750,158.97750,A-Analog,Low,12.5K,Off,Off,Local,Group Call,9,KC1JMH / Brad Brown,Off,Carrier,Off,1,1,1,Off,1,1,None,None,On,Off,Off,Off,Normal Encryption,Off,Off,Off,Off,131.8,1,Off,On,Off,Off,Off,Off,1,0,Off,0,0,0,0,0,0,0,0,0,0,0,0
ch02545,WLD WC UHF 1,453.73750,453.73750,A-Analog,Low,12.5K,Off,Off,Local,Group Call,9,KC1JMH / Brad Brown,Off,Carrier,Off,1,1,1,Off,1,1,None,None,On,Off,Off,Off,Normal Encryption,Off,Off,Off,Off,131.8,1,Off,On,Off,Off,Off,Off,1,0,Off,0,0,0,0,0,0,0,0,0,0,0,0
ch02546,WLD WC UHF 2,458.73750,458.73750,A-Analog,Low,12.5K,Off,Off,Local,Group Call,9,KC1JMH / Brad Brown,Off,Carrier,Off,1,1,1,Off,1,1,None,None,On,Off,Off,Off,Normal Encryption,Off,Off,Off,Off,131.8,1,Off,On,Off,Off,Off,Off,1,0,Off,0,0,0,0,0,0,0,0,0,0,0,0
ch02547,WLD FIRE SOTH,159.13500,159.13500,A-Analog,Low,12.5K,Off,123.0,Local,Group Call,9,KC1JMH / Brad Brown,Off,Carrier,Off,1,1,1,Off,1,1,None,None,On,Off,Off,Off,Normal Encryption,Off,Off,Off,Off,131.8,1,Off,On,Off,Off,Off,Off,1,0,Off,0,0,0,0,0,0,0,0,0,0,0,0
ch02548,WLD WLDO SO,156.03000,156.03000,A-Analog,Low,12.5K,Off,127.3,Local,Group Call,9,KC1JMH / Brad Brown,Off,Carrier,Off,1,1,1,Off,1,1,None,None,On,Off,Off,Off,Normal Encryption,Off,Off,Off,Off,131.8,1,Off,On,Off,Off,Off,Off,1,0,Off,0,0,0,0,0,0,0,0,0,0,0,0
ch02549,WLD LE-2,154.73250,154.73250,A-Analog,Low,12.5K,Off,127.3,Local,Group Call,9,KC1JMH / Brad Brown,Off,Carrier,Off,1,1,1,Off,1,1,None,None,On,Off,Off,Off,Normal Encryption,Off,Off,Off,Off,131.8,1,Off,On,Off,Off,Off,Off,1,0,Off,0,0,0,0,0,0,0,0,0,0,0,0
ch02550,WLD MCP Link,155.52000,155.52000,A-Analog,Low,12.5K,Off,Off,Local,Group Call,9,KC1JMH / Brad Brown,Off,Carrier,Off,1,1,1,Off,1,1,None,None,On,Off,Off,Off,Normal Encryption,Off,Off,Off,Off,131.8,1,Off,On,Off,Off,Off,Off,1,0,Off,0,0,0,0,0,0,0,0,0,0,0,0
ch02551,WAS County Fire,154.19000,154.19000,A-Analog,Low,12.5K,Off,107.2,Local,Group Call,9,KC1JMH / Brad Brown,Off,Carrier,Off,1,1,1,Off,1,1,None,None,On,Off,Off,Off,Normal Encryption,Off,Off,Off,Off,131.8,1,Off,On,Off,Off,Off,Off,1,0,Off,0,0,0,0,0,0,0,0,0,0,0,0
ch02552,WAS SO,155.56500,155.56500,A-Analog,Low,12.5K,Off,192.8,Local,Group Call,9,KC1JMH / Brad Brown,Off,Carrier,Off,1,1,1,Off,1,1,None,None,On,Off,Off,Off,Normal Encryption,Off,Off,Off,Off,131.8,1,Off,On,Off,Off,Off,Off,1,0,Off,0,0,0,0,0,0,0,0,0,0,0,0
ch02553,YRK YC VHF,159.78000,159.78000,A-Analog,Low,12.5K,Off,156.7,Local,Group Call,9,KC1JMH / Brad Brown,Off,Carrier,Off,1,1,1,Off,1,1,None,None,On,Off,Off,Off,Normal Encryption,Off,Off,Off,Off,131.8,1,Off,On,Off,Off,Off,Off,1,0,Off,0,0,0,0,0,0,0,0,0,0,0,0
ch02554,YRK YC UHF,465.45000,465.45000,A-Analog,Low,12.5K,Off,110.9,Local,Group Call,9,KC1JMH / Brad Brown,Off,Carrier,Off,1,1,1,Off,1,1,None,None,On,Off,Off,Off,Normal Encryption,Off,Off,Off,Off,131.8,1,Off,On,Off,Off,Off,Off,1,0,Off,0,0,0,0,0,0,0,0,0,0,0,0
ch02555,SWSP 154.710,154.71000,154.71000,A-Analog,Low,12.5K,Off,Off,Local,Group Call,9,KC1JMH / Brad Brown,Off,Carrier,Off,1,1,1,Off,1,1,None,None,On,Off,Off,Off,Normal Encryption,Off,Off,Off,Off,131.8,1,Off,On,Off,Off,Off,Off,1,0,Off,0,0,0,0,0,0,0,0,0,0,0,0
ch02556,VFIRE 24,154.27250,154.27250,A-Analog,Low,12.5K,Off,156.7,Local,Group Call,9,KC1JMH / Brad Brown,Off,Carrier,Off,1,1,1,Off,1,1,None,None,On,Off,Off,Off,Normal Encryption,Off,Off,Off,Off,131.8,1,Off,On,Off,Off,Off,Off,1,0,Off,0,0,0,0,0,0,0,0,0,0,0,0
ch02557,VFIRE 25,154.28750,154.28750,A-Analog,Low,12.5K,Off,156.7,Local,Group Call,9,KC1JMH / Brad Brown,Off,Carrier,Off,1,1,1,Off,1,1,None,None,On,Off,Off,Off,Normal Encryption,Off,Off,Off,Off,131.8,1,Off,On,Off,Off,Off,Off,1,0,Off,0,0,0,0,0,0,0,0,0,0,0,0
ch02558,VFIRE 26,154.30250,154.30250,A-Analog,Low,12.5K,Off,156.7,Local,Group Call,9,KC1JMH / Brad Brown,Off,Carrier,Off,1,1,1,Off,1,1,None,None,On,Off,Off,Off,Normal Encryption,Off,Off,Off,Off,131.8,1,Off,On,Off,Off,Off,Off,1,0,Off,0,0,0,0,0,0,0,0,0,0,0,0
ch02559,VMED 28,155.34000,155.34000,A-Analog,Low,12.5K,Off,156.7,Local,Group Call,9,KC1JMH / Brad Brown,Off,Carrier,Off,1,1,1,Off,1,1,None,None,On,Off,Off,Off,Normal Encryption,Off,Off,Off,Off,131.8,1,Off,On,Off,Off,Off,Off,1,0,Off,0,0,0,0,0,0,0,0,0,0,0,0
ch02560,VMED 29,155.34750,155.34750,A-Analog,Low,12.5K,Off,156.7,Local,Group Call,9,KC1JMH / Brad Brown,Off,Carrier,Off,1,1,1,Off,1,1,None,None,On,Off,Off,Off,Normal Encryption,Off,Off,Off,Off,131.8,1,Off,On,Off,Off,Off,Off,1,0,Off,0,0,0,0,0,0,0,0,0,0,0,0
ch02561,VLAW 32,155.48250,155.48250,A-Analog,Low,12.5K,Off,156.7,Local,Group Call,9,KC1JMH / Brad Brown,Off,Carrier,Off,1,1,1,Off,1,1,None,None,On,Off,Off,Off,Normal Encryption,Off,Off,Off,Off,131.8,1,Off,On,Off,Off,Off,Off,1,0,Off,0,0,0,0,0,0,0,0,0,0,0,0
ch02562,UCALL 40,453.21250,453.21250,A-Analog,Low,12.5K,Off,156.7,Local,Group Call,9,KC1JMH / Brad Brown,Off,Carrier,Off,1,1,1,Off,1,1,None,None,On,Off,Off,Off,Normal Encryption,Off,Off,Off,Off,131.8,1,Off,On,Off,Off,Off,Off,1,0,Off,0,0,0,0,0,0,0,0,0,0,0,0
ch02563,UTAC 41,453.46250,453.46250,A-Analog,Low,12.5K,Off,156.7,Local,Group Call,9,KC1JMH / Brad Brown,Off,Carrier,Off,1,1,1,Off,1,1,None,None,On,Off,Off,Off,Normal Encryption,Off,Off,Off,Off,131.8,1,Off,On,Off,Off,Off,Off,1,0,Off,0,0,0,0,0,0,0,0,0,0,0,0
ch02564,UTAC 42,453.71250,453.71250,A-Analog,Low,12.5K,Off,156.7,Local,Group Call,9,KC1JMH / Brad Brown,Off,Carrier,Off,1,1,1,Off,1,1,None,None,On,Off,Off,Off,Normal Encryption,Off,Off,Off,Off,131.8,1,Off,On,Off,Off,Off,Off,1,0,Off,0,0,0,0,0,0,0,0,0,0,0,0
ch02565,UTAC 43,453.86250,453.86250,A-Analog,Low,12.5K,Off,156.7,Local,Group Call,9,KC1JMH / Brad Brown,Off,Carrier,Off,1,1,1,Off,1,1,None,None,On,Off,Off,Off,Normal Encryption,Off,Off,Off,Off,131.8,1,Off,On,Off,Off,Off,Off,1,0,Off,0,0,0,0,0,0,0,0,0,0,0,0
ch02566,ME T-PIKE,151.07000,151.07000,A-Analog,Low,12.5K,Off,107.2,Local,Group Call,9,KC1JMH / Brad Brown,Off,Carrier,Off,1,1,1,Off,1,1,None,None,On,Off,Off,Off,Normal Encryption,Off,Off,Off,Off,131.8,1,Off,On,Off,Off,Off,Off,1,0,Off,0,0,0,0,0,0,0,0,0,0,0,0
ch02567,RN Augusta,155.85000,155.85000,A-Analog,Low,12.5K,Off,162.2,Local,Group Call,9,KC1JMH / Brad Brown,Off,Carrier,Off,1,1,1,Off,1,1,None,None,On,Off,Off,Off,Normal Encryption,Off,Off,Off,Off,131.8,1,Off,On,Off,Off,Off,Off,1,0,Off,0,0,0,0,0,0,0,0,0,0,0,0
ch02568,RN Coggan's Hil,154.72500,154.72500,A-Analog,Low,12.5K,Off,162.2,Local,Group Call,9,KC1JMH / Brad Brown,Off,Carrier,Off,1,1,1,Off,1,1,None,None,On,Off,Off,Off,Normal Encryption,Off,Off,Off,Off,131.8,1,Off,On,Off,Off,Off,Off,1,0,Off,0,0,0,0,0,0,0,0,0,0,0,0
ch02569,RN Cook Hill,151.17500,151.17500,A-Analog,Low,12.5K,Off,162.2,Local,Group Call,9,KC1JMH / Brad Brown,Off,Carrier,Off,1,1,1,Off,1,1,None,None,On,Off,Off,Off,Normal Encryption,Off,Off,Off,Off,131.8,1,Off,On,Off,Off,Off,Off,1,0,Off,0,0,0,0,0,0,0,0,0,0,0,0
ch02570,RN Eaton Mtn,152.14250,152.14250,A-Analog,Low,12.5K,Off,162.2,Local,Group Call,9,KC1JMH / Brad Brown,Off,Carrier,Off,1,1,1,Off,1,1,None,None,On,Off,Off,Off,Normal Encryption,Off,Off,Off,Off,131.8,1,Off,On,Off,Off,Off,Off,1,0,Off,0,0,0,0,0,0,0,0,0,0,0,0
ch02571,RN Mt Blue,172.67500,172.67500,A-Analog,Low,12.5K,Off,162.2,Local,Group Call,9,KC1JMH / Brad Brown,Off,Carrier,Off,1,1,1,Off,1,1,None,None,On,Off,Off,Off,Normal Encryption,Off,Off,Off,Off,131.8,1,Off,On,Off,Off,Off,Off,1,0,Off,0,0,0,0,0,0,0,0,0,0,0,0
ch02572,RN Mt Ephraim,155.73000,155.73000,A-Analog,Low,12.5K,Off,162.2,Local,Group Call,9,KC1JMH / Brad Brown,Off,Carrier,Off,1,1,1,Off,1,1,None,None,On,Off,Off,Off,Normal Encryption,Off,Off,Off,Off,131.8,1,Off,On,Off,Off,Off,Off,1,0,Off,0,0,0,0,0,0,0,0,0,0,0,0
ch02573,RN Sugarloaf Mt,172.57500,172.57500,A-Analog,Low,12.5K,Off,162.2,Local,Group Call,9,KC1JMH / Brad Brown,Off,Carrier,Off,1,1,1,Off,1,1,None,None,On,Off,Off,Off,Normal Encryption,Off,Off,Off,Off,131.8,1,Off,On,Off,Off,Off,Off,1,0,Off,0,0,0,0,0,0,0,0,0,0,0,0
ch02574,RN W Kennebago,167.78750,167.78750,A-Analog,Low,12.5K,Off,162.2,Local,Group Call,9,KC1JMH / Brad Brown,Off,Carrier,Off,1,1,1,Off,1,1,None,None,On,Off,Off,Off,Normal Encryption,Off,Off,Off,Off,131.8,1,Off,On,Off,Off,Off,Off,1,0,Off,0,0,0,0,0,0,0,0,0,0,0,0
ch02575,RN Bald Mtn,157.50000,157.50000,A-Analog,Low,12.5K,Off,162.2,Local,Group Call,9,KC1JMH / Brad Brown,Off,Carrier,Off,1,1,1,Off,1,1,None,None,On,Off,Off,Off,Normal Encryption,Off,Off,Off,Off,131.8,1,Off,On,Off,Off,Off,Off,1,0,Off,0,0,0,0,0,0,0,0,0,0,0,0
ch02576,RN Big Moose Mt,155.43000,155.43000,A-Analog,Low,12.5K,Off,162.2,Local,Group Call,9,KC1JMH / Brad Brown,Off,Carrier,Off,1,1,1,Off,1,1,None,None,On,Off,Off,Off,Normal Encryption,Off,Off,Off,Off,131.8,1,Off,On,Off,Off,Off,Off,1,0,Off,0,0,0,0,0,0,0,0,0,0,0,0
ch02577,RN BOMARC,154.65750,154.65750,A-Analog,Low,12.5K,Off,162.2,Local,Group Call,9,KC1JMH / Brad Brown,Off,Carrier,Off,1,1,1,Off,1,1,None,None,On,Off,Off,Off,Normal Encryption,Off,Off,Off,Off,131.8,1,Off,On,Off,Off,Off,Off,1,0,Off,0,0,0,0,0,0,0,0,0,0,0,0
ch02578,RN Cooper,160.86000,160.86000,A-Analog,Low,12.5K,Off,162.2,Local,Group Call,9,KC1JMH / Brad Brown,Off,Carrier,Off,1,1,1,Off,1,1,None,None,On,Off,Off,Off,Normal Encryption,Off,Off,Off,Off,131.8,1,Off,On,Off,Off,Off,Off,1,0,Off,0,0,0,0,0,0,0,0,0,0,0,0
ch02579,RN Fish Hill,154.70250,154.70250,A-Analog,Low,12.5K,Off,162.2,Local,Group Call,9,KC1JMH / Brad Brown,Off,Carrier,Off,1,1,1,Off,1,1,None,None,On,Off,Off,Off,Normal Encryption,Off,Off,Off,Off,131.8,1,Off,On,Off,Off,Off,Off,1,0,Off,0,0,0,0,0,0,0,0,0,0,0,0
ch02580,RN Garland,151.22000,151.22000,A-Analog,Low,12.5K,Off,162.2,Local,Group Call,9,KC1JMH / Brad Brown,Off,Carrier,Off,1,1,1,Off,1,1,None,None,On,Off,Off,Off,Normal Encryption,Off,Off,Off,Off,131.8,1,Off,On,Off,Off,Off,Off,1,0,Off,0,0,0,0,0,0,0,0,0,0,0,0
ch02581,RN Musquash Mtn,155.40000,155.40000,A-Analog,Low,12.5K,Off,162.2,Local,Group Call,9,KC1JMH / Brad Brown,Off,Carrier,Off,1,1,1,Off,1,1,None,None,On,Off,Off,Off,Normal Encryption,Off,Off,Off,Off,131.8,1,Off,On,Off,Off,Off,Off,1,0,Off,0,0,0,0,0,0,0,0,0,0,0,0
ch02582,RN Norway Bluff,151.73000,151.73000,A-Analog,Low,12.5K,Off,162.2,Local,Group Call,9,KC1JMH / Brad Brown,Off,Carrier,Off,1,1,1,Off,1,1,None,None,On,Off,Off,Off,Normal Encryption,Off,Off,Off,Off,131.8,1,Off,On,Off,Off,Off,Off,1,0,Off,0,0,0,0,0,0,0,0,0,0,0,0
ch02583,RN Passadumkeag,172.52500,172.52500,A-Analog,Low,12.5K,Off,162.2,Local,Group Call,9,KC1JMH / Brad Brown,Off,Carrier,Off,1,1,1,Off,1,1,None,None,On,Off,Off,Off,Normal Encryption,Off,Off,Off,Off,131.8,1,Off,On,Off,Off,Off,Off,1,0,Off,0,0,0,0,0,0,0,0,0,0,0,0
ch02584,RN Priestly Mtn,152.50250,152.50250,A-Analog,Low,12.5K,Off,162.2,Local,Group Call,9,KC1JMH / Brad Brown,Off,Carrier,Off,1,1,1,Off,1,1,None,None,On,Off,Off,Off,Normal Encryption,Off,Off,Off,Off,131.8,1,Off,On,Off,Off,Off,Off,1,0,Off,0,0,0,0,0,0,0,0,0,0,0,0
ch02585,RN Ashland,154.32500,154.32500,A-Analog,Low,12.5K,Off,162.2,Local,Group Call,9,KC1JMH / Brad Brown,Off,Carrier,Off,1,1,1,Off,1,1,None,None,On,Off,Off,Off,Normal Encryption,Off,Off,Off,Off,131.8,1,Off,On,Off,Off,Off,Off,1,0,Off,0,0,0,0,0,0,0,0,0,0,0,0
ch02586,RN Benedicta,151.67000,151.67000,A-Analog,Low,12.5K,Off,162.2,Local,Group Call,9,KC1JMH / Brad Brown,Off,Carrier,Off,1,1,1,Off,1,1,None,None,On,Off,Off,Off,Normal Encryption,Off,Off,Off,Off,131.8,1,Off,On,Off,Off,Off,Off,1,0,Off,0,0,0,0,0,0,0,0,0,0,0,0
ch02587,RN Chase Mtn,154.67250,154.67250,A-Analog,Low,12.5K,Off,162.2,Local,Group Call,9,KC1JMH / Brad Brown,Off,Carrier,Off,1,1,1,Off,1,1,None,None,On,Off,Off,Off,Normal Encryption,Off,Off,Off,Off,131.8,1,Off,On,Off,Off,Off,Off,1,0,Off,0,0,0,0,0,0,0,0,0,0,0,0
ch02588,RN Cyr Mtn,159.44250,159.44250,A-Analog,Low,12.5K,Off,162.2,Local,Group Call,9,KC1JMH / Brad Brown,Off,Carrier,Off,1,1,1,Off,1,1,None,None,On,Off,Off,Off,Normal Encryption,Off,Off,Off,Off,131.8,1,Off,On,Off,Off,Off,Off,1,0,Off,0,0,0,0,0,0,0,0,0,0,0,0
ch02589,RN Houlton,160.80000,160.80000,A-Analog,Low,12.5K,Off,162.2,Local,Group Call,9,KC1JMH / Brad Brown,Off,Carrier,Off,1,1,1,Off,1,1,None,None,On,Off,Off,Off,Normal Encryption,Off,Off,Off,Off,131.8,1,Off,On,Off,Off,Off,Off,1,0,Off,0,0,0,0,0,0,0,0,0,0,0,0
ch02590,RN New Sweden,153.94250,153.94250,A-Analog,Low,12.5K,Off,162.2,Local,Group Call,9,KC1JMH / Brad Brown,Off,Carrier,Off,1,1,1,Off,1,1,None,None,On,Off,Off,Off,Normal Encryption,Off,Off,Off,Off,131.8,1,Off,On,Off,Off,Off,Off,1,0,Off,0,0,0,0,0,0,0,0,0,0,0,0
ch02591,RN No 9 Mtn,151.26500,151.26500,A-Analog,Low,12.5K,Off,162.2,Local,Group Call,9,KC1JMH / Brad Brown,Off,Carrier,Off,1,1,1,Off,1,1,None,None,On,Off,Off,Off,Normal Encryption,Off,Off,Off,Off,131.8,1,Off,On,Off,Off,Off,Off,1,0,Off,0,0,0,0,0,0,0,0,0,0,0,0
ch02592,RN Patten,158.81250,158.81250,A-Analog,Low,12.5K,Off,162.2,Local,Group Call,9,KC1JMH / Brad Brown,Off,Carrier,Off,1,1,1,Off,1,1,None,None,On,Off,Off,Off,Normal Encryption,Off,Off,Off,Off,131.8,1,Off,On,Off,Off,Off,Off,1,0,Off,0,0,0,0,0,0,0,0,0,0,0,0
ch02593,RN Robinson Mtn,155.94000,155.94000,A-Analog,Low,12.5K,Off,162.2,Local,Group Call,9,KC1JMH / Brad Brown,Off,Carrier,Off,1,1,1,Off,1,1,None,None,On,Off,Off,Off,Normal Encryption,Off,Off,Off,Off,131.8,1,Off,On,Off,Off,Off,Off,1,0,Off,0,0,0,0,0,0,0,0,0,0,0,0
ch02594,RN St Francis,154.79250,154.79250,A-Analog,Low,12.5K,Off,162.2,Local,Group Call,9,KC1JMH / Brad Brown,Off,Carrier,Off,1,1,1,Off,1,1,None,None,On,Off,Off,Off,Normal Encryption,Off,Off,Off,Off,131.8,1,Off,On,Off,Off,Off,Off,1,0,Off,0,0,0,0,0,0,0,0,0,0,0,0
ch02595,CCLAW,154.87500,160.54500,A-Analog,High,12.5K,107.2,107.2,Local,Group Call,9,KC1JMH / Brad Brown,Off,Carrier,Off,1,1,1,Off,1,1,None,None,Off,Off,Off,Off,Normal Encryption,Off,Off,Off,Off,131.8,1,Off,On,Off,Off,Off,Off,1,0,Off,0,0,0,0,0,0,0,0,0,0,0,0
ch02596,Pkt 144.93,144.93000,144.93000,A-Analog,High,25K,Off,Off,Local,Group Call,9,KC1JMH / Brad Brown,Off,Carrier,Off,1,1,1,Off,1,1,Packet,None,Off,Off,Off,Off,Normal Encryption,Off,Off,Off,Off,251.1,1,Off,On,On,Off,Off,Off,1,0,Off,0,0,0,0,0,0,0,0,0,0,0,0
ch02597,Pkt 144.95,144.95000,144.95000,A-Analog,High,25K,Off,Off,Local,Group Call,9,KC1JMH / Brad Brown,Off,Carrier,Off,1,1,1,Off,1,1,Packet,None,Off,Off,Off,Off,Normal Encryption,Off,Off,Off,Off,251.1,1,Off,On,On,Off,Off,Off,1,0,Off,0,0,0,0,0,0,0,0,0,0,0,0
ch02598,Pkt 144.97,144.97000,144.97000,A-Analog,High,25K,Off,Off,Local,Group Call,9,KC1JMH / Brad Brown,Off,Carrier,Off,1,1,1,Off,1,1,Packet,None,Off,Off,Off,Off,Normal Encryption,Off,Off,Off,Off,251.1,1,Off,On,On,Off,Off,Off,1,0,Off,0,0,0,0,0,0,0,0,0,0,0,0
ch02599,Pkt 144.99,144.99000,144.99000,A-Analog,High,25K,Off,Off,Local,Group Call,9,KC1JMH / Brad Brown,Off,Carrier,Off,1,1,1,Off,1,1,Packet,None,Off,Off,Off,Off,Normal Encryption,Off,Off,Off,Off,251.1,1,Off,On,On,Off,Off,Off,1,0,Off,0,0,0,0,0,0,0,0,0,0,0,0
ch02600,Pkt 145.01,145.01000,145.01000,A-Analog,High,25K,Off,Off,Local,Group Call,9,KC1JMH / Brad Brown,Off,Carrier,Off,1,1,1,Off,1,1,Packet,None,Off,Off,Off,Off,Normal Encryption,Off,Off,Off,Off,251.1,1,Off,On,On,Off,Off,Off,1,0,Off,0,0,0,0,0,0,0,0,0,0,0,0
ch02601,Pkt 145.03,145.03000,145.03000,A-Analog,High,25K,Off,Off,Local,Group Call,9,KC1JMH / Brad Brown,Off,Carrier,Off,1,1,1,Off,1,1,Packet,None,Off,Off,Off,Off,Normal Encryption,Off,Off,Off,Off,251.1,1,Off,On,On,Off,Off,Off,1,0,Off,0,0,0,0,0,0,0,0,0,0,0,0
ch02602,Pkt 145.05,145.05000,145.05000,A-Analog,High,25K,Off,Off,Local,Group Call,9,KC1JMH / Brad Brown,Off,Carrier,Off,1,1,1,Off,1,1,Packet,None,Off,Off,Off,Off,Normal Encryption,Off,Off,Off,Off,251.1,1,Off,On,On,Off,Off,Off,1,0,Off,0,0,0,0,0,0,0,0,0,0,0,0
ch02603,Pkt 145.07,145.07000,145.07000,A-Analog,High,25K,Off,Off,Local,Group Call,9,KC1JMH / Brad Brown,Off,Carrier,Off,1,1,1,Off,1,1,Packet,None,Off,Off,Off,Off,Normal Encryption,Off,Off,Off,Off,251.1,1,Off,On,On,Off,Off,Off,1,0,Off,0,0,0,0,0,0,0,0,0,0,0,0
ch02604,Pkt 145.09,145.09000,145.09000,A-Analog,High,25K,Off,Off,Local,Group Call,9,KC1JMH / Brad Brown,Off,Carrier,Off,1,1,1,Off,1,1,Packet,None,Off,Off,Off,Off,Normal Encryption,Off,Off,Off,Off,251.1,1,Off,On,On,Off,Off,Off,1,0,Off,0,0,0,0,0,0,0,0,0,0,0,0
ch02605,ME Backbone,433.30000,433.30000,A-Analog,High,25K,Off,Off,Local,Group Call,9,KC1JMH / Brad Brown,Off,Carrier,Off,1,1,1,Off,1,1,Packet,None,Off,Off,Off,Off,Normal Encryption,Off,Off,Off,Off,251.1,1,Off,On,On,Off,Off,Off,1,0,Off,0,0,0,0,0,0,0,0,0,0,0,0
ch02606,SO-50 AOS,436.80500,145.85000,A-Analog,High,25K,Off,67.0,Local,Group Call,9,KC1JMH / Brad Brown,Off,Carrier,Off,1,1,1,Off,1,1,SO-50,None,Off,Off,Off,Off,Normal Encryption,Off,Off,Off,Off,251.1,1,Off,On,Off,Off,Off,Off,1,0,Off,0,0,0,0,0,0,0,0,0,0,0,0
ch02607,SO-50 Approach,436.80000,145.85000,A-Analog,High,25K,Off,67.0,Local,Group Call,9,KC1JMH / Brad Brown,Off,Carrier,Off,1,1,1,Off,1,1,SO-50,None,Off,Off,Off,Off,Normal Encryption,Off,Off,Off,Off,251.1,1,Off,On,Off,Off,Off,Off,1,0,Off,0,0,0,0,0,0,0,0,0,0,0,0
ch02608,SO-50 TCA,436.79500,145.85000,A-Analog,High,25K,Off,67.0,Local,Group Call,9,KC1JMH / Brad Brown,Off,Carrier,Off,1,1,1,Off,1,1,SO-50,None,Off,Off,Off,Off,Normal Encryption,Off,Off,Off,Off,251.1,1,Off,On,Off,Off,Off,Off,1,0,Off,0,0,0,0,0,0,0,0,0,0,0,0
ch02609,SO-50 Receding,436.79000,145.85000,A-Analog,High,25K,Off,67.0,Local,Group Call,9,KC1JMH / Brad Brown,Off,Carrier,Off,1,1,1,Off,1,1,SO-50,None,Off,Off,Off,Off,Normal Encryption,Off,Off,Off,Off,251.1,1,Off,On,Off,Off,Off,Off,1,0,Off,0,0,0,0,0,0,0,0,0,0,0,0
ch02610,SO-50 LOS,436.78500,145.85000,A-Analog,High,25K,Off,67.0,Local,Group Call,9,KC1JMH / Brad Brown,Off,Carrier,Off,1,1,1,Off,1,1,SO-50,None,Off,Off,Off,Off,Normal Encryption,Off,Off,Off,Off,251.1,1,Off,On,Off,Off,Off,Off,1,0,Off,0,0,0,0,0,0,0,0,0,0,0,0
ch02611,ISS AOS,437.81000,145.99000,A-Analog,High,25K,Off,67.0,Local,Group Call,9,KC1JMH / Brad Brown,Off,Carrier,Off,1,1,1,Off,1,1,ISS,None,Off,Off,Off,Off,Normal Encryption,Off,Off,Off,Off,251.1,1,Off,On,Off,Off,Off,Off,1,0,Off,0,0,0,0,0,0,0,0,0,0,0,0
ch02612,ISS Approach,437.80500,145.99000,A-Analog,High,25K,Off,67.0,Local,Group Call,9,KC1JMH / Brad Brown,Off,Carrier,Off,1,1,1,Off,1,1,ISS,None,Off,Off,Off,Off,Normal Encryption,Off,Off,Off,Off,251.1,1,Off,On,Off,Off,Off,Off,1,0,Off,0,0,0,0,0,0,0,0,0,0,0,0
ch02613,ISS TCA,437.80000,145.99000,A-Analog,High,25K,Off,67.0,Local,Group Call,9,KC1JMH / Brad Brown,Off,Carrier,Off,1,1,1,Off,1,1,ISS,None,Off,Off,Off,Off,Normal Encryption,Off,Off,Off,Off,251.1,1,Off,On,Off,Off,Off,Off,1,0,Off,0,0,0,0,0,0,0,0,0,0,0,0
ch02614,ISS Receding,437.79500,145.99000,A-Analog,High,25K,Off,67.0,Local,Group Call,9,KC1JMH / Brad Brown,Off,Carrier,Off,1,1,1,Off,1,1,ISS,None,Off,Off,Off,Off,Normal Encryption,Off,Off,Off,Off,251.1,1,Off,On,Off,Off,Off,Off,1,0,Off,0,0,0,0,0,0,0,0,0,0,0,0
ch02615,ISS LOS,437.79000,145.99000,A-Analog,High,25K,Off,67.0,Local,Group Call,9,KC1JMH / Brad Brown,Off,Carrier,Off,1,1,1,Off,1,1,ISS,None,Off,Off,Off,Off,Normal Encryption,Off,Off,Off,Off,251.1,1,Off,On,Off,Off,Off,Off,1,0,Off,0,0,0,0,0,0,0,0,0,0,0,0
ch02616,AO-123 AOS,435.41000,145.85000,A-Analog,High,25K,Off,67.0,Local,Group Call,9,KC1JMH / Brad Brown,Off,Carrier,Off,1,1,1,Off,1,1,AO-123,None,Off,Off,Off,Off,Normal Encryption,Off,Off,Off,Off,251.1,1,Off,On,Off,Off,Off,Off,1,0,Off,0,0,0,0,0,0,0,0,0,0,0,0
ch02617,AO-123 Approach,435.40500,145.85000,A-Analog,High,25K,Off,67.0,Local,Group Call,9,KC1JMH / Brad Brown,Off,Carrier,Off,1,1,1,Off,1,1,AO-123,None,Off,Off,Off,Off,Normal Encryption,Off,Off,Off,Off,251.1,1,Off,On,Off,Off,Off,Off,1,0,Off,0,0,0,0,0,0,0,0,0,0,0,0
ch02618,AO-123 TCA,435.40000,145.85000,A-Analog,High,25K,Off,67.0,Local,Group Call,9,KC1JMH / Brad Brown,Off,Carrier,Off,1,1,1,Off,1,1,AO-123,None,Off,Off,Off,Off,Normal Encryption,Off,Off,Off,Off,251.1,1,Off,On,Off,Off,Off,Off,1,0,Off,0,0,0,0,0,0,0,0,0,0,0,0
ch02619,AO-123 Receding,435.39500,145.85000,A-Analog,High,25K,Off,67.0,Local,Group Call,9,KC1JMH / Brad Brown,Off,Carrier,Off,1,1,1,Off,1,1,AO-123,None,Off,Off,Off,Off,Normal Encryption,Off,Off,Off,Off,251.1,1,Off,On,Off,Off,Off,Off,1,0,Off,0,0,0,0,0,0,0,0,0,0,0,0
ch02620,AO-123 LOS,435.39000,145.85000,A-Analog,High,25K,Off,67.0,Local,Group Call,9,KC1JMH / Brad Brown,Off,Carrier,Off,1,1,1,Off,1,1,AO-123,None,Off,Off,Off,Off,Normal Encryption,Off,Off,Off,Off,251.1,1,Off,On,Off,Off,Off,Off,1,0,Off,0,0,0,0,0,0,0,0,0,0,0,0
ch02621,CAS-3H AOS,437.21000,144.35000,A-Analog,High,25K,Off,Off,Local,Group Call,9,KC1JMH / Brad Brown,Off,Carrier,Off,1,1,1,Off,1,1,CAS-3H,None,Off,Off,Off,Off,Normal Encryption,Off,Off,Off,Off,251.1,1,Off,On,Off,Off,Off,Off,1,0,Off,0,0,0,0,0,0,0,0,0,0,0,0
ch02622,CAS-3H Approach,437.20500,144.35000,A-Analog,High,25K,Off,Off,Local,Group Call,9,KC1JMH / Brad Brown,Off,Carrier,Off,1,1,1,Off,1,1,CAS-3H,None,Off,Off,Off,Off,Normal Encryption,Off,Off,Off,Off,251.1,1,Off,On,Off,Off,Off,Off,1,0,Off,0,0,0,0,0,0,0,0,0,0,0,0
ch02623,CAS-3H TCA,437.20000,144.35000,A-Analog,High,25K,Off,Off,Local,Group Call,9,KC1JMH / Brad Brown,Off,Carrier,Off,1,1,1,Off,1,1,CAS-3H,None,Off,Off,Off,Off,Normal Encryption,Off,Off,Off,Off,251.1,1,Off,On,Off,Off,Off,Off,1,0,Off,0,0,0,0,0,0,0,0,0,0,0,0
ch02624,CAS-3H Receding,437.19500,144.35000,A-Analog,High,25K,Off,Off,Local,Group Call,9,KC1JMH / Brad Brown,Off,Carrier,Off,1,1,1,Off,1,1,CAS-3H,None,Off,Off,Off,Off,Normal Encryption,Off,Off,Off,Off,251.1,1,Off,On,Off,Off,Off,Off,1,0,Off,0,0,0,0,0,0,0,0,0,0,0,0
ch02625,CAS-3H LOS,437.19000,144.35000,A-Analog,High,25K,Off,Off,Local,Group Call,9,KC1JMH / Brad Brown,Off,Carrier,Off,1,1,1,Off,1,1,CAS-3H,None,Off,Off,Off,Off,Normal Encryption,Off,Off,Off,Off,251.1,1,Off,On,Off,Off,Off,Off,1,0,Off,0,0,0,0,0,0,0,0,0,0,0,0
ch02626,IO-86 AOS,435.88500,145.88000,A-Analog,High,25K,Off,88.5,Local,Group Call,9,KC1JMH / Brad Brown,Off,Carrier,Off,1,1,1,Off,1,1,IO-86,None,Off,Off,Off,Off,Normal Encryption,Off,Off,Off,Off,251.1,1,Off,On,Off,Off,Off,Off,1,0,Off,0,0,0,0,0,0,0,0,0,0,0,0
ch02627,IO-86 Approach,435.88000,145.88000,A-Analog,High,25K,Off,88.5,Local,Group Call,9,KC1JMH / Brad Brown,Off,Carrier,Off,1,1,1,Off,1,1,IO-86,None,Off,Off,Off,Off,Normal Encryption,Off,Off,Off,Off,251.1,1,Off,On,Off,Off,Off,Off,1,0,Off,0,0,0,0,0,0,0,0,0,0,0,0
ch02628,IO-86 TCA,435.88000,145.88000,A-Analog,High,25K,Off,88.5,Local,Group Call,9,KC1JMH / Brad Brown,Off,Carrier,Off,1,1,1,Off,1,1,IO-86,None,Off,Off,Off,Off,Normal Encryption,Off,Off,Off,Off,251.1,1,Off,On,Off,Off,Off,Off,1,0,Off,0,0,0,0,0,0,0,0,0,0,0,0
ch02629,IO-86 Receding,435.88500,145.88000,A-Analog,High,25K,Off,88.5,Local,Group Call,9,KC1JMH / Brad Brown,Off,Carrier,Off,1,1,1,Off,1,1,IO-86,None,Off,Off,Off,Off,Normal Encryption,Off,Off,Off,Off,251.1,1,Off,On,Off,Off,Off,Off,1,0,Off,0,0,0,0,0,0,0,0,0,0,0,0
ch02630,IO-86 LOS,435.89000,145.88000,A-Analog,High,25K,Off,88.5,Local,Group Call,9,KC1JMH / Brad Brown,Off,Carrier,Off,1,1,1,Off,1,1,IO-86,None,Off,Off,Off,Off,Normal Encryption,Off,Off,Off,Off,251.1,1,Off,On,Off,Off,Off,Off,1,0,Off,0,0,0,0,0,0,0,0,0,0,0,0
ch02631,RS95S AOS,436.96000,145.92000,A-Analog,High,25K,Off,67.0,Local,Group Call,9,KC1JMH / Brad Brown,Off,Carrier,Off,1,1,1,Off,1,1,RS95S,None,Off,Off,Off,Off,Normal Encryption,Off,Off,Off,Off,251.1,1,Off,On,Off,Off,Off,Off,1,0,Off,0,0,0,0,0,0,0,0,0,0,0,0
ch02632,RS95S Approach,436.95500,145.92000,A-Analog,High,25K,Off,67.0,Local,Group Call,9,KC1JMH / Brad Brown,Off,Carrier,Off,1,1,1,Off,1,1,RS95S,None,Off,Off,Off,Off,Normal Encryption,Off,Off,Off,Off,251.1,1,Off,On,Off,Off,Off,Off,1,0,Off,0,0,0,0,0,0,0,0,0,0,0,0
ch02633,RS95S TCA,436.95000,145.92000,A-Analog,High,25K,Off,67.0,Local,Group Call,9,KC1JMH / Brad Brown,Off,Carrier,Off,1,1,1,Off,1,1,RS95S,None,Off,Off,Off,Off,Normal Encryption,Off,Off,Off,Off,251.1,1,Off,On,Off,Off,Off,Off,1,0,Off,0,0,0,0,0,0,0,0,0,0,0,0
ch02634,RS95S Receding,436.94500,145.92000,A-Analog,High,25K,Off,67.0,Local,Group Call,9,KC1JMH / Brad Brown,Off,Carrier,Off,1,1,1,Off,1,1,RS95S,None,Off,Off,Off,Off,Normal Encryption,Off,Off,Off,Off,251.1,1,Off,On,Off,Off,Off,Off,1,0,Off,0,0,0,0,0,0,0,0,0,0,0,0
ch02635,RS95S LOS,436.94000,145.92000,A-Analog,High,25K,Off,67.0,Local,Group Call,9,KC1JMH / Brad Brown,Off,Carrier,Off,1,1,1,Off,1,1,RS95S,None,Off,Off,Off,Off,Normal Encryption,Off,Off,Off,Off,251.1,1,Off,On,Off,Off,Off,Off,1,0,Off,0,0,0,0,0,0,0,0,0,0,0,0
ch02636,TEVEL2 AOS,436.41000,145.97000,A-Analog,High,25K,Off,Off,Local,Group Call,9,KC1JMH / Brad Brown,Off,Carrier,Off,1,1,1,Off,1,1,TEVEL2,None,Off,Off,Off,Off,Normal Encryption,Off,Off,Off,Off,251.1,1,Off,On,Off,Off,Off,Off,1,0,Off,0,0,0,0,0,0,0,0,0,0,0,0
ch02637,TEVEL2 Approach,436.40500,145.97000,A-Analog,High,25K,Off,Off,Local,Group Call,9,KC1JMH / Brad Brown,Off,Carrier,Off,1,1,1,Off,1,1,TEVEL2,None,Off,Off,Off,Off,Normal Encryption,Off,Off,Off,Off,251.1,1,Off,On,Off,Off,Off,Off,1,0,Off,0,0,0,0,0,0,0,0,0,0,0,0
ch02638,TEVEL2 TCA,436.40000,145.97000,A-Analog,High,25K,Off,Off,Local,Group Call,9,KC1JMH / Brad Brown,Off,Carrier,Off,1,1,1,Off,1,1,TEVEL2,None,Off,Off,Off,Off,Normal Encryption,Off,Off,Off,Off,251.1,1,Off,On,Off,Off,Off,Off,1,0,Off,0,0,0,0,0,0,0,0,0,0,0,0
ch02639,TEVEL2 Receding,436.39500,145.97000,A-Analog,High,25K,Off,Off,Local,Group Call,9,KC1JMH / Brad Brown,Off,Carrier,Off,1,1,1,Off,1,1,TEVEL2,None,Off,Off,Off,Off,Normal Encryption,Off,Off,Off,Off,251.1,1,Off,On,Off,Off,Off,Off,1,0,Off,0,0,0,0,0,0,0,0,0,0,0,0
ch02640,TEVEL2 LOS,436.39000,145.97000,A-Analog,High,25K,Off,Off,Local,Group Call,9,KC1JMH / Brad Brown,Off,Carrier,Off,1,1,1,Off,1,1,TEVEL2,None,Off,Off,Off,Off,Normal Encryption,Off,Off,Off,Off,251.1,1,Off,On,Off,Off,Off,Off,1,0,Off,0,0,0,0,0,0,0,0,0,0,0,0
ch02641,AO-91 AOS,435.24000,145.96000,A-Analog,High,25K,Off,67.0,Local,Group Call,9,KC1JMH / Brad Brown,Off,Carrier,Off,1,1,1,Off,1,1,AO-91,None,Off,Off,Off,Off,Normal Encryption,Off,Off,Off,Off,251.1,1,Off,On,Off,Off,Off,Off,1,0,Off,0,0,0,0,0,0,0,0,0,0,0,0
ch02642,AO-91 Approach,435.24500,145.96000,A-Analog,High,25K,Off,67.0,Local,Group Call,9,KC1JMH / Brad Brown,Off,Carrier,Off,1,1,1,Off,1,1,AO-91,None,Off,Off,Off,Off,Normal Encryption,Off,Off,Off,Off,251.1,1,Off,On,Off,Off,Off,Off,1,0,Off,0,0,0,0,0,0,0,0,0,0,0,0
ch02643,AO-91 TCA,435.25000,145.96000,A-Analog,High,25K,Off,67.0,Local,Group Call,9,KC1JMH / Brad Brown,Off,Carrier,Off,1,1,1,Off,1,1,AO-91,None,Off,Off,Off,Off,Normal Encryption,Off,Off,Off,Off,251.1,1,Off,On,Off,Off,Off,Off,1,0,Off,0,0,0,0,0,0,0,0,0,0,0,0
ch02644,AO-91 Receding,435.25500,145.96000,A-Analog,High,25K,Off,67.0,Local,Group Call,9,KC1JMH / Brad Brown,Off,Carrier,Off,1,1,1,Off,1,1,AO-91,None,Off,Off,Off,Off,Normal Encryption,Off,Off,Off,Off,251.1,1,Off,On,Off,Off,Off,Off,1,0,Off,0,0,0,0,0,0,0,0,0,0,0,0
ch02645,AO-91 LOS,435.26000,145.96000,A-Analog,High,25K,Off,67.0,Local,Group Call,9,KC1JMH / Brad Brown,Off,Carrier,Off,1,1,1,Off,1,1,AO-91,None,Off,Off,Off,Off,Normal Encryption,Off,Off,Off,Off,251.1,1,Off,On,Off,Off,Off,Off,1,0,Off,0,0,0,0,0,0,0,0,0,0,0,0
ch02646,PO-101 AOS,437.49000,145.90000,A-Analog,High,25K,Off,141.3,Local,Group Call,9,KC1JMH / Brad Brown,Off,Carrier,Off,1,1,1,Off,1,1,PO-101,None,Off,Off,Off,Off,Normal Encryption,Off,Off,Off,Off,251.1,1,Off,On,Off,Off,Off,Off,1,0,Off,0,0,0,0,0,0,0,0,0,0,0,0
ch02647,PO-101 Approach,437.49500,145.90000,A-Analog,High,25K,Off,141.3,Local,Group Call,9,KC1JMH / Brad Brown,Off,Carrier,Off,1,1,1,Off,1,1,PO-101,None,Off,Off,Off,Off,Normal Encryption,Off,Off,Off,Off,251.1,1,Off,On,Off,Off,Off,Off,1,0,Off,0,0,0,0,0,0,0,0,0,0,0,0
ch02648,PO-101 TCA,437.50000,145.90000,A-Analog,High,25K,Off,141.3,Local,Group Call,9,KC1JMH / Brad Brown,Off,Carrier,Off,1,1,1,Off,1,1,PO-101,None,Off,Off,Off,Off,Normal Encryption,Off,Off,Off,Off,251.1,1,Off,On,Off,Off,Off,Off,1,0,Off,0,0,0,0,0,0,0,0,0,0,0,0
ch02649,PO-101 Receding,437.50500,145.90000,A-Analog,High,25K,Off,141.3,Local,Group Call,9,KC1JMH / Brad Brown,Off,Carrier,Off,1,1,1,Off,1,1,PO-101,None,Off,Off,Off,Off,Normal Encryption,Off,Off,Off,Off,251.1,1,Off,On,Off,Off,Off,Off,1,0,Off,0,0,0,0,0,0,0,0,0,0,0,0
ch02650,PO-101 LOS,437.51000,145.90000,A-Analog,High,25K,Off,141.3,Local,Group Call,9,KC1JMH / Brad Brown,Off,Carrier,Off,1,1,1,Off,1,1,PO-101,None,Off,Off,Off,Off,Normal Encryption,Off,Off,Off,Off,251.1,1,Off,On,Off,Off,Off,Off,1,0,Off,0,0,0,0,0,0,0,0,0,0,0,0
ch02651,SO-50 ACT,436.80500,145.85000,A-Analog,High,25K,Off,Off,Local,Group Call,9,KC1JMH / Brad Brown,Off,Carrier,Off,1,1,1,Off,1,1,SO-50,None,Off,Off,Off,Off,Normal Encryption,Off,Off,Off,Off,251.1,1,Off,On,Off,Off,Off,Off,1,0,Off,0,0,0,0,0,0,0,0,0,0,0,0
ch02652,Channel VFO A,147.09000,147.09000,A-Analog,Low,25K,Off,100.0,Local,Group Call,9,KC1JMH / Brad Brown,Off,Carrier,Off,1,1,1,Off,1,1,None,None,Off,Off,Off,Off,Normal Encryption,Off,Off,Off,Off,131.8,1,Off,On,Off,Off,Off,Off,1,0,Off,0,0,0,0,0,0,0,0,0,0,0,1
ch02653,Channel VFO B,147.69000,147.69000,A-Analog,Low,25K,Off,Off,Local,Group Call,9,KC1JMH / Brad Brown,Off,Carrier,Off,1,1,1,Off,1,1,None,None,Off,Off,Off,Off,Normal Encryption,Off,Off,Off,Off,131.8,1,Off,On,Off,Off,Off,Off,1,0,Off,0,0,0,0,0,0,0,0,0,0,0,1
ch02654,W1SMA New Bedfor,145.11000,144.51000,A-Analog,Turbo,25K,67.0,67.0,Local,Group Call,9,KC1JMH / Brad Brown,Off,CTCSS/DCS,Off,1,1,1,Off,1,1,None,None,Off,Off,Off,Off,Normal Encryption,Off,Off,Off,Off,251.1,1,Off,On,Off,Off,Off,Off,1,0,Off,0,0,0,0,0,0,0,0,0,0,0,0
ch02655,W1RI W Warwick,145.13000,144.53000,A-Analog,Turbo,25K,77.0,77.0,Local,Group Call,9,KC1JMH / Brad Brown,Off,CTCSS/DCS,Off,1,1,1,Off,1,1,None,None,Off,Off,Off,Off,Normal Encryption,Off,Off,Off,Off,251.1,1,Off,On,Off,Off,Off,Off,1,0,Off,0,0,0,0,0,0,0,0,0,0,0,0
ch02656,WA1DGW Fall Rive,145.15000,144.55000,A-Analog,Turbo,25K,123.0,123.0,Local,Group Call,9,KC1JMH / Brad Brown,Off,CTCSS/DCS,Off,1,1,1,Off,1,1,None,None,Off,Off,Off,Off,Normal Encryption,Off,Off,Off,Off,251.1,1,Off,On,Off,Off,Off,Off,1,0,Off,0,0,0,0,0,0,0,0,0,0,0,0
ch02657,NB1RI Cumberland,145.17000,144.57000,A-Analog,Turbo,25K,67.0,67.0,Local,Group Call,9,KC1JMH / Brad Brown,Off,CTCSS/DCS,Off,1,1,1,Off,1,1,None,None,Off,Off,Off,Off,Normal Encryption,Off,Off,Off,Off,251.1,1,Off,On,Off,Off,Off,Off,1,0,Off,0,0,0,0,0,0,0,0,0,0,0,0
ch02658,WA1YFV Harwich,145.27000,144.67000,A-Analog,Turbo,25K,67.0,67.0,Local,Group Call,9,KC1JMH / Brad Brown,Off,CTCSS/DCS,Off,1,1,1,Off,1,1,None,None,Off,Off,Off,Off,Normal Encryption,Off,Off,Off,Off,251.1,1,Off,On,Off,Off,Off,Off,1,0,Off,0,0,0,0,0,0,0,0,0,0,0,0
ch02659,W1KBN Boston,145.31000,144.71000,A-Analog,Turbo,25K,123.0,123.0,Local,Group Call,9,KC1JMH / Brad Brown,Off,CTCSS/DCS,Off,1,1,1,Off,1,1,None,None,Off,Off,Off,Off,Normal Encryption,Off,Off,Off,Off,251.1,1,Off,On,Off,Off,Off,Off,1,0,Off,0,0,0,0,0,0,0,0,0,0,0,0
ch02660,W1WPI Worcester,145.31000,144.71000,A-Analog,Turbo,25K,100.0,100.0,Local,Group Call,9,KC1JMH / Brad Brown,Off,CTCSS/DCS,Off,1,1,1,Off,1,1,None,None,Off,Off,Off,Off,Normal Encryption,Off,Off,Off,Off,251.1,1,Off,On,Off,Off,Off,Off,1,0,Off,0,0,0,0,0,0,0,0,0,0,0,0
ch02661,W1FN Hanover,145.33000,144.73000,A-Analog,Turbo,25K,100.0,100.0,Local,Group Call,9,KC1JMH / Brad Brown,Off,CTCSS/DCS,Off,1,1,1,Off,1,1,None,None,Off,Off,Off,Off,Normal Encryption,Off,Off,Off,Off,251.1,1,Off,On,Off,Off,Off,Off,1,0,Off,0,0,0,0,0,0,0,0,0,0,0,0
ch02662,KT1S Haverhill,145.35000,144.75000,A-Analog,Turbo,25K,136.5,136.5,Local,Group Call,9,KC1JMH / Brad Brown,Off,CTCSS/DCS,Off,1,1,1,Off,1,1,None,None,Off,Off,Off,Off,Normal Encryption,Off,Off,Off,Off,251.1,1,Off,On,Off,Off,Off,Off,1,0,Off,0,0,0,0,0,0,0,0,0,0,0,0
ch02663,N1BS N Providenc,145.35000,144.75000,A-Analog,Turbo,25K,67.0,67.0,Local,Group Call,9,KC1JMH / Brad Brown,Off,CTCSS/DCS,Off,1,1,1,Off,1,1,None,None,Off,Off,Off,Off,Normal Encryption,Off,Off,Off,Off,251.1,1,Off,On,Off,Off,Off,Off,1,0,Off,0,0,0,0,0,0,0,0,0,0,0,0
ch02664,N1PCE Whitefield,145.37000,144.77000,A-Analog,Turbo,25K,114.8,114.8,Local,Group Call,9,KC1JMH / Brad Brown,Off,CTCSS/DCS,Off,1,1,1,Off,1,1,None,None,Off,Off,Off,Off,Normal Encryption,Off,Off,Off,Off,251.1,1,Off,On,Off,Off,Off,Off,1,0,Off,0,0,0,0,0,0,0,0,0,0,0,0
ch02665,W1DVC Harvard,145.41000,144.81000,A-Analog,Turbo,25K,74.4,74.4,Local,Group Call,9,KC1JMH / Brad Brown,Off,CTCSS/DCS,Off,1,1,1,Off,1,1,None,None,Off,Off,Off,Off,Normal Encryption,Off,Off,Off,Off,251.1,1,Off,On,Off,Off,Off,Off,1,0,Off,0,0,0,0,0,0,0,0,0,0,0,0
ch02666,KC1CLA Burlingto,145.43000,144.83000,A-Analog,Turbo,25K,146.2,146.2,Local,Group Call,9,KC1JMH / Brad Brown,Off,CTCSS/DCS,Off,1,1,1,Off,1,1,None,None,Off,Off,Off,Off,Normal Encryption,Off,Off,Off,Off,251.1,1,Off,On,Off,Off,Off,Off,1,0,Off,0,0,0,0,0,0,0,0,0,0,0,0
ch02667,W1SYE Portsmouth,145.45000,144.85000,A-Analog,Turbo,25K,100.0,100.0,Local,Group Call,9,KC1JMH / Brad Brown,Off,CTCSS/DCS,Off,1,1,1,Off,1,1,None,None,Off,Off,Off,Off,Normal Encryption,Off,Off,Off,Off,251.1,1,Off,On,Off,Off,Off,Off,1,0,Off,0,0,0,0,0,0,0,0,0,0,0,0
ch02668,W1YA Orono,145.47000,144.87000,A-Analog,Turbo,25K,71.9,71.9,Local,Group Call,9,KC1JMH / Brad Brown,Off,CTCSS/DCS,Off,1,1,1,Off,1,1,None,None,Off,Off,Off,Off,Normal Encryption,Off,Off,Off,Off,251.1,1,Off,On,Off,Off,Off,Off,1,0,Off,0,0,0,0,0,0,0,0,0,0,0,0
ch02669,K1KWP Mendon,146.61000,146.01000,A-Analog,Turbo,25K,146.2,146.2,Local,Group Call,9,KC1JMH / Brad Brown,Off,CTCSS/DCS,Off,1,1,1,Off,1,1,None,None,Off,Off,Off,Off,Normal Encryption,Off,Off,Off,Off,251.1,1,Off,On,Off,Off,Off,Off,1,0,Off,0,0,0,0,0,0,0,0,0,0,0,0
ch02670,WB5NKJ Franklin,146.61000,146.01000,A-Analog,Turbo,25K,107.2,107.2,Local,Group Call,9,KC1JMH / Brad Brown,Off,CTCSS/DCS,Off,1,1,1,Off,1,1,None,None,Off,Off,Off,Off,Normal Encryption,Off,Off,Off,Off,251.1,1,Off,On,Off,Off,Off,Off,1,0,Off,0,0,0,0,0,0,0,0,0,0,0,0
ch02671,NA1P Orange,146.62500,146.02500,A-Analog,Turbo,25K,110.9,110.9,Local,Group Call,9,KC1JMH / Brad Brown,Off,CTCSS/DCS,Off,1,1,1,Off,1,1,None,None,Off,Off,Off,Off,Normal Encryption,Off,Off,Off,Off,251.1,1,Off,On,Off,Off,Off,Off,1,0,Off,0,0,0,0,0,0,0,0,0,0,0,0
ch02672,W1LH Topsfield,146.67000,146.07000,A-Analog,Turbo,25K,100.0,100.0,Local,Group Call,9,KC1JMH / Brad Brown,Off,CTCSS/DCS,Off,1,1,1,Off,1,1,None,None,Off,Off,Off,Off,Normal Encryption,Off,Off,Off,Off,251.1,1,Off,On,Off,Off,Off,Off,1,0,Off,0,0,0,0,0,0,0,0,0,0,0,0
ch02673,KB1AEV Holyoke,146.71500,146.11500,A-Analog,Turbo,25K,100.0,100.0,Local,Group Call,9,KC1JMH / Brad Brown,Off,CTCSS/DCS,Off,1,1,1,Off,1,1,None,None,Off,Off,Off,Off,Normal Encryption,Off,Off,Off,Off,251.1,1,Off,On,Off,Off,Off,Off,1,0,Off,0,0,0,0,0,0,0,0,0,0,0,0
ch02674,KC1US N Reading,146.71500,146.11500,A-Analog,Turbo,25K,146.2,146.2,Local,Group Call,9,KC1JMH / Brad Brown,Off,CTCSS/DCS,Off,1,1,1,Off,1,1,None,None,Off,Off,Off,Off,Normal Encryption,Off,Off,Off,Off,251.1,1,Off,On,Off,Off,Off,Off,1,0,Off,0,0,0,0,0,0,0,0,0,0,0,0
ch02675,K1JWM Alstead,146.71500,146.11500,A-Analog,Turbo,25K,123.0,123.0,Local,Group Call,9,KC1JMH / Brad Brown,Off,CTCSS/DCS,Off,1,1,1,Off,1,1,None,None,Off,Off,Off,Off,Normal Encryption,Off,Off,Off,Off,251.1,1,Off,On,Off,Off,Off,Off,1,0,Off,0,0,0,0,0,0,0,0,0,0,0,0
ch02676,K1NQG Exeter,146.71500,146.11500,A-Analog,Turbo,25K,67.0,67.0,Local,Group Call,9,KC1JMH / Brad Brown,Off,CTCSS/DCS,Off,1,1,1,Off,1,1,None,None,Off,Off,Off,Off,Normal Encryption,Off,Off,Off,Off,251.1,1,Off,On,Off,Off,Off,Off,1,0,Off,0,0,0,0,0,0,0,0,0,0,0,0
ch02677,W1SGL Barnstable,146.73000,146.13000,A-Analog,Turbo,25K,67.0,67.0,Local,Group Call,9,KC1JMH / Brad Brown,Off,CTCSS/DCS,Off,1,1,1,Off,1,1,None,None,Off,Off,Off,Off,Normal Encryption,Off,Off,Off,Off,251.1,1,Off,On,Off,Off,Off,Off,1,0,Off,0,0,0,0,0,0,0,0,0,0,0,0
ch02678,N1IMO Hollis,146.73000,146.13000,A-Analog,Turbo,25K,88.5,88.5,Local,Group Call,9,KC1JMH / Brad Brown,Off,CTCSS/DCS,Off,1,1,1,Off,1,1,None,None,Off,Off,Off,Off,Normal Encryption,Off,Off,Off,Off,251.1,1,Off,On,Off,Off,Off,Off,1,0,Off,0,0,0,0,0,0,0,0,0,0,0,0
ch02679,W1TUK Nantucket,146.79000,146.19000,A-Analog,Turbo,25K,107.2,107.2,Local,Group Call,9,KC1JMH / Brad Brown,Off,CTCSS/DCS,Off,1,1,1,Off,1,1,None,None,Off,Off,Off,Off,Normal Encryption,Off,Off,Off,Off,251.1,1,Off,On,Off,Off,Off,Off,1,0,Off,0,0,0,0,0,0,0,0,0,0,0,0
ch02680,N1IMO Pittsfield,146.79000,146.19000,A-Analog,Turbo,25K,88.5,88.5,Local,Group Call,9,KC1JMH / Brad Brown,Off,CTCSS/DCS,Off,1,1,1,Off,1,1,None,None,Off,Off,Off,Off,Normal Encryption,Off,Off,Off,Off,251.1,1,Off,On,Off,Off,Off,Off,1,0,Off,0,0,0,0,0,0,0,0,0,0,0,0
ch02681,K1BOS Boston,146.82000,146.22000,A-Analog,Turbo,25K,146.2,146.2,Local,Group Call,9,KC1JMH / Brad Brown,Off,CTCSS/DCS,Off,1,1,1,Off,1,1,None,None,Off,Off,Off,Off,Normal Encryption,Off,Off,Off,Off,251.1,1,Off,On,Off,Off,Off,Off,1,0,Off,0,0,0,0,0,0,0,0,0,0,0,0
ch02682,N1MIX Greenville,146.85000,146.25000,A-Analog,Turbo,25K,146.2,146.2,Local,Group Call,9,KC1JMH / Brad Brown,Off,CTCSS/DCS,Off,1,1,1,Off,1,1,None,None,Off,Off,Off,Off,Normal Encryption,Off,Off,Off,Off,251.1,1,Off,On,Off,Off,Off,Off,1,0,Off,0,0,0,0,0,0,0,0,0,0,0,0
ch02683,NS1RA Salem,146.88000,146.28000,A-Analog,Turbo,25K,118.8,118.8,Local,Group Call,9,KC1JMH / Brad Brown,Off,CTCSS/DCS,Off,1,1,1,Off,1,1,None,None,Off,Off,Off,Off,Normal Encryption,Off,Off,Off,Off,251.1,1,Off,On,Off,Off,Off,Off,1,0,Off,0,0,0,0,0,0,0,0,0,0,0,0
ch02684,KE1M Rumford,146.91000,146.31000,A-Analog,Turbo,25K,100.0,100.0,Local,Group Call,9,KC1JMH / Brad Brown,Off,CTCSS/DCS,Off,1,1,1,Off,1,1,None,None,Off,Off,Off,Off,Normal Encryption,Off,Off,Off,Off,251.1,1,Off,On,Off,Off,Off,Off,1,0,Off,0,0,0,0,0,0,0,0,0,0,0,0
ch02685,NX1DX Charlestow,146.92500,146.32500,A-Analog,Turbo,25K,118.8,118.8,Local,Group Call,9,KC1JMH / Brad Brown,Off,CTCSS/DCS,Off,1,1,1,Off,1,1,None,None,Off,Off,Off,Off,Normal Encryption,Off,Off,Off,Off,251.1,1,Off,On,Off,Off,Off,Off,1,0,Off,0,0,0,0,0,0,0,0,0,0,0,0
ch02686,W1TOM Holyoke,146.94000,146.34000,A-Analog,Turbo,25K,127.3,127.3,Local,Group Call,9,KC1JMH / Brad Brown,Off,CTCSS/DCS,Off,1,1,1,Off,1,1,None,None,Off,Off,Off,Off,Normal Encryption,Off,Off,Off,Off,251.1,1,Off,On,Off,Off,Off,Off,1,0,Off,0,0,0,0,0,0,0,0,0,0,0,0
ch02687,N1ME East Holden,146.94000,146.34000,A-Analog,Turbo,25K,100.0,100.0,Local,Group Call,9,KC1JMH / Brad Brown,Off,CTCSS/DCS,Off,1,1,1,Off,1,1,None,None,Off,Off,Off,Off,Normal Encryption,Off,Off,Off,Off,251.1,1,Off,On,Off,Off,Off,Off,1,0,Off,0,0,0,0,0,0,0,0,0,0,0,0
ch02688,W1MA Dennis,146.95500,146.35500,A-Analog,Turbo,25K,88.5,88.5,Local,Group Call,9,KC1JMH / Brad Brown,Off,CTCSS/DCS,Off,1,1,1,Off,1,1,None,None,Off,Off,Off,Off,Normal Encryption,Off,Off,Off,Off,251.1,1,Off,On,Off,Off,Off,Off,1,0,Off,0,0,0,0,0,0,0,0,0,0,0,0
ch02689,WB1GOF Westford,146.95500,146.35500,A-Analog,Turbo,25K,74.4,74.4,Local,Group Call,9,KC1JMH / Brad Brown,Off,CTCSS/DCS,Off,1,1,1,Off,1,1,None,None,Off,Off,Off,Off,Normal Encryption,Off,Off,Off,Off,251.1,1,Off,On,Off,Off,Off,Off,1,0,Off,0,0,0,0,0,0,0,0,0,0,0,0
ch02690,W1BIM Paxton,146.97000,146.37000,A-Analog,Turbo,25K,114.8,114.8,Local,Group Call,9,KC1JMH / Brad Brown,Off,CTCSS/DCS,Off,1,1,1,Off,1,1,None,None,Off,Off,Off,Off,Normal Encryption,Off,Off,Off,Off,251.1,1,Off,On,Off,Off,Off,Off,1,0,Off,0,0,0,0,0,0,0,0,0,0,0,0
ch02691,NE1AR Milton,146.98500,146.38500,A-Analog,Turbo,25K,88.5,88.5,Local,Group Call,9,KC1JMH / Brad Brown,Off,CTCSS/DCS,Off,1,1,1,Off,1,1,None,None,Off,Off,Off,Off,Normal Encryption,Off,Off,Off,Off,251.1,1,Off,On,Off,Off,Off,Off,1,0,Off,0,0,0,0,0,0,0,0,0,0,0,0
ch02692,NB1RI Exeter,146.98500,146.38500,A-Analog,Turbo,25K,67.0,67.0,Local,Group Call,9,KC1JMH / Brad Brown,Off,CTCSS/DCS,Off,1,1,1,Off,1,1,None,None,Off,Off,Off,Off,Normal Encryption,Off,Off,Off,Off,251.1,1,Off,On,Off,Off,Off,Off,1,0,Off,0,0,0,0,0,0,0,0,0,0,0,0
ch02693,W1AEC Dartmouth,147.00000,147.60000,A-Analog,Turbo,25K,67.0,67.0,Local,Group Call,9,KC1JMH / Brad Brown,Off,CTCSS/DCS,Off,1,1,1,Off,1,1,None,None,Off,Off,Off,Off,Normal Encryption,Off,Off,Off,Off,251.1,1,Off,On,Off,Off,Off,Off,1,0,Off,0,0,0,0,0,0,0,0,0,0,0,0
ch02694,N1EXC Lawrence,147.01500,147.61500,A-Analog,Turbo,25K,88.5,88.5,Local,Group Call,9,KC1JMH / Brad Brown,Off,CTCSS/DCS,Off,1,1,1,Off,1,1,None,None,Off,Off,Off,Off,Normal Encryption,Off,Off,Off,Off,251.1,1,Off,On,Off,Off,Off,Off,1,0,Off,0,0,0,0,0,0,0,0,0,0,0,0
ch02695,N1IMO Nashua,147.04500,147.64500,A-Analog,Turbo,25K,100.0,100.0,Local,Group Call,9,KC1JMH / Brad Brown,Off,CTCSS/DCS,Off,1,1,1,Off,1,1,None,None,Off,Off,Off,Off,Normal Encryption,Off,Off,Off,Off,251.1,1,Off,On,Off,Off,Off,Off,1,0,Off,0,0,0,0,0,0,0,0,0,0,0,0
ch02696,W1KG Medway,147.06000,147.66000,A-Analog,Turbo,25K,100.0,100.0,Local,Group Call,9,KC1JMH / Brad Brown,Off,CTCSS/DCS,Off,1,1,1,Off,1,1,None,None,Off,Off,Off,Off,Normal Encryption,Off,Off,Off,Off,251.1,1,Off,On,Off,Off,Off,Off,1,0,Off,0,0,0,0,0,0,0,0,0,0,0,0
ch02697,K1JWM Francestow,147.06000,147.66000,A-Analog,Turbo,25K,123.0,123.0,Local,Group Call,9,KC1JMH / Brad Brown,Off,CTCSS/DCS,Off,1,1,1,Off,1,1,None,None,Off,Off,Off,Off,Normal Encryption,Off,Off,Off,Off,251.1,1,Off,On,Off,Off,Off,Off,1,0,Off,0,0,0,0,0,0,0,0,0,0,0,0
ch02698,NB1RI Portsmouth,147.07500,147.67500,A-Analog,Turbo,25K,67.0,67.0,Local,Group Call,9,KC1JMH / Brad Brown,Off,CTCSS/DCS,Off,1,1,1,Off,1,1,None,None,Off,Off,Off,Off,Normal Encryption,Off,Off,Off,Off,251.1,1,Off,On,Off,Off,Off,Off,1,0,Off,0,0,0,0,0,0,0,0,0,0,0,0
ch02699,W1DC Billerica,147.12000,147.72000,A-Analog,Turbo,25K,146.2,146.2,Local,Group Call,9,KC1JMH / Brad Brown,Off,CTCSS/DCS,Off,1,1,1,Off,1,1,None,None,Off,Off,Off,Off,Normal Encryption,Off,Off,Off,Off,251.1,1,Off,On,Off,Off,Off,Off,1,0,Off,0,0,0,0,0,0,0,0,0,0,0,0
ch02700,N1HBG Providence,147.12000,147.72000,A-Analog,Turbo,25K,67.0,67.0,Local,Group Call,9,KC1JMH / Brad Brown,Off,CTCSS/DCS,Off,1,1,1,Off,1,1,None,None,Off,Off,Off,Off,Normal Encryption,Off,Off,Off,Off,251.1,1,Off,On,Off,Off,Off,Off,1,0,Off,0,0,0,0,0,0,0,0,0,0,0,0
ch02701,KA1GG Taunton,147.13500,147.73500,A-Analog,Turbo,25K,67.0,67.0,Local,Group Call,9,KC1JMH / Brad Brown,Off,CTCSS/DCS,Off,1,1,1,Off,1,1,None,None,Off,Off,Off,Off,Normal Encryption,Off,Off,Off,Off,251.1,1,Off,On,Off,Off,Off,Off,1,0,Off,0,0,0,0,0,0,0,0,0,0,0,0
ch02702,W1FY Framingham,147.15000,147.75000,A-Analog,Turbo,25K,100.0,100.0,Local,Group Call,9,KC1JMH / Brad Brown,Off,CTCSS/DCS,Off,1,1,1,Off,1,1,None,None,Off,Off,Off,Off,Normal Encryption,Off,Off,Off,Off,251.1,1,Off,On,Off,Off,Off,Off,1,0,Off,0,0,0,0,0,0,0,0,0,0,0,0
ch02703,W1EMA Belfast,147.16500,147.76500,A-Analog,Turbo,25K,136.5,136.5,Local,Group Call,9,KC1JMH / Brad Brown,Off,CTCSS/DCS,Off,1,1,1,Off,1,1,None,None,Off,Off,Off,Off,Normal Encryption,Off,Off,Off,Off,251.1,1,Off,On,Off,Off,Off,Off,1,0,Off,0,0,0,0,0,0,0,0,0,0,0,0
ch02704,W1MV Bridgewater,147.18000,147.78000,A-Analog,Turbo,25K,67.0,67.0,Local,Group Call,9,KC1JMH / Brad Brown,Off,CTCSS/DCS,Off,1,1,1,Off,1,1,None,None,Off,Off,Off,Off,Normal Encryption,Off,Off,Off,Off,251.1,1,Off,On,Off,Off,Off,Off,1,0,Off,0,0,0,0,0,0,0,0,0,0,0,0
ch02705,K1SMH Attleboro,147.19500,147.79500,A-Analog,Turbo,25K,127.3,127.3,Local,Group Call,9,KC1JMH / Brad Brown,Off,CTCSS/DCS,Off,1,1,1,Off,1,1,None,None,Off,Off,Off,Off,Normal Encryption,Off,Off,Off,Off,251.1,1,Off,On,Off,Off,Off,Off,1,0,Off,0,0,0,0,0,0,0,0,0,0,0,0
ch02706,WB2MJG Plaistow,147.19500,147.79500,A-Analog,Turbo,25K,100.0,100.0,Local,Group Call,9,KC1JMH / Brad Brown,Off,CTCSS/DCS,Off,1,1,1,Off,1,1,None,None,Off,Off,Off,Off,Normal Encryption,Off,Off,Off,Off,251.1,1,Off,On,Off,Off,Off,Off,1,0,Off,0,0,0,0,0,0,0,0,0,0,0,0
ch02707,K1JWM Richmond,147.19500,147.79500,A-Analog,Turbo,25K,123.0,123.0,Local,Group Call,9,KC1JMH / Brad Brown,Off,CTCSS/DCS,Off,1,1,1,Off,1,1,None,None,Off,Off,Off,Off,Normal Encryption,Off,Off,Off,Off,251.1,1,Off,On,Off,Off,Off,Off,1,0,Off,0,0,0,0,0,0,0,0,0,0,0,0
ch02708,W1BHR Livermore,147.22500,147.82500,A-Analog,Turbo,25K,123.0,123.0,Local,Group Call,9,KC1JMH / Brad Brown,Off,CTCSS/DCS,Off,1,1,1,Off,1,1,None,None,Off,Off,Off,Off,Normal Encryption,Off,Off,Off,Off,251.1,1,Off,On,Off,Off,Off,Off,1,0,Off,0,0,0,0,0,0,0,0,0,0,0,0
ch02709,WA1ZDA Hope,147.24000,147.84000,A-Analog,Turbo,25K,110.9,110.9,Local,Group Call,9,KC1JMH / Brad Brown,Off,CTCSS/DCS,Off,1,1,1,Off,1,1,None,None,Off,Off,Off,Off,Normal Encryption,Off,Off,Off,Off,251.1,1,Off,On,Off,Off,Off,Off,1,0,Off,0,0,0,0,0,0,0,0,0,0,0,0
ch02710,WA1YFV Truro,147.25500,147.85500,A-Analog,Turbo,25K,67.0,67.0,Local,Group Call,9,KC1JMH / Brad Brown,Off,CTCSS/DCS,Off,1,1,1,Off,1,1,None,None,Off,Off,Off,Off,Normal Encryption,Off,Off,Off,Off,251.1,1,Off,On,Off,Off,Off,Off,1,0,Off,0,0,0,0,0,0,0,0,0,0,0,0
ch02711,KB1RAI Gardiner,147.25500,147.85500,A-Analog,Turbo,25K,114.8,114.8,Local,Group Call,9,KC1JMH / Brad Brown,Off,CTCSS/DCS,Off,1,1,1,Off,1,1,None,None,Off,Off,Off,Off,Normal Encryption,Off,Off,Off,Off,251.1,1,Off,On,Off,Off,Off,Off,1,0,Off,0,0,0,0,0,0,0,0,0,0,0,0
ch02712,W1MRA Marlboroug,147.27000,147.87000,A-Analog,Turbo,25K,146.2,146.2,Local,Group Call,9,KC1JMH / Brad Brown,Off,CTCSS/DCS,Off,1,1,1,Off,1,1,None,None,Off,Off,Off,Off,Normal Encryption,Off,Off,Off,Off,251.1,1,Off,On,Off,Off,Off,Off,1,0,Off,0,0,0,0,0,0,0,0,0,0,0,0
ch02713,K1GHG Quincy,147.30000,147.90000,A-Analog,Turbo,25K,110.9,110.9,Local,Group Call,9,KC1JMH / Brad Brown,Off,CTCSS/DCS,Off,1,1,1,Off,1,1,None,None,Off,Off,Off,Off,Normal Encryption,Off,Off,Off,Off,251.1,1,Off,On,Off,Off,Off,Off,1,0,Off,0,0,0,0,0,0,0,0,0,0,0,0
ch02714,W1AQ Rumford,147.33000,147.93000,A-Analog,Turbo,25K,173.8,173.8,Local,Group Call,9,KC1JMH / Brad Brown,Off,CTCSS/DCS,Off,1,1,1,Off,1,1,None,None,Off,Off,Off,Off,Normal Encryption,Off,Off,Off,Off,251.1,1,Off,On,Off,Off,Off,Off,1,0,Off,0,0,0,0,0,0,0,0,0,0,0,0
ch02715,N1NC Pepperell,147.34500,147.94500,A-Analog,Turbo,25K,100.0,100.0,Local,Group Call,9,KC1JMH / Brad Brown,Off,CTCSS/DCS,Off,1,1,1,Off,1,1,None,None,Off,Off,Off,Off,Normal Encryption,Off,Off,Off,Off,251.1,1,Off,On,Off,Off,Off,Off,1,0,Off,0,0,0,0,0,0,0,0,0,0,0,0
ch02716,K1SA Portland 2m,147.36000,147.96000,A-Analog,Turbo,25K,100.0,100.0,Local,Group Call,9,KC1JMH / Brad Brown,Off,CTCSS/DCS,Off,1,1,1,Off,1,1,None,None,Off,Off,Off,Off,Normal Encryption,Off,Off,Off,Off,251.1,1,Off,On,Off,Off,Off,Off,1,0,Off,0,0,0,0,0,0,0,0,0,0,0,0
ch02717,K1JWM Gilsum,147.36000,147.96000,A-Analog,Turbo,25K,123.0,123.0,Local,Group Call,9,KC1JMH / Brad Brown,Off,CTCSS/DCS,Off,1,1,1,Off,1,1,None,None,Off,Off,Off,Off,Normal Encryption,Off,Off,Off,Off,251.1,1,Off,On,Off,Off,Off,Off,1,0,Off,0,0,0,0,0,0,0,0,0,0,0,0
ch02718,K1HF Springfield,147.37500,147.97500,A-Analog,Turbo,25K,100.0,100.0,Local,Group Call,9,KC1JMH / Brad Brown,Off,CTCSS/DCS,Off,1,1,1,Off,1,1,None,None,Off,Off,Off,Off,Normal Encryption,Off,Off,Off,Off,251.1,1,Off,On,Off,Off,Off,Off,1,0,Off,0,0,0,0,0,0,0,0,0,0,0,0
ch02719,NB1RI Westerly,147.39000,147.99000,A-Analog,Turbo,25K,67.0,67.0,Local,Group Call,9,KC1JMH / Brad Brown,Off,CTCSS/DCS,Off,1,1,1,Off,1,1,None,None,Off,Off,Off,Off,Normal Encryption,Off,Off,Off,Off,251.1,1,Off,On,Off,Off,Off,Off,1,0,Off,0,0,0,0,0,0,0,0,0,0,0,0
ch02720,N1LHP Pembroke,441.90000,446.90000,A-Analog,Turbo,25K,88.5,88.5,Local,Group Call,9,KC1JMH / Brad Brown,Off,CTCSS/DCS,Off,1,1,1,Off,1,1,None,None,Off,Off,Off,Off,Normal Encryption,Off,Off,Off,Off,251.1,1,Off,On,Off,Off,Off,Off,1,0,Off,0,0,0,0,0,0,0,0,0,0,0,0
ch02721,N1IMO Pitts 70cm,442.15000,447.15000,A-Analog,Turbo,25K,88.5,88.5,Local,Group Call,9,KC1JMH / Brad Brown,Off,CTCSS/DCS,Off,1,1,1,Off,1,1,None,None,Off,Off,Off,Off,Normal Encryption,Off,Off,Off,Off,251.1,1,Off,On,Off,Off,Off,Off,1,0,Off,0,0,0,0,0,0,0,0,0,0,0,0
ch02722,K5TEC Lowell,442.25000,447.25000,A-Analog,Turbo,25K,88.5,88.5,Local,Group Call,9,KC1JMH / Brad Brown,Off,CTCSS/DCS,Off,1,1,1,Off,1,1,None,None,Off,Off,Off,Off,Normal Encryption,Off,Off,Off,Off,251.1,1,Off,On,Off,Off,Off,Off,1,0,Off,0,0,0,0,0,0,0,0,0,0,0,0
ch02723,K1JC Chester,442.55000,447.55000,A-Analog,Turbo,25K,88.5,88.5,Local,Group Call,9,KC1JMH / Brad Brown,Off,CTCSS/DCS,Off,1,1,1,Off,1,1,None,None,Off,Off,Off,Off,Normal Encryption,Off,Off,Off,Off,251.1,1,Off,On,Off,Off,Off,Off,1,0,Off,0,0,0,0,0,0,0,0,0,0,0,0
ch02724,N1DCH Weston,442.70000,447.70000,A-Analog,Turbo,25K,88.5,88.5,Local,Group Call,9,KC1JMH / Brad Brown,Off,CTCSS/DCS,Off,1,1,1,Off,1,1,None,None,Off,Off,Off,Off,Normal Encryption,Off,Off,Off,Off,251.1,1,Off,On,Off,Off,Off,Off,1,0,Off,0,0,0,0,0,0,0,0,0,0,0,0
ch02725,KB1AEV Granville,442.75000,447.75000,A-Analog,Turbo,25K,151.4,151.4,Local,Group Call,9,KC1JMH / Brad Brown,Off,CTCSS/DCS,Off,1,1,1,Off,1,1,None,None,Off,Off,Off,Off,Normal Encryption,Off,Off,Off,Off,251.1,1,Off,On,Off,Off,Off,Off,1,0,Off,0,0,0,0,0,0,0,0,0,0,0,0
ch02726,N1NC Pepper 70cm,442.90000,447.90000,A-Analog,Turbo,25K,100.0,100.0,Local,Group Call,9,KC1JMH / Brad Brown,Off,CTCSS/DCS,Off,1,1,1,Off,1,1,None,None,Off,Off,Off,Off,Normal Encryption,Off,Off,Off,Off,251.1,1,Off,On,Off,Off,Off,Off,1,0,Off,0,0,0,0,0,0,0,0,0,0,0,0
ch02727,W1TOM Holyo 70cm,443.20000,448.20000,A-Analog,Turbo,25K,127.3,127.3,Local,Group Call,9,KC1JMH / Brad Brown,Off,CTCSS/DCS,Off,1,1,1,Off,1,1,None,None,Off,Off,Off,Off,Normal Encryption,Off,Off,Off,Off,251.1,1,Off,On,Off,Off,Off,Off,1,0,Off,0,0,0,0,0,0,0,0,0,0,0,0
ch02728,W1AKS Goffstown,443.40000,448.40000,A-Analog,Turbo,25K,186.2,186.2,Local,Group Call,9,KC1JMH / Brad Brown,Off,CTCSS/DCS,Off,1,1,1,Off,1,1,None,None,Off,Off,Off,Off,Normal Encryption,Off,Off,Off,Off,251.1,1,Off,On,Off,Off,Off,Off,1,0,Off,0,0,0,0,0,0,0,0,0,0,0,0
ch02729,N1IMO Holli 70cm,443.50000,448.50000,A-Analog,Turbo,25K,88.5,88.5,Local,Group Call,9,KC1JMH / Brad Brown,Off,CTCSS/DCS,Off,1,1,1,Off,1,1,None,None,Off,Off,Off,Off,Normal Encryption,Off,Off,Off,Off,251.1,1,Off,On,Off,Off,Off,Off,1,0,Off,0,0,0,0,0,0,0,0,0,0,0,0
ch02730,KA1UAG W Lebanon,443.50000,448.50000,A-Analog,Turbo,25K,131.8,131.8,Local,Group Call,9,KC1JMH / Brad Brown,Off,CTCSS/DCS,Off,1,1,1,Off,1,1,None,None,Off,Off,Off,Off,Normal Encryption,Off,Off,Off,Off,251.1,1,Off,On,Off,Off,Off,Off,1,0,Off,0,0,0,0,0,0,0,0,0,0,0,0
ch02731,W1FN Hanove 70cm,443.55000,448.55000,A-Analog,Turbo,25K,136.5,136.5,Local,Group Call,9,KC1JMH / Brad Brown,Off,CTCSS/DCS,Off,1,1,1,Off,1,1,None,None,Off,Off,Off,Off,Normal Encryption,Off,Off,Off,Off,251.1,1,Off,On,Off,Off,Off,Off,1,0,Off,0,0,0,0,0,0,0,0,0,0,0,0
ch02732,N1SIF Belchertow,443.70000,448.70000,A-Analog,Turbo,25K,179.9,179.9,Local,Group Call,9,KC1JMH / Brad Brown,Off,CTCSS/DCS,Off,1,1,1,Off,1,1,None,None,Off,Off,Off,Off,Normal Encryption,Off,Off,Off,Off,251.1,1,Off,On,Off,Off,Off,Off,1,0,Off,0,0,0,0,0,0,0,0,0,0,0,0
ch02733,N1LHP N Andover,444.10000,449.10000,A-Analog,Turbo,25K,Off,Off,Local,Group Call,9,KC1JMH / Brad Brown,Off,Carrier,Off,1,1,1,Off,1,1,None,None,Off,Off,Off,Off,Normal Encryption,Off,Off,Off,Off,251.1,1,Off,On,Off,Off,Off,Off,1,0,Off,0,0,0,0,0,0,0,0,0,0,0,0
ch02734,KC1FRJ Dixmont,444.20000,449.20000,A-Analog,Turbo,25K,100.0,100.0,Local,Group Call,9,KC1JMH / Brad Brown,Off,CTCSS/DCS,Off,1,1,1,Off,1,1,None,None,Off,Off,Off,Off,Normal Encryption,Off,Off,Off,Off,251.1,1,Off,On,Off,Off,Off,Off,1,0,Off,0,0,0,0,0,0,0,0,0,0,0,0
ch02735,N1HBG Provi 70cm,444.20000,449.20000,A-Analog,Turbo,25K,88.5,88.5,Local,Group Call,9,KC1JMH / Brad Brown,Off,CTCSS/DCS,Off,1,1,1,Off,1,1,None,None,Off,Off,Off,Off,Normal Encryption,Off,Off,Off,Off,251.1,1,Off,On,Off,Off,Off,Off,1,0,Off,0,0,0,0,0,0,0,0,0,0,0,0
ch02736,KA1MHA Middletow,444.35000,449.35000,A-Analog,Turbo,25K,67.0,67.0,Local,Group Call,9,KC1JMH / Brad Brown,Off,CTCSS/DCS,Off,1,1,1,Off,1,1,None,None,Off,Off,Off,Off,Normal Encryption,Off,Off,Off,Off,251.1,1,Off,On,Off,Off,Off,Off,1,0,Off,0,0,0,0,0,0,0,0,0,0,0,0
ch02737,N1ME Holden,444.40000,449.40000,A-Analog,Turbo,25K,Off,Off,Local,Group Call,9,KC1JMH / Brad Brown,Off,Carrier,Off,1,1,1,Off,1,1,None,None,Off,Off,Off,Off,Normal Encryption,Off,Off,Off,Off,251.1,1,Off,On,Off,Off,Off,Off,1,0,Off,0,0,0,0,0,0,0,0,0,0,0,0
ch02738,W1TKZ Wellesley,444.60000,449.60000,A-Analog,Turbo,25K,88.5,88.5,Local,Group Call,9,KC1JMH / Brad Brown,Off,CTCSS/DCS,Off,1,1,1,Off,1,1,None,None,Off,Off,Off,Off,Normal Encryption,Off,Off,Off,Off,251.1,1,Off,On,Off,Off,Off,Off,1,0,Off,0,0,0,0,0,0,0,0,0,0,0,0
ch02739,N1SNR Westb 70cm,444.60000,449.60000,A-Analog,Turbo,25K,82.5,82.5,Local,Group Call,9,KC1JMH / Brad Brown,Off,CTCSS/DCS,Off,1,1,1,Off,1,1,None,None,Off,Off,Off,Off,Normal Encryption,Off,Off,Off,Off,251.1,1,Off,On,Off,Off,Off,Off,1,0,Off,0,0,0,0,0,0,0,0,0,0,0,0
ch02740,N1DP Franklin,444.80000,449.80000,A-Analog,Turbo,25K,100.0,100.0,Local,Group Call,9,KC1JMH / Brad Brown,Off,CTCSS/DCS,Off,1,1,1,Off,1,1,None,None,Off,Off,Off,Off,Normal Encryption,Off,Off,Off,Off,251.1,1,Off,On,Off,Off,Off,Off,1,0,Off,0,0,0,0,0,0,0,0,0,0,0,0
ch02741,N1IMO Nashu 70cm,444.80000,449.80000,A-Analog,Turbo,25K,131.8,131.8,Local,Group Call,9,KC1JMH / Brad Brown,Off,CTCSS/DCS,Off,1,1,1,Off,1,1,None,None,Off,Off,Off,Off,Normal Encryption,Off,Off,Off,Off,251.1,1,Off,On,Off,Off,Off,Off,1,0,Off,0,0,0,0,0,0,0,0,0,0,0,0
ch02742,KA1UAG Enfield,444.90000,449.90000,A-Analog,Turbo,25K,131.8,131.8,Local,Group Call,9,KC1JMH / Brad Brown,Off,CTCSS/DCS,Off,1,1,1,Off,1,1,None,None,Off,Off,Off,Off,Normal Encryption,Off,Off,Off,Off,251.1,1,Off,On,Off,Off,Off,Off,1,0,Off,0,0,0,0,0,0,0,0,0,0,0,0
ch02743,WA1ABC Warwick,447.02500,442.02500,A-Analog,Turbo,25K,67.0,67.0,Local,Group Call,9,KC1JMH / Brad Brown,Off,CTCSS/DCS,Off,1,1,1,Off,1,1,None,None,Off,Off,Off,Off,Normal Encryption,Off,Off,Off,Off,251.1,1,Off,On,Off,Off,Off,Off,1,0,Off,0,0,0,0,0,0,0,0,0,0,0,0
ch02744,KB1DFN Natick,447.67500,442.67500,A-Analog,Turbo,25K,203.5,203.5,Local,Group Call,9,KC1JMH / Brad Brown,Off,CTCSS/DCS,Off,1,1,1,Off,1,1,None,None,Off,Off,Off,Off,Normal Encryption,Off,Off,Off,Off,251.1,1,Off,On,Off,Off,Off,Off,1,0,Off,0,0,0,0,0,0,0,0,0,0,0,0
ch02745,NA1HS N Attlebor,447.97500,442.97500,A-Analog,Turbo,25K,88.5,88.5,Local,Group Call,9,KC1JMH / Brad Brown,Off,CTCSS/DCS,Off,1,1,1,Off,1,1,None,None,Off,Off,Off,Off,Normal Encryption,Off,Off,Off,Off,251.1,1,Off,On,Off,Off,Off,Off,1,0,Off,0,0,0,0,0,0,0,0,0,0,0,0
ch02746,W1XOJ Paxton,447.98750,442.98750,A-Analog,Turbo,25K,136.5,136.5,Local,Group Call,9,KC1JMH / Brad Brown,Off,CTCSS/DCS,Off,1,1,1,Off,1,1,None,None,Off,Off,Off,Off,Normal Encryption,Off,Off,Off,Off,251.1,1,Off,On,Off,Off,Off,Off,1,0,Off,0,0,0,0,0,0,0,0,0,0,0,0
ch02747,NN1C Hopkinton,448.02500,443.02500,A-Analog,Turbo,25K,146.2,146.2,Local,Group Call,9,KC1JMH / Brad Brown,Off,CTCSS/DCS,Off,1,1,1,Off,1,1,None,None,Off,Off,Off,Off,Normal Encryption,Off,Off,Off,Off,251.1,1,Off,On,Off,Off,Off,Off,1,0,Off,0,0,0,0,0,0,0,0,0,0,0,0
ch02748,N1MIX Green 70cm,448.07500,443.07500,A-Analog,Turbo,25K,Off,Off,Local,Group Call,9,KC1JMH / Brad Brown,Off,Carrier,Off,1,1,1,Off,1,1,None,None,Off,Off,Off,Off,Normal Encryption,Off,Off,Off,Off,251.1,1,Off,On,Off,Off,Off,Off,1,0,Off,0,0,0,0,0,0,0,0,0,0,0,0
ch02749,W1BST Gilford,448.27500,443.27500,A-Analog,Turbo,25K,Off,Off,Local,Group Call,9,KC1JMH / Brad Brown,Off,Carrier,Off,1,1,1,Off,1,1,None,None,Off,Off,Off,Off,Normal Encryption,Off,Off,Off,Off,251.1,1,Off,On,Off,Off,Off,Off,1,0,Off,0,0,0,0,0,0,0,0,0,0,0,0
ch02750,K1LBG Wrentham,448.57500,443.57500,A-Analog,Turbo,25K,88.5,88.5,Local,Group Call,9,KC1JMH / Brad Brown,Off,CTCSS/DCS,Off,1,1,1,Off,1,1,None,None,Off,Off,Off,Off,Normal Encryption,Off,Off,Off,Off,251.1,1,Off,On,Off,Off,Off,Off,1,0,Off,0,0,0,0,0,0,0,0,0,0,0,0
ch02751,NN1C Newton,448.67500,443.67500,A-Analog,Turbo,25K,218.1,218.1,Local,Group Call,9,KC1JMH / Brad Brown,Off,CTCSS/DCS,Off,1,1,1,Off,1,1,None,None,Off,Off,Off,Off,Normal Encryption,Off,Off,Off,Off,251.1,1,Off,On,Off,Off,Off,Off,1,0,Off,0,0,0,0,0,0,0,0,0,0,0,0
ch02752,W1WPI Worce 70cm,449.02500,444.02500,A-Analog,Turbo,25K,88.5,88.5,Local,Group Call,9,KC1JMH / Brad Brown,Off,CTCSS/DCS,Off,1,1,1,Off,1,1,None,None,Off,Off,Off,Off,Normal Encryption,Off,Off,Off,Off,251.1,1,Off,On,Off,Off,Off,Off,1,0,Off,0,0,0,0,0,0,0,0,0,0,0,0
ch02753,W1IMD Woodstock,449.02500,444.02500,A-Analog,Turbo,25K,82.5,82.5,Local,Group Call,9,KC1JMH / Brad Brown,Off,CTCSS/DCS,Off,1,1,1,Off,1,1,None,None,Off,Off,Off,Off,Normal Encryption,Off,Off,Off,Off,251.1,1,Off,On,Off,Off,Off,Off,1,0,Off,0,0,0,0,0,0,0,0,0,0,0,0
ch02754,NE1AR Milto 70cm,449.12500,444.12500,A-Analog,Turbo,25K,146.2,146.2,Local,Group Call,9,KC1JMH / Brad Brown,Off,CTCSS/DCS,Off,1,1,1,Off,1,1,None,None,Off,Off,Off,Off,Normal Encryption,Off,Off,Off,Off,251.1,1,Off,On,Off,Off,Off,Off,1,0,Off,0,0,0,0,0,0,0,0,0,0,0,0
ch02755,N1JBC N Providen,449.22500,444.22500,A-Analog,Turbo,25K,141.3,141.3,Local,Group Call,9,KC1JMH / Brad Brown,Off,CTCSS/DCS,Off,1,1,1,Off,1,1,None,None,Off,Off,Off,Off,Normal Encryption,Off,Off,Off,Off,251.1,1,Off,On,Off,Off,Off,Off,1,0,Off,0,0,0,0,0,0,0,0,0,0,0,0
ch02756,N3LEE Greenville,449.27500,444.27500,A-Analog,Turbo,25K,100.0,100.0,Local,Group Call,9,KC1JMH / Brad Brown,Off,CTCSS/DCS,Off,1,1,1,Off,1,1,None,None,Off,Off,Off,Off,Normal Encryption,Off,Off,Off,Off,251.1,1,Off,On,Off,Off,Off,Off,1,0,Off,0,0,0,0,0,0,0,0,0,0,0,0
ch02757,W1JIB Harpswell,449.32500,444.32500,A-Analog,Turbo,25K,110.9,110.9,Local,Group Call,9,KC1JMH / Brad Brown,Off,CTCSS/DCS,Off,1,1,1,Off,1,1,None,None,Off,Off,Off,Off,Normal Encryption,Off,Off,Off,Off,251.1,1,Off,On,Off,Off,Off,Off,1,0,Off,0,0,0,0,0,0,0,0,0,0,0,0
ch02758,N1IMO Peterborou,449.37500,444.37500,A-Analog,Turbo,25K,88.5,88.5,Local,Group Call,9,KC1JMH / Brad Brown,Off,CTCSS/DCS,Off,1,1,1,Off,1,1,None,None,Off,Off,Off,Off,Normal Encryption,Off,Off,Off,Off,251.1,1,Off,On,Off,Off,Off,Off,1,0,Off,0,0,0,0,0,0,0,0,0,0,0,0
ch02759,WA1ZYX Deerfield,449.45000,444.45000,A-Analog,Turbo,25K,123.0,123.0,Local,Group Call,9,KC1JMH / Brad Brown,Off,CTCSS/DCS,Off,1,1,1,Off,1,1,None,None,Off,Off,Off,Off,Normal Encryption,Off,Off,Off,Off,251.1,1,Off,On,Off,Off,Off,Off,1,0,Off,0,0,0,0,0,0,0,0,0,0,0,0
ch02760,N1LMA Westerly,449.67500,444.67500,A-Analog,Turbo,25K,127.3,127.3,Local,Group Call,9,KC1JMH / Brad Brown,Off,CTCSS/DCS,Off,1,1,1,Off,1,1,None,None,Off,Off,Off,Off,Normal Encryption,Off,Off,Off,Off,251.1,1,Off,On,Off,Off,Off,Off,1,0,Off,0,0,0,0,0,0,0,0,0,0,0,0
ch02761,N1GNN Exeter,449.72500,444.72500,A-Analog,Turbo,25K,103.5,103.5,Local,Group Call,9,KC1JMH / Brad Brown,Off,CTCSS/DCS,Off,1,1,1,Off,1,1,None,None,Off,Off,Off,Off,Normal Encryption,Off,Off,Off,Off,251.1,1,Off,On,Off,Off,Off,Off,1,0,Off,0,0,0,0,0,0,0,0,0,0,0,0
ch02762,NY1Z Salem,449.77500,444.77500,A-Analog,Turbo,25K,Off,Off,Local,Group Call,9,KC1JMH / Brad Brown,Off,Carrier,Off,1,1,1,Off,1,1,None,None,Off,Off,Off,Off,Normal Encryption,Off,Off,Off,Off,251.1,1,Off,On,Off,Off,Off,Off,1,0,Off,0,0,0,0,0,0,0,0,0,0,0,0
ch02763,N1PAH Pelham,449.82500,444.82500,A-Analog,Turbo,25K,110.9,110.9,Local,Group Call,9,KC1JMH / Brad Brown,Off,CTCSS/DCS,Off,1,1,1,Off,1,1,None,None,Off,Off,Off,Off,Normal Encryption,Off,Off,Off,Off,251.1,1,Off,On,Off,Off,Off,Off,1,0,Off,0,0,0,0,0,0,0,0,0,0,0,0
ch02764,N1LHP Woburn,449.82500,444.82500,A-Analog,Turbo,25K,136.5,136.5,Local,Group Call,9,KC1JMH / Brad Brown,Off,CTCSS/DCS,Off,1,1,1,Off,1,1,None,None,Off,Off,Off,Off,Normal Encryption,Off,Off,Off,Off,251.1,1,Off,On,Off,Off,Off,Off,1,0,Off,0,0,0,0,0,0,0,0,0,0,0,0
ch02765,N1PCE White 70cm,449.82500,444.82500,A-Analog,Turbo,25K,82.5,82.5,Local,Group Call,9,KC1JMH / Brad Brown,Off,CTCSS/DCS,Off,1,1,1,Off,1,1,None,None,Off,Off,Off,Off,Normal Encryption,Off,Off,Off,Off,251.1,1,Off,On,Off,Off,Off,Off,1,0,Off,0,0,0,0,0,0,0,0,0,0,0,0
ch02766,W1MRA Marlb 70cm,449.92500,444.92500,A-Analog,Turbo,25K,88.5,88.5,Local,Group Call,9,KC1JMH / Brad Brown,Off,CTCSS/DCS,Off,1,1,1,Off,1,1,None,None,Off,Off,Off,Off,Normal Encryption,Off,Off,Off,Off,251.1,1,Off,On,Off,Off,Off,Off,1,0,Off,0,0,0,0,0,0,0,0,0,0,0,0
ch02767,W1WNS W Greenwic,449.93750,444.93750,A-Analog,Turbo,25K,Off,Off,Local,Group Call,9,KC1JMH / Brad Brown,Off,Carrier,Off,1,1,1,Off,1,1,None,None,Off,Off,Off,Off,Normal Encryption,Off,Off,Off,Off,251.1,1,Off,On,Off,Off,Off,Off,1,0,Off,0,0,0,0,0,0,0,0,0,0,0,0
ch02768,W1BRS Vernon,145.11000,144.51000,A-Analog,Turbo,25K,77.0,77.0,Local,Group Call,9,KC1JMH / Brad Brown,Off,CTCSS/DCS,Off,1,1,1,Off,1,1,None,None,Off,Off,Off,Off,Normal Encryption,Off,Off,Off,Off,251.1,1,Off,On,Off,Off,Off,Off,1,0,Off,0,0,0,0,0,0,0,0,0,0,0,0
ch02769,K1YON E Hartland,145.23000,144.63000,A-Analog,Turbo,25K,Off,Off,Local,Group Call,9,KC1JMH / Brad Brown,Off,Carrier,Off,1,1,1,Off,1,1,None,None,Off,Off,Off,Off,Normal Encryption,Off,Off,Off,Off,251.1,1,Off,On,Off,Off,Off,Off,1,0,Off,0,0,0,0,0,0,0,0,0,0,0,0
ch02770,W1BCG Killingwor,145.29000,144.69000,A-Analog,Turbo,25K,110.9,110.9,Local,Group Call,9,KC1JMH / Brad Brown,Off,CTCSS/DCS,Off,1,1,1,Off,1,1,None,None,Off,Off,Off,Off,Normal Encryption,Off,Off,Off,Off,251.1,1,Off,On,Off,Off,Off,Off,1,0,Off,0,0,0,0,0,0,0,0,0,0,0,0
ch02771,W1HDN Vernon,145.41000,144.81000,A-Analog,Turbo,25K,141.3,141.3,Local,Group Call,9,KC1JMH / Brad Brown,Off,CTCSS/DCS,Off,1,1,1,Off,1,1,None,None,Off,Off,Off,Off,Normal Encryption,Off,Off,Off,Off,251.1,1,Off,On,Off,Off,Off,Off,1,0,Off,0,0,0,0,0,0,0,0,0,0,0,0
ch02772,W1AW Newington,145.45000,144.85000,A-Analog,Turbo,25K,127.3,127.3,Local,Group Call,9,KC1JMH / Brad Brown,Off,CTCSS/DCS,Off,1,1,1,Off,1,1,None,None,Off,Off,Off,Off,Normal Encryption,Off,Off,Off,Off,251.1,1,Off,On,Off,Off,Off,Off,1,0,Off,0,0,0,0,0,0,0,0,0,0,0,0
ch02773,K9OEM Glastonbur,145.47000,144.87000,A-Analog,Turbo,25K,77.0,77.0,Local,Group Call,9,KC1JMH / Brad Brown,Off,CTCSS/DCS,Off,1,1,1,Off,1,1,None,None,Off,Off,Off,Off,Normal Encryption,Off,Off,Off,Off,251.1,1,Off,On,Off,Off,Off,Off,1,0,Off,0,0,0,0,0,0,0,0,0,0,0,0
ch02774,N1NW Baltic,146.73000,146.13000,A-Analog,Turbo,25K,156.7,156.7,Local,Group Call,9,KC1JMH / Brad Brown,Off,CTCSS/DCS,Off,1,1,1,Off,1,1,None,None,Off,Off,Off,Off,Normal Encryption,Off,Off,Off,Off,251.1,1,Off,On,Off,Off,Off,Off,1,0,Off,0,0,0,0,0,0,0,0,0,0,0,0
ch02775,NA1RA New Milfor,146.73000,146.13000,A-Analog,Turbo,25K,151.4,151.4,Local,Group Call,9,KC1JMH / Brad Brown,Off,CTCSS/DCS,Off,1,1,1,Off,1,1,None,None,Off,Off,Off,Off,Normal Encryption,Off,Off,Off,Off,251.1,1,Off,On,Off,Off,Off,Off,1,0,Off,0,0,0,0,0,0,0,0,0,0,0,0
ch02776,W1HDN Vernon 2m,146.79000,146.19000,A-Analog,Turbo,25K,82.5,82.5,Local,Group Call,9,KC1JMH / Brad Brown,Off,CTCSS/DCS,Off,1,1,1,Off,1,1,None,None,Off,Off,Off,Off,Normal Encryption,Off,Off,Off,Off,251.1,1,Off,On,Off,Off,Off,Off,1,0,Off,0,0,0,0,0,0,0,0,0,0,0,0
ch02777,W1HDN Torrington,146.85000,146.25000,A-Analog,Turbo,25K,141.3,141.3,Local,Group Call,9,KC1JMH / Brad Brown,Off,CTCSS/DCS,Off,1,1,1,Off,1,1,None,None,Off,Off,Off,Off,Normal Encryption,Off,Off,Off,Off,251.1,1,Off,On,Off,Off,Off,Off,1,0,Off,0,0,0,0,0,0,0,0,0,0,0,0
ch02778,N1TUP Manchester,147.04500,147.64500,A-Analog,Turbo,25K,88.5,88.5,Local,Group Call,9,KC1JMH / Brad Brown,Off,CTCSS/DCS,Off,1,1,1,Off,1,1,None,None,Off,Off,Off,Off,Normal Encryption,Off,Off,Off,Off,251.1,1,Off,On,Off,Off,Off,Off,1,0,Off,0,0,0,0,0,0,0,0,0,0,0,0
ch02779,W1DX Salem,147.06000,147.66000,A-Analog,Turbo,25K,156.7,156.7,Local,Group Call,9,KC1JMH / Brad Brown,Off,CTCSS/DCS,Off,1,1,1,Off,1,1,None,None,Off,Off,Off,Off,Normal Encryption,Off,Off,Off,Off,251.1,1,Off,On,Off,Off,Off,Off,1,0,Off,0,0,0,0,0,0,0,0,0,0,0,0
ch02780,W1EDH Glastonbur,147.09000,147.69000,A-Analog,Turbo,25K,110.9,110.9,Local,Group Call,9,KC1JMH / Brad Brown,Off,CTCSS/DCS,Off,1,1,1,Off,1,1,None,None,Off,Off,Off,Off,Normal Encryption,Off,Off,Off,Off,251.1,1,Off,On,Off,Off,Off,Off,1,0,Off,0,0,0,0,0,0,0,0,0,0,0,0
ch02781,W1HDN Danbury,147.12000,147.72000,A-Analog,Turbo,25K,141.3,141.3,Local,Group Call,9,KC1JMH / Brad Brown,Off,CTCSS/DCS,Off,1,1,1,Off,1,1,None,None,Off,Off,Off,Off,Normal Encryption,Off,Off,Off,Off,251.1,1,Off,On,Off,Off,Off,Off,1,0,Off,0,0,0,0,0,0,0,0,0,0,0,0
ch02782,W1HDN Prospect,147.18000,147.78000,A-Analog,Turbo,25K,141.3,141.3,Local,Group Call,9,KC1JMH / Brad Brown,Off,CTCSS/DCS,Off,1,1,1,Off,1,1,None,None,Off,Off,Off,Off,Normal Encryption,Off,Off,Off,Off,251.1,1,Off,On,Off,Off,Off,Off,1,0,Off,0,0,0,0,0,0,0,0,0,0,0,0
ch02783,K1MUJ Brooklyn,147.22500,147.82500,A-Analog,Turbo,25K,156.7,156.7,Local,Group Call,9,KC1JMH / Brad Brown,Off,CTCSS/DCS,Off,1,1,1,Off,1,1,None,None,Off,Off,Off,Off,Normal Encryption,Off,Off,Off,Off,251.1,1,Off,On,Off,Off,Off,Off,1,0,Off,0,0,0,0,0,0,0,0,0,0,0,0
ch02784,KB1AEV Torringto,147.24000,147.84000,A-Analog,Turbo,25K,151.4,151.4,Local,Group Call,9,KC1JMH / Brad Brown,Off,CTCSS/DCS,Off,1,1,1,Off,1,1,None,None,Off,Off,Off,Off,Normal Encryption,Off,Off,Off,Off,251.1,1,Off,On,Off,Off,Off,Off,1,0,Off,0,0,0,0,0,0,0,0,0,0,0,0
ch02785,KB1AEV Barkhamst,147.27000,147.87000,A-Analog,Turbo,25K,151.4,151.4,Local,Group Call,9,KC1JMH / Brad Brown,Off,CTCSS/DCS,Off,1,1,1,Off,1,1,None,None,Off,Off,Off,Off,Normal Encryption,Off,Off,Off,Off,251.1,1,Off,On,Off,Off,Off,Off,1,0,Off,0,0,0,0,0,0,0,0,0,0,0,0
ch02786,W1QI Danbury,147.30000,147.90000,A-Analog,Turbo,25K,100.0,100.0,Local,Group Call,9,KC1JMH / Brad Brown,Off,CTCSS/DCS,Off,1,1,1,Off,1,1,None,None,Off,Off,Off,Off,Normal Encryption,Off,Off,Off,Off,251.1,1,Off,On,Off,Off,Off,Off,1,0,Off,0,0,0,0,0,0,0,0,0,0,0,0
ch02787,NA1RC Lebanon,147.30000,147.90000,A-Analog,Turbo,25K,77.0,77.0,Local,Group Call,9,KC1JMH / Brad Brown,Off,CTCSS/DCS,Off,1,1,1,Off,1,1,None,None,Off,Off,Off,Off,Normal Encryption,Off,Off,Off,Off,251.1,1,Off,On,Off,Off,Off,Off,1,0,Off,0,0,0,0,0,0,0,0,0,0,0,0
ch02788,W1EOO Winsted,147.33000,147.93000,A-Analog,Turbo,25K,141.3,141.3,Local,Group Call,9,KC1JMH / Brad Brown,Off,CTCSS/DCS,Off,1,1,1,Off,1,1,None,None,Off,Off,Off,Off,Normal Encryption,Off,Off,Off,Off,251.1,1,Off,On,Off,Off,Off,Off,1,0,Off,0,0,0,0,0,0,0,0,0,0,0,0
ch02789,KB1AEV Vernon,147.34500,147.94500,A-Analog,Turbo,25K,151.4,151.4,Local,Group Call,9,KC1JMH / Brad Brown,Off,CTCSS/DCS,Off,1,1,1,Off,1,1,None,None,Off,Off,Off,Off,Normal Encryption,Off,Off,Off,Off,251.1,1,Off,On,Off,Off,Off,Off,1,0,Off,0,0,0,0,0,0,0,0,0,0,0,0
ch02790,N1ZU Fairfield,440.45000,445.45000,A-Analog,Turbo,25K,77.0,77.0,Local,Group Call,9,KC1JMH / Brad Brown,Off,CTCSS/DCS,Off,1,1,1,Off,1,1,None,None,Off,Off,Off,Off,Normal Encryption,Off,Off,Off,Off,251.1,1,Off,On,Off,Off,Off,Off,1,0,Off,0,0,0,0,0,0,0,0,0,0,0,0
ch02791,KB1AEV Watertown,441.65000,446.65000,A-Analog,Turbo,25K,151.4,151.4,Local,Group Call,9,KC1JMH / Brad Brown,Off,CTCSS/DCS,Off,1,1,1,Off,1,1,None,None,Off,Off,Off,Off,Normal Encryption,Off,Off,Off,Off,251.1,1,Off,On,Off,Off,Off,Off,1,0,Off,0,0,0,0,0,0,0,0,0,0,0,0
ch02792,N1TUP Stafford S,441.80000,446.80000,A-Analog,Turbo,25K,77.0,77.0,Local,Group Call,9,KC1JMH / Brad Brown,Off,CTCSS/DCS,Off,1,1,1,Off,1,1,None,None,Off,Off,Off,Off,Normal Encryption,Off,Off,Off,Off,251.1,1,Off,On,Off,Off,Off,Off,1,0,Off,0,0,0,0,0,0,0,0,0,0,0,0
ch02793,NA1RA Washington,441.85000,446.85000,A-Analog,Turbo,25K,151.4,151.4,Local,Group Call,9,KC1JMH / Brad Brown,Off,CTCSS/DCS,Off,1,1,1,Off,1,1,None,None,Off,Off,Off,Off,Normal Encryption,Off,Off,Off,Off,251.1,1,Off,On,Off,Off,Off,Off,1,0,Off,0,0,0,0,0,0,0,0,0,0,0,0
ch02794,KB1AEV Torr 70cm,442.25000,447.25000,A-Analog,Turbo,25K,151.4,151.4,Local,Group Call,9,KC1JMH / Brad Brown,Off,CTCSS/DCS,Off,1,1,1,Off,1,1,None,None,Off,Off,Off,Off,Normal Encryption,Off,Off,Off,Off,251.1,1,Off,On,Off,Off,Off,Off,1,0,Off,0,0,0,0,0,0,0,0,0,0,0,0
ch02795,W1WPD Woodbridge,442.50000,447.50000,A-Analog,Turbo,25K,77.0,77.0,Local,Group Call,9,KC1JMH / Brad Brown,Off,CTCSS/DCS,Off,1,1,1,Off,1,1,None,None,Off,Off,Off,Off,Normal Encryption,Off,Off,Off,Off,251.1,1,Off,On,Off,Off,Off,Off,1,0,Off,0,0,0,0,0,0,0,0,0,0,0,0
ch02796,KB1AEV Vern 70cm,442.60000,447.60000,A-Analog,Turbo,25K,151.4,151.4,Local,Group Call,9,KC1JMH / Brad Brown,Off,CTCSS/DCS,Off,1,1,1,Off,1,1,None,None,Off,Off,Off,Off,Normal Encryption,Off,Off,Off,Off,251.1,1,Off,On,Off,Off,Off,Off,1,0,Off,0,0,0,0,0,0,0,0,0,0,0,0
ch02797,W1HDN Verno 70cm,443.30000,448.30000,A-Analog,Turbo,25K,114.8,114.8,Local,Group Call,9,KC1JMH / Brad Brown,Off,CTCSS/DCS,Off,1,1,1,Off,1,1,None,None,Off,Off,Off,Off,Normal Encryption,Off,Off,Off,Off,251.1,1,Off,On,Off,Off,Off,Off,1,0,Off,0,0,0,0,0,0,0,0,0,0,0,0
ch02798,W1HDN Torri 70cm,443.60000,448.60000,A-Analog,Turbo,25K,82.5,82.5,Local,Group Call,9,KC1JMH / Brad Brown,Off,CTCSS/DCS,Off,1,1,1,Off,1,1,None,None,Off,Off,Off,Off,Normal Encryption,Off,Off,Off,Off,251.1,1,Off,On,Off,Off,Off,Off,1,0,Off,0,0,0,0,0,0,0,0,0,0,0,0
ch02799,W1HDN Danbu 70cm,443.65000,448.65000,A-Analog,Turbo,25K,141.3,141.3,Local,Group Call,9,KC1JMH / Brad Brown,Off,CTCSS/DCS,Off,1,1,1,Off,1,1,None,None,Off,Off,Off,Off,Normal Encryption,Off,Off,Off,Off,251.1,1,Off,On,Off,Off,Off,Off,1,0,Off,0,0,0,0,0,0,0,0,0,0,0,0
ch02800,KB1AEV Meriden,444.20000,449.20000,A-Analog,Turbo,25K,151.4,151.4,Local,Group Call,9,KC1JMH / Brad Brown,Off,CTCSS/DCS,Off,1,1,1,Off,1,1,None,None,Off,Off,Off,Off,Normal Encryption,Off,Off,Off,Off,251.1,1,Off,On,Off,Off,Off,Off,1,0,Off,0,0,0,0,0,0,0,0,0,0,0,0
ch02801,KB1AEV Harwingto,444.65000,449.65000,A-Analog,Turbo,25K,151.4,151.4,Local,Group Call,9,KC1JMH / Brad Brown,Off,CTCSS/DCS,Off,1,1,1,Off,1,1,None,None,Off,Off,Off,Off,Normal Encryption,Off,Off,Off,Off,251.1,1,Off,On,Off,Off,Off,Off,1,0,Off,0,0,0,0,0,0,0,0,0,0,0,0
ch02802,W1XOJ E. Hartlan,448.00000,443.00000,A-Analog,Turbo,25K,162.2,162.2,Local,Group Call,9,KC1JMH / Brad Brown,Off,CTCSS/DCS,Off,1,1,1,Off,1,1,None,None,Off,Off,Off,Off,Normal Encryption,Off,Off,Off,Off,251.1,1,Off,On,Off,Off,Off,Off,1,0,Off,0,0,0,0,0,0,0,0,0,0,0,0
ch02803,W1XOJ Meriden,448.00000,443.00000,A-Analog,Turbo,25K,192.8,192.8,Local,Group Call,9,KC1JMH / Brad Brown,Off,CTCSS/DCS,Off,1,1,1,Off,1,1,None,None,Off,Off,Off,Off,Normal Encryption,Off,Off,Off,Off,251.1,1,Off,On,Off,Off,Off,Off,1,0,Off,0,0,0,0,0,0,0,0,0,0,0,0
ch02804,WE1SPN Bristol,448.72500,443.72500,A-Analog,Turbo,25K,77.0,77.0,Local,Group Call,9,KC1JMH / Brad Brown,Off,CTCSS/DCS,Off,1,1,1,Off,1,1,None,None,Off,Off,Off,Off,Normal Encryption,Off,Off,Off,Off,251.1,1,Off,On,Off,Off,Off,Off,1,0,Off,0,0,0,0,0,0,0,0,0,0,0,0
ch02805,W1EDH Glast 70cm,449.62500,444.62500,A-Analog,Turbo,25K,110.9,110.9,Local,Group Call,9,KC1JMH / Brad Brown,Off,CTCSS/DCS,Off,1,1,1,Off,1,1,None,None,Off,Off,Off,Off,Normal Encryption,Off,Off,Off,Off,251.1,1,Off,On,Off,Off,Off,Off,1,0,Off,0,0,0,0,0,0,0,0,0,0,0,0
ch02806,W1BD Williamstow,146.62500,146.02500,A-Analog,Turbo,25K,100.0,100.0,Local,Group Call,9,KC1JMH / Brad Brown,Off,CTCSS/DCS,Off,1,1,1,Off,1,1,None,None,Off,Off,Off,Off,Normal Encryption,Off,Off,Off,Off,251.1,1,Off,On,Off,Off,Off,Off,1,0,Off,0,0,0,0,0,0,0,0,0,0,0,0
ch02807,K1JAY Jay Peak,146.74500,146.14500,A-Analog,Turbo,25K,100.0,100.0,Local,Group Call,9,KC1JMH / Brad Brown,Off,CTCSS/DCS,Off,1,1,1,Off,1,1,None,None,Off,Off,Off,Off,Normal Encryption,Off,Off,Off,Off,251.1,1,Off,On,Off,Off,Off,Off,1,0,Off,0,0,0,0,0,0,0,0,0,0,0,0
ch02808,W1CTE Essex Jct,146.85000,146.25000,A-Analog,Turbo,25K,100.0,100.0,Local,Group Call,9,KC1JMH / Brad Brown,Off,CTCSS/DCS,Off,1,1,1,Off,1,1,None,None,Off,Off,Off,Off,Normal Encryption,Off,Off,Off,Off,251.1,1,Off,On,Off,Off,Off,Off,1,0,Off,0,0,0,0,0,0,0,0,0,0,0,0
ch02809,K1MOQ Tunbridge,146.97000,146.37000,A-Analog,Turbo,25K,100.0,100.0,Local,Group Call,9,KC1JMH / Brad Brown,Off,CTCSS/DCS,Off,1,1,1,Off,1,1,None,None,Off,Off,Off,Off,Normal Encryption,Off,Off,Off,Off,251.1,1,Off,On,Off,Off,Off,Off,1,0,Off,0,0,0,0,0,0,0,0,0,0,0,0
ch02810,N1HWI Marlboro,147.01500,147.61500,A-Analog,Turbo,25K,100.0,100.0,Local,Group Call,9,KC1JMH / Brad Brown,Off,CTCSS/DCS,Off,1,1,1,Off,1,1,None,None,Off,Off,Off,Off,Normal Encryption,Off,Off,Off,Off,251.1,1,Off,On,Off,Off,Off,Off,1,0,Off,0,0,0,0,0,0,0,0,0,0,0,0
ch02811,N1STA St Albans,443.40000,448.40000,A-Analog,Turbo,25K,162.2,162.2,Local,Group Call,9,KC1JMH / Brad Brown,Off,CTCSS/DCS,Off,1,1,1,Off,1,1,None,None,Off,Off,Off,Off,Normal Encryption,Off,Off,Off,Off,251.1,1,Off,On,Off,Off,Off,Off,1,0,Off,0,0,0,0,0,0,0,0,0,0,0,0
ch02812,K1EQX Mt Equinox,444.05000,449.05000,A-Analog,Turbo,25K,100.0,100.0,Local,Group Call,9,KC1JMH / Brad Brown,Off,CTCSS/DCS,Off,1,1,1,Off,1,1,None,None,Off,Off,Off,Off,Normal Encryption,Off,Off,Off,Off,251.1,1,Off,On,Off,Off,Off,Off,1,0,Off,0,0,0,0,0,0,0,0,0,0,0,0
ch02813,W1ABI Killington,444.55000,449.55000,A-Analog,Turbo,25K,110.9,110.9,Local,Group Call,9,KC1JMH / Brad Brown,Off,CTCSS/DCS,Off,1,1,1,Off,1,1,None,None,Off,Off,Off,Off,Normal Encryption,Off,Off,Off,Off,251.1,1,Off,On,Off,Off,Off,Off,1,0,Off,0,0,0,0,0,0,0,0,0,0,0,0
ch02814,W1AAK Monkton,444.65000,449.65000,A-Analog,Turbo,25K,110.9,110.9,Local,Group Call,9,KC1JMH / Brad Brown,Off,CTCSS/DCS,Off,1,1,1,Off,1,1,None,None,Off,Off,Off,Off,Normal Encryption,Off,Off,Off,Off,251.1,1,Off,On,Off,Off,Off,Off,1,0,Off,0,0,0,0,0,0,0,0,0,0,0,0
ch02815,WA1KFX Newfane,444.70000,449.70000,A-Analog,Turbo,25K,110.9,110.9,Local,Group Call,9,KC1JMH / Brad Brown,Off,CTCSS/DCS,Off,1,1,1,Off,1,1,None,None,Off,Off,Off,Off,Normal Encryption,Off,Off,Off,Off,251.1,1,Off,On,Off,Off,Off,Off,1,0,Off,0,0,0,0,0,0,0,0,0,0,0,0
ch02816,K1JAY Jay P 70cm,447.22500,442.22500,A-Analog,Turbo,25K,100.0,100.0,Local,Group Call,9,KC1JMH / Brad Brown,Off,CTCSS/DCS,Off,1,1,1,Off,1,1,None,None,Off,Off,Off,Off,Normal Encryption,Off,Off,Off,Off,251.1,1,Off,On,Off,Off,Off,Off,1,0,Off,0,0,0,0,0,0,0,0,0,0,0,0
ch02817,W1AAK Burke,449.12500,444.12500,A-Analog,Turbo,25K,110.9,110.9,Local,Group Call,9,KC1JMH / Brad Brown,Off,CTCSS/DCS,Off,1,1,1,Off,1,1,None,None,Off,Off,Off,Off,Normal Encryption,Off,Off,Off,Off,251.1,1,Off,On,Off,Off,Off,Off,1,0,Off,0,0,0,0,0,0,0,0,0,0,0,0
