"No.","Channel Name","Receive Frequency","Transmit Frequency","Channel Type","Transmit Power","Band Width","CTCSS/DCS Decode","CTCSS/DCS Encode","Contact","Contact Call Type","Contact TG/DMR ID","Radio ID","Busy Lock/TX Permit","Squelch Mode","Optional Signal","DTMF ID","2Tone ID","5Tone ID","PTT ID","Color Code","Slot","Scan List","Receive Group List","PTT Prohibit","Reverse","TDMA","TDMA Adaptive","AES Digital Encryption","Digital Encryption","Call Confirmation","Talk Around(Simplex)","Work Alone","Custom CTCSS","2TONE Decode","Ranging","Simplex","APRS RX","Analog APRS PTT Mode","Digital APRS PTT Mode","APRS Report Type","Digital APRS Report Channel","Correct Frequency[Hz]","SMS Confirmation","Exclude Channel From Roaming","DMR MODE","DataACK Disable","R5toneBot","R5ToneEot","Auto Scan"
"1","WJ1L Alfred 2m","145.41000","144.81000","A-Analog","Turbo","25K","103.5","103.5","Local","Group Call","9","KC1JMH / Brad Br","Off","CTCSS/DCS","Off","1","1","1","Off","1","1","All Analog","None","Off","Off","Off","Off","Normal Encryption","Off","Off","Off","Off","251.1","1","Off","Off","Off","Off","Off","Off","1","0","Off","0","0","0","0","0","0"
"2","WJ1L Alfred 70cm","448.72500","443.72500","A-Analog","High","25K","103.5","103.5","Local","Group Call","9","KC1JMH / Brad Br","Off","CTCSS/DCS","Off","1","1","1","Off","1","1","All Analog","None","Off","Off","Off","Off","Normal Encryption","Off","Off","Off","Off","251.1","1","Off","Off","Off","Off","Off","Off","1","0","Off","0","0","0","0","0","0"
"3","W1BHR Alfred","147.34500","147.94500","A-Analog","Turbo","25K","123.0","123.0","Local","Group Call","9","KC1JMH / Brad Br","Off","CTCSS/DCS","Off","1","1","1","Off","1","1","All Analog","None","Off","Off","Off","Off","Normal Encryption","Off","Off","Off","Off","251.1","1","Off","Off","Off","Off","Off","Off","1","0","Off","0","0","0","0","0","0"
"4","KQ1L York","147.18000","147.78000","A-Analog","High","25K","131.8","131.8","Local","Group Call","9","KC1JMH / Brad Br","Off","CTCSS/DCS","Off","1","1","1","Off","1","1","None","None","Off","Off","Off","Off","Normal Encryption","Off","Off","Off","Off","251.1","1","Off","Off","Off","Off","Off","Off","1","0","Off","0","0","0","0","0","0"
"5","KQ1L Buckfield","146.88000","146.28000","A-Analog","Turbo","25K","88.5","100.0","Local","Group Call","9","KC1JMH / Brad Br","Off","Carrier","Off","1","1","1","Off","1","1","All Analog","None","Off","Off","Off","Off","Normal Encryption","Off","Off","Off","Off","251.1","1","Off","Off","Off","Off","Off","Off","1","0","Off","0","0","0","0","0","0"
"6","N1ROA Sanford","146.80500","146.20500","A-Analog","High","25K","103.5","103.5","Local","Group Call","9","KC1JMH / Brad Br","Off","CTCSS/DCS","Off","1","1","1","Off","1","1","All Analog","None","Off","Off","Off","Off","Normal Encryption","Off","Off","Off","Off","251.1","1","Off","Off","Off","Off","Off","Off","1","0","Off","0","0","0","0","0","0"
"7","K1AAM Hiram","147.01500","147.61500","A-Analog","High","25K","103.5","103.5","Local","Group Call","9","KC1JMH / Brad Br","Off","CTCSS/DCS","Off","1","1","1","Off","1","1","All Analog","None","Off","Off","Off","Off","Normal Encryption","Off","Off","Off","Off","251.1","1","Off","Off","Off","Off","Off","Off","1","0","Off","0","0","0","0","0","0"
"8","N1SNR Westbrook","147.27000","147.87000","A-Analog","High","25K","103.5","103.5","Local","Group Call","9","KC1JMH / Brad Br","Off","CTCSS/DCS","Off","1","1","1","Off","1","1","All Analog","None","Off","Off","Off","Off","Normal Encryption","Off","Off","Off","Off","251.1","1","Off","Off","Off","Off","Off","Off","1","0","Off","0","0","0","0","0","0"
"9","K1AAM Naples","146.83500","146.23500","A-Analog","High","25K","103.5","103.5","Local","Group Call","9","KC1JMH / Brad Br","Off","CTCSS/DCS","Off","1","1","1","Off","1","1","All Analog","None","Off","Off","Off","Off","Normal Encryption","Off","Off","Off","Off","251.1","1","Off","Off","Off","Off","Off","Off","1","0","Off","0","0","0","0","0","0"
"10","WJ1L Lyman","146.92500","146.32500","A-Analog","High","25K","103.5","103.5","Local","Group Call","9","KC1JMH / Brad Br","Off","CTCSS/DCS","Off","1","1","1","Off","1","1","All Analog","None","Off","Off","Off","Off","Normal Encryption","Off","Off","Off","Off","251.1","1","Off","Off","Off","Off","Off","Off","1","0","Off","0","0","0","0","0","0"
"11","W1QUI Falmouth","147.09000","147.69000","A-Analog","Turbo","25K","100.0","100.0","Local","Group Call","9","KC1JMH / Brad Br","Off","CTCSS/DCS","Off","1","1","1","Off","1","1","All Analog","None","Off","Off","Off","Off","Normal Encryption","Off","Off","Off","Off","251.1","1","Off","Off","Off","Off","Off","Off","1","0","Off","0","0","0","0","0","0"
"12","W1KVI Falmouth","146.73000","146.13000","A-Analog","High","25K","62.5","62.5","Local","Group Call","9","KC1JMH / Brad Br","Off","CTCSS/DCS","Off","1","1","1","Off","1","1","All Analog","None","Off","Off","Off","Off","Normal Encryption","Off","Off","Off","Off","251.1","1","Off","Off","Off","Off","Off","Off","1","0","Off","0","0","0","0","0","0"
"13","K1SA Portland","147.36000","147.96000","A-Analog","High","25K","62.5","62.5","Local","Group Call","9","KC1JMH / Brad Br","Off","CTCSS/DCS","Off","1","1","1","Off","1","1","All Analog","None","Off","Off","Off","Off","Normal Encryption","Off","Off","Off","Off","251.1","1","Off","Off","Off","Off","Off","Off","1","0","Off","0","0","0","0","0","0"
"14","K1MV Gray","147.04500","147.64500","A-Analog","High","25K","103.5","103.5","Local","Group Call","9","KC1JMH / Brad Br","Off","CTCSS/DCS","Off","1","1","1","Off","1","1","All Analog","None","Off","Off","Off","Off","Normal Encryption","Off","Off","Off","Off","251.1","1","Off","Off","Off","Off","Off","Off","1","0","Off","0","0","0","0","0","0"
"15","W1NPP Poland","147.31500","147.91500","A-Analog","High","25K","103.5","103.5","Local","Group Call","9","KC1JMH / Brad Br","Off","CTCSS/DCS","Off","1","1","1","Off","1","1","All Analog","None","Off","Off","Off","Off","Normal Encryption","Off","Off","Off","Off","251.1","1","Off","Off","Off","Off","Off","Off","1","0","Off","0","0","0","0","0","0"
"16","W1NPP Auburn","146.61000","146.01000","A-Analog","High","25K","88.5","88.5","Local","Group Call","9","KC1JMH / Brad Br","Off","CTCSS/DCS","Off","1","1","1","Off","1","1","All Analog","None","Off","Off","Off","Off","Normal Encryption","Off","Off","Off","Off","251.1","1","Off","Off","Off","Off","Off","Off","1","0","Off","0","0","0","0","0","0"
"17","WZ1J Brunswick","147.13500","147.73500","A-Analog","High","25K","103.5","103.5","Local","Group Call","9","KC1JMH / Brad Br","Off","CTCSS/DCS","Off","1","1","1","Off","1","1","All Analog","None","Off","Off","Off","Off","Normal Encryption","Off","Off","Off","Off","251.1","1","Off","Off","Off","Off","Off","Off","1","0","Off","0","0","0","0","0","0"
"18","W1PIG Wales ME","145.29000","144.69000","A-Analog","High","25K","100.0","62.5","Local","Group Call","9","KC1JMH / Brad Br","Off","CTCSS/DCS","Off","1","1","1","Off","1","1","All Analog","None","Off","Off","Off","Off","Normal Encryption","Off","Off","Off","Off","251.1","1","Off","Off","Off","Off","Off","Off","1","0","Off","0","0","0","0","0","0"
"19","W1NH Mt Washing","146.65500","146.05500","A-Analog","High","25K","62.5","62.5","Local","Group Call","9","KC1JMH / Brad Br","Off","CTCSS/DCS","Off","1","1","1","Off","1","1","All Analog","None","Off","Off","Off","Off","Normal Encryption","Off","Off","Off","Off","251.1","1","Off","Off","Off","Off","Off","Off","1","0","Off","0","0","0","0","0","0"
"20","W1BST Ossipee","147.03000","147.63000","A-Analog","High","25K","88.5","88.5","Local","Group Call","9","KC1JMH / Brad Br","Off","CTCSS/DCS","Off","1","1","1","Off","1","1","All Analog","None","Off","Off","Off","Off","Normal Encryption","Off","Off","Off","Off","251.1","1","Off","Off","Off","Off","Off","Off","1","0","Off","0","0","0","0","0","0"
"21","W1JY Gilford NH","146.98500","146.38500","A-Analog","High","25K","123.0","123.0","Local","Group Call","9","KC1JMH / Brad Br","Off","CTCSS/DCS","Off","1","1","1","Off","1","1","All Analog","None","Off","Off","Off","Off","Normal Encryption","Off","Off","Off","Off","251.1","1","Off","Off","Off","Off","Off","Off","1","0","Off","0","0","0","0","0","0"
"22","W1SRA Saddleback","147.00000","146.40000","A-Analog","High","25K","62.5","62.5","Local","Group Call","9","KC1JMH / Brad Br","Off","CTCSS/DCS","Off","1","1","1","Off","1","1","All Analog","None","Off","Off","Off","Off","Normal Encryption","Off","Off","Off","Off","251.1","1","Off","Off","Off","Off","Off","Off","1","0","Off","0","0","0","0","0","0"
"23","W1ALE Merrimack","146.94000","146.34000","A-Analog","High","25K","114.8","114.8","Local","Group Call","9","KC1JMH / Brad Br","Off","CTCSS/DCS","Off","1","1","1","Off","1","1","All Analog","None","Off","Off","Off","Off","Normal Encryption","Off","Off","Off","Off","251.1","1","Off","Off","Off","Off","Off","Off","1","0","Off","0","0","0","0","0","0"
"24","K1CA Derry NH","146.85000","146.25000","A-Analog","High","25K","85.4","85.4","Local","Group Call","9","KC1JMH / Brad Br","Off","CTCSS/DCS","Off","1","1","1","Off","1","1","All Analog","None","Off","Off","Off","Off","Normal Encryption","Off","Off","Off","Off","251.1","1","Off","Off","Off","Off","Off","Off","1","0","Off","0","0","0","0","0","0"
"25","DMRS 145.510","145.51000","145.51000","D-Digital","High","12.5K","Off","Off","DMR Simplex","Group Call","99","KC1JMH / Brad Br","Always","Carrier","Off","1","1","1","Off","1","1","None","None","Off","Off","Off","Off","Normal Encryption","Off","Off","Off","Off","251.1","1","Off","Off","Off","Off","Off","Off","1","0","Off","0","0","0","0","0","0"
"26","DMRS 146.790","146.79000","146.79000","D-Digital","High","12.5K","Off","Off","DMR Simplex","Group Call","99","KC1JMH / Brad Br","Always","Carrier","Off","1","1","1","Off","1","1","None","None","Off","Off","Off","Off","Normal Encryption","Off","Off","Off","Off","251.1","1","Off","Off","Off","Off","Off","Off","1","0","Off","0","0","0","0","0","0"
"27","DMRS 441.000","441.00000","441.00000","D-Digital","High","12.5K","Off","Off","DMR Simplex","Group Call","99","KC1JMH / Brad Br","Always","Carrier","Off","1","1","1","Off","1","1","None","None","Off","Off","Off","Off","Normal Encryption","Off","Off","Off","Off","251.1","1","Off","Off","Off","Off","Off","Off","1","0","Off","0","0","0","0","0","0"
"28","DMRS 446.500","440.00000","440.00000","D-Digital","High","12.5K","Off","Off","DMR Simplex","Group Call","99","KC1JMH / Brad Br","Always","Carrier","Off","1","1","1","Off","1","1","None","None","Off","Off","Off","Off","Normal Encryption","Off","Off","Off","Off","251.1","1","Off","Off","Off","Off","Off","Off","1","0","Off","0","0","0","0","0","0"
"29","DMRS 446.075","446.07500","446.07500","D-Digital","High","12.5K","Off","Off","DMR Simplex","Group Call","99","KC1JMH / Brad Br","Always","Carrier","Off","1","1","1","Off","1","1","None","None","Off","Off","Off","Off","Normal Encryption","Off","Off","Off","Off","251.1","1","Off","Off","Off","Off","Off","Off","1","0","Off","0","0","0","0","0","0"
"30","DMRS 443.450","443.45000","443.45000","D-Digital","High","12.5K","Off","Off","DMR Simplex","Group Call","99","KC1JMH / Brad Br","Always","Carrier","Off","1","1","1","Off","1","1","None","None","Off","Off","Off","Off","Normal Encryption","Off","Off","Off","Off","251.1","1","Off","Off","Off","Off","Off","Off","1","0","Off","0","0","0","0","0","0"
"31","2m Call 146.52","146.52000","146.52000","A-Analog","Mid","12.5K","Off","Off","Local","Group Call","9","KC1JMH / Brad Br","Off","Carrier","Off","1","1","1","Off","1","1","None","None","Off","Off","Off","Off","Normal Encryption","Off","Off","Off","Off","251.1","1","Off","Off","Off","Off","Off","Off","1","0","Off","0","0","0","0","0","0"
"32","70cm Call 446.00","446.00000","446.00000","A-Analog","High","12.5K","Off","Off","Local","Group Call","9","KC1JMH / Brad Br","Off","Carrier","Off","1","1","1","Off","1","1","None","None","Off","Off","Off","Off","Normal Encryption","Off","Off","Off","Off","251.1","1","Off","Off","Off","Off","Off","Off","1","0","Off","0","0","0","0","0","0"
"33","APRS Analog","144.39000","144.39000","A-Analog","Turbo","25K","Off","Off","Local","Group Call","9","KC1JMH / Brad Br","Off","Carrier","Off","1","1","1","Off","4","2","None","None","Off","Off","Off","Off","Normal Encryption","Off","Off","Off","Off","251.1","1","Off","On","Off","Off","Off","Off","1","0","Off","0","0","0","0","0","0"
"34","BRDCT Local","442.20000","447.20000","D-Digital","High","12.5K","Off","Off","Local","Group Call","9","KC1JMH / Brad Br","Always","Carrier","Off","1","1","1","Off","1","2","None","None","Off","Off","Off","Off","Normal Encryption","Off","Off","Off","Off","251.1","1","Off","Off","Off","Off","Off","Off","1","0","Off","0","0","0","0","0","0"
"35","BRDCT CT SW","442.20000","447.20000","D-Digital","High","12.5K","Off","Off","CT Statewide","Group Call","3109","KC1JMH / Brad Br","Always","Carrier","Off","1","1","1","Off","1","2","None","None","Off","Off","Off","Off","Normal Encryption","Off","Off","Off","Off","251.1","1","Off","Off","Off","Off","Off","Off","1","0","Off","0","0","0","0","0","0"
"36","BRDCT MA SW","442.20000","447.20000","D-Digital","High","12.5K","Off","Off","MA Statewide","Group Call","3125","KC1JMH / Brad Br","Always","Carrier","Off","1","1","1","Off","1","1","None","None","Off","Off","Off","Off","Normal Encryption","Off","Off","Off","Off","251.1","1","Off","Off","Off","Off","Off","Off","1","0","Off","0","0","0","0","0","0"
"37","BRDCT NE Wide","442.20000","447.20000","D-Digital","High","12.5K","Off","Off","New England-Wide","Group Call","3181","KC1JMH / Brad Br","Always","Carrier","Off","1","1","1","Off","1","2","None","None","Off","Off","Off","Off","Normal Encryption","Off","Off","Off","Off","251.1","1","Off","Off","Off","Off","Off","Off","1","0","Off","0","0","0","0","0","0"
"38","BRDCT NETAC2","442.20000","447.20000","D-Digital","High","12.5K","Off","Off","NETAC2","Group Call","8802","KC1JMH / Brad Br","Always","Carrier","Off","1","1","1","Off","1","2","None","None","Off","Off","Off","Off","Normal Encryption","Off","Off","Off","Off","251.1","1","Off","Off","Off","Off","Off","Off","1","0","Off","0","0","0","0","0","0"
"39","BRDCT NETAC1","442.20000","447.20000","D-Digital","High","12.5K","Off","Off","NETAC1","Group Call","8801","KC1JMH / Brad Br","Always","Carrier","Off","1","1","1","Off","1","1","None","None","Off","Off","Off","Off","Normal Encryption","Off","Off","Off","Off","251.1","1","Off","Off","Off","Off","Off","Off","1","0","Off","0","0","0","0","0","0"
"40","BRDCT TAC310","442.20000","447.20000","D-Digital","High","12.5K","Off","Off","TAC310","Group Call","310","KC1JMH / Brad Br","Always","Carrier","Off","1","1","1","Off","1","1","None","None","Off","Off","Off","Off","Normal Encryption","Off","Off","Off","Off","251.1","1","Off","Off","Off","Off","Off","Analog","1","0","Off","0","0","0","0","0","0"
"41","BRDCT TAC311","442.20000","447.20000","D-Digital","High","12.5K","Off","Off","TAC311","Group Call","311","KC1JMH / Brad Br","Always","Carrier","Off","1","1","1","Off","1","1","None","None","Off","Off","Off","Off","Normal Encryption","Off","Off","Off","Off","251.1","1","Off","Off","Off","Off","Off","Off","1","0","Off","0","0","0","0","0","0"
"42","BRDCT Northeast","442.20000","447.20000","D-Digital","High","12.5K","Off","Off","Northeast","Group Call","3172","KC1JMH / Brad Br","Always","Carrier","Off","1","1","1","Off","1","1","None","None","Off","Off","Off","Off","Normal Encryption","Off","Off","Off","Off","251.1","1","Off","Off","Off","End Of Transmission","Off","Analog","1","0","Off","0","0","0","0","0","0"
"43","BRDCT North Am","442.20000","447.20000","D-Digital","High","12.5K","Off","Off","North America","Group Call","3","KC1JMH / Brad Br","Always","Carrier","Off","1","1","1","Off","1","1","None","None","Off","Off","Off","Off","Normal Encryption","Off","Off","Off","Off","251.1","1","Off","Off","Off","Off","Off","Off","1","0","Off","0","0","0","0","0","0"
"44","BRDCT WW Eng","442.20000","447.20000","D-Digital","High","12.5K","Off","Off","WW English","Group Call","13","KC1JMH / Brad Br","Always","Carrier","Off","1","1","1","Off","1","1","None","None","Off","Off","Off","Off","Normal Encryption","Off","Off","Off","Off","251.1","1","Off","Off","Off","Off","Off","Off","1","0","Off","0","0","0","0","0","0"
"45","BRDCT WW","442.20000","447.20000","D-Digital","High","12.5K","Off","Off","WW Call","Group Call","1","KC1JMH / Brad Br","Always","Carrier","Off","1","1","1","Off","1","1","None","None","Off","Off","Off","Off","Normal Encryption","Off","Off","Off","Off","251.1","1","Off","Off","Off","Off","Off","Off","1","0","Off","0","0","0","0","0","0"
"46","BRDCT SKYWARN","442.20000","447.20000","D-Digital","High","12.5K","Off","Off","SKYWARN","Group Call","759","KC1JMH / Brad Br","Always","Carrier","Off","1","1","1","Off","1","1","None","None","Off","Off","Off","Off","Normal Encryption","Off","Off","Off","Off","251.1","1","Off","Off","Off","Off","Off","Off","1","0","Off","0","0","0","0","0","0"
"47","BRDCT Parrot","442.20000","447.20000","D-Digital","High","12.5K","Off","Off","Parrot","Group Call","9998","KC1JMH / Brad Br","Always","Carrier","Off","1","1","1","Off","1","1","None","None","Off","Off","Off","Off","Normal Encryption","Off","Off","Off","Off","251.1","1","Off","Off","Off","Off","Off","Off","1","0","Off","0","0","0","0","0","0"
"48","CVNCT Local","449.87500","444.87500","D-Digital","High","12.5K","Off","Off","Local","Group Call","9","KC1JMH / Brad Br","Always","Carrier","Off","1","1","1","Off","1","2","None","None","Off","Off","Off","Off","Normal Encryption","Off","Off","Off","Off","251.1","1","Off","Off","Off","Off","Off","Off","1","0","Off","0","0","0","0","0","0"
"49","CVNCT CT SW","449.87500","444.87500","D-Digital","High","12.5K","Off","Off","CT Statewide","Group Call","3109","KC1JMH / Brad Br","Always","Carrier","Off","1","1","1","Off","1","2","None","None","Off","Off","Off","Off","Normal Encryption","Off","Off","Off","Off","251.1","1","Off","Off","Off","Off","Off","Off","1","0","Off","0","0","0","0","0","0"
"50","CVNCT MA SW","449.87500","444.87500","D-Digital","High","12.5K","Off","Off","MA Statewide","Group Call","3125","KC1JMH / Brad Br","Always","Carrier","Off","1","1","1","Off","1","1","None","None","Off","Off","Off","Off","Normal Encryption","Off","Off","Off","Off","251.1","1","Off","Off","Off","Off","Off","Off","1","0","Off","0","0","0","0","0","0"
"51","CVNCT NE Wide","449.87500","444.87500","D-Digital","High","12.5K","Off","Off","New England-Wide","Group Call","3181","KC1JMH / Brad Br","Always","Carrier","Off","1","1","1","Off","1","2","None","None","Off","Off","Off","Off","Normal Encryption","Off","Off","Off","Off","251.1","1","Off","Off","Off","Off","Off","Off","1","0","Off","0","0","0","0","0","0"
"52","CVNCT NETAC2","449.87500","444.87500","D-Digital","High","12.5K","Off","Off","NETAC2","Group Call","8802","KC1JMH / Brad Br","Always","Carrier","Off","1","1","1","Off","1","2","None","None","Off","Off","Off","Off","Normal Encryption","Off","Off","Off","Off","251.1","1","Off","Off","Off","Off","Off","Off","1","0","Off","0","0","0","0","0","0"
"53","CVNCT NETAC1","449.87500","444.87500","D-Digital","High","12.5K","Off","Off","NETAC1","Group Call","8801","KC1JMH / Brad Br","Always","Carrier","Off","1","1","1","Off","1","1","None","None","Off","Off","Off","Off","Normal Encryption","Off","Off","Off","Off","251.1","1","Off","Off","Off","Off","Off","Off","1","0","Off","0","0","0","0","0","0"
"54","CVNCT TAC310","449.87500","444.87500","D-Digital","High","12.5K","Off","Off","TAC310","Group Call","310","KC1JMH / Brad Br","Always","Carrier","Off","1","1","1","Off","1","1","None","None","Off","Off","Off","Off","Normal Encryption","Off","Off","Off","Off","251.1","1","Off","Off","Off","Off","Off","Off","1","0","Off","0","0","0","0","0","0"
"55","CVNCT TAC311","449.87500","444.87500","D-Digital","High","12.5K","Off","Off","TAC311","Group Call","311","KC1JMH / Brad Br","Always","Carrier","Off","1","1","1","Off","1","1","None","None","Off","Off","Off","Off","Normal Encryption","Off","Off","Off","Off","251.1","1","Off","Off","Off","Off","Off","Off","1","0","Off","0","0","0","0","0","0"
"56","CVNCT Northeast","449.87500","444.87500","D-Digital","High","12.5K","Off","Off","Northeast","Group Call","3172","KC1JMH / Brad Br","Always","Carrier","Off","1","1","1","Off","1","1","None","None","Off","Off","Off","Off","Normal Encryption","Off","Off","Off","Off","251.1","1","Off","Off","Off","Off","Off","Off","1","0","Off","0","0","0","0","0","0"
"57","CVNCT North Am","449.87500","444.87500","D-Digital","High","12.5K","Off","Off","North America","Group Call","3","KC1JMH / Brad Br","Always","Carrier","Off","1","1","1","Off","1","1","None","None","Off","Off","Off","Off","Normal Encryption","Off","Off","Off","Off","251.1","1","Off","Off","Off","Off","Off","Off","1","0","Off","0","0","0","0","0","0"
"58","CVNCT WW Eng","449.87500","444.87500","D-Digital","High","12.5K","Off","Off","WW English","Group Call","13","KC1JMH / Brad Br","Always","Carrier","Off","1","1","1","Off","1","1","None","None","Off","Off","Off","Off","Normal Encryption","Off","Off","Off","Off","251.1","1","Off","Off","Off","Off","Off","Off","1","0","Off","0","0","0","0","0","0"
"59","CVNCT WW","449.87500","444.87500","D-Digital","High","12.5K","Off","Off","WW Call","Group Call","1","KC1JMH / Brad Br","Always","Carrier","Off","1","1","1","Off","1","1","None","None","Off","Off","Off","Off","Normal Encryption","Off","Off","Off","Off","251.1","1","Off","Off","Off","Off","Off","Off","1","0","Off","0","0","0","0","0","0"
"60","CVNCT SKYWARN","449.87500","444.87500","D-Digital","High","12.5K","Off","Off","SKYWARN","Group Call","759","KC1JMH / Brad Br","Always","Carrier","Off","1","1","1","Off","1","1","None","None","Off","Off","Off","Off","Normal Encryption","Off","Off","Off","Off","251.1","1","Off","Off","Off","Off","Off","Off","1","0","Off","0","0","0","0","0","0"
"61","CVNCT Parrot","449.87500","444.87500","D-Digital","High","12.5K","Off","Off","Parrot","Group Call","9998","KC1JMH / Brad Br","Always","Carrier","Off","1","1","1","Off","1","1","None","None","Off","Off","Off","Off","Normal Encryption","Off","Off","Off","Off","251.1","1","Off","Off","Off","Off","Off","Off","1","0","Off","0","0","0","0","0","0"
"62","KLLCT Local","444.85000","449.85000","D-Digital","High","12.5K","Off","Off","Local","Group Call","9","KC1JMH / Brad Br","Always","Carrier","Off","1","1","1","Off","1","2","None","None","Off","Off","Off","Off","Normal Encryption","Off","Off","Off","Off","251.1","1","Off","Off","Off","Off","Off","Off","1","0","Off","0","0","0","0","0","0"
"63","KLLCT CT SW","444.85000","449.85000","D-Digital","High","12.5K","Off","Off","CT Statewide","Group Call","3109","KC1JMH / Brad Br","Always","Carrier","Off","1","1","1","Off","1","2","None","None","Off","Off","Off","Off","Normal Encryption","Off","Off","Off","Off","251.1","1","Off","Off","Off","Off","Off","Off","1","0","Off","0","0","0","0","0","0"
"64","KLLCT MA SW","444.85000","449.85000","D-Digital","High","12.5K","Off","Off","MA Statewide","Group Call","3125","KC1JMH / Brad Br","Always","Carrier","Off","1","1","1","Off","1","1","None","None","Off","Off","Off","Off","Normal Encryption","Off","Off","Off","Off","251.1","1","Off","Off","Off","Off","Off","Off","1","0","Off","0","0","0","0","0","0"
"65","KLLCT NE Wide","444.85000","449.85000","D-Digital","High","12.5K","Off","Off","New England-Wide","Group Call","3181","KC1JMH / Brad Br","Always","Carrier","Off","1","1","1","Off","1","2","None","None","Off","Off","Off","Off","Normal Encryption","Off","Off","Off","Off","251.1","1","Off","Off","Off","Off","Off","Off","1","0","Off","0","0","0","0","0","0"
"66","KLLCT NETAC2","444.85000","449.85000","D-Digital","High","12.5K","Off","Off","NETAC2","Group Call","8802","KC1JMH / Brad Br","Always","Carrier","Off","1","1","1","Off","1","2","None","None","Off","Off","Off","Off","Normal Encryption","Off","Off","Off","Off","251.1","1","Off","Off","Off","Off","Off","Off","1","0","Off","0","0","0","0","0","0"
"67","KLLCT NETAC1","444.85000","449.85000","D-Digital","High","12.5K","Off","Off","NETAC1","Group Call","8801","KC1JMH / Brad Br","Always","Carrier","Off","1","1","1","Off","1","1","None","None","Off","Off","Off","Off","Normal Encryption","Off","Off","Off","Off","251.1","1","Off","Off","Off","Off","Off","Off","1","0","Off","0","0","0","0","0","0"
"68","KLLCT TAC310","444.85000","449.85000","D-Digital","High","12.5K","Off","Off","TAC310","Group Call","310","KC1JMH / Brad Br","Always","Carrier","Off","1","1","1","Off","1","1","None","None","Off","Off","Off","Off","Normal Encryption","Off","Off","Off","Off","251.1","1","Off","Off","Off","Off","Off","Off","1","0","Off","0","0","0","0","0","0"
"69","KLLCT TAC311","444.85000","449.85000","D-Digital","High","12.5K","Off","Off","TAC311","Group Call","311","KC1JMH / Brad Br","Always","Carrier","Off","1","1","1","Off","1","1","None","None","Off","Off","Off","Off","Normal Encryption","Off","Off","Off","Off","251.1","1","Off","Off","Off","Off","Off","Off","1","0","Off","0","0","0","0","0","0"
"70","KLLCT Northeast","444.85000","449.85000","D-Digital","High","12.5K","Off","Off","Northeast","Group Call","3172","KC1JMH / Brad Br","Always","Carrier","Off","1","1","1","Off","1","1","None","None","Off","Off","Off","Off","Normal Encryption","Off","Off","Off","Off","251.1","1","Off","Off","Off","Off","Off","Off","1","0","Off","0","0","0","0","0","0"
"71","KLLCT SKYWARN","444.85000","449.85000","D-Digital","High","12.5K","Off","Off","SKYWARN","Group Call","759","KC1JMH / Brad Br","Always","Carrier","Off","1","1","1","Off","1","1","None","None","Off","Off","Off","Off","Normal Encryption","Off","Off","Off","Off","251.1","1","Off","Off","Off","Off","Off","Off","1","0","Off","0","0","0","0","0","0"
"72","KLLCT Parrot","444.85000","449.85000","D-Digital","High","12.5K","Off","Off","Parrot","Group Call","9998","KC1JMH / Brad Br","Always","Carrier","Off","1","1","1","Off","1","1","None","None","Off","Off","Off","Off","Normal Encryption","Off","Off","Off","Off","251.1","1","Off","Off","Off","Off","Off","Off","1","0","Off","0","0","0","0","0","0"
"73","NRTCT Local","449.47500","444.47500","D-Digital","High","12.5K","Off","Off","Local","Group Call","9","KC1JMH / Brad Br","Always","Carrier","Off","1","1","1","Off","1","2","None","None","Off","Off","Off","Off","Normal Encryption","Off","Off","Off","Off","251.1","1","Off","Off","Off","Off","Off","Off","1","0","Off","0","0","0","0","0","0"
"74","NRTCT CT SW","449.47500","444.47500","D-Digital","High","12.5K","Off","Off","CT Statewide","Group Call","3109","KC1JMH / Brad Br","Always","Carrier","Off","1","1","1","Off","1","2","None","None","Off","Off","Off","Off","Normal Encryption","Off","Off","Off","Off","251.1","1","Off","Off","Off","Off","Off","Off","1","0","Off","0","0","0","0","0","0"
"75","NRTCT MA SW","449.47500","444.47500","D-Digital","High","12.5K","Off","Off","MA Statewide","Group Call","3125","KC1JMH / Brad Br","Always","Carrier","Off","1","1","1","Off","1","1","None","None","Off","Off","Off","Off","Normal Encryption","Off","Off","Off","Off","251.1","1","Off","Off","Off","Off","Off","Off","1","0","Off","0","0","0","0","0","0"
"76","NRTCT NE Wide","449.47500","444.47500","D-Digital","High","12.5K","Off","Off","New England-Wide","Group Call","3181","KC1JMH / Brad Br","Always","Carrier","Off","1","1","1","Off","1","2","None","None","Off","Off","Off","Off","Normal Encryption","Off","Off","Off","Off","251.1","1","Off","Off","Off","Off","Off","Off","1","0","Off","0","0","0","0","0","0"
"77","NRTCT NETAC2","449.47500","444.47500","D-Digital","High","12.5K","Off","Off","NETAC2","Group Call","8802","KC1JMH / Brad Br","Always","Carrier","Off","1","1","1","Off","1","2","None","None","Off","Off","Off","Off","Normal Encryption","Off","Off","Off","Off","251.1","1","Off","Off","Off","Off","Off","Off","1","0","Off","0","0","0","0","0","0"
"78","NRTCT NETAC1","449.47500","444.47500","D-Digital","High","12.5K","Off","Off","NETAC1","Group Call","8801","KC1JMH / Brad Br","Always","Carrier","Off","1","1","1","Off","1","1","None","None","Off","Off","Off","Off","Normal Encryption","Off","Off","Off","Off","251.1","1","Off","Off","Off","Off","Off","Off","1","0","Off","0","0","0","0","0","0"
"79","NRTCT TAC310","449.47500","444.47500","D-Digital","High","12.5K","Off","Off","TAC310","Group Call","310","KC1JMH / Brad Br","Always","Carrier","Off","1","1","1","Off","1","1","None","None","Off","Off","Off","Off","Normal Encryption","Off","Off","Off","Off","251.1","1","Off","Off","Off","Off","Off","Off","1","0","Off","0","0","0","0","0","0"
"80","NRTCT TAC311","449.47500","444.47500","D-Digital","High","12.5K","Off","Off","TAC311","Group Call","311","KC1JMH / Brad Br","Always","Carrier","Off","1","1","1","Off","1","1","None","None","Off","Off","Off","Off","Normal Encryption","Off","Off","Off","Off","251.1","1","Off","Off","Off","Off","Off","Off","1","0","Off","0","0","0","0","0","0"
"81","NRTCT Northeast","449.47500","444.47500","D-Digital","High","12.5K","Off","Off","Northeast","Group Call","3172","KC1JMH / Brad Br","Always","Carrier","Off","1","1","1","Off","1","1","None","None","Off","Off","Off","Off","Normal Encryption","Off","Off","Off","Off","251.1","1","Off","Off","Off","Off","Off","Off","1","0","Off","0","0","0","0","0","0"
"82","NRTCT North Am","449.47500","444.47500","D-Digital","High","12.5K","Off","Off","North America","Group Call","3","KC1JMH / Brad Br","Always","Carrier","Off","1","1","1","Off","1","1","None","None","Off","Off","Off","Off","Normal Encryption","Off","Off","Off","Off","251.1","1","Off","Off","Off","Off","Off","Off","1","0","Off","0","0","0","0","0","0"
"83","NRTCT WW Eng","449.47500","444.47500","D-Digital","High","12.5K","Off","Off","WW English","Group Call","13","KC1JMH / Brad Br","Always","Carrier","Off","1","1","1","Off","1","1","None","None","Off","Off","Off","Off","Normal Encryption","Off","Off","Off","Off","251.1","1","Off","Off","Off","Off","Off","Off","1","0","Off","0","0","0","0","0","0"
"84","NRTCT WW","449.47500","444.47500","D-Digital","High","12.5K","Off","Off","WW Call","Group Call","1","KC1JMH / Brad Br","Always","Carrier","Off","1","1","1","Off","1","1","None","None","Off","Off","Off","Off","Normal Encryption","Off","Off","Off","Off","251.1","1","Off","Off","Off","Off","Off","Off","1","0","Off","0","0","0","0","0","0"
"85","NRTCT SKYWARN","449.47500","444.47500","D-Digital","High","12.5K","Off","Off","SKYWARN","Group Call","759","KC1JMH / Brad Br","Always","Carrier","Off","1","1","1","Off","1","1","None","None","Off","Off","Off","Off","Normal Encryption","Off","Off","Off","Off","251.1","1","Off","Off","Off","Off","Off","Off","1","0","Off","0","0","0","0","0","0"
"86","NRTCT Parrot","449.47500","444.47500","D-Digital","High","12.5K","Off","Off","Parrot","Group Call","9998","KC1JMH / Brad Br","Always","Carrier","Off","1","1","1","Off","1","1","None","None","Off","Off","Off","Off","Normal Encryption","Off","Off","Off","Off","251.1","1","Off","Off","Off","Off","Off","Off","1","0","Off","0","0","0","0","0","0"
"87","NRWCT Local","448.07500","443.07500","D-Digital","High","12.5K","Off","Off","Local","Group Call","9","KC1JMH / Brad Br","Always","Carrier","Off","1","1","1","Off","1","2","None","None","Off","Off","Off","Off","Normal Encryption","Off","Off","Off","Off","251.1","1","Off","Off","Off","Off","Off","Off","1","0","Off","0","0","0","0","0","0"
"88","NRWCT CT SW","448.07500","443.07500","D-Digital","High","12.5K","Off","Off","CT Statewide","Group Call","3109","KC1JMH / Brad Br","Always","Carrier","Off","1","1","1","Off","1","2","None","None","Off","Off","Off","Off","Normal Encryption","Off","Off","Off","Off","251.1","1","Off","Off","Off","Off","Off","Off","1","0","Off","0","0","0","0","0","0"
"89","NRWCT MA SW","448.07500","443.07500","D-Digital","High","12.5K","Off","Off","MA Statewide","Group Call","3125","KC1JMH / Brad Br","Always","Carrier","Off","1","1","1","Off","1","1","None","None","Off","Off","Off","Off","Normal Encryption","Off","Off","Off","Off","251.1","1","Off","Off","Off","Off","Off","Off","1","0","Off","0","0","0","0","0","0"
"90","NRWCT NE Wide","448.07500","443.07500","D-Digital","High","12.5K","Off","Off","New England-Wide","Group Call","3181","KC1JMH / Brad Br","Always","Carrier","Off","1","1","1","Off","1","2","None","None","Off","Off","Off","Off","Normal Encryption","Off","Off","Off","Off","251.1","1","Off","Off","Off","Off","Off","Off","1","0","Off","0","0","0","0","0","0"
"91","NRWCT NETAC2","448.07500","443.07500","D-Digital","High","12.5K","Off","Off","NETAC2","Group Call","8802","KC1JMH / Brad Br","Always","Carrier","Off","1","1","1","Off","1","2","None","None","Off","Off","Off","Off","Normal Encryption","Off","Off","Off","Off","251.1","1","Off","Off","Off","Off","Off","Off","1","0","Off","0","0","0","0","0","0"
"92","NRWCT NETAC1","448.07500","443.07500","D-Digital","High","12.5K","Off","Off","NETAC1","Group Call","8801","KC1JMH / Brad Br","Always","Carrier","Off","1","1","1","Off","1","1","None","None","Off","Off","Off","Off","Normal Encryption","Off","Off","Off","Off","251.1","1","Off","Off","Off","Off","Off","Off","1","0","Off","0","0","0","0","0","0"
"93","NRWCT TAC310","448.07500","443.07500","D-Digital","High","12.5K","Off","Off","TAC310","Group Call","310","KC1JMH / Brad Br","Always","Carrier","Off","1","1","1","Off","1","1","None","None","Off","Off","Off","Off","Normal Encryption","Off","Off","Off","Off","251.1","1","Off","Off","Off","Off","Off","Off","1","0","Off","0","0","0","0","0","0"
"94","NRWCT TAC311","448.07500","443.07500","D-Digital","High","12.5K","Off","Off","TAC311","Group Call","311","KC1JMH / Brad Br","Always","Carrier","Off","1","1","1","Off","1","1","None","None","Off","Off","Off","Off","Normal Encryption","Off","Off","Off","Off","251.1","1","Off","Off","Off","Off","Off","Off","1","0","Off","0","0","0","0","0","0"
"95","NRWCT Northeast","448.07500","443.07500","D-Digital","High","12.5K","Off","Off","Northeast","Group Call","3172","KC1JMH / Brad Br","Always","Carrier","Off","1","1","1","Off","1","1","None","None","Off","Off","Off","Off","Normal Encryption","Off","Off","Off","Off","251.1","1","Off","Off","Off","Off","Off","Off","1","0","Off","0","0","0","0","0","0"
"96","NRWCT North Am","448.07500","443.07500","D-Digital","High","12.5K","Off","Off","North America","Group Call","3","KC1JMH / Brad Br","Always","Carrier","Off","1","1","1","Off","1","1","None","None","Off","Off","Off","Off","Normal Encryption","Off","Off","Off","Off","251.1","1","Off","Off","Off","Off","Off","Off","1","0","Off","0","0","0","0","0","0"
"97","NRWCT WW Eng","448.07500","443.07500","D-Digital","High","12.5K","Off","Off","WW English","Group Call","13","KC1JMH / Brad Br","Always","Carrier","Off","1","1","1","Off","1","1","None","None","Off","Off","Off","Off","Normal Encryption","Off","Off","Off","Off","251.1","1","Off","Off","Off","Off","Off","Off","1","0","Off","0","0","0","0","0","0"
"98","NRWCT WW","448.07500","443.07500","D-Digital","High","12.5K","Off","Off","WW Call","Group Call","1","KC1JMH / Brad Br","Always","Carrier","Off","1","1","1","Off","1","1","None","None","Off","Off","Off","Off","Normal Encryption","Off","Off","Off","Off","251.1","1","Off","Off","Off","Off","Off","Off","1","0","Off","0","0","0","0","0","0"
"99","NRWCT SKYWARN","448.07500","443.07500","D-Digital","High","12.5K","Off","Off","SKYWARN","Group Call","759","KC1JMH / Brad Br","Always","Carrier","Off","1","1","1","Off","1","1","None","None","Off","Off","Off","Off","Normal Encryption","Off","Off","Off","Off","251.1","1","Off","Off","Off","Off","Off","Off","1","0","Off","0","0","0","0","0","0"
"100","NRWCT Parrot","448.07500","443.07500","D-Digital","High","12.5K","Off","Off","Parrot","Group Call","9998","KC1JMH / Brad Br","Always","Carrier","Off","1","1","1","Off","1","1","None","None","Off","Off","Off","Off","Normal Encryption","Off","Off","Off","Off","251.1","1","Off","Off","Off","Off","Off","Off","1","0","Off","0","0","0","0","0","0"
"101","MONCT Local","444.40000","449.40000","D-Digital","High","12.5K","Off","Off","Local","Group Call","9","KC1JMH / Brad Br","Always","Carrier","Off","1","1","1","Off","3","2","None","None","Off","Off","Off","Off","Normal Encryption","Off","Off","Off","Off","251.1","1","Off","Off","Off","Off","Off","Off","1","0","Off","0","0","0","0","0","0"
"102","MONCT CT SW","444.40000","449.40000","D-Digital","High","12.5K","Off","Off","CT Statewide","Group Call","3109","KC1JMH / Brad Br","Always","Carrier","Off","1","1","1","Off","3","2","None","None","Off","Off","Off","Off","Normal Encryption","Off","Off","Off","Off","251.1","1","Off","Off","Off","Off","Off","Off","1","0","Off","0","0","0","0","0","0"
"103","MONCT MA SW","444.40000","449.40000","D-Digital","High","12.5K","Off","Off","MA Statewide","Group Call","3125","KC1JMH / Brad Br","Always","Carrier","Off","1","1","1","Off","3","1","None","None","Off","Off","Off","Off","Normal Encryption","Off","Off","Off","Off","251.1","1","Off","Off","Off","Off","Off","Off","1","0","Off","0","0","0","0","0","0"
"104","MONCT NE Wide","444.40000","449.40000","D-Digital","High","12.5K","Off","Off","New England-Wide","Group Call","3181","KC1JMH / Brad Br","Always","Carrier","Off","1","1","1","Off","3","2","None","None","Off","Off","Off","Off","Normal Encryption","Off","Off","Off","Off","251.1","1","Off","Off","Off","Off","Off","Off","1","0","Off","0","0","0","0","0","0"
"105","MONCT NETAC2","444.40000","449.40000","D-Digital","High","12.5K","Off","Off","NETAC2","Group Call","8802","KC1JMH / Brad Br","Always","Carrier","Off","1","1","1","Off","3","2","None","None","Off","Off","Off","Off","Normal Encryption","Off","Off","Off","Off","251.1","1","Off","Off","Off","Off","Off","Off","1","0","Off","0","0","0","0","0","0"
"106","MONCT NETAC1","444.40000","449.40000","D-Digital","High","12.5K","Off","Off","NETAC1","Group Call","8801","KC1JMH / Brad Br","Always","Carrier","Off","1","1","1","Off","3","1","None","None","Off","Off","Off","Off","Normal Encryption","Off","Off","Off","Off","251.1","1","Off","Off","Off","Off","Off","Off","1","0","Off","0","0","0","0","0","0"
"107","MONCT TAC310","444.40000","449.40000","D-Digital","High","12.5K","Off","Off","TAC310","Group Call","310","KC1JMH / Brad Br","Always","Carrier","Off","1","1","1","Off","3","1","None","None","Off","Off","Off","Off","Normal Encryption","Off","Off","Off","Off","251.1","1","Off","Off","Off","Off","Off","Off","1","0","Off","0","0","0","0","0","0"
"108","MONCT TAC311","444.40000","449.40000","D-Digital","High","12.5K","Off","Off","TAC311","Group Call","311","KC1JMH / Brad Br","Always","Carrier","Off","1","1","1","Off","3","1","None","None","Off","Off","Off","Off","Normal Encryption","Off","Off","Off","Off","251.1","1","Off","Off","Off","Off","Off","Off","1","0","Off","0","0","0","0","0","0"
"109","MONCT Northeast","444.40000","449.40000","D-Digital","High","12.5K","Off","Off","Northeast","Group Call","3172","KC1JMH / Brad Br","Always","Carrier","Off","1","1","1","Off","3","1","None","None","Off","Off","Off","Off","Normal Encryption","Off","Off","Off","Off","251.1","1","Off","Off","Off","Off","Off","Off","1","0","Off","0","0","0","0","0","0"
"110","MONCT North Am","444.40000","449.40000","D-Digital","High","12.5K","Off","Off","North America","Group Call","3","KC1JMH / Brad Br","Always","Carrier","Off","1","1","1","Off","3","1","None","None","Off","Off","Off","Off","Normal Encryption","Off","Off","Off","Off","251.1","1","Off","Off","Off","Off","Off","Off","1","0","Off","0","0","0","0","0","0"
"111","MONCT WW Eng","444.40000","449.40000","D-Digital","High","12.5K","Off","Off","WW English","Group Call","13","KC1JMH / Brad Br","Always","Carrier","Off","1","1","1","Off","3","1","None","None","Off","Off","Off","Off","Normal Encryption","Off","Off","Off","Off","251.1","1","Off","Off","Off","Off","Off","Off","1","0","Off","0","0","0","0","0","0"
"112","MONCT WW","444.40000","449.40000","D-Digital","High","12.5K","Off","Off","WW Call","Group Call","1","KC1JMH / Brad Br","Always","Carrier","Off","1","1","1","Off","3","1","None","None","Off","Off","Off","Off","Normal Encryption","Off","Off","Off","Off","251.1","1","Off","Off","Off","Off","Off","Off","1","0","Off","0","0","0","0","0","0"
"113","MONCT SKYWARN","444.40000","449.40000","D-Digital","High","12.5K","Off","Off","SKYWARN","Group Call","759","KC1JMH / Brad Br","Always","Carrier","Off","1","1","1","Off","3","1","None","None","Off","Off","Off","Off","Normal Encryption","Off","Off","Off","Off","251.1","1","Off","Off","Off","Off","Off","Off","1","0","Off","0","0","0","0","0","0"
"114","MONCT Parrot","444.40000","449.40000","D-Digital","High","12.5K","Off","Off","Parrot","Group Call","9998","KC1JMH / Brad Br","Always","Carrier","Off","1","1","1","Off","3","1","None","None","Off","Off","Off","Off","Normal Encryption","Off","Off","Off","Off","251.1","1","Off","Off","Off","Off","Off","Off","1","0","Off","0","0","0","0","0","0"
"115","PRSCT Local","448.17500","443.17500","D-Digital","High","12.5K","Off","Off","Local","Group Call","9","KC1JMH / Brad Br","Always","Carrier","Off","1","1","1","Off","1","2","None","None","Off","Off","Off","Off","Normal Encryption","Off","Off","Off","Off","251.1","1","Off","Off","Off","Off","Off","Off","1","0","Off","0","0","0","0","0","0"
"116","PRSCT CT SW","448.17500","443.17500","D-Digital","High","12.5K","Off","Off","CT Statewide","Group Call","3109","KC1JMH / Brad Br","Always","Carrier","Off","1","1","1","Off","1","2","None","None","Off","Off","Off","Off","Normal Encryption","Off","Off","Off","Off","251.1","1","Off","Off","Off","Off","Off","Off","1","0","Off","0","0","0","0","0","0"
"117","PRSCT MA SW","448.17500","443.17500","D-Digital","High","12.5K","Off","Off","MA Statewide","Group Call","3125","KC1JMH / Brad Br","Always","Carrier","Off","1","1","1","Off","1","1","None","None","Off","Off","Off","Off","Normal Encryption","Off","Off","Off","Off","251.1","1","Off","Off","Off","Off","Off","Off","1","0","Off","0","0","0","0","0","0"
"118","PRSCT NE Wide","448.17500","443.17500","D-Digital","High","12.5K","Off","Off","New England-Wide","Group Call","3181","KC1JMH / Brad Br","Always","Carrier","Off","1","1","1","Off","1","2","None","None","Off","Off","Off","Off","Normal Encryption","Off","Off","Off","Off","251.1","1","Off","Off","Off","Off","Off","Off","1","0","Off","0","0","0","0","0","0"
"119","PRSCT NETAC2","448.17500","443.17500","D-Digital","High","12.5K","Off","Off","NETAC2","Group Call","8802","KC1JMH / Brad Br","Always","Carrier","Off","1","1","1","Off","1","2","None","None","Off","Off","Off","Off","Normal Encryption","Off","Off","Off","Off","251.1","1","Off","Off","Off","Off","Off","Off","1","0","Off","0","0","0","0","0","0"
"120","PRSCT NETAC1","448.17500","443.17500","D-Digital","High","12.5K","Off","Off","NETAC1","Group Call","8801","KC1JMH / Brad Br","Always","Carrier","Off","1","1","1","Off","1","1","None","None","Off","Off","Off","Off","Normal Encryption","Off","Off","Off","Off","251.1","1","Off","Off","Off","Off","Off","Off","1","0","Off","0","0","0","0","0","0"
"121","PRSCT TAC310","448.17500","443.17500","D-Digital","High","12.5K","Off","Off","TAC310","Group Call","310","KC1JMH / Brad Br","Always","Carrier","Off","1","1","1","Off","1","1","None","None","Off","Off","Off","Off","Normal Encryption","Off","Off","Off","Off","251.1","1","Off","Off","Off","Off","Off","Off","1","0","Off","0","0","0","0","0","0"
"122","PRSCT TAC311","448.17500","443.17500","D-Digital","High","12.5K","Off","Off","TAC311","Group Call","311","KC1JMH / Brad Br","Always","Carrier","Off","1","1","1","Off","1","1","None","None","Off","Off","Off","Off","Normal Encryption","Off","Off","Off","Off","251.1","1","Off","Off","Off","Off","Off","Off","1","0","Off","0","0","0","0","0","0"
"123","PRSCT Northeast","448.17500","443.17500","D-Digital","High","12.5K","Off","Off","Northeast","Group Call","3172","KC1JMH / Brad Br","Always","Carrier","Off","1","1","1","Off","1","1","None","None","Off","Off","Off","Off","Normal Encryption","Off","Off","Off","Off","251.1","1","Off","Off","Off","Off","Off","Off","1","0","Off","0","0","0","0","0","0"
"124","PRSCT SKYWARN","448.17500","443.17500","D-Digital","High","12.5K","Off","Off","SKYWARN","Group Call","759","KC1JMH / Brad Br","Always","Carrier","Off","1","1","1","Off","1","1","None","None","Off","Off","Off","Off","Normal Encryption","Off","Off","Off","Off","251.1","1","Off","Off","Off","Off","Off","Off","1","0","Off","0","0","0","0","0","0"
"125","PRSCT Parrot","448.17500","443.17500","D-Digital","High","12.5K","Off","Off","Parrot","Group Call","9998","KC1JMH / Brad Br","Always","Carrier","Off","1","1","1","Off","1","1","None","None","Off","Off","Off","Off","Normal Encryption","Off","Off","Off","Off","251.1","1","Off","Off","Off","Off","Off","Off","1","0","Off","0","0","0","0","0","0"
"126","RCKCT Local","444.15000","844.65000","D-Digital","High","12.5K","Off","Off","Local","Group Call","9","KC1JMH / Brad Br","Always","Carrier","Off","1","1","1","Off","3","2","None","None","Off","Off","Off","Off","Normal Encryption","Off","Off","Off","Off","251.1","1","Off","Off","Off","Off","Off","Off","1","0","Off","0","0","0","0","0","0"
"127","RCKCT CT SW","444.15000","844.65000","D-Digital","High","12.5K","Off","Off","CT Statewide","Group Call","3109","KC1JMH / Brad Br","Always","Carrier","Off","1","1","1","Off","3","2","None","None","Off","Off","Off","Off","Normal Encryption","Off","Off","Off","Off","251.1","1","Off","Off","Off","Off","Off","Off","1","0","Off","0","0","0","0","0","0"
"128","RCKCT MA SW","444.15000","844.65000","D-Digital","High","12.5K","Off","Off","MA Statewide","Group Call","3125","KC1JMH / Brad Br","Always","Carrier","Off","1","1","1","Off","3","1","None","None","Off","Off","Off","Off","Normal Encryption","Off","Off","Off","Off","251.1","1","Off","Off","Off","Off","Off","Off","1","0","Off","0","0","0","0","0","0"
"129","RCKCT NE Wide","444.15000","844.65000","D-Digital","High","12.5K","Off","Off","New England-Wide","Group Call","3181","KC1JMH / Brad Br","Always","Carrier","Off","1","1","1","Off","3","2","None","None","Off","Off","Off","Off","Normal Encryption","Off","Off","Off","Off","251.1","1","Off","Off","Off","Off","Off","Off","1","0","Off","0","0","0","0","0","0"
"130","RCKCT NETAC2","444.15000","844.65000","D-Digital","High","12.5K","Off","Off","NETAC2","Group Call","8802","KC1JMH / Brad Br","Always","Carrier","Off","1","1","1","Off","3","2","None","None","Off","Off","Off","Off","Normal Encryption","Off","Off","Off","Off","251.1","1","Off","Off","Off","Off","Off","Off","1","0","Off","0","0","0","0","0","0"
"131","RCKCT NETAC1","444.15000","844.65000","D-Digital","High","12.5K","Off","Off","NETAC1","Group Call","8801","KC1JMH / Brad Br","Always","Carrier","Off","1","1","1","Off","3","1","None","None","Off","Off","Off","Off","Normal Encryption","Off","Off","Off","Off","251.1","1","Off","Off","Off","Off","Off","Off","1","0","Off","0","0","0","0","0","0"
"132","RCKCT TAC310","444.15000","844.65000","D-Digital","High","12.5K","Off","Off","TAC310","Group Call","310","KC1JMH / Brad Br","Always","Carrier","Off","1","1","1","Off","3","1","None","None","Off","Off","Off","Off","Normal Encryption","Off","Off","Off","Off","251.1","1","Off","Off","Off","Off","Off","Off","1","0","Off","0","0","0","0","0","0"
"133","RCKCT TAC311","444.15000","844.65000","D-Digital","High","12.5K","Off","Off","TAC311","Group Call","311","KC1JMH / Brad Br","Always","Carrier","Off","1","1","1","Off","3","1","None","None","Off","Off","Off","Off","Normal Encryption","Off","Off","Off","Off","251.1","1","Off","Off","Off","Off","Off","Off","1","0","Off","0","0","0","0","0","0"
"134","RCKCT Northeast","444.15000","844.65000","D-Digital","High","12.5K","Off","Off","Northeast","Group Call","3172","KC1JMH / Brad Br","Always","Carrier","Off","1","1","1","Off","3","1","None","None","Off","Off","Off","Off","Normal Encryption","Off","Off","Off","Off","251.1","1","Off","Off","Off","Off","Off","Off","1","0","Off","0","0","0","0","0","0"
"135","RCKCT North Am","444.15000","844.65000","D-Digital","High","12.5K","Off","Off","North America","Group Call","3","KC1JMH / Brad Br","Always","Carrier","Off","1","1","1","Off","3","1","None","None","Off","Off","Off","Off","Normal Encryption","Off","Off","Off","Off","251.1","1","Off","Off","Off","Off","Off","Off","1","0","Off","0","0","0","0","0","0"
"136","RCKCT WW Eng","444.15000","844.65000","D-Digital","High","12.5K","Off","Off","WW English","Group Call","13","KC1JMH / Brad Br","Always","Carrier","Off","1","1","1","Off","3","1","None","None","Off","Off","Off","Off","Normal Encryption","Off","Off","Off","Off","251.1","1","Off","Off","Off","Off","Off","Off","1","0","Off","0","0","0","0","0","0"
"137","RCKCT WW","444.15000","844.65000","D-Digital","High","12.5K","Off","Off","WW Call","Group Call","1","KC1JMH / Brad Br","Always","Carrier","Off","1","1","1","Off","3","1","None","None","Off","Off","Off","Off","Normal Encryption","Off","Off","Off","Off","251.1","1","Off","Off","Off","Off","Off","Off","1","0","Off","0","0","0","0","0","0"
"138","RCKCT SKYWARN","444.15000","844.65000","D-Digital","High","12.5K","Off","Off","SKYWARN","Group Call","759","KC1JMH / Brad Br","Always","Carrier","Off","1","1","1","Off","3","1","None","None","Off","Off","Off","Off","Normal Encryption","Off","Off","Off","Off","251.1","1","Off","Off","Off","Off","Off","Off","1","0","Off","0","0","0","0","0","0"
"139","RCKCT Parrot","444.15000","844.65000","D-Digital","High","12.5K","Off","Off","Parrot","Group Call","9998","KC1JMH / Brad Br","Always","Carrier","Off","1","1","1","Off","3","1","None","None","Off","Off","Off","Off","Normal Encryption","Off","Off","Off","Off","251.1","1","Off","Off","Off","Off","Off","Off","1","0","Off","0","0","0","0","0","0"
"140","SEYCT Local","442.90000","447.90000","D-Digital","High","12.5K","Off","Off","Local","Group Call","9","KC1JMH / Brad Br","Always","Carrier","Off","1","1","1","Off","1","2","None","None","Off","Off","Off","Off","Normal Encryption","Off","Off","Off","Off","251.1","1","Off","Off","Off","Off","Off","Off","1","0","Off","0","0","0","0","0","0"
"141","SEYCT CT SW","442.90000","447.90000","D-Digital","High","12.5K","Off","Off","CT Statewide","Group Call","3109","KC1JMH / Brad Br","Always","Carrier","Off","1","1","1","Off","1","2","None","None","Off","Off","Off","Off","Normal Encryption","Off","Off","Off","Off","251.1","1","Off","Off","Off","Off","Off","Off","1","0","Off","0","0","0","0","0","0"
"142","SEYCT MA SW","442.90000","447.90000","D-Digital","High","12.5K","Off","Off","MA Statewide","Group Call","3125","KC1JMH / Brad Br","Always","Carrier","Off","1","1","1","Off","1","1","None","None","Off","Off","Off","Off","Normal Encryption","Off","Off","Off","Off","251.1","1","Off","Off","Off","Off","Off","Off","1","0","Off","0","0","0","0","0","0"
"143","SEYCT NE Wide","442.90000","447.90000","D-Digital","High","12.5K","Off","Off","New England-Wide","Group Call","3181","KC1JMH / Brad Br","Always","Carrier","Off","1","1","1","Off","1","2","None","None","Off","Off","Off","Off","Normal Encryption","Off","Off","Off","Off","251.1","1","Off","Off","Off","Off","Off","Off","1","0","Off","0","0","0","0","0","0"
"144","SEYCT NETAC2","442.90000","447.90000","D-Digital","High","12.5K","Off","Off","NETAC2","Group Call","8802","KC1JMH / Brad Br","Always","Carrier","Off","1","1","1","Off","1","2","None","None","Off","Off","Off","Off","Normal Encryption","Off","Off","Off","Off","251.1","1","Off","Off","Off","Off","Off","Off","1","0","Off","0","0","0","0","0","0"
"145","SEYCT NETAC1","442.90000","447.90000","D-Digital","High","12.5K","Off","Off","NETAC1","Group Call","8801","KC1JMH / Brad Br","Always","Carrier","Off","1","1","1","Off","1","1","None","None","Off","Off","Off","Off","Normal Encryption","Off","Off","Off","Off","251.1","1","Off","Off","Off","Off","Off","Off","1","0","Off","0","0","0","0","0","0"
"146","SEYCT TAC310","442.90000","447.90000","D-Digital","High","12.5K","Off","Off","TAC310","Group Call","310","KC1JMH / Brad Br","Always","Carrier","Off","1","1","1","Off","1","1","None","None","Off","Off","Off","Off","Normal Encryption","Off","Off","Off","Off","251.1","1","Off","Off","Off","Off","Off","Off","1","0","Off","0","0","0","0","0","0"
"147","SEYCT TAC311","442.90000","447.90000","D-Digital","High","12.5K","Off","Off","TAC311","Group Call","311","KC1JMH / Brad Br","Always","Carrier","Off","1","1","1","Off","1","1","None","None","Off","Off","Off","Off","Normal Encryption","Off","Off","Off","Off","251.1","1","Off","Off","Off","Off","Off","Off","1","0","Off","0","0","0","0","0","0"
"148","SEYCT Northeast","442.90000","447.90000","D-Digital","High","12.5K","Off","Off","Northeast","Group Call","3172","KC1JMH / Brad Br","Always","Carrier","Off","1","1","1","Off","1","1","None","None","Off","Off","Off","Off","Normal Encryption","Off","Off","Off","Off","251.1","1","Off","Off","Off","Off","Off","Off","1","0","Off","0","0","0","0","0","0"
"149","SEYCT North Am","442.90000","447.90000","D-Digital","High","12.5K","Off","Off","North America","Group Call","3","KC1JMH / Brad Br","Always","Carrier","Off","1","1","1","Off","1","1","None","None","Off","Off","Off","Off","Normal Encryption","Off","Off","Off","Off","251.1","1","Off","Off","Off","Off","Off","Off","1","0","Off","0","0","0","0","0","0"
"150","SEYCT WW Eng","442.90000","447.90000","D-Digital","High","12.5K","Off","Off","WW English","Group Call","13","KC1JMH / Brad Br","Always","Carrier","Off","1","1","1","Off","1","1","None","None","Off","Off","Off","Off","Normal Encryption","Off","Off","Off","Off","251.1","1","Off","Off","Off","Off","Off","Off","1","0","Off","0","0","0","0","0","0"
"151","SEYCT WW","442.90000","447.90000","D-Digital","High","12.5K","Off","Off","WW Call","Group Call","1","KC1JMH / Brad Br","Always","Carrier","Off","1","1","1","Off","1","1","None","None","Off","Off","Off","Off","Normal Encryption","Off","Off","Off","Off","251.1","1","Off","Off","Off","Off","Off","Off","1","0","Off","0","0","0","0","0","0"
"152","SEYCT SKYWARN","442.90000","447.90000","D-Digital","High","12.5K","Off","Off","SKYWARN","Group Call","759","KC1JMH / Brad Br","Always","Carrier","Off","1","1","1","Off","1","1","None","None","Off","Off","Off","Off","Normal Encryption","Off","Off","Off","Off","251.1","1","Off","Off","Off","Off","Off","Off","1","0","Off","0","0","0","0","0","0"
"153","SEYCT Parrot","442.90000","447.90000","D-Digital","High","12.5K","Off","Off","Parrot","Group Call","9998","KC1JMH / Brad Br","Always","Carrier","Off","1","1","1","Off","1","1","None","None","Off","Off","Off","Off","Normal Encryption","Off","Off","Off","Off","251.1","1","Off","Off","Off","Off","Off","Off","1","0","Off","0","0","0","0","0","0"
"154","AUGME Local","145.17000","144.57000","D-Digital","High","12.5K","Off","Off","Local","Group Call","9","KC1JMH / Brad Br","Always","Carrier","Off","1","1","1","Off","12","2","None","None","Off","Off","Off","Off","Normal Encryption","Off","Off","Off","Off","251.1","1","Off","Off","Off","Off","Off","Off","1","0","Off","0","0","0","0","0","0"
"155","AUGME ME SW","145.17000","144.57000","D-Digital","High","12.5K","Off","Off","ME Statewide","Group Call","3123","KC1JMH / Brad Br","Always","Carrier","Off","1","1","1","Off","12","2","None","None","Off","Off","Off","Off","Normal Encryption","Off","Off","Off","Off","251.1","1","Off","Off","Off","Off","Off","Off","1","0","Off","0","0","0","0","0","0"
"156","AUGME NH SW","145.17000","144.57000","D-Digital","High","12.5K","Off","Off","NH Statewide","Group Call","3133","KC1JMH / Brad Br","Always","Carrier","Off","1","1","1","Off","12","2","None","None","Off","Off","Off","Off","Normal Encryption","Off","Off","Off","Off","251.1","1","Off","Off","Off","Off","Off","Off","1","0","Off","0","0","0","0","0","0"
"157","AUGME Reg North","145.17000","144.57000","D-Digital","High","12.5K","Off","Off","Region North","Group Call","8","KC1JMH / Brad Br","Always","Carrier","Off","1","1","1","Off","12","2","None","None","Off","Off","Off","Off","Normal Encryption","Off","Off","Off","Off","251.1","1","Off","Off","Off","Off","Off","Off","1","0","Off","0","0","0","0","0","0"
"158","AUGME NE Wide","145.17000","144.57000","D-Digital","High","12.5K","Off","Off","New England-Wide","Group Call","3181","KC1JMH / Brad Br","Always","Carrier","Off","1","1","1","Off","12","2","None","None","Off","Off","Off","Off","Normal Encryption","Off","Off","Off","Off","251.1","1","Off","Off","Off","Off","Off","Off","1","0","Off","0","0","0","0","0","0"
"159","AUGME NETAC2","145.17000","144.57000","D-Digital","High","12.5K","Off","Off","NETAC2","Group Call","8802","KC1JMH / Brad Br","Always","Carrier","Off","1","1","1","Off","12","2","None","None","Off","Off","Off","Off","Normal Encryption","Off","Off","Off","Off","251.1","1","Off","Off","Off","Off","Off","Off","1","0","Off","0","0","0","0","0","0"
"160","AUGME NETAC1","145.17000","144.57000","D-Digital","High","12.5K","Off","Off","NETAC1","Group Call","8801","KC1JMH / Brad Br","Always","Carrier","Off","1","1","1","Off","12","1","None","None","Off","Off","Off","Off","Normal Encryption","Off","Off","Off","Off","251.1","1","Off","Off","Off","Off","Off","Off","1","0","Off","0","0","0","0","0","0"
"161","AUGME UA Eng1","145.17000","144.57000","D-Digital","High","12.5K","Off","Off","UA English 1-113","Group Call","113","KC1JMH / Brad Br","Always","Carrier","Off","1","1","1","Off","12","1","None","None","Off","Off","Off","Off","Normal Encryption","Off","Off","Off","Off","251.1","1","Off","Off","Off","Off","Off","Off","1","0","Off","0","0","0","0","0","0"
"162","AUGME UA Eng2","145.17000","144.57000","D-Digital","High","12.5K","Off","Off","UA English 2-123","Group Call","123","KC1JMH / Brad Br","Always","Carrier","Off","1","1","1","Off","12","1","None","None","Off","Off","Off","Off","Normal Encryption","Off","Off","Off","Off","251.1","1","Off","Off","Off","Off","Off","Off","1","0","Off","0","0","0","0","0","0"
"163","AUGME TAC310","145.17000","144.57000","D-Digital","High","12.5K","Off","Off","TAC310","Group Call","310","KC1JMH / Brad Br","Always","Carrier","Off","1","1","1","Off","12","1","None","None","Off","Off","Off","Off","Normal Encryption","Off","Off","Off","Off","251.1","1","Off","Off","Off","Off","Off","Off","1","0","Off","0","0","0","0","0","0"
"164","AUGME TAC311","145.17000","144.57000","D-Digital","High","12.5K","Off","Off","TAC311","Group Call","311","KC1JMH / Brad Br","Always","Carrier","Off","1","1","1","Off","12","1","None","None","Off","Off","Off","Off","Normal Encryption","Off","Off","Off","Off","251.1","1","Off","Off","Off","Off","Off","Off","1","0","Off","0","0","0","0","0","0"
"165","AUGME Northeast","145.17000","144.57000","D-Digital","High","12.5K","Off","Off","Northeast","Group Call","3172","KC1JMH / Brad Br","Always","Carrier","Off","1","1","1","Off","12","1","None","None","Off","Off","Off","Off","Normal Encryption","Off","Off","Off","Off","251.1","1","Off","Off","Off","Off","Off","Off","1","0","Off","0","0","0","0","0","0"
"166","AUGME North Am","145.17000","144.57000","D-Digital","High","12.5K","Off","Off","North America","Group Call","3","KC1JMH / Brad Br","Always","Carrier","Off","1","1","1","Off","12","1","None","None","Off","Off","Off","Off","Normal Encryption","Off","Off","Off","Off","251.1","1","Off","Off","Off","Off","Off","Off","1","0","Off","0","0","0","0","0","0"
"167","AUGME WW Eng","145.17000","144.57000","D-Digital","High","12.5K","Off","Off","WW English","Group Call","13","KC1JMH / Brad Br","Always","Carrier","Off","1","1","1","Off","12","1","None","None","Off","Off","Off","Off","Normal Encryption","Off","Off","Off","Off","251.1","1","Off","Off","Off","Off","Off","Off","1","0","Off","0","0","0","0","0","0"
"168","AUGME WW","145.17000","144.57000","D-Digital","High","12.5K","Off","Off","WW Call","Group Call","1","KC1JMH / Brad Br","Always","Carrier","Off","1","1","1","Off","12","1","None","None","Off","Off","Off","Off","Normal Encryption","Off","Off","Off","Off","251.1","1","Off","Off","Off","Off","Off","Off","1","0","Off","0","0","0","0","0","0"
"169","AUGME SKYWARN","145.17000","144.57000","D-Digital","High","12.5K","Off","Off","SKYWARN","Group Call","759","KC1JMH / Brad Br","Always","Carrier","Off","1","1","1","Off","12","1","None","None","Off","Off","Off","Off","Normal Encryption","Off","Off","Off","Off","251.1","1","Off","Off","Off","Off","Off","Off","1","0","Off","0","0","0","0","0","0"
"170","AUGME Parrot","145.17000","144.57000","D-Digital","High","12.5K","Off","Off","Parrot","Group Call","9998","KC1JMH / Brad Br","Always","Carrier","Off","1","1","1","Off","12","1","None","None","Off","Off","Off","Off","Normal Encryption","Off","Off","Off","Off","251.1","1","Off","Off","Off","Off","Off","Off","1","0","Off","0","0","0","0","0","0"
"171","BBYME Local","145.20000","144.60000","D-Digital","High","12.5K","Off","Off","Local","Group Call","9","KC1JMH / Brad Br","Always","Carrier","Off","1","1","1","Off","12","2","None","None","Off","Off","Off","Off","Normal Encryption","Off","Off","Off","Off","251.1","1","Off","Off","Off","Off","Off","Off","1","0","Off","0","0","0","0","0","0"
"172","BBYME ME SW","145.20000","144.60000","D-Digital","High","12.5K","Off","Off","ME Statewide","Group Call","3123","KC1JMH / Brad Br","Always","Carrier","Off","1","1","1","Off","12","2","None","None","Off","Off","Off","Off","Normal Encryption","Off","Off","Off","Off","251.1","1","Off","Off","Off","Off","Off","Off","1","0","Off","0","0","0","0","0","0"
"173","BBYME NH SW","145.20000","144.60000","D-Digital","High","12.5K","Off","Off","NH Statewide","Group Call","3133","KC1JMH / Brad Br","Always","Carrier","Off","1","1","1","Off","12","2","None","None","Off","Off","Off","Off","Normal Encryption","Off","Off","Off","Off","251.1","1","Off","Off","Off","Off","Off","Off","1","0","Off","0","0","0","0","0","0"
"174","BBYME Reg North","145.20000","144.60000","D-Digital","High","12.5K","Off","Off","Region North","Group Call","8","KC1JMH / Brad Br","Always","Carrier","Off","1","1","1","Off","12","2","None","None","Off","Off","Off","Off","Normal Encryption","Off","Off","Off","Off","251.1","1","Off","Off","Off","Off","Off","Off","1","0","Off","0","0","0","0","0","0"
"175","BBYME NE Wide","145.20000","144.60000","D-Digital","High","12.5K","Off","Off","New England-Wide","Group Call","3181","KC1JMH / Brad Br","Always","Carrier","Off","1","1","1","Off","12","2","None","None","Off","Off","Off","Off","Normal Encryption","Off","Off","Off","Off","251.1","1","Off","Off","Off","Off","Off","Off","1","0","Off","0","0","0","0","0","0"
"176","BBYME NETAC2","145.20000","144.60000","D-Digital","High","12.5K","Off","Off","NETAC2","Group Call","8802","KC1JMH / Brad Br","Always","Carrier","Off","1","1","1","Off","12","2","None","None","Off","Off","Off","Off","Normal Encryption","Off","Off","Off","Off","251.1","1","Off","Off","Off","Off","Off","Off","1","0","Off","0","0","0","0","0","0"
"177","BBYME NETAC1","145.20000","144.60000","D-Digital","High","12.5K","Off","Off","NETAC1","Group Call","8801","KC1JMH / Brad Br","Always","Carrier","Off","1","1","1","Off","12","1","None","None","Off","Off","Off","Off","Normal Encryption","Off","Off","Off","Off","251.1","1","Off","Off","Off","Off","Off","Off","1","0","Off","0","0","0","0","0","0"
"178","BBYME UA Eng1","145.20000","144.60000","D-Digital","High","12.5K","Off","Off","UA English 1-113","Group Call","113","KC1JMH / Brad Br","Always","Carrier","Off","1","1","1","Off","12","1","None","None","Off","Off","Off","Off","Normal Encryption","Off","Off","Off","Off","251.1","1","Off","Off","Off","Off","Off","Off","1","0","Off","0","0","0","0","0","0"
"179","BBYME UA Eng2","145.20000","144.60000","D-Digital","High","12.5K","Off","Off","UA English 2-123","Group Call","123","KC1JMH / Brad Br","Always","Carrier","Off","1","1","1","Off","12","1","None","None","Off","Off","Off","Off","Normal Encryption","Off","Off","Off","Off","251.1","1","Off","Off","Off","Off","Off","Off","1","0","Off","0","0","0","0","0","0"
"180","BBYME TAC310","145.20000","144.60000","D-Digital","High","12.5K","Off","Off","TAC310","Group Call","310","KC1JMH / Brad Br","Always","Carrier","Off","1","1","1","Off","12","1","None","None","Off","Off","Off","Off","Normal Encryption","Off","Off","Off","Off","251.1","1","Off","Off","Off","Off","Off","Off","1","0","Off","0","0","0","0","0","0"
"181","BBYME TAC311","145.20000","144.60000","D-Digital","High","12.5K","Off","Off","TAC311","Group Call","311","KC1JMH / Brad Br","Always","Carrier","Off","1","1","1","Off","12","1","None","None","Off","Off","Off","Off","Normal Encryption","Off","Off","Off","Off","251.1","1","Off","Off","Off","Off","Off","Off","1","0","Off","0","0","0","0","0","0"
"182","BBYME Northeast","145.20000","144.60000","D-Digital","High","12.5K","Off","Off","Northeast","Group Call","3172","KC1JMH / Brad Br","Always","Carrier","Off","1","1","1","Off","12","1","None","None","Off","Off","Off","Off","Normal Encryption","Off","Off","Off","Off","251.1","1","Off","Off","Off","Off","Off","Off","1","0","Off","0","0","0","0","0","0"
"183","BBYME North Am","145.20000","144.60000","D-Digital","High","12.5K","Off","Off","North America","Group Call","3","KC1JMH / Brad Br","Always","Carrier","Off","1","1","1","Off","12","1","None","None","Off","Off","Off","Off","Normal Encryption","Off","Off","Off","Off","251.1","1","Off","Off","Off","Off","Off","Off","1","0","Off","0","0","0","0","0","0"
"184","BBYME WW Eng","145.20000","144.60000","D-Digital","High","12.5K","Off","Off","WW English","Group Call","13","KC1JMH / Brad Br","Always","Carrier","Off","1","1","1","Off","12","1","None","None","Off","Off","Off","Off","Normal Encryption","Off","Off","Off","Off","251.1","1","Off","Off","Off","Off","Off","Off","1","0","Off","0","0","0","0","0","0"
"185","BBYME WW","145.20000","144.60000","D-Digital","High","12.5K","Off","Off","WW Call","Group Call","1","KC1JMH / Brad Br","Always","Carrier","Off","1","1","1","Off","12","1","None","None","Off","Off","Off","Off","Normal Encryption","Off","Off","Off","Off","251.1","1","Off","Off","Off","Off","Off","Off","1","0","Off","0","0","0","0","0","0"
"186","BBYME SKYWARN","145.20000","144.60000","D-Digital","High","12.5K","Off","Off","SKYWARN","Group Call","759","KC1JMH / Brad Br","Always","Carrier","Off","1","1","1","Off","12","1","None","None","Off","Off","Off","Off","Normal Encryption","Off","Off","Off","Off","251.1","1","Off","Off","Off","Off","Off","Off","1","0","Off","0","0","0","0","0","0"
"187","BBYME Parrot","145.20000","144.60000","D-Digital","High","12.5K","Off","Off","Parrot","Group Call","9998","KC1JMH / Brad Br","Always","Carrier","Off","1","1","1","Off","12","1","None","None","Off","Off","Off","Off","Normal Encryption","Off","Off","Off","Off","251.1","1","Off","Off","Off","Off","Off","Off","1","0","Off","0","0","0","0","0","0"
"188","BKFME Local","145.32000","144.72000","D-Digital","High","12.5K","Off","Off","Local","Group Call","9","KC1JMH / Brad Br","Always","Carrier","Off","1","1","1","Off","12","2","None","None","Off","Off","Off","Off","Normal Encryption","Off","Off","Off","Off","251.1","1","Off","Off","Off","Off","Off","Off","1","0","Off","0","0","0","0","0","0"
"189","BKFME ME SW","145.32000","144.72000","D-Digital","Turbo","12.5K","Off","Off","ME Statewide","Group Call","3123","KC1JMH / Brad Br","Always","Carrier","Off","1","1","1","Off","12","2","Southern ME","None","Off","Off","Off","Off","Normal Encryption","Off","Off","Off","Off","251.1","1","Off","Off","Off","Off","Off","Off","1","0","Off","0","0","0","0","0","0"
"190","BKFME NH SW","145.32000","144.72000","D-Digital","High","12.5K","Off","Off","NH Statewide","Group Call","3133","KC1JMH / Brad Br","Always","Carrier","Off","1","1","1","Off","12","2","None","None","Off","Off","Off","Off","Normal Encryption","Off","Off","Off","Off","251.1","1","Off","Off","Off","Off","Off","Off","1","0","Off","0","0","0","0","0","0"
"191","BKFME Reg North","145.32000","144.72000","D-Digital","High","12.5K","Off","Off","Region North","Group Call","8","KC1JMH / Brad Br","Always","Carrier","Off","1","1","1","Off","12","2","None","None","Off","Off","Off","Off","Normal Encryption","Off","Off","Off","Off","251.1","1","Off","Off","Off","Off","Off","Off","1","0","Off","0","0","0","0","0","0"
"192","BKFME NE Wide","145.32000","144.72000","D-Digital","High","12.5K","Off","Off","New England-Wide","Group Call","3181","KC1JMH / Brad Br","Always","Carrier","Off","1","1","1","Off","12","2","None","None","Off","Off","Off","Off","Normal Encryption","Off","Off","Off","Off","251.1","1","Off","Off","Off","Off","Off","Off","1","0","Off","0","0","0","0","0","0"
"193","BKFME NETAC2","145.32000","144.72000","D-Digital","High","12.5K","Off","Off","NETAC2","Group Call","8802","KC1JMH / Brad Br","Always","Carrier","Off","1","1","1","Off","12","2","None","None","Off","Off","Off","Off","Normal Encryption","Off","Off","Off","Off","251.1","1","Off","Off","Off","Off","Off","Off","1","0","Off","0","0","0","0","0","0"
"194","BKFME NETAC1","145.32000","144.72000","D-Digital","High","12.5K","Off","Off","NETAC1","Group Call","8801","KC1JMH / Brad Br","Always","Carrier","Off","1","1","1","Off","12","1","None","None","Off","Off","Off","Off","Normal Encryption","Off","Off","Off","Off","251.1","1","Off","Off","Off","Off","Off","Off","1","0","Off","0","0","0","0","0","0"
"195","BKFME UA Eng1","145.32000","144.72000","D-Digital","High","12.5K","Off","Off","UA English 1-113","Group Call","113","KC1JMH / Brad Br","Always","Carrier","Off","1","1","1","Off","12","1","None","None","Off","Off","Off","Off","Normal Encryption","Off","Off","Off","Off","251.1","1","Off","Off","Off","Off","Off","Off","1","0","Off","0","0","0","0","0","0"
"196","BKFME UA Eng2","145.32000","144.72000","D-Digital","High","12.5K","Off","Off","UA English 2-123","Group Call","123","KC1JMH / Brad Br","Always","Carrier","Off","1","1","1","Off","12","1","None","None","Off","Off","Off","Off","Normal Encryption","Off","Off","Off","Off","251.1","1","Off","Off","Off","Off","Off","Off","1","0","Off","0","0","0","0","0","0"
"197","BKFME TAC310","145.32000","144.72000","D-Digital","High","12.5K","Off","Off","TAC310","Group Call","310","KC1JMH / Brad Br","Always","Carrier","Off","1","1","1","Off","12","1","None","None","Off","Off","Off","Off","Normal Encryption","Off","Off","Off","Off","251.1","1","Off","Off","Off","Off","Off","Off","1","0","Off","0","0","0","0","0","0"
"198","BKFME TAC311","145.32000","144.72000","D-Digital","High","12.5K","Off","Off","TAC311","Group Call","311","KC1JMH / Brad Br","Always","Carrier","Off","1","1","1","Off","12","1","None","None","Off","Off","Off","Off","Normal Encryption","Off","Off","Off","Off","251.1","1","Off","Off","Off","Off","Off","Off","1","0","Off","0","0","0","0","0","0"
"199","BKFME Northeast","145.32000","144.72000","D-Digital","High","12.5K","Off","Off","Northeast","Group Call","3172","KC1JMH / Brad Br","Always","Carrier","Off","1","1","1","Off","12","1","None","None","Off","Off","Off","Off","Normal Encryption","Off","Off","Off","Off","251.1","1","Off","Off","Off","Off","Off","Off","1","0","Off","0","0","0","0","0","0"
"200","BKFME North Am","145.32000","144.72000","D-Digital","High","12.5K","Off","Off","North America","Group Call","3","KC1JMH / Brad Br","Always","Carrier","Off","1","1","1","Off","12","1","None","None","Off","Off","Off","Off","Normal Encryption","Off","Off","Off","Off","251.1","1","Off","Off","Off","Off","Off","Off","1","0","Off","0","0","0","0","0","0"
"201","BKFME WW Eng","145.32000","144.72000","D-Digital","High","12.5K","Off","Off","WW English","Group Call","13","KC1JMH / Brad Br","Always","Carrier","Off","1","1","1","Off","12","1","None","None","Off","Off","Off","Off","Normal Encryption","Off","Off","Off","Off","251.1","1","Off","Off","Off","Off","Off","Off","1","0","Off","0","0","0","0","0","0"
"202","BKFME WW","145.32000","144.72000","D-Digital","High","12.5K","Off","Off","WW Call","Group Call","1","KC1JMH / Brad Br","Always","Carrier","Off","1","1","1","Off","12","1","None","None","Off","Off","Off","Off","Normal Encryption","Off","Off","Off","Off","251.1","1","Off","Off","Off","Off","Off","Off","1","0","Off","0","0","0","0","0","0"
"203","BKFME SKYWARN","145.32000","144.72000","D-Digital","High","12.5K","Off","Off","SKYWARN","Group Call","759","KC1JMH / Brad Br","Always","Carrier","Off","1","1","1","Off","12","1","None","None","Off","Off","Off","Off","Normal Encryption","Off","Off","Off","Off","251.1","1","Off","Off","Off","Off","Off","Off","1","0","Off","0","0","0","0","0","0"
"204","BKFME Parrot","145.32000","144.72000","D-Digital","High","12.5K","Off","Off","Parrot","Group Call","9998","KC1JMH / Brad Br","Always","Carrier","Off","1","1","1","Off","12","1","None","None","Off","Off","Off","Off","Normal Encryption","Off","Off","Off","Off","251.1","1","Off","Off","Off","Off","Off","Off","1","0","Off","0","0","0","0","0","0"
"205","CLSME Local","147.04500","147.64500","D-Digital","High","12.5K","Off","Off","Local","Group Call","9","KC1JMH / Brad Br","Always","Carrier","Off","1","1","1","Off","1","2","None","None","Off","Off","Off","Off","Normal Encryption","Off","Off","Off","Off","251.1","1","Off","Off","Off","Off","Off","Off","1","0","Off","0","0","0","0","0","0"
"206","CLSME ME SW","147.04500","147.64500","D-Digital","High","12.5K","Off","Off","ME Statewide","Group Call","3123","KC1JMH / Brad Br","Always","Carrier","Off","1","1","1","Off","1","2","None","None","Off","Off","Off","Off","Normal Encryption","Off","Off","Off","Off","251.1","1","Off","Off","Off","Off","Off","Off","1","0","Off","0","0","0","0","0","0"
"207","CLSME NH SW","147.04500","147.64500","D-Digital","High","12.5K","Off","Off","NH Statewide","Group Call","3133","KC1JMH / Brad Br","Always","Carrier","Off","1","1","1","Off","1","2","None","None","Off","Off","Off","Off","Normal Encryption","Off","Off","Off","Off","251.1","1","Off","Off","Off","Off","Off","Off","1","0","Off","0","0","0","0","0","0"
"208","CLSME Reg North","147.04500","147.64500","D-Digital","High","12.5K","Off","Off","Region North","Group Call","8","KC1JMH / Brad Br","Always","Carrier","Off","1","1","1","Off","1","2","None","None","Off","Off","Off","Off","Normal Encryption","Off","Off","Off","Off","251.1","1","Off","Off","Off","Off","Off","Off","1","0","Off","0","0","0","0","0","0"
"209","CLSME NE Wide","147.04500","147.64500","D-Digital","High","12.5K","Off","Off","New England-Wide","Group Call","3181","KC1JMH / Brad Br","Always","Carrier","Off","1","1","1","Off","1","2","None","None","Off","Off","Off","Off","Normal Encryption","Off","Off","Off","Off","251.1","1","Off","Off","Off","Off","Off","Off","1","0","Off","0","0","0","0","0","0"
"210","CLSME NEWBRNSWCK","147.04500","147.64500","D-Digital","High","12.5K","Off","Off","New Brunswick","Group Call","3029","KC1JMH / Brad Br","Always","Carrier","Off","1","1","1","Off","1","2","None","None","Off","Off","Off","Off","Normal Encryption","Off","Off","Off","Off","251.1","1","Off","Off","Off","Off","Off","Off","1","0","Off","0","0","0","0","0","0"
"211","CLSME NETAC2","147.04500","147.64500","D-Digital","High","12.5K","Off","Off","NETAC2","Group Call","8802","KC1JMH / Brad Br","Always","Carrier","Off","1","1","1","Off","1","2","None","None","Off","Off","Off","Off","Normal Encryption","Off","Off","Off","Off","251.1","1","Off","Off","Off","Off","Off","Off","1","0","Off","0","0","0","0","0","0"
"212","CLSME NETAC1","147.04500","147.64500","D-Digital","High","12.5K","Off","Off","NETAC1","Group Call","8801","KC1JMH / Brad Br","Always","Carrier","Off","1","1","1","Off","1","1","None","None","Off","Off","Off","Off","Normal Encryption","Off","Off","Off","Off","251.1","1","Off","Off","Off","Off","Off","Off","1","0","Off","0","0","0","0","0","0"
"213","CLSME UA Eng1","147.04500","147.64500","D-Digital","High","12.5K","Off","Off","UA English 1-113","Group Call","113","KC1JMH / Brad Br","Always","Carrier","Off","1","1","1","Off","1","1","None","None","Off","Off","Off","Off","Normal Encryption","Off","Off","Off","Off","251.1","1","Off","Off","Off","Off","Off","Off","1","0","Off","0","0","0","0","0","0"
"214","CLSME UA Eng2","147.04500","147.64500","D-Digital","High","12.5K","Off","Off","UA English 2-123","Group Call","123","KC1JMH / Brad Br","Always","Carrier","Off","1","1","1","Off","1","1","None","None","Off","Off","Off","Off","Normal Encryption","Off","Off","Off","Off","251.1","1","Off","Off","Off","Off","Off","Off","1","0","Off","0","0","0","0","0","0"
"215","CLSME TAC310","147.04500","147.64500","D-Digital","High","12.5K","Off","Off","TAC310","Group Call","310","KC1JMH / Brad Br","Always","Carrier","Off","1","1","1","Off","1","1","None","None","Off","Off","Off","Off","Normal Encryption","Off","Off","Off","Off","251.1","1","Off","Off","Off","Off","Off","Off","1","0","Off","0","0","0","0","0","0"
"216","CLSME TAC311","147.04500","147.64500","D-Digital","High","12.5K","Off","Off","TAC311","Group Call","311","KC1JMH / Brad Br","Always","Carrier","Off","1","1","1","Off","1","1","None","None","Off","Off","Off","Off","Normal Encryption","Off","Off","Off","Off","251.1","1","Off","Off","Off","Off","Off","Off","1","0","Off","0","0","0","0","0","0"
"217","CLSME Northeast","147.04500","147.64500","D-Digital","High","12.5K","Off","Off","Northeast","Group Call","3172","KC1JMH / Brad Br","Always","Carrier","Off","1","1","1","Off","1","1","None","None","Off","Off","Off","Off","Normal Encryption","Off","Off","Off","Off","251.1","1","Off","Off","Off","Off","Off","Off","1","0","Off","0","0","0","0","0","0"
"218","CLSME North Am","147.04500","147.64500","D-Digital","High","12.5K","Off","Off","North America","Group Call","3","KC1JMH / Brad Br","Always","Carrier","Off","1","1","1","Off","1","1","None","None","Off","Off","Off","Off","Normal Encryption","Off","Off","Off","Off","251.1","1","Off","Off","Off","Off","Off","Off","1","0","Off","0","0","0","0","0","0"
"219","CLSME WW Eng","147.04500","147.64500","D-Digital","High","12.5K","Off","Off","WW English","Group Call","13","KC1JMH / Brad Br","Always","Carrier","Off","1","1","1","Off","1","1","None","None","Off","Off","Off","Off","Normal Encryption","Off","Off","Off","Off","251.1","1","Off","Off","Off","Off","Off","Off","1","0","Off","0","0","0","0","0","0"
"220","CLSME WW","147.04500","147.64500","D-Digital","High","12.5K","Off","Off","WW Call","Group Call","1","KC1JMH / Brad Br","Always","Carrier","Off","1","1","1","Off","1","1","None","None","Off","Off","Off","Off","Normal Encryption","Off","Off","Off","Off","251.1","1","Off","Off","Off","Off","Off","Off","1","0","Off","0","0","0","0","0","0"
"221","CLSME SKYWARN","147.04500","147.64500","D-Digital","High","12.5K","Off","Off","SKYWARN","Group Call","759","KC1JMH / Brad Br","Always","Carrier","Off","1","1","1","Off","1","1","None","None","Off","Off","Off","Off","Normal Encryption","Off","Off","Off","Off","251.1","1","Off","Off","Off","Off","Off","Off","1","0","Off","0","0","0","0","0","0"
"222","CLSME  Parrot","147.04500","147.64500","D-Digital","High","12.5K","Off","Off","Parrot","Group Call","9998","KC1JMH / Brad Br","Always","Carrier","Off","1","1","1","Off","1","1","None","None","Off","Off","Off","Off","Normal Encryption","Off","Off","Off","Off","251.1","1","Off","Off","Off","Off","Off","Off","1","0","Off","0","0","0","0","0","0"
"223","CMDME Local","145.37000","144.77000","D-Digital","High","12.5K","Off","Off","Local","Group Call","9","KC1JMH / Brad Br","Always","Carrier","Off","1","1","1","Off","12","2","None","None","Off","Off","Off","Off","Normal Encryption","Off","Off","Off","Off","251.1","1","Off","Off","Off","Off","Off","Off","1","0","Off","0","0","0","0","0","0"
"224","CMDME ME SW","145.37000","144.77000","D-Digital","High","12.5K","Off","Off","ME Statewide","Group Call","3123","KC1JMH / Brad Br","Always","Carrier","Off","1","1","1","Off","12","2","None","None","Off","Off","Off","Off","Normal Encryption","Off","Off","Off","Off","251.1","1","Off","Off","Off","Off","Off","Off","1","0","Off","0","0","0","0","0","0"
"225","CMDME NH SW","145.37000","144.77000","D-Digital","High","12.5K","Off","Off","NH Statewide","Group Call","3133","KC1JMH / Brad Br","Always","Carrier","Off","1","1","1","Off","12","2","None","None","Off","Off","Off","Off","Normal Encryption","Off","Off","Off","Off","251.1","1","Off","Off","Off","Off","Off","Off","1","0","Off","0","0","0","0","0","0"
"226","CMDME Reg North","145.37000","144.77000","D-Digital","High","12.5K","Off","Off","Region North","Group Call","8","KC1JMH / Brad Br","Always","Carrier","Off","1","1","1","Off","12","2","None","None","Off","Off","Off","Off","Normal Encryption","Off","Off","Off","Off","251.1","1","Off","Off","Off","Off","Off","Off","1","0","Off","0","0","0","0","0","0"
"227","CMDME NE Wide","145.37000","144.77000","D-Digital","High","12.5K","Off","Off","New England-Wide","Group Call","3181","KC1JMH / Brad Br","Always","Carrier","Off","1","1","1","Off","12","2","None","None","Off","Off","Off","Off","Normal Encryption","Off","Off","Off","Off","251.1","1","Off","Off","Off","Off","Off","Off","1","0","Off","0","0","0","0","0","0"
"228","CMDME NETAC2","145.37000","144.77000","D-Digital","High","12.5K","Off","Off","NETAC2","Group Call","8802","KC1JMH / Brad Br","Always","Carrier","Off","1","1","1","Off","12","2","None","None","Off","Off","Off","Off","Normal Encryption","Off","Off","Off","Off","251.1","1","Off","Off","Off","Off","Off","Off","1","0","Off","0","0","0","0","0","0"
"229","CMDME NETAC1","145.37000","144.77000","D-Digital","High","12.5K","Off","Off","NETAC1","Group Call","8801","KC1JMH / Brad Br","Always","Carrier","Off","1","1","1","Off","12","1","None","None","Off","Off","Off","Off","Normal Encryption","Off","Off","Off","Off","251.1","1","Off","Off","Off","Off","Off","Off","1","0","Off","0","0","0","0","0","0"
"230","CMDME UA Eng1","145.37000","144.77000","D-Digital","High","12.5K","Off","Off","UA English 1-113","Group Call","113","KC1JMH / Brad Br","Always","Carrier","Off","1","1","1","Off","12","1","None","None","Off","Off","Off","Off","Normal Encryption","Off","Off","Off","Off","251.1","1","Off","Off","Off","Off","Off","Off","1","0","Off","0","0","0","0","0","0"
"231","CMDME UA Eng2","145.37000","144.77000","D-Digital","High","12.5K","Off","Off","UA English 2-123","Group Call","123","KC1JMH / Brad Br","Always","Carrier","Off","1","1","1","Off","12","1","None","None","Off","Off","Off","Off","Normal Encryption","Off","Off","Off","Off","251.1","1","Off","Off","Off","Off","Off","Off","1","0","Off","0","0","0","0","0","0"
"232","CMDME TAC310","145.37000","144.77000","D-Digital","High","12.5K","Off","Off","TAC310","Group Call","310","KC1JMH / Brad Br","Always","Carrier","Off","1","1","1","Off","12","1","None","None","Off","Off","Off","Off","Normal Encryption","Off","Off","Off","Off","251.1","1","Off","Off","Off","Off","Off","Off","1","0","Off","0","0","0","0","0","0"
"233","CMDME TAC311","145.37000","144.77000","D-Digital","High","12.5K","Off","Off","TAC311","Group Call","311","KC1JMH / Brad Br","Always","Carrier","Off","1","1","1","Off","12","1","None","None","Off","Off","Off","Off","Normal Encryption","Off","Off","Off","Off","251.1","1","Off","Off","Off","Off","Off","Off","1","0","Off","0","0","0","0","0","0"
"234","CMDME Northeast","145.37000","144.77000","D-Digital","High","12.5K","Off","Off","Northeast","Group Call","3172","KC1JMH / Brad Br","Always","Carrier","Off","1","1","1","Off","12","1","None","None","Off","Off","Off","Off","Normal Encryption","Off","Off","Off","Off","251.1","1","Off","Off","Off","Off","Off","Off","1","0","Off","0","0","0","0","0","0"
"235","CMDME North Am","145.37000","144.77000","D-Digital","High","12.5K","Off","Off","North America","Group Call","3","KC1JMH / Brad Br","Always","Carrier","Off","1","1","1","Off","12","1","None","None","Off","Off","Off","Off","Normal Encryption","Off","Off","Off","Off","251.1","1","Off","Off","Off","Off","Off","Off","1","0","Off","0","0","0","0","0","0"
"236","CMDME WW Eng","145.37000","144.77000","D-Digital","High","12.5K","Off","Off","WW English","Group Call","13","KC1JMH / Brad Br","Always","Carrier","Off","1","1","1","Off","12","1","None","None","Off","Off","Off","Off","Normal Encryption","Off","Off","Off","Off","251.1","1","Off","Off","Off","Off","Off","Off","1","0","Off","0","0","0","0","0","0"
"237","CMDME WW","145.37000","144.77000","D-Digital","High","12.5K","Off","Off","WW Call","Group Call","1","KC1JMH / Brad Br","Always","Carrier","Off","1","1","1","Off","12","1","None","None","Off","Off","Off","Off","Normal Encryption","Off","Off","Off","Off","251.1","1","Off","Off","Off","Off","Off","Off","1","0","Off","0","0","0","0","0","0"
"238","CMDME SKYWARN","145.37000","144.77000","D-Digital","High","12.5K","Off","Off","SKYWARN","Group Call","759","KC1JMH / Brad Br","Always","Carrier","Off","1","1","1","Off","12","1","None","None","Off","Off","Off","Off","Normal Encryption","Off","Off","Off","Off","251.1","1","Off","Off","Off","Off","Off","Off","1","0","Off","0","0","0","0","0","0"
"239","CMDME Parrot","145.37000","144.77000","D-Digital","High","12.5K","Off","Off","Parrot","Group Call","9998","KC1JMH / Brad Br","Always","Carrier","Off","1","1","1","Off","12","1","None","None","Off","Off","Off","Off","Normal Encryption","Off","Off","Off","Off","251.1","1","Off","Off","Off","Off","Off","Off","1","0","Off","0","0","0","0","0","0"
"240","DRSME Local","145.43000","144.83000","D-Digital","High","12.5K","Off","Off","Local","Group Call","9","KC1JMH / Brad Br","Always","Carrier","Off","1","1","1","Off","0","2","None","None","Off","Off","Off","Off","Normal Encryption","Off","Off","Off","Off","251.1","1","Off","Off","Off","Off","Off","Off","1","0","Off","0","0","0","0","0","0"
"241","DRSME ME SW","145.43000","144.83000","D-Digital","High","12.5K","Off","Off","ME Statewide","Group Call","3123","KC1JMH / Brad Br","Always","Carrier","Off","1","1","1","Off","0","2","None","None","Off","Off","Off","Off","Normal Encryption","Off","Off","Off","Off","251.1","1","Off","Off","Off","Off","Off","Off","1","0","Off","0","0","0","0","0","0"
"242","DRSME NH SW","145.43000","144.83000","D-Digital","High","12.5K","Off","Off","NH Statewide","Group Call","3133","KC1JMH / Brad Br","Always","Carrier","Off","1","1","1","Off","0","2","None","None","Off","Off","Off","Off","Normal Encryption","Off","Off","Off","Off","251.1","1","Off","Off","Off","Off","Off","Off","1","0","Off","0","0","0","0","0","0"
"243","DRSME Reg North","145.43000","144.83000","D-Digital","High","12.5K","Off","Off","Region North","Group Call","8","KC1JMH / Brad Br","Always","Carrier","Off","1","1","1","Off","0","2","None","None","Off","Off","Off","Off","Normal Encryption","Off","Off","Off","Off","251.1","1","Off","Off","Off","Off","Off","Off","1","0","Off","0","0","0","0","0","0"
"244","DRSME NE Wide","145.43000","144.83000","D-Digital","High","12.5K","Off","Off","New England-Wide","Group Call","3181","KC1JMH / Brad Br","Always","Carrier","Off","1","1","1","Off","0","2","None","None","Off","Off","Off","Off","Normal Encryption","Off","Off","Off","Off","251.1","1","Off","Off","Off","Off","Off","Off","1","0","Off","0","0","0","0","0","0"
"245","DRSME NETAC2","145.43000","144.83000","D-Digital","High","12.5K","Off","Off","NETAC2","Group Call","8802","KC1JMH / Brad Br","Always","Carrier","Off","1","1","1","Off","0","2","None","None","Off","Off","Off","Off","Normal Encryption","Off","Off","Off","Off","251.1","1","Off","Off","Off","Off","Off","Off","1","0","Off","0","0","0","0","0","0"
"246","DRSME NETAC1","145.43000","144.83000","D-Digital","High","12.5K","Off","Off","NETAC1","Group Call","8801","KC1JMH / Brad Br","Always","Carrier","Off","1","1","1","Off","0","1","None","None","Off","Off","Off","Off","Normal Encryption","Off","Off","Off","Off","251.1","1","Off","Off","Off","Off","Off","Off","1","0","Off","0","0","0","0","0","0"
"247","DRSME UA Eng1","145.43000","144.83000","D-Digital","High","12.5K","Off","Off","UA English 1-113","Group Call","113","KC1JMH / Brad Br","Always","Carrier","Off","1","1","1","Off","0","1","None","None","Off","Off","Off","Off","Normal Encryption","Off","Off","Off","Off","251.1","1","Off","Off","Off","Off","Off","Off","1","0","Off","0","0","0","0","0","0"
"248","DRSME UA Eng2","145.43000","144.83000","D-Digital","High","12.5K","Off","Off","UA English 2-123","Group Call","123","KC1JMH / Brad Br","Always","Carrier","Off","1","1","1","Off","0","1","None","None","Off","Off","Off","Off","Normal Encryption","Off","Off","Off","Off","251.1","1","Off","Off","Off","Off","Off","Off","1","0","Off","0","0","0","0","0","0"
"249","DRSME TAC310","145.43000","144.83000","D-Digital","High","12.5K","Off","Off","TAC310","Group Call","310","KC1JMH / Brad Br","Always","Carrier","Off","1","1","1","Off","0","1","None","None","Off","Off","Off","Off","Normal Encryption","Off","Off","Off","Off","251.1","1","Off","Off","Off","Off","Off","Off","1","0","Off","0","0","0","0","0","0"
"250","DRSME TAC311","145.43000","144.83000","D-Digital","High","12.5K","Off","Off","TAC311","Group Call","311","KC1JMH / Brad Br","Always","Carrier","Off","1","1","1","Off","0","1","None","None","Off","Off","Off","Off","Normal Encryption","Off","Off","Off","Off","251.1","1","Off","Off","Off","Off","Off","Off","1","0","Off","0","0","0","0","0","0"
"251","DRSME Northeast","145.43000","144.83000","D-Digital","High","12.5K","Off","Off","Northeast","Group Call","3172","KC1JMH / Brad Br","Always","Carrier","Off","1","1","1","Off","0","1","None","None","Off","Off","Off","Off","Normal Encryption","Off","Off","Off","Off","251.1","1","Off","Off","Off","Off","Off","Off","1","0","Off","0","0","0","0","0","0"
"252","DRSME North Am","145.43000","144.83000","D-Digital","High","12.5K","Off","Off","North America","Group Call","3","KC1JMH / Brad Br","Always","Carrier","Off","1","1","1","Off","0","1","None","None","Off","Off","Off","Off","Normal Encryption","Off","Off","Off","Off","251.1","1","Off","Off","Off","Off","Off","Off","1","0","Off","0","0","0","0","0","0"
"253","DRSME WW Eng","145.43000","144.83000","D-Digital","High","12.5K","Off","Off","WW English","Group Call","13","KC1JMH / Brad Br","Always","Carrier","Off","1","1","1","Off","0","1","None","None","Off","Off","Off","Off","Normal Encryption","Off","Off","Off","Off","251.1","1","Off","Off","Off","Off","Off","Off","1","0","Off","0","0","0","0","0","0"
"254","DRSME WW","145.43000","144.83000","D-Digital","High","12.5K","Off","Off","WW Call","Group Call","1","KC1JMH / Brad Br","Always","Carrier","Off","1","1","1","Off","0","1","None","None","Off","Off","Off","Off","Normal Encryption","Off","Off","Off","Off","251.1","1","Off","Off","Off","Off","Off","Off","1","0","Off","0","0","0","0","0","0"
"255","DRSME SKYWARN","145.43000","144.83000","D-Digital","High","12.5K","Off","Off","SKYWARN","Group Call","759","KC1JMH / Brad Br","Always","Carrier","Off","1","1","1","Off","0","1","None","None","Off","Off","Off","Off","Normal Encryption","Off","Off","Off","Off","251.1","1","Off","Off","Off","Off","Off","Off","1","0","Off","0","0","0","0","0","0"
"256","DRSME Parrot","145.43000","144.83000","D-Digital","High","12.5K","Off","Off","Parrot","Group Call","9998","KC1JMH / Brad Br","Always","Carrier","Off","1","1","1","Off","0","1","None","None","Off","Off","Off","Off","Normal Encryption","Off","Off","Off","Off","251.1","1","Off","Off","Off","Off","Off","Off","1","0","Off","0","0","0","0","0","0"
"257","DXTME Local","145.22000","144.63000","D-Digital","High","12.5K","Off","Off","Local","Group Call","9","KC1JMH / Brad Br","Always","Carrier","Off","1","1","1","Off","0","2","None","None","Off","Off","Off","Off","Normal Encryption","Off","Off","Off","Off","251.1","1","Off","Off","Off","Off","Off","Off","1","0","Off","0","0","0","0","0","0"
"258","DXTME ME SW","145.22000","144.63000","D-Digital","High","12.5K","Off","Off","ME Statewide","Group Call","3123","KC1JMH / Brad Br","Always","Carrier","Off","1","1","1","Off","0","2","None","None","Off","Off","Off","Off","Normal Encryption","Off","Off","Off","Off","251.1","1","Off","Off","Off","Off","Off","Off","1","0","Off","0","0","0","0","0","0"
"259","DXTME NH SW","145.22000","144.63000","D-Digital","High","12.5K","Off","Off","NH Statewide","Group Call","3133","KC1JMH / Brad Br","Always","Carrier","Off","1","1","1","Off","0","2","None","None","Off","Off","Off","Off","Normal Encryption","Off","Off","Off","Off","251.1","1","Off","Off","Off","Off","Off","Off","1","0","Off","0","0","0","0","0","0"
"260","DXTME Reg North","145.22000","144.63000","D-Digital","High","12.5K","Off","Off","Region North","Group Call","8","KC1JMH / Brad Br","Always","Carrier","Off","1","1","1","Off","0","2","None","None","Off","Off","Off","Off","Normal Encryption","Off","Off","Off","Off","251.1","1","Off","Off","Off","Off","Off","Off","1","0","Off","0","0","0","0","0","0"
"261","DXTME NE Wide","145.22000","144.63000","D-Digital","High","12.5K","Off","Off","New England-Wide","Group Call","3181","KC1JMH / Brad Br","Always","Carrier","Off","1","1","1","Off","0","2","None","None","Off","Off","Off","Off","Normal Encryption","Off","Off","Off","Off","251.1","1","Off","Off","Off","Off","Off","Off","1","0","Off","0","0","0","0","0","0"
"262","DXTME NETAC2","145.22000","144.63000","D-Digital","High","12.5K","Off","Off","NETAC2","Group Call","8802","KC1JMH / Brad Br","Always","Carrier","Off","1","1","1","Off","0","2","None","None","Off","Off","Off","Off","Normal Encryption","Off","Off","Off","Off","251.1","1","Off","Off","Off","Off","Off","Off","1","0","Off","0","0","0","0","0","0"
"263","DXTME NETAC1","145.22000","144.63000","D-Digital","High","12.5K","Off","Off","NETAC1","Group Call","8801","KC1JMH / Brad Br","Always","Carrier","Off","1","1","1","Off","0","1","None","None","Off","Off","Off","Off","Normal Encryption","Off","Off","Off","Off","251.1","1","Off","Off","Off","Off","Off","Off","1","0","Off","0","0","0","0","0","0"
"264","DXTME UA Eng1","145.22000","144.63000","D-Digital","High","12.5K","Off","Off","UA English 1-113","Group Call","113","KC1JMH / Brad Br","Always","Carrier","Off","1","1","1","Off","0","1","None","None","Off","Off","Off","Off","Normal Encryption","Off","Off","Off","Off","251.1","1","Off","Off","Off","Off","Off","Off","1","0","Off","0","0","0","0","0","0"
"265","DXTME UA Eng2","145.22000","144.63000","D-Digital","High","12.5K","Off","Off","UA English 2-123","Group Call","123","KC1JMH / Brad Br","Always","Carrier","Off","1","1","1","Off","0","1","None","None","Off","Off","Off","Off","Normal Encryption","Off","Off","Off","Off","251.1","1","Off","Off","Off","Off","Off","Off","1","0","Off","0","0","0","0","0","0"
"266","DXTME TAC310","145.22000","144.63000","D-Digital","High","12.5K","Off","Off","TAC310","Group Call","310","KC1JMH / Brad Br","Always","Carrier","Off","1","1","1","Off","0","1","None","None","Off","Off","Off","Off","Normal Encryption","Off","Off","Off","Off","251.1","1","Off","Off","Off","Off","Off","Off","1","0","Off","0","0","0","0","0","0"
"267","DXTME TAC311","145.22000","144.63000","D-Digital","High","12.5K","Off","Off","TAC311","Group Call","311","KC1JMH / Brad Br","Always","Carrier","Off","1","1","1","Off","0","1","None","None","Off","Off","Off","Off","Normal Encryption","Off","Off","Off","Off","251.1","1","Off","Off","Off","Off","Off","Off","1","0","Off","0","0","0","0","0","0"
"268","DXTME Northeast","145.22000","144.63000","D-Digital","High","12.5K","Off","Off","Northeast","Group Call","3172","KC1JMH / Brad Br","Always","Carrier","Off","1","1","1","Off","0","1","None","None","Off","Off","Off","Off","Normal Encryption","Off","Off","Off","Off","251.1","1","Off","Off","Off","Off","Off","Off","1","0","Off","0","0","0","0","0","0"
"269","DXTME North Am","145.22000","144.63000","D-Digital","High","12.5K","Off","Off","North America","Group Call","3","KC1JMH / Brad Br","Always","Carrier","Off","1","1","1","Off","0","1","None","None","Off","Off","Off","Off","Normal Encryption","Off","Off","Off","Off","251.1","1","Off","Off","Off","Off","Off","Off","1","0","Off","0","0","0","0","0","0"
"270","DXTME WW Eng","145.22000","144.63000","D-Digital","High","12.5K","Off","Off","WW English","Group Call","13","KC1JMH / Brad Br","Always","Carrier","Off","1","1","1","Off","0","1","None","None","Off","Off","Off","Off","Normal Encryption","Off","Off","Off","Off","251.1","1","Off","Off","Off","Off","Off","Off","1","0","Off","0","0","0","0","0","0"
"271","DXTME WW","145.22000","144.63000","D-Digital","High","12.5K","Off","Off","WW Call","Group Call","1","KC1JMH / Brad Br","Always","Carrier","Off","1","1","1","Off","0","1","None","None","Off","Off","Off","Off","Normal Encryption","Off","Off","Off","Off","251.1","1","Off","Off","Off","Off","Off","Off","1","0","Off","0","0","0","0","0","0"
"272","DXTME SKYWARN","145.22000","144.63000","D-Digital","High","12.5K","Off","Off","SKYWARN","Group Call","759","KC1JMH / Brad Br","Always","Carrier","Off","1","1","1","Off","0","1","None","None","Off","Off","Off","Off","Normal Encryption","Off","Off","Off","Off","251.1","1","Off","Off","Off","Off","Off","Off","1","0","Off","0","0","0","0","0","0"
"273","DXTME Parrot","145.22000","144.63000","D-Digital","High","12.5K","Off","Off","Parrot","Group Call","9998","KC1JMH / Brad Br","Always","Carrier","Off","1","1","1","Off","0","1","None","None","Off","Off","Off","Off","Normal Encryption","Off","Off","Off","Off","251.1","1","Off","Off","Off","Off","Off","Off","1","0","Off","0","0","0","0","0","0"
"274","FRMME Local","442.40000","447.40000","D-Digital","High","12.5K","Off","Off","Local","Group Call","9","KC1JMH / Brad Br","Always","Carrier","Off","1","1","1","Off","11","2","None","None","Off","Off","Off","Off","Normal Encryption","Off","Off","Off","Off","251.1","1","Off","Off","Off","Off","Off","Off","1","0","Off","0","0","0","0","0","0"
"275","FRMME ME SW","442.40000","447.40000","D-Digital","High","12.5K","Off","Off","ME Statewide","Group Call","3123","KC1JMH / Brad Br","Always","Carrier","Off","1","1","1","Off","11","2","None","None","Off","Off","Off","Off","Normal Encryption","Off","Off","Off","Off","251.1","1","Off","Off","Off","Off","Off","Off","1","0","Off","0","0","0","0","0","0"
"276","FRMME NH SW","442.40000","447.40000","D-Digital","High","12.5K","Off","Off","NH Statewide","Group Call","3133","KC1JMH / Brad Br","Always","Carrier","Off","1","1","1","Off","11","2","None","None","Off","Off","Off","Off","Normal Encryption","Off","Off","Off","Off","251.1","1","Off","Off","Off","Off","Off","Off","1","0","Off","0","0","0","0","0","0"
"277","FRMME Reg North","442.40000","447.40000","D-Digital","High","12.5K","Off","Off","Region North","Group Call","8","KC1JMH / Brad Br","Always","Carrier","Off","1","1","1","Off","11","2","None","None","Off","Off","Off","Off","Normal Encryption","Off","Off","Off","Off","251.1","1","Off","Off","Off","Off","Off","Off","1","0","Off","0","0","0","0","0","0"
"278","FRMME NE Wide","442.40000","447.40000","D-Digital","High","12.5K","Off","Off","New England-Wide","Group Call","3181","KC1JMH / Brad Br","Always","Carrier","Off","1","1","1","Off","11","2","None","None","Off","Off","Off","Off","Normal Encryption","Off","Off","Off","Off","251.1","1","Off","Off","Off","Off","Off","Off","1","0","Off","0","0","0","0","0","0"
"279","FRMME Northeast","442.40000","447.40000","D-Digital","High","12.5K","Off","Off","Northeast","Group Call","3172","KC1JMH / Brad Br","Always","Carrier","Off","1","1","1","Off","11","1","None","None","Off","Off","Off","Off","Normal Encryption","Off","Off","Off","Off","251.1","1","Off","Off","Off","Off","Off","Off","1","0","Off","0","0","0","0","0","0"
"280","FRMME North Am","442.40000","447.40000","D-Digital","High","12.5K","Off","Off","North America","Group Call","3","KC1JMH / Brad Br","Always","Carrier","Off","1","1","1","Off","11","1","None","None","Off","Off","Off","Off","Normal Encryption","Off","Off","Off","Off","251.1","1","Off","Off","Off","Off","Off","Off","1","0","Off","0","0","0","0","0","0"
"281","FRMME WW Eng","442.40000","447.40000","D-Digital","High","12.5K","Off","Off","WW English","Group Call","13","KC1JMH / Brad Br","Always","Carrier","Off","1","1","1","Off","11","1","None","None","Off","Off","Off","Off","Normal Encryption","Off","Off","Off","Off","251.1","1","Off","Off","Off","Off","Off","Off","1","0","Off","0","0","0","0","0","0"
"282","FRMME WW","442.40000","447.40000","D-Digital","High","12.5K","Off","Off","WW Call","Group Call","1","KC1JMH / Brad Br","Always","Carrier","Off","1","1","1","Off","11","1","None","None","Off","Off","Off","Off","Normal Encryption","Off","Off","Off","Off","251.1","1","Off","Off","Off","Off","Off","Off","1","0","Off","0","0","0","0","0","0"
"283","FRMME SKYWARN","442.40000","447.40000","D-Digital","High","12.5K","Off","Off","SKYWARN","Group Call","759","KC1JMH / Brad Br","Always","Carrier","Off","1","1","1","Off","11","1","None","None","Off","Off","Off","Off","Normal Encryption","Off","Off","Off","Off","251.1","1","Off","Off","Off","Off","Off","Off","1","0","Off","0","0","0","0","0","0"
"284","FRMME Parrot","442.40000","447.40000","D-Digital","High","12.5K","Off","Off","Parrot","Group Call","9998","KC1JMH / Brad Br","Always","Carrier","Off","1","1","1","Off","11","1","None","None","Off","Off","Off","Off","Normal Encryption","Off","Off","Off","Off","251.1","1","Off","Off","Off","Off","Off","Off","1","0","Off","0","0","0","0","0","0"
"285","FTKME Local","145.20000","144.60000","D-Digital","High","12.5K","Off","Off","Local","Group Call","9","KC1JMH / Brad Br","Always","Carrier","Off","1","1","1","Off","12","2","None","None","Off","Off","Off","Off","Normal Encryption","Off","Off","Off","Off","251.1","1","Off","Off","Off","Off","Off","Off","1","0","Off","0","0","0","0","0","0"
"286","FTKME ME SW","145.20000","144.60000","D-Digital","High","12.5K","Off","Off","ME Statewide","Group Call","3123","KC1JMH / Brad Br","Always","Carrier","Off","1","1","1","Off","12","2","None","None","Off","Off","Off","Off","Normal Encryption","Off","Off","Off","Off","251.1","1","Off","Off","Off","Off","Off","Off","1","0","Off","0","0","0","0","0","0"
"287","FTKME NH SW","145.20000","144.60000","D-Digital","High","12.5K","Off","Off","NH Statewide","Group Call","3133","KC1JMH / Brad Br","Always","Carrier","Off","1","1","1","Off","12","2","None","None","Off","Off","Off","Off","Normal Encryption","Off","Off","Off","Off","251.1","1","Off","Off","Off","Off","Off","Off","1","0","Off","0","0","0","0","0","0"
"288","FTKME Reg North","145.20000","144.60000","D-Digital","High","12.5K","Off","Off","Region North","Group Call","8","KC1JMH / Brad Br","Always","Carrier","Off","1","1","1","Off","12","2","None","None","Off","Off","Off","Off","Normal Encryption","Off","Off","Off","Off","251.1","1","Off","Off","Off","Off","Off","Off","1","0","Off","0","0","0","0","0","0"
"289","FTKME NE Wide","145.20000","144.60000","D-Digital","High","12.5K","Off","Off","New England-Wide","Group Call","3181","KC1JMH / Brad Br","Always","Carrier","Off","1","1","1","Off","12","2","None","None","Off","Off","Off","Off","Normal Encryption","Off","Off","Off","Off","251.1","1","Off","Off","Off","Off","Off","Off","1","0","Off","0","0","0","0","0","0"
"290","FTKME NEWBRNSWCK","145.20000","144.60000","D-Digital","High","12.5K","Off","Off","New Brunswick","Group Call","3029","KC1JMH / Brad Br","Always","Carrier","Off","1","1","1","Off","12","2","None","None","Off","Off","Off","Off","Normal Encryption","Off","Off","Off","Off","251.1","1","Off","Off","Off","Off","Off","Off","1","0","Off","0","0","0","0","0","0"
"291","FTKME NETAC2","145.20000","144.60000","D-Digital","High","12.5K","Off","Off","NETAC2","Group Call","8802","KC1JMH / Brad Br","Always","Carrier","Off","1","1","1","Off","12","2","None","None","Off","Off","Off","Off","Normal Encryption","Off","Off","Off","Off","251.1","1","Off","Off","Off","Off","Off","Off","1","0","Off","0","0","0","0","0","0"
"292","FTKME NETAC1","145.20000","144.60000","D-Digital","High","12.5K","Off","Off","NETAC1","Group Call","8801","KC1JMH / Brad Br","Always","Carrier","Off","1","1","1","Off","12","1","None","None","Off","Off","Off","Off","Normal Encryption","Off","Off","Off","Off","251.1","1","Off","Off","Off","Off","Off","Off","1","0","Off","0","0","0","0","0","0"
"293","FTKME UA Eng1","145.20000","144.60000","D-Digital","High","12.5K","Off","Off","UA English 1-113","Group Call","113","KC1JMH / Brad Br","Always","Carrier","Off","1","1","1","Off","12","1","None","None","Off","Off","Off","Off","Normal Encryption","Off","Off","Off","Off","251.1","1","Off","Off","Off","Off","Off","Off","1","0","Off","0","0","0","0","0","0"
"294","FTKME UA Eng2","145.20000","144.60000","D-Digital","High","12.5K","Off","Off","UA English 2-123","Group Call","123","KC1JMH / Brad Br","Always","Carrier","Off","1","1","1","Off","12","1","None","None","Off","Off","Off","Off","Normal Encryption","Off","Off","Off","Off","251.1","1","Off","Off","Off","Off","Off","Off","1","0","Off","0","0","0","0","0","0"
"295","FTKME TAC310","145.20000","144.60000","D-Digital","High","12.5K","Off","Off","TAC310","Group Call","310","KC1JMH / Brad Br","Always","Carrier","Off","1","1","1","Off","12","1","None","None","Off","Off","Off","Off","Normal Encryption","Off","Off","Off","Off","251.1","1","Off","Off","Off","Off","Off","Off","1","0","Off","0","0","0","0","0","0"
"296","FTKME TAC311","145.20000","144.60000","D-Digital","High","12.5K","Off","Off","TAC311","Group Call","311","KC1JMH / Brad Br","Always","Carrier","Off","1","1","1","Off","12","1","None","None","Off","Off","Off","Off","Normal Encryption","Off","Off","Off","Off","251.1","1","Off","Off","Off","Off","Off","Off","1","0","Off","0","0","0","0","0","0"
"297","FTKME Northeast","145.20000","144.60000","D-Digital","High","12.5K","Off","Off","Northeast","Group Call","3172","KC1JMH / Brad Br","Always","Carrier","Off","1","1","1","Off","12","1","None","None","Off","Off","Off","Off","Normal Encryption","Off","Off","Off","Off","251.1","1","Off","Off","Off","Off","Off","Off","1","0","Off","0","0","0","0","0","0"
"298","FTKME North Am","145.20000","144.60000","D-Digital","High","12.5K","Off","Off","North America","Group Call","3","KC1JMH / Brad Br","Always","Carrier","Off","1","1","1","Off","12","1","None","None","Off","Off","Off","Off","Normal Encryption","Off","Off","Off","Off","251.1","1","Off","Off","Off","Off","Off","Off","1","0","Off","0","0","0","0","0","0"
"299","FTKME WW Eng","145.20000","144.60000","D-Digital","High","12.5K","Off","Off","WW English","Group Call","13","KC1JMH / Brad Br","Always","Carrier","Off","1","1","1","Off","12","1","None","None","Off","Off","Off","Off","Normal Encryption","Off","Off","Off","Off","251.1","1","Off","Off","Off","Off","Off","Off","1","0","Off","0","0","0","0","0","0"
"300","FTKME WW","145.20000","144.60000","D-Digital","High","12.5K","Off","Off","WW Call","Group Call","1","KC1JMH / Brad Br","Always","Carrier","Off","1","1","1","Off","12","1","None","None","Off","Off","Off","Off","Normal Encryption","Off","Off","Off","Off","251.1","1","Off","Off","Off","Off","Off","Off","1","0","Off","0","0","0","0","0","0"
"301","FTKME SKYWARN","145.20000","144.60000","D-Digital","High","12.5K","Off","Off","SKYWARN","Group Call","759","KC1JMH / Brad Br","Always","Carrier","Off","1","1","1","Off","12","1","None","None","Off","Off","Off","Off","Normal Encryption","Off","Off","Off","Off","251.1","1","Off","Off","Off","Off","Off","Off","1","0","Off","0","0","0","0","0","0"
"302","FTKME Parrot","145.20000","144.60000","D-Digital","High","12.5K","Off","Off","Parrot","Group Call","9998","KC1JMH / Brad Br","Always","Carrier","Off","1","1","1","Off","12","1","None","None","Off","Off","Off","Off","Normal Encryption","Off","Off","Off","Off","251.1","1","Off","Off","Off","Off","Off","Off","1","0","Off","0","0","0","0","0","0"
"303","GLDME Local","145.21000","144.61000","D-Digital","High","12.5K","Off","Off","Local","Group Call","9","KC1JMH / Brad Br","Always","Carrier","Off","1","1","1","Off","12","2","None","None","Off","Off","Off","Off","Normal Encryption","Off","Off","Off","Off","251.1","1","Off","Off","Off","Off","Off","Off","1","0","Off","0","0","0","0","0","0"
"304","GLDME ME SW","145.21000","144.61000","D-Digital","High","12.5K","Off","Off","ME Statewide","Group Call","3123","KC1JMH / Brad Br","Always","Carrier","Off","1","1","1","Off","12","2","None","None","Off","Off","Off","Off","Normal Encryption","Off","Off","Off","Off","251.1","1","Off","Off","Off","Off","Off","Off","1","0","Off","0","0","0","0","0","0"
"305","GLDME NH SW","145.21000","144.61000","D-Digital","High","12.5K","Off","Off","NH Statewide","Group Call","3133","KC1JMH / Brad Br","Always","Carrier","Off","1","1","1","Off","12","2","None","None","Off","Off","Off","Off","Normal Encryption","Off","Off","Off","Off","251.1","1","Off","Off","Off","Off","Off","Off","1","0","Off","0","0","0","0","0","0"
"306","GLDME Reg North","145.21000","144.61000","D-Digital","High","12.5K","Off","Off","Region North","Group Call","8","KC1JMH / Brad Br","Always","Carrier","Off","1","1","1","Off","12","2","None","None","Off","Off","Off","Off","Normal Encryption","Off","Off","Off","Off","251.1","1","Off","Off","Off","Off","Off","Off","1","0","Off","0","0","0","0","0","0"
"307","GLDME NE Wide","145.21000","144.61000","D-Digital","High","12.5K","Off","Off","New England-Wide","Group Call","3181","KC1JMH / Brad Br","Always","Carrier","Off","1","1","1","Off","12","2","None","None","Off","Off","Off","Off","Normal Encryption","Off","Off","Off","Off","251.1","1","Off","Off","Off","Off","Off","Off","1","0","Off","0","0","0","0","0","0"
"308","GLDME NEWBRNSWCK","145.21000","144.61000","D-Digital","High","12.5K","Off","Off","New Brunswick","Group Call","3029","KC1JMH / Brad Br","Always","Carrier","Off","1","1","1","Off","12","2","None","None","Off","Off","Off","Off","Normal Encryption","Off","Off","Off","Off","251.1","1","Off","Off","Off","Off","Off","Off","1","0","Off","0","0","0","0","0","0"
"309","GLDME NETAC2","145.21000","144.61000","D-Digital","High","12.5K","Off","Off","NETAC2","Group Call","8802","KC1JMH / Brad Br","Always","Carrier","Off","1","1","1","Off","12","2","None","None","Off","Off","Off","Off","Normal Encryption","Off","Off","Off","Off","251.1","1","Off","Off","Off","Off","Off","Off","1","0","Off","0","0","0","0","0","0"
"310","GLDME NETAC1","145.21000","144.61000","D-Digital","High","12.5K","Off","Off","NETAC1","Group Call","8801","KC1JMH / Brad Br","Always","Carrier","Off","1","1","1","Off","12","1","None","None","Off","Off","Off","Off","Normal Encryption","Off","Off","Off","Off","251.1","1","Off","Off","Off","Off","Off","Off","1","0","Off","0","0","0","0","0","0"
"311","GLDME UA Eng1","145.21000","144.61000","D-Digital","High","12.5K","Off","Off","UA English 1-113","Group Call","113","KC1JMH / Brad Br","Always","Carrier","Off","1","1","1","Off","12","1","None","None","Off","Off","Off","Off","Normal Encryption","Off","Off","Off","Off","251.1","1","Off","Off","Off","Off","Off","Off","1","0","Off","0","0","0","0","0","0"
"312","GLDME UA Eng2","145.21000","144.61000","D-Digital","High","12.5K","Off","Off","UA English 2-123","Group Call","123","KC1JMH / Brad Br","Always","Carrier","Off","1","1","1","Off","12","1","None","None","Off","Off","Off","Off","Normal Encryption","Off","Off","Off","Off","251.1","1","Off","Off","Off","Off","Off","Off","1","0","Off","0","0","0","0","0","0"
"313","GLDME TAC310","145.21000","144.61000","D-Digital","High","12.5K","Off","Off","TAC310","Group Call","310","KC1JMH / Brad Br","Always","Carrier","Off","1","1","1","Off","12","1","None","None","Off","Off","Off","Off","Normal Encryption","Off","Off","Off","Off","251.1","1","Off","Off","Off","Off","Off","Off","1","0","Off","0","0","0","0","0","0"
"314","GLDME TAC311","145.21000","144.61000","D-Digital","High","12.5K","Off","Off","TAC311","Group Call","311","KC1JMH / Brad Br","Always","Carrier","Off","1","1","1","Off","12","1","None","None","Off","Off","Off","Off","Normal Encryption","Off","Off","Off","Off","251.1","1","Off","Off","Off","Off","Off","Off","1","0","Off","0","0","0","0","0","0"
"315","GLDME Northeast","145.21000","144.61000","D-Digital","High","12.5K","Off","Off","Northeast","Group Call","3172","KC1JMH / Brad Br","Always","Carrier","Off","1","1","1","Off","12","1","None","None","Off","Off","Off","Off","Normal Encryption","Off","Off","Off","Off","251.1","1","Off","Off","Off","Off","Off","Off","1","0","Off","0","0","0","0","0","0"
"316","GLDME North Am","145.21000","144.61000","D-Digital","High","12.5K","Off","Off","North America","Group Call","3","KC1JMH / Brad Br","Always","Carrier","Off","1","1","1","Off","12","1","None","None","Off","Off","Off","Off","Normal Encryption","Off","Off","Off","Off","251.1","1","Off","Off","Off","Off","Off","Off","1","0","Off","0","0","0","0","0","0"
"317","GLDME WW Eng","145.21000","144.61000","D-Digital","High","12.5K","Off","Off","WW English","Group Call","13","KC1JMH / Brad Br","Always","Carrier","Off","1","1","1","Off","12","1","None","None","Off","Off","Off","Off","Normal Encryption","Off","Off","Off","Off","251.1","1","Off","Off","Off","Off","Off","Off","1","0","Off","0","0","0","0","0","0"
"318","GLDME WW","145.21000","144.61000","D-Digital","High","12.5K","Off","Off","WW Call","Group Call","1","KC1JMH / Brad Br","Always","Carrier","Off","1","1","1","Off","12","1","None","None","Off","Off","Off","Off","Normal Encryption","Off","Off","Off","Off","251.1","1","Off","Off","Off","Off","Off","Off","1","0","Off","0","0","0","0","0","0"
"319","GLDME SKYWARN","145.21000","144.61000","D-Digital","High","12.5K","Off","Off","SKYWARN","Group Call","759","KC1JMH / Brad Br","Always","Carrier","Off","1","1","1","Off","12","1","None","None","Off","Off","Off","Off","Normal Encryption","Off","Off","Off","Off","251.1","1","Off","Off","Off","Off","Off","Off","1","0","Off","0","0","0","0","0","0"
"320","GLDME Parrot","145.21000","144.61000","D-Digital","High","12.5K","Off","Off","Parrot","Group Call","9998","KC1JMH / Brad Br","Always","Carrier","Off","1","1","1","Off","12","1","None","None","Off","Off","Off","Off","Normal Encryption","Off","Off","Off","Off","251.1","1","Off","Off","Off","Off","Off","Off","1","0","Off","0","0","0","0","0","0"
"321","HLDME Local","145.31000","144.71000","D-Digital","High","12.5K","Off","Off","Local","Group Call","9","KC1JMH / Brad Br","Always","Carrier","Off","1","1","1","Off","10","2","None","None","Off","Off","Off","Off","Normal Encryption","Off","Off","Off","Off","251.1","1","Off","Off","Off","Off","Off","Off","1","0","Off","0","0","0","0","0","0"
"322","HLDME ME SW","145.31000","144.71000","D-Digital","High","12.5K","Off","Off","ME Statewide","Group Call","3123","KC1JMH / Brad Br","Always","Carrier","Off","1","1","1","Off","10","2","None","None","Off","Off","Off","Off","Normal Encryption","Off","Off","Off","Off","251.1","1","Off","Off","Off","Off","Off","Off","1","0","Off","0","0","0","0","0","0"
"323","HLDME NH SW","145.31000","144.71000","D-Digital","High","12.5K","Off","Off","NH Statewide","Group Call","3133","KC1JMH / Brad Br","Always","Carrier","Off","1","1","1","Off","10","2","None","None","Off","Off","Off","Off","Normal Encryption","Off","Off","Off","Off","251.1","1","Off","Off","Off","Off","Off","Off","1","0","Off","0","0","0","0","0","0"
"324","HLDME Reg North","145.31000","144.71000","D-Digital","High","12.5K","Off","Off","Region North","Group Call","8","KC1JMH / Brad Br","Always","Carrier","Off","1","1","1","Off","10","2","None","None","Off","Off","Off","Off","Normal Encryption","Off","Off","Off","Off","251.1","1","Off","Off","Off","Off","Off","Off","1","0","Off","0","0","0","0","0","0"
"325","HLDME NE Wide","145.31000","144.71000","D-Digital","High","12.5K","Off","Off","New England-Wide","Group Call","3181","KC1JMH / Brad Br","Always","Carrier","Off","1","1","1","Off","10","2","None","None","Off","Off","Off","Off","Normal Encryption","Off","Off","Off","Off","251.1","1","Off","Off","Off","Off","Off","Off","1","0","Off","0","0","0","0","0","0"
"326","HLDME NETAC2","145.31000","144.71000","D-Digital","High","12.5K","Off","Off","NETAC2","Group Call","8802","KC1JMH / Brad Br","Always","Carrier","Off","1","1","1","Off","10","2","None","None","Off","Off","Off","Off","Normal Encryption","Off","Off","Off","Off","251.1","1","Off","Off","Off","Off","Off","Off","1","0","Off","0","0","0","0","0","0"
"327","HLDME NETAC1","145.31000","144.71000","D-Digital","High","12.5K","Off","Off","NETAC1","Group Call","8801","KC1JMH / Brad Br","Always","Carrier","Off","1","1","1","Off","10","1","None","None","Off","Off","Off","Off","Normal Encryption","Off","Off","Off","Off","251.1","1","Off","Off","Off","Off","Off","Off","1","0","Off","0","0","0","0","0","0"
"328","HLDME UA Eng1","145.31000","144.71000","D-Digital","High","12.5K","Off","Off","UA English 1-113","Group Call","113","KC1JMH / Brad Br","Always","Carrier","Off","1","1","1","Off","10","1","None","None","Off","Off","Off","Off","Normal Encryption","Off","Off","Off","Off","251.1","1","Off","Off","Off","Off","Off","Off","1","0","Off","0","0","0","0","0","0"
"329","HLDME UA Eng2","145.31000","144.71000","D-Digital","High","12.5K","Off","Off","UA English 2-123","Group Call","123","KC1JMH / Brad Br","Always","Carrier","Off","1","1","1","Off","10","1","None","None","Off","Off","Off","Off","Normal Encryption","Off","Off","Off","Off","251.1","1","Off","Off","Off","Off","Off","Off","1","0","Off","0","0","0","0","0","0"
"330","HLDME TAC310","145.31000","144.71000","D-Digital","High","12.5K","Off","Off","TAC310","Group Call","310","KC1JMH / Brad Br","Always","Carrier","Off","1","1","1","Off","10","1","None","None","Off","Off","Off","Off","Normal Encryption","Off","Off","Off","Off","251.1","1","Off","Off","Off","Off","Off","Off","1","0","Off","0","0","0","0","0","0"
"331","HLDME TAC311","145.31000","144.71000","D-Digital","High","12.5K","Off","Off","TAC311","Group Call","311","KC1JMH / Brad Br","Always","Carrier","Off","1","1","1","Off","10","1","None","None","Off","Off","Off","Off","Normal Encryption","Off","Off","Off","Off","251.1","1","Off","Off","Off","Off","Off","Off","1","0","Off","0","0","0","0","0","0"
"332","HLDME Northeast","145.31000","144.71000","D-Digital","High","12.5K","Off","Off","Northeast","Group Call","3172","KC1JMH / Brad Br","Always","Carrier","Off","1","1","1","Off","10","1","None","None","Off","Off","Off","Off","Normal Encryption","Off","Off","Off","Off","251.1","1","Off","Off","Off","Off","Off","Off","1","0","Off","0","0","0","0","0","0"
"333","HLDME North Am","145.31000","144.71000","D-Digital","High","12.5K","Off","Off","North America","Group Call","3","KC1JMH / Brad Br","Always","Carrier","Off","1","1","1","Off","10","1","None","None","Off","Off","Off","Off","Normal Encryption","Off","Off","Off","Off","251.1","1","Off","Off","Off","Off","Off","Off","1","0","Off","0","0","0","0","0","0"
"334","HLDME WW Eng","145.31000","144.71000","D-Digital","High","12.5K","Off","Off","WW English","Group Call","13","KC1JMH / Brad Br","Always","Carrier","Off","1","1","1","Off","10","1","None","None","Off","Off","Off","Off","Normal Encryption","Off","Off","Off","Off","251.1","1","Off","Off","Off","Off","Off","Off","1","0","Off","0","0","0","0","0","0"
"335","HLDME WW","145.31000","144.71000","D-Digital","High","12.5K","Off","Off","WW Call","Group Call","1","KC1JMH / Brad Br","Always","Carrier","Off","1","1","1","Off","10","1","None","None","Off","Off","Off","Off","Normal Encryption","Off","Off","Off","Off","251.1","1","Off","Off","Off","Off","Off","Off","1","0","Off","0","0","0","0","0","0"
"336","HLDME SKYWARN","145.31000","144.71000","D-Digital","High","12.5K","Off","Off","SKYWARN","Group Call","759","KC1JMH / Brad Br","Always","Carrier","Off","1","1","1","Off","10","1","None","None","Off","Off","Off","Off","Normal Encryption","Off","Off","Off","Off","251.1","1","Off","Off","Off","Off","Off","Off","1","0","Off","0","0","0","0","0","0"
"337","HLDME Parrot","145.31000","144.71000","D-Digital","High","12.5K","Off","Off","Parrot","Group Call","9998","KC1JMH / Brad Br","Always","Carrier","Off","1","1","1","Off","10","1","None","None","Off","Off","Off","Off","Normal Encryption","Off","Off","Off","Off","251.1","1","Off","Off","Off","Off","Off","Off","1","0","Off","0","0","0","0","0","0"
"338","KNXME Local","145.42000","144.82000","D-Digital","High","12.5K","Off","Off","Local","Group Call","9","KC1JMH / Brad Br","Always","Carrier","Off","1","1","1","Off","12","2","None","None","Off","Off","Off","Off","Normal Encryption","Off","Off","Off","Off","251.1","1","Off","Off","Off","Off","Off","Off","1","0","Off","0","0","0","0","0","0"
"339","KNXME ME SW","145.42000","144.82000","D-Digital","High","12.5K","Off","Off","ME Statewide","Group Call","3123","KC1JMH / Brad Br","Always","Carrier","Off","1","1","1","Off","12","2","None","None","Off","Off","Off","Off","Normal Encryption","Off","Off","Off","Off","251.1","1","Off","Off","Off","Off","Off","Off","1","0","Off","0","0","0","0","0","0"
"340","KNXME NH SW","145.42000","144.82000","D-Digital","High","12.5K","Off","Off","NH Statewide","Group Call","3133","KC1JMH / Brad Br","Always","Carrier","Off","1","1","1","Off","12","2","None","None","Off","Off","Off","Off","Normal Encryption","Off","Off","Off","Off","251.1","1","Off","Off","Off","Off","Off","Off","1","0","Off","0","0","0","0","0","0"
"341","KNXME Reg North","145.42000","144.82000","D-Digital","High","12.5K","Off","Off","Region North","Group Call","8","KC1JMH / Brad Br","Always","Carrier","Off","1","1","1","Off","12","2","None","None","Off","Off","Off","Off","Normal Encryption","Off","Off","Off","Off","251.1","1","Off","Off","Off","Off","Off","Off","1","0","Off","0","0","0","0","0","0"
"342","KNXME NE Wide","145.42000","144.82000","D-Digital","High","12.5K","Off","Off","New England-Wide","Group Call","3181","KC1JMH / Brad Br","Always","Carrier","Off","1","1","1","Off","12","2","None","None","Off","Off","Off","Off","Normal Encryption","Off","Off","Off","Off","251.1","1","Off","Off","Off","Off","Off","Off","1","0","Off","0","0","0","0","0","0"
"343","KNXME NETAC2","145.42000","144.82000","D-Digital","High","12.5K","Off","Off","NETAC2","Group Call","8802","KC1JMH / Brad Br","Always","Carrier","Off","1","1","1","Off","12","2","None","None","Off","Off","Off","Off","Normal Encryption","Off","Off","Off","Off","251.1","1","Off","Off","Off","Off","Off","Off","1","0","Off","0","0","0","0","0","0"
"344","KNXME NETAC1","145.42000","144.82000","D-Digital","High","12.5K","Off","Off","NETAC1","Group Call","8801","KC1JMH / Brad Br","Always","Carrier","Off","1","1","1","Off","12","1","None","None","Off","Off","Off","Off","Normal Encryption","Off","Off","Off","Off","251.1","1","Off","Off","Off","Off","Off","Off","1","0","Off","0","0","0","0","0","0"
"345","KNXME UA Eng1","145.42000","144.82000","D-Digital","High","12.5K","Off","Off","UA English 1-113","Group Call","113","KC1JMH / Brad Br","Always","Carrier","Off","1","1","1","Off","12","1","None","None","Off","Off","Off","Off","Normal Encryption","Off","Off","Off","Off","251.1","1","Off","Off","Off","Off","Off","Off","1","0","Off","0","0","0","0","0","0"
"346","KNXME UA Eng2","145.42000","144.82000","D-Digital","High","12.5K","Off","Off","UA English 2-123","Group Call","123","KC1JMH / Brad Br","Always","Carrier","Off","1","1","1","Off","12","1","None","None","Off","Off","Off","Off","Normal Encryption","Off","Off","Off","Off","251.1","1","Off","Off","Off","Off","Off","Off","1","0","Off","0","0","0","0","0","0"
"347","KNXME TAC310","145.42000","144.82000","D-Digital","High","12.5K","Off","Off","TAC310","Group Call","310","KC1JMH / Brad Br","Always","Carrier","Off","1","1","1","Off","12","1","None","None","Off","Off","Off","Off","Normal Encryption","Off","Off","Off","Off","251.1","1","Off","Off","Off","Off","Off","Off","1","0","Off","0","0","0","0","0","0"
"348","KNXME TAC311","145.42000","144.82000","D-Digital","High","12.5K","Off","Off","TAC311","Group Call","311","KC1JMH / Brad Br","Always","Carrier","Off","1","1","1","Off","12","1","None","None","Off","Off","Off","Off","Normal Encryption","Off","Off","Off","Off","251.1","1","Off","Off","Off","Off","Off","Off","1","0","Off","0","0","0","0","0","0"
"349","KNXME Northeast","145.42000","144.82000","D-Digital","High","12.5K","Off","Off","Northeast","Group Call","3172","KC1JMH / Brad Br","Always","Carrier","Off","1","1","1","Off","12","1","None","None","Off","Off","Off","Off","Normal Encryption","Off","Off","Off","Off","251.1","1","Off","Off","Off","Off","Off","Off","1","0","Off","0","0","0","0","0","0"
"350","KNXME North Am","145.42000","144.82000","D-Digital","High","12.5K","Off","Off","North America","Group Call","3","KC1JMH / Brad Br","Always","Carrier","Off","1","1","1","Off","12","1","None","None","Off","Off","Off","Off","Normal Encryption","Off","Off","Off","Off","251.1","1","Off","Off","Off","Off","Off","Off","1","0","Off","0","0","0","0","0","0"
"351","KNXME WW Eng","145.42000","144.82000","D-Digital","High","12.5K","Off","Off","WW English","Group Call","13","KC1JMH / Brad Br","Always","Carrier","Off","1","1","1","Off","12","1","None","None","Off","Off","Off","Off","Normal Encryption","Off","Off","Off","Off","251.1","1","Off","Off","Off","Off","Off","Off","1","0","Off","0","0","0","0","0","0"
"352","KNXME WW","145.42000","144.82000","D-Digital","High","12.5K","Off","Off","WW Call","Group Call","1","KC1JMH / Brad Br","Always","Carrier","Off","1","1","1","Off","12","1","None","None","Off","Off","Off","Off","Normal Encryption","Off","Off","Off","Off","251.1","1","Off","Off","Off","Off","Off","Off","1","0","Off","0","0","0","0","0","0"
"353","KNXME SKYWARN","145.42000","144.82000","D-Digital","High","12.5K","Off","Off","SKYWARN","Group Call","759","KC1JMH / Brad Br","Always","Carrier","Off","1","1","1","Off","12","1","None","None","Off","Off","Off","Off","Normal Encryption","Off","Off","Off","Off","251.1","1","Off","Off","Off","Off","Off","Off","1","0","Off","0","0","0","0","0","0"
"354","KNXME Parrot","145.42000","144.82000","D-Digital","High","12.5K","Off","Off","Parrot","Group Call","9998","KC1JMH / Brad Br","Always","Carrier","Off","1","1","1","Off","12","1","None","None","Off","Off","Off","Off","Normal Encryption","Off","Off","Off","Off","251.1","1","Off","Off","Off","Off","Off","Off","1","0","Off","0","0","0","0","0","0"
"355","LCHME Local","146.70000","146.10000","D-Digital","High","12.5K","Off","Off","Local","Group Call","9","KC1JMH / Brad Br","Always","Carrier","Off","1","1","1","Off","12","2","None","None","Off","Off","Off","Off","Normal Encryption","Off","Off","Off","Off","251.1","1","Off","Off","Off","Off","Off","Off","1","0","Off","0","0","0","0","0","0"
"356","LCHME ME SW","146.70000","146.10000","D-Digital","Turbo","12.5K","Off","Off","ME Statewide","Group Call","3123","KC1JMH / Brad Br","Always","Carrier","Off","1","1","1","Off","12","2","None","None","Off","Off","Off","Off","Normal Encryption","Off","Off","Off","Off","251.1","1","Off","Off","Off","Off","Off","Off","1","0","Off","0","0","0","0","0","0"
"357","LCHME NH SW","146.70000","146.10000","D-Digital","High","12.5K","Off","Off","NH Statewide","Group Call","3133","KC1JMH / Brad Br","Always","Carrier","Off","1","1","1","Off","12","2","None","None","Off","Off","Off","Off","Normal Encryption","Off","Off","Off","Off","251.1","1","Off","Off","Off","Off","Off","Off","1","0","Off","0","0","0","0","0","0"
"358","LCHME Reg North","146.70000","146.10000","D-Digital","High","12.5K","Off","Off","Region North","Group Call","8","KC1JMH / Brad Br","Always","Carrier","Off","1","1","1","Off","12","2","None","None","Off","Off","Off","Off","Normal Encryption","Off","Off","Off","Off","251.1","1","Off","Off","Off","Off","Off","Off","1","0","Off","0","0","0","0","0","0"
"359","LCHME NE Wide","146.70000","146.10000","D-Digital","High","12.5K","Off","Off","New England-Wide","Group Call","3181","KC1JMH / Brad Br","Always","Carrier","Off","1","1","1","Off","12","2","None","None","Off","Off","Off","Off","Normal Encryption","Off","Off","Off","Off","251.1","1","Off","Off","Off","Off","Off","Off","1","0","Off","0","0","0","0","0","0"
"360","LCHME NETAC2","146.70000","146.10000","D-Digital","High","12.5K","Off","Off","NETAC2","Group Call","8802","KC1JMH / Brad Br","Always","Carrier","Off","1","1","1","Off","12","2","None","None","Off","Off","Off","Off","Normal Encryption","Off","Off","Off","Off","251.1","1","Off","Off","Off","Off","Off","Off","1","0","Off","0","0","0","0","0","0"
"361","LCHME NETAC1","146.70000","146.10000","D-Digital","High","12.5K","Off","Off","NETAC1","Group Call","8801","KC1JMH / Brad Br","Always","Carrier","Off","1","1","1","Off","12","1","None","None","Off","Off","Off","Off","Normal Encryption","Off","Off","Off","Off","251.1","1","Off","Off","Off","Off","Off","Off","1","0","Off","0","0","0","0","0","0"
"362","LCHME UA Eng1","146.70000","146.10000","D-Digital","High","12.5K","Off","Off","UA English 1-113","Group Call","113","KC1JMH / Brad Br","Always","Carrier","Off","1","1","1","Off","12","1","None","None","Off","Off","Off","Off","Normal Encryption","Off","Off","Off","Off","251.1","1","Off","Off","Off","Off","Off","Off","1","0","Off","0","0","0","0","0","0"
"363","LCHME UA Eng2","146.70000","146.10000","D-Digital","High","12.5K","Off","Off","UA English 2-123","Group Call","123","KC1JMH / Brad Br","Always","Carrier","Off","1","1","1","Off","12","1","None","None","Off","Off","Off","Off","Normal Encryption","Off","Off","Off","Off","251.1","1","Off","Off","Off","Off","Off","Off","1","0","Off","0","0","0","0","0","0"
"364","LCHME TAC310","146.70000","146.10000","D-Digital","High","12.5K","Off","Off","TAC310","Group Call","310","KC1JMH / Brad Br","Always","Carrier","Off","1","1","1","Off","12","1","None","None","Off","Off","Off","Off","Normal Encryption","Off","Off","Off","Off","251.1","1","Off","Off","Off","Off","Off","Off","1","0","Off","0","0","0","0","0","0"
"365","LCHME TAC311","146.70000","146.10000","D-Digital","High","12.5K","Off","Off","TAC311","Group Call","311","KC1JMH / Brad Br","Always","Carrier","Off","1","1","1","Off","12","1","None","None","Off","Off","Off","Off","Normal Encryption","Off","Off","Off","Off","251.1","1","Off","Off","Off","Off","Off","Off","1","0","Off","0","0","0","0","0","0"
"366","LCHME Northeast","146.70000","146.10000","D-Digital","High","12.5K","Off","Off","Northeast","Group Call","3172","KC1JMH / Brad Br","Always","Carrier","Off","1","1","1","Off","12","1","None","None","Off","Off","Off","Off","Normal Encryption","Off","Off","Off","Off","251.1","1","Off","Off","Off","Off","Off","Off","1","0","Off","0","0","0","0","0","0"
"367","LCHME North Am","146.70000","146.10000","D-Digital","High","12.5K","Off","Off","North America","Group Call","3","KC1JMH / Brad Br","Always","Carrier","Off","1","1","1","Off","12","1","None","None","Off","Off","Off","Off","Normal Encryption","Off","Off","Off","Off","251.1","1","Off","Off","Off","Off","Off","Off","1","0","Off","0","0","0","0","0","0"
"368","LCHME WW Eng","146.70000","146.10000","D-Digital","High","12.5K","Off","Off","WW English","Group Call","13","KC1JMH / Brad Br","Always","Carrier","Off","1","1","1","Off","12","1","None","None","Off","Off","Off","Off","Normal Encryption","Off","Off","Off","Off","251.1","1","Off","Off","Off","Off","Off","Off","1","0","Off","0","0","0","0","0","0"
"369","LCHME WW","146.70000","146.10000","D-Digital","High","12.5K","Off","Off","WW Call","Group Call","1","KC1JMH / Brad Br","Always","Carrier","Off","1","1","1","Off","12","1","None","None","Off","Off","Off","Off","Normal Encryption","Off","Off","Off","Off","251.1","1","Off","Off","Off","Off","Off","Off","1","0","Off","0","0","0","0","0","0"
"370","LCHME SKYWARN","146.70000","146.10000","D-Digital","High","12.5K","Off","Off","SKYWARN","Group Call","759","KC1JMH / Brad Br","Always","Carrier","Off","1","1","1","Off","12","1","None","None","Off","Off","Off","Off","Normal Encryption","Off","Off","Off","Off","251.1","1","Off","Off","Off","Off","Off","Off","1","0","Off","0","0","0","0","0","0"
"371","LCHME Parrot","146.70000","146.10000","D-Digital","High","12.5K","Off","Off","Parrot","Group Call","9998","KC1JMH / Brad Br","Always","Carrier","Off","1","1","1","Off","12","1","None","None","Off","Off","Off","Off","Normal Encryption","Off","Off","Off","Off","251.1","1","Off","Off","Off","Off","Off","Off","1","0","Off","0","0","0","0","0","0"
"372","LNCME Local","145.35000","144.75000","D-Digital","High","12.5K","Off","Off","Local","Group Call","9","KC1JMH / Brad Br","Always","Carrier","Off","1","1","1","Off","12","2","None","None","Off","Off","Off","Off","Normal Encryption","Off","Off","Off","Off","251.1","1","Off","Off","Off","Off","Off","Off","1","0","Off","0","0","0","0","0","0"
"373","LNCME ME SW","145.35000","144.75000","D-Digital","High","12.5K","Off","Off","ME Statewide","Group Call","3123","KC1JMH / Brad Br","Always","Carrier","Off","1","1","1","Off","12","2","None","None","Off","Off","Off","Off","Normal Encryption","Off","Off","Off","Off","251.1","1","Off","Off","Off","Off","Off","Off","1","0","Off","0","0","0","0","0","0"
"374","LNCME NH SW","145.35000","144.75000","D-Digital","High","12.5K","Off","Off","NH Statewide","Group Call","3133","KC1JMH / Brad Br","Always","Carrier","Off","1","1","1","Off","12","2","None","None","Off","Off","Off","Off","Normal Encryption","Off","Off","Off","Off","251.1","1","Off","Off","Off","Off","Off","Off","1","0","Off","0","0","0","0","0","0"
"375","LNCME Reg North","145.35000","144.75000","D-Digital","High","12.5K","Off","Off","Region North","Group Call","8","KC1JMH / Brad Br","Always","Carrier","Off","1","1","1","Off","12","2","None","None","Off","Off","Off","Off","Normal Encryption","Off","Off","Off","Off","251.1","1","Off","Off","Off","Off","Off","Off","1","0","Off","0","0","0","0","0","0"
"376","LNCME NE Wide","145.35000","144.75000","D-Digital","High","12.5K","Off","Off","New England-Wide","Group Call","3181","KC1JMH / Brad Br","Always","Carrier","Off","1","1","1","Off","12","2","None","None","Off","Off","Off","Off","Normal Encryption","Off","Off","Off","Off","251.1","1","Off","Off","Off","Off","Off","Off","1","0","Off","0","0","0","0","0","0"
"377","LNCME NEWBRNSWCK","145.35000","144.75000","D-Digital","High","12.5K","Off","Off","New Brunswick","Group Call","3029","KC1JMH / Brad Br","Always","Carrier","Off","1","1","1","Off","12","2","None","None","Off","Off","Off","Off","Normal Encryption","Off","Off","Off","Off","251.1","1","Off","Off","Off","Off","Off","Off","1","0","Off","0","0","0","0","0","0"
"378","LNCME NETAC2","145.35000","144.75000","D-Digital","High","12.5K","Off","Off","NETAC2","Group Call","8802","KC1JMH / Brad Br","Always","Carrier","Off","1","1","1","Off","12","2","None","None","Off","Off","Off","Off","Normal Encryption","Off","Off","Off","Off","251.1","1","Off","Off","Off","Off","Off","Off","1","0","Off","0","0","0","0","0","0"
"379","LNCME NETAC1","145.35000","144.75000","D-Digital","High","12.5K","Off","Off","NETAC1","Group Call","8801","KC1JMH / Brad Br","Always","Carrier","Off","1","1","1","Off","12","1","None","None","Off","Off","Off","Off","Normal Encryption","Off","Off","Off","Off","251.1","1","Off","Off","Off","Off","Off","Off","1","0","Off","0","0","0","0","0","0"
"380","LNCME UA Eng1","145.35000","144.75000","D-Digital","High","12.5K","Off","Off","UA English 1-113","Group Call","113","KC1JMH / Brad Br","Always","Carrier","Off","1","1","1","Off","12","1","None","None","Off","Off","Off","Off","Normal Encryption","Off","Off","Off","Off","251.1","1","Off","Off","Off","Off","Off","Off","1","0","Off","0","0","0","0","0","0"
"381","LNCME UA Eng2","145.35000","144.75000","D-Digital","High","12.5K","Off","Off","UA English 2-123","Group Call","123","KC1JMH / Brad Br","Always","Carrier","Off","1","1","1","Off","12","1","None","None","Off","Off","Off","Off","Normal Encryption","Off","Off","Off","Off","251.1","1","Off","Off","Off","Off","Off","Off","1","0","Off","0","0","0","0","0","0"
"382","LNCME TAC310","145.35000","144.75000","D-Digital","High","12.5K","Off","Off","TAC310","Group Call","310","KC1JMH / Brad Br","Always","Carrier","Off","1","1","1","Off","12","1","None","None","Off","Off","Off","Off","Normal Encryption","Off","Off","Off","Off","251.1","1","Off","Off","Off","Off","Off","Off","1","0","Off","0","0","0","0","0","0"
"383","LNCME TAC311","145.35000","144.75000","D-Digital","High","12.5K","Off","Off","TAC311","Group Call","311","KC1JMH / Brad Br","Always","Carrier","Off","1","1","1","Off","12","1","None","None","Off","Off","Off","Off","Normal Encryption","Off","Off","Off","Off","251.1","1","Off","Off","Off","Off","Off","Off","1","0","Off","0","0","0","0","0","0"
"384","LNCME Northeast","145.35000","144.75000","D-Digital","High","12.5K","Off","Off","Northeast","Group Call","3172","KC1JMH / Brad Br","Always","Carrier","Off","1","1","1","Off","12","1","None","None","Off","Off","Off","Off","Normal Encryption","Off","Off","Off","Off","251.1","1","Off","Off","Off","Off","Off","Off","1","0","Off","0","0","0","0","0","0"
"385","LNCME North Am","145.35000","144.75000","D-Digital","High","12.5K","Off","Off","North America","Group Call","3","KC1JMH / Brad Br","Always","Carrier","Off","1","1","1","Off","12","1","None","None","Off","Off","Off","Off","Normal Encryption","Off","Off","Off","Off","251.1","1","Off","Off","Off","Off","Off","Off","1","0","Off","0","0","0","0","0","0"
"386","LNCME WW Eng","145.35000","144.75000","D-Digital","High","12.5K","Off","Off","WW English","Group Call","13","KC1JMH / Brad Br","Always","Carrier","Off","1","1","1","Off","12","1","None","None","Off","Off","Off","Off","Normal Encryption","Off","Off","Off","Off","251.1","1","Off","Off","Off","Off","Off","Off","1","0","Off","0","0","0","0","0","0"
"387","LNCME WW","145.35000","144.75000","D-Digital","High","12.5K","Off","Off","WW Call","Group Call","1","KC1JMH / Brad Br","Always","Carrier","Off","1","1","1","Off","12","1","None","None","Off","Off","Off","Off","Normal Encryption","Off","Off","Off","Off","251.1","1","Off","Off","Off","Off","Off","Off","1","0","Off","0","0","0","0","0","0"
"388","LNCME SKYWARN","145.35000","144.75000","D-Digital","High","12.5K","Off","Off","SKYWARN","Group Call","759","KC1JMH / Brad Br","Always","Carrier","Off","1","1","1","Off","12","1","None","None","Off","Off","Off","Off","Normal Encryption","Off","Off","Off","Off","251.1","1","Off","Off","Off","Off","Off","Off","1","0","Off","0","0","0","0","0","0"
"389","LNCME Parrot","145.35000","144.75000","D-Digital","High","12.5K","Off","Off","Parrot","Group Call","9998","KC1JMH / Brad Br","Always","Carrier","Off","1","1","1","Off","12","1","None","None","Off","Off","Off","Off","Normal Encryption","Off","Off","Off","Off","251.1","1","Off","Off","Off","Off","Off","Off","1","0","Off","0","0","0","0","0","0"
"390","NSHME Local","145.14000","144.54000","D-Digital","High","12.5K","Off","Off","Local","Group Call","9","KC1JMH / Brad Br","Always","Carrier","Off","1","1","1","Off","11","2","None","None","Off","Off","Off","Off","Normal Encryption","Off","Off","Off","Off","251.1","1","Off","Off","Off","Off","Off","Off","1","0","Off","0","0","0","0","0","0"
"391","NSHME ME SW","145.14000","144.54000","D-Digital","High","12.5K","Off","Off","ME Statewide","Group Call","3123","KC1JMH / Brad Br","Always","Carrier","Off","1","1","1","Off","11","2","None","None","Off","Off","Off","Off","Normal Encryption","Off","Off","Off","Off","251.1","1","Off","Off","Off","Off","Off","Off","1","0","Off","0","0","0","0","0","0"
"392","NSHME NH SW","145.14000","144.54000","D-Digital","High","12.5K","Off","Off","NH Statewide","Group Call","3133","KC1JMH / Brad Br","Always","Carrier","Off","1","1","1","Off","11","2","None","None","Off","Off","Off","Off","Normal Encryption","Off","Off","Off","Off","251.1","1","Off","Off","Off","Off","Off","Off","1","0","Off","0","0","0","0","0","0"
"393","NSHME Reg North","145.14000","144.54000","D-Digital","High","12.5K","Off","Off","Region North","Group Call","8","KC1JMH / Brad Br","Always","Carrier","Off","1","1","1","Off","11","2","None","None","Off","Off","Off","Off","Normal Encryption","Off","Off","Off","Off","251.1","1","Off","Off","Off","Off","Off","Off","1","0","Off","0","0","0","0","0","0"
"394","NSHME NE Wide","145.14000","144.54000","D-Digital","High","12.5K","Off","Off","New England-Wide","Group Call","3181","KC1JMH / Brad Br","Always","Carrier","Off","1","1","1","Off","11","2","None","None","Off","Off","Off","Off","Normal Encryption","Off","Off","Off","Off","251.1","1","Off","Off","Off","Off","Off","Off","1","0","Off","0","0","0","0","0","0"
"395","NSHME NETAC2","145.14000","144.54000","D-Digital","High","12.5K","Off","Off","NETAC2","Group Call","8802","KC1JMH / Brad Br","Always","Carrier","Off","1","1","1","Off","11","2","None","None","Off","Off","Off","Off","Normal Encryption","Off","Off","Off","Off","251.1","1","Off","Off","Off","Off","Off","Off","1","0","Off","0","0","0","0","0","0"
"396","NSHME NETAC1","145.14000","144.54000","D-Digital","High","12.5K","Off","Off","NETAC1","Group Call","8801","KC1JMH / Brad Br","Always","Carrier","Off","1","1","1","Off","11","1","None","None","Off","Off","Off","Off","Normal Encryption","Off","Off","Off","Off","251.1","1","Off","Off","Off","Off","Off","Off","1","0","Off","0","0","0","0","0","0"
"397","NSHME UA Eng1","145.14000","144.54000","D-Digital","High","12.5K","Off","Off","UA English 1-113","Group Call","113","KC1JMH / Brad Br","Always","Carrier","Off","1","1","1","Off","11","1","None","None","Off","Off","Off","Off","Normal Encryption","Off","Off","Off","Off","251.1","1","Off","Off","Off","Off","Off","Off","1","0","Off","0","0","0","0","0","0"
"398","NSHME UA Eng2","145.14000","144.54000","D-Digital","High","12.5K","Off","Off","UA English 2-123","Group Call","123","KC1JMH / Brad Br","Always","Carrier","Off","1","1","1","Off","11","1","None","None","Off","Off","Off","Off","Normal Encryption","Off","Off","Off","Off","251.1","1","Off","Off","Off","Off","Off","Off","1","0","Off","0","0","0","0","0","0"
"399","NSHME TAC310","145.14000","144.54000","D-Digital","High","12.5K","Off","Off","TAC310","Group Call","310","KC1JMH / Brad Br","Always","Carrier","Off","1","1","1","Off","11","1","None","None","Off","Off","Off","Off","Normal Encryption","Off","Off","Off","Off","251.1","1","Off","Off","Off","Off","Off","Off","1","0","Off","0","0","0","0","0","0"
"400","NSHME TAC311","145.14000","144.54000","D-Digital","High","12.5K","Off","Off","TAC311","Group Call","311","KC1JMH / Brad Br","Always","Carrier","Off","1","1","1","Off","11","1","None","None","Off","Off","Off","Off","Normal Encryption","Off","Off","Off","Off","251.1","1","Off","Off","Off","Off","Off","Off","1","0","Off","0","0","0","0","0","0"
"401","NSHME Northeast","145.14000","144.54000","D-Digital","High","12.5K","Off","Off","Northeast","Group Call","3172","KC1JMH / Brad Br","Always","Carrier","Off","1","1","1","Off","11","1","None","None","Off","Off","Off","Off","Normal Encryption","Off","Off","Off","Off","251.1","1","Off","Off","Off","Off","Off","Off","1","0","Off","0","0","0","0","0","0"
"402","NSHME North Am","145.14000","144.54000","D-Digital","High","12.5K","Off","Off","North America","Group Call","3","KC1JMH / Brad Br","Always","Carrier","Off","1","1","1","Off","11","1","None","None","Off","Off","Off","Off","Normal Encryption","Off","Off","Off","Off","251.1","1","Off","Off","Off","Off","Off","Off","1","0","Off","0","0","0","0","0","0"
"403","NSHME WW Eng","145.14000","144.54000","D-Digital","High","12.5K","Off","Off","WW English","Group Call","13","KC1JMH / Brad Br","Always","Carrier","Off","1","1","1","Off","11","1","None","None","Off","Off","Off","Off","Normal Encryption","Off","Off","Off","Off","251.1","1","Off","Off","Off","Off","Off","Off","1","0","Off","0","0","0","0","0","0"
"404","NSHME WW","145.14000","144.54000","D-Digital","High","12.5K","Off","Off","WW Call","Group Call","1","KC1JMH / Brad Br","Always","Carrier","Off","1","1","1","Off","11","1","None","None","Off","Off","Off","Off","Normal Encryption","Off","Off","Off","Off","251.1","1","Off","Off","Off","Off","Off","Off","1","0","Off","0","0","0","0","0","0"
"405","NSHME SKYWARN","145.14000","144.54000","D-Digital","High","12.5K","Off","Off","SKYWARN","Group Call","759","KC1JMH / Brad Br","Always","Carrier","Off","1","1","1","Off","11","1","None","None","Off","Off","Off","Off","Normal Encryption","Off","Off","Off","Off","251.1","1","Off","Off","Off","Off","Off","Off","1","0","Off","0","0","0","0","0","0"
"406","NSHME Parrot","145.14000","144.54000","D-Digital","High","12.5K","Off","Off","Parrot","Group Call","9998","KC1JMH / Brad Br","Always","Carrier","Off","1","1","1","Off","11","1","None","None","Off","Off","Off","Off","Normal Encryption","Off","Off","Off","Off","251.1","1","Off","Off","Off","Off","Off","Off","1","0","Off","0","0","0","0","0","0"
"407","PQIME Local","145.18000","144.58000","D-Digital","High","12.5K","Off","Off","Local","Group Call","9","KC1JMH / Brad Br","Always","Carrier","Off","1","1","1","Off","12","2","None","None","Off","Off","Off","Off","Normal Encryption","Off","Off","Off","Off","251.1","1","Off","Off","Off","Off","Off","Off","1","0","Off","0","0","0","0","0","0"
"408","PQIME ME SW","145.18000","144.58000","D-Digital","High","12.5K","Off","Off","ME Statewide","Group Call","3123","KC1JMH / Brad Br","Always","Carrier","Off","1","1","1","Off","12","2","None","None","Off","Off","Off","Off","Normal Encryption","Off","Off","Off","Off","251.1","1","Off","Off","Off","Off","Off","Off","1","0","Off","0","0","0","0","0","0"
"409","PQIME NH SW","145.18000","144.58000","D-Digital","High","12.5K","Off","Off","NH Statewide","Group Call","3133","KC1JMH / Brad Br","Always","Carrier","Off","1","1","1","Off","12","2","None","None","Off","Off","Off","Off","Normal Encryption","Off","Off","Off","Off","251.1","1","Off","Off","Off","Off","Off","Off","1","0","Off","0","0","0","0","0","0"
"410","PQIME Reg North","145.18000","144.58000","D-Digital","High","12.5K","Off","Off","Region North","Group Call","8","KC1JMH / Brad Br","Always","Carrier","Off","1","1","1","Off","12","2","None","None","Off","Off","Off","Off","Normal Encryption","Off","Off","Off","Off","251.1","1","Off","Off","Off","Off","Off","Off","1","0","Off","0","0","0","0","0","0"
"411","PQIME NE Wide","145.18000","144.58000","D-Digital","High","12.5K","Off","Off","New England-Wide","Group Call","3181","KC1JMH / Brad Br","Always","Carrier","Off","1","1","1","Off","12","2","None","None","Off","Off","Off","Off","Normal Encryption","Off","Off","Off","Off","251.1","1","Off","Off","Off","Off","Off","Off","1","0","Off","0","0","0","0","0","0"
"412","PQIME NEWBRNSWCK","145.18000","144.58000","D-Digital","High","12.5K","Off","Off","New Brunswick","Group Call","3029","KC1JMH / Brad Br","Always","Carrier","Off","1","1","1","Off","12","2","None","None","Off","Off","Off","Off","Normal Encryption","Off","Off","Off","Off","251.1","1","Off","Off","Off","Off","Off","Off","1","0","Off","0","0","0","0","0","0"
"413","PQIME NETAC2","145.18000","144.58000","D-Digital","High","12.5K","Off","Off","NETAC2","Group Call","8802","KC1JMH / Brad Br","Always","Carrier","Off","1","1","1","Off","12","2","None","None","Off","Off","Off","Off","Normal Encryption","Off","Off","Off","Off","251.1","1","Off","Off","Off","Off","Off","Off","1","0","Off","0","0","0","0","0","0"
"414","PQIME NETAC1","145.18000","144.58000","D-Digital","High","12.5K","Off","Off","NETAC1","Group Call","8801","KC1JMH / Brad Br","Always","Carrier","Off","1","1","1","Off","12","1","None","None","Off","Off","Off","Off","Normal Encryption","Off","Off","Off","Off","251.1","1","Off","Off","Off","Off","Off","Off","1","0","Off","0","0","0","0","0","0"
"415","PQIME UA Eng1","145.18000","144.58000","D-Digital","High","12.5K","Off","Off","UA English 1-113","Group Call","113","KC1JMH / Brad Br","Always","Carrier","Off","1","1","1","Off","12","1","None","None","Off","Off","Off","Off","Normal Encryption","Off","Off","Off","Off","251.1","1","Off","Off","Off","Off","Off","Off","1","0","Off","0","0","0","0","0","0"
"416","PQIME UA Eng2","145.18000","144.58000","D-Digital","High","12.5K","Off","Off","UA English 2-123","Group Call","123","KC1JMH / Brad Br","Always","Carrier","Off","1","1","1","Off","12","1","None","None","Off","Off","Off","Off","Normal Encryption","Off","Off","Off","Off","251.1","1","Off","Off","Off","Off","Off","Off","1","0","Off","0","0","0","0","0","0"
"417","PQIME TAC310","145.18000","144.58000","D-Digital","High","12.5K","Off","Off","TAC310","Group Call","310","KC1JMH / Brad Br","Always","Carrier","Off","1","1","1","Off","12","1","None","None","Off","Off","Off","Off","Normal Encryption","Off","Off","Off","Off","251.1","1","Off","Off","Off","Off","Off","Off","1","0","Off","0","0","0","0","0","0"
"418","PQIME TAC311","145.18000","144.58000","D-Digital","High","12.5K","Off","Off","TAC311","Group Call","311","KC1JMH / Brad Br","Always","Carrier","Off","1","1","1","Off","12","1","None","None","Off","Off","Off","Off","Normal Encryption","Off","Off","Off","Off","251.1","1","Off","Off","Off","Off","Off","Off","1","0","Off","0","0","0","0","0","0"
"419","PQIME Northeast","145.18000","144.58000","D-Digital","High","12.5K","Off","Off","Northeast","Group Call","3172","KC1JMH / Brad Br","Always","Carrier","Off","1","1","1","Off","12","1","None","None","Off","Off","Off","Off","Normal Encryption","Off","Off","Off","Off","251.1","1","Off","Off","Off","Off","Off","Off","1","0","Off","0","0","0","0","0","0"
"420","PQIME North Am","145.18000","144.58000","D-Digital","High","12.5K","Off","Off","North America","Group Call","3","KC1JMH / Brad Br","Always","Carrier","Off","1","1","1","Off","12","1","None","None","Off","Off","Off","Off","Normal Encryption","Off","Off","Off","Off","251.1","1","Off","Off","Off","Off","Off","Off","1","0","Off","0","0","0","0","0","0"
"421","PQIME WW Eng","145.18000","144.58000","D-Digital","High","12.5K","Off","Off","WW English","Group Call","13","KC1JMH / Brad Br","Always","Carrier","Off","1","1","1","Off","12","1","None","None","Off","Off","Off","Off","Normal Encryption","Off","Off","Off","Off","251.1","1","Off","Off","Off","Off","Off","Off","1","0","Off","0","0","0","0","0","0"
"422","PQIME WW","145.18000","144.58000","D-Digital","High","12.5K","Off","Off","WW Call","Group Call","1","KC1JMH / Brad Br","Always","Carrier","Off","1","1","1","Off","12","1","None","None","Off","Off","Off","Off","Normal Encryption","Off","Off","Off","Off","251.1","1","Off","Off","Off","Off","Off","Off","1","0","Off","0","0","0","0","0","0"
"423","PQIME SKYWARN","145.18000","144.58000","D-Digital","High","12.5K","Off","Off","SKYWARN","Group Call","759","KC1JMH / Brad Br","Always","Carrier","Off","1","1","1","Off","12","1","None","None","Off","Off","Off","Off","Normal Encryption","Off","Off","Off","Off","251.1","1","Off","Off","Off","Off","Off","Off","1","0","Off","0","0","0","0","0","0"
"424","PQIME Parrot","145.18000","144.58000","D-Digital","High","12.5K","Off","Off","Parrot","Group Call","9998","KC1JMH / Brad Br","Always","Carrier","Off","1","1","1","Off","12","1","None","None","Off","Off","Off","Off","Normal Encryption","Off","Off","Off","Off","251.1","1","Off","Off","Off","Off","Off","Off","1","0","Off","0","0","0","0","0","0"
"425","PTLME Local","145.34000","144.74000","D-Digital","High","12.5K","Off","Off","Local","Group Call","9","KC1JMH / Brad Br","Always","Carrier","Off","1","1","1","Off","12","2","None","None","Off","Off","Off","Off","Normal Encryption","Off","Off","Off","Off","251.1","1","Off","Off","Off","Off","Off","Off","1","0","Off","0","0","0","0","0","0"
"426","PTLME ME SW","145.34000","144.74000","D-Digital","High","12.5K","Off","Off","ME Statewide","Group Call","3123","KC1JMH / Brad Br","Always","Carrier","Off","1","1","1","Off","12","2","None","None","Off","Off","Off","Off","Normal Encryption","Off","Off","Off","Off","251.1","1","Off","Off","Off","Off","Off","Off","1","0","Off","0","0","0","0","0","0"
"427","PTLME NH SW","145.34000","144.74000","D-Digital","High","12.5K","Off","Off","NH Statewide","Group Call","3133","KC1JMH / Brad Br","Always","Carrier","Off","1","1","1","Off","12","2","None","None","Off","Off","Off","Off","Normal Encryption","Off","Off","Off","Off","251.1","1","Off","Off","Off","Off","Off","Off","1","0","Off","0","0","0","0","0","0"
"428","PTLME Reg North","145.34000","144.74000","D-Digital","High","12.5K","Off","Off","Region North","Group Call","8","KC1JMH / Brad Br","Always","Carrier","Off","1","1","1","Off","12","2","None","None","Off","Off","Off","Off","Normal Encryption","Off","Off","Off","Off","251.1","1","Off","Off","Off","Off","Off","Off","1","0","Off","0","0","0","0","0","0"
"429","PTLME NE Wide","145.34000","144.74000","D-Digital","High","12.5K","Off","Off","New England-Wide","Group Call","3181","KC1JMH / Brad Br","Always","Carrier","Off","1","1","1","Off","12","2","None","None","Off","Off","Off","Off","Normal Encryption","Off","Off","Off","Off","251.1","1","Off","Off","Off","Off","Off","Off","1","0","Off","0","0","0","0","0","0"
"430","PTLME NETAC2","145.34000","144.74000","D-Digital","High","12.5K","Off","Off","NETAC2","Group Call","8802","KC1JMH / Brad Br","Always","Carrier","Off","1","1","1","Off","12","2","None","None","Off","Off","Off","Off","Normal Encryption","Off","Off","Off","Off","251.1","1","Off","Off","Off","Off","Off","Off","1","0","Off","0","0","0","0","0","0"
"431","PTLME NETAC1","145.34000","144.74000","D-Digital","High","12.5K","Off","Off","NETAC1","Group Call","8801","KC1JMH / Brad Br","Always","Carrier","Off","1","1","1","Off","12","1","None","None","Off","Off","Off","Off","Normal Encryption","Off","Off","Off","Off","251.1","1","Off","Off","Off","Off","Off","Off","1","0","Off","0","0","0","0","0","0"
"432","PTLME UA Eng1","145.34000","144.74000","D-Digital","High","12.5K","Off","Off","UA English 1-113","Group Call","113","KC1JMH / Brad Br","Always","Carrier","Off","1","1","1","Off","12","1","None","None","Off","Off","Off","Off","Normal Encryption","Off","Off","Off","Off","251.1","1","Off","Off","Off","Off","Off","Off","1","0","Off","0","0","0","0","0","0"
"433","PTLME UA Eng2","145.34000","144.74000","D-Digital","High","12.5K","Off","Off","UA English 2-123","Group Call","123","KC1JMH / Brad Br","Always","Carrier","Off","1","1","1","Off","12","1","None","None","Off","Off","Off","Off","Normal Encryption","Off","Off","Off","Off","251.1","1","Off","Off","Off","Off","Off","Off","1","0","Off","0","0","0","0","0","0"
"434","PTLME TAC310","145.34000","144.74000","D-Digital","High","12.5K","Off","Off","TAC310","Group Call","310","KC1JMH / Brad Br","Always","Carrier","Off","1","1","1","Off","12","1","None","None","Off","Off","Off","Off","Normal Encryption","Off","Off","Off","Off","251.1","1","Off","Off","Off","Off","Off","Off","1","0","Off","0","0","0","0","0","0"
"435","PTLME TAC311","145.34000","144.74000","D-Digital","High","12.5K","Off","Off","TAC311","Group Call","311","KC1JMH / Brad Br","Always","Carrier","Off","1","1","1","Off","12","1","None","None","Off","Off","Off","Off","Normal Encryption","Off","Off","Off","Off","251.1","1","Off","Off","Off","Off","Off","Off","1","0","Off","0","0","0","0","0","0"
"436","PTLME Northeast","145.34000","144.74000","D-Digital","High","12.5K","Off","Off","Northeast","Group Call","3172","KC1JMH / Brad Br","Always","Carrier","Off","1","1","1","Off","12","1","None","None","Off","Off","Off","Off","Normal Encryption","Off","Off","Off","Off","251.1","1","Off","Off","Off","Off","Off","Off","1","0","Off","0","0","0","0","0","0"
"437","PTLME North Am","145.34000","144.74000","D-Digital","High","12.5K","Off","Off","North America","Group Call","3","KC1JMH / Brad Br","Always","Carrier","Off","1","1","1","Off","12","1","None","None","Off","Off","Off","Off","Normal Encryption","Off","Off","Off","Off","251.1","1","Off","Off","Off","Off","Off","Off","1","0","Off","0","0","0","0","0","0"
"438","PTLME WW Eng","145.34000","144.74000","D-Digital","High","12.5K","Off","Off","WW English","Group Call","13","KC1JMH / Brad Br","Always","Carrier","Off","1","1","1","Off","12","1","None","None","Off","Off","Off","Off","Normal Encryption","Off","Off","Off","Off","251.1","1","Off","Off","Off","Off","Off","Off","1","0","Off","0","0","0","0","0","0"
"439","PTLME WW","145.34000","144.74000","D-Digital","High","12.5K","Off","Off","WW Call","Group Call","1","KC1JMH / Brad Br","Always","Carrier","Off","1","1","1","Off","12","1","None","None","Off","Off","Off","Off","Normal Encryption","Off","Off","Off","Off","251.1","1","Off","Off","Off","Off","Off","Off","1","0","Off","0","0","0","0","0","0"
"440","PTLME SKYWARN","145.34000","144.74000","D-Digital","High","12.5K","Off","Off","SKYWARN","Group Call","759","KC1JMH / Brad Br","Always","Carrier","Off","1","1","1","Off","12","1","None","None","Off","Off","Off","Off","Normal Encryption","Off","Off","Off","Off","251.1","1","Off","Off","Off","Off","Off","Off","1","0","Off","0","0","0","0","0","0"
"441","PTLME Parrot","145.34000","144.74000","D-Digital","High","12.5K","Off","Off","Parrot","Group Call","9998","KC1JMH / Brad Br","Always","Carrier","Off","1","1","1","Off","12","1","None","None","Off","Off","Off","Off","Normal Encryption","Off","Off","Off","Off","251.1","1","Off","Off","Off","Off","Off","Off","1","0","Off","0","0","0","0","0","0"
"442","SHPME Local","145.11000","144.51000","D-Digital","High","12.5K","Off","Off","Local","Group Call","9","KC1JMH / Brad Br","Always","Carrier","Off","1","1","1","Off","4","2","None","None","Off","Off","Off","Off","Normal Encryption","Off","Off","Off","Off","251.1","1","Off","Off","Off","Off","Off","Off","1","0","Off","0","0","0","0","0","0"
"443","SHPME ME SW","145.11000","144.51000","D-Digital","Turbo","12.5K","Off","Off","ME Statewide","Group Call","3123","KC1JMH / Brad Br","Always","Carrier","Off","1","1","1","Off","4","2","None","None","Off","Off","Off","Off","Normal Encryption","Off","Off","Off","Off","251.1","1","Off","Off","Off","Off","Off","Off","1","0","Off","0","0","0","0","0","0"
"444","SHPME NH SW","145.11000","144.51000","D-Digital","High","12.5K","Off","Off","NH Statewide","Group Call","3133","KC1JMH / Brad Br","Always","Carrier","Off","1","1","1","Off","4","1","None","None","Off","Off","Off","Off","Normal Encryption","Off","Off","Off","Off","251.1","1","Off","Off","Off","Off","Off","Off","1","0","Off","0","0","0","0","0","0"
"445","SHPME VT SW","145.11000","144.51000","D-Digital","High","12.5K","Off","Off","VT Statewide","Group Call","3150","KC1JMH / Brad Br","Always","Carrier","Off","1","1","1","Off","4","1","None","None","Off","Off","Off","Off","Normal Encryption","Off","Off","Off","Off","251.1","1","Off","Off","Off","Off","Off","Off","1","0","Off","0","0","0","0","0","0"
"446","SHPME Reg North","145.11000","144.51000","D-Digital","High","12.5K","Off","Off","Region North","Group Call","8","KC1JMH / Brad Br","Always","Carrier","Off","1","1","1","Off","4","2","None","None","Off","Off","Off","Off","Normal Encryption","Off","Off","Off","Off","251.1","1","Off","Off","Off","Off","Off","Off","1","0","Off","0","0","0","0","0","0"
"447","SHPME NE Wide","145.11000","144.51000","D-Digital","High","12.5K","Off","Off","New England-Wide","Group Call","3181","KC1JMH / Brad Br","Always","Carrier","Off","1","1","1","Off","4","2","None","None","Off","Off","Off","Off","Normal Encryption","Off","Off","Off","Off","251.1","1","Off","Off","Off","Off","Off","Off","1","0","Off","0","0","0","0","0","0"
"448","SHPME NETAC2","145.11000","144.51000","D-Digital","High","12.5K","Off","Off","NETAC2","Group Call","8802","KC1JMH / Brad Br","Always","Carrier","Off","1","1","1","Off","4","2","None","None","Off","Off","Off","Off","Normal Encryption","Off","Off","Off","Off","251.1","1","Off","Off","Off","Off","Off","Off","1","0","Off","0","0","0","0","0","0"
"449","SHPME NETAC1","145.11000","144.51000","D-Digital","High","12.5K","Off","Off","NETAC1","Group Call","8801","KC1JMH / Brad Br","Always","Carrier","Off","1","1","1","Off","4","1","None","None","Off","Off","Off","Off","Normal Encryption","Off","Off","Off","Off","251.1","1","Off","Off","Off","Off","Off","Off","1","0","Off","0","0","0","0","0","0"
"450","SHPME UA Eng1","145.11000","144.51000","D-Digital","High","12.5K","Off","Off","UA English 1-113","Group Call","113","KC1JMH / Brad Br","Always","Carrier","Off","1","1","1","Off","4","1","None","None","Off","Off","Off","Off","Normal Encryption","Off","Off","Off","Off","251.1","1","Off","Off","Off","Off","Off","Off","1","0","Off","0","0","0","0","0","0"
"451","SHPME UA Eng2","145.11000","144.51000","D-Digital","High","12.5K","Off","Off","UA English 2-123","Group Call","123","KC1JMH / Brad Br","Always","Carrier","Off","1","1","1","Off","4","1","None","None","Off","Off","Off","Off","Normal Encryption","Off","Off","Off","Off","251.1","1","Off","Off","Off","Off","Off","Off","1","0","Off","0","0","0","0","0","0"
"452","SHPME TAC310","145.11000","144.51000","D-Digital","High","12.5K","Off","Off","TAC310","Group Call","310","KC1JMH / Brad Br","Always","Carrier","Off","1","1","1","Off","4","1","None","None","Off","Off","Off","Off","Normal Encryption","Off","Off","Off","Off","251.1","1","Off","Off","Off","Off","Off","Off","1","0","Off","0","0","0","0","0","0"
"453","SHPME TAC311","145.11000","144.51000","D-Digital","High","12.5K","Off","Off","TAC311","Group Call","311","KC1JMH / Brad Br","Always","Carrier","Off","1","1","1","Off","4","1","None","None","Off","Off","Off","Off","Normal Encryption","Off","Off","Off","Off","251.1","1","Off","Off","Off","Off","Off","Off","1","0","Off","0","0","0","0","0","0"
"454","SHPME Northeast","145.11000","144.51000","D-Digital","High","12.5K","Off","Off","Northeast","Group Call","3172","KC1JMH / Brad Br","Always","Carrier","Off","1","1","1","Off","4","1","None","None","Off","Off","Off","Off","Normal Encryption","Off","Off","Off","Off","251.1","1","Off","Off","Off","Off","Off","Off","1","0","Off","0","0","0","0","0","0"
"455","SHPME North Am","145.11000","144.51000","D-Digital","High","12.5K","Off","Off","North America","Group Call","3","KC1JMH / Brad Br","Always","Carrier","Off","1","1","1","Off","4","1","None","None","Off","Off","Off","Off","Normal Encryption","Off","Off","Off","Off","251.1","1","Off","Off","Off","Off","Off","Off","1","0","Off","0","0","0","0","0","0"
"456","SHPME WW Eng","145.11000","144.51000","D-Digital","High","12.5K","Off","Off","WW English","Group Call","13","KC1JMH / Brad Br","Always","Carrier","Off","1","1","1","Off","4","1","None","None","Off","Off","Off","Off","Normal Encryption","Off","Off","Off","Off","251.1","1","Off","Off","Off","Off","Off","Off","1","0","Off","0","0","0","0","0","0"
"457","SHPME WW","145.11000","144.51000","D-Digital","High","12.5K","Off","Off","WW Call","Group Call","1","KC1JMH / Brad Br","Always","Carrier","Off","1","1","1","Off","4","1","None","None","Off","Off","Off","Off","Normal Encryption","Off","Off","Off","Off","251.1","1","Off","Off","Off","Off","Off","Off","1","0","Off","0","0","0","0","0","0"
"458","SHPME SKYWARN","145.11000","144.51000","D-Digital","Turbo","12.5K","Off","Off","SKYWARN","Group Call","759","KC1JMH / Brad Br","Always","Carrier","Off","1","1","1","Off","4","1","None","None","Off","Off","Off","Off","Normal Encryption","Off","Off","Off","Off","251.1","1","Off","Off","Off","Off","Off","Off","1","0","Off","0","0","0","0","0","0"
"459","SHPME Parrot","145.11000","144.51000","D-Digital","High","12.5K","Off","Off","Parrot","Group Call","9998","KC1JMH / Brad Br","Always","Carrier","Off","1","1","1","Off","4","1","None","None","Off","Off","Off","Off","Normal Encryption","Off","Off","Off","Off","251.1","1","Off","Off","Off","Off","Off","Off","1","0","Off","0","0","0","0","0","0"
"460","SMYME Local","147.09000","147.69000","D-Digital","High","12.5K","Off","Off","Local","Group Call","9","KC1JMH / Brad Br","Always","Carrier","Off","1","1","1","Off","12","2","None","None","Off","Off","Off","Off","Normal Encryption","Off","Off","Off","Off","251.1","1","Off","Off","Off","Off","Off","Off","1","0","Off","0","0","0","0","0","0"
"461","SMYME ME SW","147.09000","147.69000","D-Digital","High","12.5K","Off","Off","ME Statewide","Group Call","3123","KC1JMH / Brad Br","Always","Carrier","Off","1","1","1","Off","12","2","None","None","Off","Off","Off","Off","Normal Encryption","Off","Off","Off","Off","251.1","1","Off","Off","Off","Off","Off","Off","1","0","Off","0","0","0","0","0","0"
"462","SMYME NH SW","147.09000","147.69000","D-Digital","High","12.5K","Off","Off","NH Statewide","Group Call","3133","KC1JMH / Brad Br","Always","Carrier","Off","1","1","1","Off","12","2","None","None","Off","Off","Off","Off","Normal Encryption","Off","Off","Off","Off","251.1","1","Off","Off","Off","Off","Off","Off","1","0","Off","0","0","0","0","0","0"
"463","SMYME Reg North","147.09000","147.69000","D-Digital","High","12.5K","Off","Off","Region North","Group Call","8","KC1JMH / Brad Br","Always","Carrier","Off","1","1","1","Off","12","2","None","None","Off","Off","Off","Off","Normal Encryption","Off","Off","Off","Off","251.1","1","Off","Off","Off","Off","Off","Off","1","0","Off","0","0","0","0","0","0"
"464","SMYME NE Wide","147.09000","147.69000","D-Digital","High","12.5K","Off","Off","New England-Wide","Group Call","3181","KC1JMH / Brad Br","Always","Carrier","Off","1","1","1","Off","12","2","None","None","Off","Off","Off","Off","Normal Encryption","Off","Off","Off","Off","251.1","1","Off","Off","Off","Off","Off","Off","1","0","Off","0","0","0","0","0","0"
"465","SMYME NEWBRNSWCK","147.09000","147.69000","D-Digital","High","12.5K","Off","Off","New Brunswick","Group Call","3029","KC1JMH / Brad Br","Always","Carrier","Off","1","1","1","Off","12","2","None","None","Off","Off","Off","Off","Normal Encryption","Off","Off","Off","Off","251.1","1","Off","Off","Off","Off","Off","Off","1","0","Off","0","0","0","0","0","0"
"466","SMYME NETAC2","147.09000","147.69000","D-Digital","High","12.5K","Off","Off","NETAC2","Group Call","8802","KC1JMH / Brad Br","Always","Carrier","Off","1","1","1","Off","12","2","None","None","Off","Off","Off","Off","Normal Encryption","Off","Off","Off","Off","251.1","1","Off","Off","Off","Off","Off","Off","1","0","Off","0","0","0","0","0","0"
"467","SMYME NETAC1","147.09000","147.69000","D-Digital","High","12.5K","Off","Off","NETAC1","Group Call","8801","KC1JMH / Brad Br","Always","Carrier","Off","1","1","1","Off","12","1","None","None","Off","Off","Off","Off","Normal Encryption","Off","Off","Off","Off","251.1","1","Off","Off","Off","Off","Off","Off","1","0","Off","0","0","0","0","0","0"
"468","SMYME UA Eng1","147.09000","147.69000","D-Digital","High","12.5K","Off","Off","UA English 1-113","Group Call","113","KC1JMH / Brad Br","Always","Carrier","Off","1","1","1","Off","12","1","None","None","Off","Off","Off","Off","Normal Encryption","Off","Off","Off","Off","251.1","1","Off","Off","Off","Off","Off","Off","1","0","Off","0","0","0","0","0","0"
"469","SMYME UA Eng2","147.09000","147.69000","D-Digital","High","12.5K","Off","Off","UA English 2-123","Group Call","123","KC1JMH / Brad Br","Always","Carrier","Off","1","1","1","Off","12","1","None","None","Off","Off","Off","Off","Normal Encryption","Off","Off","Off","Off","251.1","1","Off","Off","Off","Off","Off","Off","1","0","Off","0","0","0","0","0","0"
"470","SMYME TAC310","147.09000","147.69000","D-Digital","High","12.5K","Off","Off","TAC310","Group Call","310","KC1JMH / Brad Br","Always","Carrier","Off","1","1","1","Off","12","1","None","None","Off","Off","Off","Off","Normal Encryption","Off","Off","Off","Off","251.1","1","Off","Off","Off","Off","Off","Off","1","0","Off","0","0","0","0","0","0"
"471","SMYME TAC311","147.09000","147.69000","D-Digital","High","12.5K","Off","Off","TAC311","Group Call","311","KC1JMH / Brad Br","Always","Carrier","Off","1","1","1","Off","12","1","None","None","Off","Off","Off","Off","Normal Encryption","Off","Off","Off","Off","251.1","1","Off","Off","Off","Off","Off","Off","1","0","Off","0","0","0","0","0","0"
"472","SMYME Northeast","147.09000","147.69000","D-Digital","High","12.5K","Off","Off","Northeast","Group Call","3172","KC1JMH / Brad Br","Always","Carrier","Off","1","1","1","Off","12","1","None","None","Off","Off","Off","Off","Normal Encryption","Off","Off","Off","Off","251.1","1","Off","Off","Off","Off","Off","Off","1","0","Off","0","0","0","0","0","0"
"473","SMYME North Am","147.09000","147.69000","D-Digital","High","12.5K","Off","Off","North America","Group Call","3","KC1JMH / Brad Br","Always","Carrier","Off","1","1","1","Off","12","1","None","None","Off","Off","Off","Off","Normal Encryption","Off","Off","Off","Off","251.1","1","Off","Off","Off","Off","Off","Off","1","0","Off","0","0","0","0","0","0"
"474","SMYME WW Eng","147.09000","147.69000","D-Digital","High","12.5K","Off","Off","WW English","Group Call","13","KC1JMH / Brad Br","Always","Carrier","Off","1","1","1","Off","12","1","None","None","Off","Off","Off","Off","Normal Encryption","Off","Off","Off","Off","251.1","1","Off","Off","Off","Off","Off","Off","1","0","Off","0","0","0","0","0","0"
"475","SMYME WW","147.09000","147.69000","D-Digital","High","12.5K","Off","Off","WW Call","Group Call","1","KC1JMH / Brad Br","Always","Carrier","Off","1","1","1","Off","12","1","None","None","Off","Off","Off","Off","Normal Encryption","Off","Off","Off","Off","251.1","1","Off","Off","Off","Off","Off","Off","1","0","Off","0","0","0","0","0","0"
"476","SMYME SKYWARN","147.09000","147.69000","D-Digital","High","12.5K","Off","Off","SKYWARN","Group Call","759","KC1JMH / Brad Br","Always","Carrier","Off","1","1","1","Off","12","1","None","None","Off","Off","Off","Off","Normal Encryption","Off","Off","Off","Off","251.1","1","Off","Off","Off","Off","Off","Off","1","0","Off","0","0","0","0","0","0"
"477","SMYME Parrot","147.09000","147.69000","D-Digital","High","12.5K","Off","Off","Parrot","Group Call","9998","KC1JMH / Brad Br","Always","Carrier","Off","1","1","1","Off","12","1","None","None","Off","Off","Off","Off","Normal Encryption","Off","Off","Off","Off","251.1","1","Off","Off","Off","Off","Off","Off","1","0","Off","0","0","0","0","0","0"
"478","SIDME Local","145.24000","144.64000","D-Digital","High","12.5K","Off","Off","Local","Group Call","9","KC1JMH / Brad Br","Always","Carrier","Off","1","1","1","Off","12","2","None","None","Off","Off","Off","Off","Normal Encryption","Off","Off","Off","Off","251.1","1","Off","Off","Off","Off","Off","Off","1","0","Off","0","0","0","0","0","0"
"479","SIDME ME SW","145.24000","144.64000","D-Digital","High","12.5K","Off","Off","ME Statewide","Group Call","3123","KC1JMH / Brad Br","Always","Carrier","Off","1","1","1","Off","12","2","None","None","Off","Off","Off","Off","Normal Encryption","Off","Off","Off","Off","251.1","1","Off","Off","Off","Off","Off","Off","1","0","Off","0","0","0","0","0","0"
"480","SIDME NH SW","145.24000","144.64000","D-Digital","High","12.5K","Off","Off","NH Statewide","Group Call","3133","KC1JMH / Brad Br","Always","Carrier","Off","1","1","1","Off","12","2","None","None","Off","Off","Off","Off","Normal Encryption","Off","Off","Off","Off","251.1","1","Off","Off","Off","Off","Off","Off","1","0","Off","0","0","0","0","0","0"
"481","SIDME Reg North","145.24000","144.64000","D-Digital","High","12.5K","Off","Off","Region North","Group Call","8","KC1JMH / Brad Br","Always","Carrier","Off","1","1","1","Off","12","2","None","None","Off","Off","Off","Off","Normal Encryption","Off","Off","Off","Off","251.1","1","Off","Off","Off","Off","Off","Off","1","0","Off","0","0","0","0","0","0"
"482","SIDME NE Wide","145.24000","144.64000","D-Digital","High","12.5K","Off","Off","New England-Wide","Group Call","3181","KC1JMH / Brad Br","Always","Carrier","Off","1","1","1","Off","12","2","None","None","Off","Off","Off","Off","Normal Encryption","Off","Off","Off","Off","251.1","1","Off","Off","Off","Off","Off","Off","1","0","Off","0","0","0","0","0","0"
"483","SIDME NETAC2","145.24000","144.64000","D-Digital","High","12.5K","Off","Off","NETAC2","Group Call","8802","KC1JMH / Brad Br","Always","Carrier","Off","1","1","1","Off","12","2","None","None","Off","Off","Off","Off","Normal Encryption","Off","Off","Off","Off","251.1","1","Off","Off","Off","Off","Off","Off","1","0","Off","0","0","0","0","0","0"
"484","SIDME NETAC1","145.24000","144.64000","D-Digital","High","12.5K","Off","Off","NETAC1","Group Call","8801","KC1JMH / Brad Br","Always","Carrier","Off","1","1","1","Off","12","1","None","None","Off","Off","Off","Off","Normal Encryption","Off","Off","Off","Off","251.1","1","Off","Off","Off","Off","Off","Off","1","0","Off","0","0","0","0","0","0"
"485","SIDME UA Eng1","145.24000","144.64000","D-Digital","High","12.5K","Off","Off","UA English 1-113","Group Call","113","KC1JMH / Brad Br","Always","Carrier","Off","1","1","1","Off","12","1","None","None","Off","Off","Off","Off","Normal Encryption","Off","Off","Off","Off","251.1","1","Off","Off","Off","Off","Off","Off","1","0","Off","0","0","0","0","0","0"
"486","SIDME UA Eng2","145.24000","144.64000","D-Digital","High","12.5K","Off","Off","UA English 2-123","Group Call","123","KC1JMH / Brad Br","Always","Carrier","Off","1","1","1","Off","12","1","None","None","Off","Off","Off","Off","Normal Encryption","Off","Off","Off","Off","251.1","1","Off","Off","Off","Off","Off","Off","1","0","Off","0","0","0","0","0","0"
"487","SIDME TAC310","145.24000","144.64000","D-Digital","High","12.5K","Off","Off","TAC310","Group Call","310","KC1JMH / Brad Br","Always","Carrier","Off","1","1","1","Off","12","1","None","None","Off","Off","Off","Off","Normal Encryption","Off","Off","Off","Off","251.1","1","Off","Off","Off","Off","Off","Off","1","0","Off","0","0","0","0","0","0"
"488","SIDME TAC311","145.24000","144.64000","D-Digital","High","12.5K","Off","Off","TAC311","Group Call","311","KC1JMH / Brad Br","Always","Carrier","Off","1","1","1","Off","12","1","None","None","Off","Off","Off","Off","Normal Encryption","Off","Off","Off","Off","251.1","1","Off","Off","Off","Off","Off","Off","1","0","Off","0","0","0","0","0","0"
"489","SIDME Northeast","145.24000","144.64000","D-Digital","High","12.5K","Off","Off","Northeast","Group Call","3172","KC1JMH / Brad Br","Always","Carrier","Off","1","1","1","Off","12","1","None","None","Off","Off","Off","Off","Normal Encryption","Off","Off","Off","Off","251.1","1","Off","Off","Off","Off","Off","Off","1","0","Off","0","0","0","0","0","0"
"490","SIDME North Am","145.24000","144.64000","D-Digital","High","12.5K","Off","Off","North America","Group Call","3","KC1JMH / Brad Br","Always","Carrier","Off","1","1","1","Off","12","1","None","None","Off","Off","Off","Off","Normal Encryption","Off","Off","Off","Off","251.1","1","Off","Off","Off","Off","Off","Off","1","0","Off","0","0","0","0","0","0"
"491","SIDME WW Eng","145.24000","144.64000","D-Digital","High","12.5K","Off","Off","WW English","Group Call","13","KC1JMH / Brad Br","Always","Carrier","Off","1","1","1","Off","12","1","None","None","Off","Off","Off","Off","Normal Encryption","Off","Off","Off","Off","251.1","1","Off","Off","Off","Off","Off","Off","1","0","Off","0","0","0","0","0","0"
"492","SIDME WW","145.24000","144.64000","D-Digital","High","12.5K","Off","Off","WW Call","Group Call","1","KC1JMH / Brad Br","Always","Carrier","Off","1","1","1","Off","12","1","None","None","Off","Off","Off","Off","Normal Encryption","Off","Off","Off","Off","251.1","1","Off","Off","Off","Off","Off","Off","1","0","Off","0","0","0","0","0","0"
"493","SIDME SKYWARN","145.24000","144.64000","D-Digital","High","12.5K","Off","Off","SKYWARN","Group Call","759","KC1JMH / Brad Br","Always","Carrier","Off","1","1","1","Off","12","1","None","None","Off","Off","Off","Off","Normal Encryption","Off","Off","Off","Off","251.1","1","Off","Off","Off","Off","Off","Off","1","0","Off","0","0","0","0","0","0"
"494","SIDME Parrot","145.24000","144.64000","D-Digital","High","12.5K","Off","Off","Parrot","Group Call","9998","KC1JMH / Brad Br","Always","Carrier","Off","1","1","1","Off","12","1","None","None","Off","Off","Off","Off","Normal Encryption","Off","Off","Off","Off","251.1","1","Off","Off","Off","Off","Off","Off","1","0","Off","0","0","0","0","0","0"
"495","TPMME Local","145.19000","144.59000","D-Digital","High","12.5K","Off","Off","Local","Group Call","9","KC1JMH / Brad Br","Always","Carrier","Off","1","1","1","Off","13","2","None","None","Off","Off","Off","Off","Normal Encryption","Off","Off","Off","Off","251.1","1","Off","Off","Off","Off","Off","Off","1","0","Off","0","0","0","0","0","0"
"496","TPMME ME SW","145.19000","144.59000","D-Digital","High","12.5K","Off","Off","ME Statewide","Group Call","3123","KC1JMH / Brad Br","Always","Carrier","Off","1","1","1","Off","13","2","None","None","Off","Off","Off","Off","Normal Encryption","Off","Off","Off","Off","251.1","1","Off","Off","Off","Off","Off","Off","1","0","Off","0","0","0","0","0","0"
"497","TPMME NH SW","145.19000","144.59000","D-Digital","High","12.5K","Off","Off","NH Statewide","Group Call","3133","KC1JMH / Brad Br","Always","Carrier","Off","1","1","1","Off","13","2","None","None","Off","Off","Off","Off","Normal Encryption","Off","Off","Off","Off","251.1","1","Off","Off","Off","Off","Off","Off","1","0","Off","0","0","0","0","0","0"
"498","TPMME Reg North","145.19000","144.59000","D-Digital","High","12.5K","Off","Off","Region North","Group Call","8","KC1JMH / Brad Br","Always","Carrier","Off","1","1","1","Off","13","2","None","None","Off","Off","Off","Off","Normal Encryption","Off","Off","Off","Off","251.1","1","Off","Off","Off","Off","Off","Off","1","0","Off","0","0","0","0","0","0"
"499","TPMME NE Wide","145.19000","144.59000","D-Digital","High","12.5K","Off","Off","New England-Wide","Group Call","3181","KC1JMH / Brad Br","Always","Carrier","Off","1","1","1","Off","13","2","None","None","Off","Off","Off","Off","Normal Encryption","Off","Off","Off","Off","251.1","1","Off","Off","Off","Off","Off","Off","1","0","Off","0","0","0","0","0","0"
"500","TPMME NETAC2","145.19000","144.59000","D-Digital","High","12.5K","Off","Off","NETAC2","Group Call","8802","KC1JMH / Brad Br","Always","Carrier","Off","1","1","1","Off","13","2","None","None","Off","Off","Off","Off","Normal Encryption","Off","Off","Off","Off","251.1","1","Off","Off","Off","Off","Off","Off","1","0","Off","0","0","0","0","0","0"
"501","TPMME NETAC1","145.19000","144.59000","D-Digital","High","12.5K","Off","Off","NETAC1","Group Call","8801","KC1JMH / Brad Br","Always","Carrier","Off","1","1","1","Off","13","1","None","None","Off","Off","Off","Off","Normal Encryption","Off","Off","Off","Off","251.1","1","Off","Off","Off","Off","Off","Off","1","0","Off","0","0","0","0","0","0"
"502","TPMME UA Eng1","145.19000","144.59000","D-Digital","High","12.5K","Off","Off","UA English 1-113","Group Call","113","KC1JMH / Brad Br","Always","Carrier","Off","1","1","1","Off","13","1","None","None","Off","Off","Off","Off","Normal Encryption","Off","Off","Off","Off","251.1","1","Off","Off","Off","Off","Off","Off","1","0","Off","0","0","0","0","0","0"
"503","TPMME UA Eng2","145.19000","144.59000","D-Digital","High","12.5K","Off","Off","UA English 2-123","Group Call","123","KC1JMH / Brad Br","Always","Carrier","Off","1","1","1","Off","13","1","None","None","Off","Off","Off","Off","Normal Encryption","Off","Off","Off","Off","251.1","1","Off","Off","Off","Off","Off","Off","1","0","Off","0","0","0","0","0","0"
"504","TPMME TAC310","145.19000","144.59000","D-Digital","High","12.5K","Off","Off","TAC310","Group Call","310","KC1JMH / Brad Br","Always","Carrier","Off","1","1","1","Off","13","1","None","None","Off","Off","Off","Off","Normal Encryption","Off","Off","Off","Off","251.1","1","Off","Off","Off","Off","Off","Off","1","0","Off","0","0","0","0","0","0"
"505","TPMME TAC311","145.19000","144.59000","D-Digital","High","12.5K","Off","Off","TAC311","Group Call","311","KC1JMH / Brad Br","Always","Carrier","Off","1","1","1","Off","13","1","None","None","Off","Off","Off","Off","Normal Encryption","Off","Off","Off","Off","251.1","1","Off","Off","Off","Off","Off","Off","1","0","Off","0","0","0","0","0","0"
"506","TPMME Northeast","145.19000","144.59000","D-Digital","High","12.5K","Off","Off","Northeast","Group Call","3172","KC1JMH / Brad Br","Always","Carrier","Off","1","1","1","Off","13","1","None","None","Off","Off","Off","Off","Normal Encryption","Off","Off","Off","Off","251.1","1","Off","Off","Off","Off","Off","Off","1","0","Off","0","0","0","0","0","0"
"507","TPMME North Am","145.19000","144.59000","D-Digital","High","12.5K","Off","Off","North America","Group Call","3","KC1JMH / Brad Br","Always","Carrier","Off","1","1","1","Off","13","1","None","None","Off","Off","Off","Off","Normal Encryption","Off","Off","Off","Off","251.1","1","Off","Off","Off","Off","Off","Off","1","0","Off","0","0","0","0","0","0"
"508","TPMME WW Eng","145.19000","144.59000","D-Digital","High","12.5K","Off","Off","WW English","Group Call","13","KC1JMH / Brad Br","Always","Carrier","Off","1","1","1","Off","13","1","None","None","Off","Off","Off","Off","Normal Encryption","Off","Off","Off","Off","251.1","1","Off","Off","Off","Off","Off","Off","1","0","Off","0","0","0","0","0","0"
"509","TPMME WW","145.19000","144.59000","D-Digital","High","12.5K","Off","Off","WW Call","Group Call","1","KC1JMH / Brad Br","Always","Carrier","Off","1","1","1","Off","13","1","None","None","Off","Off","Off","Off","Normal Encryption","Off","Off","Off","Off","251.1","1","Off","Off","Off","Off","Off","Off","1","0","Off","0","0","0","0","0","0"
"510","TPMME SKYWARN","145.19000","144.59000","D-Digital","High","12.5K","Off","Off","SKYWARN","Group Call","759","KC1JMH / Brad Br","Always","Carrier","Off","1","1","1","Off","13","1","None","None","Off","Off","Off","Off","Normal Encryption","Off","Off","Off","Off","251.1","1","Off","Off","Off","Off","Off","Off","1","0","Off","0","0","0","0","0","0"
"511","TPMME Parrot","145.19000","144.59000","D-Digital","High","12.5K","Off","Off","Parrot","Group Call","9998","KC1JMH / Brad Br","Always","Carrier","Off","1","1","1","Off","13","1","None","None","Off","Off","Off","Off","Normal Encryption","Off","Off","Off","Off","251.1","1","Off","Off","Off","Off","Off","Off","1","0","Off","0","0","0","0","0","0"
"512","BOWNH Local","145.17000","144.57000","D-Digital","High","12.5K","Off","Off","Local","Group Call","9","KC1JMH / Brad Br","Always","Carrier","Off","1","1","1","Off","8","2","None","None","Off","Off","Off","Off","Normal Encryption","Off","Off","Off","Off","251.1","1","Off","Off","Off","Off","Off","Off","1","0","Off","0","0","0","0","0","0"
"513","BOWNH NH SW","145.17000","144.57000","D-Digital","High","12.5K","Off","Off","NH Statewide","Group Call","3133","KC1JMH / Brad Br","Always","Carrier","Off","1","1","1","Off","8","2","None","None","Off","Off","Off","Off","Normal Encryption","Off","Off","Off","Off","251.1","1","Off","Off","Off","Off","Off","Off","1","0","Off","0","0","0","0","0","0"
"514","BOWNH Reg North","145.17000","144.57000","D-Digital","High","12.5K","Off","Off","Region North","Group Call","8","KC1JMH / Brad Br","Always","Carrier","Off","1","1","1","Off","8","2","None","None","Off","Off","Off","Off","Normal Encryption","Off","Off","Off","Off","251.1","1","Off","Off","Off","Off","Off","Off","1","0","Off","0","0","0","0","0","0"
"515","BOWNH NE Wide","145.17000","144.57000","D-Digital","High","12.5K","Off","Off","New England-Wide","Group Call","3181","KC1JMH / Brad Br","Always","Carrier","Off","1","1","1","Off","8","2","None","None","Off","Off","Off","Off","Normal Encryption","Off","Off","Off","Off","251.1","1","Off","Off","Off","Off","Off","Off","1","0","Off","0","0","0","0","0","0"
"516","BOWNH NETAC2","145.17000","144.57000","D-Digital","High","12.5K","Off","Off","NETAC2","Group Call","8802","KC1JMH / Brad Br","Always","Carrier","Off","1","1","1","Off","8","2","None","None","Off","Off","Off","Off","Normal Encryption","Off","Off","Off","Off","251.1","1","Off","Off","Off","Off","Off","Off","1","0","Off","0","0","0","0","0","0"
"517","BOWNH NETAC1","145.17000","144.57000","D-Digital","High","12.5K","Off","Off","NETAC1","Group Call","8801","KC1JMH / Brad Br","Always","Carrier","Off","1","1","1","Off","8","1","None","None","Off","Off","Off","Off","Normal Encryption","Off","Off","Off","Off","251.1","1","Off","Off","Off","Off","Off","Off","1","0","Off","0","0","0","0","0","0"
"518","BOWNH UA Eng1","145.17000","144.57000","D-Digital","High","12.5K","Off","Off","UA English 1-113","Group Call","113","KC1JMH / Brad Br","Always","Carrier","Off","1","1","1","Off","8","1","None","None","Off","Off","Off","Off","Normal Encryption","Off","Off","Off","Off","251.1","1","Off","Off","Off","Off","Off","Off","1","0","Off","0","0","0","0","0","0"
"519","BOWNH UA Eng2","145.17000","144.57000","D-Digital","High","12.5K","Off","Off","UA English 2-123","Group Call","123","KC1JMH / Brad Br","Always","Carrier","Off","1","1","1","Off","8","1","None","None","Off","Off","Off","Off","Normal Encryption","Off","Off","Off","Off","251.1","1","Off","Off","Off","Off","Off","Off","1","0","Off","0","0","0","0","0","0"
"520","BOWNH TAC310","145.17000","144.57000","D-Digital","High","12.5K","Off","Off","TAC310","Group Call","310","KC1JMH / Brad Br","Always","Carrier","Off","1","1","1","Off","8","1","None","None","Off","Off","Off","Off","Normal Encryption","Off","Off","Off","Off","251.1","1","Off","Off","Off","Off","Off","Off","1","0","Off","0","0","0","0","0","0"
"521","BOWNH TAC311","145.17000","144.57000","D-Digital","High","12.5K","Off","Off","TAC311","Group Call","311","KC1JMH / Brad Br","Always","Carrier","Off","1","1","1","Off","8","1","None","None","Off","Off","Off","Off","Normal Encryption","Off","Off","Off","Off","251.1","1","Off","Off","Off","Off","Off","Off","1","0","Off","0","0","0","0","0","0"
"522","BOWNH Northeast","145.17000","144.57000","D-Digital","High","12.5K","Off","Off","Northeast","Group Call","3172","KC1JMH / Brad Br","Always","Carrier","Off","1","1","1","Off","8","1","None","None","Off","Off","Off","Off","Normal Encryption","Off","Off","Off","Off","251.1","1","Off","Off","Off","Off","Off","Off","1","0","Off","0","0","0","0","0","0"
"523","BOWNH North Am","145.17000","144.57000","D-Digital","High","12.5K","Off","Off","North America","Group Call","3","KC1JMH / Brad Br","Always","Carrier","Off","1","1","1","Off","8","1","None","None","Off","Off","Off","Off","Normal Encryption","Off","Off","Off","Off","251.1","1","Off","Off","Off","Off","Off","Off","1","0","Off","0","0","0","0","0","0"
"524","BOWNH WW Eng","145.17000","144.57000","D-Digital","High","12.5K","Off","Off","WW English","Group Call","13","KC1JMH / Brad Br","Always","Carrier","Off","1","1","1","Off","8","1","None","None","Off","Off","Off","Off","Normal Encryption","Off","Off","Off","Off","251.1","1","Off","Off","Off","Off","Off","Off","1","0","Off","0","0","0","0","0","0"
"525","BOWNH WW","145.17000","144.57000","D-Digital","High","12.5K","Off","Off","WW Call","Group Call","1","KC1JMH / Brad Br","Always","Carrier","Off","1","1","1","Off","8","1","None","None","Off","Off","Off","Off","Normal Encryption","Off","Off","Off","Off","251.1","1","Off","Off","Off","Off","Off","Off","1","0","Off","0","0","0","0","0","0"
"526","BOWNH SKYWARN","145.17000","144.57000","D-Digital","High","12.5K","Off","Off","SKYWARN","Group Call","759","KC1JMH / Brad Br","Always","Carrier","Off","1","1","1","Off","8","1","None","None","Off","Off","Off","Off","Normal Encryption","Off","Off","Off","Off","251.1","1","Off","Off","Off","Off","Off","Off","1","0","Off","0","0","0","0","0","0"
"527","BOWNH Parrot","145.17000","144.57000","D-Digital","High","12.5K","Off","Off","Parrot","Group Call","9998","KC1JMH / Brad Br","Always","Carrier","Off","1","1","1","Off","8","1","None","None","Off","Off","Off","Off","Normal Encryption","Off","Off","Off","Off","251.1","1","Off","Off","Off","Off","Off","Off","1","0","Off","0","0","0","0","0","0"
"528","CHSNH Local","145.19000","144.59000","D-Digital","High","12.5K","Off","Off","Local","Group Call","9","KC1JMH / Brad Br","Always","Carrier","Off","1","1","1","Off","9","2","None","None","Off","Off","Off","Off","Normal Encryption","Off","Off","Off","Off","251.1","1","Off","Off","Off","Off","Off","Off","1","0","Off","0","0","0","0","0","0"
"529","CHSNH NH SW","145.19000","144.59000","D-Digital","High","12.5K","Off","Off","NH Statewide","Group Call","3133","KC1JMH / Brad Br","Always","Carrier","Off","1","1","1","Off","9","2","None","None","Off","Off","Off","Off","Normal Encryption","Off","Off","Off","Off","251.1","1","Off","Off","Off","Off","Off","Off","1","0","Off","0","0","0","0","0","0"
"530","CHSNH MA SW","145.19000","144.59000","D-Digital","High","12.5K","Off","Off","MA Statewide","Group Call","3125","KC1JMH / Brad Br","Always","Carrier","Off","1","1","1","Off","9","2","None","None","Off","Off","Off","Off","Normal Encryption","Off","Off","Off","Off","251.1","1","Off","Off","Off","Off","Off","Off","1","0","Off","0","0","0","0","0","0"
"531","CHSNH Reg North","145.19000","144.59000","D-Digital","High","12.5K","Off","Off","Region North","Group Call","8","KC1JMH / Brad Br","Always","Carrier","Off","1","1","1","Off","9","2","None","None","Off","Off","Off","Off","Normal Encryption","Off","Off","Off","Off","251.1","1","Off","Off","Off","Off","Off","Off","1","0","Off","0","0","0","0","0","0"
"532","CHSNH NE Wide","145.19000","144.59000","D-Digital","High","12.5K","Off","Off","New England-Wide","Group Call","3181","KC1JMH / Brad Br","Always","Carrier","Off","1","1","1","Off","9","2","None","None","Off","Off","Off","Off","Normal Encryption","Off","Off","Off","Off","251.1","1","Off","Off","Off","Off","Off","Off","1","0","Off","0","0","0","0","0","0"
"533","CHSNH NETAC2","145.19000","144.59000","D-Digital","High","12.5K","Off","Off","NETAC2","Group Call","8802","KC1JMH / Brad Br","Always","Carrier","Off","1","1","1","Off","9","2","None","None","Off","Off","Off","Off","Normal Encryption","Off","Off","Off","Off","251.1","1","Off","Off","Off","Off","Off","Off","1","0","Off","0","0","0","0","0","0"
"534","CHSNH NETAC1","145.19000","144.59000","D-Digital","High","12.5K","Off","Off","NETAC1","Group Call","8801","KC1JMH / Brad Br","Always","Carrier","Off","1","1","1","Off","9","1","None","None","Off","Off","Off","Off","Normal Encryption","Off","Off","Off","Off","251.1","1","Off","Off","Off","Off","Off","Off","1","0","Off","0","0","0","0","0","0"
"535","CHSNH UA Eng1","145.19000","144.59000","D-Digital","High","12.5K","Off","Off","UA English 1-113","Group Call","113","KC1JMH / Brad Br","Always","Carrier","Off","1","1","1","Off","9","1","None","None","Off","Off","Off","Off","Normal Encryption","Off","Off","Off","Off","251.1","1","Off","Off","Off","Off","Off","Off","1","0","Off","0","0","0","0","0","0"
"536","CHSNH UA Eng2","145.19000","144.59000","D-Digital","High","12.5K","Off","Off","UA English 2-123","Group Call","123","KC1JMH / Brad Br","Always","Carrier","Off","1","1","1","Off","9","1","None","None","Off","Off","Off","Off","Normal Encryption","Off","Off","Off","Off","251.1","1","Off","Off","Off","Off","Off","Off","1","0","Off","0","0","0","0","0","0"
"537","CHSNH TAC310","145.19000","144.59000","D-Digital","High","12.5K","Off","Off","TAC310","Group Call","310","KC1JMH / Brad Br","Always","Carrier","Off","1","1","1","Off","9","1","None","None","Off","Off","Off","Off","Normal Encryption","Off","Off","Off","Off","251.1","1","Off","Off","Off","Off","Off","Off","1","0","Off","0","0","0","0","0","0"
"538","CHSNH TAC311","145.19000","144.59000","D-Digital","High","12.5K","Off","Off","TAC311","Group Call","311","KC1JMH / Brad Br","Always","Carrier","Off","1","1","1","Off","9","1","None","None","Off","Off","Off","Off","Normal Encryption","Off","Off","Off","Off","251.1","1","Off","Off","Off","Off","Off","Off","1","0","Off","0","0","0","0","0","0"
"539","CHSNH Northeast","145.19000","144.59000","D-Digital","High","12.5K","Off","Off","Northeast","Group Call","3172","KC1JMH / Brad Br","Always","Carrier","Off","1","1","1","Off","9","1","None","None","Off","Off","Off","Off","Normal Encryption","Off","Off","Off","Off","251.1","1","Off","Off","Off","Off","Off","Off","1","0","Off","0","0","0","0","0","0"
"540","CHSNH North Am","145.19000","144.59000","D-Digital","High","12.5K","Off","Off","North America","Group Call","3","KC1JMH / Brad Br","Always","Carrier","Off","1","1","1","Off","9","1","None","None","Off","Off","Off","Off","Normal Encryption","Off","Off","Off","Off","251.1","1","Off","Off","Off","Off","Off","Off","1","0","Off","0","0","0","0","0","0"
"541","CHSNH WW Eng","145.19000","144.59000","D-Digital","High","12.5K","Off","Off","WW English","Group Call","13","KC1JMH / Brad Br","Always","Carrier","Off","1","1","1","Off","9","1","None","None","Off","Off","Off","Off","Normal Encryption","Off","Off","Off","Off","251.1","1","Off","Off","Off","Off","Off","Off","1","0","Off","0","0","0","0","0","0"
"542","CHSNH WW","145.19000","144.59000","D-Digital","High","12.5K","Off","Off","WW Call","Group Call","1","KC1JMH / Brad Br","Always","Carrier","Off","1","1","1","Off","9","1","None","None","Off","Off","Off","Off","Normal Encryption","Off","Off","Off","Off","251.1","1","Off","Off","Off","Off","Off","Off","1","0","Off","0","0","0","0","0","0"
"543","CHSNH SKYWARN","145.19000","144.59000","D-Digital","High","12.5K","Off","Off","SKYWARN","Group Call","759","KC1JMH / Brad Br","Always","Carrier","Off","1","1","1","Off","9","1","None","None","Off","Off","Off","Off","Normal Encryption","Off","Off","Off","Off","251.1","1","Off","Off","Off","Off","Off","Off","1","0","Off","0","0","0","0","0","0"
"544","CHSNH Parrot","145.19000","144.59000","D-Digital","High","12.5K","Off","Off","Parrot","Group Call","9998","KC1JMH / Brad Br","Always","Carrier","Off","1","1","1","Off","9","1","None","None","Off","Off","Off","Off","Normal Encryption","Off","Off","Off","Off","251.1","1","Off","Off","Off","Off","Off","Off","1","0","Off","0","0","0","0","0","0"
"545","CLKNH Local","145.25000","144.65000","D-Digital","High","12.5K","Off","Off","Local","Group Call","9","KC1JMH / Brad Br","Always","Carrier","Off","1","1","1","Off","0","2","None","None","Off","Off","Off","Off","Normal Encryption","Off","Off","Off","Off","251.1","1","Off","Off","Off","Off","Off","Off","1","0","Off","0","0","0","0","0","0"
"546","CLKNH NH SW","145.25000","144.65000","D-Digital","High","12.5K","Off","Off","NH Statewide","Group Call","3133","KC1JMH / Brad Br","Always","Carrier","Off","1","1","1","Off","0","2","None","None","Off","Off","Off","Off","Normal Encryption","Off","Off","Off","Off","251.1","1","Off","Off","Off","Off","Off","Off","1","0","Off","0","0","0","0","0","0"
"547","CLKNH VT SW","145.25000","144.65000","D-Digital","High","12.5K","Off","Off","VT Statewide","Group Call","3150","KC1JMH / Brad Br","Always","Carrier","Off","1","1","1","Off","0","2","None","None","Off","Off","Off","Off","Normal Encryption","Off","Off","Off","Off","251.1","1","Off","Off","Off","Off","Off","Off","1","0","Off","0","0","0","0","0","0"
"548","CLKNH Reg North","145.25000","144.65000","D-Digital","High","12.5K","Off","Off","Region North","Group Call","8","KC1JMH / Brad Br","Always","Carrier","Off","1","1","1","Off","0","2","None","None","Off","Off","Off","Off","Normal Encryption","Off","Off","Off","Off","251.1","1","Off","Off","Off","Off","Off","Off","1","0","Off","0","0","0","0","0","0"
"549","CLKNH NE Wide","145.25000","144.65000","D-Digital","High","12.5K","Off","Off","New England-Wide","Group Call","3181","KC1JMH / Brad Br","Always","Carrier","Off","1","1","1","Off","0","2","None","None","Off","Off","Off","Off","Normal Encryption","Off","Off","Off","Off","251.1","1","Off","Off","Off","Off","Off","Off","1","0","Off","0","0","0","0","0","0"
"550","CLKNH COOS","145.25000","144.65000","D-Digital","High","12.5K","Off","Off","Coos Net","Group Call","8803","KC1JMH / Brad Br","Always","Carrier","Off","1","1","1","Off","0","2","None","None","Off","Off","Off","Off","Normal Encryption","Off","Off","Off","Off","251.1","1","Off","Off","Off","Off","Off","Off","1","0","Off","0","0","0","0","0","0"
"551","CLKNH NETAC2","145.25000","144.65000","D-Digital","High","12.5K","Off","Off","NETAC2","Group Call","8802","KC1JMH / Brad Br","Always","Carrier","Off","1","1","1","Off","0","2","None","None","Off","Off","Off","Off","Normal Encryption","Off","Off","Off","Off","251.1","1","Off","Off","Off","Off","Off","Off","1","0","Off","0","0","0","0","0","0"
"552","CLKNH NETAC1","145.25000","144.65000","D-Digital","High","12.5K","Off","Off","NETAC1","Group Call","8801","KC1JMH / Brad Br","Always","Carrier","Off","1","1","1","Off","0","1","None","None","Off","Off","Off","Off","Normal Encryption","Off","Off","Off","Off","251.1","1","Off","Off","Off","Off","Off","Off","1","0","Off","0","0","0","0","0","0"
"553","CLKNH UA Eng1","145.25000","144.65000","D-Digital","High","12.5K","Off","Off","UA English 1-113","Group Call","113","KC1JMH / Brad Br","Always","Carrier","Off","1","1","1","Off","0","1","None","None","Off","Off","Off","Off","Normal Encryption","Off","Off","Off","Off","251.1","1","Off","Off","Off","Off","Off","Off","1","0","Off","0","0","0","0","0","0"
"554","CLKNH UA Eng2","145.25000","144.65000","D-Digital","High","12.5K","Off","Off","UA English 2-123","Group Call","123","KC1JMH / Brad Br","Always","Carrier","Off","1","1","1","Off","0","1","None","None","Off","Off","Off","Off","Normal Encryption","Off","Off","Off","Off","251.1","1","Off","Off","Off","Off","Off","Off","1","0","Off","0","0","0","0","0","0"
"555","CLKNH TAC310","145.25000","144.65000","D-Digital","High","12.5K","Off","Off","TAC310","Group Call","310","KC1JMH / Brad Br","Always","Carrier","Off","1","1","1","Off","0","1","None","None","Off","Off","Off","Off","Normal Encryption","Off","Off","Off","Off","251.1","1","Off","Off","Off","Off","Off","Off","1","0","Off","0","0","0","0","0","0"
"556","CLKNH TAC311","145.25000","144.65000","D-Digital","High","12.5K","Off","Off","TAC311","Group Call","311","KC1JMH / Brad Br","Always","Carrier","Off","1","1","1","Off","0","1","None","None","Off","Off","Off","Off","Normal Encryption","Off","Off","Off","Off","251.1","1","Off","Off","Off","Off","Off","Off","1","0","Off","0","0","0","0","0","0"
"557","CLKNH Northeast","145.25000","144.65000","D-Digital","High","12.5K","Off","Off","Northeast","Group Call","3172","KC1JMH / Brad Br","Always","Carrier","Off","1","1","1","Off","0","1","None","None","Off","Off","Off","Off","Normal Encryption","Off","Off","Off","Off","251.1","1","Off","Off","Off","Off","Off","Off","1","0","Off","0","0","0","0","0","0"
"558","CLKNH North Am","145.25000","144.65000","D-Digital","High","12.5K","Off","Off","North America","Group Call","3","KC1JMH / Brad Br","Always","Carrier","Off","1","1","1","Off","0","1","None","None","Off","Off","Off","Off","Normal Encryption","Off","Off","Off","Off","251.1","1","Off","Off","Off","Off","Off","Off","1","0","Off","0","0","0","0","0","0"
"559","CLKNH WW Eng","145.25000","144.65000","D-Digital","High","12.5K","Off","Off","WW English","Group Call","13","KC1JMH / Brad Br","Always","Carrier","Off","1","1","1","Off","0","1","None","None","Off","Off","Off","Off","Normal Encryption","Off","Off","Off","Off","251.1","1","Off","Off","Off","Off","Off","Off","1","0","Off","0","0","0","0","0","0"
"560","CLKNH WW","145.25000","144.65000","D-Digital","High","12.5K","Off","Off","WW Call","Group Call","1","KC1JMH / Brad Br","Always","Carrier","Off","1","1","1","Off","0","1","None","None","Off","Off","Off","Off","Normal Encryption","Off","Off","Off","Off","251.1","1","Off","Off","Off","Off","Off","Off","1","0","Off","0","0","0","0","0","0"
"561","CLKNH SKYWARN","145.25000","144.65000","D-Digital","High","12.5K","Off","Off","SKYWARN","Group Call","759","KC1JMH / Brad Br","Always","Carrier","Off","1","1","1","Off","0","1","None","None","Off","Off","Off","Off","Normal Encryption","Off","Off","Off","Off","251.1","1","Off","Off","Off","Off","Off","Off","1","0","Off","0","0","0","0","0","0"
"562","CLKNH Parrot","145.25000","144.65000","D-Digital","High","12.5K","Off","Off","Parrot","Group Call","9998","KC1JMH / Brad Br","Always","Carrier","Off","1","1","1","Off","0","1","None","None","Off","Off","Off","Off","Normal Encryption","Off","Off","Off","Off","251.1","1","Off","Off","Off","Off","Off","Off","1","0","Off","0","0","0","0","0","0"
"563","CMTNH Local","446.97500","441.97500","D-Digital","High","12.5K","Off","Off","Local","Group Call","9","KC1JMH / Brad Br","Always","Carrier","Off","1","1","1","Off","10","2","None","None","Off","Off","Off","Off","Normal Encryption","Off","Off","Off","Off","251.1","1","Off","Off","Off","Off","Off","Off","1","0","Off","0","0","0","0","0","0"
"564","CMTNH NH SW","446.97500","441.97500","D-Digital","High","12.5K","Off","Off","NH Statewide","Group Call","3133","KC1JMH / Brad Br","Always","Carrier","Off","1","1","1","Off","10","2","None","None","Off","Off","Off","Off","Normal Encryption","Off","Off","Off","Off","251.1","1","Off","Off","Off","Off","Off","Off","1","0","Off","0","0","0","0","0","0"
"565","CMTNH MA SW","446.97500","441.97500","D-Digital","High","12.5K","Off","Off","MA Statewide","Group Call","3125","KC1JMH / Brad Br","Always","Carrier","Off","1","1","1","Off","10","1","None","None","Off","Off","Off","Off","Normal Encryption","Off","Off","Off","Off","251.1","1","Off","Off","Off","Off","Off","Off","1","0","Off","0","0","0","0","0","0"
"566","CMTNH VT SW","446.97500","441.97500","D-Digital","High","12.5K","Off","Off","VT Statewide","Group Call","3150","KC1JMH / Brad Br","Always","Carrier","Off","1","1","1","Off","10","1","None","None","Off","Off","Off","Off","Normal Encryption","Off","Off","Off","Off","251.1","1","Off","Off","Off","Off","Off","Off","1","0","Off","0","0","0","0","0","0"
"567","CMTNH Reg North","446.97500","441.97500","D-Digital","High","12.5K","Off","Off","Region North","Group Call","8","KC1JMH / Brad Br","Always","Carrier","Off","1","1","1","Off","10","2","None","None","Off","Off","Off","Off","Normal Encryption","Off","Off","Off","Off","251.1","1","Off","Off","Off","Off","Off","Off","1","0","Off","0","0","0","0","0","0"
"568","CMTNH NE Wide","446.97500","441.97500","D-Digital","High","12.5K","Off","Off","New England-Wide","Group Call","3181","KC1JMH / Brad Br","Always","Carrier","Off","1","1","1","Off","10","2","None","None","Off","Off","Off","Off","Normal Encryption","Off","Off","Off","Off","251.1","1","Off","Off","Off","Off","Off","Off","1","0","Off","0","0","0","0","0","0"
"569","CMTNH NETAC2","446.97500","441.97500","D-Digital","High","12.5K","Off","Off","NETAC2","Group Call","8802","KC1JMH / Brad Br","Always","Carrier","Off","1","1","1","Off","10","2","None","None","Off","Off","Off","Off","Normal Encryption","Off","Off","Off","Off","251.1","1","Off","Off","Off","Off","Off","Off","1","0","Off","0","0","0","0","0","0"
"570","CMTNH NETAC1","446.97500","441.97500","D-Digital","High","12.5K","Off","Off","NETAC1","Group Call","8801","KC1JMH / Brad Br","Always","Carrier","Off","1","1","1","Off","10","1","None","None","Off","Off","Off","Off","Normal Encryption","Off","Off","Off","Off","251.1","1","Off","Off","Off","Off","Off","Off","1","0","Off","0","0","0","0","0","0"
"571","CMTNH UA Eng1","446.97500","441.97500","D-Digital","High","12.5K","Off","Off","UA English 1-113","Group Call","113","KC1JMH / Brad Br","Always","Carrier","Off","1","1","1","Off","10","1","None","None","Off","Off","Off","Off","Normal Encryption","Off","Off","Off","Off","251.1","1","Off","Off","Off","Off","Off","Off","1","0","Off","0","0","0","0","0","0"
"572","CMTNH UA Eng2","446.97500","441.97500","D-Digital","High","12.5K","Off","Off","UA English 2-123","Group Call","123","KC1JMH / Brad Br","Always","Carrier","Off","1","1","1","Off","10","1","None","None","Off","Off","Off","Off","Normal Encryption","Off","Off","Off","Off","251.1","1","Off","Off","Off","Off","Off","Off","1","0","Off","0","0","0","0","0","0"
"573","CMTNH TAC310","446.97500","441.97500","D-Digital","High","12.5K","Off","Off","TAC310","Group Call","310","KC1JMH / Brad Br","Always","Carrier","Off","1","1","1","Off","10","1","None","None","Off","Off","Off","Off","Normal Encryption","Off","Off","Off","Off","251.1","1","Off","Off","Off","Off","Off","Off","1","0","Off","0","0","0","0","0","0"
"574","CMTNH TAC311","446.97500","441.97500","D-Digital","High","12.5K","Off","Off","TAC311","Group Call","311","KC1JMH / Brad Br","Always","Carrier","Off","1","1","1","Off","10","1","None","None","Off","Off","Off","Off","Normal Encryption","Off","Off","Off","Off","251.1","1","Off","Off","Off","Off","Off","Off","1","0","Off","0","0","0","0","0","0"
"575","CMTNH Northeast","446.97500","441.97500","D-Digital","High","12.5K","Off","Off","Northeast","Group Call","3172","KC1JMH / Brad Br","Always","Carrier","Off","1","1","1","Off","10","1","None","None","Off","Off","Off","Off","Normal Encryption","Off","Off","Off","Off","251.1","1","Off","Off","Off","Off","Off","Off","1","0","Off","0","0","0","0","0","0"
"576","CMTNH North Am","446.97500","441.97500","D-Digital","High","12.5K","Off","Off","North America","Group Call","3","KC1JMH / Brad Br","Always","Carrier","Off","1","1","1","Off","10","1","None","None","Off","Off","Off","Off","Normal Encryption","Off","Off","Off","Off","251.1","1","Off","Off","Off","Off","Off","Off","1","0","Off","0","0","0","0","0","0"
"577","CMTNH WW Eng","446.97500","441.97500","D-Digital","High","12.5K","Off","Off","WW English","Group Call","13","KC1JMH / Brad Br","Always","Carrier","Off","1","1","1","Off","10","1","None","None","Off","Off","Off","Off","Normal Encryption","Off","Off","Off","Off","251.1","1","Off","Off","Off","Off","Off","Off","1","0","Off","0","0","0","0","0","0"
"578","CMTNH WW","446.97500","441.97500","D-Digital","High","12.5K","Off","Off","WW Call","Group Call","1","KC1JMH / Brad Br","Always","Carrier","Off","1","1","1","Off","10","1","None","None","Off","Off","Off","Off","Normal Encryption","Off","Off","Off","Off","251.1","1","Off","Off","Off","Off","Off","Off","1","0","Off","0","0","0","0","0","0"
"579","CMTNH SKYWARN","446.97500","441.97500","D-Digital","High","12.5K","Off","Off","SKYWARN","Group Call","759","KC1JMH / Brad Br","Always","Carrier","Off","1","1","1","Off","10","1","None","None","Off","Off","Off","Off","Normal Encryption","Off","Off","Off","Off","251.1","1","Off","Off","Off","Off","Off","Off","1","0","Off","0","0","0","0","0","0"
"580","CMTNH Parrot","446.97500","441.97500","D-Digital","High","12.5K","Off","Off","Parrot","Group Call","9998","KC1JMH / Brad Br","Always","Carrier","Off","1","1","1","Off","10","1","None","None","Off","Off","Off","Off","Normal Encryption","Off","Off","Off","Off","251.1","1","Off","Off","Off","Off","Off","Off","1","0","Off","0","0","0","0","0","0"
"581","CNCNH Local","145.42000","144.82000","D-Digital","High","12.5K","Off","Off","Local","Group Call","9","KC1JMH / Brad Br","Always","Carrier","Off","1","1","1","Off","7","2","None","None","Off","Off","Off","Off","Normal Encryption","Off","Off","Off","Off","251.1","1","Off","Off","Off","Off","Off","Off","1","0","Off","0","0","0","0","0","0"
"582","CNCNH NH SW","145.42000","144.82000","D-Digital","High","12.5K","Off","Off","NH Statewide","Group Call","3133","KC1JMH / Brad Br","Always","Carrier","Off","1","1","1","Off","7","2","None","None","Off","Off","Off","Off","Normal Encryption","Off","Off","Off","Off","251.1","1","Off","Off","Off","Off","Off","Off","1","0","Off","0","0","0","0","0","0"
"583","CNCNH Reg North","145.42000","144.82000","D-Digital","High","12.5K","Off","Off","Region North","Group Call","8","KC1JMH / Brad Br","Always","Carrier","Off","1","1","1","Off","7","2","None","None","Off","Off","Off","Off","Normal Encryption","Off","Off","Off","Off","251.1","1","Off","Off","Off","Off","Off","Off","1","0","Off","0","0","0","0","0","0"
"584","CNCNH NE Wide","145.42000","144.82000","D-Digital","High","12.5K","Off","Off","New England-Wide","Group Call","3181","KC1JMH / Brad Br","Always","Carrier","Off","1","1","1","Off","7","2","None","None","Off","Off","Off","Off","Normal Encryption","Off","Off","Off","Off","251.1","1","Off","Off","Off","Off","Off","Off","1","0","Off","0","0","0","0","0","0"
"585","CNCNH NETAC2","145.42000","144.82000","D-Digital","High","12.5K","Off","Off","NETAC2","Group Call","8802","KC1JMH / Brad Br","Always","Carrier","Off","1","1","1","Off","7","2","None","None","Off","Off","Off","Off","Normal Encryption","Off","Off","Off","Off","251.1","1","Off","Off","Off","Off","Off","Off","1","0","Off","0","0","0","0","0","0"
"586","CNCNH NETAC1","145.42000","144.82000","D-Digital","High","12.5K","Off","Off","NETAC1","Group Call","8801","KC1JMH / Brad Br","Always","Carrier","Off","1","1","1","Off","7","1","None","None","Off","Off","Off","Off","Normal Encryption","Off","Off","Off","Off","251.1","1","Off","Off","Off","Off","Off","Off","1","0","Off","0","0","0","0","0","0"
"587","CNCNH UA Eng1","145.42000","144.82000","D-Digital","High","12.5K","Off","Off","UA English 1-113","Group Call","113","KC1JMH / Brad Br","Always","Carrier","Off","1","1","1","Off","7","1","None","None","Off","Off","Off","Off","Normal Encryption","Off","Off","Off","Off","251.1","1","Off","Off","Off","Off","Off","Off","1","0","Off","0","0","0","0","0","0"
"588","CNCNH UA Eng2","145.42000","144.82000","D-Digital","High","12.5K","Off","Off","UA English 2-123","Group Call","123","KC1JMH / Brad Br","Always","Carrier","Off","1","1","1","Off","7","1","None","None","Off","Off","Off","Off","Normal Encryption","Off","Off","Off","Off","251.1","1","Off","Off","Off","Off","Off","Off","1","0","Off","0","0","0","0","0","0"
"589","CNCNH TAC310","145.42000","144.82000","D-Digital","High","12.5K","Off","Off","TAC310","Group Call","310","KC1JMH / Brad Br","Always","Carrier","Off","1","1","1","Off","7","1","None","None","Off","Off","Off","Off","Normal Encryption","Off","Off","Off","Off","251.1","1","Off","Off","Off","Off","Off","Off","1","0","Off","0","0","0","0","0","0"
"590","CNCNH TAC311","145.42000","144.82000","D-Digital","High","12.5K","Off","Off","TAC311","Group Call","311","KC1JMH / Brad Br","Always","Carrier","Off","1","1","1","Off","7","1","None","None","Off","Off","Off","Off","Normal Encryption","Off","Off","Off","Off","251.1","1","Off","Off","Off","Off","Off","Off","1","0","Off","0","0","0","0","0","0"
"591","CNCNH Northeast","145.42000","144.82000","D-Digital","High","12.5K","Off","Off","Northeast","Group Call","3172","KC1JMH / Brad Br","Always","Carrier","Off","1","1","1","Off","7","1","None","None","Off","Off","Off","Off","Normal Encryption","Off","Off","Off","Off","251.1","1","Off","Off","Off","Off","Off","Off","1","0","Off","0","0","0","0","0","0"
"592","CNCNH North Am","145.42000","144.82000","D-Digital","High","12.5K","Off","Off","North America","Group Call","3","KC1JMH / Brad Br","Always","Carrier","Off","1","1","1","Off","7","1","None","None","Off","Off","Off","Off","Normal Encryption","Off","Off","Off","Off","251.1","1","Off","Off","Off","Off","Off","Off","1","0","Off","0","0","0","0","0","0"
"593","CNCNH WW Eng","145.42000","144.82000","D-Digital","High","12.5K","Off","Off","WW English","Group Call","13","KC1JMH / Brad Br","Always","Carrier","Off","1","1","1","Off","7","1","None","None","Off","Off","Off","Off","Normal Encryption","Off","Off","Off","Off","251.1","1","Off","Off","Off","Off","Off","Off","1","0","Off","0","0","0","0","0","0"
"594","CNCNH WW","145.42000","144.82000","D-Digital","High","12.5K","Off","Off","WW Call","Group Call","1","KC1JMH / Brad Br","Always","Carrier","Off","1","1","1","Off","7","1","None","None","Off","Off","Off","Off","Normal Encryption","Off","Off","Off","Off","251.1","1","Off","Off","Off","Off","Off","Off","1","0","Off","0","0","0","0","0","0"
"595","CNCNH SKYWARN","145.42000","144.82000","D-Digital","High","12.5K","Off","Off","SKYWARN","Group Call","759","KC1JMH / Brad Br","Always","Carrier","Off","1","1","1","Off","7","1","None","None","Off","Off","Off","Off","Normal Encryption","Off","Off","Off","Off","251.1","1","Off","Off","Off","Off","Off","Off","1","0","Off","0","0","0","0","0","0"
"596","CNCNH Parrot","145.42000","144.82000","D-Digital","High","12.5K","Off","Off","Parrot","Group Call","9998","KC1JMH / Brad Br","Always","Carrier","Off","1","1","1","Off","7","1","None","None","Off","Off","Off","Off","Normal Encryption","Off","Off","Off","Off","251.1","1","Off","Off","Off","Off","Off","Off","1","0","Off","0","0","0","0","0","0"
"597","DRYNH Local","145.31000","144.71000","D-Digital","High","12.5K","Off","Off","Local","Group Call","9","KC1JMH / Brad Br","Always","Carrier","Off","1","1","1","Off","1","2","None","None","Off","Off","Off","Off","Normal Encryption","Off","Off","Off","Off","251.1","1","Off","Off","Off","Off","Off","Off","1","0","Off","0","0","0","0","0","0"
"598","DRYNH NH SW","145.31000","144.71000","D-Digital","High","12.5K","Off","Off","NH Statewide","Group Call","3133","KC1JMH / Brad Br","Always","Carrier","Off","1","1","1","Off","1","2","None","None","Off","Off","Off","Off","Normal Encryption","Off","Off","Off","Off","251.1","1","Off","Off","Off","Off","Off","Off","1","0","Off","0","0","0","0","0","0"
"599","DRYNH Reg North","145.31000","144.71000","D-Digital","High","12.5K","Off","Off","Region North","Group Call","8","KC1JMH / Brad Br","Always","Carrier","Off","1","1","1","Off","1","2","None","None","Off","Off","Off","Off","Normal Encryption","Off","Off","Off","Off","251.1","1","Off","Off","Off","Off","Off","Off","1","0","Off","0","0","0","0","0","0"
"600","DRYNH NE Wide","145.31000","144.71000","D-Digital","High","12.5K","Off","Off","New England-Wide","Group Call","3181","KC1JMH / Brad Br","Always","Carrier","Off","1","1","1","Off","1","2","None","None","Off","Off","Off","Off","Normal Encryption","Off","Off","Off","Off","251.1","1","Off","Off","Off","Off","Off","Off","1","0","Off","0","0","0","0","0","0"
"601","DRYNH NETAC2","145.31000","144.71000","D-Digital","High","12.5K","Off","Off","NETAC2","Group Call","8802","KC1JMH / Brad Br","Always","Carrier","Off","1","1","1","Off","1","2","None","None","Off","Off","Off","Off","Normal Encryption","Off","Off","Off","Off","251.1","1","Off","Off","Off","Off","Off","Off","1","0","Off","0","0","0","0","0","0"
"602","DRYNH NETAC1","145.31000","144.71000","D-Digital","High","12.5K","Off","Off","NETAC1","Group Call","8801","KC1JMH / Brad Br","Always","Carrier","Off","1","1","1","Off","1","1","None","None","Off","Off","Off","Off","Normal Encryption","Off","Off","Off","Off","251.1","1","Off","Off","Off","Off","Off","Off","1","0","Off","0","0","0","0","0","0"
"603","DRYNH UA Eng1","145.31000","144.71000","D-Digital","High","12.5K","Off","Off","UA English 1-113","Group Call","113","KC1JMH / Brad Br","Always","Carrier","Off","1","1","1","Off","1","1","None","None","Off","Off","Off","Off","Normal Encryption","Off","Off","Off","Off","251.1","1","Off","Off","Off","Off","Off","Off","1","0","Off","0","0","0","0","0","0"
"604","DRYNH UA Eng2","145.31000","144.71000","D-Digital","High","12.5K","Off","Off","UA English 2-123","Group Call","123","KC1JMH / Brad Br","Always","Carrier","Off","1","1","1","Off","1","1","None","None","Off","Off","Off","Off","Normal Encryption","Off","Off","Off","Off","251.1","1","Off","Off","Off","Off","Off","Off","1","0","Off","0","0","0","0","0","0"
"605","DRYNH TAC310","145.31000","144.71000","D-Digital","High","12.5K","Off","Off","TAC310","Group Call","310","KC1JMH / Brad Br","Always","Carrier","Off","1","1","1","Off","1","1","None","None","Off","Off","Off","Off","Normal Encryption","Off","Off","Off","Off","251.1","1","Off","Off","Off","Off","Off","Off","1","0","Off","0","0","0","0","0","0"
"606","DRYNH TAC311","145.31000","144.71000","D-Digital","High","12.5K","Off","Off","TAC311","Group Call","311","KC1JMH / Brad Br","Always","Carrier","Off","1","1","1","Off","1","1","None","None","Off","Off","Off","Off","Normal Encryption","Off","Off","Off","Off","251.1","1","Off","Off","Off","Off","Off","Off","1","0","Off","0","0","0","0","0","0"
"607","DRYNH Northeast","145.31000","144.71000","D-Digital","High","12.5K","Off","Off","Northeast","Group Call","3172","KC1JMH / Brad Br","Always","Carrier","Off","1","1","1","Off","1","1","None","None","Off","Off","Off","Off","Normal Encryption","Off","Off","Off","Off","251.1","1","Off","Off","Off","Off","Off","Off","1","0","Off","0","0","0","0","0","0"
"608","DRYNH North Am","145.31000","144.71000","D-Digital","High","12.5K","Off","Off","North America","Group Call","3","KC1JMH / Brad Br","Always","Carrier","Off","1","1","1","Off","1","1","None","None","Off","Off","Off","Off","Normal Encryption","Off","Off","Off","Off","251.1","1","Off","Off","Off","Off","Off","Off","1","0","Off","0","0","0","0","0","0"
"609","DRYNH WW Eng","145.31000","144.71000","D-Digital","High","12.5K","Off","Off","WW English","Group Call","13","KC1JMH / Brad Br","Always","Carrier","Off","1","1","1","Off","1","1","None","None","Off","Off","Off","Off","Normal Encryption","Off","Off","Off","Off","251.1","1","Off","Off","Off","Off","Off","Off","1","0","Off","0","0","0","0","0","0"
"610","DRYNH WW","145.31000","144.71000","D-Digital","High","12.5K","Off","Off","WW Call","Group Call","1","KC1JMH / Brad Br","Always","Carrier","Off","1","1","1","Off","1","1","None","None","Off","Off","Off","Off","Normal Encryption","Off","Off","Off","Off","251.1","1","Off","Off","Off","Off","Off","Off","1","0","Off","0","0","0","0","0","0"
"611","DRYNH SKYWARN","145.31000","144.71000","D-Digital","High","12.5K","Off","Off","SKYWARN","Group Call","759","KC1JMH / Brad Br","Always","Carrier","Off","1","1","1","Off","1","1","None","None","Off","Off","Off","Off","Normal Encryption","Off","Off","Off","Off","251.1","1","Off","Off","Off","Off","Off","Off","1","0","Off","0","0","0","0","0","0"
"612","DRYNH Parrot","145.31000","144.71000","D-Digital","High","12.5K","Off","Off","Parrot","Group Call","9998","KC1JMH / Brad Br","Always","Carrier","Off","1","1","1","Off","1","1","None","None","Off","Off","Off","Off","Normal Encryption","Off","Off","Off","Off","251.1","1","Off","Off","Off","Off","Off","Off","1","0","Off","0","0","0","0","0","0"
"613","GILFNH Local","449.42500","444.42500","D-Digital","High","12.5K","Off","Off","Local","Group Call","9","KC1JMH / Brad Br","Always","Carrier","Off","1","1","1","Off","3","2","None","None","Off","Off","Off","Off","Normal Encryption","Off","Off","Off","Off","251.1","1","Off","Off","Off","Off","Off","Off","1","0","Off","0","0","0","0","0","0"
"614","GILFNH NH SW","449.42500","444.42500","D-Digital","High","12.5K","Off","Off","NH Statewide","Group Call","3133","KC1JMH / Brad Br","Always","Carrier","Off","1","1","1","Off","3","2","None","None","Off","Off","Off","Off","Normal Encryption","Off","Off","Off","Off","251.1","1","Off","Off","Off","Off","Off","Off","1","0","Off","0","0","0","0","0","0"
"615","GILFNH MA SW","449.42500","444.42500","D-Digital","High","12.5K","Off","Off","MA Statewide","Group Call","3125","KC1JMH / Brad Br","Always","Carrier","Off","1","1","1","Off","3","2","None","None","Off","Off","Off","Off","Normal Encryption","Off","Off","Off","Off","251.1","1","Off","Off","Off","Off","Off","Off","1","0","Off","0","0","0","0","0","0"
"616","GILFNH VT SW","449.42500","444.42500","D-Digital","High","12.5K","Off","Off","VT Statewide","Group Call","3150","KC1JMH / Brad Br","Always","Carrier","Off","1","1","1","Off","3","2","None","None","Off","Off","Off","Off","Normal Encryption","Off","Off","Off","Off","251.1","1","Off","Off","Off","Off","Off","Off","1","0","Off","0","0","0","0","0","0"
"617","GILFNH Reg North","449.42500","444.42500","D-Digital","High","12.5K","Off","Off","Region North","Group Call","8","KC1JMH / Brad Br","Always","Carrier","Off","1","1","1","Off","3","2","None","None","Off","Off","Off","Off","Normal Encryption","Off","Off","Off","Off","251.1","1","Off","Off","Off","Off","Off","Off","1","0","Off","0","0","0","0","0","0"
"618","GILFNH NE Wide","449.42500","444.42500","D-Digital","High","12.5K","Off","Off","New England-Wide","Group Call","3181","KC1JMH / Brad Br","Always","Carrier","Off","1","1","1","Off","3","2","None","None","Off","Off","Off","Off","Normal Encryption","Off","Off","Off","Off","251.1","1","Off","Off","Off","Off","Off","Off","1","0","Off","0","0","0","0","0","0"
"619","GILFNH NETAC2","449.42500","444.42500","D-Digital","High","12.5K","Off","Off","NETAC2","Group Call","8802","KC1JMH / Brad Br","Always","Carrier","Off","1","1","1","Off","3","2","None","None","Off","Off","Off","Off","Normal Encryption","Off","Off","Off","Off","251.1","1","Off","Off","Off","Off","Off","Off","1","0","Off","0","0","0","0","0","0"
"620","GILFNH NETAC1","449.42500","444.42500","D-Digital","High","12.5K","Off","Off","NETAC1","Group Call","8801","KC1JMH / Brad Br","Always","Carrier","Off","1","1","1","Off","3","1","None","None","Off","Off","Off","Off","Normal Encryption","Off","Off","Off","Off","251.1","1","Off","Off","Off","Off","Off","Off","1","0","Off","0","0","0","0","0","0"
"621","GILFNH UA Eng1","449.42500","444.42500","D-Digital","High","12.5K","Off","Off","UA English 1-113","Group Call","113","KC1JMH / Brad Br","Always","Carrier","Off","1","1","1","Off","3","1","None","None","Off","Off","Off","Off","Normal Encryption","Off","Off","Off","Off","251.1","1","Off","Off","Off","Off","Off","Off","1","0","Off","0","0","0","0","0","0"
"622","GILFNH UA Eng2","449.42500","444.42500","D-Digital","High","12.5K","Off","Off","UA English 2-123","Group Call","123","KC1JMH / Brad Br","Always","Carrier","Off","1","1","1","Off","3","1","None","None","Off","Off","Off","Off","Normal Encryption","Off","Off","Off","Off","251.1","1","Off","Off","Off","Off","Off","Off","1","0","Off","0","0","0","0","0","0"
"623","GILFNH TAC310","449.42500","444.42500","D-Digital","High","12.5K","Off","Off","TAC310","Group Call","310","KC1JMH / Brad Br","Always","Carrier","Off","1","1","1","Off","3","1","None","None","Off","Off","Off","Off","Normal Encryption","Off","Off","Off","Off","251.1","1","Off","Off","Off","Off","Off","Off","1","0","Off","0","0","0","0","0","0"
"624","GILFNH TAC311","449.42500","444.42500","D-Digital","High","12.5K","Off","Off","TAC311","Group Call","311","KC1JMH / Brad Br","Always","Carrier","Off","1","1","1","Off","3","1","None","None","Off","Off","Off","Off","Normal Encryption","Off","Off","Off","Off","251.1","1","Off","Off","Off","Off","Off","Off","1","0","Off","0","0","0","0","0","0"
"625","GILFNH Northeast","449.42500","444.42500","D-Digital","High","12.5K","Off","Off","Northeast","Group Call","3172","KC1JMH / Brad Br","Always","Carrier","Off","1","1","1","Off","3","1","None","None","Off","Off","Off","Off","Normal Encryption","Off","Off","Off","Off","251.1","1","Off","Off","Off","Off","Off","Off","1","0","Off","0","0","0","0","0","0"
"626","GILFNH North Am","449.42500","444.42500","D-Digital","High","12.5K","Off","Off","North America","Group Call","3","KC1JMH / Brad Br","Always","Carrier","Off","1","1","1","Off","3","1","None","None","Off","Off","Off","Off","Normal Encryption","Off","Off","Off","Off","251.1","1","Off","Off","Off","Off","Off","Off","1","0","Off","0","0","0","0","0","0"
"627","GILFNH WW Eng","449.42500","444.42500","D-Digital","High","12.5K","Off","Off","WW English","Group Call","13","KC1JMH / Brad Br","Always","Carrier","Off","1","1","1","Off","3","1","None","None","Off","Off","Off","Off","Normal Encryption","Off","Off","Off","Off","251.1","1","Off","Off","Off","Off","Off","Off","1","0","Off","0","0","0","0","0","0"
"628","GILFNH WW","449.42500","444.42500","D-Digital","High","12.5K","Off","Off","WW Call","Group Call","1","KC1JMH / Brad Br","Always","Carrier","Off","1","1","1","Off","3","1","None","None","Off","Off","Off","Off","Normal Encryption","Off","Off","Off","Off","251.1","1","Off","Off","Off","Off","Off","Off","1","0","Off","0","0","0","0","0","0"
"629","GILFNH SKYWARN","449.42500","444.42500","D-Digital","High","12.5K","Off","Off","SKYWARN","Group Call","759","KC1JMH / Brad Br","Always","Carrier","Off","1","1","1","Off","3","1","None","None","Off","Off","Off","Off","Normal Encryption","Off","Off","Off","Off","251.1","1","Off","Off","Off","Off","Off","Off","1","0","Off","0","0","0","0","0","0"
"630","GILFNH Parrot","449.42500","444.42500","D-Digital","High","12.5K","Off","Off","Parrot","Group Call","9998","KC1JMH / Brad Br","Always","Carrier","Off","1","1","1","Off","3","1","None","None","Off","Off","Off","Off","Normal Encryption","Off","Off","Off","Off","251.1","1","Off","Off","Off","Off","Off","Off","1","0","Off","0","0","0","0","0","0"
"631","GNVNH Local","145.36000","144.76000","D-Digital","High","12.5K","Off","Off","Local","Group Call","9","KC1JMH / Brad Br","Always","Carrier","Off","1","1","1","Off","3","2","None","None","Off","Off","Off","Off","Normal Encryption","Off","Off","Off","Off","251.1","1","Off","Off","Off","Off","Off","Off","1","0","Off","0","0","0","0","0","0"
"632","GNVNH NH SW","145.36000","144.76000","D-Digital","High","12.5K","Off","Off","NH Statewide","Group Call","3133","KC1JMH / Brad Br","Always","Carrier","Off","1","1","1","Off","3","2","None","None","Off","Off","Off","Off","Normal Encryption","Off","Off","Off","Off","251.1","1","Off","Off","Off","Off","Off","Off","1","0","Off","0","0","0","0","0","0"
"633","GNVNH Reg North","145.36000","144.76000","D-Digital","High","12.5K","Off","Off","Region North","Group Call","8","KC1JMH / Brad Br","Always","Carrier","Off","1","1","1","Off","3","2","None","None","Off","Off","Off","Off","Normal Encryption","Off","Off","Off","Off","251.1","1","Off","Off","Off","Off","Off","Off","1","0","Off","0","0","0","0","0","0"
"634","GNVNH NE Wide","145.36000","144.76000","D-Digital","High","12.5K","Off","Off","New England-Wide","Group Call","3181","KC1JMH / Brad Br","Always","Carrier","Off","1","1","1","Off","3","2","None","None","Off","Off","Off","Off","Normal Encryption","Off","Off","Off","Off","251.1","1","Off","Off","Off","Off","Off","Off","1","0","Off","0","0","0","0","0","0"
"635","GNVNH NETAC2","145.36000","144.76000","D-Digital","High","12.5K","Off","Off","NETAC2","Group Call","8802","KC1JMH / Brad Br","Always","Carrier","Off","1","1","1","Off","3","2","None","None","Off","Off","Off","Off","Normal Encryption","Off","Off","Off","Off","251.1","1","Off","Off","Off","Off","Off","Off","1","0","Off","0","0","0","0","0","0"
"636","GNVNH NETAC1","145.36000","144.76000","D-Digital","High","12.5K","Off","Off","NETAC1","Group Call","8801","KC1JMH / Brad Br","Always","Carrier","Off","1","1","1","Off","3","1","None","None","Off","Off","Off","Off","Normal Encryption","Off","Off","Off","Off","251.1","1","Off","Off","Off","Off","Off","Off","1","0","Off","0","0","0","0","0","0"
"637","GNVNH UA Eng1","145.36000","144.76000","D-Digital","High","12.5K","Off","Off","UA English 1-113","Group Call","113","KC1JMH / Brad Br","Always","Carrier","Off","1","1","1","Off","3","1","None","None","Off","Off","Off","Off","Normal Encryption","Off","Off","Off","Off","251.1","1","Off","Off","Off","Off","Off","Off","1","0","Off","0","0","0","0","0","0"
"638","GNVNH UA Eng2","145.36000","144.76000","D-Digital","High","12.5K","Off","Off","UA English 2-123","Group Call","123","KC1JMH / Brad Br","Always","Carrier","Off","1","1","1","Off","3","1","None","None","Off","Off","Off","Off","Normal Encryption","Off","Off","Off","Off","251.1","1","Off","Off","Off","Off","Off","Off","1","0","Off","0","0","0","0","0","0"
"639","GNVNH TAC311","145.36000","144.76000","D-Digital","High","12.5K","Off","Off","TAC311","Group Call","311","KC1JMH / Brad Br","Always","Carrier","Off","1","1","1","Off","3","1","None","None","Off","Off","Off","Off","Normal Encryption","Off","Off","Off","Off","251.1","1","Off","Off","Off","Off","Off","Off","1","0","Off","0","0","0","0","0","0"
"640","GNVNH Northeast","145.36000","144.76000","D-Digital","High","12.5K","Off","Off","Northeast","Group Call","3172","KC1JMH / Brad Br","Always","Carrier","Off","1","1","1","Off","3","1","None","None","Off","Off","Off","Off","Normal Encryption","Off","Off","Off","Off","251.1","1","Off","Off","Off","Off","Off","Off","1","0","Off","0","0","0","0","0","0"
"641","GNVNH North Am","145.36000","144.76000","D-Digital","High","12.5K","Off","Off","North America","Group Call","3","KC1JMH / Brad Br","Always","Carrier","Off","1","1","1","Off","3","1","None","None","Off","Off","Off","Off","Normal Encryption","Off","Off","Off","Off","251.1","1","Off","Off","Off","Off","Off","Off","1","0","Off","0","0","0","0","0","0"
"642","GNVNH WW Eng","145.36000","144.76000","D-Digital","High","12.5K","Off","Off","WW English","Group Call","13","KC1JMH / Brad Br","Always","Carrier","Off","1","1","1","Off","3","1","None","None","Off","Off","Off","Off","Normal Encryption","Off","Off","Off","Off","251.1","1","Off","Off","Off","Off","Off","Off","1","0","Off","0","0","0","0","0","0"
"643","GNVNH WW","145.36000","144.76000","D-Digital","High","12.5K","Off","Off","WW Call","Group Call","1","KC1JMH / Brad Br","Always","Carrier","Off","1","1","1","Off","3","1","None","None","Off","Off","Off","Off","Normal Encryption","Off","Off","Off","Off","251.1","1","Off","Off","Off","Off","Off","Off","1","0","Off","0","0","0","0","0","0"
"644","GNVNH SKYWARN","145.36000","144.76000","D-Digital","High","12.5K","Off","Off","SKYWARN","Group Call","759","KC1JMH / Brad Br","Always","Carrier","Off","1","1","1","Off","3","1","None","None","Off","Off","Off","Off","Normal Encryption","Off","Off","Off","Off","251.1","1","Off","Off","Off","Off","Off","Off","1","0","Off","0","0","0","0","0","0"
"645","GNVNH Parrot","145.36000","144.76000","D-Digital","High","12.5K","Off","Off","Parrot","Group Call","9998","KC1JMH / Brad Br","Always","Carrier","Off","1","1","1","Off","3","1","None","None","Off","Off","Off","Off","Normal Encryption","Off","Off","Off","Off","251.1","1","Off","Off","Off","Off","Off","Off","1","0","Off","0","0","0","0","0","0"
"646","GNUNH Local","447.87500","442.84500","D-Digital","High","12.5K","Off","Off","Local","Group Call","9","KC1JMH / Brad Br","Always","Carrier","Off","1","1","1","Off","9","2","None","None","Off","Off","Off","Off","Normal Encryption","Off","Off","Off","Off","251.1","1","Off","Off","Off","Off","Off","Off","1","0","Off","0","0","0","0","0","0"
"647","GNUNH NH SW","447.87500","442.84500","D-Digital","High","12.5K","Off","Off","NH Statewide","Group Call","3133","KC1JMH / Brad Br","Always","Carrier","Off","1","1","1","Off","9","2","None","None","Off","Off","Off","Off","Normal Encryption","Off","Off","Off","Off","251.1","1","Off","Off","Off","Off","Off","Off","1","0","Off","0","0","0","0","0","0"
"648","GNUNH MA SW","447.87500","442.84500","D-Digital","High","12.5K","Off","Off","MA Statewide","Group Call","3125","KC1JMH / Brad Br","Always","Carrier","Off","1","1","1","Off","9","1","None","None","Off","Off","Off","Off","Normal Encryption","Off","Off","Off","Off","251.1","1","Off","Off","Off","Off","Off","Off","1","0","Off","0","0","0","0","0","0"
"649","GNUNH ME SW","447.87500","442.84500","D-Digital","High","12.5K","Off","Off","ME Statewide","Group Call","3123","KC1JMH / Brad Br","Always","Carrier","Off","1","1","1","Off","9","1","None","None","Off","Off","Off","Off","Normal Encryption","Off","Off","Off","Off","251.1","1","Off","Off","Off","Off","Off","Off","1","0","Off","0","0","0","0","0","0"
"650","GNUNH VT SW","447.87500","442.84500","D-Digital","High","12.5K","Off","Off","VT Statewide","Group Call","3150","KC1JMH / Brad Br","Always","Carrier","Off","1","1","1","Off","9","1","None","None","Off","Off","Off","Off","Normal Encryption","Off","Off","Off","Off","251.1","1","Off","Off","Off","Off","Off","Off","1","0","Off","0","0","0","0","0","0"
"651","GNUNH Reg North","447.87500","442.84500","D-Digital","High","12.5K","Off","Off","Region North","Group Call","8","KC1JMH / Brad Br","Always","Carrier","Off","1","1","1","Off","9","2","None","None","Off","Off","Off","Off","Normal Encryption","Off","Off","Off","Off","251.1","1","Off","Off","Off","Off","Off","Off","1","0","Off","0","0","0","0","0","0"
"652","GNUNH NE Wide","447.87500","442.84500","D-Digital","High","12.5K","Off","Off","New England-Wide","Group Call","3181","KC1JMH / Brad Br","Always","Carrier","Off","1","1","1","Off","9","2","None","None","Off","Off","Off","Off","Normal Encryption","Off","Off","Off","Off","251.1","1","Off","Off","Off","Off","Off","Off","1","0","Off","0","0","0","0","0","0"
"653","GNUNH NETAC2","447.87500","442.84500","D-Digital","High","12.5K","Off","Off","NETAC2","Group Call","8802","KC1JMH / Brad Br","Always","Carrier","Off","1","1","1","Off","9","2","None","None","Off","Off","Off","Off","Normal Encryption","Off","Off","Off","Off","251.1","1","Off","Off","Off","Off","Off","Off","1","0","Off","0","0","0","0","0","0"
"654","GNUNH NETAC1","447.87500","442.84500","D-Digital","High","12.5K","Off","Off","NETAC1","Group Call","8801","KC1JMH / Brad Br","Always","Carrier","Off","1","1","1","Off","9","1","None","None","Off","Off","Off","Off","Normal Encryption","Off","Off","Off","Off","251.1","1","Off","Off","Off","Off","Off","Off","1","0","Off","0","0","0","0","0","0"
"655","GNUNH UA Eng1","447.87500","442.84500","D-Digital","High","12.5K","Off","Off","UA English 1-113","Group Call","113","KC1JMH / Brad Br","Always","Carrier","Off","1","1","1","Off","9","1","None","None","Off","Off","Off","Off","Normal Encryption","Off","Off","Off","Off","251.1","1","Off","Off","Off","Off","Off","Off","1","0","Off","0","0","0","0","0","0"
"656","GNUNH UA Eng2","447.87500","442.84500","D-Digital","High","12.5K","Off","Off","UA English 2-123","Group Call","123","KC1JMH / Brad Br","Always","Carrier","Off","1","1","1","Off","9","1","None","None","Off","Off","Off","Off","Normal Encryption","Off","Off","Off","Off","251.1","1","Off","Off","Off","Off","Off","Off","1","0","Off","0","0","0","0","0","0"
"657","GNUNH TAC310","447.87500","442.84500","D-Digital","High","12.5K","Off","Off","TAC310","Group Call","310","KC1JMH / Brad Br","Always","Carrier","Off","1","1","1","Off","9","1","None","None","Off","Off","Off","Off","Normal Encryption","Off","Off","Off","Off","251.1","1","Off","Off","Off","Off","Off","Off","1","0","Off","0","0","0","0","0","0"
"658","GNUNH TAC311","447.87500","442.84500","D-Digital","High","12.5K","Off","Off","TAC311","Group Call","311","KC1JMH / Brad Br","Always","Carrier","Off","1","1","1","Off","9","1","None","None","Off","Off","Off","Off","Normal Encryption","Off","Off","Off","Off","251.1","1","Off","Off","Off","Off","Off","Off","1","0","Off","0","0","0","0","0","0"
"659","GNUNH Northeast","447.87500","442.84500","D-Digital","High","12.5K","Off","Off","Northeast","Group Call","3172","KC1JMH / Brad Br","Always","Carrier","Off","1","1","1","Off","9","1","None","None","Off","Off","Off","Off","Normal Encryption","Off","Off","Off","Off","251.1","1","Off","Off","Off","Off","Off","Off","1","0","Off","0","0","0","0","0","0"
"660","GNUNH North Am","447.87500","442.84500","D-Digital","High","12.5K","Off","Off","North America","Group Call","3","KC1JMH / Brad Br","Always","Carrier","Off","1","1","1","Off","9","1","None","None","Off","Off","Off","Off","Normal Encryption","Off","Off","Off","Off","251.1","1","Off","Off","Off","Off","Off","Off","1","0","Off","0","0","0","0","0","0"
"661","GNUNH WW Eng","447.87500","442.84500","D-Digital","High","12.5K","Off","Off","WW English","Group Call","13","KC1JMH / Brad Br","Always","Carrier","Off","1","1","1","Off","9","1","None","None","Off","Off","Off","Off","Normal Encryption","Off","Off","Off","Off","251.1","1","Off","Off","Off","Off","Off","Off","1","0","Off","0","0","0","0","0","0"
"662","GNUNH WW","447.87500","442.84500","D-Digital","High","12.5K","Off","Off","WW Call","Group Call","1","KC1JMH / Brad Br","Always","Carrier","Off","1","1","1","Off","9","1","None","None","Off","Off","Off","Off","Normal Encryption","Off","Off","Off","Off","251.1","1","Off","Off","Off","Off","Off","Off","1","0","Off","0","0","0","0","0","0"
"663","GNUNH SKYWARN","447.87500","442.84500","D-Digital","High","12.5K","Off","Off","SKYWARN","Group Call","759","KC1JMH / Brad Br","Always","Carrier","Off","1","1","1","Off","9","1","None","None","Off","Off","Off","Off","Normal Encryption","Off","Off","Off","Off","251.1","1","Off","Off","Off","Off","Off","Off","1","0","Off","0","0","0","0","0","0"
"664","GNUNH Parrot","447.87500","442.84500","D-Digital","High","12.5K","Off","Off","Parrot","Group Call","9998","KC1JMH / Brad Br","Always","Carrier","Off","1","1","1","Off","9","1","None","None","Off","Off","Off","Off","Normal Encryption","Off","Off","Off","Off","251.1","1","Off","Off","Off","Off","Off","Off","1","0","Off","0","0","0","0","0","0"
"665","GOFNH Local","145.22000","144.62000","D-Digital","High","12.5K","Off","Off","Local","Group Call","9","KC1JMH / Brad Br","Always","Carrier","Off","1","1","1","Off","11","2","None","None","Off","Off","Off","Off","Normal Encryption","Off","Off","Off","Off","251.1","1","Off","Off","Off","Off","Off","Off","1","0","Off","0","0","0","0","0","0"
"666","GOFNH NH SW","145.22000","144.62000","D-Digital","High","12.5K","Off","Off","NH Statewide","Group Call","3133","KC1JMH / Brad Br","Always","Carrier","Off","1","1","1","Off","11","2","None","None","Off","Off","Off","Off","Normal Encryption","Off","Off","Off","Off","251.1","1","Off","Off","Off","Off","Off","Off","1","0","Off","0","0","0","0","0","0"
"667","GOFNH MA SW","145.22000","144.62000","D-Digital","High","12.5K","Off","Off","MA Statewide","Group Call","3125","KC1JMH / Brad Br","Always","Carrier","Off","1","1","1","Off","11","2","None","None","Off","Off","Off","Off","Normal Encryption","Off","Off","Off","Off","251.1","1","Off","Off","Off","Off","Off","Off","1","0","Off","0","0","0","0","0","0"
"668","GOFNH Reg North","145.22000","144.62000","D-Digital","High","12.5K","Off","Off","Region North","Group Call","8","KC1JMH / Brad Br","Always","Carrier","Off","1","1","1","Off","11","2","None","None","Off","Off","Off","Off","Normal Encryption","Off","Off","Off","Off","251.1","1","Off","Off","Off","Off","Off","Off","1","0","Off","0","0","0","0","0","0"
"669","GOFNH NE Wide","145.22000","144.62000","D-Digital","High","12.5K","Off","Off","New England-Wide","Group Call","3181","KC1JMH / Brad Br","Always","Carrier","Off","1","1","1","Off","11","2","None","None","Off","Off","Off","Off","Normal Encryption","Off","Off","Off","Off","251.1","1","Off","Off","Off","Off","Off","Off","1","0","Off","0","0","0","0","0","0"
"670","GOFNH NETAC2","145.22000","144.62000","D-Digital","High","12.5K","Off","Off","NETAC2","Group Call","8802","KC1JMH / Brad Br","Always","Carrier","Off","1","1","1","Off","11","2","None","None","Off","Off","Off","Off","Normal Encryption","Off","Off","Off","Off","251.1","1","Off","Off","Off","Off","Off","Off","1","0","Off","0","0","0","0","0","0"
"671","GOFNH NETAC1","145.22000","144.62000","D-Digital","High","12.5K","Off","Off","NETAC1","Group Call","8801","KC1JMH / Brad Br","Always","Carrier","Off","1","1","1","Off","11","1","None","None","Off","Off","Off","Off","Normal Encryption","Off","Off","Off","Off","251.1","1","Off","Off","Off","Off","Off","Off","1","0","Off","0","0","0","0","0","0"
"672","GOFNH UA Eng1","145.22000","144.62000","D-Digital","High","12.5K","Off","Off","UA English 1-113","Group Call","113","KC1JMH / Brad Br","Always","Carrier","Off","1","1","1","Off","11","1","None","None","Off","Off","Off","Off","Normal Encryption","Off","Off","Off","Off","251.1","1","Off","Off","Off","Off","Off","Off","1","0","Off","0","0","0","0","0","0"
"673","GOFNH UA Eng2","145.22000","144.62000","D-Digital","High","12.5K","Off","Off","UA English 2-123","Group Call","123","KC1JMH / Brad Br","Always","Carrier","Off","1","1","1","Off","11","1","None","None","Off","Off","Off","Off","Normal Encryption","Off","Off","Off","Off","251.1","1","Off","Off","Off","Off","Off","Off","1","0","Off","0","0","0","0","0","0"
"674","GOFNH TAC310","145.22000","144.62000","D-Digital","High","12.5K","Off","Off","TAC310","Group Call","310","KC1JMH / Brad Br","Always","Carrier","Off","1","1","1","Off","11","1","None","None","Off","Off","Off","Off","Normal Encryption","Off","Off","Off","Off","251.1","1","Off","Off","Off","Off","Off","Off","1","0","Off","0","0","0","0","0","0"
"675","GOFNH TAC311","145.22000","144.62000","D-Digital","High","12.5K","Off","Off","TAC311","Group Call","311","KC1JMH / Brad Br","Always","Carrier","Off","1","1","1","Off","11","1","None","None","Off","Off","Off","Off","Normal Encryption","Off","Off","Off","Off","251.1","1","Off","Off","Off","Off","Off","Off","1","0","Off","0","0","0","0","0","0"
"676","GOFNH Northeast","145.22000","144.62000","D-Digital","High","12.5K","Off","Off","Northeast","Group Call","3172","KC1JMH / Brad Br","Always","Carrier","Off","1","1","1","Off","11","1","None","None","Off","Off","Off","Off","Normal Encryption","Off","Off","Off","Off","251.1","1","Off","Off","Off","Off","Off","Off","1","0","Off","0","0","0","0","0","0"
"677","GOFNH North Am","145.22000","144.62000","D-Digital","High","12.5K","Off","Off","North America","Group Call","3","KC1JMH / Brad Br","Always","Carrier","Off","1","1","1","Off","11","1","None","None","Off","Off","Off","Off","Normal Encryption","Off","Off","Off","Off","251.1","1","Off","Off","Off","Off","Off","Off","1","0","Off","0","0","0","0","0","0"
"678","GOFNH WW Eng","145.22000","144.62000","D-Digital","High","12.5K","Off","Off","WW English","Group Call","13","KC1JMH / Brad Br","Always","Carrier","Off","1","1","1","Off","11","1","None","None","Off","Off","Off","Off","Normal Encryption","Off","Off","Off","Off","251.1","1","Off","Off","Off","Off","Off","Off","1","0","Off","0","0","0","0","0","0"
"679","GOFNH WW","145.22000","144.62000","D-Digital","High","12.5K","Off","Off","WW Call","Group Call","1","KC1JMH / Brad Br","Always","Carrier","Off","1","1","1","Off","11","1","None","None","Off","Off","Off","Off","Normal Encryption","Off","Off","Off","Off","251.1","1","Off","Off","Off","Off","Off","Off","1","0","Off","0","0","0","0","0","0"
"680","GOFNH SKYWARN","145.22000","144.62000","D-Digital","High","12.5K","Off","Off","SKYWARN","Group Call","759","KC1JMH / Brad Br","Always","Carrier","Off","1","1","1","Off","11","1","None","None","Off","Off","Off","Off","Normal Encryption","Off","Off","Off","Off","251.1","1","Off","Off","Off","Off","Off","Off","1","0","Off","0","0","0","0","0","0"
"681","GOFNH Parrot","145.22000","144.62000","D-Digital","High","12.5K","Off","Off","Parrot","Group Call","9998","KC1JMH / Brad Br","Always","Carrier","Off","1","1","1","Off","11","1","None","None","Off","Off","Off","Off","Normal Encryption","Off","Off","Off","Off","251.1","1","Off","Off","Off","Off","Off","Off","1","0","Off","0","0","0","0","0","0"
"682","HDUNH Local","447.72500","442.72500","D-Digital","High","12.5K","Off","Off","Local","Group Call","9","KC1JMH / Brad Br","Always","Carrier","Off","1","1","1","Off","1","2","None","None","Off","Off","Off","Off","Normal Encryption","Off","Off","Off","Off","251.1","1","Off","Off","Off","Off","Off","Off","1","0","Off","0","0","0","0","0","0"
"683","HDUNH NH SW","447.72500","442.72500","D-Digital","High","12.5K","Off","Off","NH Statewide","Group Call","3133","KC1JMH / Brad Br","Always","Carrier","Off","1","1","1","Off","1","2","None","None","Off","Off","Off","Off","Normal Encryption","Off","Off","Off","Off","251.1","1","Off","Off","Off","Off","Off","Off","1","0","Off","0","0","0","0","0","0"
"684","HDUNH CT SW","447.72500","442.72500","D-Digital","High","12.5K","Off","Off","CT Statewide","Group Call","3109","KC1JMH / Brad Br","Always","Carrier","Off","1","1","1","Off","1","2","None","None","Off","Off","Off","Off","Normal Encryption","Off","Off","Off","Off","251.1","1","Off","Off","Off","Off","Off","Off","1","0","Off","0","0","0","0","0","0"
"685","HDUNH MA SW","447.72500","442.72500","D-Digital","High","12.5K","Off","Off","MA Statewide","Group Call","3125","KC1JMH / Brad Br","Always","Carrier","Off","1","1","1","Off","1","1","None","None","Off","Off","Off","Off","Normal Encryption","Off","Off","Off","Off","251.1","1","Off","Off","Off","Off","Off","Off","1","0","Off","0","0","0","0","0","0"
"686","HDUNH VT SW","447.72500","442.72500","D-Digital","High","12.5K","Off","Off","VT Statewide","Group Call","3150","KC1JMH / Brad Br","Always","Carrier","Off","1","1","1","Off","1","1","None","None","Off","Off","Off","Off","Normal Encryption","Off","Off","Off","Off","251.1","1","Off","Off","Off","Off","Off","Off","1","0","Off","0","0","0","0","0","0"
"687","HDUNH Reg North","447.72500","442.72500","D-Digital","High","12.5K","Off","Off","Region North","Group Call","8","KC1JMH / Brad Br","Always","Carrier","Off","1","1","1","Off","1","2","None","None","Off","Off","Off","Off","Normal Encryption","Off","Off","Off","Off","251.1","1","Off","Off","Off","Off","Off","Off","1","0","Off","0","0","0","0","0","0"
"688","HDUNH NE Wide","447.72500","442.72500","D-Digital","High","12.5K","Off","Off","New England-Wide","Group Call","3181","KC1JMH / Brad Br","Always","Carrier","Off","1","1","1","Off","1","2","None","None","Off","Off","Off","Off","Normal Encryption","Off","Off","Off","Off","251.1","1","Off","Off","Off","Off","Off","Off","1","0","Off","0","0","0","0","0","0"
"689","HDUNH NETAC2","447.72500","442.72500","D-Digital","High","12.5K","Off","Off","NETAC2","Group Call","8802","KC1JMH / Brad Br","Always","Carrier","Off","1","1","1","Off","1","2","None","None","Off","Off","Off","Off","Normal Encryption","Off","Off","Off","Off","251.1","1","Off","Off","Off","Off","Off","Off","1","0","Off","0","0","0","0","0","0"
"690","HDUNH NETAC1","447.72500","442.72500","D-Digital","High","12.5K","Off","Off","NETAC1","Group Call","8801","KC1JMH / Brad Br","Always","Carrier","Off","1","1","1","Off","1","1","None","None","Off","Off","Off","Off","Normal Encryption","Off","Off","Off","Off","251.1","1","Off","Off","Off","Off","Off","Off","1","0","Off","0","0","0","0","0","0"
"691","HDUNH UA Eng1","447.72500","442.72500","D-Digital","High","12.5K","Off","Off","UA English 1-113","Group Call","113","KC1JMH / Brad Br","Always","Carrier","Off","1","1","1","Off","1","1","None","None","Off","Off","Off","Off","Normal Encryption","Off","Off","Off","Off","251.1","1","Off","Off","Off","Off","Off","Off","1","0","Off","0","0","0","0","0","0"
"692","HDUNH UA Eng2","447.72500","442.72500","D-Digital","High","12.5K","Off","Off","UA English 2-123","Group Call","123","KC1JMH / Brad Br","Always","Carrier","Off","1","1","1","Off","1","1","None","None","Off","Off","Off","Off","Normal Encryption","Off","Off","Off","Off","251.1","1","Off","Off","Off","Off","Off","Off","1","0","Off","0","0","0","0","0","0"
"693","HDUNH TAC310","447.72500","442.72500","D-Digital","High","12.5K","Off","Off","TAC310","Group Call","310","KC1JMH / Brad Br","Always","Carrier","Off","1","1","1","Off","1","1","None","None","Off","Off","Off","Off","Normal Encryption","Off","Off","Off","Off","251.1","1","Off","Off","Off","Off","Off","Off","1","0","Off","0","0","0","0","0","0"
"694","HDUNH TAC311","447.72500","442.72500","D-Digital","High","12.5K","Off","Off","TAC311","Group Call","311","KC1JMH / Brad Br","Always","Carrier","Off","1","1","1","Off","1","1","None","None","Off","Off","Off","Off","Normal Encryption","Off","Off","Off","Off","251.1","1","Off","Off","Off","Off","Off","Off","1","0","Off","0","0","0","0","0","0"
"695","HDUNH Northeast","447.72500","442.72500","D-Digital","High","12.5K","Off","Off","Northeast","Group Call","3172","KC1JMH / Brad Br","Always","Carrier","Off","1","1","1","Off","1","1","None","None","Off","Off","Off","Off","Normal Encryption","Off","Off","Off","Off","251.1","1","Off","Off","Off","Off","Off","Off","1","0","Off","0","0","0","0","0","0"
"696","HDUNH North Am","447.72500","442.72500","D-Digital","High","12.5K","Off","Off","North America","Group Call","3","KC1JMH / Brad Br","Always","Carrier","Off","1","1","1","Off","1","1","None","None","Off","Off","Off","Off","Normal Encryption","Off","Off","Off","Off","251.1","1","Off","Off","Off","Off","Off","Off","1","0","Off","0","0","0","0","0","0"
"697","HDUNH WW Eng","447.72500","442.72500","D-Digital","High","12.5K","Off","Off","WW English","Group Call","13","KC1JMH / Brad Br","Always","Carrier","Off","1","1","1","Off","1","1","None","None","Off","Off","Off","Off","Normal Encryption","Off","Off","Off","Off","251.1","1","Off","Off","Off","Off","Off","Off","1","0","Off","0","0","0","0","0","0"
"698","HDUNH WW","447.72500","442.72500","D-Digital","High","12.5K","Off","Off","WW Call","Group Call","1","KC1JMH / Brad Br","Always","Carrier","Off","1","1","1","Off","1","1","None","None","Off","Off","Off","Off","Normal Encryption","Off","Off","Off","Off","251.1","1","Off","Off","Off","Off","Off","Off","1","0","Off","0","0","0","0","0","0"
"699","HDUNH SKYWARN","447.72500","442.72500","D-Digital","High","12.5K","Off","Off","SKYWARN","Group Call","759","KC1JMH / Brad Br","Always","Carrier","Off","1","1","1","Off","1","1","None","None","Off","Off","Off","Off","Normal Encryption","Off","Off","Off","Off","251.1","1","Off","Off","Off","Off","Off","Off","1","0","Off","0","0","0","0","0","0"
"700","HDUNH Parrot","447.72500","442.72500","D-Digital","High","12.5K","Off","Off","Parrot","Group Call","9998","KC1JMH / Brad Br","Always","Carrier","Off","1","1","1","Off","1","1","None","None","Off","Off","Off","Off","Normal Encryption","Off","Off","Off","Off","251.1","1","Off","Off","Off","Off","Off","Off","1","0","Off","0","0","0","0","0","0"
"701","HDVNH Local","145.26000","144.66000","D-Digital","High","12.5K","Off","Off","Local","Group Call","9","KC1JMH / Brad Br","Always","Carrier","Off","1","1","1","Off","5","2","None","None","Off","Off","Off","Off","Normal Encryption","Off","Off","Off","Off","251.1","1","Off","Off","Off","Off","Off","Off","1","0","Off","0","0","0","0","0","0"
"702","HDVNH NH SW","145.26000","144.66000","D-Digital","High","12.5K","Off","Off","NH Statewide","Group Call","3133","KC1JMH / Brad Br","Always","Carrier","Off","1","1","1","Off","5","2","None","None","Off","Off","Off","Off","Normal Encryption","Off","Off","Off","Off","251.1","1","Off","Off","Off","Off","Off","Off","1","0","Off","0","0","0","0","0","0"
"703","HDVNH Reg North","145.26000","144.66000","D-Digital","High","12.5K","Off","Off","Region North","Group Call","8","KC1JMH / Brad Br","Always","Carrier","Off","1","1","1","Off","5","2","None","None","Off","Off","Off","Off","Normal Encryption","Off","Off","Off","Off","251.1","1","Off","Off","Off","Off","Off","Off","1","0","Off","0","0","0","0","0","0"
"704","HDVNH NE Wide","145.26000","144.66000","D-Digital","High","12.5K","Off","Off","New England-Wide","Group Call","3181","KC1JMH / Brad Br","Always","Carrier","Off","1","1","1","Off","5","2","None","None","Off","Off","Off","Off","Normal Encryption","Off","Off","Off","Off","251.1","1","Off","Off","Off","Off","Off","Off","1","0","Off","0","0","0","0","0","0"
"705","HDVNH NETAC2","145.26000","144.66000","D-Digital","High","12.5K","Off","Off","NETAC2","Group Call","8802","KC1JMH / Brad Br","Always","Carrier","Off","1","1","1","Off","5","2","None","None","Off","Off","Off","Off","Normal Encryption","Off","Off","Off","Off","251.1","1","Off","Off","Off","Off","Off","Off","1","0","Off","0","0","0","0","0","0"
"706","HDVNH NETAC1","145.26000","144.66000","D-Digital","High","12.5K","Off","Off","NETAC1","Group Call","8801","KC1JMH / Brad Br","Always","Carrier","Off","1","1","1","Off","5","1","None","None","Off","Off","Off","Off","Normal Encryption","Off","Off","Off","Off","251.1","1","Off","Off","Off","Off","Off","Off","1","0","Off","0","0","0","0","0","0"
"707","HDVNH UA Eng1","145.26000","144.66000","D-Digital","High","12.5K","Off","Off","UA English 1-113","Group Call","113","KC1JMH / Brad Br","Always","Carrier","Off","1","1","1","Off","5","1","None","None","Off","Off","Off","Off","Normal Encryption","Off","Off","Off","Off","251.1","1","Off","Off","Off","Off","Off","Off","1","0","Off","0","0","0","0","0","0"
"708","HDVNH UA Eng2","145.26000","144.66000","D-Digital","High","12.5K","Off","Off","UA English 2-123","Group Call","123","KC1JMH / Brad Br","Always","Carrier","Off","1","1","1","Off","5","1","None","None","Off","Off","Off","Off","Normal Encryption","Off","Off","Off","Off","251.1","1","Off","Off","Off","Off","Off","Off","1","0","Off","0","0","0","0","0","0"
"709","HDVNH TAC310","145.26000","144.66000","D-Digital","High","12.5K","Off","Off","TAC310","Group Call","310","KC1JMH / Brad Br","Always","Carrier","Off","1","1","1","Off","5","1","None","None","Off","Off","Off","Off","Normal Encryption","Off","Off","Off","Off","251.1","1","Off","Off","Off","Off","Off","Off","1","0","Off","0","0","0","0","0","0"
"710","HDVNH TAC311","145.26000","144.66000","D-Digital","High","12.5K","Off","Off","TAC311","Group Call","311","KC1JMH / Brad Br","Always","Carrier","Off","1","1","1","Off","5","1","None","None","Off","Off","Off","Off","Normal Encryption","Off","Off","Off","Off","251.1","1","Off","Off","Off","Off","Off","Off","1","0","Off","0","0","0","0","0","0"
"711","HDVNH Northeast","145.26000","144.66000","D-Digital","High","12.5K","Off","Off","Northeast","Group Call","3172","KC1JMH / Brad Br","Always","Carrier","Off","1","1","1","Off","5","1","None","None","Off","Off","Off","Off","Normal Encryption","Off","Off","Off","Off","251.1","1","Off","Off","Off","Off","Off","Off","1","0","Off","0","0","0","0","0","0"
"712","HDVNH North Am","145.26000","144.66000","D-Digital","High","12.5K","Off","Off","North America","Group Call","3","KC1JMH / Brad Br","Always","Carrier","Off","1","1","1","Off","5","1","None","None","Off","Off","Off","Off","Normal Encryption","Off","Off","Off","Off","251.1","1","Off","Off","Off","Off","Off","Off","1","0","Off","0","0","0","0","0","0"
"713","HDVNH WW Eng","145.26000","144.66000","D-Digital","High","12.5K","Off","Off","WW English","Group Call","13","KC1JMH / Brad Br","Always","Carrier","Off","1","1","1","Off","5","1","None","None","Off","Off","Off","Off","Normal Encryption","Off","Off","Off","Off","251.1","1","Off","Off","Off","Off","Off","Off","1","0","Off","0","0","0","0","0","0"
"714","HDVNH WW","145.26000","144.66000","D-Digital","High","12.5K","Off","Off","WW Call","Group Call","1","KC1JMH / Brad Br","Always","Carrier","Off","1","1","1","Off","5","1","None","None","Off","Off","Off","Off","Normal Encryption","Off","Off","Off","Off","251.1","1","Off","Off","Off","Off","Off","Off","1","0","Off","0","0","0","0","0","0"
"715","HDVNH SKYWARN","145.26000","144.66000","D-Digital","High","12.5K","Off","Off","SKYWARN","Group Call","759","KC1JMH / Brad Br","Always","Carrier","Off","1","1","1","Off","5","1","None","None","Off","Off","Off","Off","Normal Encryption","Off","Off","Off","Off","251.1","1","Off","Off","Off","Off","Off","Off","1","0","Off","0","0","0","0","0","0"
"716","HDVNH Parrot","145.26000","144.66000","D-Digital","High","12.5K","Off","Off","Parrot","Group Call","9998","KC1JMH / Brad Br","Always","Carrier","Off","1","1","1","Off","5","1","None","None","Off","Off","Off","Off","Normal Encryption","Off","Off","Off","Off","251.1","1","Off","Off","Off","Off","Off","Off","1","0","Off","0","0","0","0","0","0"
"717","KNENH Local","444.65000","449.65000","D-Digital","High","12.5K","Off","Off","Local","Group Call","9","KC1JMH / Brad Br","Always","Carrier","Off","1","1","1","Off","1","2","None","None","Off","Off","Off","Off","Normal Encryption","Off","Off","Off","Off","251.1","1","Off","Off","Off","Off","Off","Off","1","0","Off","0","0","0","0","0","0"
"718","KNENH NH SW","444.65000","449.65000","D-Digital","High","12.5K","Off","Off","NH Statewide","Group Call","3133","KC1JMH / Brad Br","Always","Carrier","Off","1","1","1","Off","1","2","None","None","Off","Off","Off","Off","Normal Encryption","Off","Off","Off","Off","251.1","1","Off","Off","Off","Off","Off","Off","1","0","Off","0","0","0","0","0","0"
"719","KNENH MA SW","444.65000","449.65000","D-Digital","High","12.5K","Off","Off","MA Statewide","Group Call","3125","KC1JMH / Brad Br","Always","Carrier","Off","1","1","1","Off","1","2","None","None","Off","Off","Off","Off","Normal Encryption","Off","Off","Off","Off","251.1","1","Off","Off","Off","Off","Off","Off","1","0","Off","0","0","0","0","0","0"
"720","KNENH VT SW","444.65000","449.65000","D-Digital","High","12.5K","Off","Off","VT Statewide","Group Call","3150","KC1JMH / Brad Br","Always","Carrier","Off","1","1","1","Off","1","2","None","None","Off","Off","Off","Off","Normal Encryption","Off","Off","Off","Off","251.1","1","Off","Off","Off","Off","Off","Off","1","0","Off","0","0","0","0","0","0"
"721","KNENH Reg North","444.65000","449.65000","D-Digital","High","12.5K","Off","Off","Region North","Group Call","8","KC1JMH / Brad Br","Always","Carrier","Off","1","1","1","Off","1","2","None","None","Off","Off","Off","Off","Normal Encryption","Off","Off","Off","Off","251.1","1","Off","Off","Off","Off","Off","Off","1","0","Off","0","0","0","0","0","0"
"722","KNENH NE Wide","444.65000","449.65000","D-Digital","High","12.5K","Off","Off","New England-Wide","Group Call","3181","KC1JMH / Brad Br","Always","Carrier","Off","1","1","1","Off","1","2","None","None","Off","Off","Off","Off","Normal Encryption","Off","Off","Off","Off","251.1","1","Off","Off","Off","Off","Off","Off","1","0","Off","0","0","0","0","0","0"
"723","KNENH NETAC2","444.65000","449.65000","D-Digital","High","12.5K","Off","Off","NETAC2","Group Call","8802","KC1JMH / Brad Br","Always","Carrier","Off","1","1","1","Off","1","2","None","None","Off","Off","Off","Off","Normal Encryption","Off","Off","Off","Off","251.1","1","Off","Off","Off","Off","Off","Off","1","0","Off","0","0","0","0","0","0"
"724","KNENH NETAC1","444.65000","449.65000","D-Digital","High","12.5K","Off","Off","NETAC1","Group Call","8801","KC1JMH / Brad Br","Always","Carrier","Off","1","1","1","Off","1","1","None","None","Off","Off","Off","Off","Normal Encryption","Off","Off","Off","Off","251.1","1","Off","Off","Off","Off","Off","Off","1","0","Off","0","0","0","0","0","0"
"725","KNENH UA Eng1","444.65000","449.65000","D-Digital","High","12.5K","Off","Off","UA English 1-113","Group Call","113","KC1JMH / Brad Br","Always","Carrier","Off","1","1","1","Off","1","1","None","None","Off","Off","Off","Off","Normal Encryption","Off","Off","Off","Off","251.1","1","Off","Off","Off","Off","Off","Off","1","0","Off","0","0","0","0","0","0"
"726","KNENH UA Eng2","444.65000","449.65000","D-Digital","High","12.5K","Off","Off","UA English 2-123","Group Call","123","KC1JMH / Brad Br","Always","Carrier","Off","1","1","1","Off","1","1","None","None","Off","Off","Off","Off","Normal Encryption","Off","Off","Off","Off","251.1","1","Off","Off","Off","Off","Off","Off","1","0","Off","0","0","0","0","0","0"
"727","KNENH TAC310","444.65000","449.65000","D-Digital","High","12.5K","Off","Off","TAC310","Group Call","310","KC1JMH / Brad Br","Always","Carrier","Off","1","1","1","Off","1","1","None","None","Off","Off","Off","Off","Normal Encryption","Off","Off","Off","Off","251.1","1","Off","Off","Off","Off","Off","Off","1","0","Off","0","0","0","0","0","0"
"728","KNENH TAC311","444.65000","449.65000","D-Digital","High","12.5K","Off","Off","TAC311","Group Call","311","KC1JMH / Brad Br","Always","Carrier","Off","1","1","1","Off","1","1","None","None","Off","Off","Off","Off","Normal Encryption","Off","Off","Off","Off","251.1","1","Off","Off","Off","Off","Off","Off","1","0","Off","0","0","0","0","0","0"
"729","KNENH Northeast","444.65000","449.65000","D-Digital","High","12.5K","Off","Off","Northeast","Group Call","3172","KC1JMH / Brad Br","Always","Carrier","Off","1","1","1","Off","1","1","None","None","Off","Off","Off","Off","Normal Encryption","Off","Off","Off","Off","251.1","1","Off","Off","Off","Off","Off","Off","1","0","Off","0","0","0","0","0","0"
"730","KNENH North Am","444.65000","449.65000","D-Digital","High","12.5K","Off","Off","North America","Group Call","3","KC1JMH / Brad Br","Always","Carrier","Off","1","1","1","Off","1","1","None","None","Off","Off","Off","Off","Normal Encryption","Off","Off","Off","Off","251.1","1","Off","Off","Off","Off","Off","Off","1","0","Off","0","0","0","0","0","0"
"731","KNENH WW Eng","444.65000","449.65000","D-Digital","High","12.5K","Off","Off","WW English","Group Call","13","KC1JMH / Brad Br","Always","Carrier","Off","1","1","1","Off","1","1","None","None","Off","Off","Off","Off","Normal Encryption","Off","Off","Off","Off","251.1","1","Off","Off","Off","Off","Off","Off","1","0","Off","0","0","0","0","0","0"
"732","KNENH WW","444.65000","449.65000","D-Digital","High","12.5K","Off","Off","WW Call","Group Call","1","KC1JMH / Brad Br","Always","Carrier","Off","1","1","1","Off","1","1","None","None","Off","Off","Off","Off","Normal Encryption","Off","Off","Off","Off","251.1","1","Off","Off","Off","Off","Off","Off","1","0","Off","0","0","0","0","0","0"
"733","KNENH SKYWARN","444.65000","449.65000","D-Digital","High","12.5K","Off","Off","SKYWARN","Group Call","759","KC1JMH / Brad Br","Always","Carrier","Off","1","1","1","Off","1","1","None","None","Off","Off","Off","Off","Normal Encryption","Off","Off","Off","Off","251.1","1","Off","Off","Off","Off","Off","Off","1","0","Off","0","0","0","0","0","0"
"734","KNENH Parrot","444.65000","449.65000","D-Digital","High","12.5K","Off","Off","Parrot","Group Call","9998","KC1JMH / Brad Br","Always","Carrier","Off","1","1","1","Off","1","1","None","None","Off","Off","Off","Off","Normal Encryption","Off","Off","Off","Off","251.1","1","Off","Off","Off","Off","Off","Off","1","0","Off","0","0","0","0","0","0"
"735","MTWNH Local","448.97500","443.97500","D-Digital","High","12.5K","Off","Off","Local","Group Call","9","KC1JMH / Brad Br","Always","Carrier","Off","1","1","1","Off","2","2","None","None","Off","Off","Off","Off","Normal Encryption","Off","Off","Off","Off","251.1","1","Off","Off","Off","Off","Off","Off","1","0","Off","0","0","0","0","0","0"
"736","MTWNH ME SW","448.97500","443.97500","D-Digital","High","12.5K","Off","Off","ME Statewide","Group Call","3123","KC1JMH / Brad Br","Always","Carrier","Off","1","1","1","Off","2","1","None","None","Off","Off","Off","Off","Normal Encryption","Off","Off","Off","Off","251.1","1","Off","Off","Off","Off","Off","Off","1","0","Off","0","0","0","0","0","0"
"737","MTWNH NH SW","448.97500","443.97500","D-Digital","High","12.5K","Off","Off","NH Statewide","Group Call","3133","KC1JMH / Brad Br","Always","Carrier","Off","1","1","1","Off","2","2","None","None","Off","Off","Off","Off","Normal Encryption","Off","Off","Off","Off","251.1","1","Off","Off","Off","Off","Off","Off","1","0","Off","0","0","0","0","0","0"
"738","MTWNH VT SW","448.97500","443.97500","D-Digital","High","12.5K","Off","Off","VT Statewide","Group Call","3150","KC1JMH / Brad Br","Always","Carrier","Off","1","1","1","Off","2","1","None","None","Off","Off","Off","Off","Normal Encryption","Off","Off","Off","Off","251.1","1","Off","Off","Off","Off","Off","Off","1","0","Off","0","0","0","0","0","0"
"739","MTWNH Reg North","448.97500","443.97500","D-Digital","High","12.5K","Off","Off","Region North","Group Call","8","KC1JMH / Brad Br","Always","Carrier","Off","1","1","1","Off","2","2","None","None","Off","Off","Off","Off","Normal Encryption","Off","Off","Off","Off","251.1","1","Off","Off","Off","Off","Off","Off","1","0","Off","0","0","0","0","0","0"
"740","MTWNH NE Wide","448.97500","443.97500","D-Digital","High","12.5K","Off","Off","New England-Wide","Group Call","3181","KC1JMH / Brad Br","Always","Carrier","Off","1","1","1","Off","2","2","None","None","Off","Off","Off","Off","Normal Encryption","Off","Off","Off","Off","251.1","1","Off","Off","Off","Off","Off","Off","1","0","Off","0","0","0","0","0","0"
"741","MTWNH COOS","448.97500","443.97500","D-Digital","High","12.5K","Off","Off","Coos Net","Group Call","8803","KC1JMH / Brad Br","Always","Carrier","Off","1","1","1","Off","2","2","None","None","Off","Off","Off","Off","Normal Encryption","Off","Off","Off","Off","251.1","1","Off","Off","Off","Off","Off","Off","1","0","Off","0","0","0","0","0","0"
"742","MTWNH NETAC2","448.97500","443.97500","D-Digital","High","12.5K","Off","Off","NETAC2","Group Call","8802","KC1JMH / Brad Br","Always","Carrier","Off","1","1","1","Off","2","2","None","None","Off","Off","Off","Off","Normal Encryption","Off","Off","Off","Off","251.1","1","Off","Off","Off","Off","Off","Off","1","0","Off","0","0","0","0","0","0"
"743","MTWNH NETAC1","448.97500","443.97500","D-Digital","High","12.5K","Off","Off","NETAC1","Group Call","8801","KC1JMH / Brad Br","Always","Carrier","Off","1","1","1","Off","2","1","None","None","Off","Off","Off","Off","Normal Encryption","Off","Off","Off","Off","251.1","1","Off","Off","Off","Off","Off","Off","1","0","Off","0","0","0","0","0","0"
"744","MTWNH UA Eng1","448.97500","443.97500","D-Digital","High","12.5K","Off","Off","UA English 1-113","Group Call","113","KC1JMH / Brad Br","Always","Carrier","Off","1","1","1","Off","2","1","None","None","Off","Off","Off","Off","Normal Encryption","Off","Off","Off","Off","251.1","1","Off","Off","Off","Off","Off","Off","1","0","Off","0","0","0","0","0","0"
"745","MTWNH UA Eng2","448.97500","443.97500","D-Digital","High","12.5K","Off","Off","UA English 2-123","Group Call","123","KC1JMH / Brad Br","Always","Carrier","Off","1","1","1","Off","2","1","None","None","Off","Off","Off","Off","Normal Encryption","Off","Off","Off","Off","251.1","1","Off","Off","Off","Off","Off","Off","1","0","Off","0","0","0","0","0","0"
"746","MTWNH TAC310","448.97500","443.97500","D-Digital","High","12.5K","Off","Off","TAC310","Group Call","310","KC1JMH / Brad Br","Always","Carrier","Off","1","1","1","Off","2","1","None","None","Off","Off","Off","Off","Normal Encryption","Off","Off","Off","Off","251.1","1","Off","Off","Off","Off","Off","Off","1","0","Off","0","0","0","0","0","0"
"747","MTWNH TAC311","448.97500","443.97500","D-Digital","High","12.5K","Off","Off","TAC311","Group Call","311","KC1JMH / Brad Br","Always","Carrier","Off","1","1","1","Off","2","1","None","None","Off","Off","Off","Off","Normal Encryption","Off","Off","Off","Off","251.1","1","Off","Off","Off","Off","Off","Off","1","0","Off","0","0","0","0","0","0"
"748","MTWNH Northeast","448.97500","443.97500","D-Digital","High","12.5K","Off","Off","Northeast","Group Call","3172","KC1JMH / Brad Br","Always","Carrier","Off","1","1","1","Off","2","1","None","None","Off","Off","Off","Off","Normal Encryption","Off","Off","Off","Off","251.1","1","Off","Off","Off","Off","Off","Off","1","0","Off","0","0","0","0","0","0"
"749","MTWNH North Am","448.97500","443.97500","D-Digital","High","12.5K","Off","Off","North America","Group Call","3","KC1JMH / Brad Br","Always","Carrier","Off","1","1","1","Off","2","1","None","None","Off","Off","Off","Off","Normal Encryption","Off","Off","Off","Off","251.1","1","Off","Off","Off","Off","Off","Off","1","0","Off","0","0","0","0","0","0"
"750","MTWNH WW Eng","448.97500","443.97500","D-Digital","High","12.5K","Off","Off","WW English","Group Call","13","KC1JMH / Brad Br","Always","Carrier","Off","1","1","1","Off","2","1","None","None","Off","Off","Off","Off","Normal Encryption","Off","Off","Off","Off","251.1","1","Off","Off","Off","Off","Off","Off","1","0","Off","0","0","0","0","0","0"
"751","MTWNH WW","448.97500","443.97500","D-Digital","High","12.5K","Off","Off","WW Call","Group Call","1","KC1JMH / Brad Br","Always","Carrier","Off","1","1","1","Off","2","1","None","None","Off","Off","Off","Off","Normal Encryption","Off","Off","Off","Off","251.1","1","Off","Off","Off","Off","Off","Off","1","0","Off","0","0","0","0","0","0"
"752","MTWNH SKYWARN","448.97500","443.97500","D-Digital","High","12.5K","Off","Off","SKYWARN","Group Call","759","KC1JMH / Brad Br","Always","Carrier","Off","1","1","1","Off","2","1","None","None","Off","Off","Off","Off","Normal Encryption","Off","Off","Off","Off","251.1","1","Off","Off","Off","Off","Off","Off","1","0","Off","0","0","0","0","0","0"
"753","MTWNH Parrot","448.97500","443.97500","D-Digital","High","12.5K","Off","Off","Parrot","Group Call","9998","KC1JMH / Brad Br","Always","Carrier","Off","1","1","1","Off","2","1","None","None","Off","Off","Off","Off","Normal Encryption","Off","Off","Off","Off","251.1","1","Off","Off","Off","Off","Off","Off","1","0","Off","0","0","0","0","0","0"
"754","NCWNH Local","448.77500","443.77500","D-Digital","High","12.5K","Off","Off","Local","Group Call","9","KC1JMH / Brad Br","Always","Carrier","Off","1","1","1","Off","2","2","None","None","Off","Off","Off","Off","Normal Encryption","Off","Off","Off","Off","251.1","1","Off","Off","Off","Off","Off","Off","1","0","Off","0","0","0","0","0","0"
"755","NCWNH NH SW","448.77500","443.77500","D-Digital","High","12.5K","Off","Off","NH Statewide","Group Call","3133","KC1JMH / Brad Br","Always","Carrier","Off","1","1","1","Off","2","2","None","None","Off","Off","Off","Off","Normal Encryption","Off","Off","Off","Off","251.1","1","Off","Off","Off","Off","Off","Off","1","0","Off","0","0","0","0","0","0"
"756","NCWNH ME SW","448.77500","443.77500","D-Digital","High","12.5K","Off","Off","ME Statewide","Group Call","3123","KC1JMH / Brad Br","Always","Carrier","Off","1","1","1","Off","2","1","None","None","Off","Off","Off","Off","Normal Encryption","Off","Off","Off","Off","251.1","1","Off","Off","Off","Off","Off","Off","1","0","Off","0","0","0","0","0","0"
"757","NCWNH Reg North","448.77500","443.77500","D-Digital","High","12.5K","Off","Off","Region North","Group Call","8","KC1JMH / Brad Br","Always","Carrier","Off","1","1","1","Off","2","2","None","None","Off","Off","Off","Off","Normal Encryption","Off","Off","Off","Off","251.1","1","Off","Off","Off","Off","Off","Off","1","0","Off","0","0","0","0","0","0"
"758","NCWNH NE Wide","448.77500","443.77500","D-Digital","High","12.5K","Off","Off","New England-Wide","Group Call","3181","KC1JMH / Brad Br","Always","Carrier","Off","1","1","1","Off","2","2","None","None","Off","Off","Off","Off","Normal Encryption","Off","Off","Off","Off","251.1","1","Off","Off","Off","Off","Off","Off","1","0","Off","0","0","0","0","0","0"
"759","NCWNH NETAC2","448.77500","443.77500","D-Digital","High","12.5K","Off","Off","NETAC2","Group Call","8802","KC1JMH / Brad Br","Always","Carrier","Off","1","1","1","Off","2","2","None","None","Off","Off","Off","Off","Normal Encryption","Off","Off","Off","Off","251.1","1","Off","Off","Off","Off","Off","Off","1","0","Off","0","0","0","0","0","0"
"760","NCWNH NETAC1","448.77500","443.77500","D-Digital","High","12.5K","Off","Off","NETAC1","Group Call","8801","KC1JMH / Brad Br","Always","Carrier","Off","1","1","1","Off","2","1","None","None","Off","Off","Off","Off","Normal Encryption","Off","Off","Off","Off","251.1","1","Off","Off","Off","Off","Off","Off","1","0","Off","0","0","0","0","0","0"
"761","NCWNH UA Eng1","448.77500","443.77500","D-Digital","High","12.5K","Off","Off","UA English 1-113","Group Call","113","KC1JMH / Brad Br","Always","Carrier","Off","1","1","1","Off","2","1","None","None","Off","Off","Off","Off","Normal Encryption","Off","Off","Off","Off","251.1","1","Off","Off","Off","Off","Off","Off","1","0","Off","0","0","0","0","0","0"
"762","NCWNH UA Eng2","448.77500","443.77500","D-Digital","High","12.5K","Off","Off","UA English 2-123","Group Call","123","KC1JMH / Brad Br","Always","Carrier","Off","1","1","1","Off","2","1","None","None","Off","Off","Off","Off","Normal Encryption","Off","Off","Off","Off","251.1","1","Off","Off","Off","Off","Off","Off","1","0","Off","0","0","0","0","0","0"
"763","NCWNH TAC310","448.77500","443.77500","D-Digital","High","12.5K","Off","Off","TAC310","Group Call","310","KC1JMH / Brad Br","Always","Carrier","Off","1","1","1","Off","2","1","None","None","Off","Off","Off","Off","Normal Encryption","Off","Off","Off","Off","251.1","1","Off","Off","Off","Off","Off","Off","1","0","Off","0","0","0","0","0","0"
"764","NCWNH TAC311","448.77500","443.77500","D-Digital","High","12.5K","Off","Off","TAC311","Group Call","311","KC1JMH / Brad Br","Always","Carrier","Off","1","1","1","Off","2","1","None","None","Off","Off","Off","Off","Normal Encryption","Off","Off","Off","Off","251.1","1","Off","Off","Off","Off","Off","Off","1","0","Off","0","0","0","0","0","0"
"765","NCWNH Northeast","448.77500","443.77500","D-Digital","High","12.5K","Off","Off","Northeast","Group Call","3172","KC1JMH / Brad Br","Always","Carrier","Off","1","1","1","Off","2","1","None","None","Off","Off","Off","Off","Normal Encryption","Off","Off","Off","Off","251.1","1","Off","Off","Off","Off","Off","Off","1","0","Off","0","0","0","0","0","0"
"766","NCWNH North Am","448.77500","443.77500","D-Digital","High","12.5K","Off","Off","North America","Group Call","3","KC1JMH / Brad Br","Always","Carrier","Off","1","1","1","Off","2","1","None","None","Off","Off","Off","Off","Normal Encryption","Off","Off","Off","Off","251.1","1","Off","Off","Off","Off","Off","Off","1","0","Off","0","0","0","0","0","0"
"767","NCWNH WW Eng","448.77500","443.77500","D-Digital","High","12.5K","Off","Off","WW English","Group Call","13","KC1JMH / Brad Br","Always","Carrier","Off","1","1","1","Off","2","1","None","None","Off","Off","Off","Off","Normal Encryption","Off","Off","Off","Off","251.1","1","Off","Off","Off","Off","Off","Off","1","0","Off","0","0","0","0","0","0"
"768","NCWNH WW","448.77500","443.77500","D-Digital","High","12.5K","Off","Off","WW Call","Group Call","1","KC1JMH / Brad Br","Always","Carrier","Off","1","1","1","Off","2","1","None","None","Off","Off","Off","Off","Normal Encryption","Off","Off","Off","Off","251.1","1","Off","Off","Off","Off","Off","Off","1","0","Off","0","0","0","0","0","0"
"769","NCWNH SKYWARN","448.77500","443.77500","D-Digital","High","12.5K","Off","Off","SKYWARN","Group Call","759","KC1JMH / Brad Br","Always","Carrier","Off","1","1","1","Off","2","1","None","None","Off","Off","Off","Off","Normal Encryption","Off","Off","Off","Off","251.1","1","Off","Off","Off","Off","Off","Off","1","0","Off","0","0","0","0","0","0"
"770","NCWNH Parrot","448.77500","443.77500","D-Digital","High","12.5K","Off","Off","Parrot","Group Call","9998","KC1JMH / Brad Br","Always","Carrier","Off","1","1","1","Off","2","1","None","None","Off","Off","Off","Off","Normal Encryption","Off","Off","Off","Off","251.1","1","Off","Off","Off","Off","Off","Off","1","0","Off","0","0","0","0","0","0"
"771","RCHNH Local","145.24000","144.64000","D-Digital","High","12.5K","Off","Off","Local","Group Call","9","KC1JMH / Brad Br","Always","Carrier","Off","1","1","1","Off","3","2","None","None","Off","Off","Off","Off","Normal Encryption","Off","Off","Off","Off","251.1","1","Off","Off","Off","Off","Off","Off","1","0","Off","0","0","0","0","0","0"
"772","RCHNH NH SW","145.24000","144.64000","D-Digital","High","12.5K","Off","Off","NH Statewide","Group Call","3133","KC1JMH / Brad Br","Always","Carrier","Off","1","1","1","Off","3","2","None","None","Off","Off","Off","Off","Normal Encryption","Off","Off","Off","Off","251.1","1","Off","Off","Off","Off","Off","Off","1","0","Off","0","0","0","0","0","0"
"773","RCHNH ME SW","145.24000","144.64000","D-Digital","High","12.5K","Off","Off","ME Statewide","Group Call","3123","KC1JMH / Brad Br","Always","Carrier","Off","1","1","1","Off","3","1","None","None","Off","Off","Off","Off","Normal Encryption","Off","Off","Off","Off","251.1","1","Off","Off","Off","Off","Off","Off","1","0","Off","0","0","0","0","0","0"
"774","RCHNH Reg North","145.24000","144.64000","D-Digital","High","12.5K","Off","Off","Region North","Group Call","8","KC1JMH / Brad Br","Always","Carrier","Off","1","1","1","Off","3","2","None","None","Off","Off","Off","Off","Normal Encryption","Off","Off","Off","Off","251.1","1","Off","Off","Off","Off","Off","Off","1","0","Off","0","0","0","0","0","0"
"775","RCHNH NE Wide","145.24000","144.64000","D-Digital","High","12.5K","Off","Off","New England-Wide","Group Call","3181","KC1JMH / Brad Br","Always","Carrier","Off","1","1","1","Off","3","2","None","None","Off","Off","Off","Off","Normal Encryption","Off","Off","Off","Off","251.1","1","Off","Off","Off","Off","Off","Off","1","0","Off","0","0","0","0","0","0"
"776","RCHNH NETAC2","145.24000","144.64000","D-Digital","High","12.5K","Off","Off","NETAC2","Group Call","8802","KC1JMH / Brad Br","Always","Carrier","Off","1","1","1","Off","3","2","None","None","Off","Off","Off","Off","Normal Encryption","Off","Off","Off","Off","251.1","1","Off","Off","Off","Off","Off","Off","1","0","Off","0","0","0","0","0","0"
"777","RCHNH NETAC1","145.24000","144.64000","D-Digital","High","12.5K","Off","Off","NETAC1","Group Call","8801","KC1JMH / Brad Br","Always","Carrier","Off","1","1","1","Off","3","1","None","None","Off","Off","Off","Off","Normal Encryption","Off","Off","Off","Off","251.1","1","Off","Off","Off","Off","Off","Off","1","0","Off","0","0","0","0","0","0"
"778","RCHNH UA Eng1","145.24000","144.64000","D-Digital","High","12.5K","Off","Off","UA English 1-113","Group Call","113","KC1JMH / Brad Br","Always","Carrier","Off","1","1","1","Off","3","1","None","None","Off","Off","Off","Off","Normal Encryption","Off","Off","Off","Off","251.1","1","Off","Off","Off","Off","Off","Off","1","0","Off","0","0","0","0","0","0"
"779","RCHNH UA Eng2","145.24000","144.64000","D-Digital","High","12.5K","Off","Off","UA English 2-123","Group Call","123","KC1JMH / Brad Br","Always","Carrier","Off","1","1","1","Off","3","1","None","None","Off","Off","Off","Off","Normal Encryption","Off","Off","Off","Off","251.1","1","Off","Off","Off","Off","Off","Off","1","0","Off","0","0","0","0","0","0"
"780","RCHNH TAC310","145.24000","144.64000","D-Digital","High","12.5K","Off","Off","TAC310","Group Call","310","KC1JMH / Brad Br","Always","Carrier","Off","1","1","1","Off","3","1","None","None","Off","Off","Off","Off","Normal Encryption","Off","Off","Off","Off","251.1","1","Off","Off","Off","Off","Off","Off","1","0","Off","0","0","0","0","0","0"
"781","RCHNH TAC311","145.24000","144.64000","D-Digital","High","12.5K","Off","Off","TAC311","Group Call","311","KC1JMH / Brad Br","Always","Carrier","Off","1","1","1","Off","3","1","None","None","Off","Off","Off","Off","Normal Encryption","Off","Off","Off","Off","251.1","1","Off","Off","Off","Off","Off","Off","1","0","Off","0","0","0","0","0","0"
"782","RCHNH Northeast","145.24000","144.64000","D-Digital","High","12.5K","Off","Off","Northeast","Group Call","3172","KC1JMH / Brad Br","Always","Carrier","Off","1","1","1","Off","3","1","None","None","Off","Off","Off","Off","Normal Encryption","Off","Off","Off","Off","251.1","1","Off","Off","Off","Off","Off","Off","1","0","Off","0","0","0","0","0","0"
"783","RCHNH North Am","145.24000","144.64000","D-Digital","High","12.5K","Off","Off","North America","Group Call","3","KC1JMH / Brad Br","Always","Carrier","Off","1","1","1","Off","3","1","None","None","Off","Off","Off","Off","Normal Encryption","Off","Off","Off","Off","251.1","1","Off","Off","Off","Off","Off","Off","1","0","Off","0","0","0","0","0","0"
"784","RCHNH WW Eng","145.24000","144.64000","D-Digital","High","12.5K","Off","Off","WW English","Group Call","13","KC1JMH / Brad Br","Always","Carrier","Off","1","1","1","Off","3","1","None","None","Off","Off","Off","Off","Normal Encryption","Off","Off","Off","Off","251.1","1","Off","Off","Off","Off","Off","Off","1","0","Off","0","0","0","0","0","0"
"785","RCHNH WW","145.24000","144.64000","D-Digital","High","12.5K","Off","Off","WW Call","Group Call","1","KC1JMH / Brad Br","Always","Carrier","Off","1","1","1","Off","3","1","None","None","Off","Off","Off","Off","Normal Encryption","Off","Off","Off","Off","251.1","1","Off","Off","Off","Off","Off","Off","1","0","Off","0","0","0","0","0","0"
"786","RCHNH SKYWARN","145.24000","144.64000","D-Digital","High","12.5K","Off","Off","SKYWARN","Group Call","759","KC1JMH / Brad Br","Always","Carrier","Off","1","1","1","Off","3","1","None","None","Off","Off","Off","Off","Normal Encryption","Off","Off","Off","Off","251.1","1","Off","Off","Off","Off","Off","Off","1","0","Off","0","0","0","0","0","0"
"787","RCHNH Parrot","145.24000","144.64000","D-Digital","High","12.5K","Off","Off","Parrot","Group Call","9998","KC1JMH / Brad Br","Always","Carrier","Off","1","1","1","Off","3","1","None","None","Off","Off","Off","Off","Normal Encryption","Off","Off","Off","Off","251.1","1","Off","Off","Off","Off","Off","Off","1","0","Off","0","0","0","0","0","0"
"788","SANNH Local","145.18000","144.58000","D-Digital","High","12.5K","Off","Off","Local","Group Call","9","KC1JMH / Brad Br","Always","Carrier","Off","1","1","1","Off","6","2","None","None","Off","Off","Off","Off","Normal Encryption","Off","Off","Off","Off","251.1","1","Off","Off","Off","Off","Off","Off","1","0","Off","0","0","0","0","0","0"
"789","SANNH NH SW","145.18000","144.58000","D-Digital","High","12.5K","Off","Off","NH Statewide","Group Call","3133","KC1JMH / Brad Br","Always","Carrier","Off","1","1","1","Off","6","2","None","None","Off","Off","Off","Off","Normal Encryption","Off","Off","Off","Off","251.1","1","Off","Off","Off","Off","Off","Off","1","0","Off","0","0","0","0","0","0"
"790","SANNH Reg North","145.18000","144.58000","D-Digital","High","12.5K","Off","Off","Region North","Group Call","8","KC1JMH / Brad Br","Always","Carrier","Off","1","1","1","Off","6","2","None","None","Off","Off","Off","Off","Normal Encryption","Off","Off","Off","Off","251.1","1","Off","Off","Off","Off","Off","Off","1","0","Off","0","0","0","0","0","0"
"791","SANNH NE Wide","145.18000","144.58000","D-Digital","High","12.5K","Off","Off","New England-Wide","Group Call","3181","KC1JMH / Brad Br","Always","Carrier","Off","1","1","1","Off","6","2","None","None","Off","Off","Off","Off","Normal Encryption","Off","Off","Off","Off","251.1","1","Off","Off","Off","Off","Off","Off","1","0","Off","0","0","0","0","0","0"
"792","SANNH NETAC2","145.18000","144.58000","D-Digital","High","12.5K","Off","Off","NETAC2","Group Call","8802","KC1JMH / Brad Br","Always","Carrier","Off","1","1","1","Off","6","2","None","None","Off","Off","Off","Off","Normal Encryption","Off","Off","Off","Off","251.1","1","Off","Off","Off","Off","Off","Off","1","0","Off","0","0","0","0","0","0"
"793","SANNH NETAC1","145.18000","144.58000","D-Digital","High","12.5K","Off","Off","NETAC1","Group Call","8801","KC1JMH / Brad Br","Always","Carrier","Off","1","1","1","Off","6","1","None","None","Off","Off","Off","Off","Normal Encryption","Off","Off","Off","Off","251.1","1","Off","Off","Off","Off","Off","Off","1","0","Off","0","0","0","0","0","0"
"794","SANNH UA Eng1","145.18000","144.58000","D-Digital","High","12.5K","Off","Off","UA English 1-113","Group Call","113","KC1JMH / Brad Br","Always","Carrier","Off","1","1","1","Off","6","1","None","None","Off","Off","Off","Off","Normal Encryption","Off","Off","Off","Off","251.1","1","Off","Off","Off","Off","Off","Off","1","0","Off","0","0","0","0","0","0"
"795","SANNH UA Eng2","145.18000","144.58000","D-Digital","High","12.5K","Off","Off","UA English 2-123","Group Call","123","KC1JMH / Brad Br","Always","Carrier","Off","1","1","1","Off","6","1","None","None","Off","Off","Off","Off","Normal Encryption","Off","Off","Off","Off","251.1","1","Off","Off","Off","Off","Off","Off","1","0","Off","0","0","0","0","0","0"
"796","SANNH TAC310","145.18000","144.58000","D-Digital","High","12.5K","Off","Off","TAC310","Group Call","310","KC1JMH / Brad Br","Always","Carrier","Off","1","1","1","Off","6","1","None","None","Off","Off","Off","Off","Normal Encryption","Off","Off","Off","Off","251.1","1","Off","Off","Off","Off","Off","Off","1","0","Off","0","0","0","0","0","0"
"797","SANNH TAC311","145.18000","144.58000","D-Digital","High","12.5K","Off","Off","TAC311","Group Call","311","KC1JMH / Brad Br","Always","Carrier","Off","1","1","1","Off","6","1","None","None","Off","Off","Off","Off","Normal Encryption","Off","Off","Off","Off","251.1","1","Off","Off","Off","Off","Off","Off","1","0","Off","0","0","0","0","0","0"
"798","SANNH Northeast","145.18000","144.58000","D-Digital","High","12.5K","Off","Off","Northeast","Group Call","3172","KC1JMH / Brad Br","Always","Carrier","Off","1","1","1","Off","6","1","None","None","Off","Off","Off","Off","Normal Encryption","Off","Off","Off","Off","251.1","1","Off","Off","Off","Off","Off","Off","1","0","Off","0","0","0","0","0","0"
"799","SANNH North Am","145.18000","144.58000","D-Digital","High","12.5K","Off","Off","North America","Group Call","3","KC1JMH / Brad Br","Always","Carrier","Off","1","1","1","Off","6","1","None","None","Off","Off","Off","Off","Normal Encryption","Off","Off","Off","Off","251.1","1","Off","Off","Off","Off","Off","Off","1","0","Off","0","0","0","0","0","0"
"800","SANNH WW Eng","145.18000","144.58000","D-Digital","High","12.5K","Off","Off","WW English","Group Call","13","KC1JMH / Brad Br","Always","Carrier","Off","1","1","1","Off","6","1","None","None","Off","Off","Off","Off","Normal Encryption","Off","Off","Off","Off","251.1","1","Off","Off","Off","Off","Off","Off","1","0","Off","0","0","0","0","0","0"
"801","SANNH WW","145.18000","144.58000","D-Digital","High","12.5K","Off","Off","WW Call","Group Call","1","KC1JMH / Brad Br","Always","Carrier","Off","1","1","1","Off","6","1","None","None","Off","Off","Off","Off","Normal Encryption","Off","Off","Off","Off","251.1","1","Off","Off","Off","Off","Off","Off","1","0","Off","0","0","0","0","0","0"
"802","SANNH SKYWARN","145.18000","144.58000","D-Digital","High","12.5K","Off","Off","SKYWARN","Group Call","759","KC1JMH / Brad Br","Always","Carrier","Off","1","1","1","Off","6","1","None","None","Off","Off","Off","Off","Normal Encryption","Off","Off","Off","Off","251.1","1","Off","Off","Off","Off","Off","Off","1","0","Off","0","0","0","0","0","0"
"803","SANNH Parrot","145.18000","144.58000","D-Digital","High","12.5K","Off","Off","Parrot","Group Call","9998","KC1JMH / Brad Br","Always","Carrier","Off","1","1","1","Off","6","1","None","None","Off","Off","Off","Off","Normal Encryption","Off","Off","Off","Off","251.1","1","Off","Off","Off","Off","Off","Off","1","0","Off","0","0","0","0","0","0"
"804","SOMNH Local","145.18000","144.58000","D-Digital","High","12.5K","Off","Off","Local","Group Call","9","KC1JMH / Brad Br","Always","Carrier","Off","1","1","1","Off","5","2","None","None","Off","Off","Off","Off","Normal Encryption","Off","Off","Off","Off","251.1","1","Off","Off","Off","Off","Off","Off","1","0","Off","0","0","0","0","0","0"
"805","SOMNH NH SW","145.18000","144.58000","D-Digital","High","12.5K","Off","Off","NH Statewide","Group Call","3133","KC1JMH / Brad Br","Always","Carrier","Off","1","1","1","Off","5","2","None","None","Off","Off","Off","Off","Normal Encryption","Off","Off","Off","Off","251.1","1","Off","Off","Off","Off","Off","Off","1","0","Off","0","0","0","0","0","0"
"806","SOMNH Reg North","145.18000","144.58000","D-Digital","High","12.5K","Off","Off","Region North","Group Call","8","KC1JMH / Brad Br","Always","Carrier","Off","1","1","1","Off","5","2","None","None","Off","Off","Off","Off","Normal Encryption","Off","Off","Off","Off","251.1","1","Off","Off","Off","Off","Off","Off","1","0","Off","0","0","0","0","0","0"
"807","SOMNH NE Wide","145.18000","144.58000","D-Digital","High","12.5K","Off","Off","New England-Wide","Group Call","3181","KC1JMH / Brad Br","Always","Carrier","Off","1","1","1","Off","5","2","None","None","Off","Off","Off","Off","Normal Encryption","Off","Off","Off","Off","251.1","1","Off","Off","Off","Off","Off","Off","1","0","Off","0","0","0","0","0","0"
"808","SOMNH NETAC2","145.18000","144.58000","D-Digital","High","12.5K","Off","Off","NETAC2","Group Call","8802","KC1JMH / Brad Br","Always","Carrier","Off","1","1","1","Off","5","2","None","None","Off","Off","Off","Off","Normal Encryption","Off","Off","Off","Off","251.1","1","Off","Off","Off","Off","Off","Off","1","0","Off","0","0","0","0","0","0"
"809","SOMNH NETAC1","145.18000","144.58000","D-Digital","High","12.5K","Off","Off","NETAC1","Group Call","8801","KC1JMH / Brad Br","Always","Carrier","Off","1","1","1","Off","5","1","None","None","Off","Off","Off","Off","Normal Encryption","Off","Off","Off","Off","251.1","1","Off","Off","Off","Off","Off","Off","1","0","Off","0","0","0","0","0","0"
"810","SOMNH UA Eng1","145.18000","144.58000","D-Digital","High","12.5K","Off","Off","UA English 1-113","Group Call","113","KC1JMH / Brad Br","Always","Carrier","Off","1","1","1","Off","5","1","None","None","Off","Off","Off","Off","Normal Encryption","Off","Off","Off","Off","251.1","1","Off","Off","Off","Off","Off","Off","1","0","Off","0","0","0","0","0","0"
"811","SOMNH UA Eng2","145.18000","144.58000","D-Digital","High","12.5K","Off","Off","UA English 2-123","Group Call","123","KC1JMH / Brad Br","Always","Carrier","Off","1","1","1","Off","5","1","None","None","Off","Off","Off","Off","Normal Encryption","Off","Off","Off","Off","251.1","1","Off","Off","Off","Off","Off","Off","1","0","Off","0","0","0","0","0","0"
"812","SOMNH TAC310","145.18000","144.58000","D-Digital","High","12.5K","Off","Off","TAC310","Group Call","310","KC1JMH / Brad Br","Always","Carrier","Off","1","1","1","Off","5","1","None","None","Off","Off","Off","Off","Normal Encryption","Off","Off","Off","Off","251.1","1","Off","Off","Off","Off","Off","Off","1","0","Off","0","0","0","0","0","0"
"813","SOMNH TAC311","145.18000","144.58000","D-Digital","High","12.5K","Off","Off","TAC311","Group Call","311","KC1JMH / Brad Br","Always","Carrier","Off","1","1","1","Off","5","1","None","None","Off","Off","Off","Off","Normal Encryption","Off","Off","Off","Off","251.1","1","Off","Off","Off","Off","Off","Off","1","0","Off","0","0","0","0","0","0"
"814","SOMNH Northeast","145.18000","144.58000","D-Digital","High","12.5K","Off","Off","Northeast","Group Call","3172","KC1JMH / Brad Br","Always","Carrier","Off","1","1","1","Off","5","1","None","None","Off","Off","Off","Off","Normal Encryption","Off","Off","Off","Off","251.1","1","Off","Off","Off","Off","Off","Off","1","0","Off","0","0","0","0","0","0"
"815","SOMNH North Am","145.18000","144.58000","D-Digital","High","12.5K","Off","Off","North America","Group Call","3","KC1JMH / Brad Br","Always","Carrier","Off","1","1","1","Off","5","1","None","None","Off","Off","Off","Off","Normal Encryption","Off","Off","Off","Off","251.1","1","Off","Off","Off","Off","Off","Off","1","0","Off","0","0","0","0","0","0"
"816","SOMNH WW Eng","145.18000","144.58000","D-Digital","High","12.5K","Off","Off","WW English","Group Call","13","KC1JMH / Brad Br","Always","Carrier","Off","1","1","1","Off","5","1","None","None","Off","Off","Off","Off","Normal Encryption","Off","Off","Off","Off","251.1","1","Off","Off","Off","Off","Off","Off","1","0","Off","0","0","0","0","0","0"
"817","SOMNH WW","145.18000","144.58000","D-Digital","High","12.5K","Off","Off","WW Call","Group Call","1","KC1JMH / Brad Br","Always","Carrier","Off","1","1","1","Off","5","1","None","None","Off","Off","Off","Off","Normal Encryption","Off","Off","Off","Off","251.1","1","Off","Off","Off","Off","Off","Off","1","0","Off","0","0","0","0","0","0"
"818","SOMNH SKYWARN","145.18000","144.58000","D-Digital","High","12.5K","Off","Off","SKYWARN","Group Call","759","KC1JMH / Brad Br","Always","Carrier","Off","1","1","1","Off","5","1","None","None","Off","Off","Off","Off","Normal Encryption","Off","Off","Off","Off","251.1","1","Off","Off","Off","Off","Off","Off","1","0","Off","0","0","0","0","0","0"
"819","SOMNH Parrot","145.18000","144.58000","D-Digital","High","12.5K","Off","Off","Parrot","Group Call","9998","KC1JMH / Brad Br","Always","Carrier","Off","1","1","1","Off","5","1","None","None","Off","Off","Off","Off","Normal Encryption","Off","Off","Off","Off","251.1","1","Off","Off","Off","Off","Off","Off","1","0","Off","0","0","0","0","0","0"
"820","WKFNH Local","145.28000","144.68000","D-Digital","High","12.5K","Off","Off","Local","Group Call","9","KC1JMH / Brad Br","Always","Carrier","Off","1","1","1","Off","7","2","None","None","Off","Off","Off","Off","Normal Encryption","Off","Off","Off","Off","251.1","1","Off","Off","Off","Off","Off","Off","1","0","Off","0","0","0","0","0","0"
"821","WKFNH NH SW","145.28000","144.68000","D-Digital","High","12.5K","Off","Off","NH Statewide","Group Call","3133","KC1JMH / Brad Br","Always","Carrier","Off","1","1","1","Off","7","2","None","None","Off","Off","Off","Off","Normal Encryption","Off","Off","Off","Off","251.1","1","Off","Off","Off","Off","Off","Off","1","0","Off","0","0","0","0","0","0"
"822","WKFNH ME SW","145.28000","144.68000","D-Digital","High","12.5K","Off","Off","ME Statewide","Group Call","3123","KC1JMH / Brad Br","Always","Carrier","Off","1","1","1","Off","7","1","None","None","Off","Off","Off","Off","Normal Encryption","Off","Off","Off","Off","251.1","1","Off","Off","Off","Off","Off","Off","1","0","Off","0","0","0","0","0","0"
"823","WKFNH Reg North","145.28000","144.68000","D-Digital","High","12.5K","Off","Off","Region North","Group Call","8","KC1JMH / Brad Br","Always","Carrier","Off","1","1","1","Off","7","2","None","None","Off","Off","Off","Off","Normal Encryption","Off","Off","Off","Off","251.1","1","Off","Off","Off","Off","Off","Off","1","0","Off","0","0","0","0","0","0"
"824","WKFNH NE Wide","145.28000","144.68000","D-Digital","High","12.5K","Off","Off","New England-Wide","Group Call","3181","KC1JMH / Brad Br","Always","Carrier","Off","1","1","1","Off","7","2","None","None","Off","Off","Off","Off","Normal Encryption","Off","Off","Off","Off","251.1","1","Off","Off","Off","Off","Off","Off","1","0","Off","0","0","0","0","0","0"
"825","WKFNH NETAC2","145.28000","144.68000","D-Digital","High","12.5K","Off","Off","NETAC2","Group Call","8802","KC1JMH / Brad Br","Always","Carrier","Off","1","1","1","Off","7","2","None","None","Off","Off","Off","Off","Normal Encryption","Off","Off","Off","Off","251.1","1","Off","Off","Off","Off","Off","Off","1","0","Off","0","0","0","0","0","0"
"826","WKFNH NETAC1","145.28000","144.68000","D-Digital","High","12.5K","Off","Off","NETAC1","Group Call","8801","KC1JMH / Brad Br","Always","Carrier","Off","1","1","1","Off","7","1","None","None","Off","Off","Off","Off","Normal Encryption","Off","Off","Off","Off","251.1","1","Off","Off","Off","Off","Off","Off","1","0","Off","0","0","0","0","0","0"
"827","WKFNH UA Eng1","145.28000","144.68000","D-Digital","High","12.5K","Off","Off","UA English 1-113","Group Call","113","KC1JMH / Brad Br","Always","Carrier","Off","1","1","1","Off","7","1","None","None","Off","Off","Off","Off","Normal Encryption","Off","Off","Off","Off","251.1","1","Off","Off","Off","Off","Off","Off","1","0","Off","0","0","0","0","0","0"
"828","WKFNH UA Eng2","145.28000","144.68000","D-Digital","High","12.5K","Off","Off","UA English 2-123","Group Call","123","KC1JMH / Brad Br","Always","Carrier","Off","1","1","1","Off","7","1","None","None","Off","Off","Off","Off","Normal Encryption","Off","Off","Off","Off","251.1","1","Off","Off","Off","Off","Off","Off","1","0","Off","0","0","0","0","0","0"
"829","WKFNH TAC310","145.28000","144.68000","D-Digital","High","12.5K","Off","Off","TAC310","Group Call","310","KC1JMH / Brad Br","Always","Carrier","Off","1","1","1","Off","7","1","None","None","Off","Off","Off","Off","Normal Encryption","Off","Off","Off","Off","251.1","1","Off","Off","Off","Off","Off","Off","1","0","Off","0","0","0","0","0","0"
"830","WKFNH TAC311","145.28000","144.68000","D-Digital","High","12.5K","Off","Off","TAC311","Group Call","311","KC1JMH / Brad Br","Always","Carrier","Off","1","1","1","Off","7","1","None","None","Off","Off","Off","Off","Normal Encryption","Off","Off","Off","Off","251.1","1","Off","Off","Off","Off","Off","Off","1","0","Off","0","0","0","0","0","0"
"831","WKFNH Northeast","145.28000","144.68000","D-Digital","High","12.5K","Off","Off","Northeast","Group Call","3172","KC1JMH / Brad Br","Always","Carrier","Off","1","1","1","Off","7","1","None","None","Off","Off","Off","Off","Normal Encryption","Off","Off","Off","Off","251.1","1","Off","Off","Off","Off","Off","Off","1","0","Off","0","0","0","0","0","0"
"832","WKFNH North Am","145.28000","144.68000","D-Digital","High","12.5K","Off","Off","North America","Group Call","3","KC1JMH / Brad Br","Always","Carrier","Off","1","1","1","Off","7","1","None","None","Off","Off","Off","Off","Normal Encryption","Off","Off","Off","Off","251.1","1","Off","Off","Off","Off","Off","Off","1","0","Off","0","0","0","0","0","0"
"833","WKFNH WW Eng","145.28000","144.68000","D-Digital","High","12.5K","Off","Off","WW English","Group Call","13","KC1JMH / Brad Br","Always","Carrier","Off","1","1","1","Off","7","1","None","None","Off","Off","Off","Off","Normal Encryption","Off","Off","Off","Off","251.1","1","Off","Off","Off","Off","Off","Off","1","0","Off","0","0","0","0","0","0"
"834","WKFNH WW","145.28000","144.68000","D-Digital","High","12.5K","Off","Off","WW Call","Group Call","1","KC1JMH / Brad Br","Always","Carrier","Off","1","1","1","Off","7","1","None","None","Off","Off","Off","Off","Normal Encryption","Off","Off","Off","Off","251.1","1","Off","Off","Off","Off","Off","Off","1","0","Off","0","0","0","0","0","0"
"835","WKFNH SKYWARN","145.28000","144.68000","D-Digital","High","12.5K","Off","Off","SKYWARN","Group Call","759","KC1JMH / Brad Br","Always","Carrier","Off","1","1","1","Off","7","1","None","None","Off","Off","Off","Off","Normal Encryption","Off","Off","Off","Off","251.1","1","Off","Off","Off","Off","Off","Off","1","0","Off","0","0","0","0","0","0"
"836","WKFNH Parrot","145.28000","144.68000","D-Digital","High","12.5K","Off","Off","Parrot","Group Call","9998","KC1JMH / Brad Br","Always","Carrier","Off","1","1","1","Off","7","1","None","None","Off","Off","Off","Off","Normal Encryption","Off","Off","Off","Off","251.1","1","Off","Off","Off","Off","Off","Off","1","0","Off","0","0","0","0","0","0"
"837","WOSNH Local","147.07500","146.47500","D-Digital","High","12.5K","Off","Off","Local","Group Call","9","KC1JMH / Brad Br","Always","Carrier","Off","1","1","1","Off","6","2","None","None","Off","Off","Off","Off","Normal Encryption","Off","Off","Off","Off","251.1","1","Off","Off","Off","Off","Off","Off","1","0","Off","0","0","0","0","0","0"
"838","WOSNH NH SW","147.07500","146.47500","D-Digital","High","12.5K","Off","Off","NH Statewide","Group Call","3133","KC1JMH / Brad Br","Always","Carrier","Off","1","1","1","Off","6","2","None","None","Off","Off","Off","Off","Normal Encryption","Off","Off","Off","Off","251.1","1","Off","Off","Off","Off","Off","Off","1","0","Off","0","0","0","0","0","0"
"839","WOSNH ME SW","147.07500","146.47500","D-Digital","High","12.5K","Off","Off","ME Statewide","Group Call","3123","KC1JMH / Brad Br","Always","Carrier","Off","1","1","1","Off","6","1","None","None","Off","Off","Off","Off","Normal Encryption","Off","Off","Off","Off","251.1","1","Off","Off","Off","Off","Off","Off","1","0","Off","0","0","0","0","0","0"
"840","WOSNH Reg North","147.07500","146.47500","D-Digital","High","12.5K","Off","Off","Region North","Group Call","8","KC1JMH / Brad Br","Always","Carrier","Off","1","1","1","Off","6","2","None","None","Off","Off","Off","Off","Normal Encryption","Off","Off","Off","Off","251.1","1","Off","Off","Off","Off","Off","Off","1","0","Off","0","0","0","0","0","0"
"841","WOSNH NE Wide","147.07500","146.47500","D-Digital","High","12.5K","Off","Off","New England-Wide","Group Call","3181","KC1JMH / Brad Br","Always","Carrier","Off","1","1","1","Off","6","2","None","None","Off","Off","Off","Off","Normal Encryption","Off","Off","Off","Off","251.1","1","Off","Off","Off","Off","Off","Off","1","0","Off","0","0","0","0","0","0"
"842","WOSNH NETAC2","147.07500","146.47500","D-Digital","High","12.5K","Off","Off","NETAC2","Group Call","8802","KC1JMH / Brad Br","Always","Carrier","Off","1","1","1","Off","6","2","None","None","Off","Off","Off","Off","Normal Encryption","Off","Off","Off","Off","251.1","1","Off","Off","Off","Off","Off","Off","1","0","Off","0","0","0","0","0","0"
"843","WOSNH NETAC1","147.07500","146.47500","D-Digital","High","12.5K","Off","Off","NETAC1","Group Call","8801","KC1JMH / Brad Br","Always","Carrier","Off","1","1","1","Off","6","1","None","None","Off","Off","Off","Off","Normal Encryption","Off","Off","Off","Off","251.1","1","Off","Off","Off","Off","Off","Off","1","0","Off","0","0","0","0","0","0"
"844","WOSNH UA Eng1","147.07500","146.47500","D-Digital","High","12.5K","Off","Off","UA English 1-113","Group Call","113","KC1JMH / Brad Br","Always","Carrier","Off","1","1","1","Off","6","1","None","None","Off","Off","Off","Off","Normal Encryption","Off","Off","Off","Off","251.1","1","Off","Off","Off","Off","Off","Off","1","0","Off","0","0","0","0","0","0"
"845","WOSNH UA Eng2","147.07500","146.47500","D-Digital","High","12.5K","Off","Off","UA English 2-123","Group Call","123","KC1JMH / Brad Br","Always","Carrier","Off","1","1","1","Off","6","1","None","None","Off","Off","Off","Off","Normal Encryption","Off","Off","Off","Off","251.1","1","Off","Off","Off","Off","Off","Off","1","0","Off","0","0","0","0","0","0"
"846","WOSNH TAC310","147.07500","146.47500","D-Digital","High","12.5K","Off","Off","TAC310","Group Call","310","KC1JMH / Brad Br","Always","Carrier","Off","1","1","1","Off","6","1","None","None","Off","Off","Off","Off","Normal Encryption","Off","Off","Off","Off","251.1","1","Off","Off","Off","Off","Off","Off","1","0","Off","0","0","0","0","0","0"
"847","WOSNH TAC311","147.07500","146.47500","D-Digital","High","12.5K","Off","Off","TAC311","Group Call","311","KC1JMH / Brad Br","Always","Carrier","Off","1","1","1","Off","6","1","None","None","Off","Off","Off","Off","Normal Encryption","Off","Off","Off","Off","251.1","1","Off","Off","Off","Off","Off","Off","1","0","Off","0","0","0","0","0","0"
"848","WOSNH Northeast","147.07500","146.47500","D-Digital","High","12.5K","Off","Off","Northeast","Group Call","3172","KC1JMH / Brad Br","Always","Carrier","Off","1","1","1","Off","6","1","None","None","Off","Off","Off","Off","Normal Encryption","Off","Off","Off","Off","251.1","1","Off","Off","Off","Off","Off","Off","1","0","Off","0","0","0","0","0","0"
"849","WOSNH North Am","147.07500","146.47500","D-Digital","High","12.5K","Off","Off","North America","Group Call","3","KC1JMH / Brad Br","Always","Carrier","Off","1","1","1","Off","6","1","None","None","Off","Off","Off","Off","Normal Encryption","Off","Off","Off","Off","251.1","1","Off","Off","Off","Off","Off","Off","1","0","Off","0","0","0","0","0","0"
"850","WOSNH WW Eng","147.07500","146.47500","D-Digital","High","12.5K","Off","Off","WW English","Group Call","13","KC1JMH / Brad Br","Always","Carrier","Off","1","1","1","Off","6","1","None","None","Off","Off","Off","Off","Normal Encryption","Off","Off","Off","Off","251.1","1","Off","Off","Off","Off","Off","Off","1","0","Off","0","0","0","0","0","0"
"851","WOSNH WW","147.07500","146.47500","D-Digital","High","12.5K","Off","Off","WW Call","Group Call","1","KC1JMH / Brad Br","Always","Carrier","Off","1","1","1","Off","6","1","None","None","Off","Off","Off","Off","Normal Encryption","Off","Off","Off","Off","251.1","1","Off","Off","Off","Off","Off","Off","1","0","Off","0","0","0","0","0","0"
"852","WOSNH SKYWARN","147.07500","146.47500","D-Digital","High","12.5K","Off","Off","SKYWARN","Group Call","759","KC1JMH / Brad Br","Always","Carrier","Off","1","1","1","Off","6","1","None","None","Off","Off","Off","Off","Normal Encryption","Off","Off","Off","Off","251.1","1","Off","Off","Off","Off","Off","Off","1","0","Off","0","0","0","0","0","0"
"853","WOSNH Parrot","147.07500","146.47500","D-Digital","High","12.5K","Off","Off","Parrot","Group Call","9998","KC1JMH / Brad Br","Always","Carrier","Off","1","1","1","Off","6","1","None","None","Off","Off","Off","Off","Normal Encryption","Off","Off","Off","Off","251.1","1","Off","Off","Off","Off","Off","Off","1","0","Off","0","0","0","0","0","0"
"854","ASCVT Local","448.47500","443.47500","D-Digital","High","12.5K","Off","Off","Local","Group Call","9","KC1JMH / Brad Br","Always","Carrier","Off","1","1","1","Off","5","2","None","None","Off","Off","Off","Off","Normal Encryption","Off","Off","Off","Off","251.1","1","Off","Off","Off","Off","Off","Off","1","0","Off","0","0","0","0","0","0"
"855","ASCVT VT SW","448.47500","443.47500","D-Digital","High","12.5K","Off","Off","VT Statewide","Group Call","3150","KC1JMH / Brad Br","Always","Carrier","Off","1","1","1","Off","5","2","None","None","Off","Off","Off","Off","Normal Encryption","Off","Off","Off","Off","251.1","1","Off","Off","Off","Off","Off","Off","1","0","Off","0","0","0","0","0","0"
"856","ASCVT NH SW","448.47500","443.47500","D-Digital","High","12.5K","Off","Off","NH Statewide","Group Call","3133","KC1JMH / Brad Br","Always","Carrier","Off","1","1","1","Off","5","1","None","None","Off","Off","Off","Off","Normal Encryption","Off","Off","Off","Off","251.1","1","Off","Off","Off","Off","Off","Off","1","0","Off","0","0","0","0","0","0"
"857","ASCVT MA SW","448.47500","443.47500","D-Digital","High","12.5K","Off","Off","MA Statewide","Group Call","3125","KC1JMH / Brad Br","Always","Carrier","Off","1","1","1","Off","5","1","None","None","Off","Off","Off","Off","Normal Encryption","Off","Off","Off","Off","251.1","1","Off","Off","Off","Off","Off","Off","1","0","Off","0","0","0","0","0","0"
"858","ASCVT Reg North","448.47500","443.47500","D-Digital","High","12.5K","Off","Off","Region North","Group Call","8","KC1JMH / Brad Br","Always","Carrier","Off","1","1","1","Off","5","2","None","None","Off","Off","Off","Off","Normal Encryption","Off","Off","Off","Off","251.1","1","Off","Off","Off","Off","Off","Off","1","0","Off","0","0","0","0","0","0"
"859","ASCVT NE Wide","448.47500","443.47500","D-Digital","High","12.5K","Off","Off","New England-Wide","Group Call","3181","KC1JMH / Brad Br","Always","Carrier","Off","1","1","1","Off","5","2","None","None","Off","Off","Off","Off","Normal Encryption","Off","Off","Off","Off","251.1","1","Off","Off","Off","Off","Off","Off","1","0","Off","0","0","0","0","0","0"
"860","ASCVT NETAC2","448.47500","443.47500","D-Digital","High","12.5K","Off","Off","NETAC2","Group Call","8802","KC1JMH / Brad Br","Always","Carrier","Off","1","1","1","Off","5","2","None","None","Off","Off","Off","Off","Normal Encryption","Off","Off","Off","Off","251.1","1","Off","Off","Off","Off","Off","Off","1","0","Off","0","0","0","0","0","0"
"861","ASCVT NETAC1","448.47500","443.47500","D-Digital","High","12.5K","Off","Off","NETAC1","Group Call","8801","KC1JMH / Brad Br","Always","Carrier","Off","1","1","1","Off","5","1","None","None","Off","Off","Off","Off","Normal Encryption","Off","Off","Off","Off","251.1","1","Off","Off","Off","Off","Off","Off","1","0","Off","0","0","0","0","0","0"
"862","ASCVT UA Eng1","448.47500","443.47500","D-Digital","High","12.5K","Off","Off","UA English 1-113","Group Call","113","KC1JMH / Brad Br","Always","Carrier","Off","1","1","1","Off","5","1","None","None","Off","Off","Off","Off","Normal Encryption","Off","Off","Off","Off","251.1","1","Off","Off","Off","Off","Off","Off","1","0","Off","0","0","0","0","0","0"
"863","ASCVT UA Eng2","448.47500","443.47500","D-Digital","High","12.5K","Off","Off","UA English 2-123","Group Call","123","KC1JMH / Brad Br","Always","Carrier","Off","1","1","1","Off","5","1","None","None","Off","Off","Off","Off","Normal Encryption","Off","Off","Off","Off","251.1","1","Off","Off","Off","Off","Off","Off","1","0","Off","0","0","0","0","0","0"
"864","ASCVT TAC310","448.47500","443.47500","D-Digital","High","12.5K","Off","Off","TAC310","Group Call","310","KC1JMH / Brad Br","Always","Carrier","Off","1","1","1","Off","5","1","None","None","Off","Off","Off","Off","Normal Encryption","Off","Off","Off","Off","251.1","1","Off","Off","Off","Off","Off","Off","1","0","Off","0","0","0","0","0","0"
"865","ASCVT TAC311","448.47500","443.47500","D-Digital","High","12.5K","Off","Off","TAC311","Group Call","311","KC1JMH / Brad Br","Always","Carrier","Off","1","1","1","Off","5","1","None","None","Off","Off","Off","Off","Normal Encryption","Off","Off","Off","Off","251.1","1","Off","Off","Off","Off","Off","Off","1","0","Off","0","0","0","0","0","0"
"866","ASCVT Northeast","448.47500","443.47500","D-Digital","High","12.5K","Off","Off","Northeast","Group Call","3172","KC1JMH / Brad Br","Always","Carrier","Off","1","1","1","Off","5","1","None","None","Off","Off","Off","Off","Normal Encryption","Off","Off","Off","Off","251.1","1","Off","Off","Off","Off","Off","Off","1","0","Off","0","0","0","0","0","0"
"867","ASCVT North Am","448.47500","443.47500","D-Digital","High","12.5K","Off","Off","North America","Group Call","3","KC1JMH / Brad Br","Always","Carrier","Off","1","1","1","Off","5","1","None","None","Off","Off","Off","Off","Normal Encryption","Off","Off","Off","Off","251.1","1","Off","Off","Off","Off","Off","Off","1","0","Off","0","0","0","0","0","0"
"868","ASCVT WW Eng","448.47500","443.47500","D-Digital","High","12.5K","Off","Off","WW English","Group Call","13","KC1JMH / Brad Br","Always","Carrier","Off","1","1","1","Off","5","1","None","None","Off","Off","Off","Off","Normal Encryption","Off","Off","Off","Off","251.1","1","Off","Off","Off","Off","Off","Off","1","0","Off","0","0","0","0","0","0"
"869","ASCVT WW","448.47500","443.47500","D-Digital","High","12.5K","Off","Off","WW Call","Group Call","1","KC1JMH / Brad Br","Always","Carrier","Off","1","1","1","Off","5","1","None","None","Off","Off","Off","Off","Normal Encryption","Off","Off","Off","Off","251.1","1","Off","Off","Off","Off","Off","Off","1","0","Off","0","0","0","0","0","0"
"870","ASCVT SKYWARN","448.47500","443.47500","D-Digital","High","12.5K","Off","Off","SKYWARN","Group Call","759","KC1JMH / Brad Br","Always","Carrier","Off","1","1","1","Off","5","1","None","None","Off","Off","Off","Off","Normal Encryption","Off","Off","Off","Off","251.1","1","Off","Off","Off","Off","Off","Off","1","0","Off","0","0","0","0","0","0"
"871","ASCVT Parrot","448.47500","443.47500","D-Digital","High","12.5K","Off","Off","Parrot","Group Call","9998","KC1JMH / Brad Br","Always","Carrier","Off","1","1","1","Off","5","1","None","None","Off","Off","Off","Off","Normal Encryption","Off","Off","Off","Off","251.1","1","Off","Off","Off","Off","Off","Off","1","0","Off","0","0","0","0","0","0"
"872","BOLVT Local","445.07500","440.07500","D-Digital","High","12.5K","Off","Off","Local","Group Call","9","KC1JMH / Brad Br","Always","Carrier","Off","1","1","1","Off","7","2","None","None","Off","Off","Off","Off","Normal Encryption","Off","Off","Off","Off","251.1","1","Off","Off","Off","Off","Off","Off","1","0","Off","0","0","0","0","0","0"
"873","BOLVT VT SW","445.07500","440.07500","D-Digital","High","12.5K","Off","Off","VT Statewide","Group Call","3150","KC1JMH / Brad Br","Always","Carrier","Off","1","1","1","Off","7","2","None","None","Off","Off","Off","Off","Normal Encryption","Off","Off","Off","Off","251.1","1","Off","Off","Off","Off","Off","Off","1","0","Off","0","0","0","0","0","0"
"874","BOLVT NH SW","445.07500","440.07500","D-Digital","High","12.5K","Off","Off","NH Statewide","Group Call","3133","KC1JMH / Brad Br","Always","Carrier","Off","1","1","1","Off","7","1","None","None","Off","Off","Off","Off","Normal Encryption","Off","Off","Off","Off","251.1","1","Off","Off","Off","Off","Off","Off","1","0","Off","0","0","0","0","0","0"
"875","BOLVT MA SW","445.07500","440.07500","D-Digital","High","12.5K","Off","Off","MA Statewide","Group Call","3125","KC1JMH / Brad Br","Always","Carrier","Off","1","1","1","Off","7","1","None","None","Off","Off","Off","Off","Normal Encryption","Off","Off","Off","Off","251.1","1","Off","Off","Off","Off","Off","Off","1","0","Off","0","0","0","0","0","0"
"876","BOLVT Reg North","445.07500","440.07500","D-Digital","High","12.5K","Off","Off","Region North","Group Call","8","KC1JMH / Brad Br","Always","Carrier","Off","1","1","1","Off","7","2","None","None","Off","Off","Off","Off","Normal Encryption","Off","Off","Off","Off","251.1","1","Off","Off","Off","Off","Off","Off","1","0","Off","0","0","0","0","0","0"
"877","BOLVT NE Wide","445.07500","440.07500","D-Digital","High","12.5K","Off","Off","New England-Wide","Group Call","3181","KC1JMH / Brad Br","Always","Carrier","Off","1","1","1","Off","7","2","None","None","Off","Off","Off","Off","Normal Encryption","Off","Off","Off","Off","251.1","1","Off","Off","Off","Off","Off","Off","1","0","Off","0","0","0","0","0","0"
"878","BOLVT NETAC2","445.07500","440.07500","D-Digital","High","12.5K","Off","Off","NETAC2","Group Call","8802","KC1JMH / Brad Br","Always","Carrier","Off","1","1","1","Off","7","2","None","None","Off","Off","Off","Off","Normal Encryption","Off","Off","Off","Off","251.1","1","Off","Off","Off","Off","Off","Off","1","0","Off","0","0","0","0","0","0"
"879","BOLVT NETAC1","445.07500","440.07500","D-Digital","High","12.5K","Off","Off","NETAC1","Group Call","8801","KC1JMH / Brad Br","Always","Carrier","Off","1","1","1","Off","7","1","None","None","Off","Off","Off","Off","Normal Encryption","Off","Off","Off","Off","251.1","1","Off","Off","Off","Off","Off","Off","1","0","Off","0","0","0","0","0","0"
"880","BOLVT UA Eng1","445.07500","440.07500","D-Digital","High","12.5K","Off","Off","UA English 1-113","Group Call","113","KC1JMH / Brad Br","Always","Carrier","Off","1","1","1","Off","7","1","None","None","Off","Off","Off","Off","Normal Encryption","Off","Off","Off","Off","251.1","1","Off","Off","Off","Off","Off","Off","1","0","Off","0","0","0","0","0","0"
"881","BOLVT UA Eng2","445.07500","440.07500","D-Digital","High","12.5K","Off","Off","UA English 2-123","Group Call","123","KC1JMH / Brad Br","Always","Carrier","Off","1","1","1","Off","7","1","None","None","Off","Off","Off","Off","Normal Encryption","Off","Off","Off","Off","251.1","1","Off","Off","Off","Off","Off","Off","1","0","Off","0","0","0","0","0","0"
"882","BOLVT TAC310","445.07500","440.07500","D-Digital","High","12.5K","Off","Off","TAC310","Group Call","310","KC1JMH / Brad Br","Always","Carrier","Off","1","1","1","Off","7","1","None","None","Off","Off","Off","Off","Normal Encryption","Off","Off","Off","Off","251.1","1","Off","Off","Off","Off","Off","Off","1","0","Off","0","0","0","0","0","0"
"883","BOLVT TAC311","445.07500","440.07500","D-Digital","High","12.5K","Off","Off","TAC311","Group Call","311","KC1JMH / Brad Br","Always","Carrier","Off","1","1","1","Off","7","1","None","None","Off","Off","Off","Off","Normal Encryption","Off","Off","Off","Off","251.1","1","Off","Off","Off","Off","Off","Off","1","0","Off","0","0","0","0","0","0"
"884","BOLVT Northeast","445.07500","440.07500","D-Digital","High","12.5K","Off","Off","Northeast","Group Call","3172","KC1JMH / Brad Br","Always","Carrier","Off","1","1","1","Off","7","1","None","None","Off","Off","Off","Off","Normal Encryption","Off","Off","Off","Off","251.1","1","Off","Off","Off","Off","Off","Off","1","0","Off","0","0","0","0","0","0"
"885","BOLVT North Am","445.07500","440.07500","D-Digital","High","12.5K","Off","Off","North America","Group Call","3","KC1JMH / Brad Br","Always","Carrier","Off","1","1","1","Off","7","1","None","None","Off","Off","Off","Off","Normal Encryption","Off","Off","Off","Off","251.1","1","Off","Off","Off","Off","Off","Off","1","0","Off","0","0","0","0","0","0"
"886","BOLVT WW Eng","445.07500","440.07500","D-Digital","High","12.5K","Off","Off","WW English","Group Call","13","KC1JMH / Brad Br","Always","Carrier","Off","1","1","1","Off","7","1","None","None","Off","Off","Off","Off","Normal Encryption","Off","Off","Off","Off","251.1","1","Off","Off","Off","Off","Off","Off","1","0","Off","0","0","0","0","0","0"
"887","BOLVT WW","445.07500","440.07500","D-Digital","High","12.5K","Off","Off","WW Call","Group Call","1","KC1JMH / Brad Br","Always","Carrier","Off","1","1","1","Off","7","1","None","None","Off","Off","Off","Off","Normal Encryption","Off","Off","Off","Off","251.1","1","Off","Off","Off","Off","Off","Off","1","0","Off","0","0","0","0","0","0"
"888","BOLVT SKYWARN","445.07500","440.07500","D-Digital","High","12.5K","Off","Off","SKYWARN","Group Call","759","KC1JMH / Brad Br","Always","Carrier","Off","1","1","1","Off","7","1","None","None","Off","Off","Off","Off","Normal Encryption","Off","Off","Off","Off","251.1","1","Off","Off","Off","Off","Off","Off","1","0","Off","0","0","0","0","0","0"
"889","BOLVT Parrot","445.07500","440.07500","D-Digital","High","12.5K","Off","Off","Parrot","Group Call","9998","KC1JMH / Brad Br","Always","Carrier","Off","1","1","1","Off","7","1","None","None","Off","Off","Off","Off","Normal Encryption","Off","Off","Off","Off","251.1","1","Off","Off","Off","Off","Off","Off","1","0","Off","0","0","0","0","0","0"
"890","BRLVT Local","446.47500","441.47500","D-Digital","High","12.5K","Off","Off","Local","Group Call","9","KC1JMH / Brad Br","Always","Carrier","Off","1","1","1","Off","1","2","None","None","Off","Off","Off","Off","Normal Encryption","Off","Off","Off","Off","251.1","1","Off","Off","Off","Off","Off","Off","1","0","Off","0","0","0","0","0","0"
"891","BRLVT VT SW","446.47500","441.47500","D-Digital","High","12.5K","Off","Off","VT Statewide","Group Call","3150","KC1JMH / Brad Br","Always","Carrier","Off","1","1","1","Off","1","2","None","None","Off","Off","Off","Off","Normal Encryption","Off","Off","Off","Off","251.1","1","Off","Off","Off","Off","Off","Off","1","0","Off","0","0","0","0","0","0"
"892","BRLVT NH SW","446.47500","441.47500","D-Digital","High","12.5K","Off","Off","NH Statewide","Group Call","3133","KC1JMH / Brad Br","Always","Carrier","Off","1","1","1","Off","1","1","None","None","Off","Off","Off","Off","Normal Encryption","Off","Off","Off","Off","251.1","1","Off","Off","Off","Off","Off","Off","1","0","Off","0","0","0","0","0","0"
"893","BRLVT MA SW","446.47500","441.47500","D-Digital","High","12.5K","Off","Off","MA Statewide","Group Call","3125","KC1JMH / Brad Br","Always","Carrier","Off","1","1","1","Off","1","1","None","None","Off","Off","Off","Off","Normal Encryption","Off","Off","Off","Off","251.1","1","Off","Off","Off","Off","Off","Off","1","0","Off","0","0","0","0","0","0"
"894","BRLVT Reg North","446.47500","441.47500","D-Digital","High","12.5K","Off","Off","Region North","Group Call","8","KC1JMH / Brad Br","Always","Carrier","Off","1","1","1","Off","1","2","None","None","Off","Off","Off","Off","Normal Encryption","Off","Off","Off","Off","251.1","1","Off","Off","Off","Off","Off","Off","1","0","Off","0","0","0","0","0","0"
"895","BRLVT NE Wide","446.47500","441.47500","D-Digital","High","12.5K","Off","Off","New England-Wide","Group Call","3181","KC1JMH / Brad Br","Always","Carrier","Off","1","1","1","Off","1","2","None","None","Off","Off","Off","Off","Normal Encryption","Off","Off","Off","Off","251.1","1","Off","Off","Off","Off","Off","Off","1","0","Off","0","0","0","0","0","0"
"896","BRLVT NETAC2","446.47500","441.47500","D-Digital","High","12.5K","Off","Off","NETAC2","Group Call","8802","KC1JMH / Brad Br","Always","Carrier","Off","1","1","1","Off","1","2","None","None","Off","Off","Off","Off","Normal Encryption","Off","Off","Off","Off","251.1","1","Off","Off","Off","Off","Off","Off","1","0","Off","0","0","0","0","0","0"
"897","BRLVT NETAC1","446.47500","441.47500","D-Digital","High","12.5K","Off","Off","NETAC1","Group Call","8801","KC1JMH / Brad Br","Always","Carrier","Off","1","1","1","Off","1","1","None","None","Off","Off","Off","Off","Normal Encryption","Off","Off","Off","Off","251.1","1","Off","Off","Off","Off","Off","Off","1","0","Off","0","0","0","0","0","0"
"898","BRLVT UA Eng1","446.47500","441.47500","D-Digital","High","12.5K","Off","Off","UA English 1-113","Group Call","113","KC1JMH / Brad Br","Always","Carrier","Off","1","1","1","Off","1","1","None","None","Off","Off","Off","Off","Normal Encryption","Off","Off","Off","Off","251.1","1","Off","Off","Off","Off","Off","Off","1","0","Off","0","0","0","0","0","0"
"899","BRLVT UA Eng2","446.47500","441.47500","D-Digital","High","12.5K","Off","Off","UA English 2-123","Group Call","123","KC1JMH / Brad Br","Always","Carrier","Off","1","1","1","Off","1","1","None","None","Off","Off","Off","Off","Normal Encryption","Off","Off","Off","Off","251.1","1","Off","Off","Off","Off","Off","Off","1","0","Off","0","0","0","0","0","0"
"900","BRLVT TAC310","446.47500","441.47500","D-Digital","High","12.5K","Off","Off","TAC310","Group Call","310","KC1JMH / Brad Br","Always","Carrier","Off","1","1","1","Off","1","1","None","None","Off","Off","Off","Off","Normal Encryption","Off","Off","Off","Off","251.1","1","Off","Off","Off","Off","Off","Off","1","0","Off","0","0","0","0","0","0"
"901","BRLVT TAC311","446.47500","441.47500","D-Digital","High","12.5K","Off","Off","TAC311","Group Call","311","KC1JMH / Brad Br","Always","Carrier","Off","1","1","1","Off","1","1","None","None","Off","Off","Off","Off","Normal Encryption","Off","Off","Off","Off","251.1","1","Off","Off","Off","Off","Off","Off","1","0","Off","0","0","0","0","0","0"
"902","BRLVT Northeast","446.47500","441.47500","D-Digital","High","12.5K","Off","Off","Northeast","Group Call","3172","KC1JMH / Brad Br","Always","Carrier","Off","1","1","1","Off","1","1","None","None","Off","Off","Off","Off","Normal Encryption","Off","Off","Off","Off","251.1","1","Off","Off","Off","Off","Off","Off","1","0","Off","0","0","0","0","0","0"
"903","BRLVT North Am","446.47500","441.47500","D-Digital","High","12.5K","Off","Off","North America","Group Call","3","KC1JMH / Brad Br","Always","Carrier","Off","1","1","1","Off","1","1","None","None","Off","Off","Off","Off","Normal Encryption","Off","Off","Off","Off","251.1","1","Off","Off","Off","Off","Off","Off","1","0","Off","0","0","0","0","0","0"
"904","BRLVT WW Eng","446.47500","441.47500","D-Digital","High","12.5K","Off","Off","WW English","Group Call","13","KC1JMH / Brad Br","Always","Carrier","Off","1","1","1","Off","1","1","None","None","Off","Off","Off","Off","Normal Encryption","Off","Off","Off","Off","251.1","1","Off","Off","Off","Off","Off","Off","1","0","Off","0","0","0","0","0","0"
"905","BRLVT WW","446.47500","441.47500","D-Digital","High","12.5K","Off","Off","WW Call","Group Call","1","KC1JMH / Brad Br","Always","Carrier","Off","1","1","1","Off","1","1","None","None","Off","Off","Off","Off","Normal Encryption","Off","Off","Off","Off","251.1","1","Off","Off","Off","Off","Off","Off","1","0","Off","0","0","0","0","0","0"
"906","BRLVT SKYWARN","446.47500","441.47500","D-Digital","High","12.5K","Off","Off","SKYWARN","Group Call","759","KC1JMH / Brad Br","Always","Carrier","Off","1","1","1","Off","1","1","None","None","Off","Off","Off","Off","Normal Encryption","Off","Off","Off","Off","251.1","1","Off","Off","Off","Off","Off","Off","1","0","Off","0","0","0","0","0","0"
"907","BRLVT Parrot","446.47500","441.47500","D-Digital","High","12.5K","Off","Off","Parrot","Group Call","9998","KC1JMH / Brad Br","Always","Carrier","Off","1","1","1","Off","1","1","None","None","Off","Off","Off","Off","Normal Encryption","Off","Off","Off","Off","251.1","1","Off","Off","Off","Off","Off","Off","1","0","Off","0","0","0","0","0","0"
"908","BRTVT Local","444.40000","449.40000","D-Digital","High","12.5K","Off","Off","Local","Group Call","9","KC1JMH / Brad Br","Always","Carrier","Off","1","1","1","Off","1","2","None","None","Off","Off","Off","Off","Normal Encryption","Off","Off","Off","Off","251.1","1","Off","Off","Off","Off","Off","Off","1","0","Off","0","0","0","0","0","0"
"909","BRTVT VT SW","444.40000","449.40000","D-Digital","High","12.5K","Off","Off","VT Statewide","Group Call","3150","KC1JMH / Brad Br","Always","Carrier","Off","1","1","1","Off","1","2","None","None","Off","Off","Off","Off","Normal Encryption","Off","Off","Off","Off","251.1","1","Off","Off","Off","Off","Off","Off","1","0","Off","0","0","0","0","0","0"
"910","BRTVT NH SW","444.40000","449.40000","D-Digital","High","12.5K","Off","Off","NH Statewide","Group Call","3133","KC1JMH / Brad Br","Always","Carrier","Off","1","1","1","Off","1","1","None","None","Off","Off","Off","Off","Normal Encryption","Off","Off","Off","Off","251.1","1","Off","Off","Off","Off","Off","Off","1","0","Off","0","0","0","0","0","0"
"911","BRTVT MA SW","444.40000","449.40000","D-Digital","High","12.5K","Off","Off","MA Statewide","Group Call","3125","KC1JMH / Brad Br","Always","Carrier","Off","1","1","1","Off","1","1","None","None","Off","Off","Off","Off","Normal Encryption","Off","Off","Off","Off","251.1","1","Off","Off","Off","Off","Off","Off","1","0","Off","0","0","0","0","0","0"
"912","BRTVT Reg North","444.40000","449.40000","D-Digital","High","12.5K","Off","Off","Region North","Group Call","8","KC1JMH / Brad Br","Always","Carrier","Off","1","1","1","Off","1","2","None","None","Off","Off","Off","Off","Normal Encryption","Off","Off","Off","Off","251.1","1","Off","Off","Off","Off","Off","Off","1","0","Off","0","0","0","0","0","0"
"913","BRTVT NE Wide","444.40000","449.40000","D-Digital","High","12.5K","Off","Off","New England-Wide","Group Call","3181","KC1JMH / Brad Br","Always","Carrier","Off","1","1","1","Off","1","2","None","None","Off","Off","Off","Off","Normal Encryption","Off","Off","Off","Off","251.1","1","Off","Off","Off","Off","Off","Off","1","0","Off","0","0","0","0","0","0"
"914","BRTVT NETAC2","444.40000","449.40000","D-Digital","High","12.5K","Off","Off","NETAC2","Group Call","8802","KC1JMH / Brad Br","Always","Carrier","Off","1","1","1","Off","1","2","None","None","Off","Off","Off","Off","Normal Encryption","Off","Off","Off","Off","251.1","1","Off","Off","Off","Off","Off","Off","1","0","Off","0","0","0","0","0","0"
"915","BRTVT NETAC1","444.40000","449.40000","D-Digital","High","12.5K","Off","Off","NETAC1","Group Call","8801","KC1JMH / Brad Br","Always","Carrier","Off","1","1","1","Off","1","1","None","None","Off","Off","Off","Off","Normal Encryption","Off","Off","Off","Off","251.1","1","Off","Off","Off","Off","Off","Off","1","0","Off","0","0","0","0","0","0"
"916","BRTVT UA Eng1","444.40000","449.40000","D-Digital","High","12.5K","Off","Off","UA English 1-113","Group Call","113","KC1JMH / Brad Br","Always","Carrier","Off","1","1","1","Off","1","1","None","None","Off","Off","Off","Off","Normal Encryption","Off","Off","Off","Off","251.1","1","Off","Off","Off","Off","Off","Off","1","0","Off","0","0","0","0","0","0"
"917","BRTVT UA Eng2","444.40000","449.40000","D-Digital","High","12.5K","Off","Off","UA English 2-123","Group Call","123","KC1JMH / Brad Br","Always","Carrier","Off","1","1","1","Off","1","1","None","None","Off","Off","Off","Off","Normal Encryption","Off","Off","Off","Off","251.1","1","Off","Off","Off","Off","Off","Off","1","0","Off","0","0","0","0","0","0"
"918","BRTVT TAC310","444.40000","449.40000","D-Digital","High","12.5K","Off","Off","TAC310","Group Call","310","KC1JMH / Brad Br","Always","Carrier","Off","1","1","1","Off","1","1","None","None","Off","Off","Off","Off","Normal Encryption","Off","Off","Off","Off","251.1","1","Off","Off","Off","Off","Off","Off","1","0","Off","0","0","0","0","0","0"
"919","BRTVT TAC311","444.40000","449.40000","D-Digital","High","12.5K","Off","Off","TAC311","Group Call","311","KC1JMH / Brad Br","Always","Carrier","Off","1","1","1","Off","1","1","None","None","Off","Off","Off","Off","Normal Encryption","Off","Off","Off","Off","251.1","1","Off","Off","Off","Off","Off","Off","1","0","Off","0","0","0","0","0","0"
"920","BRTVT Northeast","444.40000","449.40000","D-Digital","High","12.5K","Off","Off","Northeast","Group Call","3172","KC1JMH / Brad Br","Always","Carrier","Off","1","1","1","Off","1","1","None","None","Off","Off","Off","Off","Normal Encryption","Off","Off","Off","Off","251.1","1","Off","Off","Off","Off","Off","Off","1","0","Off","0","0","0","0","0","0"
"921","BRTVT North Am","444.40000","449.40000","D-Digital","High","12.5K","Off","Off","North America","Group Call","3","KC1JMH / Brad Br","Always","Carrier","Off","1","1","1","Off","1","1","None","None","Off","Off","Off","Off","Normal Encryption","Off","Off","Off","Off","251.1","1","Off","Off","Off","Off","Off","Off","1","0","Off","0","0","0","0","0","0"
"922","BRTVT WW Eng","444.40000","449.40000","D-Digital","High","12.5K","Off","Off","WW English","Group Call","13","KC1JMH / Brad Br","Always","Carrier","Off","1","1","1","Off","1","1","None","None","Off","Off","Off","Off","Normal Encryption","Off","Off","Off","Off","251.1","1","Off","Off","Off","Off","Off","Off","1","0","Off","0","0","0","0","0","0"
"923","BRTVT WW","444.40000","449.40000","D-Digital","High","12.5K","Off","Off","WW Call","Group Call","1","KC1JMH / Brad Br","Always","Carrier","Off","1","1","1","Off","1","1","None","None","Off","Off","Off","Off","Normal Encryption","Off","Off","Off","Off","251.1","1","Off","Off","Off","Off","Off","Off","1","0","Off","0","0","0","0","0","0"
"924","BRTVT SKYWARN","444.40000","449.40000","D-Digital","High","12.5K","Off","Off","SKYWARN","Group Call","759","KC1JMH / Brad Br","Always","Carrier","Off","1","1","1","Off","1","1","None","None","Off","Off","Off","Off","Normal Encryption","Off","Off","Off","Off","251.1","1","Off","Off","Off","Off","Off","Off","1","0","Off","0","0","0","0","0","0"
"925","BRTVT Parrot","444.40000","449.40000","D-Digital","High","12.5K","Off","Off","Parrot","Group Call","9998","KC1JMH / Brad Br","Always","Carrier","Off","1","1","1","Off","1","1","None","None","Off","Off","Off","Off","Normal Encryption","Off","Off","Off","Off","251.1","1","Off","Off","Off","Off","Off","Off","1","0","Off","0","0","0","0","0","0"
"926","CORVT Local","443.90000","448.90000","D-Digital","High","12.5K","Off","Off","Local","Group Call","9","KC1JMH / Brad Br","Always","Carrier","Off","1","1","1","Off","8","2","None","None","Off","Off","Off","Off","Normal Encryption","Off","Off","Off","Off","251.1","1","Off","Off","Off","Off","Off","Off","1","0","Off","0","0","0","0","0","0"
"927","CORVT VT SW","443.90000","448.90000","D-Digital","High","12.5K","Off","Off","VT Statewide","Group Call","3150","KC1JMH / Brad Br","Always","Carrier","Off","1","1","1","Off","8","2","None","None","Off","Off","Off","Off","Normal Encryption","Off","Off","Off","Off","251.1","1","Off","Off","Off","Off","Off","Off","1","0","Off","0","0","0","0","0","0"
"928","CORVT NH SW","443.90000","448.90000","D-Digital","High","12.5K","Off","Off","NH Statewide","Group Call","3133","KC1JMH / Brad Br","Always","Carrier","Off","1","1","1","Off","8","1","None","None","Off","Off","Off","Off","Normal Encryption","Off","Off","Off","Off","251.1","1","Off","Off","Off","Off","Off","Off","1","0","Off","0","0","0","0","0","0"
"929","CORVT MA SW","443.90000","448.90000","D-Digital","High","12.5K","Off","Off","MA Statewide","Group Call","3125","KC1JMH / Brad Br","Always","Carrier","Off","1","1","1","Off","8","1","None","None","Off","Off","Off","Off","Normal Encryption","Off","Off","Off","Off","251.1","1","Off","Off","Off","Off","Off","Off","1","0","Off","0","0","0","0","0","0"
"930","CORVT Reg North","443.90000","448.90000","D-Digital","High","12.5K","Off","Off","Region North","Group Call","8","KC1JMH / Brad Br","Always","Carrier","Off","1","1","1","Off","8","2","None","None","Off","Off","Off","Off","Normal Encryption","Off","Off","Off","Off","251.1","1","Off","Off","Off","Off","Off","Off","1","0","Off","0","0","0","0","0","0"
"931","CORVT NE Wide","443.90000","448.90000","D-Digital","High","12.5K","Off","Off","New England-Wide","Group Call","3181","KC1JMH / Brad Br","Always","Carrier","Off","1","1","1","Off","8","2","None","None","Off","Off","Off","Off","Normal Encryption","Off","Off","Off","Off","251.1","1","Off","Off","Off","Off","Off","Off","1","0","Off","0","0","0","0","0","0"
"932","CORVT NETAC2","443.90000","448.90000","D-Digital","High","12.5K","Off","Off","NETAC2","Group Call","8802","KC1JMH / Brad Br","Always","Carrier","Off","1","1","1","Off","8","2","None","None","Off","Off","Off","Off","Normal Encryption","Off","Off","Off","Off","251.1","1","Off","Off","Off","Off","Off","Off","1","0","Off","0","0","0","0","0","0"
"933","CORVT NETAC1","443.90000","448.90000","D-Digital","High","12.5K","Off","Off","NETAC1","Group Call","8801","KC1JMH / Brad Br","Always","Carrier","Off","1","1","1","Off","8","1","None","None","Off","Off","Off","Off","Normal Encryption","Off","Off","Off","Off","251.1","1","Off","Off","Off","Off","Off","Off","1","0","Off","0","0","0","0","0","0"
"934","CORVT UA Eng1","443.90000","448.90000","D-Digital","High","12.5K","Off","Off","UA English 1-113","Group Call","113","KC1JMH / Brad Br","Always","Carrier","Off","1","1","1","Off","8","1","None","None","Off","Off","Off","Off","Normal Encryption","Off","Off","Off","Off","251.1","1","Off","Off","Off","Off","Off","Off","1","0","Off","0","0","0","0","0","0"
"935","CORVT UA Eng2","443.90000","448.90000","D-Digital","High","12.5K","Off","Off","UA English 2-123","Group Call","123","KC1JMH / Brad Br","Always","Carrier","Off","1","1","1","Off","8","1","None","None","Off","Off","Off","Off","Normal Encryption","Off","Off","Off","Off","251.1","1","Off","Off","Off","Off","Off","Off","1","0","Off","0","0","0","0","0","0"
"936","CORVT TAC310","443.90000","448.90000","D-Digital","High","12.5K","Off","Off","TAC310","Group Call","310","KC1JMH / Brad Br","Always","Carrier","Off","1","1","1","Off","8","1","None","None","Off","Off","Off","Off","Normal Encryption","Off","Off","Off","Off","251.1","1","Off","Off","Off","Off","Off","Off","1","0","Off","0","0","0","0","0","0"
"937","CORVT TAC311","443.90000","448.90000","D-Digital","High","12.5K","Off","Off","TAC311","Group Call","311","KC1JMH / Brad Br","Always","Carrier","Off","1","1","1","Off","8","1","None","None","Off","Off","Off","Off","Normal Encryption","Off","Off","Off","Off","251.1","1","Off","Off","Off","Off","Off","Off","1","0","Off","0","0","0","0","0","0"
"938","CORVT Northeast","443.90000","448.90000","D-Digital","High","12.5K","Off","Off","Northeast","Group Call","3172","KC1JMH / Brad Br","Always","Carrier","Off","1","1","1","Off","8","1","None","None","Off","Off","Off","Off","Normal Encryption","Off","Off","Off","Off","251.1","1","Off","Off","Off","Off","Off","Off","1","0","Off","0","0","0","0","0","0"
"939","CORVT North Am","443.90000","448.90000","D-Digital","High","12.5K","Off","Off","North America","Group Call","3","KC1JMH / Brad Br","Always","Carrier","Off","1","1","1","Off","8","1","None","None","Off","Off","Off","Off","Normal Encryption","Off","Off","Off","Off","251.1","1","Off","Off","Off","Off","Off","Off","1","0","Off","0","0","0","0","0","0"
"940","CORVT WW Eng","443.90000","448.90000","D-Digital","High","12.5K","Off","Off","WW English","Group Call","13","KC1JMH / Brad Br","Always","Carrier","Off","1","1","1","Off","8","1","None","None","Off","Off","Off","Off","Normal Encryption","Off","Off","Off","Off","251.1","1","Off","Off","Off","Off","Off","Off","1","0","Off","0","0","0","0","0","0"
"941","CORVT WW","443.90000","448.90000","D-Digital","High","12.5K","Off","Off","WW Call","Group Call","1","KC1JMH / Brad Br","Always","Carrier","Off","1","1","1","Off","8","1","None","None","Off","Off","Off","Off","Normal Encryption","Off","Off","Off","Off","251.1","1","Off","Off","Off","Off","Off","Off","1","0","Off","0","0","0","0","0","0"
"942","CORVT SKYWARN","443.90000","448.90000","D-Digital","High","12.5K","Off","Off","SKYWARN","Group Call","759","KC1JMH / Brad Br","Always","Carrier","Off","1","1","1","Off","8","1","None","None","Off","Off","Off","Off","Normal Encryption","Off","Off","Off","Off","251.1","1","Off","Off","Off","Off","Off","Off","1","0","Off","0","0","0","0","0","0"
"943","CORVT Parrot","443.90000","448.90000","D-Digital","High","12.5K","Off","Off","Parrot","Group Call","9998","KC1JMH / Brad Br","Always","Carrier","Off","1","1","1","Off","8","1","None","None","Off","Off","Off","Off","Normal Encryption","Off","Off","Off","Off","251.1","1","Off","Off","Off","Off","Off","Off","1","0","Off","0","0","0","0","0","0"
"944","EQXVT Local","441.35000","446.35000","D-Digital","High","12.5K","Off","Off","Local","Group Call","9","KC1JMH / Brad Br","Always","Carrier","Off","1","1","1","Off","7","2","None","None","Off","Off","Off","Off","Normal Encryption","Off","Off","Off","Off","251.1","1","Off","Off","Off","Off","Off","Off","1","0","Off","0","0","0","0","0","0"
"945","EQXVT VT SW","441.35000","446.35000","D-Digital","High","12.5K","Off","Off","VT Statewide","Group Call","3150","KC1JMH / Brad Br","Always","Carrier","Off","1","1","1","Off","7","2","None","None","Off","Off","Off","Off","Normal Encryption","Off","Off","Off","Off","251.1","1","Off","Off","Off","Off","Off","Off","1","0","Off","0","0","0","0","0","0"
"946","EQXVT MA SW","441.35000","446.35000","D-Digital","High","12.5K","Off","Off","MA Statewide","Group Call","3125","KC1JMH / Brad Br","Always","Carrier","Off","1","1","1","Off","7","1","None","None","Off","Off","Off","Off","Normal Encryption","Off","Off","Off","Off","251.1","1","Off","Off","Off","Off","Off","Off","1","0","Off","0","0","0","0","0","0"
"947","EQXVT Reg North","441.35000","446.35000","D-Digital","High","12.5K","Off","Off","Region North","Group Call","8","KC1JMH / Brad Br","Always","Carrier","Off","1","1","1","Off","7","2","None","None","Off","Off","Off","Off","Normal Encryption","Off","Off","Off","Off","251.1","1","Off","Off","Off","Off","Off","Off","1","0","Off","0","0","0","0","0","0"
"948","EQXVT NE Wide","441.35000","446.35000","D-Digital","High","12.5K","Off","Off","New England-Wide","Group Call","3181","KC1JMH / Brad Br","Always","Carrier","Off","1","1","1","Off","7","2","None","None","Off","Off","Off","Off","Normal Encryption","Off","Off","Off","Off","251.1","1","Off","Off","Off","Off","Off","Off","1","0","Off","0","0","0","0","0","0"
"949","EQXVT NETAC2","441.35000","446.35000","D-Digital","High","12.5K","Off","Off","NETAC2","Group Call","8802","KC1JMH / Brad Br","Always","Carrier","Off","1","1","1","Off","7","2","None","None","Off","Off","Off","Off","Normal Encryption","Off","Off","Off","Off","251.1","1","Off","Off","Off","Off","Off","Off","1","0","Off","0","0","0","0","0","0"
"950","EQXVT NETAC1","441.35000","446.35000","D-Digital","High","12.5K","Off","Off","NETAC1","Group Call","8801","KC1JMH / Brad Br","Always","Carrier","Off","1","1","1","Off","7","1","None","None","Off","Off","Off","Off","Normal Encryption","Off","Off","Off","Off","251.1","1","Off","Off","Off","Off","Off","Off","1","0","Off","0","0","0","0","0","0"
"951","EQXVT UA Eng1","441.35000","446.35000","D-Digital","High","12.5K","Off","Off","UA English 1-113","Group Call","113","KC1JMH / Brad Br","Always","Carrier","Off","1","1","1","Off","7","1","None","None","Off","Off","Off","Off","Normal Encryption","Off","Off","Off","Off","251.1","1","Off","Off","Off","Off","Off","Off","1","0","Off","0","0","0","0","0","0"
"952","EQXVT UA Eng2","441.35000","446.35000","D-Digital","High","12.5K","Off","Off","UA English 2-123","Group Call","123","KC1JMH / Brad Br","Always","Carrier","Off","1","1","1","Off","7","1","None","None","Off","Off","Off","Off","Normal Encryption","Off","Off","Off","Off","251.1","1","Off","Off","Off","Off","Off","Off","1","0","Off","0","0","0","0","0","0"
"953","EQXVT TAC310","441.35000","446.35000","D-Digital","High","12.5K","Off","Off","TAC310","Group Call","310","KC1JMH / Brad Br","Always","Carrier","Off","1","1","1","Off","7","1","None","None","Off","Off","Off","Off","Normal Encryption","Off","Off","Off","Off","251.1","1","Off","Off","Off","Off","Off","Off","1","0","Off","0","0","0","0","0","0"
"954","EQXVT TAC311","441.35000","446.35000","D-Digital","High","12.5K","Off","Off","TAC311","Group Call","311","KC1JMH / Brad Br","Always","Carrier","Off","1","1","1","Off","7","1","None","None","Off","Off","Off","Off","Normal Encryption","Off","Off","Off","Off","251.1","1","Off","Off","Off","Off","Off","Off","1","0","Off","0","0","0","0","0","0"
"955","EQXVT Northeast","441.35000","446.35000","D-Digital","High","12.5K","Off","Off","Northeast","Group Call","3172","KC1JMH / Brad Br","Always","Carrier","Off","1","1","1","Off","7","1","None","None","Off","Off","Off","Off","Normal Encryption","Off","Off","Off","Off","251.1","1","Off","Off","Off","Off","Off","Off","1","0","Off","0","0","0","0","0","0"
"956","EQXVT North Am","441.35000","446.35000","D-Digital","High","12.5K","Off","Off","North America","Group Call","3","KC1JMH / Brad Br","Always","Carrier","Off","1","1","1","Off","7","1","None","None","Off","Off","Off","Off","Normal Encryption","Off","Off","Off","Off","251.1","1","Off","Off","Off","Off","Off","Off","1","0","Off","0","0","0","0","0","0"
"957","EQXVT WW Eng","441.35000","446.35000","D-Digital","High","12.5K","Off","Off","WW English","Group Call","13","KC1JMH / Brad Br","Always","Carrier","Off","1","1","1","Off","7","1","None","None","Off","Off","Off","Off","Normal Encryption","Off","Off","Off","Off","251.1","1","Off","Off","Off","Off","Off","Off","1","0","Off","0","0","0","0","0","0"
"958","EQXVT WW","441.35000","446.35000","D-Digital","High","12.5K","Off","Off","WW Call","Group Call","1","KC1JMH / Brad Br","Always","Carrier","Off","1","1","1","Off","7","1","None","None","Off","Off","Off","Off","Normal Encryption","Off","Off","Off","Off","251.1","1","Off","Off","Off","Off","Off","Off","1","0","Off","0","0","0","0","0","0"
"959","EQXVT SKYWARN","441.35000","446.35000","D-Digital","High","12.5K","Off","Off","SKYWARN","Group Call","759","KC1JMH / Brad Br","Always","Carrier","Off","1","1","1","Off","7","1","None","None","Off","Off","Off","Off","Normal Encryption","Off","Off","Off","Off","251.1","1","Off","Off","Off","Off","Off","Off","1","0","Off","0","0","0","0","0","0"
"960","EQXVT Parrot","441.35000","446.35000","D-Digital","High","12.5K","Off","Off","Parrot","Group Call","9998","KC1JMH / Brad Br","Always","Carrier","Off","1","1","1","Off","7","1","None","None","Off","Off","Off","Off","Normal Encryption","Off","Off","Off","Off","251.1","1","Off","Off","Off","Off","Off","Off","1","0","Off","0","0","0","0","0","0"
"961","JAYVT Local","446.37500","441.37500","D-Digital","High","12.5K","Off","Off","Local","Group Call","9","KC1JMH / Brad Br","Always","Carrier","Off","1","1","1","Off","7","2","None","None","Off","Off","Off","Off","Normal Encryption","Off","Off","Off","Off","251.1","1","Off","Off","Off","Off","Off","Off","1","0","Off","0","0","0","0","0","0"
"962","JAYVT VT SW","446.37500","441.37500","D-Digital","High","12.5K","Off","Off","VT Statewide","Group Call","3150","KC1JMH / Brad Br","Always","Carrier","Off","1","1","1","Off","7","2","None","None","Off","Off","Off","Off","Normal Encryption","Off","Off","Off","Off","251.1","1","Off","Off","Off","Off","Off","Off","1","0","Off","0","0","0","0","0","0"
"963","JAYVT NH SW","446.37500","441.37500","D-Digital","High","12.5K","Off","Off","NH Statewide","Group Call","3133","KC1JMH / Brad Br","Always","Carrier","Off","1","1","1","Off","7","1","None","None","Off","Off","Off","Off","Normal Encryption","Off","Off","Off","Off","251.1","1","Off","Off","Off","Off","Off","Off","1","0","Off","0","0","0","0","0","0"
"964","JAYVT Reg North","446.37500","441.37500","D-Digital","High","12.5K","Off","Off","Region North","Group Call","8","KC1JMH / Brad Br","Always","Carrier","Off","1","1","1","Off","7","2","None","None","Off","Off","Off","Off","Normal Encryption","Off","Off","Off","Off","251.1","1","Off","Off","Off","Off","Off","Off","1","0","Off","0","0","0","0","0","0"
"965","JAYVT NE Wide","446.37500","441.37500","D-Digital","High","12.5K","Off","Off","New England-Wide","Group Call","3181","KC1JMH / Brad Br","Always","Carrier","Off","1","1","1","Off","7","2","None","None","Off","Off","Off","Off","Normal Encryption","Off","Off","Off","Off","251.1","1","Off","Off","Off","Off","Off","Off","1","0","Off","0","0","0","0","0","0"
"966","JAYVT NETAC2","446.37500","441.37500","D-Digital","High","12.5K","Off","Off","NETAC2","Group Call","8802","KC1JMH / Brad Br","Always","Carrier","Off","1","1","1","Off","7","2","None","None","Off","Off","Off","Off","Normal Encryption","Off","Off","Off","Off","251.1","1","Off","Off","Off","Off","Off","Off","1","0","Off","0","0","0","0","0","0"
"967","JAYVT NETAC1","446.37500","441.37500","D-Digital","High","12.5K","Off","Off","NETAC1","Group Call","8801","KC1JMH / Brad Br","Always","Carrier","Off","1","1","1","Off","7","1","None","None","Off","Off","Off","Off","Normal Encryption","Off","Off","Off","Off","251.1","1","Off","Off","Off","Off","Off","Off","1","0","Off","0","0","0","0","0","0"
"968","JAYVT UA Eng1","446.37500","441.37500","D-Digital","High","12.5K","Off","Off","UA English 1-113","Group Call","113","KC1JMH / Brad Br","Always","Carrier","Off","1","1","1","Off","7","1","None","None","Off","Off","Off","Off","Normal Encryption","Off","Off","Off","Off","251.1","1","Off","Off","Off","Off","Off","Off","1","0","Off","0","0","0","0","0","0"
"969","JAYVT UA Eng2","446.37500","441.37500","D-Digital","High","12.5K","Off","Off","UA English 2-123","Group Call","123","KC1JMH / Brad Br","Always","Carrier","Off","1","1","1","Off","7","1","None","None","Off","Off","Off","Off","Normal Encryption","Off","Off","Off","Off","251.1","1","Off","Off","Off","Off","Off","Off","1","0","Off","0","0","0","0","0","0"
"970","JAYVT TAC310","446.37500","441.37500","D-Digital","High","12.5K","Off","Off","TAC310","Group Call","310","KC1JMH / Brad Br","Always","Carrier","Off","1","1","1","Off","7","1","None","None","Off","Off","Off","Off","Normal Encryption","Off","Off","Off","Off","251.1","1","Off","Off","Off","Off","Off","Off","1","0","Off","0","0","0","0","0","0"
"971","JAYVT TAC311","446.37500","441.37500","D-Digital","High","12.5K","Off","Off","TAC311","Group Call","311","KC1JMH / Brad Br","Always","Carrier","Off","1","1","1","Off","7","1","None","None","Off","Off","Off","Off","Normal Encryption","Off","Off","Off","Off","251.1","1","Off","Off","Off","Off","Off","Off","1","0","Off","0","0","0","0","0","0"
"972","JAYVT Northeast","446.37500","441.37500","D-Digital","High","12.5K","Off","Off","Northeast","Group Call","3172","KC1JMH / Brad Br","Always","Carrier","Off","1","1","1","Off","7","1","None","None","Off","Off","Off","Off","Normal Encryption","Off","Off","Off","Off","251.1","1","Off","Off","Off","Off","Off","Off","1","0","Off","0","0","0","0","0","0"
"973","JAYVT North Am","446.37500","441.37500","D-Digital","High","12.5K","Off","Off","North America","Group Call","3","KC1JMH / Brad Br","Always","Carrier","Off","1","1","1","Off","7","1","None","None","Off","Off","Off","Off","Normal Encryption","Off","Off","Off","Off","251.1","1","Off","Off","Off","Off","Off","Off","1","0","Off","0","0","0","0","0","0"
"974","JAYVT WW Eng","446.37500","441.37500","D-Digital","High","12.5K","Off","Off","WW English","Group Call","13","KC1JMH / Brad Br","Always","Carrier","Off","1","1","1","Off","7","1","None","None","Off","Off","Off","Off","Normal Encryption","Off","Off","Off","Off","251.1","1","Off","Off","Off","Off","Off","Off","1","0","Off","0","0","0","0","0","0"
"975","JAYVT WW","446.37500","441.37500","D-Digital","High","12.5K","Off","Off","WW Call","Group Call","1","KC1JMH / Brad Br","Always","Carrier","Off","1","1","1","Off","7","1","None","None","Off","Off","Off","Off","Normal Encryption","Off","Off","Off","Off","251.1","1","Off","Off","Off","Off","Off","Off","1","0","Off","0","0","0","0","0","0"
"976","JAYVT SKYWARN","446.37500","441.37500","D-Digital","High","12.5K","Off","Off","SKYWARN","Group Call","759","KC1JMH / Brad Br","Always","Carrier","Off","1","1","1","Off","7","1","None","None","Off","Off","Off","Off","Normal Encryption","Off","Off","Off","Off","251.1","1","Off","Off","Off","Off","Off","Off","1","0","Off","0","0","0","0","0","0"
"977","JAYVT Parrot","446.37500","441.37500","D-Digital","High","12.5K","Off","Off","Parrot","Group Call","9998","KC1JMH / Brad Br","Always","Carrier","Off","1","1","1","Off","7","1","None","None","Off","Off","Off","Off","Normal Encryption","Off","Off","Off","Off","251.1","1","Off","Off","Off","Off","Off","Off","1","0","Off","0","0","0","0","0","0"
"978","LYNVT Local","448.57500","443.57500","D-Digital","High","12.5K","Off","Off","Local","Group Call","9","KC1JMH / Brad Br","Always","Carrier","Off","1","1","1","Off","5","2","None","None","Off","Off","Off","Off","Normal Encryption","Off","Off","Off","Off","251.1","1","Off","Off","Off","Off","Off","Off","1","0","Off","0","0","0","0","0","0"
"979","LYNVT VT SW","448.57500","443.57500","D-Digital","High","12.5K","Off","Off","VT Statewide","Group Call","3150","KC1JMH / Brad Br","Always","Carrier","Off","1","1","1","Off","5","2","None","None","Off","Off","Off","Off","Normal Encryption","Off","Off","Off","Off","251.1","1","Off","Off","Off","Off","Off","Off","1","0","Off","0","0","0","0","0","0"
"980","LYNVT NH SW","448.57500","443.57500","D-Digital","High","12.5K","Off","Off","NH Statewide","Group Call","3133","KC1JMH / Brad Br","Always","Carrier","Off","1","1","1","Off","5","1","None","None","Off","Off","Off","Off","Normal Encryption","Off","Off","Off","Off","251.1","1","Off","Off","Off","Off","Off","Off","1","0","Off","0","0","0","0","0","0"
"981","LYNVT MA SW","448.57500","443.57500","D-Digital","High","12.5K","Off","Off","MA Statewide","Group Call","3125","KC1JMH / Brad Br","Always","Carrier","Off","1","1","1","Off","5","1","None","None","Off","Off","Off","Off","Normal Encryption","Off","Off","Off","Off","251.1","1","Off","Off","Off","Off","Off","Off","1","0","Off","0","0","0","0","0","0"
"982","LYNVT Reg North","448.57500","443.57500","D-Digital","High","12.5K","Off","Off","Region North","Group Call","8","KC1JMH / Brad Br","Always","Carrier","Off","1","1","1","Off","5","2","None","None","Off","Off","Off","Off","Normal Encryption","Off","Off","Off","Off","251.1","1","Off","Off","Off","Off","Off","Off","1","0","Off","0","0","0","0","0","0"
"983","LYNVT NE Wide","448.57500","443.57500","D-Digital","High","12.5K","Off","Off","New England-Wide","Group Call","3181","KC1JMH / Brad Br","Always","Carrier","Off","1","1","1","Off","5","2","None","None","Off","Off","Off","Off","Normal Encryption","Off","Off","Off","Off","251.1","1","Off","Off","Off","Off","Off","Off","1","0","Off","0","0","0","0","0","0"
"984","LYNVT NETAC2","448.57500","443.57500","D-Digital","High","12.5K","Off","Off","NETAC2","Group Call","8802","KC1JMH / Brad Br","Always","Carrier","Off","1","1","1","Off","5","2","None","None","Off","Off","Off","Off","Normal Encryption","Off","Off","Off","Off","251.1","1","Off","Off","Off","Off","Off","Off","1","0","Off","0","0","0","0","0","0"
"985","LYNVT NETAC1","448.57500","443.57500","D-Digital","High","12.5K","Off","Off","NETAC1","Group Call","8801","KC1JMH / Brad Br","Always","Carrier","Off","1","1","1","Off","5","1","None","None","Off","Off","Off","Off","Normal Encryption","Off","Off","Off","Off","251.1","1","Off","Off","Off","Off","Off","Off","1","0","Off","0","0","0","0","0","0"
"986","LYNVT UA Eng1","448.57500","443.57500","D-Digital","High","12.5K","Off","Off","UA English 1-113","Group Call","113","KC1JMH / Brad Br","Always","Carrier","Off","1","1","1","Off","5","1","None","None","Off","Off","Off","Off","Normal Encryption","Off","Off","Off","Off","251.1","1","Off","Off","Off","Off","Off","Off","1","0","Off","0","0","0","0","0","0"
"987","LYNVT UA Eng2","448.57500","443.57500","D-Digital","High","12.5K","Off","Off","UA English 2-123","Group Call","123","KC1JMH / Brad Br","Always","Carrier","Off","1","1","1","Off","5","1","None","None","Off","Off","Off","Off","Normal Encryption","Off","Off","Off","Off","251.1","1","Off","Off","Off","Off","Off","Off","1","0","Off","0","0","0","0","0","0"
"988","LYNVT TAC310","448.57500","443.57500","D-Digital","High","12.5K","Off","Off","TAC310","Group Call","310","KC1JMH / Brad Br","Always","Carrier","Off","1","1","1","Off","5","1","None","None","Off","Off","Off","Off","Normal Encryption","Off","Off","Off","Off","251.1","1","Off","Off","Off","Off","Off","Off","1","0","Off","0","0","0","0","0","0"
"989","LYNVT TAC311","448.57500","443.57500","D-Digital","High","12.5K","Off","Off","TAC311","Group Call","311","KC1JMH / Brad Br","Always","Carrier","Off","1","1","1","Off","5","1","None","None","Off","Off","Off","Off","Normal Encryption","Off","Off","Off","Off","251.1","1","Off","Off","Off","Off","Off","Off","1","0","Off","0","0","0","0","0","0"
"990","LYNVT Northeast","448.57500","443.57500","D-Digital","High","12.5K","Off","Off","Northeast","Group Call","3172","KC1JMH / Brad Br","Always","Carrier","Off","1","1","1","Off","5","1","None","None","Off","Off","Off","Off","Normal Encryption","Off","Off","Off","Off","251.1","1","Off","Off","Off","Off","Off","Off","1","0","Off","0","0","0","0","0","0"
"991","LYNVT North Am","448.57500","443.57500","D-Digital","High","12.5K","Off","Off","North America","Group Call","3","KC1JMH / Brad Br","Always","Carrier","Off","1","1","1","Off","5","1","None","None","Off","Off","Off","Off","Normal Encryption","Off","Off","Off","Off","251.1","1","Off","Off","Off","Off","Off","Off","1","0","Off","0","0","0","0","0","0"
"992","LYNVT WW Eng","448.57500","443.57500","D-Digital","High","12.5K","Off","Off","WW English","Group Call","13","KC1JMH / Brad Br","Always","Carrier","Off","1","1","1","Off","5","1","None","None","Off","Off","Off","Off","Normal Encryption","Off","Off","Off","Off","251.1","1","Off","Off","Off","Off","Off","Off","1","0","Off","0","0","0","0","0","0"
"993","LYNVT WW","448.57500","443.57500","D-Digital","High","12.5K","Off","Off","WW Call","Group Call","1","KC1JMH / Brad Br","Always","Carrier","Off","1","1","1","Off","5","1","None","None","Off","Off","Off","Off","Normal Encryption","Off","Off","Off","Off","251.1","1","Off","Off","Off","Off","Off","Off","1","0","Off","0","0","0","0","0","0"
"994","LYNVT SKYWARN","448.57500","443.57500","D-Digital","High","12.5K","Off","Off","SKYWARN","Group Call","759","KC1JMH / Brad Br","Always","Carrier","Off","1","1","1","Off","5","1","None","None","Off","Off","Off","Off","Normal Encryption","Off","Off","Off","Off","251.1","1","Off","Off","Off","Off","Off","Off","1","0","Off","0","0","0","0","0","0"
"995","LYNVT Parrot","448.57500","443.57500","D-Digital","High","12.5K","Off","Off","Parrot","Group Call","9998","KC1JMH / Brad Br","Always","Carrier","Off","1","1","1","Off","5","1","None","None","Off","Off","Off","Off","Normal Encryption","Off","Off","Off","Off","251.1","1","Off","Off","Off","Off","Off","Off","1","0","Off","0","0","0","0","0","0"
"996","MNKVT Local","443.75000","448.75000","D-Digital","High","12.5K","Off","Off","Local","Group Call","9","KC1JMH / Brad Br","Always","Carrier","Off","1","1","1","Off","7","2","None","None","Off","Off","Off","Off","Normal Encryption","Off","Off","Off","Off","251.1","1","Off","Off","Off","Off","Off","Off","1","0","Off","0","0","0","0","0","0"
"997","MNKVT VT SW","443.75000","448.75000","D-Digital","High","12.5K","Off","Off","VT Statewide","Group Call","3150","KC1JMH / Brad Br","Always","Carrier","Off","1","1","1","Off","7","2","None","None","Off","Off","Off","Off","Normal Encryption","Off","Off","Off","Off","251.1","1","Off","Off","Off","Off","Off","Off","1","0","Off","0","0","0","0","0","0"
"998","MNKVT NH SW","443.75000","448.75000","D-Digital","High","12.5K","Off","Off","NH Statewide","Group Call","3133","KC1JMH / Brad Br","Always","Carrier","Off","1","1","1","Off","7","1","None","None","Off","Off","Off","Off","Normal Encryption","Off","Off","Off","Off","251.1","1","Off","Off","Off","Off","Off","Off","1","0","Off","0","0","0","0","0","0"
"999","MNKVT MA SW","443.75000","448.75000","D-Digital","High","12.5K","Off","Off","MA Statewide","Group Call","3125","KC1JMH / Brad Br","Always","Carrier","Off","1","1","1","Off","7","1","None","None","Off","Off","Off","Off","Normal Encryption","Off","Off","Off","Off","251.1","1","Off","Off","Off","Off","Off","Off","1","0","Off","0","0","0","0","0","0"
"1000","MNKVT Reg North","443.75000","448.75000","D-Digital","High","12.5K","Off","Off","Region North","Group Call","8","KC1JMH / Brad Br","Always","Carrier","Off","1","1","1","Off","7","2","None","None","Off","Off","Off","Off","Normal Encryption","Off","Off","Off","Off","251.1","1","Off","Off","Off","Off","Off","Off","1","0","Off","0","0","0","0","0","0"
"1001","MNKVT NE Wide","443.75000","448.75000","D-Digital","High","12.5K","Off","Off","New England-Wide","Group Call","3181","KC1JMH / Brad Br","Always","Carrier","Off","1","1","1","Off","7","2","None","None","Off","Off","Off","Off","Normal Encryption","Off","Off","Off","Off","251.1","1","Off","Off","Off","Off","Off","Off","1","0","Off","0","0","0","0","0","0"
"1002","MNKVT NETAC2","443.75000","448.75000","D-Digital","High","12.5K","Off","Off","NETAC2","Group Call","8802","KC1JMH / Brad Br","Always","Carrier","Off","1","1","1","Off","7","2","None","None","Off","Off","Off","Off","Normal Encryption","Off","Off","Off","Off","251.1","1","Off","Off","Off","Off","Off","Off","1","0","Off","0","0","0","0","0","0"
"1003","MNKVT NETAC1","443.75000","448.75000","D-Digital","High","12.5K","Off","Off","NETAC1","Group Call","8801","KC1JMH / Brad Br","Always","Carrier","Off","1","1","1","Off","7","1","None","None","Off","Off","Off","Off","Normal Encryption","Off","Off","Off","Off","251.1","1","Off","Off","Off","Off","Off","Off","1","0","Off","0","0","0","0","0","0"
"1004","MNKVT UA Eng1","443.75000","448.75000","D-Digital","High","12.5K","Off","Off","UA English 1-113","Group Call","113","KC1JMH / Brad Br","Always","Carrier","Off","1","1","1","Off","7","1","None","None","Off","Off","Off","Off","Normal Encryption","Off","Off","Off","Off","251.1","1","Off","Off","Off","Off","Off","Off","1","0","Off","0","0","0","0","0","0"
"1005","MNKVT UA Eng2","443.75000","448.75000","D-Digital","High","12.5K","Off","Off","UA English 2-123","Group Call","123","KC1JMH / Brad Br","Always","Carrier","Off","1","1","1","Off","7","1","None","None","Off","Off","Off","Off","Normal Encryption","Off","Off","Off","Off","251.1","1","Off","Off","Off","Off","Off","Off","1","0","Off","0","0","0","0","0","0"
"1006","MNKVT TAC310","443.75000","448.75000","D-Digital","High","12.5K","Off","Off","TAC310","Group Call","310","KC1JMH / Brad Br","Always","Carrier","Off","1","1","1","Off","7","1","None","None","Off","Off","Off","Off","Normal Encryption","Off","Off","Off","Off","251.1","1","Off","Off","Off","Off","Off","Off","1","0","Off","0","0","0","0","0","0"
"1007","MNKVT TAC311","443.75000","448.75000","D-Digital","High","12.5K","Off","Off","TAC311","Group Call","311","KC1JMH / Brad Br","Always","Carrier","Off","1","1","1","Off","7","1","None","None","Off","Off","Off","Off","Normal Encryption","Off","Off","Off","Off","251.1","1","Off","Off","Off","Off","Off","Off","1","0","Off","0","0","0","0","0","0"
"1008","MNKVT Northeast","443.75000","448.75000","D-Digital","High","12.5K","Off","Off","Northeast","Group Call","3172","KC1JMH / Brad Br","Always","Carrier","Off","1","1","1","Off","7","1","None","None","Off","Off","Off","Off","Normal Encryption","Off","Off","Off","Off","251.1","1","Off","Off","Off","Off","Off","Off","1","0","Off","0","0","0","0","0","0"
"1009","MNKVT North Am","443.75000","448.75000","D-Digital","High","12.5K","Off","Off","North America","Group Call","3","KC1JMH / Brad Br","Always","Carrier","Off","1","1","1","Off","7","1","None","None","Off","Off","Off","Off","Normal Encryption","Off","Off","Off","Off","251.1","1","Off","Off","Off","Off","Off","Off","1","0","Off","0","0","0","0","0","0"
"1010","MNKVT WW Eng","443.75000","448.75000","D-Digital","High","12.5K","Off","Off","WW English","Group Call","13","KC1JMH / Brad Br","Always","Carrier","Off","1","1","1","Off","7","1","None","None","Off","Off","Off","Off","Normal Encryption","Off","Off","Off","Off","251.1","1","Off","Off","Off","Off","Off","Off","1","0","Off","0","0","0","0","0","0"
"1011","MNKVT WW","443.75000","448.75000","D-Digital","High","12.5K","Off","Off","WW Call","Group Call","1","KC1JMH / Brad Br","Always","Carrier","Off","1","1","1","Off","7","1","None","None","Off","Off","Off","Off","Normal Encryption","Off","Off","Off","Off","251.1","1","Off","Off","Off","Off","Off","Off","1","0","Off","0","0","0","0","0","0"
"1012","MNKVT SKYWARN","443.75000","448.75000","D-Digital","High","12.5K","Off","Off","SKYWARN","Group Call","759","KC1JMH / Brad Br","Always","Carrier","Off","1","1","1","Off","7","1","None","None","Off","Off","Off","Off","Normal Encryption","Off","Off","Off","Off","251.1","1","Off","Off","Off","Off","Off","Off","1","0","Off","0","0","0","0","0","0"
"1013","MNKVT Parrot","443.75000","448.75000","D-Digital","High","12.5K","Off","Off","Parrot","Group Call","9998","KC1JMH / Brad Br","Always","Carrier","Off","1","1","1","Off","7","1","None","None","Off","Off","Off","Off","Normal Encryption","Off","Off","Off","Off","251.1","1","Off","Off","Off","Off","Off","Off","1","0","Off","0","0","0","0","0","0"
"1014","PICVT Local","444.50000","449.50000","D-Digital","High","12.5K","Off","Off","Local","Group Call","9","KC1JMH / Brad Br","Always","Carrier","Off","1","1","1","Off","1","2","None","None","Off","Off","Off","Off","Normal Encryption","Off","Off","Off","Off","251.1","1","Off","Off","Off","Off","Off","Off","1","0","Off","0","0","0","0","0","0"
"1015","PICVT VT SW","444.50000","449.50000","D-Digital","High","12.5K","Off","Off","VT Statewide","Group Call","3150","KC1JMH / Brad Br","Always","Carrier","Off","1","1","1","Off","1","2","None","None","Off","Off","Off","Off","Normal Encryption","Off","Off","Off","Off","251.1","1","Off","Off","Off","Off","Off","Off","1","0","Off","0","0","0","0","0","0"
"1016","PICVT NH SW","444.50000","449.50000","D-Digital","High","12.5K","Off","Off","NH Statewide","Group Call","3133","KC1JMH / Brad Br","Always","Carrier","Off","1","1","1","Off","1","1","None","None","Off","Off","Off","Off","Normal Encryption","Off","Off","Off","Off","251.1","1","Off","Off","Off","Off","Off","Off","1","0","Off","0","0","0","0","0","0"
"1017","PICVT MA SW","444.50000","449.50000","D-Digital","High","12.5K","Off","Off","MA Statewide","Group Call","3125","KC1JMH / Brad Br","Always","Carrier","Off","1","1","1","Off","1","1","None","None","Off","Off","Off","Off","Normal Encryption","Off","Off","Off","Off","251.1","1","Off","Off","Off","Off","Off","Off","1","0","Off","0","0","0","0","0","0"
"1018","PICVT Reg North","444.50000","449.50000","D-Digital","High","12.5K","Off","Off","Region North","Group Call","8","KC1JMH / Brad Br","Always","Carrier","Off","1","1","1","Off","1","2","None","None","Off","Off","Off","Off","Normal Encryption","Off","Off","Off","Off","251.1","1","Off","Off","Off","Off","Off","Off","1","0","Off","0","0","0","0","0","0"
"1019","PICVT NE Wide","444.50000","449.50000","D-Digital","High","12.5K","Off","Off","New England-Wide","Group Call","3181","KC1JMH / Brad Br","Always","Carrier","Off","1","1","1","Off","1","2","None","None","Off","Off","Off","Off","Normal Encryption","Off","Off","Off","Off","251.1","1","Off","Off","Off","Off","Off","Off","1","0","Off","0","0","0","0","0","0"
"1020","PICVT NETAC2","444.50000","449.50000","D-Digital","High","12.5K","Off","Off","NETAC2","Group Call","8802","KC1JMH / Brad Br","Always","Carrier","Off","1","1","1","Off","1","2","None","None","Off","Off","Off","Off","Normal Encryption","Off","Off","Off","Off","251.1","1","Off","Off","Off","Off","Off","Off","1","0","Off","0","0","0","0","0","0"
"1021","PICVT NETAC1","444.50000","449.50000","D-Digital","High","12.5K","Off","Off","NETAC1","Group Call","8801","KC1JMH / Brad Br","Always","Carrier","Off","1","1","1","Off","1","1","None","None","Off","Off","Off","Off","Normal Encryption","Off","Off","Off","Off","251.1","1","Off","Off","Off","Off","Off","Off","1","0","Off","0","0","0","0","0","0"
"1022","PICVT UA Eng1","444.50000","449.50000","D-Digital","High","12.5K","Off","Off","UA English 1-113","Group Call","113","KC1JMH / Brad Br","Always","Carrier","Off","1","1","1","Off","1","1","None","None","Off","Off","Off","Off","Normal Encryption","Off","Off","Off","Off","251.1","1","Off","Off","Off","Off","Off","Off","1","0","Off","0","0","0","0","0","0"
"1023","PICVT UA Eng2","444.50000","449.50000","D-Digital","High","12.5K","Off","Off","UA English 2-123","Group Call","123","KC1JMH / Brad Br","Always","Carrier","Off","1","1","1","Off","1","1","None","None","Off","Off","Off","Off","Normal Encryption","Off","Off","Off","Off","251.1","1","Off","Off","Off","Off","Off","Off","1","0","Off","0","0","0","0","0","0"
"1024","PICVT TAC310","444.50000","449.50000","D-Digital","High","12.5K","Off","Off","TAC310","Group Call","310","KC1JMH / Brad Br","Always","Carrier","Off","1","1","1","Off","1","1","None","None","Off","Off","Off","Off","Normal Encryption","Off","Off","Off","Off","251.1","1","Off","Off","Off","Off","Off","Off","1","0","Off","0","0","0","0","0","0"
"1025","PICVT TAC311","444.50000","449.50000","D-Digital","High","12.5K","Off","Off","TAC311","Group Call","311","KC1JMH / Brad Br","Always","Carrier","Off","1","1","1","Off","1","1","None","None","Off","Off","Off","Off","Normal Encryption","Off","Off","Off","Off","251.1","1","Off","Off","Off","Off","Off","Off","1","0","Off","0","0","0","0","0","0"
"1026","PICVT Northeast","444.50000","449.50000","D-Digital","High","12.5K","Off","Off","Northeast","Group Call","3172","KC1JMH / Brad Br","Always","Carrier","Off","1","1","1","Off","1","1","None","None","Off","Off","Off","Off","Normal Encryption","Off","Off","Off","Off","251.1","1","Off","Off","Off","Off","Off","Off","1","0","Off","0","0","0","0","0","0"
"1027","PICVT North Am","444.50000","449.50000","D-Digital","High","12.5K","Off","Off","North America","Group Call","3","KC1JMH / Brad Br","Always","Carrier","Off","1","1","1","Off","1","1","None","None","Off","Off","Off","Off","Normal Encryption","Off","Off","Off","Off","251.1","1","Off","Off","Off","Off","Off","Off","1","0","Off","0","0","0","0","0","0"
"1028","PICVT WW Eng","444.50000","449.50000","D-Digital","High","12.5K","Off","Off","WW English","Group Call","13","KC1JMH / Brad Br","Always","Carrier","Off","1","1","1","Off","1","1","None","None","Off","Off","Off","Off","Normal Encryption","Off","Off","Off","Off","251.1","1","Off","Off","Off","Off","Off","Off","1","0","Off","0","0","0","0","0","0"
"1029","PICVT WW","444.50000","449.50000","D-Digital","High","12.5K","Off","Off","WW Call","Group Call","1","KC1JMH / Brad Br","Always","Carrier","Off","1","1","1","Off","1","1","None","None","Off","Off","Off","Off","Normal Encryption","Off","Off","Off","Off","251.1","1","Off","Off","Off","Off","Off","Off","1","0","Off","0","0","0","0","0","0"
"1030","PICVT SKYWARN","444.50000","449.50000","D-Digital","High","12.5K","Off","Off","SKYWARN","Group Call","759","KC1JMH / Brad Br","Always","Carrier","Off","1","1","1","Off","1","1","None","None","Off","Off","Off","Off","Normal Encryption","Off","Off","Off","Off","251.1","1","Off","Off","Off","Off","Off","Off","1","0","Off","0","0","0","0","0","0"
"1031","PICVT Parrot","444.50000","449.50000","D-Digital","High","12.5K","Off","Off","Parrot","Group Call","9998","KC1JMH / Brad Br","Always","Carrier","Off","1","1","1","Off","1","1","None","None","Off","Off","Off","Off","Normal Encryption","Off","Off","Off","Off","251.1","1","Off","Off","Off","Off","Off","Off","1","0","Off","0","0","0","0","0","0"
"1032","SNWVT Local","446.27500","441.27500","D-Digital","High","12.5K","Off","Off","Local","Group Call","9","KC1JMH / Brad Br","Always","Carrier","Off","1","1","1","Off","6","2","None","None","Off","Off","Off","Off","Normal Encryption","Off","Off","Off","Off","251.1","1","Off","Off","Off","Off","Off","Off","1","0","Off","0","0","0","0","0","0"
"1033","SNWVT VT SW","446.27500","441.27500","D-Digital","High","12.5K","Off","Off","VT Statewide","Group Call","3150","KC1JMH / Brad Br","Always","Carrier","Off","1","1","1","Off","6","2","None","None","Off","Off","Off","Off","Normal Encryption","Off","Off","Off","Off","251.1","1","Off","Off","Off","Off","Off","Off","1","0","Off","0","0","0","0","0","0"
"1034","SNWVT NH SW","446.27500","441.27500","D-Digital","High","12.5K","Off","Off","NH Statewide","Group Call","3133","KC1JMH / Brad Br","Always","Carrier","Off","1","1","1","Off","6","1","None","None","Off","Off","Off","Off","Normal Encryption","Off","Off","Off","Off","251.1","1","Off","Off","Off","Off","Off","Off","1","0","Off","0","0","0","0","0","0"
"1035","SNWVT MA SW","446.27500","441.27500","D-Digital","High","12.5K","Off","Off","MA Statewide","Group Call","3125","KC1JMH / Brad Br","Always","Carrier","Off","1","1","1","Off","6","1","None","None","Off","Off","Off","Off","Normal Encryption","Off","Off","Off","Off","251.1","1","Off","Off","Off","Off","Off","Off","1","0","Off","0","0","0","0","0","0"
"1036","SNWVT Reg North","446.27500","441.27500","D-Digital","High","12.5K","Off","Off","Region North","Group Call","8","KC1JMH / Brad Br","Always","Carrier","Off","1","1","1","Off","6","2","None","None","Off","Off","Off","Off","Normal Encryption","Off","Off","Off","Off","251.1","1","Off","Off","Off","Off","Off","Off","1","0","Off","0","0","0","0","0","0"
"1037","SNWVT NE Wide","446.27500","441.27500","D-Digital","High","12.5K","Off","Off","New England-Wide","Group Call","3181","KC1JMH / Brad Br","Always","Carrier","Off","1","1","1","Off","6","2","None","None","Off","Off","Off","Off","Normal Encryption","Off","Off","Off","Off","251.1","1","Off","Off","Off","Off","Off","Off","1","0","Off","0","0","0","0","0","0"
"1038","SNWVT NETAC2","446.27500","441.27500","D-Digital","High","12.5K","Off","Off","NETAC2","Group Call","8802","KC1JMH / Brad Br","Always","Carrier","Off","1","1","1","Off","6","2","None","None","Off","Off","Off","Off","Normal Encryption","Off","Off","Off","Off","251.1","1","Off","Off","Off","Off","Off","Off","1","0","Off","0","0","0","0","0","0"
"1039","SNWVT NETAC1","446.27500","441.27500","D-Digital","High","12.5K","Off","Off","NETAC1","Group Call","8801","KC1JMH / Brad Br","Always","Carrier","Off","1","1","1","Off","6","1","None","None","Off","Off","Off","Off","Normal Encryption","Off","Off","Off","Off","251.1","1","Off","Off","Off","Off","Off","Off","1","0","Off","0","0","0","0","0","0"
"1040","SNWVT UA Eng1","446.27500","441.27500","D-Digital","High","12.5K","Off","Off","UA English 1-113","Group Call","113","KC1JMH / Brad Br","Always","Carrier","Off","1","1","1","Off","6","1","None","None","Off","Off","Off","Off","Normal Encryption","Off","Off","Off","Off","251.1","1","Off","Off","Off","Off","Off","Off","1","0","Off","0","0","0","0","0","0"
"1041","SNWVT UA Eng2","446.27500","441.27500","D-Digital","High","12.5K","Off","Off","UA English 2-123","Group Call","123","KC1JMH / Brad Br","Always","Carrier","Off","1","1","1","Off","6","1","None","None","Off","Off","Off","Off","Normal Encryption","Off","Off","Off","Off","251.1","1","Off","Off","Off","Off","Off","Off","1","0","Off","0","0","0","0","0","0"
"1042","SNWVT TAC310","446.27500","441.27500","D-Digital","High","12.5K","Off","Off","TAC310","Group Call","310","KC1JMH / Brad Br","Always","Carrier","Off","1","1","1","Off","6","1","None","None","Off","Off","Off","Off","Normal Encryption","Off","Off","Off","Off","251.1","1","Off","Off","Off","Off","Off","Off","1","0","Off","0","0","0","0","0","0"
"1043","SNWVT TAC311","446.27500","441.27500","D-Digital","High","12.5K","Off","Off","TAC311","Group Call","311","KC1JMH / Brad Br","Always","Carrier","Off","1","1","1","Off","6","1","None","None","Off","Off","Off","Off","Normal Encryption","Off","Off","Off","Off","251.1","1","Off","Off","Off","Off","Off","Off","1","0","Off","0","0","0","0","0","0"
"1044","SNWVT Northeast","446.27500","441.27500","D-Digital","High","12.5K","Off","Off","Northeast","Group Call","3172","KC1JMH / Brad Br","Always","Carrier","Off","1","1","1","Off","6","1","None","None","Off","Off","Off","Off","Normal Encryption","Off","Off","Off","Off","251.1","1","Off","Off","Off","Off","Off","Off","1","0","Off","0","0","0","0","0","0"
"1045","SNWVT North Am","446.27500","441.27500","D-Digital","High","12.5K","Off","Off","North America","Group Call","3","KC1JMH / Brad Br","Always","Carrier","Off","1","1","1","Off","6","1","None","None","Off","Off","Off","Off","Normal Encryption","Off","Off","Off","Off","251.1","1","Off","Off","Off","Off","Off","Off","1","0","Off","0","0","0","0","0","0"
"1046","SNWVT WW Eng","446.27500","441.27500","D-Digital","High","12.5K","Off","Off","WW English","Group Call","13","KC1JMH / Brad Br","Always","Carrier","Off","1","1","1","Off","6","1","None","None","Off","Off","Off","Off","Normal Encryption","Off","Off","Off","Off","251.1","1","Off","Off","Off","Off","Off","Off","1","0","Off","0","0","0","0","0","0"
"1047","SNWVT WW","446.27500","441.27500","D-Digital","High","12.5K","Off","Off","WW Call","Group Call","1","KC1JMH / Brad Br","Always","Carrier","Off","1","1","1","Off","6","1","None","None","Off","Off","Off","Off","Normal Encryption","Off","Off","Off","Off","251.1","1","Off","Off","Off","Off","Off","Off","1","0","Off","0","0","0","0","0","0"
"1048","SNWVT SKYWARN","446.27500","441.27500","D-Digital","High","12.5K","Off","Off","SKYWARN","Group Call","759","KC1JMH / Brad Br","Always","Carrier","Off","1","1","1","Off","6","1","None","None","Off","Off","Off","Off","Normal Encryption","Off","Off","Off","Off","251.1","1","Off","Off","Off","Off","Off","Off","1","0","Off","0","0","0","0","0","0"
"1049","SNWVT Parrot","446.27500","441.27500","D-Digital","High","12.5K","Off","Off","Parrot","Group Call","9998","KC1JMH / Brad Br","Always","Carrier","Off","1","1","1","Off","6","1","None","None","Off","Off","Off","Off","Normal Encryption","Off","Off","Off","Off","251.1","1","Off","Off","Off","Off","Off","Off","1","0","Off","0","0","0","0","0","0"
"1050","WARVT Local","449.47500","444.47500","D-Digital","High","12.5K","Off","Off","Local","Group Call","9","KC1JMH / Brad Br","Always","Carrier","Off","1","1","1","Off","5","2","None","None","Off","Off","Off","Off","Normal Encryption","Off","Off","Off","Off","251.1","1","Off","Off","Off","Off","Off","Off","1","0","Off","0","0","0","0","0","0"
"1051","WARVT VT SW","449.47500","444.47500","D-Digital","High","12.5K","Off","Off","VT Statewide","Group Call","3150","KC1JMH / Brad Br","Always","Carrier","Off","1","1","1","Off","5","2","None","None","Off","Off","Off","Off","Normal Encryption","Off","Off","Off","Off","251.1","1","Off","Off","Off","Off","Off","Off","1","0","Off","0","0","0","0","0","0"
"1052","WARVT NH SW","449.47500","444.47500","D-Digital","High","12.5K","Off","Off","NH Statewide","Group Call","3133","KC1JMH / Brad Br","Always","Carrier","Off","1","1","1","Off","5","1","None","None","Off","Off","Off","Off","Normal Encryption","Off","Off","Off","Off","251.1","1","Off","Off","Off","Off","Off","Off","1","0","Off","0","0","0","0","0","0"
"1053","WARVT MA SW","449.47500","444.47500","D-Digital","High","12.5K","Off","Off","MA Statewide","Group Call","3125","KC1JMH / Brad Br","Always","Carrier","Off","1","1","1","Off","5","1","None","None","Off","Off","Off","Off","Normal Encryption","Off","Off","Off","Off","251.1","1","Off","Off","Off","Off","Off","Off","1","0","Off","0","0","0","0","0","0"
"1054","WARVT Reg North","449.47500","444.47500","D-Digital","High","12.5K","Off","Off","Region North","Group Call","8","KC1JMH / Brad Br","Always","Carrier","Off","1","1","1","Off","5","2","None","None","Off","Off","Off","Off","Normal Encryption","Off","Off","Off","Off","251.1","1","Off","Off","Off","Off","Off","Off","1","0","Off","0","0","0","0","0","0"
"1055","WARVT NE Wide","449.47500","444.47500","D-Digital","High","12.5K","Off","Off","New England-Wide","Group Call","3181","KC1JMH / Brad Br","Always","Carrier","Off","1","1","1","Off","5","2","None","None","Off","Off","Off","Off","Normal Encryption","Off","Off","Off","Off","251.1","1","Off","Off","Off","Off","Off","Off","1","0","Off","0","0","0","0","0","0"
"1056","WARVT NETAC2","449.47500","444.47500","D-Digital","High","12.5K","Off","Off","NETAC2","Group Call","8802","KC1JMH / Brad Br","Always","Carrier","Off","1","1","1","Off","5","2","None","None","Off","Off","Off","Off","Normal Encryption","Off","Off","Off","Off","251.1","1","Off","Off","Off","Off","Off","Off","1","0","Off","0","0","0","0","0","0"
"1057","WARVT NETAC1","449.47500","444.47500","D-Digital","High","12.5K","Off","Off","NETAC1","Group Call","8801","KC1JMH / Brad Br","Always","Carrier","Off","1","1","1","Off","5","1","None","None","Off","Off","Off","Off","Normal Encryption","Off","Off","Off","Off","251.1","1","Off","Off","Off","Off","Off","Off","1","0","Off","0","0","0","0","0","0"
"1058","WARVT UA Eng1","449.47500","444.47500","D-Digital","High","12.5K","Off","Off","UA English 1-113","Group Call","113","KC1JMH / Brad Br","Always","Carrier","Off","1","1","1","Off","5","1","None","None","Off","Off","Off","Off","Normal Encryption","Off","Off","Off","Off","251.1","1","Off","Off","Off","Off","Off","Off","1","0","Off","0","0","0","0","0","0"
"1059","WARVT UA Eng2","449.47500","444.47500","D-Digital","High","12.5K","Off","Off","UA English 2-123","Group Call","123","KC1JMH / Brad Br","Always","Carrier","Off","1","1","1","Off","5","1","None","None","Off","Off","Off","Off","Normal Encryption","Off","Off","Off","Off","251.1","1","Off","Off","Off","Off","Off","Off","1","0","Off","0","0","0","0","0","0"
"1060","WARVT TAC310","449.47500","444.47500","D-Digital","High","12.5K","Off","Off","TAC310","Group Call","310","KC1JMH / Brad Br","Always","Carrier","Off","1","1","1","Off","5","1","None","None","Off","Off","Off","Off","Normal Encryption","Off","Off","Off","Off","251.1","1","Off","Off","Off","Off","Off","Off","1","0","Off","0","0","0","0","0","0"
"1061","WARVT TAC311","449.47500","444.47500","D-Digital","High","12.5K","Off","Off","TAC311","Group Call","311","KC1JMH / Brad Br","Always","Carrier","Off","1","1","1","Off","5","1","None","None","Off","Off","Off","Off","Normal Encryption","Off","Off","Off","Off","251.1","1","Off","Off","Off","Off","Off","Off","1","0","Off","0","0","0","0","0","0"
"1062","WARVT Northeast","449.47500","444.47500","D-Digital","High","12.5K","Off","Off","Northeast","Group Call","3172","KC1JMH / Brad Br","Always","Carrier","Off","1","1","1","Off","5","1","None","None","Off","Off","Off","Off","Normal Encryption","Off","Off","Off","Off","251.1","1","Off","Off","Off","Off","Off","Off","1","0","Off","0","0","0","0","0","0"
"1063","WARVT North Am","449.47500","444.47500","D-Digital","High","12.5K","Off","Off","North America","Group Call","3","KC1JMH / Brad Br","Always","Carrier","Off","1","1","1","Off","5","1","None","None","Off","Off","Off","Off","Normal Encryption","Off","Off","Off","Off","251.1","1","Off","Off","Off","Off","Off","Off","1","0","Off","0","0","0","0","0","0"
"1064","WARVT WW Eng","449.47500","444.47500","D-Digital","High","12.5K","Off","Off","WW English","Group Call","13","KC1JMH / Brad Br","Always","Carrier","Off","1","1","1","Off","5","1","None","None","Off","Off","Off","Off","Normal Encryption","Off","Off","Off","Off","251.1","1","Off","Off","Off","Off","Off","Off","1","0","Off","0","0","0","0","0","0"
"1065","WARVT WW","449.47500","444.47500","D-Digital","High","12.5K","Off","Off","WW Call","Group Call","1","KC1JMH / Brad Br","Always","Carrier","Off","1","1","1","Off","5","1","None","None","Off","Off","Off","Off","Normal Encryption","Off","Off","Off","Off","251.1","1","Off","Off","Off","Off","Off","Off","1","0","Off","0","0","0","0","0","0"
"1066","WARVT SKYWARN","449.47500","444.47500","D-Digital","High","12.5K","Off","Off","SKYWARN","Group Call","759","KC1JMH / Brad Br","Always","Carrier","Off","1","1","1","Off","5","1","None","None","Off","Off","Off","Off","Normal Encryption","Off","Off","Off","Off","251.1","1","Off","Off","Off","Off","Off","Off","1","0","Off","0","0","0","0","0","0"
"1067","WARVT Parrot","449.47500","444.47500","D-Digital","High","12.5K","Off","Off","Parrot","Group Call","9998","KC1JMH / Brad Br","Always","Carrier","Off","1","1","1","Off","5","1","None","None","Off","Off","Off","Off","Normal Encryption","Off","Off","Off","Off","251.1","1","Off","Off","Off","Off","Off","Off","1","0","Off","0","0","0","0","0","0"
"1068","WLMVT Local","448.87500","443.87500","D-Digital","High","12.5K","Off","Off","Local","Group Call","9","KC1JMH / Brad Br","Always","Carrier","Off","1","1","1","Off","7","2","None","None","Off","Off","Off","Off","Normal Encryption","Off","Off","Off","Off","251.1","1","Off","Off","Off","Off","Off","Off","1","0","Off","0","0","0","0","0","0"
"1069","WLMVT VT SW","448.87500","443.87500","D-Digital","High","12.5K","Off","Off","VT Statewide","Group Call","3150","KC1JMH / Brad Br","Always","Carrier","Off","1","1","1","Off","7","2","None","None","Off","Off","Off","Off","Normal Encryption","Off","Off","Off","Off","251.1","1","Off","Off","Off","Off","Off","Off","1","0","Off","0","0","0","0","0","0"
"1070","WLMVT NH SW","448.87500","443.87500","D-Digital","High","12.5K","Off","Off","NH Statewide","Group Call","3133","KC1JMH / Brad Br","Always","Carrier","Off","1","1","1","Off","7","1","None","None","Off","Off","Off","Off","Normal Encryption","Off","Off","Off","Off","251.1","1","Off","Off","Off","Off","Off","Off","1","0","Off","0","0","0","0","0","0"
"1071","WLMVT MA SW","448.87500","443.87500","D-Digital","High","12.5K","Off","Off","MA Statewide","Group Call","3125","KC1JMH / Brad Br","Always","Carrier","Off","1","1","1","Off","7","1","None","None","Off","Off","Off","Off","Normal Encryption","Off","Off","Off","Off","251.1","1","Off","Off","Off","Off","Off","Off","1","0","Off","0","0","0","0","0","0"
"1072","WLMVT Reg North","448.87500","443.87500","D-Digital","High","12.5K","Off","Off","Region North","Group Call","8","KC1JMH / Brad Br","Always","Carrier","Off","1","1","1","Off","7","2","None","None","Off","Off","Off","Off","Normal Encryption","Off","Off","Off","Off","251.1","1","Off","Off","Off","Off","Off","Off","1","0","Off","0","0","0","0","0","0"
"1073","WLMVT NE Wide","448.87500","443.87500","D-Digital","High","12.5K","Off","Off","New England-Wide","Group Call","3181","KC1JMH / Brad Br","Always","Carrier","Off","1","1","1","Off","7","2","None","None","Off","Off","Off","Off","Normal Encryption","Off","Off","Off","Off","251.1","1","Off","Off","Off","Off","Off","Off","1","0","Off","0","0","0","0","0","0"
"1074","WLMVT NETAC2","448.87500","443.87500","D-Digital","High","12.5K","Off","Off","NETAC2","Group Call","8802","KC1JMH / Brad Br","Always","Carrier","Off","1","1","1","Off","7","2","None","None","Off","Off","Off","Off","Normal Encryption","Off","Off","Off","Off","251.1","1","Off","Off","Off","Off","Off","Off","1","0","Off","0","0","0","0","0","0"
"1075","WLMVT NETAC1","448.87500","443.87500","D-Digital","High","12.5K","Off","Off","NETAC1","Group Call","8801","KC1JMH / Brad Br","Always","Carrier","Off","1","1","1","Off","7","1","None","None","Off","Off","Off","Off","Normal Encryption","Off","Off","Off","Off","251.1","1","Off","Off","Off","Off","Off","Off","1","0","Off","0","0","0","0","0","0"
"1076","WLMVT UA Eng1","448.87500","443.87500","D-Digital","High","12.5K","Off","Off","UA English 1-113","Group Call","113","KC1JMH / Brad Br","Always","Carrier","Off","1","1","1","Off","7","1","None","None","Off","Off","Off","Off","Normal Encryption","Off","Off","Off","Off","251.1","1","Off","Off","Off","Off","Off","Off","1","0","Off","0","0","0","0","0","0"
"1077","WLMVT UA Eng2","448.87500","443.87500","D-Digital","High","12.5K","Off","Off","UA English 2-123","Group Call","123","KC1JMH / Brad Br","Always","Carrier","Off","1","1","1","Off","7","1","None","None","Off","Off","Off","Off","Normal Encryption","Off","Off","Off","Off","251.1","1","Off","Off","Off","Off","Off","Off","1","0","Off","0","0","0","0","0","0"
"1078","WLMVT TAC310","448.87500","443.87500","D-Digital","High","12.5K","Off","Off","TAC310","Group Call","310","KC1JMH / Brad Br","Always","Carrier","Off","1","1","1","Off","7","1","None","None","Off","Off","Off","Off","Normal Encryption","Off","Off","Off","Off","251.1","1","Off","Off","Off","Off","Off","Off","1","0","Off","0","0","0","0","0","0"
"1079","WLMVT TAC311","448.87500","443.87500","D-Digital","High","12.5K","Off","Off","TAC311","Group Call","311","KC1JMH / Brad Br","Always","Carrier","Off","1","1","1","Off","7","1","None","None","Off","Off","Off","Off","Normal Encryption","Off","Off","Off","Off","251.1","1","Off","Off","Off","Off","Off","Off","1","0","Off","0","0","0","0","0","0"
"1080","WLMVT Northeast","448.87500","443.87500","D-Digital","High","12.5K","Off","Off","Northeast","Group Call","3172","KC1JMH / Brad Br","Always","Carrier","Off","1","1","1","Off","7","1","None","None","Off","Off","Off","Off","Normal Encryption","Off","Off","Off","Off","251.1","1","Off","Off","Off","Off","Off","Off","1","0","Off","0","0","0","0","0","0"
"1081","WLMVT North Am","448.87500","443.87500","D-Digital","High","12.5K","Off","Off","North America","Group Call","3","KC1JMH / Brad Br","Always","Carrier","Off","1","1","1","Off","7","1","None","None","Off","Off","Off","Off","Normal Encryption","Off","Off","Off","Off","251.1","1","Off","Off","Off","Off","Off","Off","1","0","Off","0","0","0","0","0","0"
"1082","WLMVT WW Eng","448.87500","443.87500","D-Digital","High","12.5K","Off","Off","WW English","Group Call","13","KC1JMH / Brad Br","Always","Carrier","Off","1","1","1","Off","7","1","None","None","Off","Off","Off","Off","Normal Encryption","Off","Off","Off","Off","251.1","1","Off","Off","Off","Off","Off","Off","1","0","Off","0","0","0","0","0","0"
"1083","WLMVT WW","448.87500","443.87500","D-Digital","High","12.5K","Off","Off","WW Call","Group Call","1","KC1JMH / Brad Br","Always","Carrier","Off","1","1","1","Off","7","1","None","None","Off","Off","Off","Off","Normal Encryption","Off","Off","Off","Off","251.1","1","Off","Off","Off","Off","Off","Off","1","0","Off","0","0","0","0","0","0"
"1084","WLMVT SKYWARN","448.87500","443.87500","D-Digital","High","12.5K","Off","Off","SKYWARN","Group Call","759","KC1JMH / Brad Br","Always","Carrier","Off","1","1","1","Off","7","1","None","None","Off","Off","Off","Off","Normal Encryption","Off","Off","Off","Off","251.1","1","Off","Off","Off","Off","Off","Off","1","0","Off","0","0","0","0","0","0"
"1085","WLMVT Parrot","448.87500","443.87500","D-Digital","High","12.5K","Off","Off","Parrot","Group Call","9998","KC1JMH / Brad Br","Always","Carrier","Off","1","1","1","Off","7","1","None","None","Off","Off","Off","Off","Normal Encryption","Off","Off","Off","Off","251.1","1","Off","Off","Off","Off","Off","Off","1","0","Off","0","0","0","0","0","0"
"1086","Weather 1","162.40000","162.40000","A-Analog","High","25K","Off","Off","Local","Group Call","9","KC1JMH / Brad Br","Off","Carrier","Off","1","1","1","Off","1","1","None","None","On","Off","Off","Off","Normal Encryption","Off","Off","Off","Off","251.1","1","Off","Off","Off","Off","Off","Off","1","0","Off","0","0","0","0","0","0"
"1087","Weather 2","162.42500","162.42500","A-Analog","High","25K","Off","Off","Local","Group Call","9","KC1JMH / Brad Br","Off","Carrier","Off","1","1","1","Off","1","1","None","None","On","Off","Off","Off","Normal Encryption","Off","Off","Off","Off","251.1","1","Off","Off","Off","Off","Off","Off","1","0","Off","0","0","0","0","0","0"
"1088","Weather 3","162.45000","162.45000","A-Analog","High","25K","Off","Off","Local","Group Call","9","KC1JMH / Brad Br","Off","Carrier","Off","1","1","1","Off","1","1","None","None","On","Off","Off","Off","Normal Encryption","Off","Off","Off","Off","251.1","1","Off","Off","Off","Off","Off","Off","1","0","Off","0","0","0","0","0","0"
"1089","Weather 4","162.47500","162.47500","A-Analog","High","25K","Off","Off","Local","Group Call","9","KC1JMH / Brad Br","Off","Carrier","Off","1","1","1","Off","1","1","None","None","On","Off","Off","Off","Normal Encryption","Off","Off","Off","Off","251.1","1","Off","Off","Off","Off","Off","Off","1","0","Off","0","0","0","0","0","0"
"1090","Weather 5","162.50000","162.50000","A-Analog","High","25K","Off","Off","Local","Group Call","9","KC1JMH / Brad Br","Off","Carrier","Off","1","1","1","Off","1","1","None","None","On","Off","Off","Off","Normal Encryption","Off","Off","Off","Off","251.1","1","Off","Off","Off","Off","Off","Off","1","0","Off","0","0","0","0","0","0"
"1091","Weather 6","162.52500","162.52500","A-Analog","High","25K","Off","Off","Local","Group Call","9","KC1JMH / Brad Br","Off","Carrier","Off","1","1","1","Off","1","1","None","None","On","Off","Off","Off","Normal Encryption","Off","Off","Off","Off","251.1","1","Off","Off","Off","Off","Off","Off","1","0","Off","0","0","0","0","0","0"
"1092","Weather 7","162.55000","162.55000","A-Analog","High","25K","Off","Off","Local","Group Call","9","KC1JMH / Brad Br","Off","Carrier","Off","1","1","1","Off","1","1","None","None","On","Off","Off","Off","Normal Encryption","Off","Off","Off","Off","251.1","1","Off","Off","Off","Off","Off","Off","1","0","Off","0","0","0","0","0","0"
"1093","Marine 01A","156.05000","156.05000","A-Analog","High","25K","Off","Off","Local","Group Call","9","KC1JMH / Brad Br","Off","Carrier","Off","1","1","1","Off","1","1","None","None","Off","Off","Off","Off","Normal Encryption","Off","Off","Off","Off","251.1","1","Off","Off","Off","Off","Off","Off","1","0","Off","0","0","0","0","0","0"
"1094","Marine 05A","156.25000","156.25000","A-Analog","High","25K","Off","Off","Local","Group Call","9","KC1JMH / Brad Br","Off","Carrier","Off","1","1","1","Off","1","1","None","None","Off","Off","Off","Off","Normal Encryption","Off","Off","Off","Off","251.1","1","Off","Off","Off","Off","Off","Off","1","0","Off","0","0","0","0","0","0"
"1095","Marine 6","156.30000","156.30000","A-Analog","High","25K","Off","Off","Local","Group Call","9","KC1JMH / Brad Br","Off","Carrier","Off","1","1","1","Off","1","1","None","None","Off","Off","Off","Off","Normal Encryption","Off","Off","Off","Off","251.1","1","Off","Off","Off","Off","Off","Off","1","0","Off","0","0","0","0","0","0"
"1096","Marine 07A","156.35000","156.35000","A-Analog","High","25K","Off","Off","Local","Group Call","9","KC1JMH / Brad Br","Off","Carrier","Off","1","1","1","Off","1","1","None","None","Off","Off","Off","Off","Normal Encryption","Off","Off","Off","Off","251.1","1","Off","Off","Off","Off","Off","Off","1","0","Off","0","0","0","0","0","0"
"1097","Marine 8","156.40000","156.40000","A-Analog","High","25K","Off","Off","Local","Group Call","9","KC1JMH / Brad Br","Off","Carrier","Off","1","1","1","Off","1","1","None","None","Off","Off","Off","Off","Normal Encryption","Off","Off","Off","Off","251.1","1","Off","Off","Off","Off","Off","Off","1","0","Off","0","0","0","0","0","0"
"1098","Marine 9","156.45000","156.45000","A-Analog","High","25K","Off","Off","Local","Group Call","9","KC1JMH / Brad Br","Off","Carrier","Off","1","1","1","Off","1","1","None","None","Off","Off","Off","Off","Normal Encryption","Off","Off","Off","Off","251.1","1","Off","Off","Off","Off","Off","Off","1","0","Off","0","0","0","0","0","0"
"1099","Marine 10","156.50000","156.50000","A-Analog","High","25K","Off","Off","Local","Group Call","9","KC1JMH / Brad Br","Off","Carrier","Off","1","1","1","Off","1","1","None","None","Off","Off","Off","Off","Normal Encryption","Off","Off","Off","Off","251.1","1","Off","Off","Off","Off","Off","Off","1","0","Off","0","0","0","0","0","0"
"1100","Marine 11","156.55000","156.55000","A-Analog","High","25K","Off","Off","Local","Group Call","9","KC1JMH / Brad Br","Off","Carrier","Off","1","1","1","Off","1","1","None","None","Off","Off","Off","Off","Normal Encryption","Off","Off","Off","Off","251.1","1","Off","Off","Off","Off","Off","Off","1","0","Off","0","0","0","0","0","0"
"1101","Marine 12","156.60000","156.60000","A-Analog","High","25K","Off","Off","Local","Group Call","9","KC1JMH / Brad Br","Off","Carrier","Off","1","1","1","Off","1","1","None","None","Off","Off","Off","Off","Normal Encryption","Off","Off","Off","Off","251.1","1","Off","Off","Off","Off","Off","Off","1","0","Off","0","0","0","0","0","0"
"1102","Marine 13","156.65000","156.65000","A-Analog","High","25K","Off","Off","Local","Group Call","9","KC1JMH / Brad Br","Off","Carrier","Off","1","1","1","Off","1","1","None","None","Off","Off","Off","Off","Normal Encryption","Off","Off","Off","Off","251.1","1","Off","Off","Off","Off","Off","Off","1","0","Off","0","0","0","0","0","0"
"1103","Marine 14","156.70000","156.70000","A-Analog","High","25K","Off","Off","Local","Group Call","9","KC1JMH / Brad Br","Off","Carrier","Off","1","1","1","Off","1","1","None","None","Off","Off","Off","Off","Normal Encryption","Off","Off","Off","Off","251.1","1","Off","Off","Off","Off","Off","Off","1","0","Off","0","0","0","0","0","0"
"1104","Marine 15","156.75000","156.75000","A-Analog","High","25K","Off","Off","Local","Group Call","9","KC1JMH / Brad Br","Off","Carrier","Off","1","1","1","Off","1","1","None","None","On","Off","Off","Off","Normal Encryption","Off","Off","Off","Off","251.1","1","Off","Off","Off","Off","Off","Off","1","0","Off","0","0","0","0","0","0"
"1105","Marine 16","156.80000","156.80000","A-Analog","High","25K","Off","Off","Local","Group Call","9","KC1JMH / Brad Br","Off","Carrier","Off","1","1","1","Off","1","1","None","None","Off","Off","Off","Off","Normal Encryption","Off","Off","Off","Off","251.1","1","Off","Off","Off","Off","Off","Off","1","0","Off","0","0","0","0","0","0"
"1106","Marine 17","156.85000","156.85000","A-Analog","High","25K","Off","Off","Local","Group Call","9","KC1JMH / Brad Br","Off","Carrier","Off","1","1","1","Off","1","1","None","None","Off","Off","Off","Off","Normal Encryption","Off","Off","Off","Off","251.1","1","Off","Off","Off","Off","Off","Off","1","0","Off","0","0","0","0","0","0"
"1107","Marine 18A","156.90000","156.90000","A-Analog","High","25K","Off","Off","Local","Group Call","9","KC1JMH / Brad Br","Off","Carrier","Off","1","1","1","Off","1","1","None","None","Off","Off","Off","Off","Normal Encryption","Off","Off","Off","Off","251.1","1","Off","Off","Off","Off","Off","Off","1","0","Off","0","0","0","0","0","0"
"1108","Marine 19A","156.95000","156.95000","A-Analog","High","25K","Off","Off","Local","Group Call","9","KC1JMH / Brad Br","Off","Carrier","Off","1","1","1","Off","1","1","None","None","Off","Off","Off","Off","Normal Encryption","Off","Off","Off","Off","251.1","1","Off","Off","Off","Off","Off","Off","1","0","Off","0","0","0","0","0","0"
"1109","Marine 20","161.60000","157.00000","A-Analog","High","25K","Off","Off","Local","Group Call","9","KC1JMH / Brad Br","Off","Carrier","Off","1","1","1","Off","1","1","None","None","Off","Off","Off","Off","Normal Encryption","Off","Off","Off","Off","251.1","1","Off","Off","Off","Off","Off","Off","1","0","Off","0","0","0","0","0","0"
"1110","Marine 20A","157.00000","157.00000","A-Analog","High","25K","Off","Off","Local","Group Call","9","KC1JMH / Brad Br","Off","Carrier","Off","1","1","1","Off","1","1","None","None","Off","Off","Off","Off","Normal Encryption","Off","Off","Off","Off","251.1","1","Off","Off","Off","Off","Off","Off","1","0","Off","0","0","0","0","0","0"
"1111","Marine 21A","157.05000","157.05000","A-Analog","High","25K","Off","Off","Local","Group Call","9","KC1JMH / Brad Br","Off","Carrier","Off","1","1","1","Off","1","1","None","None","Off","Off","Off","Off","Normal Encryption","Off","Off","Off","Off","251.1","1","Off","Off","Off","Off","Off","Off","1","0","Off","0","0","0","0","0","0"
"1112","Marine 22A","157.10000","157.10000","A-Analog","High","25K","Off","Off","Local","Group Call","9","KC1JMH / Brad Br","Off","Carrier","Off","1","1","1","Off","1","1","None","None","Off","Off","Off","Off","Normal Encryption","Off","Off","Off","Off","251.1","1","Off","Off","Off","Off","Off","Off","1","0","Off","0","0","0","0","0","0"
"1113","Marine 23A","157.15000","157.15000","A-Analog","High","25K","Off","Off","Local","Group Call","9","KC1JMH / Brad Br","Off","Carrier","Off","1","1","1","Off","1","1","None","None","Off","Off","Off","Off","Normal Encryption","Off","Off","Off","Off","251.1","1","Off","Off","Off","Off","Off","Off","1","0","Off","0","0","0","0","0","0"
"1114","Marine 24","161.80000","157.20000","A-Analog","High","25K","Off","Off","Local","Group Call","9","KC1JMH / Brad Br","Off","Carrier","Off","1","1","1","Off","1","1","None","None","Off","Off","Off","Off","Normal Encryption","Off","Off","Off","Off","251.1","1","Off","Off","Off","Off","Off","Off","1","0","Off","0","0","0","0","0","0"
"1115","Marine 25","161.85000","157.25000","A-Analog","High","25K","Off","Off","Local","Group Call","9","KC1JMH / Brad Br","Off","Carrier","Off","1","1","1","Off","1","1","None","None","Off","Off","Off","Off","Normal Encryption","Off","Off","Off","Off","251.1","1","Off","Off","Off","Off","Off","Off","1","0","Off","0","0","0","0","0","0"
"1116","Marine 26","161.90000","157.30000","A-Analog","High","25K","Off","Off","Local","Group Call","9","KC1JMH / Brad Br","Off","Carrier","Off","1","1","1","Off","1","1","None","None","Off","Off","Off","Off","Normal Encryption","Off","Off","Off","Off","251.1","1","Off","Off","Off","Off","Off","Off","1","0","Off","0","0","0","0","0","0"
"1117","Marine 27","161.95000","157.35000","A-Analog","High","25K","Off","Off","Local","Group Call","9","KC1JMH / Brad Br","Off","Carrier","Off","1","1","1","Off","1","1","None","None","Off","Off","Off","Off","Normal Encryption","Off","Off","Off","Off","251.1","1","Off","Off","Off","Off","Off","Off","1","0","Off","0","0","0","0","0","0"
"1118","Marine 28","162.00000","157.40000","A-Analog","High","25K","Off","Off","Local","Group Call","9","KC1JMH / Brad Br","Off","Carrier","Off","1","1","1","Off","1","1","None","None","Off","Off","Off","Off","Normal Encryption","Off","Off","Off","Off","251.1","1","Off","Off","Off","Off","Off","Off","1","0","Off","0","0","0","0","0","0"
"1119","Marine 63A","156.17500","156.17500","A-Analog","High","25K","Off","Off","Local","Group Call","9","KC1JMH / Brad Br","Off","Carrier","Off","1","1","1","Off","1","1","None","None","Off","Off","Off","Off","Normal Encryption","Off","Off","Off","Off","251.1","1","Off","Off","Off","Off","Off","Off","1","0","Off","0","0","0","0","0","0"
"1120","Marine 65A","156.27500","156.27500","A-Analog","High","25K","Off","Off","Local","Group Call","9","KC1JMH / Brad Br","Off","Carrier","Off","1","1","1","Off","1","1","None","None","Off","Off","Off","Off","Normal Encryption","Off","Off","Off","Off","251.1","1","Off","Off","Off","Off","Off","Off","1","0","Off","0","0","0","0","0","0"
"1121","Marine 66A","156.32500","156.32500","A-Analog","High","25K","Off","Off","Local","Group Call","9","KC1JMH / Brad Br","Off","Carrier","Off","1","1","1","Off","1","1","None","None","Off","Off","Off","Off","Normal Encryption","Off","Off","Off","Off","251.1","1","Off","Off","Off","Off","Off","Off","1","0","Off","0","0","0","0","0","0"
"1122","Marine 67","156.37500","156.37500","A-Analog","High","25K","Off","Off","Local","Group Call","9","KC1JMH / Brad Br","Off","Carrier","Off","1","1","1","Off","1","1","None","None","Off","Off","Off","Off","Normal Encryption","Off","Off","Off","Off","251.1","1","Off","Off","Off","Off","Off","Off","1","0","Off","0","0","0","0","0","0"
"1123","Marine 68","156.42500","156.42500","A-Analog","High","25K","Off","Off","Local","Group Call","9","KC1JMH / Brad Br","Off","Carrier","Off","1","1","1","Off","1","1","None","None","Off","Off","Off","Off","Normal Encryption","Off","Off","Off","Off","251.1","1","Off","Off","Off","Off","Off","Off","1","0","Off","0","0","0","0","0","0"
"1124","Marine 69","156.47500","156.47500","A-Analog","High","25K","Off","Off","Local","Group Call","9","KC1JMH / Brad Br","Off","Carrier","Off","1","1","1","Off","1","1","None","None","Off","Off","Off","Off","Normal Encryption","Off","Off","Off","Off","251.1","1","Off","Off","Off","Off","Off","Off","1","0","Off","0","0","0","0","0","0"
"1125","Marine 70","156.52500","156.52500","A-Analog","High","25K","Off","Off","Local","Group Call","9","KC1JMH / Brad Br","Off","Carrier","Off","1","1","1","Off","1","1","None","None","Off","Off","Off","Off","Normal Encryption","Off","Off","Off","Off","251.1","1","Off","Off","Off","Off","Off","Off","1","0","Off","0","0","0","0","0","0"
"1126","Marine 71","156.57500","156.57500","A-Analog","High","25K","Off","Off","Local","Group Call","9","KC1JMH / Brad Br","Off","Carrier","Off","1","1","1","Off","1","1","None","None","Off","Off","Off","Off","Normal Encryption","Off","Off","Off","Off","251.1","1","Off","Off","Off","Off","Off","Off","1","0","Off","0","0","0","0","0","0"
"1127","Marine 72","156.62500","156.62500","A-Analog","High","25K","Off","Off","Local","Group Call","9","KC1JMH / Brad Br","Off","Carrier","Off","1","1","1","Off","1","1","None","None","Off","Off","Off","Off","Normal Encryption","Off","Off","Off","Off","251.1","1","Off","Off","Off","Off","Off","Off","1","0","Off","0","0","0","0","0","0"
"1128","Marine 73","156.67500","156.67500","A-Analog","High","25K","Off","Off","Local","Group Call","9","KC1JMH / Brad Br","Off","Carrier","Off","1","1","1","Off","1","1","None","None","Off","Off","Off","Off","Normal Encryption","Off","Off","Off","Off","251.1","1","Off","Off","Off","Off","Off","Off","1","0","Off","0","0","0","0","0","0"
"1129","Marine 74","156.72500","156.72500","A-Analog","High","25K","Off","Off","Local","Group Call","9","KC1JMH / Brad Br","Off","Carrier","Off","1","1","1","Off","1","1","None","None","Off","Off","Off","Off","Normal Encryption","Off","Off","Off","Off","251.1","1","Off","Off","Off","Off","Off","Off","1","0","Off","0","0","0","0","0","0"
"1130","Marine 77","156.87500","156.87500","A-Analog","High","25K","Off","Off","Local","Group Call","9","KC1JMH / Brad Br","Off","Carrier","Off","1","1","1","Off","1","1","None","None","Off","Off","Off","Off","Normal Encryption","Off","Off","Off","Off","251.1","1","Off","Off","Off","Off","Off","Off","1","0","Off","0","0","0","0","0","0"
"1131","Marine 78A","156.92500","156.92500","A-Analog","High","25K","Off","Off","Local","Group Call","9","KC1JMH / Brad Br","Off","Carrier","Off","1","1","1","Off","1","1","None","None","Off","Off","Off","Off","Normal Encryption","Off","Off","Off","Off","251.1","1","Off","Off","Off","Off","Off","Off","1","0","Off","0","0","0","0","0","0"
"1132","Marine 79A","156.97500","156.97500","A-Analog","High","25K","Off","Off","Local","Group Call","9","KC1JMH / Brad Br","Off","Carrier","Off","1","1","1","Off","1","1","None","None","Off","Off","Off","Off","Normal Encryption","Off","Off","Off","Off","251.1","1","Off","Off","Off","Off","Off","Off","1","0","Off","0","0","0","0","0","0"
"1133","Marine 80A","157.02500","157.02500","A-Analog","High","25K","Off","Off","Local","Group Call","9","KC1JMH / Brad Br","Off","Carrier","Off","1","1","1","Off","1","1","None","None","Off","Off","Off","Off","Normal Encryption","Off","Off","Off","Off","251.1","1","Off","Off","Off","Off","Off","Off","1","0","Off","0","0","0","0","0","0"
"1134","Marine 81A","157.07500","157.07500","A-Analog","High","25K","Off","Off","Local","Group Call","9","KC1JMH / Brad Br","Off","Carrier","Off","1","1","1","Off","1","1","None","None","Off","Off","Off","Off","Normal Encryption","Off","Off","Off","Off","251.1","1","Off","Off","Off","Off","Off","Off","1","0","Off","0","0","0","0","0","0"
"1135","Marine 82A","157.12500","157.12500","A-Analog","High","25K","Off","Off","Local","Group Call","9","KC1JMH / Brad Br","Off","Carrier","Off","1","1","1","Off","1","1","None","None","Off","Off","Off","Off","Normal Encryption","Off","Off","Off","Off","251.1","1","Off","Off","Off","Off","Off","Off","1","0","Off","0","0","0","0","0","0"
"1136","Marine 83A","157.17500","157.17500","A-Analog","High","25K","Off","Off","Local","Group Call","9","KC1JMH / Brad Br","Off","Carrier","Off","1","1","1","Off","1","1","None","None","Off","Off","Off","Off","Normal Encryption","Off","Off","Off","Off","251.1","1","Off","Off","Off","Off","Off","Off","1","0","Off","0","0","0","0","0","0"
"1137","Marine 84","161.82500","157.22500","A-Analog","High","25K","Off","Off","Local","Group Call","9","KC1JMH / Brad Br","Off","Carrier","Off","1","1","1","Off","1","1","None","None","Off","Off","Off","Off","Normal Encryption","Off","Off","Off","Off","251.1","1","Off","Off","Off","Off","Off","Off","1","0","Off","0","0","0","0","0","0"
"1138","Marine 85","161.87500","157.27500","A-Analog","High","25K","Off","Off","Local","Group Call","9","KC1JMH / Brad Br","Off","Carrier","Off","1","1","1","Off","1","1","None","None","Off","Off","Off","Off","Normal Encryption","Off","Off","Off","Off","251.1","1","Off","Off","Off","Off","Off","Off","1","0","Off","0","0","0","0","0","0"
"1139","Marine 86","161.92500","157.32500","A-Analog","High","25K","Off","Off","Local","Group Call","9","KC1JMH / Brad Br","Off","Carrier","Off","1","1","1","Off","1","1","None","None","Off","Off","Off","Off","Normal Encryption","Off","Off","Off","Off","251.1","1","Off","Off","Off","Off","Off","Off","1","0","Off","0","0","0","0","0","0"
"1140","Marine 87","157.37500","157.37500","A-Analog","High","25K","Off","Off","Local","Group Call","9","KC1JMH / Brad Br","Off","Carrier","Off","1","1","1","Off","1","1","None","None","Off","Off","Off","Off","Normal Encryption","Off","Off","Off","Off","251.1","1","Off","Off","Off","Off","Off","Off","1","0","Off","0","0","0","0","0","0"
"1141","Marine 88","157.42500","157.42500","A-Analog","High","25K","Off","Off","Local","Group Call","9","KC1JMH / Brad Br","Off","Carrier","Off","1","1","1","Off","1","1","None","None","Off","Off","Off","Off","Normal Encryption","Off","Off","Off","Off","251.1","1","Off","Off","Off","Off","Off","Off","1","0","Off","0","0","0","0","0","0"
"1142","Marine AIS 1","161.97500","161.97500","A-Analog","High","25K","Off","Off","Local","Group Call","9","KC1JMH / Brad Br","Off","Carrier","Off","1","1","1","Off","1","1","None","None","Off","Off","Off","Off","Normal Encryption","Off","Off","Off","Off","251.1","1","Off","Off","Off","Off","Off","Off","1","0","Off","0","0","0","0","0","0"
"1143","Marine AIS 2","162.02500","162.02500","A-Analog","High","25K","Off","Off","Local","Group Call","9","KC1JMH / Brad Br","Off","Carrier","Off","1","1","1","Off","1","1","None","None","Off","Off","Off","Off","Normal Encryption","Off","Off","Off","Off","251.1","1","Off","Off","Off","Off","Off","Off","1","0","Off","0","0","0","0","0","0"
"1144","GMRS 1","462.56250","462.56250","A-Analog","High","25K","Off","Off","Local","Group Call","9","KC1JMH / Brad Br","Off","Carrier","Off","1","1","1","Off","1","1","GMRS","None","Off","Off","Off","Off","Normal Encryption","Off","Off","Off","Off","251.1","1","Off","Off","Off","Off","Off","Off","1","0","Off","0","0","0","0","0","0"
"1145","GMRS 2","462.58750","462.58750","A-Analog","High","25K","Off","Off","Local","Group Call","9","KC1JMH / Brad Br","Off","Carrier","Off","1","1","1","Off","1","1","GMRS","None","Off","Off","Off","Off","Normal Encryption","Off","Off","Off","Off","251.1","1","Off","Off","Off","Off","Off","Off","1","0","Off","0","0","0","0","0","0"
"1146","GMRS 3","462.61250","462.61250","A-Analog","High","25K","Off","Off","Local","Group Call","9","KC1JMH / Brad Br","Off","Carrier","Off","1","1","1","Off","1","1","GMRS","None","Off","Off","Off","Off","Normal Encryption","Off","Off","Off","Off","251.1","1","Off","Off","Off","Off","Off","Off","1","0","Off","0","0","0","0","0","0"
"1147","GMRS 4","462.63750","462.63750","A-Analog","High","25K","Off","Off","Local","Group Call","9","KC1JMH / Brad Br","Off","Carrier","Off","1","1","1","Off","1","1","GMRS","None","Off","Off","Off","Off","Normal Encryption","Off","Off","Off","Off","251.1","1","Off","Off","Off","Off","Off","Off","1","0","Off","0","0","0","0","0","0"
"1148","GMRS 5","462.66250","462.66250","A-Analog","High","25K","Off","Off","Local","Group Call","9","KC1JMH / Brad Br","Off","Carrier","Off","1","1","1","Off","1","1","GMRS","None","Off","Off","Off","Off","Normal Encryption","Off","Off","Off","Off","251.1","1","Off","Off","Off","Off","Off","Off","1","0","Off","0","0","0","0","0","0"
"1149","GMRS 6","462.68750","462.68750","A-Analog","High","25K","Off","Off","Local","Group Call","9","KC1JMH / Brad Br","Off","Carrier","Off","1","1","1","Off","1","1","GMRS","None","Off","Off","Off","Off","Normal Encryption","Off","Off","Off","Off","251.1","1","Off","Off","Off","Off","Off","Off","1","0","Off","0","0","0","0","0","0"
"1150","GMRS 7","462.71250","462.71250","A-Analog","High","25K","Off","Off","Local","Group Call","9","KC1JMH / Brad Br","Off","Carrier","Off","1","1","1","Off","1","1","GMRS","None","Off","Off","Off","Off","Normal Encryption","Off","Off","Off","Off","251.1","1","Off","Off","Off","Off","Off","Off","1","0","Off","0","0","0","0","0","0"
"1151","GMRS 8","467.56250","467.56250","A-Analog","Low","12.5K","Off","Off","Local","Group Call","9","KC1JMH / Brad Br","Off","Carrier","Off","1","1","1","Off","1","1","GMRS","None","Off","Off","Off","Off","Normal Encryption","Off","Off","Off","Off","251.1","1","Off","Off","Off","Off","Off","Off","1","0","Off","0","0","0","0","0","0"
"1152","GMRS 9","467.58750","467.58750","A-Analog","Low","12.5K","Off","Off","Local","Group Call","9","KC1JMH / Brad Br","Off","Carrier","Off","1","1","1","Off","1","1","GMRS","None","Off","Off","Off","Off","Normal Encryption","Off","Off","Off","Off","251.1","1","Off","Off","Off","Off","Off","Off","1","0","Off","0","0","0","0","0","0"
"1153","GMRS 10","467.61250","467.61250","A-Analog","Low","12.5K","Off","Off","Local","Group Call","9","KC1JMH / Brad Br","Off","Carrier","Off","1","1","1","Off","1","1","GMRS","None","Off","Off","Off","Off","Normal Encryption","Off","Off","Off","Off","251.1","1","Off","Off","Off","Off","Off","Off","1","0","Off","0","0","0","0","0","0"
"1154","GMRS 11","467.63750","467.63750","A-Analog","Low","12.5K","Off","Off","Local","Group Call","9","KC1JMH / Brad Br","Off","Carrier","Off","1","1","1","Off","1","1","GMRS","None","Off","Off","Off","Off","Normal Encryption","Off","Off","Off","Off","251.1","1","Off","Off","Off","Off","Off","Off","1","0","Off","0","0","0","0","0","0"
"1155","GMRS 12","467.66250","467.66250","A-Analog","Low","12.5K","Off","Off","Local","Group Call","9","KC1JMH / Brad Br","Off","Carrier","Off","1","1","1","Off","1","1","GMRS","None","Off","Off","Off","Off","Normal Encryption","Off","Off","Off","Off","251.1","1","Off","Off","Off","Off","Off","Off","1","0","Off","0","0","0","0","0","0"
"1156","GMRS 13","467.68750","467.68750","A-Analog","Low","12.5K","Off","Off","Local","Group Call","9","KC1JMH / Brad Br","Off","Carrier","Off","1","1","1","Off","1","1","GMRS","None","Off","Off","Off","Off","Normal Encryption","Off","Off","Off","Off","251.1","1","Off","Off","Off","Off","Off","Off","1","0","Off","0","0","0","0","0","0"
"1157","GMRS 14","467.71250","467.71250","A-Analog","Low","12.5K","Off","Off","Local","Group Call","9","KC1JMH / Brad Br","Off","Carrier","Off","1","1","1","Off","1","1","GMRS","None","Off","Off","Off","Off","Normal Encryption","Off","Off","Off","Off","251.1","1","Off","Off","Off","Off","Off","Off","1","0","Off","0","0","0","0","0","0"
"1158","GMRS 15-1","462.55000","462.55000","A-Analog","High","25K","Off","Off","Local","Group Call","9","KC1JMH / Brad Br","Off","Carrier","Off","1","1","1","Off","1","1","GMRS","None","Off","Off","Off","Off","Normal Encryption","Off","Off","Off","Off","251.1","1","Off","Off","Off","Off","Off","Off","1","0","Off","0","0","0","0","0","0"
"1159","GMRS 16-2","462.57500","462.57500","A-Analog","High","25K","Off","Off","Local","Group Call","9","KC1JMH / Brad Br","Off","Carrier","Off","1","1","1","Off","1","1","GMRS","None","Off","Off","Off","Off","Normal Encryption","Off","Off","Off","Off","251.1","1","Off","Off","Off","Off","Off","Off","1","0","Off","0","0","0","0","0","0"
"1160","GMRS 17-3","462.60000","462.60000","A-Analog","High","25K","Off","Off","Local","Group Call","9","KC1JMH / Brad Br","Off","Carrier","Off","1","1","1","Off","1","1","GMRS","None","Off","Off","Off","Off","Normal Encryption","Off","Off","Off","Off","251.1","1","Off","Off","Off","Off","Off","Off","1","0","Off","0","0","0","0","0","0"
"1161","GMRS 18-4","462.62500","462.62500","A-Analog","High","25K","Off","Off","Local","Group Call","9","KC1JMH / Brad Br","Off","Carrier","Off","1","1","1","Off","1","1","GMRS","None","Off","Off","Off","Off","Normal Encryption","Off","Off","Off","Off","251.1","1","Off","Off","Off","Off","Off","Off","1","0","Off","0","0","0","0","0","0"
"1162","GMRS 19-5","462.65000","462.65000","A-Analog","High","25K","Off","Off","Local","Group Call","9","KC1JMH / Brad Br","Off","Carrier","Off","1","1","1","Off","1","1","GMRS","None","Off","Off","Off","Off","Normal Encryption","Off","Off","Off","Off","251.1","1","Off","Off","Off","Off","Off","Off","1","0","Off","0","0","0","0","0","0"
"1163","GMRS 20-6","462.67500","462.67500","A-Analog","High","25K","Off","Off","Local","Group Call","9","KC1JMH / Brad Br","Off","Carrier","Off","1","1","1","Off","1","1","GMRS","None","Off","Off","Off","Off","Normal Encryption","Off","Off","Off","Off","251.1","1","Off","Off","Off","Off","Off","Off","1","0","Off","0","0","0","0","0","0"
"1164","GMRS 21-7","462.70000","462.70000","A-Analog","High","25K","Off","Off","Local","Group Call","9","KC1JMH / Brad Br","Off","Carrier","Off","1","1","1","Off","1","1","GMRS","None","Off","Off","Off","Off","Normal Encryption","Off","Off","Off","Off","251.1","1","Off","Off","Off","Off","Off","Off","1","0","Off","0","0","0","0","0","0"
"1165","GMRS 22-8","462.72500","462.72500","A-Analog","High","25K","Off","Off","Local","Group Call","9","KC1JMH / Brad Br","Off","Carrier","Off","1","1","1","Off","1","1","GMRS","None","Off","Off","Off","Off","Normal Encryption","Off","Off","Off","Off","251.1","1","Off","Off","Off","Off","Off","Off","1","0","Off","0","0","0","0","0","0"
"1166","Channel 1","440.00000","440.00000","D-Digital","High","12.5K","Off","Off","Local","Group Call","9","KC1JMH / Brad Br","Always","Carrier","Off","1","1","1","Off","1","1","None","None","Off","Off","Off","Off","Normal Encryption","Off","Off","Off","Off","251.1","1","Off","Off","Off","Off","Off","Off","1","0","Off","0","0","0","0","0","0"
"1167","MURS 1 (82)","151.82000","151.82000","A-Analog","Mid","12.5K","Off","Off","Local","Group Call","9","KC1JMH / Brad Br","Off","Carrier","Off","1","1","1","Off","1","1","MURS","None","Off","Off","Off","Off","Normal Encryption","Off","Off","Off","Off","251.1","0","Off","On","Off","Off","Off","Off","1","0","Off","0","0","0","0","0","0"
"1168","MURS 2 (88)","151.88000","151.88000","A-Analog","Mid","12.5K","Off","Off","Local","Group Call","9","KC1JMH / Brad Br","Off","Carrier","Off","1","1","1","Off","1","1","MURS","None","Off","Off","Off","Off","Normal Encryption","Off","Off","Off","Off","251.1","0","Off","On","Off","Off","Off","Off","1","0","Off","0","0","0","0","0","0"
"1169","MURS 3 (94)","151.94000","151.94000","A-Analog","Mid","12.5K","Off","Off","Local","Group Call","9","KC1JMH / Brad Br","Off","Carrier","Off","1","1","1","Off","1","1","MURS","None","Off","Off","Off","Off","Normal Encryption","Off","Off","Off","Off","251.1","0","Off","On","Off","Off","Off","Off","1","0","Off","0","0","0","0","0","0"
"1170","Blue Dot","154.57000","154.57000","A-Analog","Mid","25K","Off","Off","Local","Group Call","9","KC1JMH / Brad Br","Off","Carrier","Off","1","1","1","Off","1","1","MURS","None","Off","Off","Off","Off","Normal Encryption","Off","Off","Off","Off","251.1","0","Off","On","Off","Off","Off","Off","1","0","Off","0","0","0","0","0","0"
"1171","Green Dot","154.60000","154.60000","A-Analog","Mid","25K","Off","Off","Local","Group Call","9","KC1JMH / Brad Br","Off","Carrier","Off","1","1","1","Off","1","1","MURS","None","Off","Off","Off","Off","Normal Encryption","Off","Off","Off","Off","251.1","0","Off","On","Off","Off","Off","Off","1","0","Off","0","0","0","0","0","0"
"1172","W1IF Hebron ME","224.62000","223.02000","A-Analog","Turbo","25K","Off","103.5","Local","Group Call","9","KC1JMH / Brad Br","Off","Carrier","Off","1","1","1","Off","1","1","All Analog","None","Off","Off","Off","Off","Normal Encryption","Off","Off","Off","Off","251.1","0","Off","Off","Off","Off","Off","Off","1","0","Off","0","0","0","0","0","0"
"1173","KQ1L Augusta","224.72000","223.12000","A-Analog","Turbo","25K","Off","103.5","Local","Group Call","9","KC1JMH / Brad Br","Off","Carrier","Off","1","1","1","Off","1","1","All Analog","None","Off","Off","Off","Off","Normal Encryption","Off","Off","Off","Off","251.1","0","Off","Off","Off","Off","Off","Off","1","0","Off","0","0","0","0","0","0"
"1174","W1WU Osspee NH","224.60000","223.00000","A-Analog","Turbo","25K","Off","123.0","Local","Group Call","9","KC1JMH / Brad Br","Off","Carrier","Off","1","1","1","Off","1","1","NH Analog","None","Off","Off","Off","Off","Normal Encryption","Off","Off","Off","Off","251.1","0","Off","Off","Off","Off","Off","Off","1","0","Off","0","0","0","0","0","0"
"1175","K1EME Cannon Mt","224.08000","222.48000","A-Analog","Turbo","25K","Off","114.8","Local","Group Call","9","KC1JMH / Brad Br","Off","Carrier","Off","1","1","1","Off","1","1","All Analog","None","Off","Off","Off","Off","Normal Encryption","Off","Off","Off","Off","251.1","0","Off","Off","Off","Off","Off","Off","1","0","Off","0","0","0","0","0","0"
"1176","N1AKE Ptsfld NH","224.54000","222.94000","A-Analog","Turbo","25K","Off","Off","Local","Group Call","9","KC1JMH / Brad Br","Off","Carrier","Off","1","1","1","Off","1","1","NH Analog","None","Off","Off","Off","Off","Normal Encryption","Off","Off","Off","Off","251.1","0","Off","Off","Off","Off","Off","Off","1","0","Off","0","0","0","0","0","0"
"1177","N1KN Exeter NH","224.22000","222.62000","A-Analog","Turbo","25K","Off","67.0","Local","Group Call","9","KC1JMH / Brad Br","Off","Carrier","Off","1","1","1","Off","1","1","NH Analog","None","Off","Off","Off","Off","Normal Encryption","Off","Off","Off","Off","251.1","0","Off","Off","Off","Off","Off","Off","1","0","Off","0","0","0","0","0","0"
"1178","Corinna 220","224.84000","223.24000","A-Analog","High","25K","Off","103.5","Local","Group Call","9","KC1JMH / Brad Br","Off","Carrier","Off","1","1","1","Off","1","1","Northern ME","None","Off","Off","Off","Off","Normal Encryption","Off","Off","Off","Off","251.1","0","Off","Off","Off","Off","Off","Off","1","0","Off","0","0","0","0","0","0"
"1179","Corinna 440","449.72500","444.72500","A-Analog","Turbo","25K","Off","103.5","Local","Group Call","9","KC1JMH / Brad Br","Off","Carrier","Off","1","1","1","Off","1","1","Northern ME","None","Off","Off","Off","Off","Normal Encryption","Off","Off","Off","Off","251.1","0","Off","Off","Off","Off","Off","Off","1","0","Off","0","0","0","0","0","0"
"1180","KA1EKS Millinckt","145.25000","144.65000","A-Analog","Turbo","25K","Off","100.0","Local","Group Call","9","KC1JMH / Brad Br","Off","Carrier","Off","1","1","1","Off","1","1","Northern ME","None","Off","Off","Off","Off","Normal Encryption","Off","Off","Off","Off","251.1","0","Off","Off","Off","Off","Off","Off","1","0","Off","0","0","0","0","0","0"
"1181","KQ1L Lincoln","147.00000","147.60000","A-Analog","Turbo","25K","Off","100.0","Local","Group Call","9","KC1JMH / Brad Br","Off","Carrier","Off","1","1","1","Off","1","1","Northern ME","None","Off","Off","Off","Off","Normal Encryption","Off","Off","Off","Off","251.1","0","Off","Off","Off","Off","Off","Off","1","0","Off","0","0","0","0","0","0"
"1182","N1BUG Brownville","147.10500","147.70500","A-Analog","Turbo","25K","Off","103.5","Local","Group Call","9","KC1JMH / Brad Br","Off","Carrier","Off","1","1","1","Off","1","1","Northern ME","None","Off","Off","Off","Off","Normal Encryption","Off","Off","Off","Off","251.1","0","Off","Off","Off","Off","Off","Off","1","0","Off","0","0","0","0","0","0"
"1183","K1PQ Brownville","444.95000","449.95000","A-Analog","Turbo","25K","Off","103.5","Local","Group Call","9","KC1JMH / Brad Br","Off","Carrier","Off","1","1","1","Off","1","1","Northern ME","None","Off","Off","Off","Off","Normal Encryption","Off","Off","Off","Off","251.1","0","Off","Off","Off","Off","Off","Off","1","0","Off","0","0","0","0","0","0"
"1184","KB1ZQY Milo","147.15000","147.75000","A-Analog","Turbo","25K","Off","123.0","Local","Group Call","9","KC1JMH / Brad Br","Off","Carrier","Off","1","1","1","Off","1","1","Northern ME","None","Off","Off","Off","Off","Normal Encryption","Off","Off","Off","Off","251.1","0","Off","Off","Off","Off","Off","Off","1","0","Off","0","0","0","0","0","0"
"1185","AA1PN Exeter","224.24000","222.64000","A-Analog","Turbo","25K","Off","103.5","Local","Group Call","9","KC1JMH / Brad Br","Off","Carrier","Off","1","1","1","Off","1","1","All Analog","None","Off","Off","Off","Off","Normal Encryption","Off","Off","Off","Off","251.1","0","Off","Off","Off","Off","Off","Off","1","0","Off","0","0","0","0","0","0"
"1186","1.25m Calling","223.50000","223.50000","A-Analog","High","25K","Off","Off","Local","Group Call","9","KC1JMH / Brad Br","Off","Carrier","Off","1","1","1","Off","1","1","None","None","Off","Off","Off","Off","Normal Encryption","Off","Off","Off","Off","251.1","0","Off","Off","Off","Off","Off","Off","1","0","Off","0","0","0","0","0","0"
"1187","SHPME Audio Chck","145.11000","144.51000","D-Digital","High","12.5K","Off","Off","Audio Check","Group Call","9999","KC1JMH / Brad Br","Always","Carrier","Off","1","1","1","Off","4","1","None","None","Off","Off","Off","Off","Normal Encryption","Off","Off","Off","Off","251.1","1","Off","Off","Off","Off","Off","Off","1","0","Off","0","0","0","0","0","0"
"1188","Waterboro-575","462.57500","467.57500","A-Analog","High","25K","Off","192.8","Local","Group Call","9","KC1JMH / Brad Br","Off","Carrier","Off","1","1","1","Off","1","1","GMRS","None","Off","Off","Off","Off","Normal Encryption","Off","Off","Off","Off","251.1","0","Off","Off","Off","Off","Off","Off","1","0","Off","0","0","0","0","0","0"
"1189","Hiram-575","462.57500","467.57500","A-Analog","High","25K","Off","156.7","Local","Group Call","9","KC1JMH / Brad Br","Off","Carrier","Off","1","1","1","Off","1","1","GMRS","None","Off","Off","Off","Off","Normal Encryption","Off","Off","Off","Off","251.1","0","Off","Off","Off","Off","Off","Off","1","150","Off","0","0","0","0","0","0"
"1190","Shapleigh-Pub","462.60000","467.60000","A-Analog","High","25K","Off","162.2","Local","Group Call","9","KC1JMH / Brad Br","Off","Carrier","Off","1","1","1","Off","1","1","GMRS","None","Off","Off","Off","Off","Normal Encryption","Off","Off","Off","Off","251.1","0","Off","Off","Off","Off","Off","Off","1","0","Off","0","0","0","0","0","0"
"1191","Shapleigh-Fam","462.60000","467.60000","A-Analog","High","25K","Off","88.5","Local","Group Call","9","KC1JMH / Brad Br","Off","Carrier","Off","1","1","1","Off","1","1","GMRS","None","Off","Off","Off","Off","Normal Encryption","Off","Off","Off","Off","251.1","0","Off","Off","Off","Off","Off","Off","1","0","Off","0","0","0","0","0","0"
"1192","Falmouth-650","462.65000","467.50000","A-Analog","High","25K","Off","156.7","Local","Group Call","9","KC1JMH / Brad Br","Off","Carrier","Off","1","1","1","Off","1","1","GMRS","None","Off","Off","Off","Off","Normal Encryption","Off","Off","Off","Off","251.1","0","Off","Off","Off","Off","Off","Off","1","0","Off","0","0","0","0","0","0"
"1193","Woodstock-675","462.67500","467.67500","A-Analog","High","25K","Off","156.7","Local","Group Call","9","KC1JMH / Brad Br","Off","Carrier","Off","1","1","1","Off","1","1","GMRS","None","Off","Off","Off","Off","Normal Encryption","Off","Off","Off","Off","251.1","0","Off","Off","Off","Off","Off","Off","1","0","Off","0","0","0","0","0","0"
"1194","Brunswick-700","462.70000","467.70000","A-Analog","High","25K","Off","114.8","Local","Group Call","9","KC1JMH / Brad Br","Off","Carrier","Off","1","1","1","Off","1","1","GMRS","None","Off","Off","Off","Off","Normal Encryption","Off","Off","Off","Off","251.1","0","Off","Off","Off","Off","Off","Off","1","0","Off","0","0","0","0","0","0"
"1195","Milton-700","462.70000","467.70000","A-Analog","High","25K","Off","250.3","Local","Group Call","9","KC1JMH / Brad Br","Off","Carrier","Off","1","1","1","Off","1","1","GMRS","None","Off","Off","Off","Off","Normal Encryption","Off","Off","Off","Off","251.1","0","Off","Off","Off","Off","Off","Off","1","0","Off","0","0","0","0","0","0"
"1196","Ossipee-550","462.55000","467.55000","A-Analog","High","25K","Off","156.7","Local","Group Call","9","KC1JMH / Brad Br","Off","Carrier","Off","1","1","1","Off","1","1","GMRS","None","Off","Off","Off","Off","Normal Encryption","Off","Off","Off","Off","251.1","0","Off","Off","Off","Off","Off","Off","1","150","Off","0","0","0","0","0","0"
"1197","Portland-725","462.72500","467.72500","A-Analog","High","25K","Off","156.7","Local","Group Call","9","KC1JMH / Brad Br","Off","Carrier","Off","1","1","1","Off","1","1","GMRS","None","Off","Off","Off","Off","Normal Encryption","Off","Off","Off","Off","251.1","0","Off","Off","Off","Off","Off","Off","1","0","Off","0","0","0","0","0","0"
"1198","Gray-625","462.62500","467.62500","A-Analog","High","25K","Off","179.9","Local","Group Call","9","KC1JMH / Brad Br","Off","Carrier","Off","1","1","1","Off","1","1","GMRS","None","Off","Off","Off","Off","Normal Encryption","Off","Off","Off","Off","251.1","0","Off","Off","Off","Off","Off","Off","1","0","Off","0","0","0","0","0","0"
"1199","WS1EC","449.22500","444.22500","A-Analog","High","25K","103.5","103.5","Local","Group Call","9","KC1JMH / Brad Br","Off","Carrier","Off","1","1","1","Off","1","1","Southern ME","None","Off","Off","Off","Off","Normal Encryption","Off","Off","Off","Off","251.1","0","Off","Off","Off","Off","Off","Off","1","0","Off","0","0","0","0","0","0"
"1200","CCEMA DIR","155.76000","155.76000","A-Analog","High","12.5K","192.8","192.8","Local","Group Call","9","KC1JMH / Brad Br","Off","Carrier","Off","1","1","1","Off","1","1","None","None","Off","Off","Off","Off","Normal Encryption","Off","Off","Off","Off","131.8","1","Off","Off","Off","Off","Off","Off","1","0","Off","0","0","0","0","0","0"
"1201","CCEMA RPTR","155.76000","155.10000","A-Analog","High","12.5K","192.8","91.5","Local","Group Call","9","KC1JMH / Brad Br","Off","Carrier","Off","1","1","1","Off","1","1","None","None","Off","Off","Off","Off","Normal Encryption","Off","Off","Off","Off","131.8","1","Off","Off","Off","Off","Off","Off","1","0","Off","0","0","0","0","0","0"
"1202","CCEMA TAC 1","155.10000","155.10000","A-Analog","High","12.5K","173.8","173.8","Local","Group Call","9","KC1JMH / Brad Br","Off","Carrier","Off","1","1","1","Off","1","1","None","None","Off","Off","Off","Off","Normal Encryption","Off","Off","Off","Off","131.8","1","Off","Off","Off","Off","Off","Off","1","0","Off","0","0","0","0","0","0"
"1203","CCEMA TAC 2","155.64000","155.64000","A-Analog","High","12.5K","173.8","173.8","Local","Group Call","9","KC1JMH / Brad Br","Off","Carrier","Off","1","1","1","Off","1","1","None","None","Off","Off","Off","Off","Normal Encryption","Off","Off","Off","Off","131.8","1","Off","Off","Off","Off","Off","Off","1","0","Off","0","0","0","0","0","0"
"1204","CCEMA TAC 3","155.68500","155.68500","A-Analog","High","12.5K","173.8","173.8","Local","Group Call","9","KC1JMH / Brad Br","Off","Carrier","Off","1","1","1","Off","1","1","None","None","Off","Off","Off","Off","Normal Encryption","Off","Off","Off","Off","131.8","1","Off","Off","Off","Off","Off","Off","1","0","Off","0","0","0","0","0","0"
"1205","CCEMA TAC 4","155.95500","155.95500","A-Analog","High","12.5K","173.8","173.8","Local","Group Call","9","KC1JMH / Brad Br","Off","Carrier","Off","1","1","1","Off","1","1","None","None","Off","Off","Off","Off","Normal Encryption","Off","Off","Off","Off","131.8","1","Off","Off","Off","Off","Off","Off","1","0","Off","0","0","0","0","0","0"
"1206","CCEMA TAC 5","155.37000","155.37000","A-Analog","High","12.5K","173.8","173.8","Local","Group Call","9","KC1JMH / Brad Br","Off","Carrier","Off","1","1","1","Off","1","1","None","None","Off","Off","Off","Off","Normal Encryption","Off","Off","Off","Off","131.8","1","Off","Off","Off","Off","Off","Off","1","0","Off","0","0","0","0","0","0"
"1207","C1 SWSP","155.71000","155.71000","A-Analog","High","12.5K","Off","192.8","Local","Group Call","9","KC1JMH / Brad Br","Off","Carrier","Off","1","1","1","Off","1","1","None","None","Off","Off","Off","Off","Normal Encryption","Off","Off","Off","Off","131.8","1","Off","Off","Off","Off","Off","Off","1","0","Off","0","0","0","0","0","0"
"1208","C2 NWC/C","155.47500","155.47500","A-Analog","High","12.5K","Off","192.8","Local","Group Call","9","KC1JMH / Brad Br","Off","Carrier","Off","1","1","1","Off","1","1","None","None","Off","Off","Off","Off","Normal Encryption","Off","Off","Off","Off","131.8","1","Off","Off","Off","Off","Off","Off","1","0","Off","0","0","0","0","0","0"
"1209","C3 EMS2 LASR","155.16000","155.16000","A-Analog","High","12.5K","Off","156.7","Local","Group Call","9","KC1JMH / Brad Br","Off","Carrier","Off","1","1","1","Off","1","1","None","None","Off","Off","Off","Off","Normal Encryption","Off","Off","Off","Off","131.8","1","Off","Off","Off","Off","Off","Off","1","0","Off","0","0","0","0","0","0"
"1210","C4 SPC/C","154.93500","154.93500","A-Analog","High","12.5K","Off","192.8","Local","Group Call","9","KC1JMH / Brad Br","Off","Carrier","Off","1","1","1","Off","1","1","None","None","Off","Off","Off","Off","Normal Encryption","Off","Off","Off","Off","131.8","1","Off","Off","Off","Off","Off","Off","1","0","Off","0","0","0","0","0","0"
"1211","C5 ST FIRE","154.31000","154.31000","A-Analog","High","12.5K","Off","192.8","Local","Group Call","9","KC1JMH / Brad Br","Off","Carrier","Off","1","1","1","Off","1","1","None","None","Off","Off","Off","Off","Normal Encryption","Off","Off","Off","Off","131.8","1","Off","Off","Off","Off","Off","Off","1","0","Off","0","0","0","0","0","0"
"1212","C6 SWC/C","154.69500","154.69500","A-Analog","High","12.5K","Off","192.8","Local","Group Call","9","KC1JMH / Brad Br","Off","Carrier","Off","1","1","1","Off","1","1","None","None","Off","Off","Off","Off","Normal Encryption","Off","Off","Off","Off","131.8","1","Off","Off","Off","Off","Off","Off","1","0","Off","0","0","0","0","0","0"
"1213","C7 VCALL 10","155.75250","155.75250","A-Analog","High","12.5K","Off","156.7","Local","Group Call","9","KC1JMH / Brad Br","Off","Carrier","Off","1","1","1","Off","1","1","None","None","Off","Off","Off","Off","Normal Encryption","Off","Off","Off","Off","131.8","1","Off","Off","Off","Off","Off","Off","1","0","Off","0","0","0","0","0","0"
"1214","VTAC 11","151.13750","151.13750","A-Analog","High","12.5K","Off","156.7","Local","Group Call","9","KC1JMH / Brad Br","Off","Carrier","Off","1","1","1","Off","1","1","None","None","Off","Off","Off","Off","Normal Encryption","Off","Off","Off","Off","131.8","1","Off","Off","Off","Off","Off","Off","1","0","Off","0","0","0","0","0","0"
"1215","VTAC 12","154.45250","154.45250","A-Analog","High","12.5K","Off","156.7","Local","Group Call","9","KC1JMH / Brad Br","Off","Carrier","Off","1","1","1","Off","1","1","None","None","Off","Off","Off","Off","Normal Encryption","Off","Off","Off","Off","131.8","1","Off","Off","Off","Off","Off","Off","1","0","Off","0","0","0","0","0","0"
"1216","VTAC 13","158.73750","158.73750","A-Analog","High","12.5K","Off","156.7","Local","Group Call","9","KC1JMH / Brad Br","Off","Carrier","Off","1","1","1","Off","1","1","None","None","Off","Off","Off","Off","Normal Encryption","Off","Off","Off","Off","131.8","1","Off","Off","Off","Off","Off","Off","1","0","Off","0","0","0","0","0","0"
"1217","VTAC 14","159.47250","159.47250","A-Analog","High","12.5K","Off","156.7","Local","Group Call","9","KC1JMH / Brad Br","Off","Carrier","Off","1","1","1","Off","1","1","None","None","Off","Off","Off","Off","Normal Encryption","Off","Off","Off","Off","131.8","1","Off","Off","Off","Off","Off","Off","1","0","Off","0","0","0","0","0","0"
"1218","VTAC 33","159.47250","151.13750","A-Analog","High","12.5K","156.7","136.5","Local","Group Call","9","KC1JMH / Brad Br","Off","Carrier","Off","1","1","1","Off","1","1","None","None","Off","Off","Off","Off","Normal Encryption","Off","Off","Off","Off","131.8","1","Off","Off","Off","Off","Off","Off","1","0","Off","0","0","0","0","0","0"
"1219","VTAC 34","158.73750","154.45250","A-Analog","High","12.5K","156.7","136.5","Local","Group Call","9","KC1JMH / Brad Br","Off","Carrier","Off","1","1","1","Off","1","1","None","None","Off","Off","Off","Off","Normal Encryption","Off","Off","Off","Off","131.8","1","Off","Off","Off","Off","Off","Off","1","0","Off","0","0","0","0","0","0"
"1220","VTAC 35","159.47250","158.73750","A-Analog","High","12.5K","156.7","136.5","Local","Group Call","9","KC1JMH / Brad Br","Off","Carrier","Off","1","1","1","Off","1","1","None","None","Off","Off","Off","Off","Normal Encryption","Off","Off","Off","Off","131.8","1","Off","Off","Off","Off","Off","Off","1","0","Off","0","0","0","0","0","0"
"1221","VTAC 36","151.13750","159.47250","A-Analog","High","12.5K","156.7","136.5","Local","Group Call","9","KC1JMH / Brad Br","Off","Carrier","Off","1","1","1","Off","1","1","None","None","Off","Off","Off","Off","Normal Encryption","Off","Off","Off","Off","131.8","1","Off","Off","Off","Off","Off","Off","1","0","Off","0","0","0","0","0","0"
"1222","VTAC 37","154.45250","158.73750","A-Analog","High","12.5K","156.7","136.5","Local","Group Call","9","KC1JMH / Brad Br","Off","Carrier","Off","1","1","1","Off","1","1","None","None","Off","Off","Off","Off","Normal Encryption","Off","Off","Off","Off","131.8","1","Off","Off","Off","Off","Off","Off","1","0","Off","0","0","0","0","0","0"
"1223","VTAC 38","158.73750","159.47250","A-Analog","High","12.5K","156.7","136.5","Local","Group Call","9","KC1JMH / Brad Br","Off","Carrier","Off","1","1","1","Off","1","1","None","None","Off","Off","Off","Off","Normal Encryption","Off","Off","Off","Off","131.8","1","Off","Off","Off","Off","Off","Off","1","0","Off","0","0","0","0","0","0"
"1224","CHF 265","154.26500","154.26500","A-Analog","High","12.5K","Off","Off","Local","Group Call","9","KC1JMH / Brad Br","Off","Carrier","Off","1","1","1","Off","1","1","None","None","Off","Off","Off","Off","Normal Encryption","Off","Off","Off","Off","131.8","1","Off","Off","Off","Off","Off","Off","1","0","Off","0","0","0","0","0","0"
"1225","CHF 280","154.28000","154.28000","A-Analog","High","12.5K","Off","Off","Local","Group Call","9","KC1JMH / Brad Br","Off","Carrier","Off","1","1","1","Off","1","1","None","None","Off","Off","Off","Off","Normal Encryption","Off","Off","Off","Off","131.8","1","Off","Off","Off","Off","Off","Off","1","0","Off","0","0","0","0","0","0"
"1226","CHF 295","154.29500","154.29500","A-Analog","High","12.5K","Off","Off","Local","Group Call","9","KC1JMH / Brad Br","Off","Carrier","Off","1","1","1","Off","1","1","None","None","Off","Off","Off","Off","Normal Encryption","Off","Off","Off","Off","131.8","1","Off","Off","Off","Off","Off","Off","1","0","Off","0","0","0","0","0","0"
"1227","EMS-1","155.38500","155.38500","A-Analog","High","12.5K","Off","Off","Local","Group Call","9","KC1JMH / Brad Br","Off","Carrier","Off","1","1","1","Off","1","1","None","None","Off","Off","Off","Off","Normal Encryption","Off","Off","Off","Off","131.8","1","Off","Off","Off","Off","Off","Off","1","0","Off","0","0","0","0","0","0"
"1228","RN OSSIPEE Z","172.42500","159.33000","A-Analog","High","12.5K","162.2","162.2","Local","Group Call","9","KC1JMH / Brad Br","Off","Carrier","Off","1","1","1","Off","1","1","None","None","Off","Off","Off","Off","Normal Encryption","Off","Off","Off","Off","131.8","1","Off","Off","Off","Off","Off","Off","1","0","Off","0","0","0","0","0","0"
"1229","RN SPRUCE Z","172.77500","161.46000","A-Analog","High","12.5K","162.2","162.2","Local","Group Call","9","KC1JMH / Brad Br","Off","Carrier","Off","1","1","1","Off","1","1","None","None","Off","Off","Off","Off","Normal Encryption","Off","Off","Off","Off","131.8","1","Off","Off","Off","Off","Off","Off","1","0","Off","0","0","0","0","0","0"
"1230","RN GRAY","151.16000","155.97000","A-Analog","High","12.5K","162.2","162.2","Local","Group Call","9","KC1JMH / Brad Br","Off","Carrier","Off","1","1","1","Off","1","1","None","None","Off","Off","Off","Off","Normal Encryption","Off","Off","Off","Off","131.8","1","Off","Off","Off","Off","Off","Off","1","0","Off","0","0","0","0","0","0"
"1231","RN HOSAC","169.88750","159.16500","A-Analog","High","12.5K","162.2","162.2","Local","Group Call","9","KC1JMH / Brad Br","Off","Carrier","Off","1","1","1","Off","1","1","None","None","Off","Off","Off","Off","Normal Encryption","Off","Off","Off","Off","131.8","1","Off","Off","Off","Off","Off","Off","1","0","Off","0","0","0","0","0","0"
"1232","RN PLEASANT","169.66250","163.57500","A-Analog","High","12.5K","162.2","162.2","Local","Group Call","9","KC1JMH / Brad Br","Off","Carrier","Off","1","1","1","Off","1","1","None","None","Off","Off","Off","Off","Normal Encryption","Off","Off","Off","Off","131.8","1","Off","Off","Off","Off","Off","Off","1","0","Off","0","0","0","0","0","0"
"1233","RN AGGAMNT","155.45250","156.15000","A-Analog","High","12.5K","162.2","162.2","Local","Group Call","9","KC1JMH / Brad Br","Off","Carrier","Off","1","1","1","Off","1","1","None","None","Off","Off","Off","Off","Normal Encryption","Off","Off","Off","Off","131.8","1","Off","Off","Off","Off","Off","Off","1","0","Off","0","0","0","0","0","0"
"1234","RN YORK Z","159.45000","153.92000","A-Analog","High","12.5K","162.2","162.2","Local","Group Call","9","KC1JMH / Brad Br","Off","Carrier","Off","1","1","1","Off","1","1","None","None","Off","Off","Off","Off","Normal Encryption","Off","Off","Off","Off","131.8","1","Off","Off","Off","Off","Off","Off","1","0","Off","0","0","0","0","0","0"
"1235","RN GRANITE","151.35500","159.38250","A-Analog","High","12.5K","162.2","162.2","Local","Group Call","9","KC1JMH / Brad Br","Off","Carrier","Off","1","1","1","Off","1","1","None","None","Off","Off","Off","Off","Normal Encryption","Off","Off","Off","Off","131.8","1","Off","Off","Off","Off","Off","Off","1","0","Off","0","0","0","0","0","0"
"1236","RN HUNTOON","160.53000","159.28500","A-Analog","High","12.5K","162.2","162.2","Local","Group Call","9","KC1JMH / Brad Br","Off","Carrier","Off","1","1","1","Off","1","1","None","None","Off","Off","Off","Off","Normal Encryption","Off","Off","Off","Off","131.8","1","Off","Off","Off","Off","Off","Off","1","0","Off","0","0","0","0","0","0"
"1237","RN WHITN Z","161.13000","159.40500","A-Analog","High","12.5K","162.2","162.2","Local","Group Call","9","KC1JMH / Brad Br","Off","Carrier","Off","1","1","1","Off","1","1","None","None","Off","Off","Off","Off","Normal Encryption","Off","Off","Off","Off","131.8","1","Off","Off","Off","Off","Off","Off","1","0","Off","0","0","0","0","0","0"
"1238","RN CADDY Z","160.89000","165.13750","A-Analog","High","12.5K","162.2","162.2","Local","Group Call","9","KC1JMH / Brad Br","Off","Carrier","Off","1","1","1","Off","1","1","None","None","Off","Off","Off","Off","Normal Encryption","Off","Off","Off","Off","131.8","1","Off","Off","Off","Off","Off","Off","1","0","Off","0","0","0","0","0","0"
"1239","CG81 CBERG","157.07500","157.07500","A-Analog","High","25K","Off","Off","Local","Group Call","9","KC1JMH / Brad Br","Off","Carrier","Off","1","1","1","Off","1","1","None","None","Off","Off","Off","Off","Normal Encryption","Off","Off","Off","Off","131.8","1","Off","Off","Off","Off","Off","Off","1","0","Off","0","0","0","0","0","0"
"1240","CCFIRE","155.62500","160.45500","A-Analog","High","12.5K","107.2","107.2","Local","Group Call","9","KC1JMH / Brad Br","Off","Carrier","Off","1","1","1","Off","1","1","None","None","Off","Off","Off","Off","Normal Encryption","Off","Off","Off","Off","131.8","1","Off","Off","Off","Off","Off","Off","1","0","Off","0","0","0","0","0","0"
"1241","CCLAW","154.87500","160.54500","A-Analog","High","12.5K","107.2","107.2","Local","Group Call","9","KC1JMH / Brad Br","Off","Carrier","Off","1","1","1","Off","1","1","None","None","Off","Off","Off","Off","Normal Encryption","Off","Off","Off","Off","131.8","1","Off","Off","Off","Off","Off","Off","1","0","Off","0","0","0","0","0","0"
"1242","New Durham NH","224.02000","222.42000","A-Analog","High","25K","Off","103.5","Local","Group Call","9","KC1JMH / Brad Br","Off","Carrier","Off","1","1","1","Off","1","1","None","None","Off","Off","Off","Off","Normal Encryption","Off","Off","Off","Off","251.1","0","Off","Off","Off","Off","Off","Off","1","0","Off","0","0","0","0","0","0"
"1243","Ossipee NH","224.60000","223.00000","A-Analog","High","25K","Off","123.0","Local","Group Call","9","KC1JMH / Brad Br","Off","Carrier","Off","1","1","1","Off","1","1","None","None","Off","Off","Off","Off","Normal Encryption","Off","Off","Off","Off","251.1","0","Off","Off","Off","Off","Off","Off","1","0","Off","0","0","0","0","0","0"
"1244","Dover NH","224.78000","223.18000","A-Analog","High","12.5K","Off","131.8","Local","Group Call","9","KC1JMH / Brad Br","Off","Carrier","Off","1","1","1","Off","1","1","None","None","Off","Off","Off","Off","Normal Encryption","Off","Off","Off","Off","251.1","0","Off","Off","Off","Off","Off","Off","1","0","Off","0","0","0","0","0","0"
"4001","Channel VFO A","147.09000","147.09000","A-Analog","Low","25K","Off","100.0","Local","Group Call","9","KC1JMH / Brad Br","Off","Carrier","Off","1","1","1","Off","1","1","None","None","Off","Off","Off","Off","Normal Encryption","Off","Off","Off","Off","131.8","1","Off","Off","Off","Off","Off","Off","1","0","Off","0","0","0","0","0","0"
"4002","Channel VFO B","147.69000","147.69000","A-Analog","Low","25K","Off","Off","Local","Group Call","9","KC1JMH / Brad Br","Off","Carrier","Off","1","1","1","Off","1","1","None","None","Off","Off","Off","Off","Normal Encryption","Off","Off","Off","Off","131.8","1","Off","Off","Off","Off","Off","Off","1","0","Off","0","0","0","0","0","0"
