"No.","Zone Name","Zone Channel Member","Zone Channel Member RX Frequency","Zone Channel Member TX Frequency","A Channel","A Channel RX Frequency","A Channel TX Frequency","B Channel","B Channel RX Frequency","B Channel TX Frequency","Zone Hide "
"1","Bridgeport CT","BRDCT Local|BRDCT CT SW|BRDCT MA SW|BRDCT NE Wide|BRDCT NETAC2|BRDCT NETAC1|BRDCT TAC310|BRDCT TAC311|BRDCT Northeast|BRDCT North Am|BRDCT WW|BRDCT SKYWARN|BRDCT Parrot|BRDCT Audio|BRDCT ME SW|BRDCT NH SW|BRDCT NY SW|BRDCT RI SW|BRDCT VT SW","442.20000|442.20000|442.20000|442.20000|442.20000|442.20000|442.20000|442.20000|442.20000|442.20000|442.20000|442.20000|442.20000|442.20000|442.20000|442.20000|442.20000|442.20000|442.20000","447.20000|447.20000|447.20000|447.20000|447.20000|447.20000|447.20000|447.20000|447.20000|447.20000|447.20000|447.20000|447.20000|447.20000|447.20000|447.20000|447.20000|447.20000|447.20000","BRDCT CT SW","442.20000","447.20000","BRDCT Local","442.20000","447.20000","0"
"2","Coventry CT","CVNCT Local|CVNCT CT SW|CVNCT MA SW|CVNCT NE Wide|CVNCT NETAC2|CVNCT NETAC1|CVNCT TAC310|CVNCT TAC311|CVNCT Northeast|CVNCT North Am|CVNCT WW|CVNCT SKYWARN|CVNCT Parrot|CVNCT Audio|CVNCT ME SW|CVNCT NH SW|CVNCT NY SW|CVNCT RI SW|CVNCT VT SW","449.87500|449.87500|449.87500|449.87500|449.87500|449.87500|449.87500|449.87500|449.87500|449.87500|449.87500|449.87500|449.87500|449.87500|449.87500|449.87500|449.87500|449.87500|449.87500","444.87500|444.87500|444.87500|444.87500|444.87500|444.87500|444.87500|444.87500|444.87500|444.87500|444.87500|444.87500|444.87500|444.87500|444.87500|444.87500|444.87500|444.87500|444.87500","CVNCT CT SW","449.87500","444.87500","CVNCT Local","449.87500","444.87500","0"
"3","Killingly CT","KLLCT Local|KLLCT CT SW|KLLCT MA SW|KLLCT NE Wide|KLLCT NETAC2|KLLCT NETAC1|KLLCT TAC310|KLLCT TAC311|KLLCT Northeast|KLLCT SKYWARN|KLLCT Parrot|KLLCT Audio|KLLCT WW|KLLCT North Am|KLLCT ME SW|KLLCT NH SW|KLLCT NY SW|KLLCT RI SW|KLLCT VT SW","444.85000|444.85000|444.85000|444.85000|444.85000|444.85000|444.85000|444.85000|444.85000|444.85000|444.85000|444.85000|444.85000|444.85000|444.85000|444.85000|444.85000|444.85000|444.85000","449.85000|449.85000|449.85000|449.85000|449.85000|449.85000|449.85000|449.85000|449.85000|449.85000|449.85000|449.85000|449.85000|449.85000|449.85000|449.85000|449.85000|449.85000|449.85000","KLLCT CT SW","444.85000","449.85000","KLLCT Local","444.85000","449.85000","0"
"4","Monroe CT","MONCT Local|MONCT CT SW|MONCT MA SW|MONCT NE Wide|MONCT NETAC2|MONCT NETAC1|MONCT TAC310|MONCT TAC311|MONCT Northeast|MONCT North Am|MONCT WW|MONCT SKYWARN|MONCT Parrot|MONCT Audio|MONCT ME SW|MONCT NH SW|MONCT NY SW|MONCT RI SW|MONCT VT SW","444.40000|444.40000|444.40000|444.40000|444.40000|444.40000|444.40000|444.40000|444.40000|444.40000|444.40000|444.40000|444.40000|444.40000|444.40000|444.40000|444.40000|444.40000|444.40000","449.40000|449.40000|449.40000|449.40000|449.40000|449.40000|449.40000|449.40000|449.40000|449.40000|449.40000|449.40000|449.40000|449.40000|449.40000|449.40000|449.40000|449.40000|449.40000","MONCT CT SW","444.40000","449.40000","MONCT Local","444.40000","449.40000","0"
"5","Northford CT","NRTCT Local|NRTCT CT SW|NRTCT MA SW|NRTCT NE Wide|NRTCT NETAC2|NRTCT NETAC1|NRTCT TAC310|NRTCT TAC311|NRTCT Northeast|NRTCT North Am|NRTCT WW|NRTCT SKYWARN|NRTCT Parrot","449.47500|449.47500|449.47500|449.47500|449.47500|449.47500|449.47500|449.47500|449.47500|449.47500|449.47500|449.47500|449.47500","444.47500|444.47500|444.47500|444.47500|444.47500|444.47500|444.47500|444.47500|444.47500|444.47500|444.47500|444.47500|444.47500","NRTCT CT SW","449.47500","444.47500","NRTCT Local","449.47500","444.47500","0"
"6","Norwalk CT","NRWCT Local|NRWCT CT SW|NRWCT MA SW|NRWCT NE Wide|NRWCT NETAC2|NRWCT NETAC1|NRWCT TAC310|NRWCT TAC311|NRWCT Northeast|NRWCT North Am|NRWCT WW|NRWCT SKYWARN|NRWCT Parrot|NRWCT Audio|NRWCT ME SW|NRWCT NH SW|NRWCT NY SW|NRWCT RI SW|NRWCT VT SW","448.07500|448.07500|448.07500|448.07500|448.07500|448.07500|448.07500|448.07500|448.07500|448.07500|448.07500|448.07500|448.07500|448.07500|448.07500|448.07500|448.07500|448.07500|448.07500","443.07500|443.07500|443.07500|443.07500|443.07500|443.07500|443.07500|443.07500|443.07500|443.07500|443.07500|443.07500|443.07500|443.07500|443.07500|443.07500|443.07500|443.07500|443.07500","NRWCT CT SW","448.07500","443.07500","NRWCT Local","448.07500","443.07500","0"
"7","Prospect CT","PRSCT Local|PRSCT CT SW|PRSCT MA SW|PRSCT NE Wide|PRSCT NETAC2|PRSCT NETAC1|PRSCT TAC310|PRSCT TAC311|PRSCT Northeast|PRSCT SKYWARN|PRSCT Parrot|PRSCT Audio|PRSCT WW|PRSCT North Am|PRSCT ME SW|PRSCT NH SW|PRSCT NY SW|PRSCT RI SW|PRSCT VT SW","448.17500|448.17500|448.17500|448.17500|448.17500|448.17500|448.17500|448.17500|448.17500|448.17500|448.17500|448.17500|448.17500|448.17500|448.17500|448.17500|448.17500|448.17500|448.17500","443.17500|443.17500|443.17500|443.17500|443.17500|443.17500|443.17500|443.17500|443.17500|443.17500|443.17500|443.17500|443.17500|443.17500|443.17500|443.17500|443.17500|443.17500|443.17500","PRSCT CT SW","448.17500","443.17500","PRSCT Local","448.17500","443.17500","0"
"8","Rocky Hill CT","RCKCT Local|RCKCT CT SW|RCKCT MA SW|RCKCT NE Wide|RCKCT NETAC2|RCKCT NETAC1|RCKCT TAC310|RCKCT TAC311|RCKCT Northeast|RCKCT North Am|RCKCT WW|RCKCT SKYWARN|RCKCT Parrot|RCKCT Audio|RCKCT ME SW|RCKCT NH SW|RCKCT NY SW|RCKCT RI SW|RCKCT VT SW","444.15000|444.15000|444.15000|444.15000|444.15000|444.15000|444.15000|444.15000|444.15000|444.15000|444.15000|444.15000|444.15000|444.15000|444.15000|444.15000|444.15000|444.15000|444.15000","449.15000|449.15000|449.15000|449.15000|449.15000|449.15000|449.15000|449.15000|449.15000|449.15000|449.15000|449.15000|449.15000|449.15000|449.15000|449.15000|449.15000|449.15000|449.15000","RCKCT CT SW","444.15000","449.15000","RCKCT Local","444.15000","449.15000","0"
"9","Seymour CT","SEYCT Local|SEYCT CT SW|SEYCT MA SW|SEYCT NE Wide|SEYCT NETAC2|SEYCT NETAC1|SEYCT TAC310|SEYCT TAC311|SEYCT Northeast|SEYCT North Am|SEYCT WW|SEYCT SKYWARN|SEYCT Parrot|SEYCT Audio|SEYCT ME SW|SEYCT NH SW|SEYCT NY SW|SEYCT RI SW|SEYCT VT SW","442.90000|442.90000|442.90000|442.90000|442.90000|442.90000|442.90000|442.90000|442.90000|442.90000|442.90000|442.90000|442.90000|442.90000|442.90000|442.90000|442.90000|442.90000|442.90000","447.90000|447.90000|447.90000|447.90000|447.90000|447.90000|447.90000|447.90000|447.90000|447.90000|447.90000|447.90000|447.90000|447.90000|447.90000|447.90000|447.90000|447.90000|447.90000","SEYCT CT SW","442.90000","447.90000","SEYCT Local","442.90000","447.90000","0"
"10","Boston MA","BOSTMA Local|BOSTMA MA SW|BOSTMA CT SW|BOSTMA NH SW|BOSTMA ME SW|BOSTMA VT SW|BOSTMA RI SW|BOSTMA NE Wide|BOSTMA NETAC2|BOSTMA NETAC1|BOSTMA TAC310|BOSTMA TAC311|BOSTMA Northeast|BOSTMA North Am|BOSTMA WW|BOSTMA SKYWARN|BOSTMA Parrot|BOSTMA Audio|BOSTMA Cape Net","449.17500|449.17500|449.17500|449.17500|449.17500|449.17500|449.17500|449.17500|449.17500|449.17500|449.17500|449.17500|449.17500|449.17500|449.17500|449.17500|449.17500|449.17500|449.17500","444.17500|444.17500|444.17500|444.17500|444.17500|444.17500|444.17500|444.17500|444.17500|444.17500|444.17500|444.17500|444.17500|444.17500|444.17500|444.17500|444.17500|444.17500|444.17500","BOSTMA MA SW","449.17500","444.17500","BOSTMA Local","449.17500","444.17500","0"
"11","Chelmsford MA","CHLMA Local|CHLMA MA SW|CHLMA CT SW|CHLMA NH SW|CHLMA ME SW|CHLMA VT SW|CHLMA RI SW|CHLMA NE Wide|CHLMA NETAC2|CHLMA NETAC1|CHLMA TAC310|CHLMA TAC311|CHLMA Northeast|CHLMA North Am|CHLMA WW|CHLMA SKYWARN|CHLMA Parrot|CHLMA Audio","145.18000|145.18000|145.18000|145.18000|145.18000|145.18000|145.18000|145.18000|145.18000|145.18000|145.18000|145.18000|145.18000|145.18000|145.18000|145.18000|145.18000|145.18000","144.58000|144.58000|144.58000|144.58000|144.58000|144.58000|144.58000|144.58000|144.58000|144.58000|144.58000|144.58000|144.58000|144.58000|144.58000|144.58000|144.58000|144.58000","CHLMA MA SW","145.18000","144.58000","CHLMA Local","145.18000","144.58000","0"
"12","Danvers MA","DNVMA Local|DNVMA MA SW|DNVMA CT SW|DNVMA NH SW|DNVMA ME SW|DNVMA VT SW|DNVMA RI SW|DNVMA NE Wide|DNVMA NETAC2|DNVMA NETAC1|DNVMA TAC310|DNVMA TAC311|DNVMA Northeast|DNVMA North Am|DNVMA WW|DNVMA SKYWARN|DNVMA Parrot|DNVMA Audio","442.80000|442.80000|442.80000|442.80000|442.80000|442.80000|442.80000|442.80000|442.80000|442.80000|442.80000|442.80000|442.80000|442.80000|442.80000|442.80000|442.80000|442.80000","447.80000|447.80000|447.80000|447.80000|447.80000|447.80000|447.80000|447.80000|447.80000|447.80000|447.80000|447.80000|447.80000|447.80000|447.80000|447.80000|447.80000|447.80000","DNVMA MA SW","442.80000","447.80000","DNVMA Local","442.80000","447.80000","0"
"13","Dennis MA","DENMA Local|DENMA MA SW|DENMA CT SW|DENMA NH SW|DENMA ME SW|DENMA VT SW|DENMA RI SW|DENMA NE Wide|DENMA NETAC2|DENMA NETAC1|DENMA TAC310|DENMA TAC311|DENMA Northeast|DENMA North Am|DENMA WW|DENMA SKYWARN|DENMA Parrot|DENMA Audio|DENMA Cape Net","146.47000|146.47000|146.47000|146.47000|146.47000|146.47000|146.47000|146.47000|146.47000|146.47000|146.47000|146.47000|146.47000|146.47000|146.47000|146.47000|146.47000|146.47000|146.47000","144.97000|144.97000|144.97000|144.97000|144.97000|144.97000|144.97000|144.97000|144.97000|144.97000|144.97000|144.97000|144.97000|144.97000|144.97000|144.97000|144.97000|144.97000|144.97000","DENMA MA SW","146.47000","144.97000","DENMA Local","146.47000","144.97000","0"
"14","East Falmouth MA","EFPMA Local|EFPMA MA SW|EFPMA CT SW|EFPMA NH SW|EFPMA ME SW|EFPMA VT SW|EFPMA RI SW|EFPMA NE Wide|EFPMA NETAC2|EFPMA NETAC1|EFPMA TAC310|EFPMA TAC311|EFPMA Northeast|EFPMA North Am|EFPMA WW|EFPMA SKYWARN|EFPMA Parrot|EFPMA Audio|EFPMA Cape Net","145.21000|145.21000|145.21000|145.21000|145.21000|145.21000|145.21000|145.21000|145.21000|145.21000|145.21000|145.21000|145.21000|145.21000|145.21000|145.21000|145.21000|145.21000|145.21000","144.61000|144.61000|144.61000|144.61000|144.61000|144.61000|144.61000|144.61000|144.61000|144.61000|144.61000|144.61000|144.61000|144.61000|144.61000|144.61000|144.61000|144.61000|144.61000","EFPMA MA SW","145.21000","144.61000","EFPMA Local","145.21000","144.61000","0"
"15","Eastham MA","ESTMA Local|ESTMA MA SW|ESTMA CT SW|ESTMA NH SW|ESTMA ME SW|ESTMA VT SW|ESTMA RI SW|ESTMA NE Wide|ESTMA NETAC2|ESTMA NETAC1|ESTMA TAC310|ESTMA TAC311|ESTMA Northeast|ESTMA North Am|ESTMA WW|ESTMA SKYWARN|ESTMA Parrot|ESTMA Audio|ESTMA Cape Net","145.36000|145.36000|145.36000|145.36000|145.36000|145.36000|145.36000|145.36000|145.36000|145.36000|145.36000|145.36000|145.36000|145.36000|145.36000|145.36000|145.36000|145.36000|145.36000","144.76000|144.76000|144.76000|144.76000|144.76000|144.76000|144.76000|144.76000|144.76000|144.76000|144.76000|144.76000|144.76000|144.76000|144.76000|144.76000|144.76000|144.76000|144.76000","ESTMA MA SW","145.36000","144.76000","ESTMA Local","145.36000","144.76000","0"
"16","Gardner MA","GDNMA Local|GDNMA MA SW|GDNMA CT SW|GDNMA NH SW|GDNMA ME SW|GDNMA VT SW|GDNMA RI SW|GDNMA NE Wide|GDNMA NETAC2|GDNMA NETAC1|GDNMA TAC310|GDNMA TAC311|GDNMA Northeast|GDNMA North Am|GDNMA WW|GDNMA SKYWARN|GDNMA Parrot|GDNMA Audio","145.34000|145.34000|145.34000|145.34000|145.34000|145.34000|145.34000|145.34000|145.34000|145.34000|145.34000|145.34000|145.34000|145.34000|145.34000|145.34000|145.34000|145.34000","144.74000|144.74000|144.74000|144.74000|144.74000|144.74000|144.74000|144.74000|144.74000|144.74000|144.74000|144.74000|144.74000|144.74000|144.74000|144.74000|144.74000|144.74000","GDNMA MA SW","145.34000","144.74000","GDNMA Local","145.34000","144.74000","0"
"17","Haverhill MA","HAVMA Local|HAVMA MA SW|HAVMA CT SW|HAVMA NH SW|HAVMA ME SW|HAVMA VT SW|HAVMA RI SW|HAVMA NE Wide|HAVMA NETAC2|HAVMA NETAC1|HAVMA TAC310|HAVMA TAC311|HAVMA Northeast|HAVMA North Am|HAVMA WW|HAVMA SKYWARN|HAVMA Parrot|HAVMA Audio","146.46000|146.46000|146.46000|146.46000|146.46000|146.46000|146.46000|146.46000|146.46000|146.46000|146.46000|146.46000|146.46000|146.46000|146.46000|146.46000|146.46000|146.46000","144.96000|144.96000|144.96000|144.96000|144.96000|144.96000|144.96000|144.96000|144.96000|144.96000|144.96000|144.96000|144.96000|144.96000|144.96000|144.96000|144.96000|144.96000","HAVMA MA SW","146.46000","144.96000","HAVMA Local","146.46000","144.96000","0"
"18","Hingham MA","HNGMA Local|HNGMA MA SW|HNGMA CT SW|HNGMA NH SW|HNGMA ME SW|HNGMA VT SW|HNGMA RI SW|HNGMA NE Wide|HNGMA NETAC2|HNGMA NETAC1|HNGMA TAC310|HNGMA TAC311|HNGMA Northeast|HNGMA North Am|HNGMA WW|HNGMA SKYWARN|HNGMA Parrot|HNGMA Audio|HNGMA Cape Net","146.43000|146.43000|146.43000|146.43000|146.43000|146.43000|146.43000|146.43000|146.43000|146.43000|146.43000|146.43000|146.43000|146.43000|146.43000|146.43000|146.43000|146.43000|146.43000","144.93000|144.93000|144.93000|144.93000|144.93000|144.93000|144.93000|144.93000|144.93000|144.93000|144.93000|144.93000|144.93000|144.93000|144.93000|144.93000|144.93000|144.93000|144.93000","HNGMA MA SW","146.43000","144.93000","HNGMA Local","146.43000","144.93000","0"
"19","Marblehead MA","MBLMA Local|MBLMA MA SW|MBLMA CT SW|MBLMA NH SW|MBLMA ME SW|MBLMA VT SW|MBLMA RI SW|MBLMA NE Wide|MBLMA NETAC2|MBLMA NETAC1|MBLMA TAC310|MBLMA TAC311|MBLMA Northeast|MBLMA North Am|MBLMA WW|MBLMA SKYWARN|MBLMA Parrot|MBLMA Audio","145.37000|145.37000|145.37000|145.37000|145.37000|145.37000|145.37000|145.37000|145.37000|145.37000|145.37000|145.37000|145.37000|145.37000|145.37000|145.37000|145.37000|145.37000","144.77000|144.77000|144.77000|144.77000|144.77000|144.77000|144.77000|144.77000|144.77000|144.77000|144.77000|144.77000|144.77000|144.77000|144.77000|144.77000|144.77000|144.77000","MBLMA MA SW","145.37000","144.77000","MBLMA Local","145.37000","144.77000","0"
"20","North Adams MA","NADMA Local|NADMA MA SW|NADMA CT SW|NADMA NH SW|NADMA ME SW|NADMA VT SW|NADMA RI SW|NADMA NE Wide|NADMA NETAC2|NADMA NETAC1|NADMA TAC310|NADMA TAC311|NADMA Northeast|NADMA North Am|NADMA WW|NADMA SKYWARN|NADMA Parrot|NADMA Audio|NADMA NY SW","449.67500|449.67500|449.67500|449.67500|449.67500|449.67500|449.67500|449.67500|449.67500|449.67500|449.67500|449.67500|449.67500|449.67500|449.67500|449.67500|449.67500|449.67500|449.67500","444.67500|444.67500|444.67500|444.67500|444.67500|444.67500|444.67500|444.67500|444.67500|444.67500|444.67500|444.67500|444.67500|444.67500|444.67500|444.67500|444.67500|444.67500|444.67500","NADMA MA SW","449.67500","444.67500","NADMA Local","449.67500","444.67500","0"
"21","Northamp UHF MA","NMPUHMA Local|NMPUHMA MA SW|NMPUHMA CT SW|NMPUHMA NH SW|NMPUHMA ME SW|NMPUHMA VT SW|NMPUHMA RI SW|NMPUHMA NE Wide|NMPUHMA NETAC2|NMPUHMA NETAC1|NMPUHMA TAC310|NMPUHMA TAC311|NMPUHMA Neast|NMPUHMA North Am|NMPUHMA WW|NMPUHMA SKYWARN|NMPUHMA Parrot|NMPUHMA Audio|NMPUHMA NY SW","449.52500|449.52500|449.52500|449.52500|449.52500|449.52500|449.52500|449.52500|449.52500|449.52500|449.52500|449.52500|449.52500|449.52500|449.52500|449.52500|449.52500|449.52500|449.52500","444.52500|444.52500|444.52500|444.52500|444.52500|444.52500|444.52500|444.52500|444.52500|444.52500|444.52500|444.52500|444.52500|444.52500|444.52500|444.52500|444.52500|444.52500|444.52500","NMPUHMA MA SW","449.52500","444.52500","NMPUHMA Local","449.52500","444.52500","0"
"22","Northamp VHF MA","NMPVHMA Local|NMPVHMA MA SW|NMPVHMA CT SW|NMPVHMA NH SW|NMPVHMA ME SW|NMPVHMA VT SW|NMPVHMA RI SW|NMPVHMA NE Wide|NMPVHMA NETAC2|NMPVHMA NETAC1|NMPVHMA TAC310|NMPVHMA TAC311|NMPVHMA Neast|NMPVHMA North Am|NMPVHMA WW|NMPVHMA SKYWARN|NMPVHMA Parrot|NMPVHMA Audio|NMPVHMA NY SW","145.18000|145.18000|145.18000|145.18000|145.18000|145.18000|145.18000|145.18000|145.18000|145.18000|145.18000|145.18000|145.18000|145.18000|145.18000|145.18000|145.18000|145.18000|145.18000","144.58000|144.58000|144.58000|144.58000|144.58000|144.58000|144.58000|144.58000|144.58000|144.58000|144.58000|144.58000|144.58000|144.58000|144.58000|144.58000|144.58000|144.58000|144.58000","NMPVHMA MA SW","145.18000","144.58000","NMPVHMA Local","145.18000","144.58000","0"
"23","Sagamore MA","SAGMA Local|SAGMA MA SW|SAGMA CT SW|SAGMA NH SW|SAGMA ME SW|SAGMA VT SW|SAGMA RI SW|SAGMA NE Wide|SAGMA NETAC2|SAGMA NETAC1|SAGMA TAC310|SAGMA TAC311|SAGMA Northeast|SAGMA North Am|SAGMA WW|SAGMA SKYWARN|SAGMA Parrot|SAGMA Audio|SAGMA Cape Net","145.20000|145.20000|145.20000|145.20000|145.20000|145.20000|145.20000|145.20000|145.20000|145.20000|145.20000|145.20000|145.20000|145.20000|145.20000|145.20000|145.20000|145.20000|145.20000","144.60000|144.60000|144.60000|144.60000|144.60000|144.60000|144.60000|144.60000|144.60000|144.60000|144.60000|144.60000|144.60000|144.60000|144.60000|144.60000|144.60000|144.60000|144.60000","SAGMA MA SW","145.20000","144.60000","SAGMA Local","145.20000","144.60000","0"
"24","Southboro UHF MA","SOBUHMA Local|SOBUHMA MA SW|SOBUHMA CT SW|SOBUHMA NH SW|SOBUHMA ME SW|SOBUHMA VT SW|SOBUHMA RI SW|SOBUHMA NE Wide|SOBUHMA NETAC2|SOBUHMA NETAC1|SOBUHMA TAC310|SOBUHMA TAC311|SOBUHMA Neast|SOBUHMA North Am|SOBUHMA WW|SOBUHMA SKYWARN|SOBUHMA Parrot|SOBUHMA Audio|SOBUHMA Cape Net","448.37500|448.37500|448.37500|448.37500|448.37500|448.37500|448.37500|448.37500|448.37500|448.37500|448.37500|448.37500|448.37500|448.37500|448.37500|448.37500|448.37500|448.37500|448.37500","443.37500|443.37500|443.37500|443.37500|443.37500|443.37500|443.37500|443.37500|443.37500|443.37500|443.37500|443.37500|443.37500|443.37500|443.37500|443.37500|443.37500|443.37500|443.37500","SOBUHMA MA SW","448.37500","443.37500","SOBUHMA Local","448.37500","443.37500","0"
"25","Southboro VHF MA","SOBVHMA Local|SOBVHMA MA SW|SOBVHMA CT SW|SOBVHMA NH SW|SOBVHMA ME SW|SOBVHMA VT SW|SOBVHMA RI SW|SOBVHMA NE Wide|SOBVHMA NETAC2|SOBVHMA NETAC1|SOBVHMA TAC310|SOBVHMA TAC311|SOBVHMA Neast|SOBVHMA North Am|SOBVHMA WW|SOBVHMA SKYWARN|SOBVHMA Parrot|SOBVHMA Audio|SOBVHMA Cape Net","145.27000|145.27000|145.27000|145.27000|145.27000|145.27000|145.27000|145.27000|145.27000|145.27000|145.27000|145.27000|145.27000|145.27000|145.27000|145.27000|145.27000|145.27000|145.27000","144.67000|144.67000|144.67000|144.67000|144.67000|144.67000|144.67000|144.67000|144.67000|144.67000|144.67000|144.67000|144.67000|144.67000|144.67000|144.67000|144.67000|144.67000|144.67000","SOBVHMA MA SW","145.27000","144.67000","SOBVHMA Local","145.27000","144.67000","0"
"26","Sudbury MA","K1IRMA Local|K1IRMA MA SW|K1IRMA CT SW|K1IRMA NH SW|K1IRMA ME SW|K1IRMA VT SW|K1IRMA RI SW|K1IRMA NE Wide|K1IRMA NETAC2|K1IRMA NETAC1|K1IRMA TAC310|K1IRMA TAC311|K1IRMA Northeast|K1IRMA North Am|K1IRMA WW|K1IRMA SKYWARN|K1IRMA Parrot|K1IRMA Audio","146.47000|146.47000|146.47000|146.47000|146.47000|146.47000|146.47000|146.47000|146.47000|146.47000|146.47000|146.47000|146.47000|146.47000|146.47000|146.47000|146.47000|146.47000","144.97000|144.97000|144.97000|144.97000|144.97000|144.97000|144.97000|144.97000|144.97000|144.97000|144.97000|144.97000|144.97000|144.97000|144.97000|144.97000|144.97000|144.97000","K1IRMA MA SW","146.47000","144.97000","K1IRMA Local","146.47000","144.97000","0"
"27","W Tisbury MA","MVYMA Local|MVYMA MA SW|MVYMA CT SW|MVYMA NH SW|MVYMA ME SW|MVYMA VT SW|MVYMA RI SW|MVYMA NE Wide|MVYMA NETAC2|MVYMA NETAC1|MVYMA TAC310|MVYMA TAC311|MVYMA Northeast|MVYMA North Am|MVYMA WW|MVYMA SKYWARN|MVYMA Parrot|MVYMA Audio|MVYMA Cape Net","145.18000|145.18000|145.18000|145.18000|145.18000|145.18000|145.18000|145.18000|145.18000|145.18000|145.18000|145.18000|145.18000|145.18000|145.18000|145.18000|145.18000|145.18000|145.18000","144.58000|144.58000|144.58000|144.58000|144.58000|144.58000|144.58000|144.58000|144.58000|144.58000|144.58000|144.58000|144.58000|144.58000|144.58000|144.58000|144.58000|144.58000|144.58000","MVYMA MA SW","145.18000","144.58000","MVYMA Local","145.18000","144.58000","0"
"28","Walpole MA","WPLMA Local|WPLMA MA SW|WPLMA CT SW|WPLMA NH SW|WPLMA ME SW|WPLMA VT SW|WPLMA RI SW|WPLMA NE Wide|WPLMA NETAC2|WPLMA NETAC1|WPLMA TAC310|WPLMA TAC311|WPLMA Northeast|WPLMA North Am|WPLMA WW|WPLMA SKYWARN|WPLMA Parrot|WPLMA Audio","145.38000|145.38000|145.38000|145.38000|145.38000|145.38000|145.38000|145.38000|145.38000|145.38000|145.38000|145.38000|145.38000|145.38000|145.38000|145.38000|145.38000|145.38000","144.78000|144.78000|144.78000|144.78000|144.78000|144.78000|144.78000|144.78000|144.78000|144.78000|144.78000|144.78000|144.78000|144.78000|144.78000|144.78000|144.78000|144.78000","WPLMA MA SW","145.38000","144.78000","WPLMA Local","145.38000","144.78000","0"
"29","Wilmington MA","WLMMA CT SW|WLMMA Local|WLMMA MA SW|WLMMA ME SW|WLMMA NE Wide|WLMMA NETAC1|WLMMA NETAC2|WLMMA NH SW|WLMMA North Am|WLMMA Northeast|WLMMA Parrot|WLMMA RI SW|WLMMA SKYWARN|WLMMA TAC310|WLMMA TAC311|WLMMA VT SW|WLMMA WW|WLMMA Audio","146.47000|146.47000|146.47000|146.47000|146.47000|146.47000|146.47000|146.47000|146.47000|146.47000|146.47000|146.47000|146.47000|146.47000|146.47000|146.47000|146.47000|146.47000","144.97000|144.97000|144.97000|144.97000|144.97000|144.97000|144.97000|144.97000|144.97000|144.97000|144.97000|144.97000|144.97000|144.97000|144.97000|144.97000|144.97000|144.97000","WLMMA MA SW","146.47000","144.97000","WLMMA MA SW","146.47000","144.97000","0"
"30","Worcester MA","WRCMA Local|WRCMA MA SW|WRCMA CT SW|WRCMA NH SW|WRCMA ME SW|WRCMA VT SW|WRCMA RI SW|WRCMA NE Wide|WRCMA NETAC2|WRCMA NETAC1|WRCMA TAC310|WRCMA TAC311|WRCMA Northeast|WRCMA North Am|WRCMA WW|WRCMA SKYWARN|WRCMA Parrot|WRCMA Audio","442.20000|442.20000|442.20000|442.20000|442.20000|442.20000|442.20000|442.20000|442.20000|442.20000|442.20000|442.20000|442.20000|442.20000|442.20000|442.20000|442.20000|442.20000","447.20000|447.20000|447.20000|447.20000|447.20000|447.20000|447.20000|447.20000|447.20000|447.20000|447.20000|447.20000|447.20000|447.20000|447.20000|447.20000|447.20000|447.20000","WRCMA MA SW","442.20000","447.20000","WRCMA Local","442.20000","447.20000","0"
"31","Augusta ME","AUGME Local|AUGME ME Event 1|AUGME ME Event 2|AUGME ME SW|AUGME NE Wide|AUGME NETAC1|AUGME NETAC2|AUGME NH SW|AUGME North Am|AUGME Northeast|AUGME Parrot|AUGME Reg North|AUGME SKYWARN|AUGME TAC310|AUGME TAC311|AUGME UA Eng1|AUGME UA Eng2|AUGME WW|AUGME Audio|AUGME TAC312|AUGME CT SW|AUGME MA SW|AUGME RI SW|AUGME VT SW","145.24000|145.24000|145.24000|145.24000|145.24000|145.24000|145.24000|145.24000|145.24000|145.24000|145.24000|145.24000|145.24000|145.24000|145.24000|145.24000|145.24000|145.24000|145.24000|145.24000|145.24000|145.24000|145.24000|145.24000","144.64000|144.64000|144.64000|144.64000|144.64000|144.64000|144.64000|144.64000|144.64000|144.64000|144.64000|144.64000|144.64000|144.64000|144.64000|144.64000|144.64000|144.64000|144.64000|144.64000|144.64000|144.64000|144.64000|144.64000","AUGME ME SW","145.24000","144.64000","AUGME Local","145.24000","144.64000","0"
"32","Boothbay ME","BBYME Local|BBYME ME Event 1|BBYME ME Event 2|BBYME ME SW|BBYME NE Wide|BBYME NETAC1|BBYME NETAC2|BBYME NH SW|BBYME North Am|BBYME Northeast|BBYME Parrot|BBYME Reg North|BBYME SKYWARN|BBYME TAC310|BBYME TAC311|BBYME UA Eng1|BBYME UA Eng2|BBYME WW","145.20000|145.20000|145.20000|145.20000|145.20000|145.20000|145.20000|145.20000|145.20000|145.20000|145.20000|145.20000|145.20000|145.20000|145.20000|145.20000|145.20000|145.20000","144.60000|144.60000|144.60000|144.60000|144.60000|144.60000|144.60000|144.60000|144.60000|144.60000|144.60000|144.60000|144.60000|144.60000|144.60000|144.60000|144.60000|144.60000","BBYME ME SW","145.20000","144.60000","BBYME Local","145.20000","144.60000","0"
"33","Bridgton ME","BGTME CT SW|BGTME Local|BGTME MA SW|BGTME ME Event 1|BGTME ME Event 2|BGTME ME SW|BGTME NE Wide|BGTME NETAC1|BGTME NETAC2|BGTME NH SW|BGTME North Am|BGTME Northeast|BGTME Parrot|BGTME RI SW|BGTME SKYWARN|BGTME TAC310|BGTME TAC311|BGTME VT SW|BGTME WW|BGTME Audio|BGTME TAC312","145.16000|145.16000|145.16000|145.16000|145.16000|145.16000|145.16000|145.16000|145.16000|145.16000|145.16000|145.16000|145.16000|145.16000|145.16000|145.16000|145.16000|145.16000|145.16000|145.16000|145.16000","144.56000|144.56000|144.56000|144.56000|144.56000|144.56000|144.56000|144.56000|144.56000|144.56000|144.56000|144.56000|144.56000|144.56000|144.56000|144.56000|144.56000|144.56000|144.56000|144.56000|144.56000","BGTME ME SW","145.16000","144.56000","BGTME ME SW","145.16000","144.56000","0"
"34","Buckfield ME","BKFME Local|BKFME ME Event 1|BKFME ME Event 2|BKFME ME SW|BKFME NE Wide|BKFME NETAC1|BKFME NETAC2|BKFME NH SW|BKFME North Am|BKFME Northeast|BKFME Parrot|BKFME Reg North|BKFME SKYWARN|BKFME TAC310|BKFME TAC311|BKFME UA Eng1|BKFME UA Eng2|BKFME WW|BKFME Audio|BKFME TAC312|BKFME CT SW|BKFME MA SW|BKFME RI SW|BKFME VT SW","145.32000|145.32000|145.32000|145.32000|145.32000|145.32000|145.32000|145.32000|145.32000|145.32000|145.32000|145.32000|145.32000|145.32000|145.32000|145.32000|145.32000|145.32000|145.32000|145.32000|145.32000|145.32000|145.32000|145.32000","144.72000|144.72000|144.72000|144.72000|144.72000|144.72000|144.72000|144.72000|144.72000|144.72000|144.72000|144.72000|144.72000|144.72000|144.72000|144.72000|144.72000|144.72000|144.72000|144.72000|144.72000|144.72000|144.72000|144.72000","BKFME ME SW","145.32000","144.72000","BKFME Parrot","145.32000","144.72000","0"
"35","Calais ME","CLSME  Parrot|CLSME Local|CLSME ME Event 1|CLSME ME Event 2|CLSME ME SW|CLSME NE Wide|CLSME NETAC1|CLSME NETAC2|CLSME NEWBRNSWCK|CLSME NH SW|CLSME North Am|CLSME Northeast|CLSME Reg North|CLSME SKYWARN|CLSME TAC310|CLSME TAC311|CLSME UA Eng1|CLSME UA Eng2|CLSME WW|CLSME Audio|CLSME TAC312|CLSME CT SW|CLSME MA SW|CLSME RI SW|CLSME VT SW","147.04500|147.04500|147.04500|147.04500|147.04500|147.04500|147.04500|147.04500|147.04500|147.04500|147.04500|147.04500|147.04500|147.04500|147.04500|147.04500|147.04500|147.04500|147.04500|147.04500|147.04500|147.04500|147.04500|147.04500|147.04500","147.64500|147.64500|147.64500|147.64500|147.64500|147.64500|147.64500|147.64500|147.64500|147.64500|147.64500|147.64500|147.64500|147.64500|147.64500|147.64500|147.64500|147.64500|147.64500|147.64500|147.64500|147.64500|147.64500|147.64500|147.64500","CLSME ME SW","147.04500","147.64500","CLSME Local","147.04500","147.64500","0"
"36","Camden ME","CMDME Local|CMDME ME Event 1|CMDME ME Event 2|CMDME ME SW|CMDME NE Wide|CMDME NETAC1|CMDME NETAC2|CMDME NH SW|CMDME North Am|CMDME Northeast|CMDME Parrot|CMDME Reg North|CMDME SKYWARN|CMDME TAC310|CMDME TAC311|CMDME UA Eng1|CMDME UA Eng2|CMDME WW|CMDME Audio|CMDME TAC312|CMDME CT SW|CMDME MA SW|CMDME RI SW|CMDME VT SW","145.37000|145.37000|145.37000|145.37000|145.37000|145.37000|145.37000|145.37000|145.37000|145.37000|145.37000|145.37000|145.37000|145.37000|145.37000|145.37000|145.37000|145.37000|145.37000|145.37000|145.37000|145.37000|145.37000|145.37000","144.77000|144.77000|144.77000|144.77000|144.77000|144.77000|144.77000|144.77000|144.77000|144.77000|144.77000|144.77000|144.77000|144.77000|144.77000|144.77000|144.77000|144.77000|144.77000|144.77000|144.77000|144.77000|144.77000|144.77000","CMDME ME SW","145.37000","144.77000","CMDME Local","145.37000","144.77000","0"
"37","Dexter ME","DXTME Local|DXTME ME Event 1|DXTME ME Event 2|DXTME ME SW|DXTME NE Wide|DXTME NETAC1|DXTME NETAC2|DXTME NH SW|DXTME North Am|DXTME Northeast|DXTME Parrot|DXTME Reg North|DXTME SKYWARN|DXTME TAC310|DXTME TAC311|DXTME UA Eng1|DXTME UA Eng2|DXTME WW|DXTME Audio|DXTME TAC312|DXTME TAC316|DXTME CT SW|DXTME MA SW|DXTME RI SW|DXTME VT SW","145.22000|145.22000|145.22000|145.22000|145.22000|145.22000|145.22000|145.22000|145.22000|145.22000|145.22000|145.22000|145.22000|145.22000|145.22000|145.22000|145.22000|145.22000|145.22000|145.22000|145.22000|145.22000|145.22000|145.22000|145.22000","144.62000|144.62000|144.62000|144.62000|144.62000|144.62000|144.62000|144.62000|144.62000|144.62000|144.62000|144.62000|144.62000|144.62000|144.62000|144.62000|144.62000|144.62000|144.62000|144.62000|144.62000|144.62000|144.62000|144.62000|144.62000","DXTME ME SW","145.22000","144.62000","DXTME Local","145.22000","144.62000","0"
"38","Dresden ME","DRSME Local|DRSME ME Event 1|DRSME ME Event 2|DRSME ME SW|DRSME NE Wide|DRSME NETAC1|DRSME NETAC2|DRSME NH SW|DRSME North Am|DRSME Northeast|DRSME Parrot|DRSME Reg North|DRSME SKYWARN|DRSME TAC310|DRSME TAC311|DRSME UA Eng1|DRSME UA Eng2|DRSME WW|DRSME Audio|DRSME TAC312|DRSME CT SW|DRSME MA SW|DRSME RI SW|DRSME VT SW","145.43000|145.43000|145.43000|145.43000|145.43000|145.43000|145.43000|145.43000|145.43000|145.43000|145.43000|145.43000|145.43000|145.43000|145.43000|145.43000|145.43000|145.43000|145.43000|145.43000|145.43000|145.43000|145.43000|145.43000","144.83000|144.83000|144.83000|144.83000|144.83000|144.83000|144.83000|144.83000|144.83000|144.83000|144.83000|144.83000|144.83000|144.83000|144.83000|144.83000|144.83000|144.83000|144.83000|144.83000|144.83000|144.83000|144.83000|144.83000","DRSME ME SW","145.43000","144.83000","DRSME Local","145.43000","144.83000","0"
"39","Farmington ME","FRMME Local|FRMME ME Event 1|FRMME ME Event 2|FRMME ME SW|FRMME NE Wide|FRMME NH SW|FRMME North Am|FRMME Northeast|FRMME Parrot|FRMME Reg North|FRMME SKYWARN|FRMME WW|FRMME Audio|FRMME TAC310|FRMME TAC311|FRMME TAC312|FRMME NETAC1|FRMME FCEMA|FRMME CT SW|FRMME MA SW|FRMME RI SW|FRMME VT SW|FRMME NETAC2","442.40000|442.40000|442.40000|442.40000|442.40000|442.40000|442.40000|442.40000|442.40000|442.40000|442.40000|442.40000|442.40000|442.40000|442.40000|442.40000|442.40000|442.40000|442.40000|442.40000|442.40000|442.40000|442.40000","447.40000|447.40000|447.40000|447.40000|447.40000|447.40000|447.40000|447.40000|447.40000|447.40000|447.40000|447.40000|447.40000|447.40000|447.40000|447.40000|447.40000|447.40000|447.40000|447.40000|447.40000|447.40000|447.40000","FRMME ME SW","442.40000","447.40000","FRMME Local","442.40000","447.40000","0"
"40","Fort Kent ME","FTKME Local|FTKME ME Event 1|FTKME ME Event 2|FTKME ME SW|FTKME NE Wide|FTKME NETAC1|FTKME NETAC2|FTKME NEWBRNSWCK|FTKME NH SW|FTKME North Am|FTKME Northeast|FTKME Parrot|FTKME Reg North|FTKME SKYWARN|FTKME TAC310|FTKME TAC311|FTKME UA Eng1|FTKME UA Eng2|FTKME WW|FTKME Audio|FTKME TAC312|FTKME CT SW|FTKME MA SW|FTKME RI SW|FTKME VT SW","145.20000|145.20000|145.20000|145.20000|145.20000|145.20000|145.20000|145.20000|145.20000|145.20000|145.20000|145.20000|145.20000|145.20000|145.20000|145.20000|145.20000|145.20000|145.20000|145.20000|145.20000|145.20000|145.20000|145.20000|145.20000","144.60000|144.60000|144.60000|144.60000|144.60000|144.60000|144.60000|144.60000|144.60000|144.60000|144.60000|144.60000|144.60000|144.60000|144.60000|144.60000|144.60000|144.60000|144.60000|144.60000|144.60000|144.60000|144.60000|144.60000|144.60000","FTKME ME SW","145.20000","144.60000","FTKME Local","145.20000","144.60000","0"
"41","Gouldsboro ME","GLDME Local|GLDME ME Event 1|GLDME ME Event 2|GLDME ME SW|GLDME NE Wide|GLDME NETAC1|GLDME NETAC2|GLDME NEWBRNSWCK|GLDME NH SW|GLDME North Am|GLDME Northeast|GLDME Parrot|GLDME Reg North|GLDME SKYWARN|GLDME TAC310|GLDME TAC311|GLDME UA Eng1|GLDME UA Eng2|GLDME WW|GLDME Audio|GLDME TAC312|GLDME TAC316|GLDME CT SW|GLDME MA SW|GLDME RI SW|GLDME VT SW","145.21000|145.21000|145.21000|145.21000|145.21000|145.21000|145.21000|145.21000|145.21000|145.21000|145.21000|145.21000|145.21000|145.21000|145.21000|145.21000|145.21000|145.21000|145.21000|145.21000|145.21000|145.21000|145.21000|145.21000|145.21000|145.21000","144.61000|144.61000|144.61000|144.61000|144.61000|144.61000|144.61000|144.61000|144.61000|144.61000|144.61000|144.61000|144.61000|144.61000|144.61000|144.61000|144.61000|144.61000|144.61000|144.61000|144.61000|144.61000|144.61000|144.61000|144.61000|144.61000","GLDME ME SW","145.21000","144.61000","GLDME Local","145.21000","144.61000","0"
"42","Holden ME","HLDME Local|HLDME ME Event 1|HLDME ME Event 2|HLDME ME SW|HLDME NE Wide|HLDME NETAC1|HLDME NETAC2|HLDME NH SW|HLDME North Am|HLDME Northeast|HLDME Parrot|HLDME Reg North|HLDME SKYWARN|HLDME TAC310|HLDME TAC311|HLDME UA Eng1|HLDME UA Eng2|HLDME WW|HLDME Audio|HLDME TAC312|HLDME TAC316|HLDME CT SW|HLDME MA SW|HLDME RI SW|HLDME VT SW","145.31000|145.31000|145.31000|145.31000|145.31000|145.31000|145.31000|145.31000|145.31000|145.31000|145.31000|145.31000|145.31000|145.31000|145.31000|145.31000|145.31000|145.31000|145.31000|145.31000|145.31000|145.31000|145.31000|145.31000|145.31000","144.71000|144.71000|144.71000|144.71000|144.71000|144.71000|144.71000|144.71000|144.71000|144.71000|144.71000|144.71000|144.71000|144.71000|144.71000|144.71000|144.71000|144.71000|144.71000|144.71000|144.71000|144.71000|144.71000|144.71000|144.71000","HLDME ME SW","145.31000","144.71000","HLDME ME SW","145.31000","144.71000","0"
"43","Kibby Mtn ME","KBYME CT SW|KBYME Local|KBYME MA SW|KBYME ME Event 1|KBYME ME Event 2|KBYME ME SW|KBYME NE Wide|KBYME NETAC1|KBYME NETAC2|KBYME NH SW|KBYME North Am|KBYME Northeast|KBYME Parrot|KBYME Reg North|KBYME SKYWARN|KBYME TAC310|KBYME TAC311|KBYME UA Eng1|KBYME UA Eng2|KBYME VT SW|KBYME WW|KBYME Audio|KBYME TAC312|KBYME RI SW","145.12000|145.12000|145.12000|145.12000|145.12000|145.12000|145.12000|145.12000|145.12000|145.12000|145.12000|145.12000|145.12000|145.12000|145.12000|145.12000|145.12000|145.12000|145.12000|145.12000|145.12000|145.12000|145.12000|145.12000","144.52000|144.52000|144.52000|144.52000|144.52000|144.52000|144.52000|144.52000|144.52000|144.52000|144.52000|144.52000|144.52000|144.52000|144.52000|144.52000|144.52000|144.52000|144.52000|144.52000|144.52000|144.52000|144.52000|144.52000","KBYME ME SW","145.12000","144.52000","KBYME Local","145.12000","144.52000","0"
"44","Knox ME","KNXME Local|KNXME ME Event 1|KNXME ME Event 2|KNXME ME SW|KNXME NE Wide|KNXME NETAC1|KNXME NETAC2|KNXME NH SW|KNXME North Am|KNXME Northeast|KNXME Parrot|KNXME Reg North|KNXME SKYWARN|KNXME TAC310|KNXME TAC311|KNXME UA Eng1|KNXME UA Eng2|KNXME WW|KNXME Audio|KNXME TAC312|KNXME CT SW|KNXME MA SW|KNXME RI SW|KNXME VT SW","145.42000|145.42000|145.42000|145.42000|145.42000|145.42000|145.42000|145.42000|145.42000|145.42000|145.42000|145.42000|145.42000|145.42000|145.42000|145.42000|145.42000|145.42000|145.42000|145.42000|145.42000|145.42000|145.42000|145.42000","144.82000|144.82000|144.82000|144.82000|144.82000|144.82000|144.82000|144.82000|144.82000|144.82000|144.82000|144.82000|144.82000|144.82000|144.82000|144.82000|144.82000|144.82000|144.82000|144.82000|144.82000|144.82000|144.82000|144.82000","KNXME ME SW","145.42000","144.82000","KNXME Local","145.42000","144.82000","0"
"45","Lincoln ME","LNCME Local|LNCME ME Event 1|LNCME ME Event 2|LNCME ME SW|LNCME NE Wide|LNCME NETAC1|LNCME NETAC2|LNCME NEWBRNSWCK|LNCME NH SW|LNCME North Am|LNCME Northeast|LNCME Parrot|LNCME Reg North|LNCME SKYWARN|LNCME TAC310|LNCME TAC311|LNCME UA Eng1|LNCME UA Eng2|LNCME WW|LNCME Audio|LNCME TAC312|LNCME TAC316|LNCME CT SW|LNCME MA SW|LNCME RI SW|LNCME VT SW","145.35000|145.35000|145.35000|145.35000|145.35000|145.35000|145.35000|145.35000|145.35000|145.35000|145.35000|145.35000|145.35000|145.35000|145.35000|145.35000|145.35000|145.35000|145.35000|145.35000|145.35000|145.35000|145.35000|145.35000|145.35000|145.35000","144.75000|144.75000|144.75000|144.75000|144.75000|144.75000|144.75000|144.75000|144.75000|144.75000|144.75000|144.75000|144.75000|144.75000|144.75000|144.75000|144.75000|144.75000|144.75000|144.75000|144.75000|144.75000|144.75000|144.75000|144.75000|144.75000","LNCME ME SW","145.35000","144.75000","LNCME Local","145.35000","144.75000","0"
"46","Litchfield ME","LCHME Local|LCHME ME Event 1|LCHME ME Event 2|LCHME ME SW|LCHME NE Wide|LCHME NETAC1|LCHME NETAC2|LCHME NH SW|LCHME North Am|LCHME Northeast|LCHME Parrot|LCHME Reg North|LCHME SKYWARN|LCHME TAC310|LCHME TAC311|LCHME UA Eng1|LCHME UA Eng2|LCHME WW|LCHME Audio|LCHME TAC312|LCHME CT SW|LCHME MA SW|LCHME RI SW|LCHME VT SW","146.70000|146.70000|146.70000|146.70000|146.70000|146.70000|146.70000|146.70000|146.70000|146.70000|146.70000|146.70000|146.70000|146.70000|146.70000|146.70000|146.70000|146.70000|146.70000|146.70000|146.70000|146.70000|146.70000|146.70000","146.10000|146.10000|146.10000|146.10000|146.10000|146.10000|146.10000|146.10000|146.10000|146.10000|146.10000|146.10000|146.10000|146.10000|146.10000|146.10000|146.10000|146.10000|146.10000|146.10000|146.10000|146.10000|146.10000|146.10000","LCHME ME SW","146.70000","146.10000","LCHME ME SW","146.70000","146.10000","0"
"47","New Sharon ME","NSHME Local|NSHME ME Event 1|NSHME ME Event 2|NSHME ME SW|NSHME NE Wide|NSHME NETAC1|NSHME NETAC2|NSHME NH SW|NSHME North Am|NSHME Northeast|NSHME Parrot|NSHME Reg North|NSHME SKYWARN|NSHME TAC310|NSHME TAC311|NSHME UA Eng1|NSHME UA Eng2|NSHME WW|NSHME TAC312|NSHME CT SW|NSHME MA SW|NSHME RI SW|NSHME VT SW","145.14000|145.14000|145.14000|145.14000|145.14000|145.14000|145.14000|145.14000|145.14000|145.14000|145.14000|145.14000|145.14000|145.14000|145.14000|145.14000|145.14000|145.14000|145.14000|145.14000|145.14000|145.14000|145.14000","144.54000|144.54000|144.54000|144.54000|144.54000|144.54000|144.54000|144.54000|144.54000|144.54000|144.54000|144.54000|144.54000|144.54000|144.54000|144.54000|144.54000|144.54000|144.54000|144.54000|144.54000|144.54000|144.54000","NSHME ME SW","145.14000","144.54000","NSHME Local","145.14000","144.54000","0"
"48","Peru ME","PRUME CT SW|PRUME Local|PRUME MA SW|PRUME ME Event 1|PRUME ME Event 2|PRUME ME SW|PRUME NE Wide|PRUME NETAC1|PRUME NETAC2|PRUME NH SW|PRUME North Am|PRUME Northeast|PRUME Parrot|PRUME RI SW|PRUME SKYWARN|PRUME TAC310|PRUME TAC311|PRUME VT SW|PRUME WW|PRUME Audio|PRUME TAC312","145.19000|145.19000|145.19000|145.19000|145.19000|145.19000|145.19000|145.19000|145.19000|145.19000|145.19000|145.19000|145.19000|145.19000|145.19000|145.19000|145.19000|145.19000|145.19000|145.19000|145.19000","144.59000|144.59000|144.59000|144.59000|144.59000|144.59000|144.59000|144.59000|144.59000|144.59000|144.59000|144.59000|144.59000|144.59000|144.59000|144.59000|144.59000|144.59000|144.59000|144.59000|144.59000","PRUME ME SW","145.19000","144.59000","PRUME ME SW","145.19000","144.59000","0"
"49","Portland ME","PTLME Local|PTLME ME Event 1|PTLME ME Event 2|PTLME ME SW|PTLME NE Wide|PTLME NETAC1|PTLME NETAC2|PTLME NH SW|PTLME North Am|PTLME Northeast|PTLME Parrot|PTLME Reg North|PTLME SKYWARN|PTLME TAC310|PTLME TAC311|PTLME UA Eng1|PTLME UA Eng2|PTLME WW|PTLME Audio|PTLME TAC316|PTLME CT SW|PTLME MA SW|PTLME RI SW|PTLME VT SW","145.34000|145.34000|145.34000|145.34000|145.34000|145.34000|145.34000|145.34000|145.34000|145.34000|145.34000|145.34000|145.34000|145.34000|145.34000|145.34000|145.34000|145.34000|145.34000|145.34000|145.34000|145.34000|145.34000|145.34000","144.74000|144.74000|144.74000|144.74000|144.74000|144.74000|144.74000|144.74000|144.74000|144.74000|144.74000|144.74000|144.74000|144.74000|144.74000|144.74000|144.74000|144.74000|144.74000|144.74000|144.74000|144.74000|144.74000|144.74000","PTLME ME SW","145.34000","144.74000","PTLME ME SW","145.34000","144.74000","0"
"50","Presque Isle ME","PQIME Local|PQIME ME Event 1|PQIME ME Event 2|PQIME ME SW|PQIME NE Wide|PQIME NETAC1|PQIME NETAC2|PQIME NEWBRNSWCK|PQIME NH SW|PQIME North Am|PQIME Northeast|PQIME Parrot|PQIME Reg North|PQIME SKYWARN|PQIME TAC310|PQIME TAC311|PQIME UA Eng1|PQIME UA Eng2|PQIME WW|PQIME Audio|PQIME TAC312|PQIME CT SW|PQIME MA SW|PQIME RI SW|PQIME VT SW","145.18000|145.18000|145.18000|145.18000|145.18000|145.18000|145.18000|145.18000|145.18000|145.18000|145.18000|145.18000|145.18000|145.18000|145.18000|145.18000|145.18000|145.18000|145.18000|145.18000|145.18000|145.18000|145.18000|145.18000|145.18000","144.58000|144.58000|144.58000|144.58000|144.58000|144.58000|144.58000|144.58000|144.58000|144.58000|144.58000|144.58000|144.58000|144.58000|144.58000|144.58000|144.58000|144.58000|144.58000|144.58000|144.58000|144.58000|144.58000|144.58000|144.58000","PQIME ME SW","145.18000","144.58000","PQIME Local","145.18000","144.58000","0"
"51","Shapleigh ME","SHPME Local|SHPME ME Event 1|SHPME ME Event 2|SHPME ME SW|SHPME NE Wide|SHPME NETAC1|SHPME NETAC2|SHPME NH SW|SHPME North Am|SHPME Northeast|SHPME Parrot|SHPME Reg North|SHPME SKYWARN|SHPME TAC310|SHPME TAC311|SHPME UA Eng1|SHPME UA Eng2|SHPME VT SW|SHPME WW|SHPME Audio|SHPME CT SW|SHPME MA SW|SHPME RI SW","145.11000|145.11000|145.11000|145.11000|145.11000|145.11000|145.11000|145.11000|145.11000|145.11000|145.11000|145.11000|145.11000|145.11000|145.11000|145.11000|145.11000|145.11000|145.11000|145.11000|145.11000|145.11000|145.11000","144.51000|144.51000|144.51000|144.51000|144.51000|144.51000|144.51000|144.51000|144.51000|144.51000|144.51000|144.51000|144.51000|144.51000|144.51000|144.51000|144.51000|144.51000|144.51000|144.51000|144.51000|144.51000|144.51000","SHPME ME SW","145.11000","144.51000","SHPME ME SW","145.11000","144.51000","0"
"52","Smyrna ME","SMYME Local|SMYME ME Event 1|SMYME ME Event 2|SMYME ME SW|SMYME NE Wide|SMYME NETAC1|SMYME NETAC2|SMYME NEWBRNSWCK|SMYME NH SW|SMYME North Am|SMYME Northeast|SMYME Parrot|SMYME Reg North|SMYME SKYWARN|SMYME TAC310|SMYME TAC311|SMYME UA Eng1|SMYME UA Eng2|SMYME WW|SMYME Audio|SMYME TAC312|SMYME CT SW|SMYME MA SW|SMYME RI SW|SMYME VT SW","145.19000|145.19000|145.19000|145.19000|145.19000|145.19000|145.19000|145.19000|145.19000|145.19000|145.19000|145.19000|145.19000|145.19000|145.19000|145.19000|145.19000|145.19000|145.19000|145.19000|145.19000|145.19000|145.19000|145.19000|145.19000","144.59000|144.59000|144.59000|144.59000|144.59000|144.59000|144.59000|144.59000|144.59000|144.59000|144.59000|144.59000|144.59000|144.59000|144.59000|144.59000|144.59000|144.59000|144.59000|144.59000|144.59000|144.59000|144.59000|144.59000|144.59000","SMYME ME SW","145.19000","144.59000","SMYME Local","145.19000","144.59000","0"
"53","Topsham ME","TPMME Local|TPMME ME Event 1|TPMME ME Event 2|TPMME ME SW|TPMME NE Wide|TPMME NETAC1|TPMME NETAC2|TPMME NH SW|TPMME North Am|TPMME Northeast|TPMME Parrot|TPMME Reg North|TPMME SKYWARN|TPMME TAC310|TPMME TAC311|TPMME UA Eng1|TPMME UA Eng2|TPMME WW","145.19000|145.19000|145.19000|145.19000|145.19000|145.19000|145.19000|145.19000|145.19000|145.19000|145.19000|145.19000|145.19000|145.19000|145.19000|145.19000|145.19000|145.19000","144.59000|144.59000|144.59000|144.59000|144.59000|144.59000|144.59000|144.59000|144.59000|144.59000|144.59000|144.59000|144.59000|144.59000|144.59000|144.59000|144.59000|144.59000","TPMME ME SW","145.19000","144.59000","TPMME Local","145.19000","144.59000","0"
"54","Waterville ME","WTVME Local|WTVME ME Event 1|WTVME ME Event 2|WTVME ME SW|WTVME NE Wide|WTVME NETAC1|WTVME NETAC2|WTVME NH SW|WTVME North Am|WTVME Northeast|WTVME Parrot|WTVME Reg North|WTVME SKYWARN|WTVME TAC310|WTVME TAC311|WTVME UA Eng1|WTVME UA Eng2|WTVME WW|WTVME Audio|WTVME TAC312|WTVME CT SW|WTVME MA SW|WTVME RI SW|WTVME VT SW","146.92500|146.92500|146.92500|146.92500|146.92500|146.92500|146.92500|146.92500|146.92500|146.92500|146.92500|146.92500|146.92500|146.92500|146.92500|146.92500|146.92500|146.92500|146.92500|146.92500|146.92500|146.92500|146.92500|146.92500","146.32500|146.32500|146.32500|146.32500|146.32500|146.32500|146.32500|146.32500|146.32500|146.32500|146.32500|146.32500|146.32500|146.32500|146.32500|146.32500|146.32500|146.32500|146.32500|146.32500|146.32500|146.32500|146.32500|146.32500","WTVME Local","146.92500","146.32500","WTVME Local","146.92500","146.32500","0"
"55","Bow NH","BOWNH Local|BOWNH NH SW|BOWNH Reg North|BOWNH NE Wide|BOWNH NETAC2|BOWNH NETAC1|BOWNH UA Eng1|BOWNH UA Eng2|BOWNH TAC310|BOWNH TAC311|BOWNH Northeast|BOWNH North Am|BOWNH WW|BOWNH SKYWARN|BOWNH Parrot|BOWNH Audio|BOWNH TAC316|BOWNH CT SW|BOWNH MA SW|BOWNH ME SW|BOWNH RI SW|BOWNH VT SW","145.17000|145.17000|145.17000|145.17000|145.17000|145.17000|145.17000|145.17000|145.17000|145.17000|145.17000|145.17000|145.17000|145.17000|145.17000|145.17000|145.17000|145.17000|145.17000|145.17000|145.17000|145.17000","144.57000|144.57000|144.57000|144.57000|144.57000|144.57000|144.57000|144.57000|144.57000|144.57000|144.57000|144.57000|144.57000|144.57000|144.57000|144.57000|144.57000|144.57000|144.57000|144.57000|144.57000|144.57000","BOWNH NH SW","145.17000","144.57000","BOWNH Local","145.17000","144.57000","0"
"56","Campton NH","CMPNH Local|CMPNH NH SW|CMPNH ME SW|CMPNH MA SW|CMPNH VT SW|CMPNH CT SW|CMPNH Reg North|CMPNH NE Wide|CMPNH NETAC2|CMPNH NETAC1|CMPNH UA Eng1|CMPNH UA Eng2|CMPNH TAC310|CMPNH TAC311|CMPNH Northeast|CMPNH North Am|CMPNH WW|CMPNH SKYWARN|CMPNH Parrot|CMPNH Audio|CMPNH RI SW","145.18000|145.18000|145.18000|145.18000|145.18000|145.18000|145.18000|145.18000|145.18000|145.18000|145.18000|145.18000|145.18000|145.18000|145.18000|145.18000|145.18000|145.18000|145.18000|145.18000|145.18000","144.58000|144.58000|144.58000|144.58000|144.58000|144.58000|144.58000|144.58000|144.58000|144.58000|144.58000|144.58000|144.58000|144.58000|144.58000|144.58000|144.58000|144.58000|144.58000|144.58000|144.58000","CMPNH NH SW","145.18000","144.58000","CMPNH Local","145.18000","144.58000","0"
"57","Chester NH","CHSNH Local|CHSNH NH SW|CHSNH MA SW|CHSNH ME SW|CHSNH Reg North|CHSNH NE Wide|CHSNH NETAC2|CHSNH NETAC1|CHSNH UA Eng1|CHSNH UA Eng2|CHSNH TAC310|CHSNH TAC311|CHSNH Northeast|CHSNH North Am|CHSNH WW|CHSNH SKYWARN|CHSNH Parrot|CHSNH Audio|CHSNH CT SW|CHSNH RI SW|CHSNH VT SW","145.19000|145.19000|145.19000|145.19000|145.19000|145.19000|145.19000|145.19000|145.19000|145.19000|145.19000|145.19000|145.19000|145.19000|145.19000|145.19000|145.19000|145.19000|145.19000|145.19000|145.19000","144.59000|144.59000|144.59000|144.59000|144.59000|144.59000|144.59000|144.59000|144.59000|144.59000|144.59000|144.59000|144.59000|144.59000|144.59000|144.59000|144.59000|144.59000|144.59000|144.59000|144.59000","CHSNH NH SW","145.19000","144.59000","CHSNH Local","145.19000","144.59000","0"
"58","Clarksville NH","CLKNH Local|CLKNH NH SW|CLKNH VT SW|CLKNH Reg North|CLKNH NE Wide|CLKNH COOS|CLKNH NETAC2|CLKNH NETAC1|CLKNH UA Eng1|CLKNH UA Eng2|CLKNH TAC310|CLKNH TAC311|CLKNH Northeast|CLKNH North Am|CLKNH WW|CLKNH SKYWARN|CLKNH Parrot|CLKNH Audio|CLKNH CT SW|CLKNH MA SW|CLKNH ME SW|CLKNH RI SW","145.25000|145.25000|145.25000|145.25000|145.25000|145.25000|145.25000|145.25000|145.25000|145.25000|145.25000|145.25000|145.25000|145.25000|145.25000|145.25000|145.25000|145.25000|145.25000|145.25000|145.25000|145.25000","144.65000|144.65000|144.65000|144.65000|144.65000|144.65000|144.65000|144.65000|144.65000|144.65000|144.65000|144.65000|144.65000|144.65000|144.65000|144.65000|144.65000|144.65000|144.65000|144.65000|144.65000|144.65000","CLKNH NH SW","145.25000","144.65000","CLKNH Local","145.25000","144.65000","0"
"59","Concord NH","CNCNH Local|CNCNH NH SW|CNCNH Reg North|CNCNH NE Wide|CNCNH NETAC2|CNCNH NETAC1|CNCNH UA Eng1|CNCNH UA Eng2|CNCNH TAC310|CNCNH TAC311|CNCNH Northeast|CNCNH North Am|CNCNH WW|CNCNH SKYWARN|CNCNH Parrot|CNCNH Audio|CNCNH CT SW|CNCNH MA SW|CNCNH ME SW|CNCNH RI SW|CNCNH VT SW","145.42000|145.42000|145.42000|145.42000|145.42000|145.42000|145.42000|145.42000|145.42000|145.42000|145.42000|145.42000|145.42000|145.42000|145.42000|145.42000|145.42000|145.42000|145.42000|145.42000|145.42000","144.82000|144.82000|144.82000|144.82000|144.82000|144.82000|144.82000|144.82000|144.82000|144.82000|144.82000|144.82000|144.82000|144.82000|144.82000|144.82000|144.82000|144.82000|144.82000|144.82000|144.82000","CNCNH NH SW","145.42000","144.82000","CNCNH Local","145.42000","144.82000","0"
"60","Crotched MT NH","CMTNH Local|CMTNH NH SW|CMTNH MA SW|CMTNH VT SW|CMTNH Reg North|CMTNH NE Wide|CMTNH NETAC2|CMTNH NETAC1|CMTNH UA Eng1|CMTNH UA Eng2|CMTNH TAC310|CMTNH TAC311|CMTNH Northeast|CMTNH North Am|CMTNH WW|CMTNH SKYWARN|CMTNH Parrot|CMTNH Audio|CMTNH CT SW|CMTNH ME SW|CMTNH RI SW","446.97500|446.97500|446.97500|446.97500|446.97500|446.97500|446.97500|446.97500|446.97500|446.97500|446.97500|446.97500|446.97500|446.97500|446.97500|446.97500|446.97500|446.97500|446.97500|446.97500|446.97500","441.97500|441.97500|441.97500|441.97500|441.97500|441.97500|441.97500|441.97500|441.97500|441.97500|441.97500|441.97500|441.97500|441.97500|441.97500|441.97500|441.97500|441.97500|441.97500|441.97500|441.97500","CMTNH NH SW","446.97500","441.97500","CMTNH Local","446.97500","441.97500","0"
"61","Derry NH","DRYNH Local|DRYNH NH SW|DRYNH Reg North|DRYNH NE Wide|DRYNH NETAC2|DRYNH NETAC1|DRYNH UA Eng1|DRYNH UA Eng2|DRYNH TAC310|DRYNH TAC311|DRYNH Northeast|DRYNH North Am|DRYNH WW|DRYNH SKYWARN|DRYNH Parrot|DRYNH Audio|DRYNH CT SW|DRYNH MA SW|DRYNH ME SW|DRYNH RI SW|DRYNH VT SW","145.31000|145.31000|145.31000|145.31000|145.31000|145.31000|145.31000|145.31000|145.31000|145.31000|145.31000|145.31000|145.31000|145.31000|145.31000|145.31000|145.31000|145.31000|145.31000|145.31000|145.31000","144.71000|144.71000|144.71000|144.71000|144.71000|144.71000|144.71000|144.71000|144.71000|144.71000|144.71000|144.71000|144.71000|144.71000|144.71000|144.71000|144.71000|144.71000|144.71000|144.71000|144.71000","DRYNH NH SW","145.31000","144.71000","DRYNH Local","145.31000","144.71000","0"
"62","Franklin NH","FRNNH Local|FRNNH NH SW|FRNNH ME SW|FRNNH MA SW|FRNNH VT SW|FRNNH CT SW|FRNNH Reg North|FRNNH NE Wide|FRNNH NETAC2|FRNNH NETAC1|FRNNH UA Eng1|FRNNH UA Eng2|FRNNH TAC310|FRNNH TAC311|FRNNH Northeast|FRNNH North Am|FRNNH WW|FRNNH SKYWARN|FRNNH Parrot|FRNNH Audio|FRNNH RI SW|FRNNH NH Lakes","145.46000|145.46000|145.46000|145.46000|145.46000|145.46000|145.46000|145.46000|145.46000|145.46000|145.46000|145.46000|145.46000|145.46000|145.46000|145.46000|145.46000|145.46000|145.46000|145.46000|145.46000|145.46000","144.86000|144.86000|144.86000|144.86000|144.86000|144.86000|144.86000|144.86000|144.86000|144.86000|144.86000|144.86000|144.86000|144.86000|144.86000|144.86000|144.86000|144.86000|144.86000|144.86000|144.86000|144.86000","FRNNH NH SW","145.46000","144.86000","FRNNH Local","145.46000","144.86000","0"
"63","Gilford NH","GILFNH Local|GILFNH NH SW|GILFNH MA SW|GILFNH VT SW|GILFNH Reg North|GILFNH NE Wide|GILFNH NETAC2|GILFNH NETAC1|GILFNH UA Eng1|GILFNH UA Eng2|GILFNH TAC310|GILFNH TAC311|GILFNH Northeast|GILFNH North Am|GILFNH WW|GILFNH SKYWARN|GILFNH Parrot|GILFNH Audio|GILFNH TAC316|GILFNH CT SW|GILFNH ME SW|GILFNH RI SW","449.42500|449.42500|449.42500|449.42500|449.42500|449.42500|449.42500|449.42500|449.42500|449.42500|449.42500|449.42500|449.42500|449.42500|449.42500|449.42500|449.42500|449.42500|449.42500|449.42500|449.42500|449.42500","444.42500|444.42500|444.42500|444.42500|444.42500|444.42500|444.42500|444.42500|444.42500|444.42500|444.42500|444.42500|444.42500|444.42500|444.42500|444.42500|444.42500|444.42500|444.42500|444.42500|444.42500|444.42500","GILFNH NH SW","449.42500","444.42500","GILFNH Local","449.42500","444.42500","0"
"64","Goffstown UHF NH","GOFUNH Local|GOFUNH NH SW|GOFUNH ME SW|GOFUNH MA SW|GOFUNH VT SW|GOFUNH CT SW|GOFUNH Reg North|GOFUNH NE Wide|GOFUNH NETAC2|GOFUNH NETAC1|GOFUNH UA Eng1|GOFUNH UA Eng2|GOFUNH TAC310|GOFUNH TAC311|GOFUNH Northeast|GOFUNH North Am|GOFUNH WW|GOFUNH SKYWARN|GOFUNH Parrot","444.30000|444.30000|444.30000|444.30000|444.30000|444.30000|444.30000|444.30000|444.30000|444.30000|444.30000|444.30000|444.30000|444.30000|444.30000|444.30000|444.30000|444.30000|444.30000","449.30000|449.30000|449.30000|449.30000|449.30000|449.30000|449.30000|449.30000|449.30000|449.30000|449.30000|449.30000|449.30000|449.30000|449.30000|449.30000|449.30000|449.30000|449.30000","GOFUNH NH SW","444.30000","449.30000","GOFUNH Local","444.30000","449.30000","0"
"65","Gofftstown NH","GOFNH Local|GOFNH NH SW|GOFNH MA SW|GOFNH Reg North|GOFNH NE Wide|GOFNH NETAC2|GOFNH NETAC1|GOFNH UA Eng1|GOFNH UA Eng2|GOFNH TAC310|GOFNH TAC311|GOFNH Northeast|GOFNH North Am|GOFNH WW|GOFNH SKYWARN|GOFNH Parrot|GOFNH Audio|GOFNH TAC316|GOFNH CT SW|GOFNH ME SW|GOFNH RI SW|GOFNH VT SW","145.22000|145.22000|145.22000|145.22000|145.22000|145.22000|145.22000|145.22000|145.22000|145.22000|145.22000|145.22000|145.22000|145.22000|145.22000|145.22000|145.22000|145.22000|145.22000|145.22000|145.22000|145.22000","144.62000|144.62000|144.62000|144.62000|144.62000|144.62000|144.62000|144.62000|144.62000|144.62000|144.62000|144.62000|144.62000|144.62000|144.62000|144.62000|144.62000|144.62000|144.62000|144.62000|144.62000|144.62000","GOFNH NH SW","145.22000","144.62000","GOFNH Local","145.22000","144.62000","0"
"66","Gunstock NH UHF","GNUNH Local|GNUNH NH SW|GNUNH MA SW|GNUNH ME SW|GNUNH VT SW|GNUNH Reg North|GNUNH NE Wide|GNUNH NETAC2|GNUNH NETAC1|GNUNH UA Eng1|GNUNH UA Eng2|GNUNH TAC310|GNUNH TAC311|GNUNH Northeast|GNUNH North Am|GNUNH WW|GNUNH SKYWARN|GNUNH Parrot|GNUNH NH Lakes","447.87500|447.87500|447.87500|447.87500|447.87500|447.87500|447.87500|447.87500|447.87500|447.87500|447.87500|447.87500|447.87500|447.87500|447.87500|447.87500|447.87500|447.87500|447.87500","442.87500|442.87500|442.87500|442.87500|442.87500|442.87500|442.87500|442.87500|442.87500|442.87500|442.87500|442.87500|442.87500|442.87500|442.87500|442.87500|442.87500|442.87500|442.87500","GNUNH NH SW","447.87500","442.87500","GNUNH Local","447.87500","442.87500","0"
"67","Gunstock NH VHF","GNVNH Local|GNVNH NH SW|GNVNH Reg North|GNVNH NE Wide|GNVNH NETAC2|GNVNH NETAC1|GNVNH UA Eng1|GNVNH UA Eng2|GNVNH TAC311|GNVNH Northeast|GNVNH North Am|GNVNH WW|GNVNH SKYWARN|GNVNH Parrot|GNVNH Audio|GNVNH TAC310|GNVNH CT SW|GNVNH MA SW|GNVNH ME SW|GNVNH RI SW|GNVNH VT SW|GNVNH TAC316|GNVNH NH Lakes","145.36000|145.36000|145.36000|145.36000|145.36000|145.36000|145.36000|145.36000|145.36000|145.36000|145.36000|145.36000|145.36000|145.36000|145.36000|145.36000|145.36000|145.36000|145.36000|145.36000|145.36000|145.36000|145.36000","144.76000|144.76000|144.76000|144.76000|144.76000|144.76000|144.76000|144.76000|144.76000|144.76000|144.76000|144.76000|144.76000|144.76000|144.76000|144.76000|144.76000|144.76000|144.76000|144.76000|144.76000|144.76000|144.76000","GNVNH NH SW","145.36000","144.76000","GNVNH Local","145.36000","144.76000","0"
"68","Hanover NH","HANNH Local|HANNH NH SW|HANNH ME SW|HANNH MA SW|HANNH VT SW|HANNH CT SW|HANNH Reg North|HANNH NE Wide|HANNH NETAC2|HANNH NETAC1|HANNH UA Eng1|HANNH UA Eng2|HANNH TAC310|HANNH TAC311|HANNH Northeast|HANNH North Am|HANNH WW|HANNH SKYWARN|HANNH Parrot|HANNH Audio|HANNH RI SW","146.64000|146.64000|146.64000|146.64000|146.64000|146.64000|146.64000|146.64000|146.64000|146.64000|146.64000|146.64000|146.64000|146.64000|146.64000|146.64000|146.64000|146.64000|146.64000|146.64000|146.64000","146.04000|146.04000|146.04000|146.04000|146.04000|146.04000|146.04000|146.04000|146.04000|146.04000|146.04000|146.04000|146.04000|146.04000|146.04000|146.04000|146.04000|146.04000|146.04000|146.04000|146.04000","HANNH NH SW","146.64000","146.04000","HANNH Local","146.64000","146.04000","0"
"69","Henniker NH","HNKNH CT SW|HNKNH Local|HNKNH MA SW|HNKNH ME SW|HNKNH NE Wide|HNKNH NETAC1|HNKNH NETAC2|HNKNH NH SW|HNKNH North Am|HNKNH Northeast|HNKNH Parrot|HNKNH RI SW|HNKNH SKYWARN|HNKNH TAC310|HNKNH TAC311|HNKNH VT SW|HNKNH WW|HNKNH Audio","448.57500|448.57500|448.57500|448.57500|448.57500|448.57500|448.57500|448.57500|448.57500|448.57500|448.57500|448.57500|448.57500|448.57500|448.57500|448.57500|448.57500|448.57500","443.57500|443.57500|443.57500|443.57500|443.57500|443.57500|443.57500|443.57500|443.57500|443.57500|443.57500|443.57500|443.57500|443.57500|443.57500|443.57500|443.57500|443.57500","HNKNH NH SW","448.57500","443.57500","HNKNH NH SW","448.57500","443.57500","0"
"70","Hudson NE1B NH","HUDNE1B Local|HUDNE1B NH SW|HUDNE1B ME SW|HUDNE1B MA SW|HUDNE1B VT SW|HUDNE1B CT SW|HUDNE1B Reg N|HUDNE1B NE Wide|HUDNE1B NETAC2|HUDNE1B NETAC1|HUDNE1B UA Eng1|HUDNE1B UA Eng2|HUDNE1B TAC310|HUDNE1B TAC311|HUDNE1B Neast|HUDNE1B North Am|HUDNE1B WW|HUDNE1B SKYWARN|HUDNE1B Parrot","147.10500|147.10500|147.10500|147.10500|147.10500|147.10500|147.10500|147.10500|147.10500|147.10500|147.10500|147.10500|147.10500|147.10500|147.10500|147.10500|147.10500|147.10500|147.10500","147.70500|147.70500|147.70500|147.70500|147.70500|147.70500|147.70500|147.70500|147.70500|147.70500|147.70500|147.70500|147.70500|147.70500|147.70500|147.70500|147.70500|147.70500|147.70500","HUDNE1B NH SW","147.10500","147.70500","HUDNE1B Local","147.10500","147.70500","0"
"71","Hudson NH UHF","HDUNH Local|HDUNH NH SW|HDUNH CT SW|HDUNH MA SW|HDUNH VT SW|HDUNH Reg North|HDUNH NE Wide|HDUNH NETAC2|HDUNH NETAC1|HDUNH UA Eng1|HDUNH UA Eng2|HDUNH TAC310|HDUNH TAC311|HDUNH Northeast|HDUNH North Am|HDUNH WW|HDUNH SKYWARN|HDUNH Parrot","447.72500|447.72500|447.72500|447.72500|447.72500|447.72500|447.72500|447.72500|447.72500|447.72500|447.72500|447.72500|447.72500|447.72500|447.72500|447.72500|447.72500|447.72500","442.72500|442.72500|442.72500|442.72500|442.72500|442.72500|442.72500|442.72500|442.72500|442.72500|442.72500|442.72500|442.72500|442.72500|442.72500|442.72500|442.72500|442.72500","HDUNH NH SW","447.72500","442.72500","HDUNH Local","447.72500","442.72500","0"
"72","Hudson NH VHF","HDVNH Local|HDVNH NH SW|HDVNH Reg North|HDVNH NE Wide|HDVNH NETAC2|HDVNH NETAC1|HDVNH UA Eng1|HDVNH UA Eng2|HDVNH TAC310|HDVNH TAC311|HDVNH Northeast|HDVNH North Am|HDVNH WW|HDVNH SKYWARN|HDVNH Parrot|HDVNH Audio|HDVNH TAC316|HDVNH CT SW|HDVNH MA SW|HDVNH ME SW|HDVNH RI SW|HDVNH VT SW","145.26000|145.26000|145.26000|145.26000|145.26000|145.26000|145.26000|145.26000|145.26000|145.26000|145.26000|145.26000|145.26000|145.26000|145.26000|145.26000|145.26000|145.26000|145.26000|145.26000|145.26000|145.26000","144.66000|144.66000|144.66000|144.66000|144.66000|144.66000|144.66000|144.66000|144.66000|144.66000|144.66000|144.66000|144.66000|144.66000|144.66000|144.66000|144.66000|144.66000|144.66000|144.66000|144.66000|144.66000","HDVNH NH SW","145.26000","144.66000","HDVNH Local","145.26000","144.66000","0"
"73","Keene NH","KNENH Local|KNENH NH SW|KNENH MA SW|KNENH VT SW|KNENH Reg North|KNENH NE Wide|KNENH NETAC2|KNENH NETAC1|KNENH UA Eng1|KNENH UA Eng2|KNENH TAC310|KNENH TAC311|KNENH Northeast|KNENH North Am|KNENH WW|KNENH SKYWARN|KNENH Parrot|KNENH Audio|KNENH CT SW|KNENH ME SW|KNENH RI SW","444.65000|444.65000|444.65000|444.65000|444.65000|444.65000|444.65000|444.65000|444.65000|444.65000|444.65000|444.65000|444.65000|444.65000|444.65000|444.65000|444.65000|444.65000|444.65000|444.65000|444.65000","449.65000|449.65000|449.65000|449.65000|449.65000|449.65000|449.65000|449.65000|449.65000|449.65000|449.65000|449.65000|449.65000|449.65000|449.65000|449.65000|449.65000|449.65000|449.65000|449.65000|449.65000","KNENH NH SW","444.65000","449.65000","KNENH Local","444.65000","449.65000","0"
"74","Lyndeborough NH","LYNDNH Local|LYNDNH NH SW|LYNDNH ME SW|LYNDNH MA SW|LYNDNH VT SW|LYNDNH CT SW|LYNDNH Reg North|LYNDNH NE Wide|LYNDNH NETAC2|LYNDNH NETAC1|LYNDNH UA Eng1|LYNDNH UA Eng2|LYNDNH TAC310|LYNDNH TAC311|LYNDNH Northeast|LYNDNH North Am|LYNDNH WW|LYNDNH SKYWARN|LYNDNH Parrot","443.93750|443.93750|443.93750|443.93750|443.93750|443.93750|443.93750|443.93750|443.93750|443.93750|443.93750|443.93750|443.93750|443.93750|443.93750|443.93750|443.93750|443.93750|443.93750","448.93750|448.93750|448.93750|448.93750|448.93750|448.93750|448.93750|448.93750|448.93750|448.93750|448.93750|448.93750|448.93750|448.93750|448.93750|448.93750|448.93750|448.93750|448.93750","LYNDNH NH SW","443.93750","448.93750","LYNDNH Local","443.93750","448.93750","0"
"75","Mt Washington NH","MTWNH Local|MTWNH ME SW|MTWNH NH SW|MTWNH Reg North|MTWNH NE Wide|MTWNH NETAC2|MTWNH NETAC1|MTWNH UA Eng1|MTWNH UA Eng2|MTWNH TAC310|MTWNH TAC311|MTWNH Northeast|MTWNH North Am|MTWNH WW|MTWNH SKYWARN|MTWNH Parrot|MTWNH Audio|MTWNH TAC316|MTWNH CT SW|MTWNH MA SW|MTWNH RI SW|MTWNH COOS|MTWNH VT SW","448.97500|448.97500|448.97500|448.97500|448.97500|448.97500|448.97500|448.97500|448.97500|448.97500|448.97500|448.97500|448.97500|448.97500|448.97500|448.97500|448.97500|448.97500|448.97500|448.97500|448.97500|448.97500|448.97500","443.97500|443.97500|443.97500|443.97500|443.97500|443.97500|443.97500|443.97500|443.97500|443.97500|443.97500|443.97500|443.97500|443.97500|443.97500|443.97500|443.97500|443.97500|443.97500|443.97500|443.97500|443.97500|443.97500","MTWNH ME SW","448.97500","443.97500","MTWNH Local","448.97500","443.97500","0"
"76","North Conway NH","NCWNH Local|NCWNH NH SW|NCWNH ME SW|NCWNH Reg North|NCWNH NE Wide|NCWNH NETAC2|NCWNH NETAC1|NCWNH UA Eng1|NCWNH UA Eng2|NCWNH TAC310|NCWNH TAC311|NCWNH Northeast|NCWNH North Am|NCWNH WW|NCWNH SKYWARN|NCWNH Parrot|NCWNH Audio|NCWNH CT SW|NCWNH MA SW|NCWNH RI SW|NCWNH VT SW","448.77500|448.77500|448.77500|448.77500|448.77500|448.77500|448.77500|448.77500|448.77500|448.77500|448.77500|448.77500|448.77500|448.77500|448.77500|448.77500|448.77500|448.77500|448.77500|448.77500|448.77500","443.77500|443.77500|443.77500|443.77500|443.77500|443.77500|443.77500|443.77500|443.77500|443.77500|443.77500|443.77500|443.77500|443.77500|443.77500|443.77500|443.77500|443.77500|443.77500|443.77500|443.77500","NCWNH NH SW","448.77500","443.77500","NCWNH Local","448.77500","443.77500","0"
"77","Portsmouth NH","PSMNH CT SW|PSMNH Local|PSMNH MA SW|PSMNH ME SW|PSMNH NE Wide|PSMNH NETAC1|PSMNH NETAC2|PSMNH NH SW|PSMNH North Am|PSMNH Northeast|PSMNH Parrot|PSMNH RI SW|PSMNH SKYWARN|PSMNH TAC310|PSMNH TAC311|PSMNH VT SW|PSMNH WW|PSMNH Audio","444.55000|444.55000|444.55000|444.55000|444.55000|444.55000|444.55000|444.55000|444.55000|444.55000|444.55000|444.55000|444.55000|444.55000|444.55000|444.55000|444.55000|444.55000","449.55000|449.55000|449.55000|449.55000|449.55000|449.55000|449.55000|449.55000|449.55000|449.55000|449.55000|449.55000|449.55000|449.55000|449.55000|449.55000|449.55000|449.55000","PSMNH NH SW","444.55000","449.55000","PSMNH NH SW","444.55000","449.55000","0"
"78","Rochester NH","RCHNH Local|RCHNH NH SW|RCHNH ME SW|RCHNH Reg North|RCHNH NE Wide|RCHNH NETAC2|RCHNH NETAC1|RCHNH UA Eng1|RCHNH UA Eng2|RCHNH TAC310|RCHNH TAC311|RCHNH Northeast|RCHNH North Am|RCHNH WW|RCHNH SKYWARN|RCHNH Parrot|RCHNH Audio|RCHNH CT SW|RCHNH MA SW|RCHNH RI SW|RCHNH VT SW","145.24000|145.24000|145.24000|145.24000|145.24000|145.24000|145.24000|145.24000|145.24000|145.24000|145.24000|145.24000|145.24000|145.24000|145.24000|145.24000|145.24000|145.24000|145.24000|145.24000|145.24000","144.64000|144.64000|144.64000|144.64000|144.64000|144.64000|144.64000|144.64000|144.64000|144.64000|144.64000|144.64000|144.64000|144.64000|144.64000|144.64000|144.64000|144.64000|144.64000|144.64000|144.64000","RCHNH NH SW","145.24000","144.64000","RCHNH Local","145.24000","144.64000","0"
"79","Sanbornton NH","SANNH Local|SANNH NH SW|SANNH Reg North|SANNH NE Wide|SANNH NETAC2|SANNH NETAC1|SANNH UA Eng1|SANNH UA Eng2|SANNH TAC310|SANNH TAC311|SANNH Northeast|SANNH North Am|SANNH WW|SANNH SKYWARN|SANNH Parrot|SANNH Audio|SANNH CT SW|SANNH MA SW|SANNH ME SW|SANNH RI SW|SANNH VT SW","145.18000|145.18000|145.18000|145.18000|145.18000|145.18000|145.18000|145.18000|145.18000|145.18000|145.18000|145.18000|145.18000|145.18000|145.18000|145.18000|145.18000|145.18000|145.18000|145.18000|145.18000","144.58000|144.58000|144.58000|144.58000|144.58000|144.58000|144.58000|144.58000|144.58000|144.58000|144.58000|144.58000|144.58000|144.58000|144.58000|144.58000|144.58000|144.58000|144.58000|144.58000|144.58000","SANNH NH SW","145.18000","144.58000","SANNH Local","145.18000","144.58000","0"
"80","Sommersworth NH","SOMNH Local|SOMNH NH SW|SOMNH Reg North|SOMNH NE Wide|SOMNH NETAC2|SOMNH NETAC1|SOMNH UA Eng1|SOMNH UA Eng2|SOMNH TAC310|SOMNH TAC311|SOMNH Northeast|SOMNH North Am|SOMNH WW|SOMNH SKYWARN|SOMNH Parrot|SOMNH Audio|SOMNH CT SW|SOMNH MA SW|SOMNH ME SW|SOMNH RI SW|SOMNH VT SW","145.18000|145.18000|145.18000|145.18000|145.18000|145.18000|145.18000|145.18000|145.18000|145.18000|145.18000|145.18000|145.18000|145.18000|145.18000|145.18000|145.18000|145.18000|145.18000|145.18000|145.18000","144.58000|144.58000|144.58000|144.58000|144.58000|144.58000|144.58000|144.58000|144.58000|144.58000|144.58000|144.58000|144.58000|144.58000|144.58000|144.58000|144.58000|144.58000|144.58000|144.58000|144.58000","SOMNH NH SW","145.18000","144.58000","SOMNH Local","145.18000","144.58000","0"
"81","Wakefield NH","WKFNH Local|WKFNH NH SW|WKFNH ME SW|WKFNH Reg North|WKFNH NE Wide|WKFNH NETAC2|WKFNH NETAC1|WKFNH UA Eng1|WKFNH UA Eng2|WKFNH TAC310|WKFNH TAC311|WKFNH Northeast|WKFNH North Am|WKFNH WW|WKFNH SKYWARN|WKFNH Parrot|WKFNH Audio|WKFNH CT SW|WKFNH MA SW|WKFNH RI SW|WKFNH VT SW|WKFNH NH Lakes","145.28000|145.28000|145.28000|145.28000|145.28000|145.28000|145.28000|145.28000|145.28000|145.28000|145.28000|145.28000|145.28000|145.28000|145.28000|145.28000|145.28000|145.28000|145.28000|145.28000|145.28000|145.28000","144.68000|144.68000|144.68000|144.68000|144.68000|144.68000|144.68000|144.68000|144.68000|144.68000|144.68000|144.68000|144.68000|144.68000|144.68000|144.68000|144.68000|144.68000|144.68000|144.68000|144.68000|144.68000","WKFNH NH SW","145.28000","144.68000","WKFNH Local","145.28000","144.68000","0"
"82","West Ossipee NH","WOSNH Local|WOSNH NH SW|WOSNH ME SW|WOSNH Reg North|WOSNH NE Wide|WOSNH NETAC2|WOSNH NETAC1|WOSNH UA Eng1|WOSNH UA Eng2|WOSNH TAC310|WOSNH TAC311|WOSNH Northeast|WOSNH North Am|WOSNH WW|WOSNH SKYWARN|WOSNH Parrot|WOSNH Audio|WOSNH CT SW|WOSNH MA SW|WOSNH RI SW|WOSNH VT SW|WOSNH NH Lakes","147.07500|147.07500|147.07500|147.07500|147.07500|147.07500|147.07500|147.07500|147.07500|147.07500|147.07500|147.07500|147.07500|147.07500|147.07500|147.07500|147.07500|147.07500|147.07500|147.07500|147.07500|147.07500","147.67500|147.67500|147.67500|147.67500|147.67500|147.67500|147.67500|147.67500|147.67500|147.67500|147.67500|147.67500|147.67500|147.67500|147.67500|147.67500|147.67500|147.67500|147.67500|147.67500|147.67500|147.67500","WOSNH NH SW","147.07500","147.67500","WOSNH Local","147.07500","147.67500","0"
"83","Mattituck NY","MTUNY Audio|MTUNY CT SW|MTUNY Local|MTUNY NETAC1|MTUNY NETAC2|MTUNY North Am|MTUNY Northeast|MTUNY NY SW|MTUNY Parrot|MTUNY SKYWARN|MTUNY TAC310|MTUNY TAC311|MTUNY WW","449.67500|449.67500|449.67500|449.67500|449.67500|449.67500|449.67500|449.67500|449.67500|449.67500|449.67500|449.67500|449.67500","444.67500|444.67500|444.67500|444.67500|444.67500|444.67500|444.67500|444.67500|444.67500|444.67500|444.67500|444.67500|444.67500","MTUNY NY SW","449.67500","444.67500","MTUNY NY SW","449.67500","444.67500","0"
"84","Montauk NY","MTKNY Local|MTKNY NY SW|MTKNY CT SW|MTKNY NE Wide|MTKNY NETAC2|MTKNY NETAC1|MTKNY TAC310|MTKNY TAC311|MTKNY Northeast|MTKNY North Am|MTKNY WW|MTKNY SKYWARN|MTKNY Parrot|MTKNY Audio|MTKNY TAC316","443.20000|443.20000|443.20000|443.20000|443.20000|443.20000|443.20000|443.20000|443.20000|443.20000|443.20000|443.20000|443.20000|443.20000|443.20000","448.20000|448.20000|448.20000|448.20000|448.20000|448.20000|448.20000|448.20000|448.20000|448.20000|448.20000|448.20000|448.20000|448.20000|448.20000","MTKNY NY SW","443.20000","448.20000","MTKNY Local","443.20000","448.20000","0"
"85","Mt Beacon NY","MTBNY Local|MTBNY NY SW|MTBNY CT SW|MTBNY NE Wide|MTBNY NETAC2|MTBNY NETAC1|MTBNY TAC310|MTBNY TAC311|MTBNY Northeast|MTBNY North Am|MTBNY WW|MTBNY SKYWARN|MTBNY Parrot","441.01875|441.01875|441.01875|441.01875|441.01875|441.01875|441.01875|441.01875|441.01875|441.01875|441.01875|441.01875|441.01875","446.01875|446.01875|446.01875|446.01875|446.01875|446.01875|446.01875|446.01875|446.01875|446.01875|446.01875|446.01875|446.01875","MTBNY NY SW","441.01875","446.01875","MTBNY Local","441.01875","446.01875","0"
"86","Peconic NY","PECNY Local|PECNY NY SW|PECNY CT SW|PECNY NE Wide|PECNY NETAC2|PECNY NETAC1|PECNY TAC310|PECNY TAC311|PECNY Northeast|PECNY North Am|PECNY WW|PECNY SKYWARN|PECNY Parrot|PECNY Audio","449.97500|449.97500|449.97500|449.97500|449.97500|449.97500|449.97500|449.97500|449.97500|449.97500|449.97500|449.97500|449.97500|449.97500","444.97500|444.97500|444.97500|444.97500|444.97500|444.97500|444.97500|444.97500|444.97500|444.97500|444.97500|444.97500|444.97500|444.97500","PECNY NY SW","449.97500","444.97500","PECNY Local","449.97500","444.97500","0"
"87","Riverhead NY","RVHNY Audio|RVHNY CT SW|RVHNY Local|RVHNY NE Wide|RVHNY NETAC1|RVHNY NETAC2|RVHNY North Am|RVHNY Northeast|RVHNY NY SW|RVHNY Parrot|RVHNY SKYWARN|RVHNY TAC310|RVHNY TAC311|RVHNY WW","442.30000|442.30000|442.30000|442.30000|442.30000|442.30000|442.30000|442.30000|442.30000|442.30000|442.30000|442.30000|442.30000|442.30000","447.30000|447.30000|447.30000|447.30000|447.30000|447.30000|447.30000|447.30000|447.30000|447.30000|447.30000|447.30000|447.30000|447.30000","RVHNY NY SW","442.30000","447.30000","RVHNY NY SW","442.30000","447.30000","0"
"88","Selden NY","SLDNY Audio|SLDNY CT SW|SLDNY Local|SLDNY NE Wide|SLDNY North Am|SLDNY Northeast|SLDNY Parrot|SLDNY SKYWARN|SLDNY TAC310|SLDNY WW","448.82500|448.82500|448.82500|448.82500|448.82500|448.82500|448.82500|448.82500|448.82500|448.82500","443.82500|443.82500|443.82500|443.82500|443.82500|443.82500|443.82500|443.82500|443.82500|443.82500","SLDNY Audio","448.82500","443.82500","SLDNY Audio","448.82500","443.82500","0"
"89","Bristol RI","BRSRI Audio|BRSRI Cape Net|BRSRI CT SW|BRSRI Local|BRSRI MA SW|BRSRI ME SW|BRSRI NE Wide|BRSRI NETAC1|BRSRI NETAC2|BRSRI NH SW|BRSRI North Am|BRSRI Northeast|BRSRI Parrot|BRSRI Reg North|BRSRI RI SW|BRSRI SKYWARN|BRSRI TAC310|BRSRI TAC311|BRSRI UA Eng1|BRSRI UA Eng2|BRSRI VT SW|BRSRI WW","145.33000|145.33000|145.33000|145.33000|145.33000|145.33000|145.33000|145.33000|145.33000|145.33000|145.33000|145.33000|145.33000|145.33000|145.33000|145.33000|145.33000|145.33000|145.33000|145.33000|145.33000|145.33000","144.73000|144.73000|144.73000|144.73000|144.73000|144.73000|144.73000|144.73000|144.73000|144.73000|144.73000|144.73000|144.73000|144.73000|144.73000|144.73000|144.73000|144.73000|144.73000|144.73000|144.73000|144.73000","BRSRI RI SW","145.33000","144.73000","BRSRI RI SW","145.33000","144.73000","0"
"90","Providence RI","PRVDRI Local|PRVDRI RI SW|PRVDRI CT SW|PRVDRI MA SW|PRVDRI NH SW|PRVDRI ME SW|PRVDRI NE Wide|PRVDRI NETAC2|PRVDRI NETAC1|PRVDRI TAC310|PRVDRI TAC311|PRVDRI Northeast|PRVDRI North Am|PRVDRI WW|PRVDRI SKYWARN|PRVDRI Parrot|PRVDRI Audio|PRVDRI VT SW|PRVDRI Cape Net","447.72500|447.72500|447.72500|447.72500|447.72500|447.72500|447.72500|447.72500|447.72500|447.72500|447.72500|447.72500|447.72500|447.72500|447.72500|447.72500|447.72500|447.72500|447.72500","442.72500|442.72500|442.72500|442.72500|442.72500|442.72500|442.72500|442.72500|442.72500|442.72500|442.72500|442.72500|442.72500|442.72500|442.72500|442.72500|442.72500|442.72500|442.72500","PRVDRI RI SW","447.72500","442.72500","PRVDRI Local","447.72500","442.72500","0"
"91","Bolton VT","BOLVT Local|BOLVT VT SW|BOLVT NH SW|BOLVT MA SW|BOLVT Reg North|BOLVT NE Wide|BOLVT NETAC2|BOLVT NETAC1|BOLVT UA Eng1|BOLVT UA Eng2|BOLVT TAC310|BOLVT TAC311|BOLVT Northeast|BOLVT North Am|BOLVT WW|BOLVT SKYWARN|BOLVT Parrot|BOLVT Audio|BOLVT TAC316|BOLVT CT SW|BOLVT ME SW|BOLVT RI SW","445.07500|445.07500|445.07500|445.07500|445.07500|445.07500|445.07500|445.07500|445.07500|445.07500|445.07500|445.07500|445.07500|445.07500|445.07500|445.07500|445.07500|445.07500|445.07500|445.07500|445.07500|445.07500","440.07500|440.07500|440.07500|440.07500|440.07500|440.07500|440.07500|440.07500|440.07500|440.07500|440.07500|440.07500|440.07500|440.07500|440.07500|440.07500|440.07500|440.07500|440.07500|440.07500|440.07500|440.07500","BOLVT VT SW","445.07500","440.07500","BOLVT Local","445.07500","440.07500","0"
"92","Brattleboro VT","BRTVT Local|BRTVT VT SW|BRTVT NH SW|BRTVT MA SW|BRTVT Reg North|BRTVT NE Wide|BRTVT NETAC2|BRTVT NETAC1|BRTVT UA Eng1|BRTVT UA Eng2|BRTVT TAC310|BRTVT TAC311|BRTVT Northeast|BRTVT North Am|BRTVT WW|BRTVT SKYWARN|BRTVT Parrot|BRTVT Audio|BRTVT TAC316|BRTVT CT SW|BRTVT ME SW|BRTVT RI SW","444.40000|444.40000|444.40000|444.40000|444.40000|444.40000|444.40000|444.40000|444.40000|444.40000|444.40000|444.40000|444.40000|444.40000|444.40000|444.40000|444.40000|444.40000|444.40000|444.40000|444.40000|444.40000","449.40000|449.40000|449.40000|449.40000|449.40000|449.40000|449.40000|449.40000|449.40000|449.40000|449.40000|449.40000|449.40000|449.40000|449.40000|449.40000|449.40000|449.40000|449.40000|449.40000|449.40000|449.40000","BRTVT VT SW","444.40000","449.40000","BRTVT Local","444.40000","449.40000","0"
"93","Burke Mtn VT","BURKEVT Local|BURKEVT VT SW|BURKEVT NH SW|BURKEVT MA SW|BURKEVT ME SW|BURKEVT CT SW|BURKEVT Reg N|BURKEVT NE Wide|BURKEVT NETAC2|BURKEVT NETAC1|BURKEVT UA Eng1|BURKEVT UA Eng2|BURKEVT TAC310|BURKEVT TAC311|BURKEVT Neast|BURKEVT North Am|BURKEVT WW|BURKEVT SKYWARN|BURKEVT Parrot|BURKEVT Audio|BURKEVT TAC316|BURKEVT RI SW","448.57500|448.57500|448.57500|448.57500|448.57500|448.57500|448.57500|448.57500|448.57500|448.57500|448.57500|448.57500|448.57500|448.57500|448.57500|448.57500|448.57500|448.57500|448.57500|448.57500|448.57500|448.57500","443.57500|443.57500|443.57500|443.57500|443.57500|443.57500|443.57500|443.57500|443.57500|443.57500|443.57500|443.57500|443.57500|443.57500|443.57500|443.57500|443.57500|443.57500|443.57500|443.57500|443.57500|443.57500","BURKEVT VT SW","448.57500","443.57500","BURKEVT Local","448.57500","443.57500","0"
"94","Burlington VT","BRLVT Local|BRLVT VT SW|BRLVT NH SW|BRLVT MA SW|BRLVT Reg North|BRLVT NE Wide|BRLVT NETAC2|BRLVT NETAC1|BRLVT UA Eng1|BRLVT UA Eng2|BRLVT TAC310|BRLVT TAC311|BRLVT Northeast|BRLVT North Am|BRLVT WW|BRLVT SKYWARN|BRLVT Parrot|BRLVT Audio|BRLVT TAC316|BRLVT CT SW|BRLVT ME SW|BRLVT RI SW|BRLVT UpNY","446.47500|446.47500|446.47500|446.47500|446.47500|446.47500|446.47500|446.47500|446.47500|446.47500|446.47500|446.47500|446.47500|446.47500|446.47500|446.47500|446.47500|446.47500|446.47500|446.47500|446.47500|446.47500|446.47500","441.47500|441.47500|441.47500|441.47500|441.47500|441.47500|441.47500|441.47500|441.47500|441.47500|441.47500|441.47500|441.47500|441.47500|441.47500|441.47500|441.47500|441.47500|441.47500|441.47500|441.47500|441.47500|441.47500","BRLVT VT SW","446.47500","441.47500","BRLVT Local","446.47500","441.47500","0"
"95","Corinth VT","CORVT Local|CORVT VT SW|CORVT NH SW|CORVT MA SW|CORVT Reg North|CORVT NE Wide|CORVT NETAC2|CORVT NETAC1|CORVT UA Eng1|CORVT UA Eng2|CORVT TAC310|CORVT TAC311|CORVT Northeast|CORVT North Am|CORVT WW|CORVT SKYWARN|CORVT Parrot|CORVT Audio|CORVT TAC316|CORVT CT SW|CORVT ME SW|CORVT RI SW","443.90000|443.90000|443.90000|443.90000|443.90000|443.90000|443.90000|443.90000|443.90000|443.90000|443.90000|443.90000|443.90000|443.90000|443.90000|443.90000|443.90000|443.90000|443.90000|443.90000|443.90000|443.90000","448.90000|448.90000|448.90000|448.90000|448.90000|448.90000|448.90000|448.90000|448.90000|448.90000|448.90000|448.90000|448.90000|448.90000|448.90000|448.90000|448.90000|448.90000|448.90000|448.90000|448.90000|448.90000","CORVT VT SW","443.90000","448.90000","CORVT Local","443.90000","448.90000","0"
"96","Jay Peak VT","JAYVT Local|JAYVT VT SW|JAYVT NH SW|JAYVT Reg North|JAYVT NE Wide|JAYVT NETAC2|JAYVT NETAC1|JAYVT UA Eng1|JAYVT UA Eng2|JAYVT TAC310|JAYVT TAC311|JAYVT Northeast|JAYVT North Am|JAYVT WW|JAYVT SKYWARN|JAYVT Parrot|JAYVT Audio|JAYVT TAC316|JAYVT CT SW|JAYVT MA SW|JAYVT ME SW|JAYVT RI SW","446.37500|446.37500|446.37500|446.37500|446.37500|446.37500|446.37500|446.37500|446.37500|446.37500|446.37500|446.37500|446.37500|446.37500|446.37500|446.37500|446.37500|446.37500|446.37500|446.37500|446.37500|446.37500","441.37500|441.37500|441.37500|441.37500|441.37500|441.37500|441.37500|441.37500|441.37500|441.37500|441.37500|441.37500|441.37500|441.37500|441.37500|441.37500|441.37500|441.37500|441.37500|441.37500|441.37500|441.37500","JAYVT VT SW","446.37500","441.37500","JAYVT Local","446.37500","441.37500","0"
"97","Lyndon VT","LYNVT Local|LYNVT VT SW|LYNVT NH SW|LYNVT MA SW|LYNVT Reg North|LYNVT NE Wide|LYNVT NETAC2|LYNVT NETAC1|LYNVT UA Eng1|LYNVT UA Eng2|LYNVT TAC310|LYNVT TAC311|LYNVT Northeast|LYNVT North Am|LYNVT WW|LYNVT SKYWARN|LYNVT Parrot","448.57500|448.57500|448.57500|448.57500|448.57500|448.57500|448.57500|448.57500|448.57500|448.57500|448.57500|448.57500|448.57500|448.57500|448.57500|448.57500|448.57500","443.57500|443.57500|443.57500|443.57500|443.57500|443.57500|443.57500|443.57500|443.57500|443.57500|443.57500|443.57500|443.57500|443.57500|443.57500|443.57500|443.57500","LYNVT VT SW","448.57500","443.57500","LYNVT Local","448.57500","443.57500","0"
"98","Monkton VT","MNKVT Local|MNKVT VT SW|MNKVT NH SW|MNKVT MA SW|MNKVT Reg North|MNKVT NE Wide|MNKVT NETAC2|MNKVT NETAC1|MNKVT UA Eng1|MNKVT UA Eng2|MNKVT TAC310|MNKVT TAC311|MNKVT Northeast|MNKVT North Am|MNKVT WW|MNKVT SKYWARN|MNKVT Parrot|MNKVT Audio|MNKVT TAC316|MNKVT CT SW|MNKVT ME SW|MNKVT RI SW|MNKVT UpNY","443.75000|443.75000|443.75000|443.75000|443.75000|443.75000|443.75000|443.75000|443.75000|443.75000|443.75000|443.75000|443.75000|443.75000|443.75000|443.75000|443.75000|443.75000|443.75000|443.75000|443.75000|443.75000|443.75000","448.75000|448.75000|448.75000|448.75000|448.75000|448.75000|448.75000|448.75000|448.75000|448.75000|448.75000|448.75000|448.75000|448.75000|448.75000|448.75000|448.75000|448.75000|448.75000|448.75000|448.75000|448.75000|448.75000","MNKVT VT SW","443.75000","448.75000","MNKVT Local","443.75000","448.75000","0"
"99","Mt Ascutney VT","ASCVT Local|ASCVT VT SW|ASCVT NH SW|ASCVT MA SW|ASCVT Reg North|ASCVT NE Wide|ASCVT NETAC2|ASCVT NETAC1|ASCVT UA Eng1|ASCVT UA Eng2|ASCVT TAC310|ASCVT TAC311|ASCVT Northeast|ASCVT North Am|ASCVT WW|ASCVT SKYWARN|ASCVT Parrot|ASCVT Audio|ASCVT TAC316|ASCVT CT SW|ASCVT ME SW|ASCVT RI SW","448.47500|448.47500|448.47500|448.47500|448.47500|448.47500|448.47500|448.47500|448.47500|448.47500|448.47500|448.47500|448.47500|448.47500|448.47500|448.47500|448.47500|448.47500|448.47500|448.47500|448.47500|448.47500","443.47500|443.47500|443.47500|443.47500|443.47500|443.47500|443.47500|443.47500|443.47500|443.47500|443.47500|443.47500|443.47500|443.47500|443.47500|443.47500|443.47500|443.47500|443.47500|443.47500|443.47500|443.47500","ASCVT VT SW","448.47500","443.47500","ASCVT Local","448.47500","443.47500","0"
"100","Mt Equinox VT","EQXVT Local|EQXVT VT SW|EQXVT MA SW|EQXVT Reg North|EQXVT NE Wide|EQXVT NETAC2|EQXVT NETAC1|EQXVT UA Eng1|EQXVT UA Eng2|EQXVT TAC310|EQXVT TAC311|EQXVT Northeast|EQXVT North Am|EQXVT WW|EQXVT SKYWARN|EQXVT Parrot|EQXVT Audio|EQXVT TAC316|EQXVT CT SW|EQXVT ME SW|EQXVT NH SW|EQXVT RI SW|EQXVT UpNY","441.35000|441.35000|441.35000|441.35000|441.35000|441.35000|441.35000|441.35000|441.35000|441.35000|441.35000|441.35000|441.35000|441.35000|441.35000|441.35000|441.35000|441.35000|441.35000|441.35000|441.35000|441.35000|441.35000","446.35000|446.35000|446.35000|446.35000|446.35000|446.35000|446.35000|446.35000|446.35000|446.35000|446.35000|446.35000|446.35000|446.35000|446.35000|446.35000|446.35000|446.35000|446.35000|446.35000|446.35000|446.35000|446.35000","EQXVT VT SW","441.35000","446.35000","EQXVT Local","441.35000","446.35000","0"
"101","Northfield VT","NFLDVT Local|NFLDVT VT SW|NFLDVT NH SW|NFLDVT MA SW|NFLDVT ME SW|NFLDVT CT SW|NFLDVT Reg North|NFLDVT NE Wide|NFLDVT NETAC2|NFLDVT NETAC1|NFLDVT UA Eng1|NFLDVT UA Eng2|NFLDVT TAC310|NFLDVT TAC311|NFLDVT Northeast|NFLDVT North Am|NFLDVT WW|NFLDVT SKYWARN|NFLDVT Parrot","449.47500|449.47500|449.47500|449.47500|449.47500|449.47500|449.47500|449.47500|449.47500|449.47500|449.47500|449.47500|449.47500|449.47500|449.47500|449.47500|449.47500|449.47500|449.47500","444.47500|444.47500|444.47500|444.47500|444.47500|444.47500|444.47500|444.47500|444.47500|444.47500|444.47500|444.47500|444.47500|444.47500|444.47500|444.47500|444.47500|444.47500|444.47500","NFLDVT VT SW","449.47500","444.47500","NFLDVT Local","449.47500","444.47500","0"
"102","Pico Peak VT","PICVT Local|PICVT VT SW|PICVT NH SW|PICVT MA SW|PICVT Reg North|PICVT NE Wide|PICVT NETAC2|PICVT NETAC1|PICVT UA Eng1|PICVT UA Eng2|PICVT TAC310|PICVT TAC311|PICVT Northeast|PICVT North Am|PICVT WW|PICVT SKYWARN|PICVT Parrot|PICVT Audio|PICVT TAC316|PICVT CT SW|PICVT ME SW|PICVT RI SW|PICVT UpNY","444.50000|444.50000|444.50000|444.50000|444.50000|444.50000|444.50000|444.50000|444.50000|444.50000|444.50000|444.50000|444.50000|444.50000|444.50000|444.50000|444.50000|444.50000|444.50000|444.50000|444.50000|444.50000|444.50000","449.50000|449.50000|449.50000|449.50000|449.50000|449.50000|449.50000|449.50000|449.50000|449.50000|449.50000|449.50000|449.50000|449.50000|449.50000|449.50000|449.50000|449.50000|449.50000|449.50000|449.50000|449.50000|449.50000","PICVT VT SW","444.50000","449.50000","PICVT Local","444.50000","449.50000","0"
"103","Warren VT","WARVT Local|WARVT VT SW|WARVT NH SW|WARVT MA SW|WARVT Reg North|WARVT NE Wide|WARVT NETAC2|WARVT NETAC1|WARVT UA Eng1|WARVT UA Eng2|WARVT TAC310|WARVT TAC311|WARVT Northeast|WARVT North Am|WARVT WW|WARVT SKYWARN|WARVT Parrot|WARVT Audio|WARVT TAC316|WARVT CT SW|WARVT ME SW|WARVT RI SW","449.47500|449.47500|449.47500|449.47500|449.47500|449.47500|449.47500|449.47500|449.47500|449.47500|449.47500|449.47500|449.47500|449.47500|449.47500|449.47500|449.47500|449.47500|449.47500|449.47500|449.47500|449.47500","444.47500|444.47500|444.47500|444.47500|444.47500|444.47500|444.47500|444.47500|444.47500|444.47500|444.47500|444.47500|444.47500|444.47500|444.47500|444.47500|444.47500|444.47500|444.47500|444.47500|444.47500|444.47500","WARVT VT SW","449.47500","444.47500","WARVT Local","449.47500","444.47500","0"
"104","Williamstown VT","WLMVT Local|WLMVT VT SW|WLMVT NH SW|WLMVT MA SW|WLMVT Reg North|WLMVT NE Wide|WLMVT NETAC2|WLMVT NETAC1|WLMVT UA Eng1|WLMVT UA Eng2|WLMVT TAC310|WLMVT TAC311|WLMVT Northeast|WLMVT North Am|WLMVT WW|WLMVT SKYWARN|WLMVT Parrot|WLMVT Audio|WLMVT TAC316|WLMVT CT SW|WLMVT ME SW|WLMVT RI SW","448.87500|448.87500|448.87500|448.87500|448.87500|448.87500|448.87500|448.87500|448.87500|448.87500|448.87500|448.87500|448.87500|448.87500|448.87500|448.87500|448.87500|448.87500|448.87500|448.87500|448.87500|448.87500","443.87500|443.87500|443.87500|443.87500|443.87500|443.87500|443.87500|443.87500|443.87500|443.87500|443.87500|443.87500|443.87500|443.87500|443.87500|443.87500|443.87500|443.87500|443.87500|443.87500|443.87500|443.87500","WLMVT VT SW","448.87500","443.87500","WLMVT Local","448.87500","443.87500","0"
"105","Simplex","DMRS 145.510|DMRS 145.790|DMRS 441.000|DMRS 446.500|DMRS 446.075|DMRS 443.450|2m Call 146.52|70cm Call 446.00|APRS Analog","145.51000|145.79000|441.00000|446.50000|446.07500|443.45000|146.52000|446.00000|144.39000","145.51000|145.79000|441.00000|446.50000|446.07500|443.45000|146.52000|446.00000|144.39000","2m Call 146.52","146.52000","146.52000","2m Call 146.52","146.52000","146.52000","0"
"106","ME Analog","WJ1L Alfred 2m|WJ1L Alfred 70cm|W1BHR Alfred|KQ1L York|KQ1L Buckfield|N1ROA Sanford|K1AAM Hiram|N1SNR Westbrook|K1AAM Naples|W6BZ Arundel|W1QUI Falmouth|W1KVI Falmouth|K1SA Portland|K1MV Gray|W1NPP Poland|W1NPP Auburn|WZ1J Brunswick|K8MOT Bridgton|W1PIG Wales ME|WS1EC|WA1DGW Fall Rive|W1YA Orono|WB5NKJ Franklin|W1LH Topsfield|KE1M Rumford|N1ME East Holden|K1LX Newcastle|W1EMA Belfast|W1BHR Livermore|WA1ZDA Hope|KB1RAI Gardiner|W1EMA Knox|W1LH Cooper|K1SA Portland 2m|K1HF Springfield|KC1FRJ Dixmont|N1ME Holden|N1SNR Westb 70cm|N1DP Franklin|W1IMD Woodstock|W1JIB Harpswell|N1GNN Exeter|KA1EKS Millinock|KQ1L Lincoln|K1PQ Brownville","145.41000|448.72500|147.34500|147.18000|146.88000|146.80500|147.01500|147.27000|146.83500|146.92500|147.09000|146.73000|147.36000|147.04500|147.31500|146.61000|147.13500|145.21000|145.29000|449.22500|145.15000|145.47000|146.61000|146.67000|146.91000|146.94000|146.98500|147.16500|147.22500|147.24000|147.25500|147.27000|147.33000|147.36000|147.37500|444.20000|444.40000|444.60000|444.80000|449.02500|449.32500|449.72500|145.25000|147.00000|444.95000","144.81000|443.72500|147.94500|147.78000|146.28000|146.20500|147.61500|147.87000|146.23500|146.32500|147.69000|146.13000|147.96000|147.64500|147.91500|146.01000|147.73500|144.61000|144.69000|444.22500|144.55000|144.87000|146.01000|146.07000|146.31000|146.34000|146.38500|147.76500|147.82500|147.84000|147.85500|147.87000|147.93000|147.96000|147.97500|449.20000|449.40000|449.60000|449.80000|444.02500|444.32500|444.72500|144.65000|147.60000|449.95000","N1ROA Sanford","146.80500","146.20500","WJ1L Alfred 2m","145.41000","144.81000","0"
"107","NH Analog","W1NH Mt Washing|W1BST Ossipee|W1JY Gilford NH|W1SRA Saddleback|W1ALE Merrimack|K1CA Derry NH|W1FN Hanover|N1PCE Whitefield|K1JWM Alstead|N1IMO Hollis|N1IMO Pittsfield|NX1DX Charlestow|N1IMO Nashua|K1JWM Francestow|W1EMA Belfast|WB2MJG Plaistow|K1JWM Richmond|K1JWM Gilsum|N1LHP Pembroke|N1IMO Pitts 70cm|K1JC Chester|W1AKS Goffstown|N1IMO Holli 70cm|KA1UAG W Lebanon|W1FN Hanove 70cm|N1IMO Nashu 70cm|KA1UAG Enfield|W1BST Gilford|NN1C Newton|N3LEE Greenville|N1IMO Peterborou|WA1ZYX Deerfield|NY1Z Salem|N1PCE White 70cm","146.65500|147.03000|146.98500|147.00000|146.94000|146.85000|145.33000|145.37000|146.71500|146.73000|146.79000|146.92500|147.04500|147.06000|147.16500|147.19500|147.19500|147.36000|441.90000|442.15000|442.55000|443.40000|443.50000|443.50000|443.55000|444.80000|444.90000|448.27500|448.67500|449.27500|449.37500|449.45000|449.77500|449.82500","146.05500|147.63000|146.38500|146.40000|146.34000|146.25000|144.73000|144.77000|146.11500|146.13000|146.19000|146.32500|147.64500|147.66000|147.76500|147.79500|147.79500|147.96000|446.90000|447.15000|447.55000|448.40000|448.50000|448.50000|448.55000|449.80000|449.90000|443.27500|443.67500|444.27500|444.37500|444.45000|444.77500|444.82500","W1BST Ossipee","147.03000","147.63000","W1NH Mt Washing","146.65500","146.05500","0"
"108","GMRS","GMRS 9|GMRS 10|GMRS 11|GMRS 12|GMRS 13|GMRS 14|GMRS 15-1|GMRS 16-2|GMRS 17-3|GMRS 18-4|GMRS 19-5|GMRS 20-6|GMRS 21-7|GMRS 22-8|Brunswick-700|Falmouth-650|Gray-575|Hiram-575|Milton--700|Ossipee-550|Portland-725|Shapleigh-Fam|Shapleigh-Pub|Waterboro-625|Woodstock-675","467.58750|467.61250|467.63750|467.66250|467.68750|467.71250|462.55000|462.57500|462.60000|462.62500|462.65000|462.67500|462.70000|462.72500|462.70000|462.65000|462.57500|462.57500|462.70000|462.55000|462.72500|462.60000|462.60000|462.62500|462.67500","467.58750|467.61250|467.63750|467.66250|467.68750|467.71250|462.55000|462.57500|462.60000|462.62500|462.65000|462.67500|462.70000|462.72500|467.70000|467.50000|467.57500|467.57500|467.70000|467.55000|467.72500|467.60000|467.60000|467.62500|467.67500","GMRS 15-1","462.55000","462.55000","WJ1L Alfred 2m","145.41000","144.81000","0"
"109","MURS","MURS 1 (82)|MURS 2 (88)|MURS 3 (94)|Blue Dot|Green Dot","151.82000|151.88000|151.94000|154.57000|154.60000","151.82000|151.88000|151.94000|154.57000|154.60000","MURS 2 (88)","151.88000","151.88000","MURS 1 (82)","151.82000","151.82000","0"
"110","Marine","Marine 01A|Marine 05A|Marine 6|Marine 07A|Marine 8|Marine 9|Marine 10|Marine 11|Marine 12|Marine 13|Marine 14|Marine 15|Marine 16|Marine 17|Marine 18A|Marine 19A|Marine 20|Marine 20A|Marine 21A|Marine 22A|Marine 23A|Marine 24|Marine 25|Marine 26|Marine 27|Marine 28|Marine 63A|Marine 65A|Marine 66A|Marine 67|Marine 68|Marine 69|Marine 70|Marine 71|Marine 72|Marine 73|Marine 74|Marine 77|Marine 78A|Marine 79A|Marine 80A|Marine 81A|Marine 82A|Marine 83A|Marine 84|Marine 85|Marine 86|Marine 87|Marine 88|Marine AIS 1|Marine AIS 2","156.05000|156.25000|156.30000|156.35000|156.40000|156.45000|156.50000|156.55000|156.60000|156.65000|156.70000|156.75000|156.80000|156.85000|156.90000|156.95000|161.60000|157.00000|157.05000|157.10000|157.15000|161.80000|161.85000|161.90000|161.95000|162.00000|156.17500|156.27500|156.32500|156.37500|156.42500|156.47500|156.52500|156.57500|156.62500|156.67500|156.72500|156.87500|156.92500|156.97500|157.02500|157.07500|157.12500|157.17500|161.82500|161.87500|161.92500|157.37500|157.42500|161.97500|162.02500","156.05000|156.25000|156.30000|156.35000|156.40000|156.45000|156.50000|156.55000|156.60000|156.65000|156.70000|156.75000|156.80000|156.85000|156.90000|156.95000|157.00000|157.00000|157.05000|157.10000|157.15000|157.20000|157.25000|157.30000|157.35000|157.40000|156.17500|156.27500|156.32500|156.37500|156.42500|156.47500|156.52500|156.57500|156.62500|156.67500|156.72500|156.87500|156.92500|156.97500|157.02500|157.07500|157.12500|157.17500|157.22500|157.27500|157.32500|157.37500|157.42500|161.97500|162.02500","Marine 05A","156.25000","156.25000","Marine 01A","156.05000","156.05000","0"
"111","Weather","Weather 1|Weather 2|Weather 3|Weather 4|Weather 5|Weather 6|Weather 7","162.40000|162.42500|162.45000|162.47500|162.50000|162.52500|162.55000","162.40000|162.42500|162.45000|162.47500|162.50000|162.52500|162.55000","Weather 2","162.42500","162.42500","Weather 1","162.40000","162.40000","0"
"112","CCEMA PACE","ECT1|ECT2 SKYWARN|ECT3|W1QUI Falmouth|K1MV Gray|W1NH Mt Washing|WS1EC|X-Band V|X-Band U|2m Call 146.52|70cm Call 446.00|PTLME ME SW|SHPME ME SW|PTLME SKYWARN|SHPME SKYWARN|DMRS 145.790|DMRS 145.510|DMRS 446.075","146.58000|146.59500|147.58500|147.09000|147.04500|146.65500|449.22500|147.52500|446.50000|146.52000|446.00000|145.34000|145.11000|145.34000|145.11000|145.79000|145.51000|446.07500","146.58000|146.59500|147.58500|147.69000|147.64500|146.05500|444.22500|147.52500|446.50000|146.52000|446.00000|144.74000|144.51000|144.74000|144.51000|145.79000|145.51000|446.07500","WS1EC","449.22500","444.22500","ECT1","146.58000","146.58000","0"
"113","CCEMA","CCEMA DIR|CCEMA RPTR|CCEMA TAC 1|CCEMA TAC 2|CCEMA TAC 3|CCEMA TAC 4|CCEMA TAC 5|C1 SWSP|C2 NWC/C|C3 EMS2 LASR|C4 SPC/C|C5 ST FIRE|C6 SWC/C|C7 VCALL 10|VTAC 11|VTAC 12|VTAC 13|VTAC 14|VTAC 33|VTAC 34|VTAC 35|VTAC 36|VTAC 37|VTAC 38|CHF 265|CHF 280|CHF 295|EMS-1|RN OSSIPEE Z|RN SPRUCE Z|RN GRAY|RN HOSAC|RN PLEASANT|RN AGGAMNT|RN YORK Z|RN GRANITE|RN HUNTOON|RN WHITN Z|RN CADDY Z|CG81 CBERG|CCFIRE|CCLAW","155.76000|155.76000|155.10000|155.64000|155.68500|155.95500|155.37000|155.71000|155.47500|155.16000|154.93500|154.31000|154.69500|155.75250|151.13750|154.45250|158.73750|159.47250|159.47250|158.73750|159.47250|151.13750|154.45250|158.73750|154.26500|154.28000|154.29500|155.38500|172.42500|172.77500|151.16000|169.88750|169.66250|155.45250|159.45000|151.35500|160.53000|161.13000|160.89000|157.07500|155.62500|154.87500","155.76000|155.10000|155.10000|155.64000|155.68500|155.95500|155.37000|155.71000|155.47500|155.16000|154.93500|154.31000|154.69500|155.75250|151.13750|154.45250|158.73750|159.47250|151.13750|154.45250|158.73750|159.47250|158.73750|159.47250|154.26500|154.28000|154.29500|155.38500|159.33000|161.46000|155.97000|159.16500|163.57500|156.15000|153.92000|159.38250|159.28500|159.40500|165.13750|157.07500|160.45500|160.54500","CCEMA RPTR","155.76000","155.10000","CCEMA DIR","155.76000","155.76000","0"
"114","ME State Net","RN GRAY|RN HOSAC|RN AGGAMNT|RN OSSIPEE Z|RN PLEASANT|RN SPRUCE Z|RN YORK Z|RN Augusta|RN Coggan's Hil|RN Cook Hill|RN Eaton Mtn|RN GRANITE|RN HUNTOON|RN Mt Blue|RN Mt Ephraim|RN Sugarloaf Mt|RN W Kennebago|RN WHITN Z|RN Bald Mtn|RN Big Moose Mt|RN BOMARC|RN CADDY Z|RN Cooper|RN Fish Hill|RN Garland|RN Musquash Mtn|RN Norway Bluff|RN Passadumkeag|RN Priestly Mtn|RN Ashland|RN Benedicta|RN Chase Mtn|RN Cyr Mtn|RN Houlton|RN New Sweden|RN No 9 Mtn|RN Patten|RN Robinson Mtn|RN St Francis","151.16000|169.88750|155.45250|172.42500|169.66250|172.77500|159.45000|155.85000|154.72500|151.17500|152.14250|151.35500|160.53000|172.67500|155.73000|172.57500|167.78750|161.13000|157.50000|155.43000|154.65750|160.89000|160.86000|154.70250|151.22000|155.40000|151.73000|172.52500|152.50250|154.32500|151.67000|154.67250|159.44250|160.80000|153.94250|151.26500|158.81250|155.94000|154.79250","155.97000|159.16500|156.15000|159.33000|163.57500|161.46000|153.92000|155.85000|154.72500|151.17500|152.14250|159.38250|159.28500|172.67500|155.73000|172.57500|167.78750|159.40500|157.50000|155.43000|154.65750|165.13750|160.86000|154.70250|151.22000|155.40000|151.73000|172.52500|152.50250|154.32500|151.67000|154.67250|159.44250|160.80000|153.94250|151.26500|158.81250|155.94000|154.79250","RN GRAY","151.16000","155.97000","RN GRAY","151.16000","155.97000","0"
"115","ME Interop","SWSP 154.710|C2 NWC/C|C3 EMS2 LASR|C4 SPC/C|C5 ST FIRE|C6 SWC/C|C7 VCALL 10|VTAC 11|VTAC 12|VTAC 13|VTAC 14|CHF 280|CHF 265|CHF 295|VFIRE 24|VFIRE 25|VFIRE 26|VMED 28|VMED 29|VLAW 32|UCALL 40|UTAC 41|UTAC 42|UTAC 43|ME T-PIKE","154.71000|155.47500|155.16000|154.93500|154.31000|154.69500|155.75250|151.13750|154.45250|158.73750|159.47250|154.28000|154.26500|154.29500|154.27250|154.28750|154.30250|155.34000|155.34750|155.48250|453.21250|453.46250|453.71250|453.86250|151.07000","154.71000|155.47500|155.16000|154.93500|154.31000|154.69500|155.75250|151.13750|154.45250|158.73750|159.47250|154.28000|154.26500|154.29500|154.27250|154.28750|154.30250|155.34000|155.34750|155.48250|453.21250|453.46250|453.71250|453.86250|151.07000","SWSP 154.710","154.71000","154.71000","SWSP 154.710","154.71000","154.71000","0"
"116","EMA Androscoggin","AND EMA|AND EMA Tac|CHF 265","154.11500|158.74500|154.26500","154.11500|158.74500|154.26500","AND EMA","154.11500","154.11500","AND EMA","154.11500","154.11500","0"
"117","EMA Aroostook","ARO AKEMA|ARO AKEMA North|ARO AKEMA South","154.05500|155.31000|154.35500","154.05500|155.31000|154.35500","ARO AKEMA","154.05500","154.05500","ARO AKEMA","154.05500","154.05500","0"
"118","EMA Franklin","FRK FN EMA|ME 155.775|FRK EMA UHF|FRK FN SO|ME 155.055|FRK Cty FIRE N|FRK RANGELEY|FRK NORTHSTAR S|FRK NORTHSTAR N","158.82750|155.77500|453.22500|155.25000|155.05500|158.88000|154.08500|152.37500|155.22000","158.82750|155.77500|453.22500|155.25000|155.05500|158.88000|154.08500|152.37500|155.22000","FRK FN EMA","158.82750","158.82750","FRK FN EMA","158.82750","158.82750","0"
"119","EMA Hancock","HAN EMA|HAN County Fire|ME 155.055|HAN County EMS E","155.83500|154.25000|155.05500|159.18000","155.83500|154.25000|155.05500|159.18000","HAN EMA","155.83500","155.83500","HAN EMA","155.83500","155.83500","0"
"120","EMA Kennebec","KEN KCEMA|KEN KCEMA 235","155.80500|158.23500","155.80500|158.23500","KEN KCEMA","155.80500","155.80500","KEN KCEMA","155.80500","155.80500","0"
"121","EMA Knox","KNX KXEMA|KNX KRCC|KNX LAW|EMS-1|KNX NORTHTAC","155.74500|152.20250|153.99500|155.38500|152.56250","155.74500|152.20250|153.99500|155.38500|152.56250","KNX KXEMA","155.74500","155.74500","KNX KXEMA","155.74500","155.74500","0"
"122","EMA Lincoln","LIN LNEMA|LIN County Fire|LIN County Law|LIN Fire Gnd 1|LIN Fire Gnd 2|LIN Fire Gnd 3","155.91750|155.98500|154.04750|154.13000|153.79250|159.12750","155.91750|155.98500|154.04750|154.13000|153.79250|159.12750","LIN LNEMA","155.91750","155.91750","LIN LNEMA","155.91750","155.91750","0"
"123","EMA Oxford","OXF County Fire|OXF County Prime|OXF County EMA","154.07000|155.07000|159.99500","154.07000|155.07000|159.99500","OXF County Fire","154.07000","154.07000","OXF County Fire","154.07000","154.07000","0"
"124","EMA Penobscot","PEN COM 2|PEN COM 3|PEN Brewer Fire|PEN Hampden Fire|ME 155.775","153.74000|151.40750|154.41500|155.88000|155.77500","153.74000|151.40750|154.41500|155.88000|155.77500","PEN COM 2","153.74000","153.74000","PEN COM 2","153.74000","153.74000","0"
"125","EMA Piscataquis","PIS EMA|PIS SO|PIS PSEMA","155.84250|155.02500|458.25000","155.84250|155.02500|458.25000","PIS EMA","155.84250","155.84250","PIS EMA","155.84250","155.84250","0"
"126","EMA Sagadahoc","CCEMA TAC 4","155.95500","155.95500","CCEMA TAC 4","155.95500","155.95500","CCEMA TAC 4","155.95500","155.95500","0"
"127","EMA Somerset","RN Ashland|SOM County Amb|SOM SO|ME 154.995","154.32500|155.90250|154.83000|154.99500","154.32500|155.90250|154.83000|154.99500","RN Ashland","154.32500","154.32500","RN Ashland","154.32500","154.32500","0"
"128","EMA Waldo","WLD WLDO EMA|CCEMA DIR|WLD CC-1|WLD CC-2|WLD CC-3|WLD CC-4|WLD QUAKER HILL|WLD HARRIS|WLD WC TAC 1|WLD WC TAC 2|WLD WC TAC 3|WLD WC UHF 1|WLD WC UHF 2|EMS-1|WLD FIRE SOTH|WLD WLDO SO|WLD LE-2|WLD MCP Link","156.14250|155.76000|155.66250|159.10500|159.46500|156.18750|155.17500|156.17250|155.82750|158.94750|158.97750|453.73750|458.73750|155.38500|159.13500|156.03000|154.73250|155.52000","156.14250|155.76000|155.66250|159.10500|159.46500|156.18750|155.17500|156.17250|155.82750|158.94750|158.97750|453.73750|458.73750|155.38500|159.13500|156.03000|154.73250|155.52000","WLD WLDO EMA","156.14250","156.14250","WLD WLDO EMA","156.14250","156.14250","0"
"129","EMA Washington","WAS County Fire|ME 154.995|WAS SO","154.19000|154.99500|155.56500","154.19000|154.99500|155.56500","WAS County Fire","154.19000","154.19000","WAS County Fire","154.19000","154.19000","0"
"130","EMA York","YRK YC VHF|YRK YC UHF","159.78000|465.45000","159.78000|465.45000","YRK YC VHF","159.78000","159.78000","YRK YC VHF","159.78000","159.78000","0"
"131","US Interop","C7 VCALL 10|VTAC 11|VTAC 12|VTAC 13|VTAC 14|C3 EMS2 LASR|CHF 280|CHF 265|CHF 295|VFIRE 24|VFIRE 25|VFIRE 26|VMED 28|VMED 29|C2 NWC/C|VLAW 32|FED NC1|FED IR1|FED IR2|FED IR3|FED IR4|FED LE A|FED LE2|FED LE3|FED LE4|FED LE5|UCALL 40|UTAC 41|UTAC 42|UTAC 43|FED NC2|FED IR10|FED IR11|FED IR12|FED IR13|FED IR14|FED LE B|FED LE10|FED LE11|FED LE12|FED LE13|FED LE14|FED LE15|MED 9|MED 92|MED 10|MED 102|MED 1|MED 12|MED 2|MED 22|MED 3|MED 32|MED 4|MED 42|MED 5|MED 52|MED 6|MED 62|MED 7|MED 72|MED 8|MED 82","155.75250|151.13750|154.45250|158.73750|159.47250|155.16000|154.28000|154.26500|154.29500|154.27250|154.28750|154.30250|155.34000|155.34750|155.47500|155.48250|169.53750|170.01250|170.41250|170.68750|173.03750|167.08750|167.25000|167.75000|168.11250|168.46250|453.21250|453.46250|453.71250|453.86250|410.23750|410.43750|410.63750|410.83750|413.18750|413.21250|414.03750|409.98750|410.18750|410.61250|414.06250|414.31250|414.33750|462.95000|462.96250|462.97500|462.98750|463.00000|463.01250|463.02500|463.03750|463.05000|463.06250|463.07500|463.08750|463.10000|463.11250|463.12500|463.13750|463.15000|463.16250|463.17500|463.18750","155.75250|151.13750|154.45250|158.73750|159.47250|155.16000|154.28000|154.26500|154.29500|154.27250|154.28750|154.30250|155.34000|155.34750|155.47500|155.48250|169.53750|170.01250|170.41250|170.68750|173.03750|167.08750|167.25000|167.75000|168.11250|168.46250|453.21250|453.46250|453.71250|453.86250|410.23750|410.43750|410.63750|410.83750|413.18750|413.21250|414.03750|409.98750|410.18750|410.61250|414.06250|414.31250|414.33750|462.95000|462.96250|462.97500|462.98750|463.00000|463.01250|463.02500|463.03750|463.05000|463.06250|463.07500|463.08750|463.10000|463.11250|463.12500|463.13750|463.15000|463.16250|463.17500|463.18750","C7 VCALL 10","155.75250","155.75250","C7 VCALL 10","155.75250","155.75250","0"
"132","ME ARES","ME 146.400|ME 146.415|ME 146.430|ME 146.445|ME 146.460|ME 146.475|ME 146.490|ME 146.505|2m Call 146.52|ME 146.535|ME 146.550|ME 146.565|ECT1|ECT2 SKYWARN|ME 147.420|ME 147.435|ME 147.450|ME 147.465|ME 147.480|ME 147.495|ME 147.510|X-Band V|ME 147.540|ME 147.555|ME 147.565|ME 147.570|ECT3|ME 446.050|ME 446.150|ME 446.250|X-Band U|W1KVI Falmouth|KA1C Madison|K1FS Caribou|W1BHR Farmington|KB1NEB Ellsworth|W1FDC Farmington|W1PBR Hope|KC1CG Washington|K1LX Newcastle|KQ1L Buckfield|N1BUG Brownville|KS1R Phippsburg|W1EMA Knox|W1LH Cooper|WJ1L Alfred 2m|W1BHR Alfred|W1QUI Falmouth|KB1PRG Alfred|KC1ETT Wells|ME 446.075|ME 446.175|PKT 145.730|W1PSQ Milo|W1YA Orono|N1SJV Fort Kent|W1BC Houlton|W1TU Hulls Cove|W1OCA Norway|K1HF Marshfield|W1EMA Knox 70cm|WS1EC|ME 145.450|ME 147.595|70cm Call 446.00|W1NPP Auburn|W1NPP Poland|Shapleigh-Pub|GMRS 15-1|GMRS 16-2","146.40000|146.41500|146.43000|146.44500|146.46000|146.47500|146.49000|146.50500|146.52000|146.53500|146.55000|146.56500|146.58000|146.59500|147.42000|147.43500|147.45000|147.46500|147.48000|147.49500|147.51000|147.52500|147.54000|147.55500|147.56500|147.57000|147.58500|446.05000|446.15000|446.25000|446.50000|146.73000|146.73000|146.73000|147.18000|146.91000|145.39000|147.06000|145.49000|146.98500|146.88000|147.10500|147.21000|147.27000|147.33000|145.41000|147.34500|147.09000|444.85000|448.02500|446.07500|446.17500|145.73000|147.15000|145.47000|146.64000|146.79000|147.03000|147.12000|146.77500|443.50000|449.22500|145.45000|147.59500|446.00000|146.61000|147.31500|462.60000|462.55000|462.57500","146.40000|146.41500|146.43000|146.44500|146.46000|146.47500|146.49000|146.50500|146.52000|146.53500|146.55000|146.56500|146.58000|146.59500|147.42000|147.43500|147.45000|147.46500|147.48000|147.49500|147.51000|147.52500|147.54000|147.55500|147.56500|147.57000|147.58500|446.05000|446.15000|446.25000|446.50000|146.13000|146.13000|146.13000|147.78000|146.31000|144.79000|147.66000|144.89000|146.38500|146.28000|147.70500|147.81000|147.87000|147.93000|144.81000|147.94500|147.69000|449.85000|443.02500|446.07500|446.17500|145.73000|147.75000|144.87000|146.04000|146.19000|147.63000|147.72000|146.17500|448.50000|444.22500|144.85000|147.59500|446.00000|146.01000|147.91500|467.60000|462.55000|462.57500","ME 146.400","146.40000","146.40000","ME 146.400","146.40000","146.40000","0"
"133","MA Analog","W1SMA New Bedfor|WA1DGW Fall Rive|WA1YFV Harwich|W1KBN Boston|W1WPI Worcester|KT1S Haverhill|W1DVC Harvard|KC1CLA Burlingto|K1KWP Mendon|NA1P Orange|KB1AEV Holyoke|KC1US N Reading|W1SGL Barnstable|W1TUK Nantucket|K1BOS Boston|NS1RA Salem|W1TOM Holyoke|W1MA Dennis|WB1GOF Westford|W1BIM Paxton|K1LX Newcastle|NE1AR Milton|W1AEC Dartmouth|N1EXC Lawrence|W1KG Medway|W1DC Billerica|KA1GG Taunton|W1FY Framingham|W1MV Bridgewater|K1SMH Attleboro|KS1R Phippsburg|WA1YFV Truro|W1MRA Marlboroug|K1GHG Quincy|N1NC Pepperell|K5TEC Lowell|N1DCH Weston|KB1AEV Granville|N1NC Pepper 70cm|W1TOM Holyo 70cm|N1SIF Belchertow|N1LHP N Andover|W1TKZ Wellesley|KB1DFN Natick|NA1HS N Attlebor|W1XOJ Paxton|NN1C Hopkinton|K1LBG Wrentham|NN1C Newton|W1WPI Worce 70cm|NE1AR Milto 70cm|N1PAH Pelham|N1LHP Woburn|W1MRA Marlb 70cm","145.11000|145.15000|145.27000|145.31000|145.31000|145.35000|145.41000|145.43000|146.61000|146.62500|146.71500|146.71500|146.73000|146.79000|146.82000|146.88000|146.94000|146.95500|146.95500|146.97000|146.98500|146.98500|147.00000|147.01500|147.06000|147.12000|147.13500|147.15000|147.18000|147.19500|147.21000|147.25500|147.27000|147.30000|147.34500|442.25000|442.70000|442.75000|442.90000|443.20000|443.70000|444.10000|444.60000|447.67500|447.97500|447.98750|448.02500|448.57500|448.67500|449.02500|449.12500|449.82500|449.82500|449.92500","144.51000|144.55000|144.67000|144.71000|144.71000|144.75000|144.81000|144.83000|146.01000|146.02500|146.11500|146.11500|146.13000|146.19000|146.22000|146.28000|146.34000|146.35500|146.35500|146.37000|146.38500|146.38500|147.60000|147.61500|147.66000|147.72000|147.73500|147.75000|147.78000|147.79500|147.81000|147.85500|147.87000|147.90000|147.94500|447.25000|447.70000|447.75000|447.90000|448.20000|448.70000|449.10000|449.60000|442.67500|442.97500|442.98750|443.02500|443.57500|443.67500|444.02500|444.12500|444.82500|444.82500|444.92500","W1SMA New Bedfor","145.11000","144.51000","W1SMA New Bedfor","145.11000","144.51000","0"
"134","RI Analog","W1RI W Warwick|NB1RI Cumberland|N1BS N Providenc|W1SYE Portsmouth|K1NQG Exeter|N1MIX Greenville|NB1RI Exeter|NB1RI Portsmouth|N1HBG Providence|W1AQ Rumford|NB1RI Westerly|N1HBG Provi 70cm|KA1MHA Middletow|WA1ABC Warwick|N1MIX Green 70cm|N1JBC N Providen|N1LMA Westerly|W1WNS W Greenwic","145.13000|145.17000|145.35000|145.45000|146.71500|146.85000|146.98500|147.07500|147.12000|147.33000|147.39000|444.20000|444.35000|447.02500|448.07500|449.22500|449.67500|449.93750","144.53000|144.57000|144.75000|144.85000|146.11500|146.25000|146.38500|147.67500|147.72000|147.93000|147.99000|449.20000|449.35000|442.02500|443.07500|444.22500|444.67500|444.93750","W1RI W Warwick","145.13000","144.53000","W1RI W Warwick","145.13000","144.53000","0"
"135","CT Analog","W1BRS Vernon|K1YON E Hartland|W1BCG Killingwor|KT1S Haverhill|W1HDN Vernon|W1AW Newington|K9OEM Glastonbur|N1NW Baltic|NA1RA New Milfor|W1HDN Vernon 2m|W1HDN Torrington|N1TUP Manchester|W1DX Salem|W1EDH Glastonbur|W1HDN Danbury|W1HDN Prospect|K1MUJ Brooklyn|KB1AEV Torringto|KB1AEV Barkhamst|W1QI Danbury|NA1RC Lebanon|W1EOO Winsted|KB1AEV Vernon|N1ZU Fairfield|KB1AEV Watertown|N1TUP Stafford S|NA1RA Washington|KB1AEV Torr 70cm|W1WPD Woodbridge|KB1AEV Vern 70cm|W1HDN Verno 70cm|W1HDN Torri 70cm|W1HDN Danbu 70cm|KB1AEV Meriden|KB1AEV Harwingto|W1XOJ E. Hartlan|W1XOJ Meriden|WE1SPN Bristol|W1EDH Glast 70cm","145.11000|145.23000|145.29000|145.35000|145.41000|145.45000|145.47000|146.73000|146.73000|146.79000|146.85000|147.04500|147.06000|147.09000|147.12000|147.18000|147.22500|147.24000|147.27000|147.30000|147.30000|147.33000|147.34500|440.45000|441.65000|441.80000|441.85000|442.25000|442.50000|442.60000|443.30000|443.60000|443.65000|444.20000|444.65000|448.00000|448.00000|448.72500|449.62500","144.51000|144.63000|144.69000|144.75000|144.81000|144.85000|144.87000|146.13000|146.13000|146.19000|146.25000|147.64500|147.66000|147.69000|147.72000|147.78000|147.82500|147.84000|147.87000|147.90000|147.90000|147.93000|147.94500|445.45000|446.65000|446.80000|446.85000|447.25000|447.50000|447.60000|448.30000|448.60000|448.65000|449.20000|449.65000|443.00000|443.00000|443.72500|444.62500","W1BRS Vernon","145.11000","144.51000","W1BRS Vernon","145.11000","144.51000","0"
"136","VT Analog","W1FDC Farmington|W1BD Williamstow|K1JAY Jay Peak|W1CTE Essex Jct|K1MOQ Tunbridge|N1HWI Marlboro|KS1R Phippsburg|K1SA Portland 2m|N1STA St Albans|K1EQX Mt Equinox|W1ABI Killington|W1AAK Monkton|WA1KFX Newfane|K1JAY Jay P 70cm|W1AAK Burke","145.39000|146.62500|146.74500|146.85000|146.97000|147.01500|147.21000|147.36000|443.40000|444.05000|444.55000|444.65000|444.70000|447.22500|449.12500","144.79000|146.02500|146.14500|146.25000|146.37000|147.61500|147.81000|147.96000|448.40000|449.05000|449.55000|449.65000|449.70000|442.22500|444.12500","W1FDC Farmington","145.39000","144.79000","W1FDC Farmington","145.39000","144.79000","0"
"137","CT GMRS","Uncasville-550|Enfield-600*|Enfield-625|Fairfield-650|Woodstock-675*|Bridgeport-700|Lebanon-700*|Beacon Falls-725|Hartford-725*","462.55000|462.60000|462.62500|462.65000|462.67500|462.70000|462.70000|462.72500|462.72500","467.55000|467.60000|467.62500|467.65000|467.67500|467.70000|467.70000|467.72500|467.72500","Uncasville-550","462.55000","467.55000","Uncasville-550","462.55000","467.55000","0"
"138","MA GMRS","Falmouth-550|Gloucester-550|N Attleboro-550|Gardner-575|Tewksbury-575|Carver-625|Pepperell-625|Kingston-675|Norwell-700|Dennis-725","462.55000|462.55000|462.55000|462.57500|462.57500|462.62500|462.62500|462.67500|462.70000|462.72500","467.55000|467.55000|467.55000|467.57500|467.57500|467.62500|467.62500|467.67500|467.70000|467.72500","Falmouth-550","462.55000","467.55000","Falmouth-550","462.55000","467.55000","0"
"139","ME GMRS","Dedham-550|Greene-550|Cooper-575|Gray-575|Hiram-575|Limestone-575|Charleston-600|Gardiner-600|Orland-600|Shapleigh-Fam|Shapleigh-Pub|Lincoln-625|Presque Isle-625|Waterboro-625|Falmouth-650|Oakland-650|York-650*|Frankfort-675|Woodstock-675|Brunswick-700|Camden-700|Eddington-725|Greene-725|Portland-725|Unity-725|York-725","462.55000|462.55000|462.57500|462.57500|462.57500|462.57500|462.60000|462.60000|462.60000|462.60000|462.60000|462.62500|462.62500|462.62500|462.65000|462.65000|462.65000|462.67500|462.67500|462.70000|462.70000|462.72500|462.72500|462.72500|462.72500|462.72500","467.55000|467.55000|467.57500|467.57500|467.57500|467.57500|467.60000|467.60000|467.60000|467.60000|467.60000|467.62500|467.62500|467.62500|467.50000|467.65000|467.65000|467.67500|467.67500|467.70000|467.70000|467.72500|467.72500|467.72500|467.72500|467.72500","Dedham-550","462.55000","467.55000","Dedham-550","462.55000","467.55000","0"
"140","NH GMRS","Ossipee-550|Temple-550*|Pembroke-575|Litchfield-600|Pittsfield-600|Washington-600*|Monroe-625|Contoocook-650*|Epsom-700|Milton--700|Sandown-700|Keene-725","462.55000|462.55000|462.57500|462.60000|462.60000|462.60000|462.62500|462.65000|462.70000|462.70000|462.70000|462.72500","467.55000|467.55000|467.57500|467.60000|467.60000|467.60000|467.62500|467.65000|467.70000|467.70000|467.70000|467.72500","Ossipee-550","462.55000","467.55000","Ossipee-550","462.55000","467.55000","0"
"141","RI GMRS","Portsmouth-575|Tiverton-600|Newport-625|Providence-650|W Greenwich-650|Warwick-700*|N Providence-725","462.57500|462.60000|462.62500|462.65000|462.65000|462.70000|462.72500","467.57500|467.60000|467.62500|467.65000|467.65000|467.70000|467.72500","Portsmouth-575","462.57500","467.57500","Portsmouth-575","462.57500","467.57500","0"
"142","VT GMRS","Windham-550|Burlington-625|Shelburne-675","462.55000|462.62500|462.67500","467.55000|467.62500|467.67500","Windham-550","462.55000","467.55000","Windham-550","462.55000","467.55000","0"
"143","NY GMRS","Derby-550|Norwood-550|Norwood-575|Brooklyn-600|Massena-625|Montour Fall-625|Staten Islan-650|Cortland-700|Norwood-725","462.55000|462.55000|462.57500|462.60000|462.62500|462.62500|462.65000|462.70000|462.72500","467.55000|467.55000|467.57500|467.60000|467.62500|467.62500|467.65000|467.70000|467.72500","Derby-550","462.55000","467.55000","Derby-550","462.55000","467.55000","0"
"144","Packet","APRS Analog|Pkt 144.93|Pkt 144.95|Pkt 144.97|Pkt 144.99|Pkt 145.01|Pkt 145.03|Pkt 145.05|Pkt 145.07|Pkt 145.09|ME Backbone","144.39000|144.93000|144.95000|144.97000|144.99000|145.01000|145.03000|145.05000|145.07000|145.09000|433.30000","144.39000|144.93000|144.95000|144.97000|144.99000|145.01000|145.03000|145.05000|145.07000|145.09000|433.30000","Pkt 145.01","145.01000","145.01000","APRS Analog","144.39000","144.39000","0"
"145","SAT-SO-50","SO-50 ACT|SO-50 AOS|SO-50 Approach|SO-50 TCA|SO-50 Receding|SO-50 LOS","436.80500|436.80500|436.80000|436.79500|436.79000|436.78500","145.85000|145.85000|145.85000|145.85000|145.85000|145.85000","SO-50 TCA","436.79500","145.85000","SO-50 AOS","436.80500","145.85000","0"
"146","SAT-ISS","ISS AOS|ISS Approach|ISS TCA|ISS Receding|ISS LOS","437.81000|437.80500|437.80000|437.79500|437.79000","145.99000|145.99000|145.99000|145.99000|145.99000","ISS TCA","437.80000","145.99000","ISS AOS","437.81000","145.99000","0"
"147","SAT-AO-123","AO-123 AOS|AO-123 Approach|AO-123 TCA|AO-123 Receding|AO-123 LOS","435.41000|435.40500|435.40000|435.39500|435.39000","145.85000|145.85000|145.85000|145.85000|145.85000","AO-123 TCA","435.40000","145.85000","AO-123 AOS","435.41000","145.85000","0"
"148","SAT-CAS-3H","CAS-3H AOS|CAS-3H Approach|CAS-3H TCA|CAS-3H Receding|CAS-3H LOS","437.21000|437.20500|437.20000|437.19500|437.19000","144.35000|144.35000|144.35000|144.35000|144.35000","CAS-3H TCA","437.20000","144.35000","CAS-3H AOS","437.21000","144.35000","0"
"149","SAT-IO-86","IO-86 AOS|IO-86 Approach|IO-86 TCA|IO-86 Receding|IO-86 LOS","435.88500|435.88000|435.88000|435.88500|435.89000","145.88000|145.88000|145.88000|145.88000|145.88000","IO-86 TCA","435.88000","145.88000","IO-86 AOS","435.88500","145.88000","0"
"150","SAT-RS95S","RS95S AOS|RS95S Approach|RS95S TCA|RS95S Receding|RS95S LOS","436.96000|436.95500|436.95000|436.94500|436.94000","145.92000|145.92000|145.92000|145.92000|145.92000","RS95S TCA","436.95000","145.92000","RS95S AOS","436.96000","145.92000","0"
"151","SAT-TEVEL2","TEVEL2 AOS|TEVEL2 Approach|TEVEL2 TCA|TEVEL2 Receding|TEVEL2 LOS","436.41000|436.40500|436.40000|436.39500|436.39000","145.97000|145.97000|145.97000|145.97000|145.97000","TEVEL2 TCA","436.40000","145.97000","TEVEL2 AOS","436.41000","145.97000","0"
"152","SAT-AO-91","AO-91 AOS|AO-91 Approach|AO-91 TCA|AO-91 Receding|AO-91 LOS","435.24000|435.24500|435.25000|435.25500|435.26000","145.96000|145.96000|145.96000|145.96000|145.96000","AO-91 TCA","435.25000","145.96000","AO-91 AOS","435.24000","145.96000","0"
"153","SAT-PO-101","PO-101 AOS|PO-101 Approach|PO-101 TCA|PO-101 Receding|PO-101 LOS","437.49000|437.49500|437.50000|437.50500|437.51000","145.90000|145.90000|145.90000|145.90000|145.90000","PO-101 TCA","437.50000","145.90000","PO-101 AOS","437.49000","145.90000","0"
