"No.","Channel Name","Receive Frequency","Transmit Frequency","Channel Type","Transmit Power","Band Width","CTCSS/DCS Decode","CTCSS/DCS Encode","Contact","Contact Call Type","Contact TG/DMR ID","Radio ID","Busy Lock/TX Permit","Squelch Mode","Optional Signal","DTMF ID","2Tone ID","5Tone ID","PTT ID","RX Color Code","Slot","Scan List","Receive Group List","PTT Prohibit","Reverse","Simplex TDMA","Slot Suit","AES Digital Encryption","Digital Encryption","Call Confirmation","Talk Around(Simplex)","Work Alone","Custom CTCSS","2TONE Decode","Ranging","Through Mode","APRS RX","Analog APRS PTT Mode","Digital APRS PTT Mode","APRS Report Type","Digital APRS Report Channel","Correct Frequency[Hz]","SMS Confirmation","Exclude channel from roaming","DMR MODE","DataACK Disable","R5toneBot","R5ToneEot","Auto Scan","Ana Aprs Mute","Send Talker Alias","AnaAprsTxPath","ARC4","ex_emg_kind","TxCC"
"1","BRDCT CT SW","442.20000","447.20000","D-Digital","High","12.5K","Off","Off","CT Statewide","Group Call","3109","KC1JMH / Brad Brown","Always","Carrier","Off","1","1","1","Off","1","2","None","None","Off","Off","Off","Off","Normal Encryption","Off","Off","Off","Off","251.1","1","Off","On","Off","Off","Off","Off","1","0","Off","0","2","0","0","0","0","0","0","0","0","0","1"
"2","BRDCT Local","442.20000","447.20000","D-Digital","High","12.5K","Off","Off","Local","Group Call","9","KC1JMH / Brad Brown","Always","Carrier","Off","1","1","1","Off","1","2","None","None","Off","Off","Off","Off","Normal Encryption","Off","Off","Off","Off","251.1","1","Off","On","Off","Off","Off","Off","1","0","Off","0","2","0","0","0","0","0","0","0","0","0","1"
"3","BRDCT MA SW","442.20000","447.20000","D-Digital","High","12.5K","Off","Off","MA Statewide","Group Call","3125","KC1JMH / Brad Brown","Always","Carrier","Off","1","1","1","Off","1","1","None","None","Off","Off","Off","Off","Normal Encryption","Off","Off","Off","Off","251.1","1","Off","On","Off","Off","Off","Off","1","0","Off","0","2","0","0","0","0","0","0","0","0","0","1"
"4","BRDCT NE Wide","442.20000","447.20000","D-Digital","High","12.5K","Off","Off","New England-Wide","Group Call","3181","KC1JMH / Brad Brown","Always","Carrier","Off","1","1","1","Off","1","2","None","None","Off","Off","Off","Off","Normal Encryption","Off","Off","Off","Off","251.1","1","Off","On","Off","Off","Off","Off","1","0","Off","0","2","0","0","0","0","0","0","0","0","0","1"
"5","BRDCT NETAC1","442.20000","447.20000","D-Digital","High","12.5K","Off","Off","NETAC1","Group Call","8801","KC1JMH / Brad Brown","Always","Carrier","Off","1","1","1","Off","1","1","None","None","Off","Off","Off","Off","Normal Encryption","Off","Off","Off","Off","251.1","1","Off","On","Off","Off","Off","Off","1","0","Off","0","2","0","0","0","0","0","0","0","0","0","1"
"6","BRDCT NETAC2","442.20000","447.20000","D-Digital","High","12.5K","Off","Off","NETAC2","Group Call","8802","KC1JMH / Brad Brown","Always","Carrier","Off","1","1","1","Off","1","2","None","None","Off","Off","Off","Off","Normal Encryption","Off","Off","Off","Off","251.1","1","Off","On","Off","Off","Off","Off","1","0","Off","0","2","0","0","0","0","0","0","0","0","0","1"
"7","BRDCT North Am","442.20000","447.20000","D-Digital","High","12.5K","Off","Off","North America","Group Call","3","KC1JMH / Brad Brown","Always","Carrier","Off","1","1","1","Off","1","1","None","None","Off","Off","Off","Off","Normal Encryption","Off","Off","Off","Off","251.1","1","Off","On","Off","Off","Off","Off","1","0","Off","0","2","0","0","0","0","0","0","0","0","0","1"
"8","BRDCT Northeast","442.20000","447.20000","D-Digital","High","12.5K","Off","Off","Northeast","Group Call","3172","KC1JMH / Brad Brown","Always","Carrier","Off","1","1","1","Off","1","1","None","None","Off","Off","Off","Off","Normal Encryption","Off","Off","Off","Off","251.1","1","Off","On","Off","Off","Off","Off","1","0","Off","0","2","0","0","0","0","0","0","0","0","0","1"
"9","BRDCT Parrot","442.20000","447.20000","D-Digital","High","12.5K","Off","Off","Parrot","Group Call","9998","KC1JMH / Brad Brown","Always","Carrier","Off","1","1","1","Off","1","1","None","None","Off","Off","Off","Off","Normal Encryption","Off","Off","Off","Off","251.1","1","Off","On","Off","Off","Off","Off","1","0","Off","0","2","0","0","0","0","0","0","0","0","0","1"
"10","BRDCT SKYWARN","442.20000","447.20000","D-Digital","High","12.5K","Off","Off","SKYWARN","Group Call","759","KC1JMH / Brad Brown","Always","Carrier","Off","1","1","1","Off","1","1","None","None","Off","Off","Off","Off","Normal Encryption","Off","Off","Off","Off","251.1","1","Off","On","Off","Off","Off","Off","1","0","Off","0","2","0","0","0","0","0","0","0","0","0","1"
"11","BRDCT TAC310","442.20000","447.20000","D-Digital","High","12.5K","Off","Off","TAC310","Group Call","310","KC1JMH / Brad Brown","Always","Carrier","Off","1","1","1","Off","1","1","None","None","Off","Off","Off","Off","Normal Encryption","Off","Off","Off","Off","251.1","1","Off","On","Off","Off","Off","Off","1","0","Off","0","2","0","0","0","0","0","0","0","0","0","1"
"12","BRDCT TAC311","442.20000","447.20000","D-Digital","High","12.5K","Off","Off","TAC311","Group Call","311","KC1JMH / Brad Brown","Always","Carrier","Off","1","1","1","Off","1","1","None","None","Off","Off","Off","Off","Normal Encryption","Off","Off","Off","Off","251.1","1","Off","On","Off","Off","Off","Off","1","0","Off","0","2","0","0","0","0","0","0","0","0","0","1"
"13","BRDCT WW","442.20000","447.20000","D-Digital","High","12.5K","Off","Off","WW Call","Group Call","1","KC1JMH / Brad Brown","Always","Carrier","Off","1","1","1","Off","1","1","None","None","Off","Off","Off","Off","Normal Encryption","Off","Off","Off","Off","251.1","1","Off","On","Off","Off","Off","Off","1","0","Off","0","2","0","0","0","0","0","0","0","0","0","1"
"14","BRDCT WW Eng","442.20000","447.20000","D-Digital","High","12.5K","Off","Off","WW English","Group Call","13","KC1JMH / Brad Brown","Always","Carrier","Off","1","1","1","Off","1","1","None","None","Off","Off","Off","Off","Normal Encryption","Off","Off","Off","Off","251.1","1","Off","On","Off","Off","Off","Off","1","0","Off","0","2","0","0","0","0","0","0","0","0","0","1"
"15","CVNCT CT SW","449.87500","444.87500","D-Digital","High","12.5K","Off","Off","CT Statewide","Group Call","3109","KC1JMH / Brad Brown","Always","Carrier","Off","1","1","1","Off","1","2","None","None","Off","Off","Off","Off","Normal Encryption","Off","Off","Off","Off","251.1","1","Off","On","Off","Off","Off","Off","1","0","Off","0","2","0","0","0","0","0","0","0","0","0","1"
"16","CVNCT Local","449.87500","444.87500","D-Digital","High","12.5K","Off","Off","Local","Group Call","9","KC1JMH / Brad Brown","Always","Carrier","Off","1","1","1","Off","1","2","None","None","Off","Off","Off","Off","Normal Encryption","Off","Off","Off","Off","251.1","1","Off","On","Off","Off","Off","Off","1","0","Off","0","2","0","0","0","0","0","0","0","0","0","1"
"17","CVNCT MA SW","449.87500","444.87500","D-Digital","High","12.5K","Off","Off","MA Statewide","Group Call","3125","KC1JMH / Brad Brown","Always","Carrier","Off","1","1","1","Off","1","1","None","None","Off","Off","Off","Off","Normal Encryption","Off","Off","Off","Off","251.1","1","Off","On","Off","Off","Off","Off","1","0","Off","0","2","0","0","0","0","0","0","0","0","0","1"
"18","CVNCT NE Wide","449.87500","444.87500","D-Digital","High","12.5K","Off","Off","New England-Wide","Group Call","3181","KC1JMH / Brad Brown","Always","Carrier","Off","1","1","1","Off","1","2","None","None","Off","Off","Off","Off","Normal Encryption","Off","Off","Off","Off","251.1","1","Off","On","Off","Off","Off","Off","1","0","Off","0","2","0","0","0","0","0","0","0","0","0","1"
"19","CVNCT NETAC1","449.87500","444.87500","D-Digital","High","12.5K","Off","Off","NETAC1","Group Call","8801","KC1JMH / Brad Brown","Always","Carrier","Off","1","1","1","Off","1","1","None","None","Off","Off","Off","Off","Normal Encryption","Off","Off","Off","Off","251.1","1","Off","On","Off","Off","Off","Off","1","0","Off","0","2","0","0","0","0","0","0","0","0","0","1"
"20","CVNCT NETAC2","449.87500","444.87500","D-Digital","High","12.5K","Off","Off","NETAC2","Group Call","8802","KC1JMH / Brad Brown","Always","Carrier","Off","1","1","1","Off","1","2","None","None","Off","Off","Off","Off","Normal Encryption","Off","Off","Off","Off","251.1","1","Off","On","Off","Off","Off","Off","1","0","Off","0","2","0","0","0","0","0","0","0","0","0","1"
"21","CVNCT North Am","449.87500","444.87500","D-Digital","High","12.5K","Off","Off","North America","Group Call","3","KC1JMH / Brad Brown","Always","Carrier","Off","1","1","1","Off","1","1","None","None","Off","Off","Off","Off","Normal Encryption","Off","Off","Off","Off","251.1","1","Off","On","Off","Off","Off","Off","1","0","Off","0","2","0","0","0","0","0","0","0","0","0","1"
"22","CVNCT Northeast","449.87500","444.87500","D-Digital","High","12.5K","Off","Off","Northeast","Group Call","3172","KC1JMH / Brad Brown","Always","Carrier","Off","1","1","1","Off","1","1","None","None","Off","Off","Off","Off","Normal Encryption","Off","Off","Off","Off","251.1","1","Off","On","Off","Off","Off","Off","1","0","Off","0","2","0","0","0","0","0","0","0","0","0","1"
"23","CVNCT Parrot","449.87500","444.87500","D-Digital","High","12.5K","Off","Off","Parrot","Group Call","9998","KC1JMH / Brad Brown","Always","Carrier","Off","1","1","1","Off","1","1","None","None","Off","Off","Off","Off","Normal Encryption","Off","Off","Off","Off","251.1","1","Off","On","Off","Off","Off","Off","1","0","Off","0","2","0","0","0","0","0","0","0","0","0","1"
"24","CVNCT SKYWARN","449.87500","444.87500","D-Digital","High","12.5K","Off","Off","SKYWARN","Group Call","759","KC1JMH / Brad Brown","Always","Carrier","Off","1","1","1","Off","1","1","None","None","Off","Off","Off","Off","Normal Encryption","Off","Off","Off","Off","251.1","1","Off","On","Off","Off","Off","Off","1","0","Off","0","2","0","0","0","0","0","0","0","0","0","1"
"25","CVNCT TAC310","449.87500","444.87500","D-Digital","High","12.5K","Off","Off","TAC310","Group Call","310","KC1JMH / Brad Brown","Always","Carrier","Off","1","1","1","Off","1","1","None","None","Off","Off","Off","Off","Normal Encryption","Off","Off","Off","Off","251.1","1","Off","On","Off","Off","Off","Off","1","0","Off","0","2","0","0","0","0","0","0","0","0","0","1"
"26","CVNCT TAC311","449.87500","444.87500","D-Digital","High","12.5K","Off","Off","TAC311","Group Call","311","KC1JMH / Brad Brown","Always","Carrier","Off","1","1","1","Off","1","1","None","None","Off","Off","Off","Off","Normal Encryption","Off","Off","Off","Off","251.1","1","Off","On","Off","Off","Off","Off","1","0","Off","0","2","0","0","0","0","0","0","0","0","0","1"
"27","CVNCT WW","449.87500","444.87500","D-Digital","High","12.5K","Off","Off","WW Call","Group Call","1","KC1JMH / Brad Brown","Always","Carrier","Off","1","1","1","Off","1","1","None","None","Off","Off","Off","Off","Normal Encryption","Off","Off","Off","Off","251.1","1","Off","On","Off","Off","Off","Off","1","0","Off","0","2","0","0","0","0","0","0","0","0","0","1"
"28","CVNCT WW Eng","449.87500","444.87500","D-Digital","High","12.5K","Off","Off","WW English","Group Call","13","KC1JMH / Brad Brown","Always","Carrier","Off","1","1","1","Off","1","1","None","None","Off","Off","Off","Off","Normal Encryption","Off","Off","Off","Off","251.1","1","Off","On","Off","Off","Off","Off","1","0","Off","0","2","0","0","0","0","0","0","0","0","0","1"
"29","KLLCT CT SW","444.85000","449.85000","D-Digital","High","12.5K","Off","Off","CT Statewide","Group Call","3109","KC1JMH / Brad Brown","Always","Carrier","Off","1","1","1","Off","1","2","None","None","Off","Off","Off","Off","Normal Encryption","Off","Off","Off","Off","251.1","1","Off","On","Off","Off","Off","Off","1","0","Off","0","2","0","0","0","0","0","0","0","0","0","1"
"30","KLLCT Local","444.85000","449.85000","D-Digital","High","12.5K","Off","Off","Local","Group Call","9","KC1JMH / Brad Brown","Always","Carrier","Off","1","1","1","Off","1","2","None","None","Off","Off","Off","Off","Normal Encryption","Off","Off","Off","Off","251.1","1","Off","On","Off","Off","Off","Off","1","0","Off","0","2","0","0","0","0","0","0","0","0","0","1"
"31","KLLCT MA SW","444.85000","449.85000","D-Digital","High","12.5K","Off","Off","MA Statewide","Group Call","3125","KC1JMH / Brad Brown","Always","Carrier","Off","1","1","1","Off","1","1","None","None","Off","Off","Off","Off","Normal Encryption","Off","Off","Off","Off","251.1","1","Off","On","Off","Off","Off","Off","1","0","Off","0","2","0","0","0","0","0","0","0","0","0","1"
"32","KLLCT NE Wide","444.85000","449.85000","D-Digital","High","12.5K","Off","Off","New England-Wide","Group Call","3181","KC1JMH / Brad Brown","Always","Carrier","Off","1","1","1","Off","1","2","None","None","Off","Off","Off","Off","Normal Encryption","Off","Off","Off","Off","251.1","1","Off","On","Off","Off","Off","Off","1","0","Off","0","2","0","0","0","0","0","0","0","0","0","1"
"33","KLLCT NETAC1","444.85000","449.85000","D-Digital","High","12.5K","Off","Off","NETAC1","Group Call","8801","KC1JMH / Brad Brown","Always","Carrier","Off","1","1","1","Off","1","1","None","None","Off","Off","Off","Off","Normal Encryption","Off","Off","Off","Off","251.1","1","Off","On","Off","Off","Off","Off","1","0","Off","0","2","0","0","0","0","0","0","0","0","0","1"
"34","KLLCT NETAC2","444.85000","449.85000","D-Digital","High","12.5K","Off","Off","NETAC2","Group Call","8802","KC1JMH / Brad Brown","Always","Carrier","Off","1","1","1","Off","1","2","None","None","Off","Off","Off","Off","Normal Encryption","Off","Off","Off","Off","251.1","1","Off","On","Off","Off","Off","Off","1","0","Off","0","2","0","0","0","0","0","0","0","0","0","1"
"35","KLLCT Northeast","444.85000","449.85000","D-Digital","High","12.5K","Off","Off","Northeast","Group Call","3172","KC1JMH / Brad Brown","Always","Carrier","Off","1","1","1","Off","1","1","None","None","Off","Off","Off","Off","Normal Encryption","Off","Off","Off","Off","251.1","1","Off","On","Off","Off","Off","Off","1","0","Off","0","2","0","0","0","0","0","0","0","0","0","1"
"36","KLLCT Parrot","444.85000","449.85000","D-Digital","High","12.5K","Off","Off","Parrot","Group Call","9998","KC1JMH / Brad Brown","Always","Carrier","Off","1","1","1","Off","1","1","None","None","Off","Off","Off","Off","Normal Encryption","Off","Off","Off","Off","251.1","1","Off","On","Off","Off","Off","Off","1","0","Off","0","2","0","0","0","0","0","0","0","0","0","1"
"37","KLLCT SKYWARN","444.85000","449.85000","D-Digital","High","12.5K","Off","Off","SKYWARN","Group Call","759","KC1JMH / Brad Brown","Always","Carrier","Off","1","1","1","Off","1","1","None","None","Off","Off","Off","Off","Normal Encryption","Off","Off","Off","Off","251.1","1","Off","On","Off","Off","Off","Off","1","0","Off","0","2","0","0","0","0","0","0","0","0","0","1"
"38","KLLCT TAC310","444.85000","449.85000","D-Digital","High","12.5K","Off","Off","TAC310","Group Call","310","KC1JMH / Brad Brown","Always","Carrier","Off","1","1","1","Off","1","1","None","None","Off","Off","Off","Off","Normal Encryption","Off","Off","Off","Off","251.1","1","Off","On","Off","Off","Off","Off","1","0","Off","0","2","0","0","0","0","0","0","0","0","0","1"
"39","KLLCT TAC311","444.85000","449.85000","D-Digital","High","12.5K","Off","Off","TAC311","Group Call","311","KC1JMH / Brad Brown","Always","Carrier","Off","1","1","1","Off","1","1","None","None","Off","Off","Off","Off","Normal Encryption","Off","Off","Off","Off","251.1","1","Off","On","Off","Off","Off","Off","1","0","Off","0","2","0","0","0","0","0","0","0","0","0","1"
"40","MONCT CT SW","444.40000","449.40000","D-Digital","High","12.5K","Off","Off","CT Statewide","Group Call","3109","KC1JMH / Brad Brown","Always","Carrier","Off","1","1","1","Off","3","2","None","None","Off","Off","Off","Off","Normal Encryption","Off","Off","Off","Off","251.1","1","Off","On","Off","Off","Off","Off","1","0","Off","0","2","0","0","0","0","0","0","0","0","0","3"
"41","MONCT Local","444.40000","449.40000","D-Digital","High","12.5K","Off","Off","Local","Group Call","9","KC1JMH / Brad Brown","Always","Carrier","Off","1","1","1","Off","3","2","None","None","Off","Off","Off","Off","Normal Encryption","Off","Off","Off","Off","251.1","1","Off","On","Off","Off","Off","Off","1","0","Off","0","2","0","0","0","0","0","0","0","0","0","3"
"42","MONCT MA SW","444.40000","449.40000","D-Digital","High","12.5K","Off","Off","MA Statewide","Group Call","3125","KC1JMH / Brad Brown","Always","Carrier","Off","1","1","1","Off","3","1","None","None","Off","Off","Off","Off","Normal Encryption","Off","Off","Off","Off","251.1","1","Off","On","Off","Off","Off","Off","1","0","Off","0","2","0","0","0","0","0","0","0","0","0","3"
"43","MONCT NE Wide","444.40000","449.40000","D-Digital","High","12.5K","Off","Off","New England-Wide","Group Call","3181","KC1JMH / Brad Brown","Always","Carrier","Off","1","1","1","Off","3","2","None","None","Off","Off","Off","Off","Normal Encryption","Off","Off","Off","Off","251.1","1","Off","On","Off","Off","Off","Off","1","0","Off","0","2","0","0","0","0","0","0","0","0","0","3"
"44","MONCT NETAC1","444.40000","449.40000","D-Digital","High","12.5K","Off","Off","NETAC1","Group Call","8801","KC1JMH / Brad Brown","Always","Carrier","Off","1","1","1","Off","3","1","None","None","Off","Off","Off","Off","Normal Encryption","Off","Off","Off","Off","251.1","1","Off","On","Off","Off","Off","Off","1","0","Off","0","2","0","0","0","0","0","0","0","0","0","3"
"45","MONCT NETAC2","444.40000","449.40000","D-Digital","High","12.5K","Off","Off","NETAC2","Group Call","8802","KC1JMH / Brad Brown","Always","Carrier","Off","1","1","1","Off","3","2","None","None","Off","Off","Off","Off","Normal Encryption","Off","Off","Off","Off","251.1","1","Off","On","Off","Off","Off","Off","1","0","Off","0","2","0","0","0","0","0","0","0","0","0","3"
"46","MONCT North Am","444.40000","449.40000","D-Digital","High","12.5K","Off","Off","North America","Group Call","3","KC1JMH / Brad Brown","Always","Carrier","Off","1","1","1","Off","3","1","None","None","Off","Off","Off","Off","Normal Encryption","Off","Off","Off","Off","251.1","1","Off","On","Off","Off","Off","Off","1","0","Off","0","2","0","0","0","0","0","0","0","0","0","3"
"47","MONCT Northeast","444.40000","449.40000","D-Digital","High","12.5K","Off","Off","Northeast","Group Call","3172","KC1JMH / Brad Brown","Always","Carrier","Off","1","1","1","Off","3","1","None","None","Off","Off","Off","Off","Normal Encryption","Off","Off","Off","Off","251.1","1","Off","On","Off","Off","Off","Off","1","0","Off","0","2","0","0","0","0","0","0","0","0","0","3"
"48","MONCT Parrot","444.40000","449.40000","D-Digital","High","12.5K","Off","Off","Parrot","Group Call","9998","KC1JMH / Brad Brown","Always","Carrier","Off","1","1","1","Off","3","1","None","None","Off","Off","Off","Off","Normal Encryption","Off","Off","Off","Off","251.1","1","Off","On","Off","Off","Off","Off","1","0","Off","0","2","0","0","0","0","0","0","0","0","0","3"
"49","MONCT SKYWARN","444.40000","449.40000","D-Digital","High","12.5K","Off","Off","SKYWARN","Group Call","759","KC1JMH / Brad Brown","Always","Carrier","Off","1","1","1","Off","3","1","None","None","Off","Off","Off","Off","Normal Encryption","Off","Off","Off","Off","251.1","1","Off","On","Off","Off","Off","Off","1","0","Off","0","2","0","0","0","0","0","0","0","0","0","3"
"50","MONCT TAC310","444.40000","449.40000","D-Digital","High","12.5K","Off","Off","TAC310","Group Call","310","KC1JMH / Brad Brown","Always","Carrier","Off","1","1","1","Off","3","1","None","None","Off","Off","Off","Off","Normal Encryption","Off","Off","Off","Off","251.1","1","Off","On","Off","Off","Off","Off","1","0","Off","0","2","0","0","0","0","0","0","0","0","0","3"
"51","MONCT TAC311","444.40000","449.40000","D-Digital","High","12.5K","Off","Off","TAC311","Group Call","311","KC1JMH / Brad Brown","Always","Carrier","Off","1","1","1","Off","3","1","None","None","Off","Off","Off","Off","Normal Encryption","Off","Off","Off","Off","251.1","1","Off","On","Off","Off","Off","Off","1","0","Off","0","2","0","0","0","0","0","0","0","0","0","3"
"52","MONCT WW","444.40000","449.40000","D-Digital","High","12.5K","Off","Off","WW Call","Group Call","1","KC1JMH / Brad Brown","Always","Carrier","Off","1","1","1","Off","3","1","None","None","Off","Off","Off","Off","Normal Encryption","Off","Off","Off","Off","251.1","1","Off","On","Off","Off","Off","Off","1","0","Off","0","2","0","0","0","0","0","0","0","0","0","3"
"53","MONCT WW Eng","444.40000","449.40000","D-Digital","High","12.5K","Off","Off","WW English","Group Call","13","KC1JMH / Brad Brown","Always","Carrier","Off","1","1","1","Off","3","1","None","None","Off","Off","Off","Off","Normal Encryption","Off","Off","Off","Off","251.1","1","Off","On","Off","Off","Off","Off","1","0","Off","0","2","0","0","0","0","0","0","0","0","0","3"
"54","NRTCT CT SW","449.47500","444.47500","D-Digital","High","12.5K","Off","Off","CT Statewide","Group Call","3109","KC1JMH / Brad Brown","Always","Carrier","Off","1","1","1","Off","1","2","None","None","Off","Off","Off","Off","Normal Encryption","Off","Off","Off","Off","251.1","1","Off","On","Off","Off","Off","Off","1","0","Off","0","2","0","0","0","0","0","0","0","0","0","1"
"55","NRTCT Local","449.47500","444.47500","D-Digital","High","12.5K","Off","Off","Local","Group Call","9","KC1JMH / Brad Brown","Always","Carrier","Off","1","1","1","Off","1","2","None","None","Off","Off","Off","Off","Normal Encryption","Off","Off","Off","Off","251.1","1","Off","On","Off","Off","Off","Off","1","0","Off","0","2","0","0","0","0","0","0","0","0","0","1"
"56","NRTCT MA SW","449.47500","444.47500","D-Digital","High","12.5K","Off","Off","MA Statewide","Group Call","3125","KC1JMH / Brad Brown","Always","Carrier","Off","1","1","1","Off","1","1","None","None","Off","Off","Off","Off","Normal Encryption","Off","Off","Off","Off","251.1","1","Off","On","Off","Off","Off","Off","1","0","Off","0","2","0","0","0","0","0","0","0","0","0","1"
"57","NRTCT NE Wide","449.47500","444.47500","D-Digital","High","12.5K","Off","Off","New England-Wide","Group Call","3181","KC1JMH / Brad Brown","Always","Carrier","Off","1","1","1","Off","1","2","None","None","Off","Off","Off","Off","Normal Encryption","Off","Off","Off","Off","251.1","1","Off","On","Off","Off","Off","Off","1","0","Off","0","2","0","0","0","0","0","0","0","0","0","1"
"58","NRTCT NETAC1","449.47500","444.47500","D-Digital","High","12.5K","Off","Off","NETAC1","Group Call","8801","KC1JMH / Brad Brown","Always","Carrier","Off","1","1","1","Off","1","1","None","None","Off","Off","Off","Off","Normal Encryption","Off","Off","Off","Off","251.1","1","Off","On","Off","Off","Off","Off","1","0","Off","0","2","0","0","0","0","0","0","0","0","0","1"
"59","NRTCT NETAC2","449.47500","444.47500","D-Digital","High","12.5K","Off","Off","NETAC2","Group Call","8802","KC1JMH / Brad Brown","Always","Carrier","Off","1","1","1","Off","1","2","None","None","Off","Off","Off","Off","Normal Encryption","Off","Off","Off","Off","251.1","1","Off","On","Off","Off","Off","Off","1","0","Off","0","2","0","0","0","0","0","0","0","0","0","1"
"60","NRTCT North Am","449.47500","444.47500","D-Digital","High","12.5K","Off","Off","North America","Group Call","3","KC1JMH / Brad Brown","Always","Carrier","Off","1","1","1","Off","1","1","None","None","Off","Off","Off","Off","Normal Encryption","Off","Off","Off","Off","251.1","1","Off","On","Off","Off","Off","Off","1","0","Off","0","2","0","0","0","0","0","0","0","0","0","1"
"61","NRTCT Northeast","449.47500","444.47500","D-Digital","High","12.5K","Off","Off","Northeast","Group Call","3172","KC1JMH / Brad Brown","Always","Carrier","Off","1","1","1","Off","1","1","None","None","Off","Off","Off","Off","Normal Encryption","Off","Off","Off","Off","251.1","1","Off","On","Off","Off","Off","Off","1","0","Off","0","2","0","0","0","0","0","0","0","0","0","1"
"62","NRTCT Parrot","449.47500","444.47500","D-Digital","High","12.5K","Off","Off","Parrot","Group Call","9998","KC1JMH / Brad Brown","Always","Carrier","Off","1","1","1","Off","1","1","None","None","Off","Off","Off","Off","Normal Encryption","Off","Off","Off","Off","251.1","1","Off","On","Off","Off","Off","Off","1","0","Off","0","2","0","0","0","0","0","0","0","0","0","1"
"63","NRTCT SKYWARN","449.47500","444.47500","D-Digital","High","12.5K","Off","Off","SKYWARN","Group Call","759","KC1JMH / Brad Brown","Always","Carrier","Off","1","1","1","Off","1","1","None","None","Off","Off","Off","Off","Normal Encryption","Off","Off","Off","Off","251.1","1","Off","On","Off","Off","Off","Off","1","0","Off","0","2","0","0","0","0","0","0","0","0","0","1"
"64","NRTCT TAC310","449.47500","444.47500","D-Digital","High","12.5K","Off","Off","TAC310","Group Call","310","KC1JMH / Brad Brown","Always","Carrier","Off","1","1","1","Off","1","1","None","None","Off","Off","Off","Off","Normal Encryption","Off","Off","Off","Off","251.1","1","Off","On","Off","Off","Off","Off","1","0","Off","0","2","0","0","0","0","0","0","0","0","0","1"
"65","NRTCT TAC311","449.47500","444.47500","D-Digital","High","12.5K","Off","Off","TAC311","Group Call","311","KC1JMH / Brad Brown","Always","Carrier","Off","1","1","1","Off","1","1","None","None","Off","Off","Off","Off","Normal Encryption","Off","Off","Off","Off","251.1","1","Off","On","Off","Off","Off","Off","1","0","Off","0","2","0","0","0","0","0","0","0","0","0","1"
"66","NRTCT WW","449.47500","444.47500","D-Digital","High","12.5K","Off","Off","WW Call","Group Call","1","KC1JMH / Brad Brown","Always","Carrier","Off","1","1","1","Off","1","1","None","None","Off","Off","Off","Off","Normal Encryption","Off","Off","Off","Off","251.1","1","Off","On","Off","Off","Off","Off","1","0","Off","0","2","0","0","0","0","0","0","0","0","0","1"
"67","NRTCT WW Eng","449.47500","444.47500","D-Digital","High","12.5K","Off","Off","WW English","Group Call","13","KC1JMH / Brad Brown","Always","Carrier","Off","1","1","1","Off","1","1","None","None","Off","Off","Off","Off","Normal Encryption","Off","Off","Off","Off","251.1","1","Off","On","Off","Off","Off","Off","1","0","Off","0","2","0","0","0","0","0","0","0","0","0","1"
"68","NRWCT CT SW","448.07500","443.07500","D-Digital","High","12.5K","Off","Off","CT Statewide","Group Call","3109","KC1JMH / Brad Brown","Always","Carrier","Off","1","1","1","Off","1","2","None","None","Off","Off","Off","Off","Normal Encryption","Off","Off","Off","Off","251.1","1","Off","On","Off","Off","Off","Off","1","0","Off","0","2","0","0","0","0","0","0","0","0","0","1"
"69","NRWCT Local","448.07500","443.07500","D-Digital","High","12.5K","Off","Off","Local","Group Call","9","KC1JMH / Brad Brown","Always","Carrier","Off","1","1","1","Off","1","2","None","None","Off","Off","Off","Off","Normal Encryption","Off","Off","Off","Off","251.1","1","Off","On","Off","Off","Off","Off","1","0","Off","0","2","0","0","0","0","0","0","0","0","0","1"
"70","NRWCT MA SW","448.07500","443.07500","D-Digital","High","12.5K","Off","Off","MA Statewide","Group Call","3125","KC1JMH / Brad Brown","Always","Carrier","Off","1","1","1","Off","1","1","None","None","Off","Off","Off","Off","Normal Encryption","Off","Off","Off","Off","251.1","1","Off","On","Off","Off","Off","Off","1","0","Off","0","2","0","0","0","0","0","0","0","0","0","1"
"71","NRWCT NE Wide","448.07500","443.07500","D-Digital","High","12.5K","Off","Off","New England-Wide","Group Call","3181","KC1JMH / Brad Brown","Always","Carrier","Off","1","1","1","Off","1","2","None","None","Off","Off","Off","Off","Normal Encryption","Off","Off","Off","Off","251.1","1","Off","On","Off","Off","Off","Off","1","0","Off","0","2","0","0","0","0","0","0","0","0","0","1"
"72","NRWCT NETAC1","448.07500","443.07500","D-Digital","High","12.5K","Off","Off","NETAC1","Group Call","8801","KC1JMH / Brad Brown","Always","Carrier","Off","1","1","1","Off","1","1","None","None","Off","Off","Off","Off","Normal Encryption","Off","Off","Off","Off","251.1","1","Off","On","Off","Off","Off","Off","1","0","Off","0","2","0","0","0","0","0","0","0","0","0","1"
"73","NRWCT NETAC2","448.07500","443.07500","D-Digital","High","12.5K","Off","Off","NETAC2","Group Call","8802","KC1JMH / Brad Brown","Always","Carrier","Off","1","1","1","Off","1","2","None","None","Off","Off","Off","Off","Normal Encryption","Off","Off","Off","Off","251.1","1","Off","On","Off","Off","Off","Off","1","0","Off","0","2","0","0","0","0","0","0","0","0","0","1"
"74","NRWCT North Am","448.07500","443.07500","D-Digital","High","12.5K","Off","Off","North America","Group Call","3","KC1JMH / Brad Brown","Always","Carrier","Off","1","1","1","Off","1","1","None","None","Off","Off","Off","Off","Normal Encryption","Off","Off","Off","Off","251.1","1","Off","On","Off","Off","Off","Off","1","0","Off","0","2","0","0","0","0","0","0","0","0","0","1"
"75","NRWCT Northeast","448.07500","443.07500","D-Digital","High","12.5K","Off","Off","Northeast","Group Call","3172","KC1JMH / Brad Brown","Always","Carrier","Off","1","1","1","Off","1","1","None","None","Off","Off","Off","Off","Normal Encryption","Off","Off","Off","Off","251.1","1","Off","On","Off","Off","Off","Off","1","0","Off","0","2","0","0","0","0","0","0","0","0","0","1"
"76","NRWCT Parrot","448.07500","443.07500","D-Digital","High","12.5K","Off","Off","Parrot","Group Call","9998","KC1JMH / Brad Brown","Always","Carrier","Off","1","1","1","Off","1","1","None","None","Off","Off","Off","Off","Normal Encryption","Off","Off","Off","Off","251.1","1","Off","On","Off","Off","Off","Off","1","0","Off","0","2","0","0","0","0","0","0","0","0","0","1"
"77","NRWCT SKYWARN","448.07500","443.07500","D-Digital","High","12.5K","Off","Off","SKYWARN","Group Call","759","KC1JMH / Brad Brown","Always","Carrier","Off","1","1","1","Off","1","1","None","None","Off","Off","Off","Off","Normal Encryption","Off","Off","Off","Off","251.1","1","Off","On","Off","Off","Off","Off","1","0","Off","0","2","0","0","0","0","0","0","0","0","0","1"
"78","NRWCT TAC310","448.07500","443.07500","D-Digital","High","12.5K","Off","Off","TAC310","Group Call","310","KC1JMH / Brad Brown","Always","Carrier","Off","1","1","1","Off","1","1","None","None","Off","Off","Off","Off","Normal Encryption","Off","Off","Off","Off","251.1","1","Off","On","Off","Off","Off","Off","1","0","Off","0","2","0","0","0","0","0","0","0","0","0","1"
"79","NRWCT TAC311","448.07500","443.07500","D-Digital","High","12.5K","Off","Off","TAC311","Group Call","311","KC1JMH / Brad Brown","Always","Carrier","Off","1","1","1","Off","1","1","None","None","Off","Off","Off","Off","Normal Encryption","Off","Off","Off","Off","251.1","1","Off","On","Off","Off","Off","Off","1","0","Off","0","2","0","0","0","0","0","0","0","0","0","1"
"80","NRWCT WW","448.07500","443.07500","D-Digital","High","12.5K","Off","Off","WW Call","Group Call","1","KC1JMH / Brad Brown","Always","Carrier","Off","1","1","1","Off","1","1","None","None","Off","Off","Off","Off","Normal Encryption","Off","Off","Off","Off","251.1","1","Off","On","Off","Off","Off","Off","1","0","Off","0","2","0","0","0","0","0","0","0","0","0","1"
"81","NRWCT WW Eng","448.07500","443.07500","D-Digital","High","12.5K","Off","Off","WW English","Group Call","13","KC1JMH / Brad Brown","Always","Carrier","Off","1","1","1","Off","1","1","None","None","Off","Off","Off","Off","Normal Encryption","Off","Off","Off","Off","251.1","1","Off","On","Off","Off","Off","Off","1","0","Off","0","2","0","0","0","0","0","0","0","0","0","1"
"82","PRSCT CT SW","448.17500","443.17500","D-Digital","High","12.5K","Off","Off","CT Statewide","Group Call","3109","KC1JMH / Brad Brown","Always","Carrier","Off","1","1","1","Off","1","2","None","None","Off","Off","Off","Off","Normal Encryption","Off","Off","Off","Off","251.1","1","Off","On","Off","Off","Off","Off","1","0","Off","0","2","0","0","0","0","0","0","0","0","0","1"
"83","PRSCT Local","448.17500","443.17500","D-Digital","High","12.5K","Off","Off","Local","Group Call","9","KC1JMH / Brad Brown","Always","Carrier","Off","1","1","1","Off","1","2","None","None","Off","Off","Off","Off","Normal Encryption","Off","Off","Off","Off","251.1","1","Off","On","Off","Off","Off","Off","1","0","Off","0","2","0","0","0","0","0","0","0","0","0","1"
"84","PRSCT MA SW","448.17500","443.17500","D-Digital","High","12.5K","Off","Off","MA Statewide","Group Call","3125","KC1JMH / Brad Brown","Always","Carrier","Off","1","1","1","Off","1","1","None","None","Off","Off","Off","Off","Normal Encryption","Off","Off","Off","Off","251.1","1","Off","On","Off","Off","Off","Off","1","0","Off","0","2","0","0","0","0","0","0","0","0","0","1"
"85","PRSCT NE Wide","448.17500","443.17500","D-Digital","High","12.5K","Off","Off","New England-Wide","Group Call","3181","KC1JMH / Brad Brown","Always","Carrier","Off","1","1","1","Off","1","2","None","None","Off","Off","Off","Off","Normal Encryption","Off","Off","Off","Off","251.1","1","Off","On","Off","Off","Off","Off","1","0","Off","0","2","0","0","0","0","0","0","0","0","0","1"
"86","PRSCT NETAC1","448.17500","443.17500","D-Digital","High","12.5K","Off","Off","NETAC1","Group Call","8801","KC1JMH / Brad Brown","Always","Carrier","Off","1","1","1","Off","1","1","None","None","Off","Off","Off","Off","Normal Encryption","Off","Off","Off","Off","251.1","1","Off","On","Off","Off","Off","Off","1","0","Off","0","2","0","0","0","0","0","0","0","0","0","1"
"87","PRSCT NETAC2","448.17500","443.17500","D-Digital","High","12.5K","Off","Off","NETAC2","Group Call","8802","KC1JMH / Brad Brown","Always","Carrier","Off","1","1","1","Off","1","2","None","None","Off","Off","Off","Off","Normal Encryption","Off","Off","Off","Off","251.1","1","Off","On","Off","Off","Off","Off","1","0","Off","0","2","0","0","0","0","0","0","0","0","0","1"
"88","PRSCT Northeast","448.17500","443.17500","D-Digital","High","12.5K","Off","Off","Northeast","Group Call","3172","KC1JMH / Brad Brown","Always","Carrier","Off","1","1","1","Off","1","1","None","None","Off","Off","Off","Off","Normal Encryption","Off","Off","Off","Off","251.1","1","Off","On","Off","Off","Off","Off","1","0","Off","0","2","0","0","0","0","0","0","0","0","0","1"
"89","PRSCT Parrot","448.17500","443.17500","D-Digital","High","12.5K","Off","Off","Parrot","Group Call","9998","KC1JMH / Brad Brown","Always","Carrier","Off","1","1","1","Off","1","1","None","None","Off","Off","Off","Off","Normal Encryption","Off","Off","Off","Off","251.1","1","Off","On","Off","Off","Off","Off","1","0","Off","0","2","0","0","0","0","0","0","0","0","0","1"
"90","PRSCT SKYWARN","448.17500","443.17500","D-Digital","High","12.5K","Off","Off","SKYWARN","Group Call","759","KC1JMH / Brad Brown","Always","Carrier","Off","1","1","1","Off","1","1","None","None","Off","Off","Off","Off","Normal Encryption","Off","Off","Off","Off","251.1","1","Off","On","Off","Off","Off","Off","1","0","Off","0","2","0","0","0","0","0","0","0","0","0","1"
"91","PRSCT TAC310","448.17500","443.17500","D-Digital","High","12.5K","Off","Off","TAC310","Group Call","310","KC1JMH / Brad Brown","Always","Carrier","Off","1","1","1","Off","1","1","None","None","Off","Off","Off","Off","Normal Encryption","Off","Off","Off","Off","251.1","1","Off","On","Off","Off","Off","Off","1","0","Off","0","2","0","0","0","0","0","0","0","0","0","1"
"92","PRSCT TAC311","448.17500","443.17500","D-Digital","High","12.5K","Off","Off","TAC311","Group Call","311","KC1JMH / Brad Brown","Always","Carrier","Off","1","1","1","Off","1","1","None","None","Off","Off","Off","Off","Normal Encryption","Off","Off","Off","Off","251.1","1","Off","On","Off","Off","Off","Off","1","0","Off","0","2","0","0","0","0","0","0","0","0","0","1"
"93","RCKCT CT SW","444.15000","449.15000","D-Digital","High","12.5K","Off","Off","CT Statewide","Group Call","3109","KC1JMH / Brad Brown","Always","Carrier","Off","1","1","1","Off","3","2","None","None","Off","Off","Off","Off","Normal Encryption","Off","Off","Off","Off","251.1","1","Off","On","Off","Off","Off","Off","1","0","Off","0","2","0","0","0","0","0","0","0","0","0","3"
"94","RCKCT Local","444.15000","449.15000","D-Digital","High","12.5K","Off","Off","Local","Group Call","9","KC1JMH / Brad Brown","Always","Carrier","Off","1","1","1","Off","3","2","None","None","Off","Off","Off","Off","Normal Encryption","Off","Off","Off","Off","251.1","1","Off","On","Off","Off","Off","Off","1","0","Off","0","2","0","0","0","0","0","0","0","0","0","3"
"95","RCKCT MA SW","444.15000","449.15000","D-Digital","High","12.5K","Off","Off","MA Statewide","Group Call","3125","KC1JMH / Brad Brown","Always","Carrier","Off","1","1","1","Off","3","1","None","None","Off","Off","Off","Off","Normal Encryption","Off","Off","Off","Off","251.1","1","Off","On","Off","Off","Off","Off","1","0","Off","0","2","0","0","0","0","0","0","0","0","0","3"
"96","RCKCT NE Wide","444.15000","449.15000","D-Digital","High","12.5K","Off","Off","New England-Wide","Group Call","3181","KC1JMH / Brad Brown","Always","Carrier","Off","1","1","1","Off","3","2","None","None","Off","Off","Off","Off","Normal Encryption","Off","Off","Off","Off","251.1","1","Off","On","Off","Off","Off","Off","1","0","Off","0","2","0","0","0","0","0","0","0","0","0","3"
"97","RCKCT NETAC1","444.15000","449.15000","D-Digital","High","12.5K","Off","Off","NETAC1","Group Call","8801","KC1JMH / Brad Brown","Always","Carrier","Off","1","1","1","Off","3","1","None","None","Off","Off","Off","Off","Normal Encryption","Off","Off","Off","Off","251.1","1","Off","On","Off","Off","Off","Off","1","0","Off","0","2","0","0","0","0","0","0","0","0","0","3"
"98","RCKCT NETAC2","444.15000","449.15000","D-Digital","High","12.5K","Off","Off","NETAC2","Group Call","8802","KC1JMH / Brad Brown","Always","Carrier","Off","1","1","1","Off","3","2","None","None","Off","Off","Off","Off","Normal Encryption","Off","Off","Off","Off","251.1","1","Off","On","Off","Off","Off","Off","1","0","Off","0","2","0","0","0","0","0","0","0","0","0","3"
"99","RCKCT North Am","444.15000","449.15000","D-Digital","High","12.5K","Off","Off","North America","Group Call","3","KC1JMH / Brad Brown","Always","Carrier","Off","1","1","1","Off","3","1","None","None","Off","Off","Off","Off","Normal Encryption","Off","Off","Off","Off","251.1","1","Off","On","Off","Off","Off","Off","1","0","Off","0","2","0","0","0","0","0","0","0","0","0","3"
"100","RCKCT Northeast","444.15000","449.15000","D-Digital","High","12.5K","Off","Off","Northeast","Group Call","3172","KC1JMH / Brad Brown","Always","Carrier","Off","1","1","1","Off","3","1","None","None","Off","Off","Off","Off","Normal Encryption","Off","Off","Off","Off","251.1","1","Off","On","Off","Off","Off","Off","1","0","Off","0","2","0","0","0","0","0","0","0","0","0","3"
"101","RCKCT Parrot","444.15000","449.15000","D-Digital","High","12.5K","Off","Off","Parrot","Group Call","9998","KC1JMH / Brad Brown","Always","Carrier","Off","1","1","1","Off","3","1","None","None","Off","Off","Off","Off","Normal Encryption","Off","Off","Off","Off","251.1","1","Off","On","Off","Off","Off","Off","1","0","Off","0","2","0","0","0","0","0","0","0","0","0","3"
"102","RCKCT SKYWARN","444.15000","449.15000","D-Digital","High","12.5K","Off","Off","SKYWARN","Group Call","759","KC1JMH / Brad Brown","Always","Carrier","Off","1","1","1","Off","3","1","None","None","Off","Off","Off","Off","Normal Encryption","Off","Off","Off","Off","251.1","1","Off","On","Off","Off","Off","Off","1","0","Off","0","2","0","0","0","0","0","0","0","0","0","3"
"103","RCKCT TAC310","444.15000","449.15000","D-Digital","High","12.5K","Off","Off","TAC310","Group Call","310","KC1JMH / Brad Brown","Always","Carrier","Off","1","1","1","Off","3","1","None","None","Off","Off","Off","Off","Normal Encryption","Off","Off","Off","Off","251.1","1","Off","On","Off","Off","Off","Off","1","0","Off","0","2","0","0","0","0","0","0","0","0","0","3"
"104","RCKCT TAC311","444.15000","449.15000","D-Digital","High","12.5K","Off","Off","TAC311","Group Call","311","KC1JMH / Brad Brown","Always","Carrier","Off","1","1","1","Off","3","1","None","None","Off","Off","Off","Off","Normal Encryption","Off","Off","Off","Off","251.1","1","Off","On","Off","Off","Off","Off","1","0","Off","0","2","0","0","0","0","0","0","0","0","0","3"
"105","RCKCT WW","444.15000","449.15000","D-Digital","High","12.5K","Off","Off","WW Call","Group Call","1","KC1JMH / Brad Brown","Always","Carrier","Off","1","1","1","Off","3","1","None","None","Off","Off","Off","Off","Normal Encryption","Off","Off","Off","Off","251.1","1","Off","On","Off","Off","Off","Off","1","0","Off","0","2","0","0","0","0","0","0","0","0","0","3"
"106","RCKCT WW Eng","444.15000","449.15000","D-Digital","High","12.5K","Off","Off","WW English","Group Call","13","KC1JMH / Brad Brown","Always","Carrier","Off","1","1","1","Off","3","1","None","None","Off","Off","Off","Off","Normal Encryption","Off","Off","Off","Off","251.1","1","Off","On","Off","Off","Off","Off","1","0","Off","0","2","0","0","0","0","0","0","0","0","0","3"
"107","SEYCT CT SW","442.90000","447.90000","D-Digital","High","12.5K","Off","Off","CT Statewide","Group Call","3109","KC1JMH / Brad Brown","Always","Carrier","Off","1","1","1","Off","1","2","None","None","Off","Off","Off","Off","Normal Encryption","Off","Off","Off","Off","251.1","1","Off","On","Off","Off","Off","Off","1","0","Off","0","2","0","0","0","0","0","0","0","0","0","1"
"108","SEYCT Local","442.90000","447.90000","D-Digital","High","12.5K","Off","Off","Local","Group Call","9","KC1JMH / Brad Brown","Always","Carrier","Off","1","1","1","Off","1","2","None","None","Off","Off","Off","Off","Normal Encryption","Off","Off","Off","Off","251.1","1","Off","On","Off","Off","Off","Off","1","0","Off","0","2","0","0","0","0","0","0","0","0","0","1"
"109","SEYCT MA SW","442.90000","447.90000","D-Digital","High","12.5K","Off","Off","MA Statewide","Group Call","3125","KC1JMH / Brad Brown","Always","Carrier","Off","1","1","1","Off","1","1","None","None","Off","Off","Off","Off","Normal Encryption","Off","Off","Off","Off","251.1","1","Off","On","Off","Off","Off","Off","1","0","Off","0","2","0","0","0","0","0","0","0","0","0","1"
"110","SEYCT NE Wide","442.90000","447.90000","D-Digital","High","12.5K","Off","Off","New England-Wide","Group Call","3181","KC1JMH / Brad Brown","Always","Carrier","Off","1","1","1","Off","1","2","None","None","Off","Off","Off","Off","Normal Encryption","Off","Off","Off","Off","251.1","1","Off","On","Off","Off","Off","Off","1","0","Off","0","2","0","0","0","0","0","0","0","0","0","1"
"111","SEYCT NETAC1","442.90000","447.90000","D-Digital","High","12.5K","Off","Off","NETAC1","Group Call","8801","KC1JMH / Brad Brown","Always","Carrier","Off","1","1","1","Off","1","1","None","None","Off","Off","Off","Off","Normal Encryption","Off","Off","Off","Off","251.1","1","Off","On","Off","Off","Off","Off","1","0","Off","0","2","0","0","0","0","0","0","0","0","0","1"
"112","SEYCT NETAC2","442.90000","447.90000","D-Digital","High","12.5K","Off","Off","NETAC2","Group Call","8802","KC1JMH / Brad Brown","Always","Carrier","Off","1","1","1","Off","1","2","None","None","Off","Off","Off","Off","Normal Encryption","Off","Off","Off","Off","251.1","1","Off","On","Off","Off","Off","Off","1","0","Off","0","2","0","0","0","0","0","0","0","0","0","1"
"113","SEYCT North Am","442.90000","447.90000","D-Digital","High","12.5K","Off","Off","North America","Group Call","3","KC1JMH / Brad Brown","Always","Carrier","Off","1","1","1","Off","1","1","None","None","Off","Off","Off","Off","Normal Encryption","Off","Off","Off","Off","251.1","1","Off","On","Off","Off","Off","Off","1","0","Off","0","2","0","0","0","0","0","0","0","0","0","1"
"114","SEYCT Northeast","442.90000","447.90000","D-Digital","High","12.5K","Off","Off","Northeast","Group Call","3172","KC1JMH / Brad Brown","Always","Carrier","Off","1","1","1","Off","1","1","None","None","Off","Off","Off","Off","Normal Encryption","Off","Off","Off","Off","251.1","1","Off","On","Off","Off","Off","Off","1","0","Off","0","2","0","0","0","0","0","0","0","0","0","1"
"115","SEYCT Parrot","442.90000","447.90000","D-Digital","High","12.5K","Off","Off","Parrot","Group Call","9998","KC1JMH / Brad Brown","Always","Carrier","Off","1","1","1","Off","1","1","None","None","Off","Off","Off","Off","Normal Encryption","Off","Off","Off","Off","251.1","1","Off","On","Off","Off","Off","Off","1","0","Off","0","2","0","0","0","0","0","0","0","0","0","1"
"116","SEYCT SKYWARN","442.90000","447.90000","D-Digital","High","12.5K","Off","Off","SKYWARN","Group Call","759","KC1JMH / Brad Brown","Always","Carrier","Off","1","1","1","Off","1","1","None","None","Off","Off","Off","Off","Normal Encryption","Off","Off","Off","Off","251.1","1","Off","On","Off","Off","Off","Off","1","0","Off","0","2","0","0","0","0","0","0","0","0","0","1"
"117","SEYCT TAC310","442.90000","447.90000","D-Digital","High","12.5K","Off","Off","TAC310","Group Call","310","KC1JMH / Brad Brown","Always","Carrier","Off","1","1","1","Off","1","1","None","None","Off","Off","Off","Off","Normal Encryption","Off","Off","Off","Off","251.1","1","Off","On","Off","Off","Off","Off","1","0","Off","0","2","0","0","0","0","0","0","0","0","0","1"
"118","SEYCT TAC311","442.90000","447.90000","D-Digital","High","12.5K","Off","Off","TAC311","Group Call","311","KC1JMH / Brad Brown","Always","Carrier","Off","1","1","1","Off","1","1","None","None","Off","Off","Off","Off","Normal Encryption","Off","Off","Off","Off","251.1","1","Off","On","Off","Off","Off","Off","1","0","Off","0","2","0","0","0","0","0","0","0","0","0","1"
"119","SEYCT WW","442.90000","447.90000","D-Digital","High","12.5K","Off","Off","WW Call","Group Call","1","KC1JMH / Brad Brown","Always","Carrier","Off","1","1","1","Off","1","1","None","None","Off","Off","Off","Off","Normal Encryption","Off","Off","Off","Off","251.1","1","Off","On","Off","Off","Off","Off","1","0","Off","0","2","0","0","0","0","0","0","0","0","0","1"
"120","SEYCT WW Eng","442.90000","447.90000","D-Digital","High","12.5K","Off","Off","WW English","Group Call","13","KC1JMH / Brad Brown","Always","Carrier","Off","1","1","1","Off","1","1","None","None","Off","Off","Off","Off","Normal Encryption","Off","Off","Off","Off","251.1","1","Off","On","Off","Off","Off","Off","1","0","Off","0","2","0","0","0","0","0","0","0","0","0","1"
"121","BOSTMA CT SW","449.17500","444.17500","D-Digital","High","12.5K","Off","Off","CT Statewide","Group Call","3109","KC1JMH / Brad Brown","Always","Carrier","Off","1","1","1","Off","1","1","None","None","Off","Off","Off","Off","Normal Encryption","Off","Off","Off","Off","251.1","1","Off","On","Off","Off","Off","Off","1","0","Off","0","2","0","0","0","0","0","0","0","0","0","1"
"122","BOSTMA Local","449.17500","444.17500","D-Digital","High","12.5K","Off","Off","Local","Group Call","9","KC1JMH / Brad Brown","Always","Carrier","Off","1","1","1","Off","1","2","None","None","Off","Off","Off","Off","Normal Encryption","Off","Off","Off","Off","251.1","1","Off","On","Off","Off","Off","Off","1","0","Off","0","2","0","0","0","0","0","0","0","0","0","1"
"123","BOSTMA MA SW","449.17500","444.17500","D-Digital","High","12.5K","Off","Off","MA Statewide","Group Call","3125","KC1JMH / Brad Brown","Always","Carrier","Off","1","1","1","Off","1","2","None","None","Off","Off","Off","Off","Normal Encryption","Off","Off","Off","Off","251.1","1","Off","On","Off","Off","Off","Off","1","0","Off","0","2","0","0","0","0","0","0","0","0","0","1"
"124","BOSTMA ME SW","449.17500","444.17500","D-Digital","High","12.5K","Off","Off","ME Statewide","Group Call","3123","KC1JMH / Brad Brown","Always","Carrier","Off","1","1","1","Off","1","1","None","None","Off","Off","Off","Off","Normal Encryption","Off","Off","Off","Off","251.1","1","Off","On","Off","Off","Off","Off","1","0","Off","0","2","0","0","0","0","0","0","0","0","0","1"
"125","BOSTMA NE Wide","449.17500","444.17500","D-Digital","High","12.5K","Off","Off","New England-Wide","Group Call","3181","KC1JMH / Brad Brown","Always","Carrier","Off","1","1","1","Off","1","2","None","None","Off","Off","Off","Off","Normal Encryption","Off","Off","Off","Off","251.1","1","Off","On","Off","Off","Off","Off","1","0","Off","0","2","0","0","0","0","0","0","0","0","0","1"
"126","BOSTMA NETAC1","449.17500","444.17500","D-Digital","High","12.5K","Off","Off","NETAC1","Group Call","8801","KC1JMH / Brad Brown","Always","Carrier","Off","1","1","1","Off","1","1","None","None","Off","Off","Off","Off","Normal Encryption","Off","Off","Off","Off","251.1","1","Off","On","Off","Off","Off","Off","1","0","Off","0","2","0","0","0","0","0","0","0","0","0","1"
"127","BOSTMA NETAC2","449.17500","444.17500","D-Digital","High","12.5K","Off","Off","NETAC2","Group Call","8802","KC1JMH / Brad Brown","Always","Carrier","Off","1","1","1","Off","1","2","None","None","Off","Off","Off","Off","Normal Encryption","Off","Off","Off","Off","251.1","1","Off","On","Off","Off","Off","Off","1","0","Off","0","2","0","0","0","0","0","0","0","0","0","1"
"128","BOSTMA NH SW","449.17500","444.17500","D-Digital","High","12.5K","Off","Off","NH Statewide","Group Call","3133","KC1JMH / Brad Brown","Always","Carrier","Off","1","1","1","Off","1","1","None","None","Off","Off","Off","Off","Normal Encryption","Off","Off","Off","Off","251.1","1","Off","On","Off","Off","Off","Off","1","0","Off","0","2","0","0","0","0","0","0","0","0","0","1"
"129","BOSTMA North Am","449.17500","444.17500","D-Digital","High","12.5K","Off","Off","North America","Group Call","3","KC1JMH / Brad Brown","Always","Carrier","Off","1","1","1","Off","1","1","None","None","Off","Off","Off","Off","Normal Encryption","Off","Off","Off","Off","251.1","1","Off","On","Off","Off","Off","Off","1","0","Off","0","2","0","0","0","0","0","0","0","0","0","1"
"130","BOSTMA Northeast","449.17500","444.17500","D-Digital","High","12.5K","Off","Off","Northeast","Group Call","3172","KC1JMH / Brad Brown","Always","Carrier","Off","1","1","1","Off","1","1","None","None","Off","Off","Off","Off","Normal Encryption","Off","Off","Off","Off","251.1","1","Off","On","Off","Off","Off","Off","1","0","Off","0","2","0","0","0","0","0","0","0","0","0","1"
"131","BOSTMA Parrot","449.17500","444.17500","D-Digital","High","12.5K","Off","Off","Parrot","Group Call","9998","KC1JMH / Brad Brown","Always","Carrier","Off","1","1","1","Off","1","1","None","None","Off","Off","Off","Off","Normal Encryption","Off","Off","Off","Off","251.1","1","Off","On","Off","Off","Off","Off","1","0","Off","0","2","0","0","0","0","0","0","0","0","0","1"
"132","BOSTMA RI SW","449.17500","444.17500","D-Digital","High","12.5K","Off","Off","RI Statewide","Group Call","3144","KC1JMH / Brad Brown","Always","Carrier","Off","1","1","1","Off","1","1","None","None","Off","Off","Off","Off","Normal Encryption","Off","Off","Off","Off","251.1","1","Off","On","Off","Off","Off","Off","1","0","Off","0","2","0","0","0","0","0","0","0","0","0","1"
"133","BOSTMA SKYWARN","449.17500","444.17500","D-Digital","High","12.5K","Off","Off","SKYWARN","Group Call","759","KC1JMH / Brad Brown","Always","Carrier","Off","1","1","1","Off","1","1","None","None","Off","Off","Off","Off","Normal Encryption","Off","Off","Off","Off","251.1","1","Off","On","Off","Off","Off","Off","1","0","Off","0","2","0","0","0","0","0","0","0","0","0","1"
"134","BOSTMA TAC310","449.17500","444.17500","D-Digital","High","12.5K","Off","Off","TAC310","Group Call","310","KC1JMH / Brad Brown","Always","Carrier","Off","1","1","1","Off","1","1","None","None","Off","Off","Off","Off","Normal Encryption","Off","Off","Off","Off","251.1","1","Off","On","Off","Off","Off","Off","1","0","Off","0","2","0","0","0","0","0","0","0","0","0","1"
"135","BOSTMA TAC311","449.17500","444.17500","D-Digital","High","12.5K","Off","Off","TAC311","Group Call","311","KC1JMH / Brad Brown","Always","Carrier","Off","1","1","1","Off","1","1","None","None","Off","Off","Off","Off","Normal Encryption","Off","Off","Off","Off","251.1","1","Off","On","Off","Off","Off","Off","1","0","Off","0","2","0","0","0","0","0","0","0","0","0","1"
"136","BOSTMA VT SW","449.17500","444.17500","D-Digital","High","12.5K","Off","Off","VT Statewide","Group Call","3150","KC1JMH / Brad Brown","Always","Carrier","Off","1","1","1","Off","1","1","None","None","Off","Off","Off","Off","Normal Encryption","Off","Off","Off","Off","251.1","1","Off","On","Off","Off","Off","Off","1","0","Off","0","2","0","0","0","0","0","0","0","0","0","1"
"137","BOSTMA WW","449.17500","444.17500","D-Digital","High","12.5K","Off","Off","WW Call","Group Call","1","KC1JMH / Brad Brown","Always","Carrier","Off","1","1","1","Off","1","1","None","None","Off","Off","Off","Off","Normal Encryption","Off","Off","Off","Off","251.1","1","Off","On","Off","Off","Off","Off","1","0","Off","0","2","0","0","0","0","0","0","0","0","0","1"
"138","BOSTMA WW Eng","449.17500","444.17500","D-Digital","High","12.5K","Off","Off","WW English","Group Call","13","KC1JMH / Brad Brown","Always","Carrier","Off","1","1","1","Off","1","1","None","None","Off","Off","Off","Off","Normal Encryption","Off","Off","Off","Off","251.1","1","Off","On","Off","Off","Off","Off","1","0","Off","0","2","0","0","0","0","0","0","0","0","0","1"
"139","CHLMA CT SW","145.18000","144.58000","D-Digital","High","12.5K","Off","Off","CT Statewide","Group Call","3109","KC1JMH / Brad Brown","Always","Carrier","Off","1","1","1","Off","2","1","None","None","Off","Off","Off","Off","Normal Encryption","Off","Off","Off","Off","251.1","1","Off","On","Off","Off","Off","Off","1","0","Off","0","2","0","0","0","0","0","0","0","0","0","2"
"140","CHLMA Local","145.18000","144.58000","D-Digital","High","12.5K","Off","Off","Local","Group Call","9","KC1JMH / Brad Brown","Always","Carrier","Off","1","1","1","Off","2","2","None","None","Off","Off","Off","Off","Normal Encryption","Off","Off","Off","Off","251.1","1","Off","On","Off","Off","Off","Off","1","0","Off","0","2","0","0","0","0","0","0","0","0","0","2"
"141","CHLMA MA SW","145.18000","144.58000","D-Digital","High","12.5K","Off","Off","MA Statewide","Group Call","3125","KC1JMH / Brad Brown","Always","Carrier","Off","1","1","1","Off","2","2","None","None","Off","Off","Off","Off","Normal Encryption","Off","Off","Off","Off","251.1","1","Off","On","Off","Off","Off","Off","1","0","Off","0","2","0","0","0","0","0","0","0","0","0","2"
"142","CHLMA ME SW","145.18000","144.58000","D-Digital","High","12.5K","Off","Off","ME Statewide","Group Call","3123","KC1JMH / Brad Brown","Always","Carrier","Off","1","1","1","Off","2","1","None","None","Off","Off","Off","Off","Normal Encryption","Off","Off","Off","Off","251.1","1","Off","On","Off","Off","Off","Off","1","0","Off","0","2","0","0","0","0","0","0","0","0","0","2"
"143","CHLMA NE Wide","145.18000","144.58000","D-Digital","High","12.5K","Off","Off","New England-Wide","Group Call","3181","KC1JMH / Brad Brown","Always","Carrier","Off","1","1","1","Off","2","2","None","None","Off","Off","Off","Off","Normal Encryption","Off","Off","Off","Off","251.1","1","Off","On","Off","Off","Off","Off","1","0","Off","0","2","0","0","0","0","0","0","0","0","0","2"
"144","CHLMA NETAC1","145.18000","144.58000","D-Digital","High","12.5K","Off","Off","NETAC1","Group Call","8801","KC1JMH / Brad Brown","Always","Carrier","Off","1","1","1","Off","2","1","None","None","Off","Off","Off","Off","Normal Encryption","Off","Off","Off","Off","251.1","1","Off","On","Off","Off","Off","Off","1","0","Off","0","2","0","0","0","0","0","0","0","0","0","2"
"145","CHLMA NETAC2","145.18000","144.58000","D-Digital","High","12.5K","Off","Off","NETAC2","Group Call","8802","KC1JMH / Brad Brown","Always","Carrier","Off","1","1","1","Off","2","2","None","None","Off","Off","Off","Off","Normal Encryption","Off","Off","Off","Off","251.1","1","Off","On","Off","Off","Off","Off","1","0","Off","0","2","0","0","0","0","0","0","0","0","0","2"
"146","CHLMA NH SW","145.18000","144.58000","D-Digital","High","12.5K","Off","Off","NH Statewide","Group Call","3133","KC1JMH / Brad Brown","Always","Carrier","Off","1","1","1","Off","2","1","None","None","Off","Off","Off","Off","Normal Encryption","Off","Off","Off","Off","251.1","1","Off","On","Off","Off","Off","Off","1","0","Off","0","2","0","0","0","0","0","0","0","0","0","2"
"147","CHLMA North Am","145.18000","144.58000","D-Digital","High","12.5K","Off","Off","North America","Group Call","3","KC1JMH / Brad Brown","Always","Carrier","Off","1","1","1","Off","2","1","None","None","Off","Off","Off","Off","Normal Encryption","Off","Off","Off","Off","251.1","1","Off","On","Off","Off","Off","Off","1","0","Off","0","2","0","0","0","0","0","0","0","0","0","2"
"148","CHLMA Northeast","145.18000","144.58000","D-Digital","High","12.5K","Off","Off","Northeast","Group Call","3172","KC1JMH / Brad Brown","Always","Carrier","Off","1","1","1","Off","2","1","None","None","Off","Off","Off","Off","Normal Encryption","Off","Off","Off","Off","251.1","1","Off","On","Off","Off","Off","Off","1","0","Off","0","2","0","0","0","0","0","0","0","0","0","2"
"149","CHLMA Parrot","145.18000","144.58000","D-Digital","High","12.5K","Off","Off","Parrot","Group Call","9998","KC1JMH / Brad Brown","Always","Carrier","Off","1","1","1","Off","2","1","None","None","Off","Off","Off","Off","Normal Encryption","Off","Off","Off","Off","251.1","1","Off","On","Off","Off","Off","Off","1","0","Off","0","2","0","0","0","0","0","0","0","0","0","2"
"150","CHLMA RI SW","145.18000","144.58000","D-Digital","High","12.5K","Off","Off","RI Statewide","Group Call","3144","KC1JMH / Brad Brown","Always","Carrier","Off","1","1","1","Off","2","1","None","None","Off","Off","Off","Off","Normal Encryption","Off","Off","Off","Off","251.1","1","Off","On","Off","Off","Off","Off","1","0","Off","0","2","0","0","0","0","0","0","0","0","0","2"
"151","CHLMA SKYWARN","145.18000","144.58000","D-Digital","High","12.5K","Off","Off","SKYWARN","Group Call","759","KC1JMH / Brad Brown","Always","Carrier","Off","1","1","1","Off","2","1","None","None","Off","Off","Off","Off","Normal Encryption","Off","Off","Off","Off","251.1","1","Off","On","Off","Off","Off","Off","1","0","Off","0","2","0","0","0","0","0","0","0","0","0","2"
"152","CHLMA TAC310","145.18000","144.58000","D-Digital","High","12.5K","Off","Off","TAC310","Group Call","310","KC1JMH / Brad Brown","Always","Carrier","Off","1","1","1","Off","2","1","None","None","Off","Off","Off","Off","Normal Encryption","Off","Off","Off","Off","251.1","1","Off","On","Off","Off","Off","Off","1","0","Off","0","2","0","0","0","0","0","0","0","0","0","2"
"153","CHLMA TAC311","145.18000","144.58000","D-Digital","High","12.5K","Off","Off","TAC311","Group Call","311","KC1JMH / Brad Brown","Always","Carrier","Off","1","1","1","Off","2","1","None","None","Off","Off","Off","Off","Normal Encryption","Off","Off","Off","Off","251.1","1","Off","On","Off","Off","Off","Off","1","0","Off","0","2","0","0","0","0","0","0","0","0","0","2"
"154","CHLMA VT SW","145.18000","144.58000","D-Digital","High","12.5K","Off","Off","VT Statewide","Group Call","3150","KC1JMH / Brad Brown","Always","Carrier","Off","1","1","1","Off","2","1","None","None","Off","Off","Off","Off","Normal Encryption","Off","Off","Off","Off","251.1","1","Off","On","Off","Off","Off","Off","1","0","Off","0","2","0","0","0","0","0","0","0","0","0","2"
"155","CHLMA WW","145.18000","144.58000","D-Digital","High","12.5K","Off","Off","WW Call","Group Call","1","KC1JMH / Brad Brown","Always","Carrier","Off","1","1","1","Off","2","1","None","None","Off","Off","Off","Off","Normal Encryption","Off","Off","Off","Off","251.1","1","Off","On","Off","Off","Off","Off","1","0","Off","0","2","0","0","0","0","0","0","0","0","0","2"
"156","CHLMA WW Eng","145.18000","144.58000","D-Digital","High","12.5K","Off","Off","WW English","Group Call","13","KC1JMH / Brad Brown","Always","Carrier","Off","1","1","1","Off","2","1","None","None","Off","Off","Off","Off","Normal Encryption","Off","Off","Off","Off","251.1","1","Off","On","Off","Off","Off","Off","1","0","Off","0","2","0","0","0","0","0","0","0","0","0","2"
"157","DENMA CT SW","146.47000","144.97000","D-Digital","High","12.5K","Off","Off","CT Statewide","Group Call","3109","KC1JMH / Brad Brown","Always","Carrier","Off","1","1","1","Off","11","1","None","None","Off","Off","Off","Off","Normal Encryption","Off","Off","Off","Off","251.1","1","Off","On","Off","Off","Off","Off","1","0","Off","0","2","0","0","0","0","0","0","0","0","0","11"
"158","DENMA Local","146.47000","144.97000","D-Digital","High","12.5K","Off","Off","Local","Group Call","9","KC1JMH / Brad Brown","Always","Carrier","Off","1","1","1","Off","11","2","None","None","Off","Off","Off","Off","Normal Encryption","Off","Off","Off","Off","251.1","1","Off","On","Off","Off","Off","Off","1","0","Off","0","2","0","0","0","0","0","0","0","0","0","11"
"159","DENMA MA SW","146.47000","144.97000","D-Digital","High","12.5K","Off","Off","MA Statewide","Group Call","3125","KC1JMH / Brad Brown","Always","Carrier","Off","1","1","1","Off","11","2","None","None","Off","Off","Off","Off","Normal Encryption","Off","Off","Off","Off","251.1","1","Off","On","Off","Off","Off","Off","1","0","Off","0","2","0","0","0","0","0","0","0","0","0","11"
"160","DENMA ME SW","146.47000","144.97000","D-Digital","High","12.5K","Off","Off","ME Statewide","Group Call","3123","KC1JMH / Brad Brown","Always","Carrier","Off","1","1","1","Off","11","1","None","None","Off","Off","Off","Off","Normal Encryption","Off","Off","Off","Off","251.1","1","Off","On","Off","Off","Off","Off","1","0","Off","0","2","0","0","0","0","0","0","0","0","0","11"
"161","DENMA NE Wide","146.47000","144.97000","D-Digital","High","12.5K","Off","Off","New England-Wide","Group Call","3181","KC1JMH / Brad Brown","Always","Carrier","Off","1","1","1","Off","11","2","None","None","Off","Off","Off","Off","Normal Encryption","Off","Off","Off","Off","251.1","1","Off","On","Off","Off","Off","Off","1","0","Off","0","2","0","0","0","0","0","0","0","0","0","11"
"162","DENMA NETAC1","146.47000","144.97000","D-Digital","High","12.5K","Off","Off","NETAC1","Group Call","8801","KC1JMH / Brad Brown","Always","Carrier","Off","1","1","1","Off","11","1","None","None","Off","Off","Off","Off","Normal Encryption","Off","Off","Off","Off","251.1","1","Off","On","Off","Off","Off","Off","1","0","Off","0","2","0","0","0","0","0","0","0","0","0","11"
"163","DENMA NETAC2","146.47000","144.97000","D-Digital","High","12.5K","Off","Off","NETAC2","Group Call","8802","KC1JMH / Brad Brown","Always","Carrier","Off","1","1","1","Off","11","2","None","None","Off","Off","Off","Off","Normal Encryption","Off","Off","Off","Off","251.1","1","Off","On","Off","Off","Off","Off","1","0","Off","0","2","0","0","0","0","0","0","0","0","0","11"
"164","DENMA NH SW","146.47000","144.97000","D-Digital","High","12.5K","Off","Off","NH Statewide","Group Call","3133","KC1JMH / Brad Brown","Always","Carrier","Off","1","1","1","Off","11","1","None","None","Off","Off","Off","Off","Normal Encryption","Off","Off","Off","Off","251.1","1","Off","On","Off","Off","Off","Off","1","0","Off","0","2","0","0","0","0","0","0","0","0","0","11"
"165","DENMA North Am","146.47000","144.97000","D-Digital","High","12.5K","Off","Off","North America","Group Call","3","KC1JMH / Brad Brown","Always","Carrier","Off","1","1","1","Off","11","1","None","None","Off","Off","Off","Off","Normal Encryption","Off","Off","Off","Off","251.1","1","Off","On","Off","Off","Off","Off","1","0","Off","0","2","0","0","0","0","0","0","0","0","0","11"
"166","DENMA Northeast","146.47000","144.97000","D-Digital","High","12.5K","Off","Off","Northeast","Group Call","3172","KC1JMH / Brad Brown","Always","Carrier","Off","1","1","1","Off","11","1","None","None","Off","Off","Off","Off","Normal Encryption","Off","Off","Off","Off","251.1","1","Off","On","Off","Off","Off","Off","1","0","Off","0","2","0","0","0","0","0","0","0","0","0","11"
"167","DENMA Parrot","146.47000","144.97000","D-Digital","High","12.5K","Off","Off","Parrot","Group Call","9998","KC1JMH / Brad Brown","Always","Carrier","Off","1","1","1","Off","11","1","None","None","Off","Off","Off","Off","Normal Encryption","Off","Off","Off","Off","251.1","1","Off","On","Off","Off","Off","Off","1","0","Off","0","2","0","0","0","0","0","0","0","0","0","11"
"168","DENMA RI SW","146.47000","144.97000","D-Digital","High","12.5K","Off","Off","RI Statewide","Group Call","3144","KC1JMH / Brad Brown","Always","Carrier","Off","1","1","1","Off","11","1","None","None","Off","Off","Off","Off","Normal Encryption","Off","Off","Off","Off","251.1","1","Off","On","Off","Off","Off","Off","1","0","Off","0","2","0","0","0","0","0","0","0","0","0","11"
"169","DENMA SKYWARN","146.47000","144.97000","D-Digital","High","12.5K","Off","Off","SKYWARN","Group Call","759","KC1JMH / Brad Brown","Always","Carrier","Off","1","1","1","Off","11","1","None","None","Off","Off","Off","Off","Normal Encryption","Off","Off","Off","Off","251.1","1","Off","On","Off","Off","Off","Off","1","0","Off","0","2","0","0","0","0","0","0","0","0","0","11"
"170","DENMA TAC310","146.47000","144.97000","D-Digital","High","12.5K","Off","Off","TAC310","Group Call","310","KC1JMH / Brad Brown","Always","Carrier","Off","1","1","1","Off","11","1","None","None","Off","Off","Off","Off","Normal Encryption","Off","Off","Off","Off","251.1","1","Off","On","Off","Off","Off","Off","1","0","Off","0","2","0","0","0","0","0","0","0","0","0","11"
"171","DENMA TAC311","146.47000","144.97000","D-Digital","High","12.5K","Off","Off","TAC311","Group Call","311","KC1JMH / Brad Brown","Always","Carrier","Off","1","1","1","Off","11","1","None","None","Off","Off","Off","Off","Normal Encryption","Off","Off","Off","Off","251.1","1","Off","On","Off","Off","Off","Off","1","0","Off","0","2","0","0","0","0","0","0","0","0","0","11"
"172","DENMA VT SW","146.47000","144.97000","D-Digital","High","12.5K","Off","Off","VT Statewide","Group Call","3150","KC1JMH / Brad Brown","Always","Carrier","Off","1","1","1","Off","11","1","None","None","Off","Off","Off","Off","Normal Encryption","Off","Off","Off","Off","251.1","1","Off","On","Off","Off","Off","Off","1","0","Off","0","2","0","0","0","0","0","0","0","0","0","11"
"173","DENMA WW","146.47000","144.97000","D-Digital","High","12.5K","Off","Off","WW Call","Group Call","1","KC1JMH / Brad Brown","Always","Carrier","Off","1","1","1","Off","11","1","None","None","Off","Off","Off","Off","Normal Encryption","Off","Off","Off","Off","251.1","1","Off","On","Off","Off","Off","Off","1","0","Off","0","2","0","0","0","0","0","0","0","0","0","11"
"174","DENMA WW Eng","146.47000","144.97000","D-Digital","High","12.5K","Off","Off","WW English","Group Call","13","KC1JMH / Brad Brown","Always","Carrier","Off","1","1","1","Off","11","1","None","None","Off","Off","Off","Off","Normal Encryption","Off","Off","Off","Off","251.1","1","Off","On","Off","Off","Off","Off","1","0","Off","0","2","0","0","0","0","0","0","0","0","0","11"
"175","DNVMA CT SW","442.80000","447.80000","D-Digital","High","12.5K","Off","Off","CT Statewide","Group Call","3109","KC1JMH / Brad Brown","Always","Carrier","Off","1","1","1","Off","4","1","None","None","Off","Off","Off","Off","Normal Encryption","Off","Off","Off","Off","251.1","1","Off","On","Off","Off","Off","Off","1","0","Off","0","2","0","0","0","0","0","0","0","0","0","4"
"176","DNVMA Local","442.80000","447.80000","D-Digital","High","12.5K","Off","Off","Local","Group Call","9","KC1JMH / Brad Brown","Always","Carrier","Off","1","1","1","Off","4","2","None","None","Off","Off","Off","Off","Normal Encryption","Off","Off","Off","Off","251.1","1","Off","On","Off","Off","Off","Off","1","0","Off","0","2","0","0","0","0","0","0","0","0","0","4"
"177","DNVMA MA SW","442.80000","447.80000","D-Digital","High","12.5K","Off","Off","MA Statewide","Group Call","3125","KC1JMH / Brad Brown","Always","Carrier","Off","1","1","1","Off","4","2","None","None","Off","Off","Off","Off","Normal Encryption","Off","Off","Off","Off","251.1","1","Off","On","Off","Off","Off","Off","1","0","Off","0","2","0","0","0","0","0","0","0","0","0","4"
"178","DNVMA ME SW","442.80000","447.80000","D-Digital","High","12.5K","Off","Off","ME Statewide","Group Call","3123","KC1JMH / Brad Brown","Always","Carrier","Off","1","1","1","Off","4","1","None","None","Off","Off","Off","Off","Normal Encryption","Off","Off","Off","Off","251.1","1","Off","On","Off","Off","Off","Off","1","0","Off","0","2","0","0","0","0","0","0","0","0","0","4"
"179","DNVMA NE Wide","442.80000","447.80000","D-Digital","High","12.5K","Off","Off","New England-Wide","Group Call","3181","KC1JMH / Brad Brown","Always","Carrier","Off","1","1","1","Off","4","2","None","None","Off","Off","Off","Off","Normal Encryption","Off","Off","Off","Off","251.1","1","Off","On","Off","Off","Off","Off","1","0","Off","0","2","0","0","0","0","0","0","0","0","0","4"
"180","DNVMA NETAC1","442.80000","447.80000","D-Digital","High","12.5K","Off","Off","NETAC1","Group Call","8801","KC1JMH / Brad Brown","Always","Carrier","Off","1","1","1","Off","4","1","None","None","Off","Off","Off","Off","Normal Encryption","Off","Off","Off","Off","251.1","1","Off","On","Off","Off","Off","Off","1","0","Off","0","2","0","0","0","0","0","0","0","0","0","4"
"181","DNVMA NETAC2","442.80000","447.80000","D-Digital","High","12.5K","Off","Off","NETAC2","Group Call","8802","KC1JMH / Brad Brown","Always","Carrier","Off","1","1","1","Off","4","2","None","None","Off","Off","Off","Off","Normal Encryption","Off","Off","Off","Off","251.1","1","Off","On","Off","Off","Off","Off","1","0","Off","0","2","0","0","0","0","0","0","0","0","0","4"
"182","DNVMA NH SW","442.80000","447.80000","D-Digital","High","12.5K","Off","Off","NH Statewide","Group Call","3133","KC1JMH / Brad Brown","Always","Carrier","Off","1","1","1","Off","4","1","None","None","Off","Off","Off","Off","Normal Encryption","Off","Off","Off","Off","251.1","1","Off","On","Off","Off","Off","Off","1","0","Off","0","2","0","0","0","0","0","0","0","0","0","4"
"183","DNVMA North Am","442.80000","447.80000","D-Digital","High","12.5K","Off","Off","North America","Group Call","3","KC1JMH / Brad Brown","Always","Carrier","Off","1","1","1","Off","4","1","None","None","Off","Off","Off","Off","Normal Encryption","Off","Off","Off","Off","251.1","1","Off","On","Off","Off","Off","Off","1","0","Off","0","2","0","0","0","0","0","0","0","0","0","4"
"184","DNVMA Northeast","442.80000","447.80000","D-Digital","High","12.5K","Off","Off","Northeast","Group Call","3172","KC1JMH / Brad Brown","Always","Carrier","Off","1","1","1","Off","4","1","None","None","Off","Off","Off","Off","Normal Encryption","Off","Off","Off","Off","251.1","1","Off","On","Off","Off","Off","Off","1","0","Off","0","2","0","0","0","0","0","0","0","0","0","4"
"185","DNVMA Parrot","442.80000","447.80000","D-Digital","High","12.5K","Off","Off","Parrot","Group Call","9998","KC1JMH / Brad Brown","Always","Carrier","Off","1","1","1","Off","4","1","None","None","Off","Off","Off","Off","Normal Encryption","Off","Off","Off","Off","251.1","1","Off","On","Off","Off","Off","Off","1","0","Off","0","2","0","0","0","0","0","0","0","0","0","4"
"186","DNVMA RI SW","442.80000","447.80000","D-Digital","High","12.5K","Off","Off","RI Statewide","Group Call","3144","KC1JMH / Brad Brown","Always","Carrier","Off","1","1","1","Off","4","1","None","None","Off","Off","Off","Off","Normal Encryption","Off","Off","Off","Off","251.1","1","Off","On","Off","Off","Off","Off","1","0","Off","0","2","0","0","0","0","0","0","0","0","0","4"
"187","DNVMA SKYWARN","442.80000","447.80000","D-Digital","High","12.5K","Off","Off","SKYWARN","Group Call","759","KC1JMH / Brad Brown","Always","Carrier","Off","1","1","1","Off","4","1","None","None","Off","Off","Off","Off","Normal Encryption","Off","Off","Off","Off","251.1","1","Off","On","Off","Off","Off","Off","1","0","Off","0","2","0","0","0","0","0","0","0","0","0","4"
"188","DNVMA TAC310","442.80000","447.80000","D-Digital","High","12.5K","Off","Off","TAC310","Group Call","310","KC1JMH / Brad Brown","Always","Carrier","Off","1","1","1","Off","4","1","None","None","Off","Off","Off","Off","Normal Encryption","Off","Off","Off","Off","251.1","1","Off","On","Off","Off","Off","Off","1","0","Off","0","2","0","0","0","0","0","0","0","0","0","4"
"189","DNVMA TAC311","442.80000","447.80000","D-Digital","High","12.5K","Off","Off","TAC311","Group Call","311","KC1JMH / Brad Brown","Always","Carrier","Off","1","1","1","Off","4","1","None","None","Off","Off","Off","Off","Normal Encryption","Off","Off","Off","Off","251.1","1","Off","On","Off","Off","Off","Off","1","0","Off","0","2","0","0","0","0","0","0","0","0","0","4"
"190","DNVMA VT SW","442.80000","447.80000","D-Digital","High","12.5K","Off","Off","VT Statewide","Group Call","3150","KC1JMH / Brad Brown","Always","Carrier","Off","1","1","1","Off","4","1","None","None","Off","Off","Off","Off","Normal Encryption","Off","Off","Off","Off","251.1","1","Off","On","Off","Off","Off","Off","1","0","Off","0","2","0","0","0","0","0","0","0","0","0","4"
"191","DNVMA WW","442.80000","447.80000","D-Digital","High","12.5K","Off","Off","WW Call","Group Call","1","KC1JMH / Brad Brown","Always","Carrier","Off","1","1","1","Off","4","1","None","None","Off","Off","Off","Off","Normal Encryption","Off","Off","Off","Off","251.1","1","Off","On","Off","Off","Off","Off","1","0","Off","0","2","0","0","0","0","0","0","0","0","0","4"
"192","DNVMA WW Eng","442.80000","447.80000","D-Digital","High","12.5K","Off","Off","WW English","Group Call","13","KC1JMH / Brad Brown","Always","Carrier","Off","1","1","1","Off","4","1","None","None","Off","Off","Off","Off","Normal Encryption","Off","Off","Off","Off","251.1","1","Off","On","Off","Off","Off","Off","1","0","Off","0","2","0","0","0","0","0","0","0","0","0","4"
"193","EFPMA CT SW","145.21000","144.61000","D-Digital","High","12.5K","Off","Off","CT Statewide","Group Call","3109","KC1JMH / Brad Brown","Always","Carrier","Off","1","1","1","Off","9","1","None","None","Off","Off","Off","Off","Normal Encryption","Off","Off","Off","Off","251.1","1","Off","On","Off","Off","Off","Off","1","0","Off","0","2","0","0","0","0","0","0","0","0","0","9"
"194","EFPMA Local","145.21000","144.61000","D-Digital","High","12.5K","Off","Off","Local","Group Call","9","KC1JMH / Brad Brown","Always","Carrier","Off","1","1","1","Off","9","2","None","None","Off","Off","Off","Off","Normal Encryption","Off","Off","Off","Off","251.1","1","Off","On","Off","Off","Off","Off","1","0","Off","0","2","0","0","0","0","0","0","0","0","0","9"
"195","EFPMA MA SW","145.21000","144.61000","D-Digital","High","12.5K","Off","Off","MA Statewide","Group Call","3125","KC1JMH / Brad Brown","Always","Carrier","Off","1","1","1","Off","9","2","None","None","Off","Off","Off","Off","Normal Encryption","Off","Off","Off","Off","251.1","1","Off","On","Off","Off","Off","Off","1","0","Off","0","2","0","0","0","0","0","0","0","0","0","9"
"196","EFPMA ME SW","145.21000","144.61000","D-Digital","High","12.5K","Off","Off","ME Statewide","Group Call","3123","KC1JMH / Brad Brown","Always","Carrier","Off","1","1","1","Off","9","1","None","None","Off","Off","Off","Off","Normal Encryption","Off","Off","Off","Off","251.1","1","Off","On","Off","Off","Off","Off","1","0","Off","0","2","0","0","0","0","0","0","0","0","0","9"
"197","EFPMA NE Wide","145.21000","144.61000","D-Digital","High","12.5K","Off","Off","New England-Wide","Group Call","3181","KC1JMH / Brad Brown","Always","Carrier","Off","1","1","1","Off","9","2","None","None","Off","Off","Off","Off","Normal Encryption","Off","Off","Off","Off","251.1","1","Off","On","Off","Off","Off","Off","1","0","Off","0","2","0","0","0","0","0","0","0","0","0","9"
"198","EFPMA NETAC1","145.21000","144.61000","D-Digital","High","12.5K","Off","Off","NETAC1","Group Call","8801","KC1JMH / Brad Brown","Always","Carrier","Off","1","1","1","Off","9","1","None","None","Off","Off","Off","Off","Normal Encryption","Off","Off","Off","Off","251.1","1","Off","On","Off","Off","Off","Off","1","0","Off","0","2","0","0","0","0","0","0","0","0","0","9"
"199","EFPMA NETAC2","145.21000","144.61000","D-Digital","High","12.5K","Off","Off","NETAC2","Group Call","8802","KC1JMH / Brad Brown","Always","Carrier","Off","1","1","1","Off","9","2","None","None","Off","Off","Off","Off","Normal Encryption","Off","Off","Off","Off","251.1","1","Off","On","Off","Off","Off","Off","1","0","Off","0","2","0","0","0","0","0","0","0","0","0","9"
"200","EFPMA NH SW","145.21000","144.61000","D-Digital","High","12.5K","Off","Off","NH Statewide","Group Call","3133","KC1JMH / Brad Brown","Always","Carrier","Off","1","1","1","Off","9","1","None","None","Off","Off","Off","Off","Normal Encryption","Off","Off","Off","Off","251.1","1","Off","On","Off","Off","Off","Off","1","0","Off","0","2","0","0","0","0","0","0","0","0","0","9"
"201","EFPMA North Am","145.21000","144.61000","D-Digital","High","12.5K","Off","Off","North America","Group Call","3","KC1JMH / Brad Brown","Always","Carrier","Off","1","1","1","Off","9","1","None","None","Off","Off","Off","Off","Normal Encryption","Off","Off","Off","Off","251.1","1","Off","On","Off","Off","Off","Off","1","0","Off","0","2","0","0","0","0","0","0","0","0","0","9"
"202","EFPMA Northeast","145.21000","144.61000","D-Digital","High","12.5K","Off","Off","Northeast","Group Call","3172","KC1JMH / Brad Brown","Always","Carrier","Off","1","1","1","Off","9","1","None","None","Off","Off","Off","Off","Normal Encryption","Off","Off","Off","Off","251.1","1","Off","On","Off","Off","Off","Off","1","0","Off","0","2","0","0","0","0","0","0","0","0","0","9"
"203","EFPMA Parrot","145.21000","144.61000","D-Digital","High","12.5K","Off","Off","Parrot","Group Call","9998","KC1JMH / Brad Brown","Always","Carrier","Off","1","1","1","Off","9","1","None","None","Off","Off","Off","Off","Normal Encryption","Off","Off","Off","Off","251.1","1","Off","On","Off","Off","Off","Off","1","0","Off","0","2","0","0","0","0","0","0","0","0","0","9"
"204","EFPMA RI SW","145.21000","144.61000","D-Digital","High","12.5K","Off","Off","RI Statewide","Group Call","3144","KC1JMH / Brad Brown","Always","Carrier","Off","1","1","1","Off","9","1","None","None","Off","Off","Off","Off","Normal Encryption","Off","Off","Off","Off","251.1","1","Off","On","Off","Off","Off","Off","1","0","Off","0","2","0","0","0","0","0","0","0","0","0","9"
"205","EFPMA SKYWARN","145.21000","144.61000","D-Digital","High","12.5K","Off","Off","SKYWARN","Group Call","759","KC1JMH / Brad Brown","Always","Carrier","Off","1","1","1","Off","9","1","None","None","Off","Off","Off","Off","Normal Encryption","Off","Off","Off","Off","251.1","1","Off","On","Off","Off","Off","Off","1","0","Off","0","2","0","0","0","0","0","0","0","0","0","9"
"206","EFPMA TAC310","145.21000","144.61000","D-Digital","High","12.5K","Off","Off","TAC310","Group Call","310","KC1JMH / Brad Brown","Always","Carrier","Off","1","1","1","Off","9","1","None","None","Off","Off","Off","Off","Normal Encryption","Off","Off","Off","Off","251.1","1","Off","On","Off","Off","Off","Off","1","0","Off","0","2","0","0","0","0","0","0","0","0","0","9"
"207","EFPMA TAC311","145.21000","144.61000","D-Digital","High","12.5K","Off","Off","TAC311","Group Call","311","KC1JMH / Brad Brown","Always","Carrier","Off","1","1","1","Off","9","1","None","None","Off","Off","Off","Off","Normal Encryption","Off","Off","Off","Off","251.1","1","Off","On","Off","Off","Off","Off","1","0","Off","0","2","0","0","0","0","0","0","0","0","0","9"
"208","EFPMA VT SW","145.21000","144.61000","D-Digital","High","12.5K","Off","Off","VT Statewide","Group Call","3150","KC1JMH / Brad Brown","Always","Carrier","Off","1","1","1","Off","9","1","None","None","Off","Off","Off","Off","Normal Encryption","Off","Off","Off","Off","251.1","1","Off","On","Off","Off","Off","Off","1","0","Off","0","2","0","0","0","0","0","0","0","0","0","9"
"209","EFPMA WW","145.21000","144.61000","D-Digital","High","12.5K","Off","Off","WW Call","Group Call","1","KC1JMH / Brad Brown","Always","Carrier","Off","1","1","1","Off","9","1","None","None","Off","Off","Off","Off","Normal Encryption","Off","Off","Off","Off","251.1","1","Off","On","Off","Off","Off","Off","1","0","Off","0","2","0","0","0","0","0","0","0","0","0","9"
"210","EFPMA WW Eng","145.21000","144.61000","D-Digital","High","12.5K","Off","Off","WW English","Group Call","13","KC1JMH / Brad Brown","Always","Carrier","Off","1","1","1","Off","9","1","None","None","Off","Off","Off","Off","Normal Encryption","Off","Off","Off","Off","251.1","1","Off","On","Off","Off","Off","Off","1","0","Off","0","2","0","0","0","0","0","0","0","0","0","9"
"211","ESTMA CT SW","145.36000","144.76000","D-Digital","High","12.5K","Off","Off","CT Statewide","Group Call","3109","KC1JMH / Brad Brown","Always","Carrier","Off","1","1","1","Off","10","1","None","None","Off","Off","Off","Off","Normal Encryption","Off","Off","Off","Off","251.1","1","Off","On","Off","Off","Off","Off","1","0","Off","0","2","0","0","0","0","0","0","0","0","0","10"
"212","ESTMA Local","145.36000","144.76000","D-Digital","High","12.5K","Off","Off","Local","Group Call","9","KC1JMH / Brad Brown","Always","Carrier","Off","1","1","1","Off","10","2","None","None","Off","Off","Off","Off","Normal Encryption","Off","Off","Off","Off","251.1","1","Off","On","Off","Off","Off","Off","1","0","Off","0","2","0","0","0","0","0","0","0","0","0","10"
"213","ESTMA MA SW","145.36000","144.76000","D-Digital","High","12.5K","Off","Off","MA Statewide","Group Call","3125","KC1JMH / Brad Brown","Always","Carrier","Off","1","1","1","Off","10","2","None","None","Off","Off","Off","Off","Normal Encryption","Off","Off","Off","Off","251.1","1","Off","On","Off","Off","Off","Off","1","0","Off","0","2","0","0","0","0","0","0","0","0","0","10"
"214","ESTMA ME SW","145.36000","144.76000","D-Digital","High","12.5K","Off","Off","ME Statewide","Group Call","3123","KC1JMH / Brad Brown","Always","Carrier","Off","1","1","1","Off","10","1","None","None","Off","Off","Off","Off","Normal Encryption","Off","Off","Off","Off","251.1","1","Off","On","Off","Off","Off","Off","1","0","Off","0","2","0","0","0","0","0","0","0","0","0","10"
"215","ESTMA NE Wide","145.36000","144.76000","D-Digital","High","12.5K","Off","Off","New England-Wide","Group Call","3181","KC1JMH / Brad Brown","Always","Carrier","Off","1","1","1","Off","10","2","None","None","Off","Off","Off","Off","Normal Encryption","Off","Off","Off","Off","251.1","1","Off","On","Off","Off","Off","Off","1","0","Off","0","2","0","0","0","0","0","0","0","0","0","10"
"216","ESTMA NETAC1","145.36000","144.76000","D-Digital","High","12.5K","Off","Off","NETAC1","Group Call","8801","KC1JMH / Brad Brown","Always","Carrier","Off","1","1","1","Off","10","1","None","None","Off","Off","Off","Off","Normal Encryption","Off","Off","Off","Off","251.1","1","Off","On","Off","Off","Off","Off","1","0","Off","0","2","0","0","0","0","0","0","0","0","0","10"
"217","ESTMA NETAC2","145.36000","144.76000","D-Digital","High","12.5K","Off","Off","NETAC2","Group Call","8802","KC1JMH / Brad Brown","Always","Carrier","Off","1","1","1","Off","10","2","None","None","Off","Off","Off","Off","Normal Encryption","Off","Off","Off","Off","251.1","1","Off","On","Off","Off","Off","Off","1","0","Off","0","2","0","0","0","0","0","0","0","0","0","10"
"218","ESTMA NH SW","145.36000","144.76000","D-Digital","High","12.5K","Off","Off","NH Statewide","Group Call","3133","KC1JMH / Brad Brown","Always","Carrier","Off","1","1","1","Off","10","1","None","None","Off","Off","Off","Off","Normal Encryption","Off","Off","Off","Off","251.1","1","Off","On","Off","Off","Off","Off","1","0","Off","0","2","0","0","0","0","0","0","0","0","0","10"
"219","ESTMA North Am","145.36000","144.76000","D-Digital","High","12.5K","Off","Off","North America","Group Call","3","KC1JMH / Brad Brown","Always","Carrier","Off","1","1","1","Off","10","1","None","None","Off","Off","Off","Off","Normal Encryption","Off","Off","Off","Off","251.1","1","Off","On","Off","Off","Off","Off","1","0","Off","0","2","0","0","0","0","0","0","0","0","0","10"
"220","ESTMA Northeast","145.36000","144.76000","D-Digital","High","12.5K","Off","Off","Northeast","Group Call","3172","KC1JMH / Brad Brown","Always","Carrier","Off","1","1","1","Off","10","1","None","None","Off","Off","Off","Off","Normal Encryption","Off","Off","Off","Off","251.1","1","Off","On","Off","Off","Off","Off","1","0","Off","0","2","0","0","0","0","0","0","0","0","0","10"
"221","ESTMA Parrot","145.36000","144.76000","D-Digital","High","12.5K","Off","Off","Parrot","Group Call","9998","KC1JMH / Brad Brown","Always","Carrier","Off","1","1","1","Off","10","1","None","None","Off","Off","Off","Off","Normal Encryption","Off","Off","Off","Off","251.1","1","Off","On","Off","Off","Off","Off","1","0","Off","0","2","0","0","0","0","0","0","0","0","0","10"
"222","ESTMA RI SW","145.36000","144.76000","D-Digital","High","12.5K","Off","Off","RI Statewide","Group Call","3144","KC1JMH / Brad Brown","Always","Carrier","Off","1","1","1","Off","10","1","None","None","Off","Off","Off","Off","Normal Encryption","Off","Off","Off","Off","251.1","1","Off","On","Off","Off","Off","Off","1","0","Off","0","2","0","0","0","0","0","0","0","0","0","10"
"223","ESTMA SKYWARN","145.36000","144.76000","D-Digital","High","12.5K","Off","Off","SKYWARN","Group Call","759","KC1JMH / Brad Brown","Always","Carrier","Off","1","1","1","Off","10","1","None","None","Off","Off","Off","Off","Normal Encryption","Off","Off","Off","Off","251.1","1","Off","On","Off","Off","Off","Off","1","0","Off","0","2","0","0","0","0","0","0","0","0","0","10"
"224","ESTMA TAC310","145.36000","144.76000","D-Digital","High","12.5K","Off","Off","TAC310","Group Call","310","KC1JMH / Brad Brown","Always","Carrier","Off","1","1","1","Off","10","1","None","None","Off","Off","Off","Off","Normal Encryption","Off","Off","Off","Off","251.1","1","Off","On","Off","Off","Off","Off","1","0","Off","0","2","0","0","0","0","0","0","0","0","0","10"
"225","ESTMA TAC311","145.36000","144.76000","D-Digital","High","12.5K","Off","Off","TAC311","Group Call","311","KC1JMH / Brad Brown","Always","Carrier","Off","1","1","1","Off","10","1","None","None","Off","Off","Off","Off","Normal Encryption","Off","Off","Off","Off","251.1","1","Off","On","Off","Off","Off","Off","1","0","Off","0","2","0","0","0","0","0","0","0","0","0","10"
"226","ESTMA VT SW","145.36000","144.76000","D-Digital","High","12.5K","Off","Off","VT Statewide","Group Call","3150","KC1JMH / Brad Brown","Always","Carrier","Off","1","1","1","Off","10","1","None","None","Off","Off","Off","Off","Normal Encryption","Off","Off","Off","Off","251.1","1","Off","On","Off","Off","Off","Off","1","0","Off","0","2","0","0","0","0","0","0","0","0","0","10"
"227","ESTMA WW","145.36000","144.76000","D-Digital","High","12.5K","Off","Off","WW Call","Group Call","1","KC1JMH / Brad Brown","Always","Carrier","Off","1","1","1","Off","10","1","None","None","Off","Off","Off","Off","Normal Encryption","Off","Off","Off","Off","251.1","1","Off","On","Off","Off","Off","Off","1","0","Off","0","2","0","0","0","0","0","0","0","0","0","10"
"228","ESTMA WW Eng","145.36000","144.76000","D-Digital","High","12.5K","Off","Off","WW English","Group Call","13","KC1JMH / Brad Brown","Always","Carrier","Off","1","1","1","Off","10","1","None","None","Off","Off","Off","Off","Normal Encryption","Off","Off","Off","Off","251.1","1","Off","On","Off","Off","Off","Off","1","0","Off","0","2","0","0","0","0","0","0","0","0","0","10"
"229","GDNMA CT SW","145.34000","144.74000","D-Digital","High","12.5K","Off","Off","CT Statewide","Group Call","3109","KC1JMH / Brad Brown","Always","Carrier","Off","1","1","1","Off","3","1","None","None","Off","Off","Off","Off","Normal Encryption","Off","Off","Off","Off","251.1","1","Off","On","Off","Off","Off","Off","1","0","Off","0","2","0","0","0","0","0","0","0","0","0","3"
"230","GDNMA Local","145.34000","144.74000","D-Digital","High","12.5K","Off","Off","Local","Group Call","9","KC1JMH / Brad Brown","Always","Carrier","Off","1","1","1","Off","3","2","None","None","Off","Off","Off","Off","Normal Encryption","Off","Off","Off","Off","251.1","1","Off","On","Off","Off","Off","Off","1","0","Off","0","2","0","0","0","0","0","0","0","0","0","3"
"231","GDNMA MA SW","145.34000","144.74000","D-Digital","High","12.5K","Off","Off","MA Statewide","Group Call","3125","KC1JMH / Brad Brown","Always","Carrier","Off","1","1","1","Off","3","2","None","None","Off","Off","Off","Off","Normal Encryption","Off","Off","Off","Off","251.1","1","Off","On","Off","Off","Off","Off","1","0","Off","0","2","0","0","0","0","0","0","0","0","0","3"
"232","GDNMA ME SW","145.34000","144.74000","D-Digital","High","12.5K","Off","Off","ME Statewide","Group Call","3123","KC1JMH / Brad Brown","Always","Carrier","Off","1","1","1","Off","3","1","None","None","Off","Off","Off","Off","Normal Encryption","Off","Off","Off","Off","251.1","1","Off","On","Off","Off","Off","Off","1","0","Off","0","2","0","0","0","0","0","0","0","0","0","3"
"233","GDNMA NE Wide","145.34000","144.74000","D-Digital","High","12.5K","Off","Off","New England-Wide","Group Call","3181","KC1JMH / Brad Brown","Always","Carrier","Off","1","1","1","Off","3","2","None","None","Off","Off","Off","Off","Normal Encryption","Off","Off","Off","Off","251.1","1","Off","On","Off","Off","Off","Off","1","0","Off","0","2","0","0","0","0","0","0","0","0","0","3"
"234","GDNMA NETAC1","145.34000","144.74000","D-Digital","High","12.5K","Off","Off","NETAC1","Group Call","8801","KC1JMH / Brad Brown","Always","Carrier","Off","1","1","1","Off","3","1","None","None","Off","Off","Off","Off","Normal Encryption","Off","Off","Off","Off","251.1","1","Off","On","Off","Off","Off","Off","1","0","Off","0","2","0","0","0","0","0","0","0","0","0","3"
"235","GDNMA NETAC2","145.34000","144.74000","D-Digital","High","12.5K","Off","Off","NETAC2","Group Call","8802","KC1JMH / Brad Brown","Always","Carrier","Off","1","1","1","Off","3","2","None","None","Off","Off","Off","Off","Normal Encryption","Off","Off","Off","Off","251.1","1","Off","On","Off","Off","Off","Off","1","0","Off","0","2","0","0","0","0","0","0","0","0","0","3"
"236","GDNMA NH SW","145.34000","144.74000","D-Digital","High","12.5K","Off","Off","NH Statewide","Group Call","3133","KC1JMH / Brad Brown","Always","Carrier","Off","1","1","1","Off","3","1","None","None","Off","Off","Off","Off","Normal Encryption","Off","Off","Off","Off","251.1","1","Off","On","Off","Off","Off","Off","1","0","Off","0","2","0","0","0","0","0","0","0","0","0","3"
"237","GDNMA North Am","145.34000","144.74000","D-Digital","High","12.5K","Off","Off","North America","Group Call","3","KC1JMH / Brad Brown","Always","Carrier","Off","1","1","1","Off","3","1","None","None","Off","Off","Off","Off","Normal Encryption","Off","Off","Off","Off","251.1","1","Off","On","Off","Off","Off","Off","1","0","Off","0","2","0","0","0","0","0","0","0","0","0","3"
"238","GDNMA Northeast","145.34000","144.74000","D-Digital","High","12.5K","Off","Off","Northeast","Group Call","3172","KC1JMH / Brad Brown","Always","Carrier","Off","1","1","1","Off","3","1","None","None","Off","Off","Off","Off","Normal Encryption","Off","Off","Off","Off","251.1","1","Off","On","Off","Off","Off","Off","1","0","Off","0","2","0","0","0","0","0","0","0","0","0","3"
"239","GDNMA Parrot","145.34000","144.74000","D-Digital","High","12.5K","Off","Off","Parrot","Group Call","9998","KC1JMH / Brad Brown","Always","Carrier","Off","1","1","1","Off","3","1","None","None","Off","Off","Off","Off","Normal Encryption","Off","Off","Off","Off","251.1","1","Off","On","Off","Off","Off","Off","1","0","Off","0","2","0","0","0","0","0","0","0","0","0","3"
"240","GDNMA RI SW","145.34000","144.74000","D-Digital","High","12.5K","Off","Off","RI Statewide","Group Call","3144","KC1JMH / Brad Brown","Always","Carrier","Off","1","1","1","Off","3","1","None","None","Off","Off","Off","Off","Normal Encryption","Off","Off","Off","Off","251.1","1","Off","On","Off","Off","Off","Off","1","0","Off","0","2","0","0","0","0","0","0","0","0","0","3"
"241","GDNMA SKYWARN","145.34000","144.74000","D-Digital","High","12.5K","Off","Off","SKYWARN","Group Call","759","KC1JMH / Brad Brown","Always","Carrier","Off","1","1","1","Off","3","1","None","None","Off","Off","Off","Off","Normal Encryption","Off","Off","Off","Off","251.1","1","Off","On","Off","Off","Off","Off","1","0","Off","0","2","0","0","0","0","0","0","0","0","0","3"
"242","GDNMA TAC310","145.34000","144.74000","D-Digital","High","12.5K","Off","Off","TAC310","Group Call","310","KC1JMH / Brad Brown","Always","Carrier","Off","1","1","1","Off","3","1","None","None","Off","Off","Off","Off","Normal Encryption","Off","Off","Off","Off","251.1","1","Off","On","Off","Off","Off","Off","1","0","Off","0","2","0","0","0","0","0","0","0","0","0","3"
"243","GDNMA TAC311","145.34000","144.74000","D-Digital","High","12.5K","Off","Off","TAC311","Group Call","311","KC1JMH / Brad Brown","Always","Carrier","Off","1","1","1","Off","3","1","None","None","Off","Off","Off","Off","Normal Encryption","Off","Off","Off","Off","251.1","1","Off","On","Off","Off","Off","Off","1","0","Off","0","2","0","0","0","0","0","0","0","0","0","3"
"244","GDNMA VT SW","145.34000","144.74000","D-Digital","High","12.5K","Off","Off","VT Statewide","Group Call","3150","KC1JMH / Brad Brown","Always","Carrier","Off","1","1","1","Off","3","1","None","None","Off","Off","Off","Off","Normal Encryption","Off","Off","Off","Off","251.1","1","Off","On","Off","Off","Off","Off","1","0","Off","0","2","0","0","0","0","0","0","0","0","0","3"
"245","GDNMA WW","145.34000","144.74000","D-Digital","High","12.5K","Off","Off","WW Call","Group Call","1","KC1JMH / Brad Brown","Always","Carrier","Off","1","1","1","Off","3","1","None","None","Off","Off","Off","Off","Normal Encryption","Off","Off","Off","Off","251.1","1","Off","On","Off","Off","Off","Off","1","0","Off","0","2","0","0","0","0","0","0","0","0","0","3"
"246","GDNMA WW Eng","145.34000","144.74000","D-Digital","High","12.5K","Off","Off","WW English","Group Call","13","KC1JMH / Brad Brown","Always","Carrier","Off","1","1","1","Off","3","1","None","None","Off","Off","Off","Off","Normal Encryption","Off","Off","Off","Off","251.1","1","Off","On","Off","Off","Off","Off","1","0","Off","0","2","0","0","0","0","0","0","0","0","0","3"
"247","HAVMA CT SW","146.46000","144.96000","D-Digital","High","12.5K","Off","Off","CT Statewide","Group Call","3109","KC1JMH / Brad Brown","Always","Carrier","Off","1","1","1","Off","6","1","None","None","Off","Off","Off","Off","Normal Encryption","Off","Off","Off","Off","251.1","1","Off","On","Off","Off","Off","Off","1","0","Off","0","2","0","0","0","0","0","0","0","0","0","6"
"248","HAVMA Local","146.46000","144.96000","D-Digital","High","12.5K","Off","Off","Local","Group Call","9","KC1JMH / Brad Brown","Always","Carrier","Off","1","1","1","Off","6","2","None","None","Off","Off","Off","Off","Normal Encryption","Off","Off","Off","Off","251.1","1","Off","On","Off","Off","Off","Off","1","0","Off","0","2","0","0","0","0","0","0","0","0","0","6"
"249","HAVMA MA SW","146.46000","144.96000","D-Digital","High","12.5K","Off","Off","MA Statewide","Group Call","3125","KC1JMH / Brad Brown","Always","Carrier","Off","1","1","1","Off","6","2","None","None","Off","Off","Off","Off","Normal Encryption","Off","Off","Off","Off","251.1","1","Off","On","Off","Off","Off","Off","1","0","Off","0","2","0","0","0","0","0","0","0","0","0","6"
"250","HAVMA ME SW","146.46000","144.96000","D-Digital","High","12.5K","Off","Off","ME Statewide","Group Call","3123","KC1JMH / Brad Brown","Always","Carrier","Off","1","1","1","Off","6","1","None","None","Off","Off","Off","Off","Normal Encryption","Off","Off","Off","Off","251.1","1","Off","On","Off","Off","Off","Off","1","0","Off","0","2","0","0","0","0","0","0","0","0","0","6"
"251","HAVMA NE Wide","146.46000","144.96000","D-Digital","High","12.5K","Off","Off","New England-Wide","Group Call","3181","KC1JMH / Brad Brown","Always","Carrier","Off","1","1","1","Off","6","2","None","None","Off","Off","Off","Off","Normal Encryption","Off","Off","Off","Off","251.1","1","Off","On","Off","Off","Off","Off","1","0","Off","0","2","0","0","0","0","0","0","0","0","0","6"
"252","HAVMA NETAC1","146.46000","144.96000","D-Digital","High","12.5K","Off","Off","NETAC1","Group Call","8801","KC1JMH / Brad Brown","Always","Carrier","Off","1","1","1","Off","6","1","None","None","Off","Off","Off","Off","Normal Encryption","Off","Off","Off","Off","251.1","1","Off","On","Off","Off","Off","Off","1","0","Off","0","2","0","0","0","0","0","0","0","0","0","6"
"253","HAVMA NETAC2","146.46000","144.96000","D-Digital","High","12.5K","Off","Off","NETAC2","Group Call","8802","KC1JMH / Brad Brown","Always","Carrier","Off","1","1","1","Off","6","2","None","None","Off","Off","Off","Off","Normal Encryption","Off","Off","Off","Off","251.1","1","Off","On","Off","Off","Off","Off","1","0","Off","0","2","0","0","0","0","0","0","0","0","0","6"
"254","HAVMA NH SW","146.46000","144.96000","D-Digital","High","12.5K","Off","Off","NH Statewide","Group Call","3133","KC1JMH / Brad Brown","Always","Carrier","Off","1","1","1","Off","6","1","None","None","Off","Off","Off","Off","Normal Encryption","Off","Off","Off","Off","251.1","1","Off","On","Off","Off","Off","Off","1","0","Off","0","2","0","0","0","0","0","0","0","0","0","6"
"255","HAVMA North Am","146.46000","144.96000","D-Digital","High","12.5K","Off","Off","North America","Group Call","3","KC1JMH / Brad Brown","Always","Carrier","Off","1","1","1","Off","6","1","None","None","Off","Off","Off","Off","Normal Encryption","Off","Off","Off","Off","251.1","1","Off","On","Off","Off","Off","Off","1","0","Off","0","2","0","0","0","0","0","0","0","0","0","6"
"256","HAVMA Northeast","146.46000","144.96000","D-Digital","High","12.5K","Off","Off","Northeast","Group Call","3172","KC1JMH / Brad Brown","Always","Carrier","Off","1","1","1","Off","6","1","None","None","Off","Off","Off","Off","Normal Encryption","Off","Off","Off","Off","251.1","1","Off","On","Off","Off","Off","Off","1","0","Off","0","2","0","0","0","0","0","0","0","0","0","6"
"257","HAVMA Parrot","146.46000","144.96000","D-Digital","High","12.5K","Off","Off","Parrot","Group Call","9998","KC1JMH / Brad Brown","Always","Carrier","Off","1","1","1","Off","6","1","None","None","Off","Off","Off","Off","Normal Encryption","Off","Off","Off","Off","251.1","1","Off","On","Off","Off","Off","Off","1","0","Off","0","2","0","0","0","0","0","0","0","0","0","6"
"258","HAVMA RI SW","146.46000","144.96000","D-Digital","High","12.5K","Off","Off","RI Statewide","Group Call","3144","KC1JMH / Brad Brown","Always","Carrier","Off","1","1","1","Off","6","1","None","None","Off","Off","Off","Off","Normal Encryption","Off","Off","Off","Off","251.1","1","Off","On","Off","Off","Off","Off","1","0","Off","0","2","0","0","0","0","0","0","0","0","0","6"
"259","HAVMA SKYWARN","146.46000","144.96000","D-Digital","High","12.5K","Off","Off","SKYWARN","Group Call","759","KC1JMH / Brad Brown","Always","Carrier","Off","1","1","1","Off","6","1","None","None","Off","Off","Off","Off","Normal Encryption","Off","Off","Off","Off","251.1","1","Off","On","Off","Off","Off","Off","1","0","Off","0","2","0","0","0","0","0","0","0","0","0","6"
"260","HAVMA TAC310","146.46000","144.96000","D-Digital","High","12.5K","Off","Off","TAC310","Group Call","310","KC1JMH / Brad Brown","Always","Carrier","Off","1","1","1","Off","6","1","None","None","Off","Off","Off","Off","Normal Encryption","Off","Off","Off","Off","251.1","1","Off","On","Off","Off","Off","Off","1","0","Off","0","2","0","0","0","0","0","0","0","0","0","6"
"261","HAVMA TAC311","146.46000","144.96000","D-Digital","High","12.5K","Off","Off","TAC311","Group Call","311","KC1JMH / Brad Brown","Always","Carrier","Off","1","1","1","Off","6","1","None","None","Off","Off","Off","Off","Normal Encryption","Off","Off","Off","Off","251.1","1","Off","On","Off","Off","Off","Off","1","0","Off","0","2","0","0","0","0","0","0","0","0","0","6"
"262","HAVMA VT SW","146.46000","144.96000","D-Digital","High","12.5K","Off","Off","VT Statewide","Group Call","3150","KC1JMH / Brad Brown","Always","Carrier","Off","1","1","1","Off","6","1","None","None","Off","Off","Off","Off","Normal Encryption","Off","Off","Off","Off","251.1","1","Off","On","Off","Off","Off","Off","1","0","Off","0","2","0","0","0","0","0","0","0","0","0","6"
"263","HAVMA WW","146.46000","144.96000","D-Digital","High","12.5K","Off","Off","WW Call","Group Call","1","KC1JMH / Brad Brown","Always","Carrier","Off","1","1","1","Off","6","1","None","None","Off","Off","Off","Off","Normal Encryption","Off","Off","Off","Off","251.1","1","Off","On","Off","Off","Off","Off","1","0","Off","0","2","0","0","0","0","0","0","0","0","0","6"
"264","HAVMA WW Eng","146.46000","144.96000","D-Digital","High","12.5K","Off","Off","WW English","Group Call","13","KC1JMH / Brad Brown","Always","Carrier","Off","1","1","1","Off","6","1","None","None","Off","Off","Off","Off","Normal Encryption","Off","Off","Off","Off","251.1","1","Off","On","Off","Off","Off","Off","1","0","Off","0","2","0","0","0","0","0","0","0","0","0","6"
"265","HNGMA CT SW","146.43000","144.93000","D-Digital","High","12.5K","Off","Off","CT Statewide","Group Call","3109","KC1JMH / Brad Brown","Always","Carrier","Off","1","1","1","Off","1","1","None","None","Off","Off","Off","Off","Normal Encryption","Off","Off","Off","Off","251.1","1","Off","On","Off","Off","Off","Off","1","0","Off","0","2","0","0","0","0","0","0","0","0","0","1"
"266","HNGMA Local","146.43000","144.93000","D-Digital","High","12.5K","Off","Off","Local","Group Call","9","KC1JMH / Brad Brown","Always","Carrier","Off","1","1","1","Off","1","2","None","None","Off","Off","Off","Off","Normal Encryption","Off","Off","Off","Off","251.1","1","Off","On","Off","Off","Off","Off","1","0","Off","0","2","0","0","0","0","0","0","0","0","0","1"
"267","HNGMA MA SW","146.43000","144.93000","D-Digital","High","12.5K","Off","Off","MA Statewide","Group Call","3125","KC1JMH / Brad Brown","Always","Carrier","Off","1","1","1","Off","1","2","None","None","Off","Off","Off","Off","Normal Encryption","Off","Off","Off","Off","251.1","1","Off","On","Off","Off","Off","Off","1","0","Off","0","2","0","0","0","0","0","0","0","0","0","1"
"268","HNGMA ME SW","146.43000","144.93000","D-Digital","High","12.5K","Off","Off","ME Statewide","Group Call","3123","KC1JMH / Brad Brown","Always","Carrier","Off","1","1","1","Off","1","1","None","None","Off","Off","Off","Off","Normal Encryption","Off","Off","Off","Off","251.1","1","Off","On","Off","Off","Off","Off","1","0","Off","0","2","0","0","0","0","0","0","0","0","0","1"
"269","HNGMA NE Wide","146.43000","144.93000","D-Digital","High","12.5K","Off","Off","New England-Wide","Group Call","3181","KC1JMH / Brad Brown","Always","Carrier","Off","1","1","1","Off","1","2","None","None","Off","Off","Off","Off","Normal Encryption","Off","Off","Off","Off","251.1","1","Off","On","Off","Off","Off","Off","1","0","Off","0","2","0","0","0","0","0","0","0","0","0","1"
"270","HNGMA NETAC1","146.43000","144.93000","D-Digital","High","12.5K","Off","Off","NETAC1","Group Call","8801","KC1JMH / Brad Brown","Always","Carrier","Off","1","1","1","Off","1","1","None","None","Off","Off","Off","Off","Normal Encryption","Off","Off","Off","Off","251.1","1","Off","On","Off","Off","Off","Off","1","0","Off","0","2","0","0","0","0","0","0","0","0","0","1"
"271","HNGMA NETAC2","146.43000","144.93000","D-Digital","High","12.5K","Off","Off","NETAC2","Group Call","8802","KC1JMH / Brad Brown","Always","Carrier","Off","1","1","1","Off","1","2","None","None","Off","Off","Off","Off","Normal Encryption","Off","Off","Off","Off","251.1","1","Off","On","Off","Off","Off","Off","1","0","Off","0","2","0","0","0","0","0","0","0","0","0","1"
"272","HNGMA NH SW","146.43000","144.93000","D-Digital","High","12.5K","Off","Off","NH Statewide","Group Call","3133","KC1JMH / Brad Brown","Always","Carrier","Off","1","1","1","Off","1","1","None","None","Off","Off","Off","Off","Normal Encryption","Off","Off","Off","Off","251.1","1","Off","On","Off","Off","Off","Off","1","0","Off","0","2","0","0","0","0","0","0","0","0","0","1"
"273","HNGMA North Am","146.43000","144.93000","D-Digital","High","12.5K","Off","Off","North America","Group Call","3","KC1JMH / Brad Brown","Always","Carrier","Off","1","1","1","Off","1","1","None","None","Off","Off","Off","Off","Normal Encryption","Off","Off","Off","Off","251.1","1","Off","On","Off","Off","Off","Off","1","0","Off","0","2","0","0","0","0","0","0","0","0","0","1"
"274","HNGMA Northeast","146.43000","144.93000","D-Digital","High","12.5K","Off","Off","Northeast","Group Call","3172","KC1JMH / Brad Brown","Always","Carrier","Off","1","1","1","Off","1","1","None","None","Off","Off","Off","Off","Normal Encryption","Off","Off","Off","Off","251.1","1","Off","On","Off","Off","Off","Off","1","0","Off","0","2","0","0","0","0","0","0","0","0","0","1"
"275","HNGMA Parrot","146.43000","144.93000","D-Digital","High","12.5K","Off","Off","Parrot","Group Call","9998","KC1JMH / Brad Brown","Always","Carrier","Off","1","1","1","Off","1","1","None","None","Off","Off","Off","Off","Normal Encryption","Off","Off","Off","Off","251.1","1","Off","On","Off","Off","Off","Off","1","0","Off","0","2","0","0","0","0","0","0","0","0","0","1"
"276","HNGMA RI SW","146.43000","144.93000","D-Digital","High","12.5K","Off","Off","RI Statewide","Group Call","3144","KC1JMH / Brad Brown","Always","Carrier","Off","1","1","1","Off","1","1","None","None","Off","Off","Off","Off","Normal Encryption","Off","Off","Off","Off","251.1","1","Off","On","Off","Off","Off","Off","1","0","Off","0","2","0","0","0","0","0","0","0","0","0","1"
"277","HNGMA SKYWARN","146.43000","144.93000","D-Digital","High","12.5K","Off","Off","SKYWARN","Group Call","759","KC1JMH / Brad Brown","Always","Carrier","Off","1","1","1","Off","1","1","None","None","Off","Off","Off","Off","Normal Encryption","Off","Off","Off","Off","251.1","1","Off","On","Off","Off","Off","Off","1","0","Off","0","2","0","0","0","0","0","0","0","0","0","1"
"278","HNGMA TAC310","146.43000","144.93000","D-Digital","High","12.5K","Off","Off","TAC310","Group Call","310","KC1JMH / Brad Brown","Always","Carrier","Off","1","1","1","Off","1","1","None","None","Off","Off","Off","Off","Normal Encryption","Off","Off","Off","Off","251.1","1","Off","On","Off","Off","Off","Off","1","0","Off","0","2","0","0","0","0","0","0","0","0","0","1"
"279","HNGMA TAC311","146.43000","144.93000","D-Digital","High","12.5K","Off","Off","TAC311","Group Call","311","KC1JMH / Brad Brown","Always","Carrier","Off","1","1","1","Off","1","1","None","None","Off","Off","Off","Off","Normal Encryption","Off","Off","Off","Off","251.1","1","Off","On","Off","Off","Off","Off","1","0","Off","0","2","0","0","0","0","0","0","0","0","0","1"
"280","HNGMA VT SW","146.43000","144.93000","D-Digital","High","12.5K","Off","Off","VT Statewide","Group Call","3150","KC1JMH / Brad Brown","Always","Carrier","Off","1","1","1","Off","1","1","None","None","Off","Off","Off","Off","Normal Encryption","Off","Off","Off","Off","251.1","1","Off","On","Off","Off","Off","Off","1","0","Off","0","2","0","0","0","0","0","0","0","0","0","1"
"281","HNGMA WW","146.43000","144.93000","D-Digital","High","12.5K","Off","Off","WW Call","Group Call","1","KC1JMH / Brad Brown","Always","Carrier","Off","1","1","1","Off","1","1","None","None","Off","Off","Off","Off","Normal Encryption","Off","Off","Off","Off","251.1","1","Off","On","Off","Off","Off","Off","1","0","Off","0","2","0","0","0","0","0","0","0","0","0","1"
"282","HNGMA WW Eng","146.43000","144.93000","D-Digital","High","12.5K","Off","Off","WW English","Group Call","13","KC1JMH / Brad Brown","Always","Carrier","Off","1","1","1","Off","1","1","None","None","Off","Off","Off","Off","Normal Encryption","Off","Off","Off","Off","251.1","1","Off","On","Off","Off","Off","Off","1","0","Off","0","2","0","0","0","0","0","0","0","0","0","1"
"283","K1IRMA CT SW","146.47000","144.97000","D-Digital","High","12.5K","Off","Off","CT Statewide","Group Call","3109","KC1JMH / Brad Brown","Always","Carrier","Off","1","1","1","Off","0","1","None","None","Off","Off","Off","Off","Normal Encryption","Off","Off","Off","Off","251.1","1","Off","On","Off","Off","Off","Off","1","0","Off","0","2","0","0","0","0","0","0","0","0","0","0"
"284","K1IRMA Local","146.47000","144.97000","D-Digital","High","12.5K","Off","Off","Local","Group Call","9","KC1JMH / Brad Brown","Always","Carrier","Off","1","1","1","Off","0","2","None","None","Off","Off","Off","Off","Normal Encryption","Off","Off","Off","Off","251.1","1","Off","On","Off","Off","Off","Off","1","0","Off","0","2","0","0","0","0","0","0","0","0","0","0"
"285","K1IRMA MA SW","146.47000","144.97000","D-Digital","High","12.5K","Off","Off","MA Statewide","Group Call","3125","KC1JMH / Brad Brown","Always","Carrier","Off","1","1","1","Off","0","2","None","None","Off","Off","Off","Off","Normal Encryption","Off","Off","Off","Off","251.1","1","Off","On","Off","Off","Off","Off","1","0","Off","0","2","0","0","0","0","0","0","0","0","0","0"
"286","K1IRMA ME SW","146.47000","144.97000","D-Digital","High","12.5K","Off","Off","ME Statewide","Group Call","3123","KC1JMH / Brad Brown","Always","Carrier","Off","1","1","1","Off","0","1","None","None","Off","Off","Off","Off","Normal Encryption","Off","Off","Off","Off","251.1","1","Off","On","Off","Off","Off","Off","1","0","Off","0","2","0","0","0","0","0","0","0","0","0","0"
"287","K1IRMA NE Wide","146.47000","144.97000","D-Digital","High","12.5K","Off","Off","New England-Wide","Group Call","3181","KC1JMH / Brad Brown","Always","Carrier","Off","1","1","1","Off","0","2","None","None","Off","Off","Off","Off","Normal Encryption","Off","Off","Off","Off","251.1","1","Off","On","Off","Off","Off","Off","1","0","Off","0","2","0","0","0","0","0","0","0","0","0","0"
"288","K1IRMA NETAC1","146.47000","144.97000","D-Digital","High","12.5K","Off","Off","NETAC1","Group Call","8801","KC1JMH / Brad Brown","Always","Carrier","Off","1","1","1","Off","0","1","None","None","Off","Off","Off","Off","Normal Encryption","Off","Off","Off","Off","251.1","1","Off","On","Off","Off","Off","Off","1","0","Off","0","2","0","0","0","0","0","0","0","0","0","0"
"289","K1IRMA NETAC2","146.47000","144.97000","D-Digital","High","12.5K","Off","Off","NETAC2","Group Call","8802","KC1JMH / Brad Brown","Always","Carrier","Off","1","1","1","Off","0","2","None","None","Off","Off","Off","Off","Normal Encryption","Off","Off","Off","Off","251.1","1","Off","On","Off","Off","Off","Off","1","0","Off","0","2","0","0","0","0","0","0","0","0","0","0"
"290","K1IRMA NH SW","146.47000","144.97000","D-Digital","High","12.5K","Off","Off","NH Statewide","Group Call","3133","KC1JMH / Brad Brown","Always","Carrier","Off","1","1","1","Off","0","1","None","None","Off","Off","Off","Off","Normal Encryption","Off","Off","Off","Off","251.1","1","Off","On","Off","Off","Off","Off","1","0","Off","0","2","0","0","0","0","0","0","0","0","0","0"
"291","K1IRMA North Am","146.47000","144.97000","D-Digital","High","12.5K","Off","Off","North America","Group Call","3","KC1JMH / Brad Brown","Always","Carrier","Off","1","1","1","Off","0","1","None","None","Off","Off","Off","Off","Normal Encryption","Off","Off","Off","Off","251.1","1","Off","On","Off","Off","Off","Off","1","0","Off","0","2","0","0","0","0","0","0","0","0","0","0"
"292","K1IRMA Northeast","146.47000","144.97000","D-Digital","High","12.5K","Off","Off","Northeast","Group Call","3172","KC1JMH / Brad Brown","Always","Carrier","Off","1","1","1","Off","0","1","None","None","Off","Off","Off","Off","Normal Encryption","Off","Off","Off","Off","251.1","1","Off","On","Off","Off","Off","Off","1","0","Off","0","2","0","0","0","0","0","0","0","0","0","0"
"293","K1IRMA Parrot","146.47000","144.97000","D-Digital","High","12.5K","Off","Off","Parrot","Group Call","9998","KC1JMH / Brad Brown","Always","Carrier","Off","1","1","1","Off","0","1","None","None","Off","Off","Off","Off","Normal Encryption","Off","Off","Off","Off","251.1","1","Off","On","Off","Off","Off","Off","1","0","Off","0","2","0","0","0","0","0","0","0","0","0","0"
"294","K1IRMA RI SW","146.47000","144.97000","D-Digital","High","12.5K","Off","Off","RI Statewide","Group Call","3144","KC1JMH / Brad Brown","Always","Carrier","Off","1","1","1","Off","0","1","None","None","Off","Off","Off","Off","Normal Encryption","Off","Off","Off","Off","251.1","1","Off","On","Off","Off","Off","Off","1","0","Off","0","2","0","0","0","0","0","0","0","0","0","0"
"295","K1IRMA SKYWARN","146.47000","144.97000","D-Digital","High","12.5K","Off","Off","SKYWARN","Group Call","759","KC1JMH / Brad Brown","Always","Carrier","Off","1","1","1","Off","0","1","None","None","Off","Off","Off","Off","Normal Encryption","Off","Off","Off","Off","251.1","1","Off","On","Off","Off","Off","Off","1","0","Off","0","2","0","0","0","0","0","0","0","0","0","0"
"296","K1IRMA TAC310","146.47000","144.97000","D-Digital","High","12.5K","Off","Off","TAC310","Group Call","310","KC1JMH / Brad Brown","Always","Carrier","Off","1","1","1","Off","0","1","None","None","Off","Off","Off","Off","Normal Encryption","Off","Off","Off","Off","251.1","1","Off","On","Off","Off","Off","Off","1","0","Off","0","2","0","0","0","0","0","0","0","0","0","0"
"297","K1IRMA TAC311","146.47000","144.97000","D-Digital","High","12.5K","Off","Off","TAC311","Group Call","311","KC1JMH / Brad Brown","Always","Carrier","Off","1","1","1","Off","0","1","None","None","Off","Off","Off","Off","Normal Encryption","Off","Off","Off","Off","251.1","1","Off","On","Off","Off","Off","Off","1","0","Off","0","2","0","0","0","0","0","0","0","0","0","0"
"298","K1IRMA VT SW","146.47000","144.97000","D-Digital","High","12.5K","Off","Off","VT Statewide","Group Call","3150","KC1JMH / Brad Brown","Always","Carrier","Off","1","1","1","Off","0","1","None","None","Off","Off","Off","Off","Normal Encryption","Off","Off","Off","Off","251.1","1","Off","On","Off","Off","Off","Off","1","0","Off","0","2","0","0","0","0","0","0","0","0","0","0"
"299","K1IRMA WW","146.47000","144.97000","D-Digital","High","12.5K","Off","Off","WW Call","Group Call","1","KC1JMH / Brad Brown","Always","Carrier","Off","1","1","1","Off","0","1","None","None","Off","Off","Off","Off","Normal Encryption","Off","Off","Off","Off","251.1","1","Off","On","Off","Off","Off","Off","1","0","Off","0","2","0","0","0","0","0","0","0","0","0","0"
"300","K1IRMA WW Eng","146.47000","144.97000","D-Digital","High","12.5K","Off","Off","WW English","Group Call","13","KC1JMH / Brad Brown","Always","Carrier","Off","1","1","1","Off","0","1","None","None","Off","Off","Off","Off","Normal Encryption","Off","Off","Off","Off","251.1","1","Off","On","Off","Off","Off","Off","1","0","Off","0","2","0","0","0","0","0","0","0","0","0","0"
"301","MBLMA CT SW","145.37000","144.77000","D-Digital","High","12.5K","Off","Off","CT Statewide","Group Call","3109","KC1JMH / Brad Brown","Always","Carrier","Off","1","1","1","Off","0","1","None","None","Off","Off","Off","Off","Normal Encryption","Off","Off","Off","Off","251.1","1","Off","On","Off","Off","Off","Off","1","0","Off","0","2","0","0","0","0","0","0","0","0","0","0"
"302","MBLMA Local","145.37000","144.77000","D-Digital","High","12.5K","Off","Off","Local","Group Call","9","KC1JMH / Brad Brown","Always","Carrier","Off","1","1","1","Off","0","2","None","None","Off","Off","Off","Off","Normal Encryption","Off","Off","Off","Off","251.1","1","Off","On","Off","Off","Off","Off","1","0","Off","0","2","0","0","0","0","0","0","0","0","0","0"
"303","MBLMA MA SW","145.37000","144.77000","D-Digital","High","12.5K","Off","Off","MA Statewide","Group Call","3125","KC1JMH / Brad Brown","Always","Carrier","Off","1","1","1","Off","0","2","None","None","Off","Off","Off","Off","Normal Encryption","Off","Off","Off","Off","251.1","1","Off","On","Off","Off","Off","Off","1","0","Off","0","2","0","0","0","0","0","0","0","0","0","0"
"304","MBLMA ME SW","145.37000","144.77000","D-Digital","High","12.5K","Off","Off","ME Statewide","Group Call","3123","KC1JMH / Brad Brown","Always","Carrier","Off","1","1","1","Off","0","1","None","None","Off","Off","Off","Off","Normal Encryption","Off","Off","Off","Off","251.1","1","Off","On","Off","Off","Off","Off","1","0","Off","0","2","0","0","0","0","0","0","0","0","0","0"
"305","MBLMA NE Wide","145.37000","144.77000","D-Digital","High","12.5K","Off","Off","New England-Wide","Group Call","3181","KC1JMH / Brad Brown","Always","Carrier","Off","1","1","1","Off","0","2","None","None","Off","Off","Off","Off","Normal Encryption","Off","Off","Off","Off","251.1","1","Off","On","Off","Off","Off","Off","1","0","Off","0","2","0","0","0","0","0","0","0","0","0","0"
"306","MBLMA NETAC1","145.37000","144.77000","D-Digital","High","12.5K","Off","Off","NETAC1","Group Call","8801","KC1JMH / Brad Brown","Always","Carrier","Off","1","1","1","Off","0","1","None","None","Off","Off","Off","Off","Normal Encryption","Off","Off","Off","Off","251.1","1","Off","On","Off","Off","Off","Off","1","0","Off","0","2","0","0","0","0","0","0","0","0","0","0"
"307","MBLMA NETAC2","145.37000","144.77000","D-Digital","High","12.5K","Off","Off","NETAC2","Group Call","8802","KC1JMH / Brad Brown","Always","Carrier","Off","1","1","1","Off","0","2","None","None","Off","Off","Off","Off","Normal Encryption","Off","Off","Off","Off","251.1","1","Off","On","Off","Off","Off","Off","1","0","Off","0","2","0","0","0","0","0","0","0","0","0","0"
"308","MBLMA NH SW","145.37000","144.77000","D-Digital","High","12.5K","Off","Off","NH Statewide","Group Call","3133","KC1JMH / Brad Brown","Always","Carrier","Off","1","1","1","Off","0","1","None","None","Off","Off","Off","Off","Normal Encryption","Off","Off","Off","Off","251.1","1","Off","On","Off","Off","Off","Off","1","0","Off","0","2","0","0","0","0","0","0","0","0","0","0"
"309","MBLMA North Am","145.37000","144.77000","D-Digital","High","12.5K","Off","Off","North America","Group Call","3","KC1JMH / Brad Brown","Always","Carrier","Off","1","1","1","Off","0","1","None","None","Off","Off","Off","Off","Normal Encryption","Off","Off","Off","Off","251.1","1","Off","On","Off","Off","Off","Off","1","0","Off","0","2","0","0","0","0","0","0","0","0","0","0"
"310","MBLMA Northeast","145.37000","144.77000","D-Digital","High","12.5K","Off","Off","Northeast","Group Call","3172","KC1JMH / Brad Brown","Always","Carrier","Off","1","1","1","Off","0","1","None","None","Off","Off","Off","Off","Normal Encryption","Off","Off","Off","Off","251.1","1","Off","On","Off","Off","Off","Off","1","0","Off","0","2","0","0","0","0","0","0","0","0","0","0"
"311","MBLMA Parrot","145.37000","144.77000","D-Digital","High","12.5K","Off","Off","Parrot","Group Call","9998","KC1JMH / Brad Brown","Always","Carrier","Off","1","1","1","Off","0","1","None","None","Off","Off","Off","Off","Normal Encryption","Off","Off","Off","Off","251.1","1","Off","On","Off","Off","Off","Off","1","0","Off","0","2","0","0","0","0","0","0","0","0","0","0"
"312","MBLMA RI SW","145.37000","144.77000","D-Digital","High","12.5K","Off","Off","RI Statewide","Group Call","3144","KC1JMH / Brad Brown","Always","Carrier","Off","1","1","1","Off","0","1","None","None","Off","Off","Off","Off","Normal Encryption","Off","Off","Off","Off","251.1","1","Off","On","Off","Off","Off","Off","1","0","Off","0","2","0","0","0","0","0","0","0","0","0","0"
"313","MBLMA SKYWARN","145.37000","144.77000","D-Digital","High","12.5K","Off","Off","SKYWARN","Group Call","759","KC1JMH / Brad Brown","Always","Carrier","Off","1","1","1","Off","0","1","None","None","Off","Off","Off","Off","Normal Encryption","Off","Off","Off","Off","251.1","1","Off","On","Off","Off","Off","Off","1","0","Off","0","2","0","0","0","0","0","0","0","0","0","0"
"314","MBLMA TAC310","145.37000","144.77000","D-Digital","High","12.5K","Off","Off","TAC310","Group Call","310","KC1JMH / Brad Brown","Always","Carrier","Off","1","1","1","Off","0","1","None","None","Off","Off","Off","Off","Normal Encryption","Off","Off","Off","Off","251.1","1","Off","On","Off","Off","Off","Off","1","0","Off","0","2","0","0","0","0","0","0","0","0","0","0"
"315","MBLMA TAC311","145.37000","144.77000","D-Digital","High","12.5K","Off","Off","TAC311","Group Call","311","KC1JMH / Brad Brown","Always","Carrier","Off","1","1","1","Off","0","1","None","None","Off","Off","Off","Off","Normal Encryption","Off","Off","Off","Off","251.1","1","Off","On","Off","Off","Off","Off","1","0","Off","0","2","0","0","0","0","0","0","0","0","0","0"
"316","MBLMA VT SW","145.37000","144.77000","D-Digital","High","12.5K","Off","Off","VT Statewide","Group Call","3150","KC1JMH / Brad Brown","Always","Carrier","Off","1","1","1","Off","0","1","None","None","Off","Off","Off","Off","Normal Encryption","Off","Off","Off","Off","251.1","1","Off","On","Off","Off","Off","Off","1","0","Off","0","2","0","0","0","0","0","0","0","0","0","0"
"317","MBLMA WW","145.37000","144.77000","D-Digital","High","12.5K","Off","Off","WW Call","Group Call","1","KC1JMH / Brad Brown","Always","Carrier","Off","1","1","1","Off","0","1","None","None","Off","Off","Off","Off","Normal Encryption","Off","Off","Off","Off","251.1","1","Off","On","Off","Off","Off","Off","1","0","Off","0","2","0","0","0","0","0","0","0","0","0","0"
"318","MBLMA WW Eng","145.37000","144.77000","D-Digital","High","12.5K","Off","Off","WW English","Group Call","13","KC1JMH / Brad Brown","Always","Carrier","Off","1","1","1","Off","0","1","None","None","Off","Off","Off","Off","Normal Encryption","Off","Off","Off","Off","251.1","1","Off","On","Off","Off","Off","Off","1","0","Off","0","2","0","0","0","0","0","0","0","0","0","0"
"319","MVYMA CT SW","145.18000","144.58000","D-Digital","High","12.5K","Off","Off","CT Statewide","Group Call","3109","KC1JMH / Brad Brown","Always","Carrier","Off","1","1","1","Off","10","1","None","None","Off","Off","Off","Off","Normal Encryption","Off","Off","Off","Off","251.1","1","Off","On","Off","Off","Off","Off","1","0","Off","0","2","0","0","0","0","0","0","0","0","0","10"
"320","MVYMA Local","145.18000","144.58000","D-Digital","High","12.5K","Off","Off","Local","Group Call","9","KC1JMH / Brad Brown","Always","Carrier","Off","1","1","1","Off","10","2","None","None","Off","Off","Off","Off","Normal Encryption","Off","Off","Off","Off","251.1","1","Off","On","Off","Off","Off","Off","1","0","Off","0","2","0","0","0","0","0","0","0","0","0","10"
"321","MVYMA MA SW","145.18000","144.58000","D-Digital","High","12.5K","Off","Off","MA Statewide","Group Call","3125","KC1JMH / Brad Brown","Always","Carrier","Off","1","1","1","Off","10","2","None","None","Off","Off","Off","Off","Normal Encryption","Off","Off","Off","Off","251.1","1","Off","On","Off","Off","Off","Off","1","0","Off","0","2","0","0","0","0","0","0","0","0","0","10"
"322","MVYMA ME SW","145.18000","144.58000","D-Digital","High","12.5K","Off","Off","ME Statewide","Group Call","3123","KC1JMH / Brad Brown","Always","Carrier","Off","1","1","1","Off","10","1","None","None","Off","Off","Off","Off","Normal Encryption","Off","Off","Off","Off","251.1","1","Off","On","Off","Off","Off","Off","1","0","Off","0","2","0","0","0","0","0","0","0","0","0","10"
"323","MVYMA NE Wide","145.18000","144.58000","D-Digital","High","12.5K","Off","Off","New England-Wide","Group Call","3181","KC1JMH / Brad Brown","Always","Carrier","Off","1","1","1","Off","10","2","None","None","Off","Off","Off","Off","Normal Encryption","Off","Off","Off","Off","251.1","1","Off","On","Off","Off","Off","Off","1","0","Off","0","2","0","0","0","0","0","0","0","0","0","10"
"324","MVYMA NETAC1","145.18000","144.58000","D-Digital","High","12.5K","Off","Off","NETAC1","Group Call","8801","KC1JMH / Brad Brown","Always","Carrier","Off","1","1","1","Off","10","1","None","None","Off","Off","Off","Off","Normal Encryption","Off","Off","Off","Off","251.1","1","Off","On","Off","Off","Off","Off","1","0","Off","0","2","0","0","0","0","0","0","0","0","0","10"
"325","MVYMA NETAC2","145.18000","144.58000","D-Digital","High","12.5K","Off","Off","NETAC2","Group Call","8802","KC1JMH / Brad Brown","Always","Carrier","Off","1","1","1","Off","10","2","None","None","Off","Off","Off","Off","Normal Encryption","Off","Off","Off","Off","251.1","1","Off","On","Off","Off","Off","Off","1","0","Off","0","2","0","0","0","0","0","0","0","0","0","10"
"326","MVYMA NH SW","145.18000","144.58000","D-Digital","High","12.5K","Off","Off","NH Statewide","Group Call","3133","KC1JMH / Brad Brown","Always","Carrier","Off","1","1","1","Off","10","1","None","None","Off","Off","Off","Off","Normal Encryption","Off","Off","Off","Off","251.1","1","Off","On","Off","Off","Off","Off","1","0","Off","0","2","0","0","0","0","0","0","0","0","0","10"
"327","MVYMA North Am","145.18000","144.58000","D-Digital","High","12.5K","Off","Off","North America","Group Call","3","KC1JMH / Brad Brown","Always","Carrier","Off","1","1","1","Off","10","1","None","None","Off","Off","Off","Off","Normal Encryption","Off","Off","Off","Off","251.1","1","Off","On","Off","Off","Off","Off","1","0","Off","0","2","0","0","0","0","0","0","0","0","0","10"
"328","MVYMA Northeast","145.18000","144.58000","D-Digital","High","12.5K","Off","Off","Northeast","Group Call","3172","KC1JMH / Brad Brown","Always","Carrier","Off","1","1","1","Off","10","1","None","None","Off","Off","Off","Off","Normal Encryption","Off","Off","Off","Off","251.1","1","Off","On","Off","Off","Off","Off","1","0","Off","0","2","0","0","0","0","0","0","0","0","0","10"
"329","MVYMA Parrot","145.18000","144.58000","D-Digital","High","12.5K","Off","Off","Parrot","Group Call","9998","KC1JMH / Brad Brown","Always","Carrier","Off","1","1","1","Off","10","1","None","None","Off","Off","Off","Off","Normal Encryption","Off","Off","Off","Off","251.1","1","Off","On","Off","Off","Off","Off","1","0","Off","0","2","0","0","0","0","0","0","0","0","0","10"
"330","MVYMA RI SW","145.18000","144.58000","D-Digital","High","12.5K","Off","Off","RI Statewide","Group Call","3144","KC1JMH / Brad Brown","Always","Carrier","Off","1","1","1","Off","10","1","None","None","Off","Off","Off","Off","Normal Encryption","Off","Off","Off","Off","251.1","1","Off","On","Off","Off","Off","Off","1","0","Off","0","2","0","0","0","0","0","0","0","0","0","10"
"331","MVYMA SKYWARN","145.18000","144.58000","D-Digital","High","12.5K","Off","Off","SKYWARN","Group Call","759","KC1JMH / Brad Brown","Always","Carrier","Off","1","1","1","Off","10","1","None","None","Off","Off","Off","Off","Normal Encryption","Off","Off","Off","Off","251.1","1","Off","On","Off","Off","Off","Off","1","0","Off","0","2","0","0","0","0","0","0","0","0","0","10"
"332","MVYMA TAC310","145.18000","144.58000","D-Digital","High","12.5K","Off","Off","TAC310","Group Call","310","KC1JMH / Brad Brown","Always","Carrier","Off","1","1","1","Off","10","1","None","None","Off","Off","Off","Off","Normal Encryption","Off","Off","Off","Off","251.1","1","Off","On","Off","Off","Off","Off","1","0","Off","0","2","0","0","0","0","0","0","0","0","0","10"
"333","MVYMA TAC311","145.18000","144.58000","D-Digital","High","12.5K","Off","Off","TAC311","Group Call","311","KC1JMH / Brad Brown","Always","Carrier","Off","1","1","1","Off","10","1","None","None","Off","Off","Off","Off","Normal Encryption","Off","Off","Off","Off","251.1","1","Off","On","Off","Off","Off","Off","1","0","Off","0","2","0","0","0","0","0","0","0","0","0","10"
"334","MVYMA VT SW","145.18000","144.58000","D-Digital","High","12.5K","Off","Off","VT Statewide","Group Call","3150","KC1JMH / Brad Brown","Always","Carrier","Off","1","1","1","Off","10","1","None","None","Off","Off","Off","Off","Normal Encryption","Off","Off","Off","Off","251.1","1","Off","On","Off","Off","Off","Off","1","0","Off","0","2","0","0","0","0","0","0","0","0","0","10"
"335","MVYMA WW","145.18000","144.58000","D-Digital","High","12.5K","Off","Off","WW Call","Group Call","1","KC1JMH / Brad Brown","Always","Carrier","Off","1","1","1","Off","10","1","None","None","Off","Off","Off","Off","Normal Encryption","Off","Off","Off","Off","251.1","1","Off","On","Off","Off","Off","Off","1","0","Off","0","2","0","0","0","0","0","0","0","0","0","10"
"336","MVYMA WW Eng","145.18000","144.58000","D-Digital","High","12.5K","Off","Off","WW English","Group Call","13","KC1JMH / Brad Brown","Always","Carrier","Off","1","1","1","Off","10","1","None","None","Off","Off","Off","Off","Normal Encryption","Off","Off","Off","Off","251.1","1","Off","On","Off","Off","Off","Off","1","0","Off","0","2","0","0","0","0","0","0","0","0","0","10"
"337","NADMA CT SW","449.67500","444.67500","D-Digital","High","12.5K","Off","Off","CT Statewide","Group Call","3109","KC1JMH / Brad Brown","Always","Carrier","Off","1","1","1","Off","1","1","None","None","Off","Off","Off","Off","Normal Encryption","Off","Off","Off","Off","251.1","1","Off","On","Off","Off","Off","Off","1","0","Off","0","2","0","0","0","0","0","0","0","0","0","1"
"338","NADMA Local","449.67500","444.67500","D-Digital","High","12.5K","Off","Off","Local","Group Call","9","KC1JMH / Brad Brown","Always","Carrier","Off","1","1","1","Off","1","2","None","None","Off","Off","Off","Off","Normal Encryption","Off","Off","Off","Off","251.1","1","Off","On","Off","Off","Off","Off","1","0","Off","0","2","0","0","0","0","0","0","0","0","0","1"
"339","NADMA MA SW","449.67500","444.67500","D-Digital","High","12.5K","Off","Off","MA Statewide","Group Call","3125","KC1JMH / Brad Brown","Always","Carrier","Off","1","1","1","Off","1","2","None","None","Off","Off","Off","Off","Normal Encryption","Off","Off","Off","Off","251.1","1","Off","On","Off","Off","Off","Off","1","0","Off","0","2","0","0","0","0","0","0","0","0","0","1"
"340","NADMA ME SW","449.67500","444.67500","D-Digital","High","12.5K","Off","Off","ME Statewide","Group Call","3123","KC1JMH / Brad Brown","Always","Carrier","Off","1","1","1","Off","1","1","None","None","Off","Off","Off","Off","Normal Encryption","Off","Off","Off","Off","251.1","1","Off","On","Off","Off","Off","Off","1","0","Off","0","2","0","0","0","0","0","0","0","0","0","1"
"341","NADMA NE Wide","449.67500","444.67500","D-Digital","High","12.5K","Off","Off","New England-Wide","Group Call","3181","KC1JMH / Brad Brown","Always","Carrier","Off","1","1","1","Off","1","2","None","None","Off","Off","Off","Off","Normal Encryption","Off","Off","Off","Off","251.1","1","Off","On","Off","Off","Off","Off","1","0","Off","0","2","0","0","0","0","0","0","0","0","0","1"
"342","NADMA NETAC1","449.67500","444.67500","D-Digital","High","12.5K","Off","Off","NETAC1","Group Call","8801","KC1JMH / Brad Brown","Always","Carrier","Off","1","1","1","Off","1","1","None","None","Off","Off","Off","Off","Normal Encryption","Off","Off","Off","Off","251.1","1","Off","On","Off","Off","Off","Off","1","0","Off","0","2","0","0","0","0","0","0","0","0","0","1"
"343","NADMA NETAC2","449.67500","444.67500","D-Digital","High","12.5K","Off","Off","NETAC2","Group Call","8802","KC1JMH / Brad Brown","Always","Carrier","Off","1","1","1","Off","1","2","None","None","Off","Off","Off","Off","Normal Encryption","Off","Off","Off","Off","251.1","1","Off","On","Off","Off","Off","Off","1","0","Off","0","2","0","0","0","0","0","0","0","0","0","1"
"344","NADMA NH SW","449.67500","444.67500","D-Digital","High","12.5K","Off","Off","NH Statewide","Group Call","3133","KC1JMH / Brad Brown","Always","Carrier","Off","1","1","1","Off","1","1","None","None","Off","Off","Off","Off","Normal Encryption","Off","Off","Off","Off","251.1","1","Off","On","Off","Off","Off","Off","1","0","Off","0","2","0","0","0","0","0","0","0","0","0","1"
"345","NADMA North Am","449.67500","444.67500","D-Digital","High","12.5K","Off","Off","North America","Group Call","3","KC1JMH / Brad Brown","Always","Carrier","Off","1","1","1","Off","1","1","None","None","Off","Off","Off","Off","Normal Encryption","Off","Off","Off","Off","251.1","1","Off","On","Off","Off","Off","Off","1","0","Off","0","2","0","0","0","0","0","0","0","0","0","1"
"346","NADMA Northeast","449.67500","444.67500","D-Digital","High","12.5K","Off","Off","Northeast","Group Call","3172","KC1JMH / Brad Brown","Always","Carrier","Off","1","1","1","Off","1","1","None","None","Off","Off","Off","Off","Normal Encryption","Off","Off","Off","Off","251.1","1","Off","On","Off","Off","Off","Off","1","0","Off","0","2","0","0","0","0","0","0","0","0","0","1"
"347","NADMA Parrot","449.67500","444.67500","D-Digital","High","12.5K","Off","Off","Parrot","Group Call","9998","KC1JMH / Brad Brown","Always","Carrier","Off","1","1","1","Off","1","1","None","None","Off","Off","Off","Off","Normal Encryption","Off","Off","Off","Off","251.1","1","Off","On","Off","Off","Off","Off","1","0","Off","0","2","0","0","0","0","0","0","0","0","0","1"
"348","NADMA RI SW","449.67500","444.67500","D-Digital","High","12.5K","Off","Off","RI Statewide","Group Call","3144","KC1JMH / Brad Brown","Always","Carrier","Off","1","1","1","Off","1","1","None","None","Off","Off","Off","Off","Normal Encryption","Off","Off","Off","Off","251.1","1","Off","On","Off","Off","Off","Off","1","0","Off","0","2","0","0","0","0","0","0","0","0","0","1"
"349","NADMA SKYWARN","449.67500","444.67500","D-Digital","High","12.5K","Off","Off","SKYWARN","Group Call","759","KC1JMH / Brad Brown","Always","Carrier","Off","1","1","1","Off","1","1","None","None","Off","Off","Off","Off","Normal Encryption","Off","Off","Off","Off","251.1","1","Off","On","Off","Off","Off","Off","1","0","Off","0","2","0","0","0","0","0","0","0","0","0","1"
"350","NADMA TAC310","449.67500","444.67500","D-Digital","High","12.5K","Off","Off","TAC310","Group Call","310","KC1JMH / Brad Brown","Always","Carrier","Off","1","1","1","Off","1","1","None","None","Off","Off","Off","Off","Normal Encryption","Off","Off","Off","Off","251.1","1","Off","On","Off","Off","Off","Off","1","0","Off","0","2","0","0","0","0","0","0","0","0","0","1"
"351","NADMA TAC311","449.67500","444.67500","D-Digital","High","12.5K","Off","Off","TAC311","Group Call","311","KC1JMH / Brad Brown","Always","Carrier","Off","1","1","1","Off","1","1","None","None","Off","Off","Off","Off","Normal Encryption","Off","Off","Off","Off","251.1","1","Off","On","Off","Off","Off","Off","1","0","Off","0","2","0","0","0","0","0","0","0","0","0","1"
"352","NADMA VT SW","449.67500","444.67500","D-Digital","High","12.5K","Off","Off","VT Statewide","Group Call","3150","KC1JMH / Brad Brown","Always","Carrier","Off","1","1","1","Off","1","1","None","None","Off","Off","Off","Off","Normal Encryption","Off","Off","Off","Off","251.1","1","Off","On","Off","Off","Off","Off","1","0","Off","0","2","0","0","0","0","0","0","0","0","0","1"
"353","NADMA WW","449.67500","444.67500","D-Digital","High","12.5K","Off","Off","WW Call","Group Call","1","KC1JMH / Brad Brown","Always","Carrier","Off","1","1","1","Off","1","1","None","None","Off","Off","Off","Off","Normal Encryption","Off","Off","Off","Off","251.1","1","Off","On","Off","Off","Off","Off","1","0","Off","0","2","0","0","0","0","0","0","0","0","0","1"
"354","NADMA WW Eng","449.67500","444.67500","D-Digital","High","12.5K","Off","Off","WW English","Group Call","13","KC1JMH / Brad Brown","Always","Carrier","Off","1","1","1","Off","1","1","None","None","Off","Off","Off","Off","Normal Encryption","Off","Off","Off","Off","251.1","1","Off","On","Off","Off","Off","Off","1","0","Off","0","2","0","0","0","0","0","0","0","0","0","1"
"355","NMPUHMA CT SW","449.52500","444.52500","D-Digital","High","12.5K","Off","Off","CT Statewide","Group Call","3109","KC1JMH / Brad Brown","Always","Carrier","Off","1","1","1","Off","1","1","None","None","Off","Off","Off","Off","Normal Encryption","Off","Off","Off","Off","251.1","1","Off","On","Off","Off","Off","Off","1","0","Off","0","2","0","0","0","0","0","0","0","0","0","1"
"356","NMPUHMA Local","449.52500","444.52500","D-Digital","High","12.5K","Off","Off","Local","Group Call","9","KC1JMH / Brad Brown","Always","Carrier","Off","1","1","1","Off","1","2","None","None","Off","Off","Off","Off","Normal Encryption","Off","Off","Off","Off","251.1","1","Off","On","Off","Off","Off","Off","1","0","Off","0","2","0","0","0","0","0","0","0","0","0","1"
"357","NMPUHMA MA SW","449.52500","444.52500","D-Digital","High","12.5K","Off","Off","MA Statewide","Group Call","3125","KC1JMH / Brad Brown","Always","Carrier","Off","1","1","1","Off","1","2","None","None","Off","Off","Off","Off","Normal Encryption","Off","Off","Off","Off","251.1","1","Off","On","Off","Off","Off","Off","1","0","Off","0","2","0","0","0","0","0","0","0","0","0","1"
"358","NMPUHMA ME SW","449.52500","444.52500","D-Digital","High","12.5K","Off","Off","ME Statewide","Group Call","3123","KC1JMH / Brad Brown","Always","Carrier","Off","1","1","1","Off","1","1","None","None","Off","Off","Off","Off","Normal Encryption","Off","Off","Off","Off","251.1","1","Off","On","Off","Off","Off","Off","1","0","Off","0","2","0","0","0","0","0","0","0","0","0","1"
"359","NMPUHMA NE Wide","449.52500","444.52500","D-Digital","High","12.5K","Off","Off","New England-Wide","Group Call","3181","KC1JMH / Brad Brown","Always","Carrier","Off","1","1","1","Off","1","2","None","None","Off","Off","Off","Off","Normal Encryption","Off","Off","Off","Off","251.1","1","Off","On","Off","Off","Off","Off","1","0","Off","0","2","0","0","0","0","0","0","0","0","0","1"
"360","NMPUHMA NETAC1","449.52500","444.52500","D-Digital","High","12.5K","Off","Off","NETAC1","Group Call","8801","KC1JMH / Brad Brown","Always","Carrier","Off","1","1","1","Off","1","1","None","None","Off","Off","Off","Off","Normal Encryption","Off","Off","Off","Off","251.1","1","Off","On","Off","Off","Off","Off","1","0","Off","0","2","0","0","0","0","0","0","0","0","0","1"
"361","NMPUHMA NETAC2","449.52500","444.52500","D-Digital","High","12.5K","Off","Off","NETAC2","Group Call","8802","KC1JMH / Brad Brown","Always","Carrier","Off","1","1","1","Off","1","2","None","None","Off","Off","Off","Off","Normal Encryption","Off","Off","Off","Off","251.1","1","Off","On","Off","Off","Off","Off","1","0","Off","0","2","0","0","0","0","0","0","0","0","0","1"
"362","NMPUHMA NH SW","449.52500","444.52500","D-Digital","High","12.5K","Off","Off","NH Statewide","Group Call","3133","KC1JMH / Brad Brown","Always","Carrier","Off","1","1","1","Off","1","1","None","None","Off","Off","Off","Off","Normal Encryption","Off","Off","Off","Off","251.1","1","Off","On","Off","Off","Off","Off","1","0","Off","0","2","0","0","0","0","0","0","0","0","0","1"
"363","NMPUHMA Neast","449.52500","444.52500","D-Digital","High","12.5K","Off","Off","Northeast","Group Call","3172","KC1JMH / Brad Brown","Always","Carrier","Off","1","1","1","Off","1","1","None","None","Off","Off","Off","Off","Normal Encryption","Off","Off","Off","Off","251.1","1","Off","On","Off","Off","Off","Off","1","0","Off","0","2","0","0","0","0","0","0","0","0","0","1"
"364","NMPUHMA North Am","449.52500","444.52500","D-Digital","High","12.5K","Off","Off","North America","Group Call","3","KC1JMH / Brad Brown","Always","Carrier","Off","1","1","1","Off","1","1","None","None","Off","Off","Off","Off","Normal Encryption","Off","Off","Off","Off","251.1","1","Off","On","Off","Off","Off","Off","1","0","Off","0","2","0","0","0","0","0","0","0","0","0","1"
"365","NMPUHMA Parrot","449.52500","444.52500","D-Digital","High","12.5K","Off","Off","Parrot","Group Call","9998","KC1JMH / Brad Brown","Always","Carrier","Off","1","1","1","Off","1","1","None","None","Off","Off","Off","Off","Normal Encryption","Off","Off","Off","Off","251.1","1","Off","On","Off","Off","Off","Off","1","0","Off","0","2","0","0","0","0","0","0","0","0","0","1"
"366","NMPUHMA RI SW","449.52500","444.52500","D-Digital","High","12.5K","Off","Off","RI Statewide","Group Call","3144","KC1JMH / Brad Brown","Always","Carrier","Off","1","1","1","Off","1","1","None","None","Off","Off","Off","Off","Normal Encryption","Off","Off","Off","Off","251.1","1","Off","On","Off","Off","Off","Off","1","0","Off","0","2","0","0","0","0","0","0","0","0","0","1"
"367","NMPUHMA SKYWARN","449.52500","444.52500","D-Digital","High","12.5K","Off","Off","SKYWARN","Group Call","759","KC1JMH / Brad Brown","Always","Carrier","Off","1","1","1","Off","1","1","None","None","Off","Off","Off","Off","Normal Encryption","Off","Off","Off","Off","251.1","1","Off","On","Off","Off","Off","Off","1","0","Off","0","2","0","0","0","0","0","0","0","0","0","1"
"368","NMPUHMA TAC310","449.52500","444.52500","D-Digital","High","12.5K","Off","Off","TAC310","Group Call","310","KC1JMH / Brad Brown","Always","Carrier","Off","1","1","1","Off","1","1","None","None","Off","Off","Off","Off","Normal Encryption","Off","Off","Off","Off","251.1","1","Off","On","Off","Off","Off","Off","1","0","Off","0","2","0","0","0","0","0","0","0","0","0","1"
"369","NMPUHMA TAC311","449.52500","444.52500","D-Digital","High","12.5K","Off","Off","TAC311","Group Call","311","KC1JMH / Brad Brown","Always","Carrier","Off","1","1","1","Off","1","1","None","None","Off","Off","Off","Off","Normal Encryption","Off","Off","Off","Off","251.1","1","Off","On","Off","Off","Off","Off","1","0","Off","0","2","0","0","0","0","0","0","0","0","0","1"
"370","NMPUHMA VT SW","449.52500","444.52500","D-Digital","High","12.5K","Off","Off","VT Statewide","Group Call","3150","KC1JMH / Brad Brown","Always","Carrier","Off","1","1","1","Off","1","1","None","None","Off","Off","Off","Off","Normal Encryption","Off","Off","Off","Off","251.1","1","Off","On","Off","Off","Off","Off","1","0","Off","0","2","0","0","0","0","0","0","0","0","0","1"
"371","NMPUHMA WW","449.52500","444.52500","D-Digital","High","12.5K","Off","Off","WW Call","Group Call","1","KC1JMH / Brad Brown","Always","Carrier","Off","1","1","1","Off","1","1","None","None","Off","Off","Off","Off","Normal Encryption","Off","Off","Off","Off","251.1","1","Off","On","Off","Off","Off","Off","1","0","Off","0","2","0","0","0","0","0","0","0","0","0","1"
"372","NMPUHMA WW Eng","449.52500","444.52500","D-Digital","High","12.5K","Off","Off","WW English","Group Call","13","KC1JMH / Brad Brown","Always","Carrier","Off","1","1","1","Off","1","1","None","None","Off","Off","Off","Off","Normal Encryption","Off","Off","Off","Off","251.1","1","Off","On","Off","Off","Off","Off","1","0","Off","0","2","0","0","0","0","0","0","0","0","0","1"
"373","NMPVHMA CT SW","145.18000","144.58000","D-Digital","High","12.5K","Off","Off","CT Statewide","Group Call","3109","KC1JMH / Brad Brown","Always","Carrier","Off","1","1","1","Off","1","1","None","None","Off","Off","Off","Off","Normal Encryption","Off","Off","Off","Off","251.1","1","Off","On","Off","Off","Off","Off","1","0","Off","0","2","0","0","0","0","0","0","0","0","0","1"
"374","NMPVHMA Local","145.18000","144.58000","D-Digital","High","12.5K","Off","Off","Local","Group Call","9","KC1JMH / Brad Brown","Always","Carrier","Off","1","1","1","Off","1","2","None","None","Off","Off","Off","Off","Normal Encryption","Off","Off","Off","Off","251.1","1","Off","On","Off","Off","Off","Off","1","0","Off","0","2","0","0","0","0","0","0","0","0","0","1"
"375","NMPVHMA MA SW","145.18000","144.58000","D-Digital","High","12.5K","Off","Off","MA Statewide","Group Call","3125","KC1JMH / Brad Brown","Always","Carrier","Off","1","1","1","Off","1","2","None","None","Off","Off","Off","Off","Normal Encryption","Off","Off","Off","Off","251.1","1","Off","On","Off","Off","Off","Off","1","0","Off","0","2","0","0","0","0","0","0","0","0","0","1"
"376","NMPVHMA ME SW","145.18000","144.58000","D-Digital","High","12.5K","Off","Off","ME Statewide","Group Call","3123","KC1JMH / Brad Brown","Always","Carrier","Off","1","1","1","Off","1","1","None","None","Off","Off","Off","Off","Normal Encryption","Off","Off","Off","Off","251.1","1","Off","On","Off","Off","Off","Off","1","0","Off","0","2","0","0","0","0","0","0","0","0","0","1"
"377","NMPVHMA NE Wide","145.18000","144.58000","D-Digital","High","12.5K","Off","Off","New England-Wide","Group Call","3181","KC1JMH / Brad Brown","Always","Carrier","Off","1","1","1","Off","1","2","None","None","Off","Off","Off","Off","Normal Encryption","Off","Off","Off","Off","251.1","1","Off","On","Off","Off","Off","Off","1","0","Off","0","2","0","0","0","0","0","0","0","0","0","1"
"378","NMPVHMA NETAC1","145.18000","144.58000","D-Digital","High","12.5K","Off","Off","NETAC1","Group Call","8801","KC1JMH / Brad Brown","Always","Carrier","Off","1","1","1","Off","1","1","None","None","Off","Off","Off","Off","Normal Encryption","Off","Off","Off","Off","251.1","1","Off","On","Off","Off","Off","Off","1","0","Off","0","2","0","0","0","0","0","0","0","0","0","1"
"379","NMPVHMA NETAC2","145.18000","144.58000","D-Digital","High","12.5K","Off","Off","NETAC2","Group Call","8802","KC1JMH / Brad Brown","Always","Carrier","Off","1","1","1","Off","1","2","None","None","Off","Off","Off","Off","Normal Encryption","Off","Off","Off","Off","251.1","1","Off","On","Off","Off","Off","Off","1","0","Off","0","2","0","0","0","0","0","0","0","0","0","1"
"380","NMPVHMA NH SW","145.18000","144.58000","D-Digital","High","12.5K","Off","Off","NH Statewide","Group Call","3133","KC1JMH / Brad Brown","Always","Carrier","Off","1","1","1","Off","1","1","None","None","Off","Off","Off","Off","Normal Encryption","Off","Off","Off","Off","251.1","1","Off","On","Off","Off","Off","Off","1","0","Off","0","2","0","0","0","0","0","0","0","0","0","1"
"381","NMPVHMA Neast","145.18000","144.58000","D-Digital","High","12.5K","Off","Off","Northeast","Group Call","3172","KC1JMH / Brad Brown","Always","Carrier","Off","1","1","1","Off","1","1","None","None","Off","Off","Off","Off","Normal Encryption","Off","Off","Off","Off","251.1","1","Off","On","Off","Off","Off","Off","1","0","Off","0","2","0","0","0","0","0","0","0","0","0","1"
"382","NMPVHMA North Am","145.18000","144.58000","D-Digital","High","12.5K","Off","Off","North America","Group Call","3","KC1JMH / Brad Brown","Always","Carrier","Off","1","1","1","Off","1","1","None","None","Off","Off","Off","Off","Normal Encryption","Off","Off","Off","Off","251.1","1","Off","On","Off","Off","Off","Off","1","0","Off","0","2","0","0","0","0","0","0","0","0","0","1"
"383","NMPVHMA Parrot","145.18000","144.58000","D-Digital","High","12.5K","Off","Off","Parrot","Group Call","9998","KC1JMH / Brad Brown","Always","Carrier","Off","1","1","1","Off","1","1","None","None","Off","Off","Off","Off","Normal Encryption","Off","Off","Off","Off","251.1","1","Off","On","Off","Off","Off","Off","1","0","Off","0","2","0","0","0","0","0","0","0","0","0","1"
"384","NMPVHMA RI SW","145.18000","144.58000","D-Digital","High","12.5K","Off","Off","RI Statewide","Group Call","3144","KC1JMH / Brad Brown","Always","Carrier","Off","1","1","1","Off","1","1","None","None","Off","Off","Off","Off","Normal Encryption","Off","Off","Off","Off","251.1","1","Off","On","Off","Off","Off","Off","1","0","Off","0","2","0","0","0","0","0","0","0","0","0","1"
"385","NMPVHMA SKYWARN","145.18000","144.58000","D-Digital","High","12.5K","Off","Off","SKYWARN","Group Call","759","KC1JMH / Brad Brown","Always","Carrier","Off","1","1","1","Off","1","1","None","None","Off","Off","Off","Off","Normal Encryption","Off","Off","Off","Off","251.1","1","Off","On","Off","Off","Off","Off","1","0","Off","0","2","0","0","0","0","0","0","0","0","0","1"
"386","NMPVHMA TAC310","145.18000","144.58000","D-Digital","High","12.5K","Off","Off","TAC310","Group Call","310","KC1JMH / Brad Brown","Always","Carrier","Off","1","1","1","Off","1","1","None","None","Off","Off","Off","Off","Normal Encryption","Off","Off","Off","Off","251.1","1","Off","On","Off","Off","Off","Off","1","0","Off","0","2","0","0","0","0","0","0","0","0","0","1"
"387","NMPVHMA TAC311","145.18000","144.58000","D-Digital","High","12.5K","Off","Off","TAC311","Group Call","311","KC1JMH / Brad Brown","Always","Carrier","Off","1","1","1","Off","1","1","None","None","Off","Off","Off","Off","Normal Encryption","Off","Off","Off","Off","251.1","1","Off","On","Off","Off","Off","Off","1","0","Off","0","2","0","0","0","0","0","0","0","0","0","1"
"388","NMPVHMA VT SW","145.18000","144.58000","D-Digital","High","12.5K","Off","Off","VT Statewide","Group Call","3150","KC1JMH / Brad Brown","Always","Carrier","Off","1","1","1","Off","1","1","None","None","Off","Off","Off","Off","Normal Encryption","Off","Off","Off","Off","251.1","1","Off","On","Off","Off","Off","Off","1","0","Off","0","2","0","0","0","0","0","0","0","0","0","1"
"389","NMPVHMA WW","145.18000","144.58000","D-Digital","High","12.5K","Off","Off","WW Call","Group Call","1","KC1JMH / Brad Brown","Always","Carrier","Off","1","1","1","Off","1","1","None","None","Off","Off","Off","Off","Normal Encryption","Off","Off","Off","Off","251.1","1","Off","On","Off","Off","Off","Off","1","0","Off","0","2","0","0","0","0","0","0","0","0","0","1"
"390","NMPVHMA WW Eng","145.18000","144.58000","D-Digital","High","12.5K","Off","Off","WW English","Group Call","13","KC1JMH / Brad Brown","Always","Carrier","Off","1","1","1","Off","1","1","None","None","Off","Off","Off","Off","Normal Encryption","Off","Off","Off","Off","251.1","1","Off","On","Off","Off","Off","Off","1","0","Off","0","2","0","0","0","0","0","0","0","0","0","1"
"391","SAGMA CT SW","145.20000","144.60000","D-Digital","High","12.5K","Off","Off","CT Statewide","Group Call","3109","KC1JMH / Brad Brown","Always","Carrier","Off","1","1","1","Off","10","1","None","None","Off","Off","Off","Off","Normal Encryption","Off","Off","Off","Off","251.1","1","Off","On","Off","Off","Off","Off","1","0","Off","0","2","0","0","0","0","0","0","0","0","0","10"
"392","SAGMA Local","145.20000","144.60000","D-Digital","High","12.5K","Off","Off","Local","Group Call","9","KC1JMH / Brad Brown","Always","Carrier","Off","1","1","1","Off","10","2","None","None","Off","Off","Off","Off","Normal Encryption","Off","Off","Off","Off","251.1","1","Off","On","Off","Off","Off","Off","1","0","Off","0","2","0","0","0","0","0","0","0","0","0","10"
"393","SAGMA MA SW","145.20000","144.60000","D-Digital","High","12.5K","Off","Off","MA Statewide","Group Call","3125","KC1JMH / Brad Brown","Always","Carrier","Off","1","1","1","Off","10","2","None","None","Off","Off","Off","Off","Normal Encryption","Off","Off","Off","Off","251.1","1","Off","On","Off","Off","Off","Off","1","0","Off","0","2","0","0","0","0","0","0","0","0","0","10"
"394","SAGMA ME SW","145.20000","144.60000","D-Digital","High","12.5K","Off","Off","ME Statewide","Group Call","3123","KC1JMH / Brad Brown","Always","Carrier","Off","1","1","1","Off","10","1","None","None","Off","Off","Off","Off","Normal Encryption","Off","Off","Off","Off","251.1","1","Off","On","Off","Off","Off","Off","1","0","Off","0","2","0","0","0","0","0","0","0","0","0","10"
"395","SAGMA NE Wide","145.20000","144.60000","D-Digital","High","12.5K","Off","Off","New England-Wide","Group Call","3181","KC1JMH / Brad Brown","Always","Carrier","Off","1","1","1","Off","10","2","None","None","Off","Off","Off","Off","Normal Encryption","Off","Off","Off","Off","251.1","1","Off","On","Off","Off","Off","Off","1","0","Off","0","2","0","0","0","0","0","0","0","0","0","10"
"396","SAGMA NETAC1","145.20000","144.60000","D-Digital","High","12.5K","Off","Off","NETAC1","Group Call","8801","KC1JMH / Brad Brown","Always","Carrier","Off","1","1","1","Off","10","1","None","None","Off","Off","Off","Off","Normal Encryption","Off","Off","Off","Off","251.1","1","Off","On","Off","Off","Off","Off","1","0","Off","0","2","0","0","0","0","0","0","0","0","0","10"
"397","SAGMA NETAC2","145.20000","144.60000","D-Digital","High","12.5K","Off","Off","NETAC2","Group Call","8802","KC1JMH / Brad Brown","Always","Carrier","Off","1","1","1","Off","10","2","None","None","Off","Off","Off","Off","Normal Encryption","Off","Off","Off","Off","251.1","1","Off","On","Off","Off","Off","Off","1","0","Off","0","2","0","0","0","0","0","0","0","0","0","10"
"398","SAGMA NH SW","145.20000","144.60000","D-Digital","High","12.5K","Off","Off","NH Statewide","Group Call","3133","KC1JMH / Brad Brown","Always","Carrier","Off","1","1","1","Off","10","1","None","None","Off","Off","Off","Off","Normal Encryption","Off","Off","Off","Off","251.1","1","Off","On","Off","Off","Off","Off","1","0","Off","0","2","0","0","0","0","0","0","0","0","0","10"
"399","SAGMA North Am","145.20000","144.60000","D-Digital","High","12.5K","Off","Off","North America","Group Call","3","KC1JMH / Brad Brown","Always","Carrier","Off","1","1","1","Off","10","1","None","None","Off","Off","Off","Off","Normal Encryption","Off","Off","Off","Off","251.1","1","Off","On","Off","Off","Off","Off","1","0","Off","0","2","0","0","0","0","0","0","0","0","0","10"
"400","SAGMA Northeast","145.20000","144.60000","D-Digital","High","12.5K","Off","Off","Northeast","Group Call","3172","KC1JMH / Brad Brown","Always","Carrier","Off","1","1","1","Off","10","1","None","None","Off","Off","Off","Off","Normal Encryption","Off","Off","Off","Off","251.1","1","Off","On","Off","Off","Off","Off","1","0","Off","0","2","0","0","0","0","0","0","0","0","0","10"
"401","SAGMA Parrot","145.20000","144.60000","D-Digital","High","12.5K","Off","Off","Parrot","Group Call","9998","KC1JMH / Brad Brown","Always","Carrier","Off","1","1","1","Off","10","1","None","None","Off","Off","Off","Off","Normal Encryption","Off","Off","Off","Off","251.1","1","Off","On","Off","Off","Off","Off","1","0","Off","0","2","0","0","0","0","0","0","0","0","0","10"
"402","SAGMA RI SW","145.20000","144.60000","D-Digital","High","12.5K","Off","Off","RI Statewide","Group Call","3144","KC1JMH / Brad Brown","Always","Carrier","Off","1","1","1","Off","10","1","None","None","Off","Off","Off","Off","Normal Encryption","Off","Off","Off","Off","251.1","1","Off","On","Off","Off","Off","Off","1","0","Off","0","2","0","0","0","0","0","0","0","0","0","10"
"403","SAGMA SKYWARN","145.20000","144.60000","D-Digital","High","12.5K","Off","Off","SKYWARN","Group Call","759","KC1JMH / Brad Brown","Always","Carrier","Off","1","1","1","Off","10","1","None","None","Off","Off","Off","Off","Normal Encryption","Off","Off","Off","Off","251.1","1","Off","On","Off","Off","Off","Off","1","0","Off","0","2","0","0","0","0","0","0","0","0","0","10"
"404","SAGMA TAC310","145.20000","144.60000","D-Digital","High","12.5K","Off","Off","TAC310","Group Call","310","KC1JMH / Brad Brown","Always","Carrier","Off","1","1","1","Off","10","1","None","None","Off","Off","Off","Off","Normal Encryption","Off","Off","Off","Off","251.1","1","Off","On","Off","Off","Off","Off","1","0","Off","0","2","0","0","0","0","0","0","0","0","0","10"
"405","SAGMA TAC311","145.20000","144.60000","D-Digital","High","12.5K","Off","Off","TAC311","Group Call","311","KC1JMH / Brad Brown","Always","Carrier","Off","1","1","1","Off","10","1","None","None","Off","Off","Off","Off","Normal Encryption","Off","Off","Off","Off","251.1","1","Off","On","Off","Off","Off","Off","1","0","Off","0","2","0","0","0","0","0","0","0","0","0","10"
"406","SAGMA VT SW","145.20000","144.60000","D-Digital","High","12.5K","Off","Off","VT Statewide","Group Call","3150","KC1JMH / Brad Brown","Always","Carrier","Off","1","1","1","Off","10","1","None","None","Off","Off","Off","Off","Normal Encryption","Off","Off","Off","Off","251.1","1","Off","On","Off","Off","Off","Off","1","0","Off","0","2","0","0","0","0","0","0","0","0","0","10"
"407","SAGMA WW","145.20000","144.60000","D-Digital","High","12.5K","Off","Off","WW Call","Group Call","1","KC1JMH / Brad Brown","Always","Carrier","Off","1","1","1","Off","10","1","None","None","Off","Off","Off","Off","Normal Encryption","Off","Off","Off","Off","251.1","1","Off","On","Off","Off","Off","Off","1","0","Off","0","2","0","0","0","0","0","0","0","0","0","10"
"408","SAGMA WW Eng","145.20000","144.60000","D-Digital","High","12.5K","Off","Off","WW English","Group Call","13","KC1JMH / Brad Brown","Always","Carrier","Off","1","1","1","Off","10","1","None","None","Off","Off","Off","Off","Normal Encryption","Off","Off","Off","Off","251.1","1","Off","On","Off","Off","Off","Off","1","0","Off","0","2","0","0","0","0","0","0","0","0","0","10"
"409","SOBUHMA CT SW","448.37500","443.37500","D-Digital","High","12.5K","Off","Off","CT Statewide","Group Call","3109","KC1JMH / Brad Brown","Always","Carrier","Off","1","1","1","Off","1","1","None","None","Off","Off","Off","Off","Normal Encryption","Off","Off","Off","Off","251.1","1","Off","On","Off","Off","Off","Off","1","0","Off","0","2","0","0","0","0","0","0","0","0","0","1"
"410","SOBUHMA Local","448.37500","443.37500","D-Digital","High","12.5K","Off","Off","Local","Group Call","9","KC1JMH / Brad Brown","Always","Carrier","Off","1","1","1","Off","1","2","None","None","Off","Off","Off","Off","Normal Encryption","Off","Off","Off","Off","251.1","1","Off","On","Off","Off","Off","Off","1","0","Off","0","2","0","0","0","0","0","0","0","0","0","1"
"411","SOBUHMA MA SW","448.37500","443.37500","D-Digital","High","12.5K","Off","Off","MA Statewide","Group Call","3125","KC1JMH / Brad Brown","Always","Carrier","Off","1","1","1","Off","1","2","None","None","Off","Off","Off","Off","Normal Encryption","Off","Off","Off","Off","251.1","1","Off","On","Off","Off","Off","Off","1","0","Off","0","2","0","0","0","0","0","0","0","0","0","1"
"412","SOBUHMA ME SW","448.37500","443.37500","D-Digital","High","12.5K","Off","Off","ME Statewide","Group Call","3123","KC1JMH / Brad Brown","Always","Carrier","Off","1","1","1","Off","1","1","None","None","Off","Off","Off","Off","Normal Encryption","Off","Off","Off","Off","251.1","1","Off","On","Off","Off","Off","Off","1","0","Off","0","2","0","0","0","0","0","0","0","0","0","1"
"413","SOBUHMA NE Wide","448.37500","443.37500","D-Digital","High","12.5K","Off","Off","New England-Wide","Group Call","3181","KC1JMH / Brad Brown","Always","Carrier","Off","1","1","1","Off","1","2","None","None","Off","Off","Off","Off","Normal Encryption","Off","Off","Off","Off","251.1","1","Off","On","Off","Off","Off","Off","1","0","Off","0","2","0","0","0","0","0","0","0","0","0","1"
"414","SOBUHMA NETAC1","448.37500","443.37500","D-Digital","High","12.5K","Off","Off","NETAC1","Group Call","8801","KC1JMH / Brad Brown","Always","Carrier","Off","1","1","1","Off","1","1","None","None","Off","Off","Off","Off","Normal Encryption","Off","Off","Off","Off","251.1","1","Off","On","Off","Off","Off","Off","1","0","Off","0","2","0","0","0","0","0","0","0","0","0","1"
"415","SOBUHMA NETAC2","448.37500","443.37500","D-Digital","High","12.5K","Off","Off","NETAC2","Group Call","8802","KC1JMH / Brad Brown","Always","Carrier","Off","1","1","1","Off","1","2","None","None","Off","Off","Off","Off","Normal Encryption","Off","Off","Off","Off","251.1","1","Off","On","Off","Off","Off","Off","1","0","Off","0","2","0","0","0","0","0","0","0","0","0","1"
"416","SOBUHMA NH SW","448.37500","443.37500","D-Digital","High","12.5K","Off","Off","NH Statewide","Group Call","3133","KC1JMH / Brad Brown","Always","Carrier","Off","1","1","1","Off","1","1","None","None","Off","Off","Off","Off","Normal Encryption","Off","Off","Off","Off","251.1","1","Off","On","Off","Off","Off","Off","1","0","Off","0","2","0","0","0","0","0","0","0","0","0","1"
"417","SOBUHMA Neast","448.37500","443.37500","D-Digital","High","12.5K","Off","Off","Northeast","Group Call","3172","KC1JMH / Brad Brown","Always","Carrier","Off","1","1","1","Off","1","1","None","None","Off","Off","Off","Off","Normal Encryption","Off","Off","Off","Off","251.1","1","Off","On","Off","Off","Off","Off","1","0","Off","0","2","0","0","0","0","0","0","0","0","0","1"
"418","SOBUHMA North Am","448.37500","443.37500","D-Digital","High","12.5K","Off","Off","North America","Group Call","3","KC1JMH / Brad Brown","Always","Carrier","Off","1","1","1","Off","1","1","None","None","Off","Off","Off","Off","Normal Encryption","Off","Off","Off","Off","251.1","1","Off","On","Off","Off","Off","Off","1","0","Off","0","2","0","0","0","0","0","0","0","0","0","1"
"419","SOBUHMA Parrot","448.37500","443.37500","D-Digital","High","12.5K","Off","Off","Parrot","Group Call","9998","KC1JMH / Brad Brown","Always","Carrier","Off","1","1","1","Off","1","1","None","None","Off","Off","Off","Off","Normal Encryption","Off","Off","Off","Off","251.1","1","Off","On","Off","Off","Off","Off","1","0","Off","0","2","0","0","0","0","0","0","0","0","0","1"
"420","SOBUHMA RI SW","448.37500","443.37500","D-Digital","High","12.5K","Off","Off","RI Statewide","Group Call","3144","KC1JMH / Brad Brown","Always","Carrier","Off","1","1","1","Off","1","1","None","None","Off","Off","Off","Off","Normal Encryption","Off","Off","Off","Off","251.1","1","Off","On","Off","Off","Off","Off","1","0","Off","0","2","0","0","0","0","0","0","0","0","0","1"
"421","SOBUHMA SKYWARN","448.37500","443.37500","D-Digital","High","12.5K","Off","Off","SKYWARN","Group Call","759","KC1JMH / Brad Brown","Always","Carrier","Off","1","1","1","Off","1","1","None","None","Off","Off","Off","Off","Normal Encryption","Off","Off","Off","Off","251.1","1","Off","On","Off","Off","Off","Off","1","0","Off","0","2","0","0","0","0","0","0","0","0","0","1"
"422","SOBUHMA TAC310","448.37500","443.37500","D-Digital","High","12.5K","Off","Off","TAC310","Group Call","310","KC1JMH / Brad Brown","Always","Carrier","Off","1","1","1","Off","1","1","None","None","Off","Off","Off","Off","Normal Encryption","Off","Off","Off","Off","251.1","1","Off","On","Off","Off","Off","Off","1","0","Off","0","2","0","0","0","0","0","0","0","0","0","1"
"423","SOBUHMA TAC311","448.37500","443.37500","D-Digital","High","12.5K","Off","Off","TAC311","Group Call","311","KC1JMH / Brad Brown","Always","Carrier","Off","1","1","1","Off","1","1","None","None","Off","Off","Off","Off","Normal Encryption","Off","Off","Off","Off","251.1","1","Off","On","Off","Off","Off","Off","1","0","Off","0","2","0","0","0","0","0","0","0","0","0","1"
"424","SOBUHMA VT SW","448.37500","443.37500","D-Digital","High","12.5K","Off","Off","VT Statewide","Group Call","3150","KC1JMH / Brad Brown","Always","Carrier","Off","1","1","1","Off","1","1","None","None","Off","Off","Off","Off","Normal Encryption","Off","Off","Off","Off","251.1","1","Off","On","Off","Off","Off","Off","1","0","Off","0","2","0","0","0","0","0","0","0","0","0","1"
"425","SOBUHMA WW","448.37500","443.37500","D-Digital","High","12.5K","Off","Off","WW Call","Group Call","1","KC1JMH / Brad Brown","Always","Carrier","Off","1","1","1","Off","1","1","None","None","Off","Off","Off","Off","Normal Encryption","Off","Off","Off","Off","251.1","1","Off","On","Off","Off","Off","Off","1","0","Off","0","2","0","0","0","0","0","0","0","0","0","1"
"426","SOBUHMA WW Eng","448.37500","443.37500","D-Digital","High","12.5K","Off","Off","WW English","Group Call","13","KC1JMH / Brad Brown","Always","Carrier","Off","1","1","1","Off","1","1","None","None","Off","Off","Off","Off","Normal Encryption","Off","Off","Off","Off","251.1","1","Off","On","Off","Off","Off","Off","1","0","Off","0","2","0","0","0","0","0","0","0","0","0","1"
"427","SOBVHMA CT SW","145.27000","144.67000","D-Digital","High","12.5K","Off","Off","CT Statewide","Group Call","3109","KC1JMH / Brad Brown","Always","Carrier","Off","1","1","1","Off","7","1","None","None","Off","Off","Off","Off","Normal Encryption","Off","Off","Off","Off","251.1","1","Off","On","Off","Off","Off","Off","1","0","Off","0","2","0","0","0","0","0","0","0","0","0","7"
"428","SOBVHMA Local","145.27000","144.67000","D-Digital","High","12.5K","Off","Off","Local","Group Call","9","KC1JMH / Brad Brown","Always","Carrier","Off","1","1","1","Off","7","2","None","None","Off","Off","Off","Off","Normal Encryption","Off","Off","Off","Off","251.1","1","Off","On","Off","Off","Off","Off","1","0","Off","0","2","0","0","0","0","0","0","0","0","0","7"
"429","SOBVHMA MA SW","145.27000","144.67000","D-Digital","High","12.5K","Off","Off","MA Statewide","Group Call","3125","KC1JMH / Brad Brown","Always","Carrier","Off","1","1","1","Off","7","2","None","None","Off","Off","Off","Off","Normal Encryption","Off","Off","Off","Off","251.1","1","Off","On","Off","Off","Off","Off","1","0","Off","0","2","0","0","0","0","0","0","0","0","0","7"
"430","SOBVHMA ME SW","145.27000","144.67000","D-Digital","High","12.5K","Off","Off","ME Statewide","Group Call","3123","KC1JMH / Brad Brown","Always","Carrier","Off","1","1","1","Off","7","1","None","None","Off","Off","Off","Off","Normal Encryption","Off","Off","Off","Off","251.1","1","Off","On","Off","Off","Off","Off","1","0","Off","0","2","0","0","0","0","0","0","0","0","0","7"
"431","SOBVHMA NE Wide","145.27000","144.67000","D-Digital","High","12.5K","Off","Off","New England-Wide","Group Call","3181","KC1JMH / Brad Brown","Always","Carrier","Off","1","1","1","Off","7","2","None","None","Off","Off","Off","Off","Normal Encryption","Off","Off","Off","Off","251.1","1","Off","On","Off","Off","Off","Off","1","0","Off","0","2","0","0","0","0","0","0","0","0","0","7"
"432","SOBVHMA NETAC1","145.27000","144.67000","D-Digital","High","12.5K","Off","Off","NETAC1","Group Call","8801","KC1JMH / Brad Brown","Always","Carrier","Off","1","1","1","Off","7","1","None","None","Off","Off","Off","Off","Normal Encryption","Off","Off","Off","Off","251.1","1","Off","On","Off","Off","Off","Off","1","0","Off","0","2","0","0","0","0","0","0","0","0","0","7"
"433","SOBVHMA NETAC2","145.27000","144.67000","D-Digital","High","12.5K","Off","Off","NETAC2","Group Call","8802","KC1JMH / Brad Brown","Always","Carrier","Off","1","1","1","Off","7","2","None","None","Off","Off","Off","Off","Normal Encryption","Off","Off","Off","Off","251.1","1","Off","On","Off","Off","Off","Off","1","0","Off","0","2","0","0","0","0","0","0","0","0","0","7"
"434","SOBVHMA NH SW","145.27000","144.67000","D-Digital","High","12.5K","Off","Off","NH Statewide","Group Call","3133","KC1JMH / Brad Brown","Always","Carrier","Off","1","1","1","Off","7","1","None","None","Off","Off","Off","Off","Normal Encryption","Off","Off","Off","Off","251.1","1","Off","On","Off","Off","Off","Off","1","0","Off","0","2","0","0","0","0","0","0","0","0","0","7"
"435","SOBVHMA Neast","145.27000","144.67000","D-Digital","High","12.5K","Off","Off","Northeast","Group Call","3172","KC1JMH / Brad Brown","Always","Carrier","Off","1","1","1","Off","7","1","None","None","Off","Off","Off","Off","Normal Encryption","Off","Off","Off","Off","251.1","1","Off","On","Off","Off","Off","Off","1","0","Off","0","2","0","0","0","0","0","0","0","0","0","7"
"436","SOBVHMA North Am","145.27000","144.67000","D-Digital","High","12.5K","Off","Off","North America","Group Call","3","KC1JMH / Brad Brown","Always","Carrier","Off","1","1","1","Off","7","1","None","None","Off","Off","Off","Off","Normal Encryption","Off","Off","Off","Off","251.1","1","Off","On","Off","Off","Off","Off","1","0","Off","0","2","0","0","0","0","0","0","0","0","0","7"
"437","SOBVHMA Parrot","145.27000","144.67000","D-Digital","High","12.5K","Off","Off","Parrot","Group Call","9998","KC1JMH / Brad Brown","Always","Carrier","Off","1","1","1","Off","7","1","None","None","Off","Off","Off","Off","Normal Encryption","Off","Off","Off","Off","251.1","1","Off","On","Off","Off","Off","Off","1","0","Off","0","2","0","0","0","0","0","0","0","0","0","7"
"438","SOBVHMA RI SW","145.27000","144.67000","D-Digital","High","12.5K","Off","Off","RI Statewide","Group Call","3144","KC1JMH / Brad Brown","Always","Carrier","Off","1","1","1","Off","7","1","None","None","Off","Off","Off","Off","Normal Encryption","Off","Off","Off","Off","251.1","1","Off","On","Off","Off","Off","Off","1","0","Off","0","2","0","0","0","0","0","0","0","0","0","7"
"439","SOBVHMA SKYWARN","145.27000","144.67000","D-Digital","High","12.5K","Off","Off","SKYWARN","Group Call","759","KC1JMH / Brad Brown","Always","Carrier","Off","1","1","1","Off","7","1","None","None","Off","Off","Off","Off","Normal Encryption","Off","Off","Off","Off","251.1","1","Off","On","Off","Off","Off","Off","1","0","Off","0","2","0","0","0","0","0","0","0","0","0","7"
"440","SOBVHMA TAC310","145.27000","144.67000","D-Digital","High","12.5K","Off","Off","TAC310","Group Call","310","KC1JMH / Brad Brown","Always","Carrier","Off","1","1","1","Off","7","1","None","None","Off","Off","Off","Off","Normal Encryption","Off","Off","Off","Off","251.1","1","Off","On","Off","Off","Off","Off","1","0","Off","0","2","0","0","0","0","0","0","0","0","0","7"
"441","SOBVHMA TAC311","145.27000","144.67000","D-Digital","High","12.5K","Off","Off","TAC311","Group Call","311","KC1JMH / Brad Brown","Always","Carrier","Off","1","1","1","Off","7","1","None","None","Off","Off","Off","Off","Normal Encryption","Off","Off","Off","Off","251.1","1","Off","On","Off","Off","Off","Off","1","0","Off","0","2","0","0","0","0","0","0","0","0","0","7"
"442","SOBVHMA VT SW","145.27000","144.67000","D-Digital","High","12.5K","Off","Off","VT Statewide","Group Call","3150","KC1JMH / Brad Brown","Always","Carrier","Off","1","1","1","Off","7","1","None","None","Off","Off","Off","Off","Normal Encryption","Off","Off","Off","Off","251.1","1","Off","On","Off","Off","Off","Off","1","0","Off","0","2","0","0","0","0","0","0","0","0","0","7"
"443","SOBVHMA WW","145.27000","144.67000","D-Digital","High","12.5K","Off","Off","WW Call","Group Call","1","KC1JMH / Brad Brown","Always","Carrier","Off","1","1","1","Off","7","1","None","None","Off","Off","Off","Off","Normal Encryption","Off","Off","Off","Off","251.1","1","Off","On","Off","Off","Off","Off","1","0","Off","0","2","0","0","0","0","0","0","0","0","0","7"
"444","SOBVHMA WW Eng","145.27000","144.67000","D-Digital","High","12.5K","Off","Off","WW English","Group Call","13","KC1JMH / Brad Brown","Always","Carrier","Off","1","1","1","Off","7","1","None","None","Off","Off","Off","Off","Normal Encryption","Off","Off","Off","Off","251.1","1","Off","On","Off","Off","Off","Off","1","0","Off","0","2","0","0","0","0","0","0","0","0","0","7"
"445","WPLMA CT SW","145.38000","144.78000","D-Digital","High","12.5K","Off","Off","CT Statewide","Group Call","3109","KC1JMH / Brad Brown","Always","Carrier","Off","1","1","1","Off","12","1","None","None","Off","Off","Off","Off","Normal Encryption","Off","Off","Off","Off","251.1","1","Off","On","Off","Off","Off","Off","1","0","Off","0","2","0","0","0","0","0","0","0","0","0","12"
"446","WPLMA Local","145.38000","144.78000","D-Digital","High","12.5K","Off","Off","Local","Group Call","9","KC1JMH / Brad Brown","Always","Carrier","Off","1","1","1","Off","12","2","None","None","Off","Off","Off","Off","Normal Encryption","Off","Off","Off","Off","251.1","1","Off","On","Off","Off","Off","Off","1","0","Off","0","2","0","0","0","0","0","0","0","0","0","12"
"447","WPLMA MA SW","145.38000","144.78000","D-Digital","High","12.5K","Off","Off","MA Statewide","Group Call","3125","KC1JMH / Brad Brown","Always","Carrier","Off","1","1","1","Off","12","2","None","None","Off","Off","Off","Off","Normal Encryption","Off","Off","Off","Off","251.1","1","Off","On","Off","Off","Off","Off","1","0","Off","0","2","0","0","0","0","0","0","0","0","0","12"
"448","WPLMA ME SW","145.38000","144.78000","D-Digital","High","12.5K","Off","Off","ME Statewide","Group Call","3123","KC1JMH / Brad Brown","Always","Carrier","Off","1","1","1","Off","12","1","None","None","Off","Off","Off","Off","Normal Encryption","Off","Off","Off","Off","251.1","1","Off","On","Off","Off","Off","Off","1","0","Off","0","2","0","0","0","0","0","0","0","0","0","12"
"449","WPLMA NE Wide","145.38000","144.78000","D-Digital","High","12.5K","Off","Off","New England-Wide","Group Call","3181","KC1JMH / Brad Brown","Always","Carrier","Off","1","1","1","Off","12","2","None","None","Off","Off","Off","Off","Normal Encryption","Off","Off","Off","Off","251.1","1","Off","On","Off","Off","Off","Off","1","0","Off","0","2","0","0","0","0","0","0","0","0","0","12"
"450","WPLMA NETAC1","145.38000","144.78000","D-Digital","High","12.5K","Off","Off","NETAC1","Group Call","8801","KC1JMH / Brad Brown","Always","Carrier","Off","1","1","1","Off","12","1","None","None","Off","Off","Off","Off","Normal Encryption","Off","Off","Off","Off","251.1","1","Off","On","Off","Off","Off","Off","1","0","Off","0","2","0","0","0","0","0","0","0","0","0","12"
"451","WPLMA NETAC2","145.38000","144.78000","D-Digital","High","12.5K","Off","Off","NETAC2","Group Call","8802","KC1JMH / Brad Brown","Always","Carrier","Off","1","1","1","Off","12","2","None","None","Off","Off","Off","Off","Normal Encryption","Off","Off","Off","Off","251.1","1","Off","On","Off","Off","Off","Off","1","0","Off","0","2","0","0","0","0","0","0","0","0","0","12"
"452","WPLMA NH SW","145.38000","144.78000","D-Digital","High","12.5K","Off","Off","NH Statewide","Group Call","3133","KC1JMH / Brad Brown","Always","Carrier","Off","1","1","1","Off","12","1","None","None","Off","Off","Off","Off","Normal Encryption","Off","Off","Off","Off","251.1","1","Off","On","Off","Off","Off","Off","1","0","Off","0","2","0","0","0","0","0","0","0","0","0","12"
"453","WPLMA North Am","145.38000","144.78000","D-Digital","High","12.5K","Off","Off","North America","Group Call","3","KC1JMH / Brad Brown","Always","Carrier","Off","1","1","1","Off","12","1","None","None","Off","Off","Off","Off","Normal Encryption","Off","Off","Off","Off","251.1","1","Off","On","Off","Off","Off","Off","1","0","Off","0","2","0","0","0","0","0","0","0","0","0","12"
"454","WPLMA Northeast","145.38000","144.78000","D-Digital","High","12.5K","Off","Off","Northeast","Group Call","3172","KC1JMH / Brad Brown","Always","Carrier","Off","1","1","1","Off","12","1","None","None","Off","Off","Off","Off","Normal Encryption","Off","Off","Off","Off","251.1","1","Off","On","Off","Off","Off","Off","1","0","Off","0","2","0","0","0","0","0","0","0","0","0","12"
"455","WPLMA Parrot","145.38000","144.78000","D-Digital","High","12.5K","Off","Off","Parrot","Group Call","9998","KC1JMH / Brad Brown","Always","Carrier","Off","1","1","1","Off","12","1","None","None","Off","Off","Off","Off","Normal Encryption","Off","Off","Off","Off","251.1","1","Off","On","Off","Off","Off","Off","1","0","Off","0","2","0","0","0","0","0","0","0","0","0","12"
"456","WPLMA RI SW","145.38000","144.78000","D-Digital","High","12.5K","Off","Off","RI Statewide","Group Call","3144","KC1JMH / Brad Brown","Always","Carrier","Off","1","1","1","Off","12","1","None","None","Off","Off","Off","Off","Normal Encryption","Off","Off","Off","Off","251.1","1","Off","On","Off","Off","Off","Off","1","0","Off","0","2","0","0","0","0","0","0","0","0","0","12"
"457","WPLMA SKYWARN","145.38000","144.78000","D-Digital","High","12.5K","Off","Off","SKYWARN","Group Call","759","KC1JMH / Brad Brown","Always","Carrier","Off","1","1","1","Off","12","1","None","None","Off","Off","Off","Off","Normal Encryption","Off","Off","Off","Off","251.1","1","Off","On","Off","Off","Off","Off","1","0","Off","0","2","0","0","0","0","0","0","0","0","0","12"
"458","WPLMA TAC310","145.38000","144.78000","D-Digital","High","12.5K","Off","Off","TAC310","Group Call","310","KC1JMH / Brad Brown","Always","Carrier","Off","1","1","1","Off","12","1","None","None","Off","Off","Off","Off","Normal Encryption","Off","Off","Off","Off","251.1","1","Off","On","Off","Off","Off","Off","1","0","Off","0","2","0","0","0","0","0","0","0","0","0","12"
"459","WPLMA TAC311","145.38000","144.78000","D-Digital","High","12.5K","Off","Off","TAC311","Group Call","311","KC1JMH / Brad Brown","Always","Carrier","Off","1","1","1","Off","12","1","None","None","Off","Off","Off","Off","Normal Encryption","Off","Off","Off","Off","251.1","1","Off","On","Off","Off","Off","Off","1","0","Off","0","2","0","0","0","0","0","0","0","0","0","12"
"460","WPLMA VT SW","145.38000","144.78000","D-Digital","High","12.5K","Off","Off","VT Statewide","Group Call","3150","KC1JMH / Brad Brown","Always","Carrier","Off","1","1","1","Off","12","1","None","None","Off","Off","Off","Off","Normal Encryption","Off","Off","Off","Off","251.1","1","Off","On","Off","Off","Off","Off","1","0","Off","0","2","0","0","0","0","0","0","0","0","0","12"
"461","WPLMA WW","145.38000","144.78000","D-Digital","High","12.5K","Off","Off","WW Call","Group Call","1","KC1JMH / Brad Brown","Always","Carrier","Off","1","1","1","Off","12","1","None","None","Off","Off","Off","Off","Normal Encryption","Off","Off","Off","Off","251.1","1","Off","On","Off","Off","Off","Off","1","0","Off","0","2","0","0","0","0","0","0","0","0","0","12"
"462","WPLMA WW Eng","145.38000","144.78000","D-Digital","High","12.5K","Off","Off","WW English","Group Call","13","KC1JMH / Brad Brown","Always","Carrier","Off","1","1","1","Off","12","1","None","None","Off","Off","Off","Off","Normal Encryption","Off","Off","Off","Off","251.1","1","Off","On","Off","Off","Off","Off","1","0","Off","0","2","0","0","0","0","0","0","0","0","0","12"
"463","WLMMA CT SW","146.47000","144.97000","D-Digital","Turbo","12.5K","Off","Off","CT Statewide","Group Call","3109","KC1JMH / Brad Brown","Always","Carrier","Off","1","1","1","Off","10","1","None","None","Off","Off","Off","Off","Normal Encryption","Off","Off","Off","Off","251.1","1","Off","Off","Off","Off","Off","Off","1","0","Off","0","2","0","0","0","0","0","0","0","0","0","10"
"464","WLMMA Local","146.47000","144.97000","D-Digital","Turbo","12.5K","Off","Off","Local","Group Call","9","KC1JMH / Brad Brown","Always","Carrier","Off","1","1","1","Off","10","2","None","None","Off","Off","Off","Off","Normal Encryption","Off","Off","Off","Off","251.1","1","Off","Off","Off","Off","Off","Off","1","0","Off","0","2","0","0","0","0","0","0","0","0","0","10"
"465","WLMMA MA SW","146.47000","144.97000","D-Digital","Turbo","12.5K","Off","Off","MA Statewide","Group Call","3125","KC1JMH / Brad Brown","Always","Carrier","Off","1","1","1","Off","10","2","None","None","Off","Off","Off","Off","Normal Encryption","Off","Off","Off","Off","251.1","1","Off","Off","Off","Off","Off","Off","1","0","Off","0","2","0","0","0","0","0","0","0","0","0","10"
"466","WLMMA ME SW","146.47000","144.97000","D-Digital","Turbo","12.5K","Off","Off","ME Statewide","Group Call","3123","KC1JMH / Brad Brown","Always","Carrier","Off","1","1","1","Off","10","1","None","None","Off","Off","Off","Off","Normal Encryption","Off","Off","Off","Off","251.1","1","Off","Off","Off","Off","Off","Off","1","0","Off","0","2","0","0","0","0","0","0","0","0","0","10"
"467","WLMMA NE Wide","146.47000","144.97000","D-Digital","Turbo","12.5K","Off","Off","New England-Wide","Group Call","3181","KC1JMH / Brad Brown","Always","Carrier","Off","1","1","1","Off","10","2","None","None","Off","Off","Off","Off","Normal Encryption","Off","Off","Off","Off","251.1","1","Off","Off","Off","Off","Off","Off","1","0","Off","0","2","0","0","0","0","0","0","0","0","0","10"
"468","WLMMA NETAC1","146.47000","144.97000","D-Digital","Turbo","12.5K","Off","Off","NETAC1","Group Call","8801","KC1JMH / Brad Brown","Always","Carrier","Off","1","1","1","Off","10","1","None","None","Off","Off","Off","Off","Normal Encryption","Off","Off","Off","Off","251.1","1","Off","Off","Off","Off","Off","Off","1","0","Off","0","2","0","0","0","0","0","0","0","0","0","10"
"469","WLMMA NETAC2","146.47000","144.97000","D-Digital","Turbo","12.5K","Off","Off","NETAC2","Group Call","8802","KC1JMH / Brad Brown","Always","Carrier","Off","1","1","1","Off","10","2","None","None","Off","Off","Off","Off","Normal Encryption","Off","Off","Off","Off","251.1","1","Off","Off","Off","Off","Off","Off","1","0","Off","0","2","0","0","0","0","0","0","0","0","0","10"
"470","WLMMA NH SW","146.47000","144.97000","D-Digital","Turbo","12.5K","Off","Off","NH Statewide","Group Call","3133","KC1JMH / Brad Brown","Always","Carrier","Off","1","1","1","Off","10","1","None","None","Off","Off","Off","Off","Normal Encryption","Off","Off","Off","Off","251.1","1","Off","Off","Off","Off","Off","Off","1","0","Off","0","2","0","0","0","0","0","0","0","0","0","10"
"471","WLMMA North Am","146.47000","144.97000","D-Digital","Turbo","12.5K","Off","Off","North America","Group Call","3","KC1JMH / Brad Brown","Always","Carrier","Off","1","1","1","Off","10","1","None","None","Off","Off","Off","Off","Normal Encryption","Off","Off","Off","Off","251.1","1","Off","Off","Off","Off","Off","Off","1","0","Off","0","2","0","0","0","0","0","0","0","0","0","10"
"472","WLMMA Northeast","146.47000","144.97000","D-Digital","Turbo","12.5K","Off","Off","Northeast","Group Call","3172","KC1JMH / Brad Brown","Always","Carrier","Off","1","1","1","Off","10","1","None","None","Off","Off","Off","Off","Normal Encryption","Off","Off","Off","Off","251.1","1","Off","Off","Off","Off","Off","Off","1","0","Off","0","2","0","0","0","0","0","0","0","0","0","10"
"473","WLMMA Parrot","146.47000","144.97000","D-Digital","Turbo","12.5K","Off","Off","Parrot","Group Call","9998","KC1JMH / Brad Brown","Always","Carrier","Off","1","1","1","Off","10","1","None","None","Off","Off","Off","Off","Normal Encryption","Off","Off","Off","Off","251.1","1","Off","Off","Off","Off","Off","Off","1","0","Off","0","2","0","0","0","0","0","0","0","0","0","10"
"474","WLMMA RI SW","146.47000","144.97000","D-Digital","Turbo","12.5K","Off","Off","RI Statewide","Group Call","3144","KC1JMH / Brad Brown","Always","Carrier","Off","1","1","1","Off","10","1","None","None","Off","Off","Off","Off","Normal Encryption","Off","Off","Off","Off","251.1","1","Off","Off","Off","Off","Off","Off","1","0","Off","0","2","0","0","0","0","0","0","0","0","0","10"
"475","WLMMA SKYWARN","146.47000","144.97000","D-Digital","Turbo","12.5K","Off","Off","SKYWARN","Group Call","759","KC1JMH / Brad Brown","Always","Carrier","Off","1","1","1","Off","10","1","None","None","Off","Off","Off","Off","Normal Encryption","Off","Off","Off","Off","251.1","1","Off","Off","Off","Off","Off","Off","1","0","Off","0","2","0","0","0","0","0","0","0","0","0","10"
"476","WLMMA TAC310","146.47000","144.97000","D-Digital","Turbo","12.5K","Off","Off","TAC310","Group Call","310","KC1JMH / Brad Brown","Always","Carrier","Off","1","1","1","Off","10","1","None","None","Off","Off","Off","Off","Normal Encryption","Off","Off","Off","Off","251.1","1","Off","Off","Off","Off","Off","Off","1","0","Off","0","2","0","0","0","0","0","0","0","0","0","10"
"477","WLMMA TAC311","146.47000","144.97000","D-Digital","Turbo","12.5K","Off","Off","TAC311","Group Call","311","KC1JMH / Brad Brown","Always","Carrier","Off","1","1","1","Off","10","1","None","None","Off","Off","Off","Off","Normal Encryption","Off","Off","Off","Off","251.1","1","Off","Off","Off","Off","Off","Off","1","0","Off","0","2","0","0","0","0","0","0","0","0","0","10"
"478","WLMMA VT SW","146.47000","144.97000","D-Digital","Turbo","12.5K","Off","Off","VT Statewide","Group Call","3150","KC1JMH / Brad Brown","Always","Carrier","Off","1","1","1","Off","10","1","None","None","Off","Off","Off","Off","Normal Encryption","Off","Off","Off","Off","251.1","1","Off","Off","Off","Off","Off","Off","1","0","Off","0","2","0","0","0","0","0","0","0","0","0","10"
"479","WLMMA WW","146.47000","144.97000","D-Digital","Turbo","12.5K","Off","Off","WW Call","Group Call","1","KC1JMH / Brad Brown","Always","Carrier","Off","1","1","1","Off","10","1","None","None","Off","Off","Off","Off","Normal Encryption","Off","Off","Off","Off","251.1","1","Off","Off","Off","Off","Off","Off","1","0","Off","0","2","0","0","0","0","0","0","0","0","0","10"
"480","WRCMA CT SW","442.20000","447.20000","D-Digital","High","12.5K","Off","Off","CT Statewide","Group Call","3109","KC1JMH / Brad Brown","Always","Carrier","Off","1","1","1","Off","1","1","None","None","Off","Off","Off","Off","Normal Encryption","Off","Off","Off","Off","251.1","1","Off","On","Off","Off","Off","Off","1","0","Off","0","2","0","0","0","0","0","0","0","0","0","1"
"481","WRCMA Local","442.20000","447.20000","D-Digital","High","12.5K","Off","Off","Local","Group Call","9","KC1JMH / Brad Brown","Always","Carrier","Off","1","1","1","Off","1","2","None","None","Off","Off","Off","Off","Normal Encryption","Off","Off","Off","Off","251.1","1","Off","On","Off","Off","Off","Off","1","0","Off","0","2","0","0","0","0","0","0","0","0","0","1"
"482","WRCMA MA SW","442.20000","447.20000","D-Digital","High","12.5K","Off","Off","MA Statewide","Group Call","3125","KC1JMH / Brad Brown","Always","Carrier","Off","1","1","1","Off","1","2","None","None","Off","Off","Off","Off","Normal Encryption","Off","Off","Off","Off","251.1","1","Off","On","Off","Off","Off","Off","1","0","Off","0","2","0","0","0","0","0","0","0","0","0","1"
"483","WRCMA ME SW","442.20000","447.20000","D-Digital","High","12.5K","Off","Off","ME Statewide","Group Call","3123","KC1JMH / Brad Brown","Always","Carrier","Off","1","1","1","Off","1","1","None","None","Off","Off","Off","Off","Normal Encryption","Off","Off","Off","Off","251.1","1","Off","On","Off","Off","Off","Off","1","0","Off","0","2","0","0","0","0","0","0","0","0","0","1"
"484","WRCMA NE Wide","442.20000","447.20000","D-Digital","High","12.5K","Off","Off","New England-Wide","Group Call","3181","KC1JMH / Brad Brown","Always","Carrier","Off","1","1","1","Off","1","2","None","None","Off","Off","Off","Off","Normal Encryption","Off","Off","Off","Off","251.1","1","Off","On","Off","Off","Off","Off","1","0","Off","0","2","0","0","0","0","0","0","0","0","0","1"
"485","WRCMA NETAC1","442.20000","447.20000","D-Digital","High","12.5K","Off","Off","NETAC1","Group Call","8801","KC1JMH / Brad Brown","Always","Carrier","Off","1","1","1","Off","1","1","None","None","Off","Off","Off","Off","Normal Encryption","Off","Off","Off","Off","251.1","1","Off","On","Off","Off","Off","Off","1","0","Off","0","2","0","0","0","0","0","0","0","0","0","1"
"486","WRCMA NETAC2","442.20000","447.20000","D-Digital","High","12.5K","Off","Off","NETAC2","Group Call","8802","KC1JMH / Brad Brown","Always","Carrier","Off","1","1","1","Off","1","2","None","None","Off","Off","Off","Off","Normal Encryption","Off","Off","Off","Off","251.1","1","Off","On","Off","Off","Off","Off","1","0","Off","0","2","0","0","0","0","0","0","0","0","0","1"
"487","WRCMA NH SW","442.20000","447.20000","D-Digital","High","12.5K","Off","Off","NH Statewide","Group Call","3133","KC1JMH / Brad Brown","Always","Carrier","Off","1","1","1","Off","1","1","None","None","Off","Off","Off","Off","Normal Encryption","Off","Off","Off","Off","251.1","1","Off","On","Off","Off","Off","Off","1","0","Off","0","2","0","0","0","0","0","0","0","0","0","1"
"488","WRCMA North Am","442.20000","447.20000","D-Digital","High","12.5K","Off","Off","North America","Group Call","3","KC1JMH / Brad Brown","Always","Carrier","Off","1","1","1","Off","1","1","None","None","Off","Off","Off","Off","Normal Encryption","Off","Off","Off","Off","251.1","1","Off","On","Off","Off","Off","Off","1","0","Off","0","2","0","0","0","0","0","0","0","0","0","1"
"489","WRCMA Northeast","442.20000","447.20000","D-Digital","High","12.5K","Off","Off","Northeast","Group Call","3172","KC1JMH / Brad Brown","Always","Carrier","Off","1","1","1","Off","1","1","None","None","Off","Off","Off","Off","Normal Encryption","Off","Off","Off","Off","251.1","1","Off","On","Off","Off","Off","Off","1","0","Off","0","2","0","0","0","0","0","0","0","0","0","1"
"490","WRCMA Parrot","442.20000","447.20000","D-Digital","High","12.5K","Off","Off","Parrot","Group Call","9998","KC1JMH / Brad Brown","Always","Carrier","Off","1","1","1","Off","1","1","None","None","Off","Off","Off","Off","Normal Encryption","Off","Off","Off","Off","251.1","1","Off","On","Off","Off","Off","Off","1","0","Off","0","2","0","0","0","0","0","0","0","0","0","1"
"491","WRCMA RI SW","442.20000","447.20000","D-Digital","High","12.5K","Off","Off","RI Statewide","Group Call","3144","KC1JMH / Brad Brown","Always","Carrier","Off","1","1","1","Off","1","1","None","None","Off","Off","Off","Off","Normal Encryption","Off","Off","Off","Off","251.1","1","Off","On","Off","Off","Off","Off","1","0","Off","0","2","0","0","0","0","0","0","0","0","0","1"
"492","WRCMA SKYWARN","442.20000","447.20000","D-Digital","High","12.5K","Off","Off","SKYWARN","Group Call","759","KC1JMH / Brad Brown","Always","Carrier","Off","1","1","1","Off","1","1","None","None","Off","Off","Off","Off","Normal Encryption","Off","Off","Off","Off","251.1","1","Off","On","Off","Off","Off","Off","1","0","Off","0","2","0","0","0","0","0","0","0","0","0","1"
"493","WRCMA TAC310","442.20000","447.20000","D-Digital","High","12.5K","Off","Off","TAC310","Group Call","310","KC1JMH / Brad Brown","Always","Carrier","Off","1","1","1","Off","1","1","None","None","Off","Off","Off","Off","Normal Encryption","Off","Off","Off","Off","251.1","1","Off","On","Off","Off","Off","Off","1","0","Off","0","2","0","0","0","0","0","0","0","0","0","1"
"494","WRCMA TAC311","442.20000","447.20000","D-Digital","High","12.5K","Off","Off","TAC311","Group Call","311","KC1JMH / Brad Brown","Always","Carrier","Off","1","1","1","Off","1","1","None","None","Off","Off","Off","Off","Normal Encryption","Off","Off","Off","Off","251.1","1","Off","On","Off","Off","Off","Off","1","0","Off","0","2","0","0","0","0","0","0","0","0","0","1"
"495","WRCMA VT SW","442.20000","447.20000","D-Digital","High","12.5K","Off","Off","VT Statewide","Group Call","3150","KC1JMH / Brad Brown","Always","Carrier","Off","1","1","1","Off","1","1","None","None","Off","Off","Off","Off","Normal Encryption","Off","Off","Off","Off","251.1","1","Off","On","Off","Off","Off","Off","1","0","Off","0","2","0","0","0","0","0","0","0","0","0","1"
"496","WRCMA WW","442.20000","447.20000","D-Digital","High","12.5K","Off","Off","WW Call","Group Call","1","KC1JMH / Brad Brown","Always","Carrier","Off","1","1","1","Off","1","1","None","None","Off","Off","Off","Off","Normal Encryption","Off","Off","Off","Off","251.1","1","Off","On","Off","Off","Off","Off","1","0","Off","0","2","0","0","0","0","0","0","0","0","0","1"
"497","WRCMA WW Eng","442.20000","447.20000","D-Digital","High","12.5K","Off","Off","WW English","Group Call","13","KC1JMH / Brad Brown","Always","Carrier","Off","1","1","1","Off","1","1","None","None","Off","Off","Off","Off","Normal Encryption","Off","Off","Off","Off","251.1","1","Off","On","Off","Off","Off","Off","1","0","Off","0","2","0","0","0","0","0","0","0","0","0","1"
"498","AUGME Local","145.17000","144.57000","D-Digital","High","12.5K","Off","Off","Local","Group Call","9","KC1JMH / Brad Brown","Always","Carrier","Off","1","1","1","Off","12","2","None","None","Off","Off","Off","Off","Normal Encryption","Off","Off","Off","Off","251.1","1","Off","On","Off","Off","Off","Off","1","0","Off","0","2","0","0","0","0","0","0","0","0","0","12"
"499","AUGME ME Event 1","145.17000","144.57000","D-Digital","High","12.5K","Off","Off","ME Event 1","Group Call","31231","KC1JMH / Brad Brown","Always","Carrier","Off","1","1","1","Off","12","1","None","None","Off","Off","Off","Off","Normal Encryption","Off","Off","Off","Off","251.1","1","Off","On","Off","Off","Off","Off","1","0","Off","0","2","0","0","0","0","0","0","0","0","0","12"
"500","AUGME ME Event 2","145.17000","144.57000","D-Digital","High","12.5K","Off","Off","ME Event 2","Group Call","31232","KC1JMH / Brad Brown","Always","Carrier","Off","1","1","1","Off","12","2","None","None","Off","Off","Off","Off","Normal Encryption","Off","Off","Off","Off","251.1","1","Off","On","Off","Off","Off","Off","1","0","Off","0","2","0","0","0","0","0","0","0","0","0","12"
"501","AUGME ME SW","145.17000","144.57000","D-Digital","High","12.5K","Off","Off","ME Statewide","Group Call","3123","KC1JMH / Brad Brown","Always","Carrier","Off","1","1","1","Off","12","2","None","None","Off","Off","Off","Off","Normal Encryption","Off","Off","Off","Off","251.1","1","Off","On","Off","Off","Off","Off","1","0","Off","0","2","0","0","0","0","0","0","0","0","0","12"
"502","AUGME NE Wide","145.17000","144.57000","D-Digital","High","12.5K","Off","Off","New England-Wide","Group Call","3181","KC1JMH / Brad Brown","Always","Carrier","Off","1","1","1","Off","12","2","None","None","Off","Off","Off","Off","Normal Encryption","Off","Off","Off","Off","251.1","1","Off","On","Off","Off","Off","Off","1","0","Off","0","2","0","0","0","0","0","0","0","0","0","12"
"503","AUGME NETAC1","145.17000","144.57000","D-Digital","High","12.5K","Off","Off","NETAC1","Group Call","8801","KC1JMH / Brad Brown","Always","Carrier","Off","1","1","1","Off","12","1","None","None","Off","Off","Off","Off","Normal Encryption","Off","Off","Off","Off","251.1","1","Off","On","Off","Off","Off","Off","1","0","Off","0","2","0","0","0","0","0","0","0","0","0","12"
"504","AUGME NETAC2","145.17000","144.57000","D-Digital","High","12.5K","Off","Off","NETAC2","Group Call","8802","KC1JMH / Brad Brown","Always","Carrier","Off","1","1","1","Off","12","2","None","None","Off","Off","Off","Off","Normal Encryption","Off","Off","Off","Off","251.1","1","Off","On","Off","Off","Off","Off","1","0","Off","0","2","0","0","0","0","0","0","0","0","0","12"
"505","AUGME NH SW","145.17000","144.57000","D-Digital","High","12.5K","Off","Off","NH Statewide","Group Call","3133","KC1JMH / Brad Brown","Always","Carrier","Off","1","1","1","Off","12","2","None","None","Off","Off","Off","Off","Normal Encryption","Off","Off","Off","Off","251.1","1","Off","On","Off","Off","Off","Off","1","0","Off","0","2","0","0","0","0","0","0","0","0","0","12"
"506","AUGME North Am","145.17000","144.57000","D-Digital","High","12.5K","Off","Off","North America","Group Call","3","KC1JMH / Brad Brown","Always","Carrier","Off","1","1","1","Off","12","1","None","None","Off","Off","Off","Off","Normal Encryption","Off","Off","Off","Off","251.1","1","Off","On","Off","Off","Off","Off","1","0","Off","0","2","0","0","0","0","0","0","0","0","0","12"
"507","AUGME Northeast","145.17000","144.57000","D-Digital","High","12.5K","Off","Off","Northeast","Group Call","3172","KC1JMH / Brad Brown","Always","Carrier","Off","1","1","1","Off","12","1","None","None","Off","Off","Off","Off","Normal Encryption","Off","Off","Off","Off","251.1","1","Off","On","Off","Off","Off","Off","1","0","Off","0","2","0","0","0","0","0","0","0","0","0","12"
"508","AUGME Parrot","145.17000","144.57000","D-Digital","High","12.5K","Off","Off","Parrot","Group Call","9998","KC1JMH / Brad Brown","Always","Carrier","Off","1","1","1","Off","12","1","None","None","Off","Off","Off","Off","Normal Encryption","Off","Off","Off","Off","251.1","1","Off","On","Off","Off","Off","Off","1","0","Off","0","2","0","0","0","0","0","0","0","0","0","12"
"509","AUGME Reg North","145.17000","144.57000","D-Digital","High","12.5K","Off","Off","Region North","Group Call","8","KC1JMH / Brad Brown","Always","Carrier","Off","1","1","1","Off","12","2","None","None","Off","Off","Off","Off","Normal Encryption","Off","Off","Off","Off","251.1","1","Off","On","Off","Off","Off","Off","1","0","Off","0","2","0","0","0","0","0","0","0","0","0","12"
"510","AUGME SKYWARN","145.17000","144.57000","D-Digital","High","12.5K","Off","Off","SKYWARN","Group Call","759","KC1JMH / Brad Brown","Always","Carrier","Off","1","1","1","Off","12","1","None","None","Off","Off","Off","Off","Normal Encryption","Off","Off","Off","Off","251.1","1","Off","On","Off","Off","Off","Off","1","0","Off","0","2","0","0","0","0","0","0","0","0","0","12"
"511","AUGME TAC310","145.17000","144.57000","D-Digital","High","12.5K","Off","Off","TAC310","Group Call","310","KC1JMH / Brad Brown","Always","Carrier","Off","1","1","1","Off","12","1","None","None","Off","Off","Off","Off","Normal Encryption","Off","Off","Off","Off","251.1","1","Off","On","Off","Off","Off","Off","1","0","Off","0","2","0","0","0","0","0","0","0","0","0","12"
"512","AUGME TAC311","145.17000","144.57000","D-Digital","High","12.5K","Off","Off","TAC311","Group Call","311","KC1JMH / Brad Brown","Always","Carrier","Off","1","1","1","Off","12","1","None","None","Off","Off","Off","Off","Normal Encryption","Off","Off","Off","Off","251.1","1","Off","On","Off","Off","Off","Off","1","0","Off","0","2","0","0","0","0","0","0","0","0","0","12"
"513","AUGME UA Eng1","145.17000","144.57000","D-Digital","High","12.5K","Off","Off","UA English 1-113","Group Call","113","KC1JMH / Brad Brown","Always","Carrier","Off","1","1","1","Off","12","1","None","None","Off","Off","Off","Off","Normal Encryption","Off","Off","Off","Off","251.1","1","Off","On","Off","Off","Off","Off","1","0","Off","0","2","0","0","0","0","0","0","0","0","0","12"
"514","AUGME UA Eng2","145.17000","144.57000","D-Digital","High","12.5K","Off","Off","UA English 2-123","Group Call","123","KC1JMH / Brad Brown","Always","Carrier","Off","1","1","1","Off","12","1","None","None","Off","Off","Off","Off","Normal Encryption","Off","Off","Off","Off","251.1","1","Off","On","Off","Off","Off","Off","1","0","Off","0","2","0","0","0","0","0","0","0","0","0","12"
"515","AUGME WW","145.17000","144.57000","D-Digital","High","12.5K","Off","Off","WW Call","Group Call","1","KC1JMH / Brad Brown","Always","Carrier","Off","1","1","1","Off","12","1","None","None","Off","Off","Off","Off","Normal Encryption","Off","Off","Off","Off","251.1","1","Off","On","Off","Off","Off","Off","1","0","Off","0","2","0","0","0","0","0","0","0","0","0","12"
"516","AUGME WW Eng","145.17000","144.57000","D-Digital","High","12.5K","Off","Off","WW English","Group Call","13","KC1JMH / Brad Brown","Always","Carrier","Off","1","1","1","Off","12","1","None","None","Off","Off","Off","Off","Normal Encryption","Off","Off","Off","Off","251.1","1","Off","On","Off","Off","Off","Off","1","0","Off","0","2","0","0","0","0","0","0","0","0","0","12"
"517","BBYME Local","145.20000","144.60000","D-Digital","High","12.5K","Off","Off","Local","Group Call","9","KC1JMH / Brad Brown","Always","Carrier","Off","1","1","1","Off","12","2","None","None","Off","Off","Off","Off","Normal Encryption","Off","Off","Off","Off","251.1","1","Off","On","Off","Off","Off","Off","1","0","Off","0","2","0","0","0","0","0","0","0","0","0","12"
"518","BBYME ME Event 1","145.20000","144.60000","D-Digital","High","12.5K","Off","Off","ME Event 1","Group Call","31231","KC1JMH / Brad Brown","Always","Carrier","Off","1","1","1","Off","12","1","None","None","Off","Off","Off","Off","Normal Encryption","Off","Off","Off","Off","251.1","1","Off","On","Off","Off","Off","Off","1","0","Off","0","2","0","0","0","0","0","0","0","0","0","12"
"519","BBYME ME Event 2","145.20000","144.60000","D-Digital","High","12.5K","Off","Off","ME Event 2","Group Call","31232","KC1JMH / Brad Brown","Always","Carrier","Off","1","1","1","Off","12","2","None","None","Off","Off","Off","Off","Normal Encryption","Off","Off","Off","Off","251.1","1","Off","On","Off","Off","Off","Off","1","0","Off","0","2","0","0","0","0","0","0","0","0","0","12"
"520","BBYME ME SW","145.20000","144.60000","D-Digital","High","12.5K","Off","Off","ME Statewide","Group Call","3123","KC1JMH / Brad Brown","Always","Carrier","Off","1","1","1","Off","12","2","None","None","Off","Off","Off","Off","Normal Encryption","Off","Off","Off","Off","251.1","1","Off","On","Off","Off","Off","Off","1","0","Off","0","2","0","0","0","0","0","0","0","0","0","12"
"521","BBYME NE Wide","145.20000","144.60000","D-Digital","High","12.5K","Off","Off","New England-Wide","Group Call","3181","KC1JMH / Brad Brown","Always","Carrier","Off","1","1","1","Off","12","2","None","None","Off","Off","Off","Off","Normal Encryption","Off","Off","Off","Off","251.1","1","Off","On","Off","Off","Off","Off","1","0","Off","0","2","0","0","0","0","0","0","0","0","0","12"
"522","BBYME NETAC1","145.20000","144.60000","D-Digital","High","12.5K","Off","Off","NETAC1","Group Call","8801","KC1JMH / Brad Brown","Always","Carrier","Off","1","1","1","Off","12","1","None","None","Off","Off","Off","Off","Normal Encryption","Off","Off","Off","Off","251.1","1","Off","On","Off","Off","Off","Off","1","0","Off","0","2","0","0","0","0","0","0","0","0","0","12"
"523","BBYME NETAC2","145.20000","144.60000","D-Digital","High","12.5K","Off","Off","NETAC2","Group Call","8802","KC1JMH / Brad Brown","Always","Carrier","Off","1","1","1","Off","12","2","None","None","Off","Off","Off","Off","Normal Encryption","Off","Off","Off","Off","251.1","1","Off","On","Off","Off","Off","Off","1","0","Off","0","2","0","0","0","0","0","0","0","0","0","12"
"524","BBYME NH SW","145.20000","144.60000","D-Digital","High","12.5K","Off","Off","NH Statewide","Group Call","3133","KC1JMH / Brad Brown","Always","Carrier","Off","1","1","1","Off","12","2","None","None","Off","Off","Off","Off","Normal Encryption","Off","Off","Off","Off","251.1","1","Off","On","Off","Off","Off","Off","1","0","Off","0","2","0","0","0","0","0","0","0","0","0","12"
"525","BBYME North Am","145.20000","144.60000","D-Digital","High","12.5K","Off","Off","North America","Group Call","3","KC1JMH / Brad Brown","Always","Carrier","Off","1","1","1","Off","12","1","None","None","Off","Off","Off","Off","Normal Encryption","Off","Off","Off","Off","251.1","1","Off","On","Off","Off","Off","Off","1","0","Off","0","2","0","0","0","0","0","0","0","0","0","12"
"526","BBYME Northeast","145.20000","144.60000","D-Digital","High","12.5K","Off","Off","Northeast","Group Call","3172","KC1JMH / Brad Brown","Always","Carrier","Off","1","1","1","Off","12","1","None","None","Off","Off","Off","Off","Normal Encryption","Off","Off","Off","Off","251.1","1","Off","On","Off","Off","Off","Off","1","0","Off","0","2","0","0","0","0","0","0","0","0","0","12"
"527","BBYME Parrot","145.20000","144.60000","D-Digital","High","12.5K","Off","Off","Parrot","Group Call","9998","KC1JMH / Brad Brown","Always","Carrier","Off","1","1","1","Off","12","1","None","None","Off","Off","Off","Off","Normal Encryption","Off","Off","Off","Off","251.1","1","Off","On","Off","Off","Off","Off","1","0","Off","0","2","0","0","0","0","0","0","0","0","0","12"
"528","BBYME Reg North","145.20000","144.60000","D-Digital","High","12.5K","Off","Off","Region North","Group Call","8","KC1JMH / Brad Brown","Always","Carrier","Off","1","1","1","Off","12","2","None","None","Off","Off","Off","Off","Normal Encryption","Off","Off","Off","Off","251.1","1","Off","On","Off","Off","Off","Off","1","0","Off","0","2","0","0","0","0","0","0","0","0","0","12"
"529","BBYME SKYWARN","145.20000","144.60000","D-Digital","High","12.5K","Off","Off","SKYWARN","Group Call","759","KC1JMH / Brad Brown","Always","Carrier","Off","1","1","1","Off","12","1","None","None","Off","Off","Off","Off","Normal Encryption","Off","Off","Off","Off","251.1","1","Off","On","Off","Off","Off","Off","1","0","Off","0","2","0","0","0","0","0","0","0","0","0","12"
"530","BBYME TAC310","145.20000","144.60000","D-Digital","High","12.5K","Off","Off","TAC310","Group Call","310","KC1JMH / Brad Brown","Always","Carrier","Off","1","1","1","Off","12","1","None","None","Off","Off","Off","Off","Normal Encryption","Off","Off","Off","Off","251.1","1","Off","On","Off","Off","Off","Off","1","0","Off","0","2","0","0","0","0","0","0","0","0","0","12"
"531","BBYME TAC311","145.20000","144.60000","D-Digital","High","12.5K","Off","Off","TAC311","Group Call","311","KC1JMH / Brad Brown","Always","Carrier","Off","1","1","1","Off","12","1","None","None","Off","Off","Off","Off","Normal Encryption","Off","Off","Off","Off","251.1","1","Off","On","Off","Off","Off","Off","1","0","Off","0","2","0","0","0","0","0","0","0","0","0","12"
"532","BBYME UA Eng1","145.20000","144.60000","D-Digital","High","12.5K","Off","Off","UA English 1-113","Group Call","113","KC1JMH / Brad Brown","Always","Carrier","Off","1","1","1","Off","12","1","None","None","Off","Off","Off","Off","Normal Encryption","Off","Off","Off","Off","251.1","1","Off","On","Off","Off","Off","Off","1","0","Off","0","2","0","0","0","0","0","0","0","0","0","12"
"533","BBYME UA Eng2","145.20000","144.60000","D-Digital","High","12.5K","Off","Off","UA English 2-123","Group Call","123","KC1JMH / Brad Brown","Always","Carrier","Off","1","1","1","Off","12","1","None","None","Off","Off","Off","Off","Normal Encryption","Off","Off","Off","Off","251.1","1","Off","On","Off","Off","Off","Off","1","0","Off","0","2","0","0","0","0","0","0","0","0","0","12"
"534","BBYME WW","145.20000","144.60000","D-Digital","High","12.5K","Off","Off","WW Call","Group Call","1","KC1JMH / Brad Brown","Always","Carrier","Off","1","1","1","Off","12","1","None","None","Off","Off","Off","Off","Normal Encryption","Off","Off","Off","Off","251.1","1","Off","On","Off","Off","Off","Off","1","0","Off","0","2","0","0","0","0","0","0","0","0","0","12"
"535","BBYME WW Eng","145.20000","144.60000","D-Digital","High","12.5K","Off","Off","WW English","Group Call","13","KC1JMH / Brad Brown","Always","Carrier","Off","1","1","1","Off","12","1","None","None","Off","Off","Off","Off","Normal Encryption","Off","Off","Off","Off","251.1","1","Off","On","Off","Off","Off","Off","1","0","Off","0","2","0","0","0","0","0","0","0","0","0","12"
"536","BGTME CT SW","145.16000","144.56000","D-Digital","Turbo","12.5K","Off","Off","CT Statewide","Group Call","3109","KC1JMH / Brad Brown","Always","Carrier","Off","1","1","1","Off","12","1","None","None","Off","Off","Off","Off","Normal Encryption","Off","Off","Off","Off","251.1","1","Off","Off","Off","Off","Off","Off","1","0","Off","0","2","0","0","0","0","0","0","0","0","0","12"
"537","BGTME Local","145.16000","144.56000","D-Digital","Turbo","12.5K","Off","Off","Local","Group Call","9","KC1JMH / Brad Brown","Always","Carrier","Off","1","1","1","Off","12","2","None","None","Off","Off","Off","Off","Normal Encryption","Off","Off","Off","Off","251.1","1","Off","Off","Off","Off","Off","Off","1","0","Off","0","2","0","0","0","0","0","0","0","0","0","12"
"538","BGTME MA SW","145.16000","144.56000","D-Digital","Turbo","12.5K","Off","Off","MA Statewide","Group Call","3125","KC1JMH / Brad Brown","Always","Carrier","Off","1","1","1","Off","12","1","None","None","Off","Off","Off","Off","Normal Encryption","Off","Off","Off","Off","251.1","1","Off","Off","Off","Off","Off","Off","1","0","Off","0","2","0","0","0","0","0","0","0","0","0","12"
"539","BGTME ME Event 1","145.16000","144.56000","D-Digital","Turbo","12.5K","Off","Off","ME Event 1","Group Call","31231","KC1JMH / Brad Brown","Always","Carrier","Off","1","1","1","Off","12","1","None","None","Off","Off","Off","Off","Normal Encryption","Off","Off","Off","Off","251.1","1","Off","Off","Off","Off","Off","Off","1","0","Off","0","2","0","0","0","0","0","0","0","0","0","12"
"540","BGTME ME Event 2","145.16000","144.56000","D-Digital","Turbo","12.5K","Off","Off","ME Event 2","Group Call","31232","KC1JMH / Brad Brown","Always","Carrier","Off","1","1","1","Off","12","2","None","None","Off","Off","Off","Off","Normal Encryption","Off","Off","Off","Off","251.1","1","Off","Off","Off","Off","Off","Off","1","0","Off","0","2","0","0","0","0","0","0","0","0","0","12"
"541","BGTME ME SW","145.16000","144.56000","D-Digital","Turbo","12.5K","Off","Off","ME Statewide","Group Call","3123","KC1JMH / Brad Brown","Always","Carrier","Off","1","1","1","Off","12","2","None","None","Off","Off","Off","Off","Normal Encryption","Off","Off","Off","Off","251.1","1","Off","Off","Off","Off","Off","Off","1","0","Off","0","2","0","0","0","0","0","0","0","0","0","12"
"542","BGTME NE Wide","145.16000","144.56000","D-Digital","Turbo","12.5K","Off","Off","New England-Wide","Group Call","3181","KC1JMH / Brad Brown","Always","Carrier","Off","1","1","1","Off","12","2","None","None","Off","Off","Off","Off","Normal Encryption","Off","Off","Off","Off","251.1","1","Off","Off","Off","Off","Off","Off","1","0","Off","0","2","0","0","0","0","0","0","0","0","0","12"
"543","BGTME NETAC1","145.16000","144.56000","D-Digital","Turbo","12.5K","Off","Off","NETAC1","Group Call","8801","KC1JMH / Brad Brown","Always","Carrier","Off","1","1","1","Off","12","1","None","None","Off","Off","Off","Off","Normal Encryption","Off","Off","Off","Off","251.1","1","Off","Off","Off","Off","Off","Off","1","0","Off","0","2","0","0","0","0","0","0","0","0","0","12"
"544","BGTME NETAC2","145.16000","144.56000","D-Digital","Turbo","12.5K","Off","Off","NETAC2","Group Call","8802","KC1JMH / Brad Brown","Always","Carrier","Off","1","1","1","Off","12","2","None","None","Off","Off","Off","Off","Normal Encryption","Off","Off","Off","Off","251.1","1","Off","Off","Off","Off","Off","Off","1","0","Off","0","2","0","0","0","0","0","0","0","0","0","12"
"545","BGTME NH SW","145.16000","144.56000","D-Digital","Turbo","12.5K","Off","Off","NH Statewide","Group Call","3133","KC1JMH / Brad Brown","Always","Carrier","Off","1","1","1","Off","12","2","None","None","Off","Off","Off","Off","Normal Encryption","Off","Off","Off","Off","251.1","1","Off","Off","Off","Off","Off","Off","1","0","Off","0","2","0","0","0","0","0","0","0","0","0","12"
"546","BGTME North Am","145.16000","144.56000","D-Digital","Turbo","12.5K","Off","Off","North America","Group Call","3","KC1JMH / Brad Brown","Always","Carrier","Off","1","1","1","Off","12","1","None","None","Off","Off","Off","Off","Normal Encryption","Off","Off","Off","Off","251.1","1","Off","Off","Off","Off","Off","Off","1","0","Off","0","2","0","0","0","0","0","0","0","0","0","12"
"547","BGTME Northeast","145.16000","144.56000","D-Digital","Turbo","12.5K","Off","Off","Northeast","Group Call","3172","KC1JMH / Brad Brown","Always","Carrier","Off","1","1","1","Off","12","1","None","None","Off","Off","Off","Off","Normal Encryption","Off","Off","Off","Off","251.1","1","Off","Off","Off","Off","Off","Off","1","0","Off","0","2","0","0","0","0","0","0","0","0","0","12"
"548","BGTME Parrot","145.16000","144.56000","D-Digital","Turbo","12.5K","Off","Off","Parrot","Group Call","9998","KC1JMH / Brad Brown","Always","Carrier","Off","1","1","1","Off","12","1","None","None","Off","Off","Off","Off","Normal Encryption","Off","Off","Off","Off","251.1","1","Off","Off","Off","Off","Off","Off","1","0","Off","0","2","0","0","0","0","0","0","0","0","0","12"
"549","BGTME RI SW","145.16000","144.56000","D-Digital","Turbo","12.5K","Off","Off","RI Statewide","Group Call","3144","KC1JMH / Brad Brown","Always","Carrier","Off","1","1","1","Off","12","2","None","None","Off","Off","Off","Off","Normal Encryption","Off","Off","Off","Off","251.1","1","Off","Off","Off","Off","Off","Off","1","0","Off","0","2","0","0","0","0","0","0","0","0","0","12"
"550","BGTME SKYWARN","145.16000","144.56000","D-Digital","Turbo","12.5K","Off","Off","SKYWARN","Group Call","759","KC1JMH / Brad Brown","Always","Carrier","Off","1","1","1","Off","12","1","None","None","Off","Off","Off","Off","Normal Encryption","Off","Off","Off","Off","251.1","1","Off","Off","Off","Off","Off","Off","1","0","Off","0","2","0","0","0","0","0","0","0","0","0","12"
"551","BGTME TAC310","145.16000","144.56000","D-Digital","Turbo","12.5K","Off","Off","TAC310","Group Call","310","KC1JMH / Brad Brown","Always","Carrier","Off","1","1","1","Off","12","1","None","None","Off","Off","Off","Off","Normal Encryption","Off","Off","Off","Off","251.1","1","Off","Off","Off","Off","Off","Off","1","0","Off","0","2","0","0","0","0","0","0","0","0","0","12"
"552","BGTME TAC311","145.16000","144.56000","D-Digital","Turbo","12.5K","Off","Off","TAC311","Group Call","311","KC1JMH / Brad Brown","Always","Carrier","Off","1","1","1","Off","12","1","None","None","Off","Off","Off","Off","Normal Encryption","Off","Off","Off","Off","251.1","1","Off","Off","Off","Off","Off","Off","1","0","Off","0","2","0","0","0","0","0","0","0","0","0","12"
"553","BGTME VT SW","145.16000","144.56000","D-Digital","Turbo","12.5K","Off","Off","VT Statewide","Group Call","3150","KC1JMH / Brad Brown","Always","Carrier","Off","1","1","1","Off","12","1","None","None","Off","Off","Off","Off","Normal Encryption","Off","Off","Off","Off","251.1","1","Off","Off","Off","Off","Off","Off","1","0","Off","0","2","0","0","0","0","0","0","0","0","0","12"
"554","BGTME WW","145.16000","144.56000","D-Digital","Turbo","12.5K","Off","Off","WW Call","Group Call","1","KC1JMH / Brad Brown","Always","Carrier","Off","1","1","1","Off","12","1","None","None","Off","Off","Off","Off","Normal Encryption","Off","Off","Off","Off","251.1","1","Off","Off","Off","Off","Off","Off","1","0","Off","0","2","0","0","0","0","0","0","0","0","0","12"
"555","BKFME Local","145.32000","144.72000","D-Digital","High","12.5K","Off","Off","Local","Group Call","9","KC1JMH / Brad Brown","Always","Carrier","Off","1","1","1","Off","12","2","None","None","Off","Off","Off","Off","Normal Encryption","Off","Off","Off","Off","251.1","1","Off","On","Off","Off","Off","Off","1","0","Off","0","2","0","0","0","0","0","0","0","0","0","12"
"556","BKFME ME Event 1","145.32000","144.72000","D-Digital","High","12.5K","Off","Off","ME Event 1","Group Call","31231","KC1JMH / Brad Brown","Always","Carrier","Off","1","1","1","Off","12","1","None","None","Off","Off","Off","Off","Normal Encryption","Off","Off","Off","Off","251.1","1","Off","On","Off","Off","Off","Off","1","0","Off","0","2","0","0","0","0","0","0","0","0","0","12"
"557","BKFME ME Event 2","145.32000","144.72000","D-Digital","High","12.5K","Off","Off","ME Event 2","Group Call","31232","KC1JMH / Brad Brown","Always","Carrier","Off","1","1","1","Off","12","2","None","None","Off","Off","Off","Off","Normal Encryption","Off","Off","Off","Off","251.1","1","Off","On","Off","Off","Off","Off","1","0","Off","0","2","0","0","0","0","0","0","0","0","0","12"
"558","BKFME ME SW","145.32000","144.72000","D-Digital","Turbo","12.5K","Off","Off","ME Statewide","Group Call","3123","KC1JMH / Brad Brown","Always","Carrier","Off","1","1","1","Off","12","2","None","None","Off","Off","Off","Off","Normal Encryption","Off","Off","Off","Off","251.1","1","Off","On","Off","Off","Off","Off","1","0","Off","0","2","0","0","0","0","0","0","0","0","0","12"
"559","BKFME NE Wide","145.32000","144.72000","D-Digital","High","12.5K","Off","Off","New England-Wide","Group Call","3181","KC1JMH / Brad Brown","Always","Carrier","Off","1","1","1","Off","12","2","None","None","Off","Off","Off","Off","Normal Encryption","Off","Off","Off","Off","251.1","1","Off","On","Off","Off","Off","Off","1","0","Off","0","2","0","0","0","0","0","0","0","0","0","12"
"560","BKFME NETAC1","145.32000","144.72000","D-Digital","High","12.5K","Off","Off","NETAC1","Group Call","8801","KC1JMH / Brad Brown","Always","Carrier","Off","1","1","1","Off","12","1","None","None","Off","Off","Off","Off","Normal Encryption","Off","Off","Off","Off","251.1","1","Off","On","Off","Off","Off","Off","1","0","Off","0","2","0","0","0","0","0","0","0","0","0","12"
"561","BKFME NETAC2","145.32000","144.72000","D-Digital","High","12.5K","Off","Off","NETAC2","Group Call","8802","KC1JMH / Brad Brown","Always","Carrier","Off","1","1","1","Off","12","2","None","None","Off","Off","Off","Off","Normal Encryption","Off","Off","Off","Off","251.1","1","Off","On","Off","Off","Off","Off","1","0","Off","0","2","0","0","0","0","0","0","0","0","0","12"
"562","BKFME NH SW","145.32000","144.72000","D-Digital","High","12.5K","Off","Off","NH Statewide","Group Call","3133","KC1JMH / Brad Brown","Always","Carrier","Off","1","1","1","Off","12","2","None","None","Off","Off","Off","Off","Normal Encryption","Off","Off","Off","Off","251.1","1","Off","On","Off","Off","Off","Off","1","0","Off","0","2","0","0","0","0","0","0","0","0","0","12"
"563","BKFME North Am","145.32000","144.72000","D-Digital","High","12.5K","Off","Off","North America","Group Call","3","KC1JMH / Brad Brown","Always","Carrier","Off","1","1","1","Off","12","1","None","None","Off","Off","Off","Off","Normal Encryption","Off","Off","Off","Off","251.1","1","Off","On","Off","Off","Off","Off","1","0","Off","0","2","0","0","0","0","0","0","0","0","0","12"
"564","BKFME Northeast","145.32000","144.72000","D-Digital","High","12.5K","Off","Off","Northeast","Group Call","3172","KC1JMH / Brad Brown","Always","Carrier","Off","1","1","1","Off","12","1","None","None","Off","Off","Off","Off","Normal Encryption","Off","Off","Off","Off","251.1","1","Off","On","Off","Off","Off","Off","1","0","Off","0","2","0","0","0","0","0","0","0","0","0","12"
"565","BKFME Parrot","145.32000","144.72000","D-Digital","High","12.5K","Off","Off","Parrot","Group Call","9998","KC1JMH / Brad Brown","Always","Carrier","Off","1","1","1","Off","12","1","None","None","Off","Off","Off","Off","Normal Encryption","Off","Off","Off","Off","251.1","1","Off","On","Off","Off","Off","Off","1","0","Off","0","2","0","0","0","0","0","0","0","0","0","12"
"566","BKFME Reg North","145.32000","144.72000","D-Digital","High","12.5K","Off","Off","Region North","Group Call","8","KC1JMH / Brad Brown","Always","Carrier","Off","1","1","1","Off","12","2","None","None","Off","Off","Off","Off","Normal Encryption","Off","Off","Off","Off","251.1","1","Off","On","Off","Off","Off","Off","1","0","Off","0","2","0","0","0","0","0","0","0","0","0","12"
"567","BKFME SKYWARN","145.32000","144.72000","D-Digital","High","12.5K","Off","Off","SKYWARN","Group Call","759","KC1JMH / Brad Brown","Always","Carrier","Off","1","1","1","Off","12","1","None","None","Off","Off","Off","Off","Normal Encryption","Off","Off","Off","Off","251.1","1","Off","On","Off","Off","Off","Off","1","0","Off","0","2","0","0","0","0","0","0","0","0","0","12"
"568","BKFME TAC310","145.32000","144.72000","D-Digital","High","12.5K","Off","Off","TAC310","Group Call","310","KC1JMH / Brad Brown","Always","Carrier","Off","1","1","1","Off","12","1","None","None","Off","Off","Off","Off","Normal Encryption","Off","Off","Off","Off","251.1","1","Off","On","Off","Off","Off","Off","1","0","Off","0","2","0","0","0","0","0","0","0","0","0","12"
"569","BKFME TAC311","145.32000","144.72000","D-Digital","High","12.5K","Off","Off","TAC311","Group Call","311","KC1JMH / Brad Brown","Always","Carrier","Off","1","1","1","Off","12","1","None","None","Off","Off","Off","Off","Normal Encryption","Off","Off","Off","Off","251.1","1","Off","On","Off","Off","Off","Off","1","0","Off","0","2","0","0","0","0","0","0","0","0","0","12"
"570","BKFME UA Eng1","145.32000","144.72000","D-Digital","High","12.5K","Off","Off","UA English 1-113","Group Call","113","KC1JMH / Brad Brown","Always","Carrier","Off","1","1","1","Off","12","1","None","None","Off","Off","Off","Off","Normal Encryption","Off","Off","Off","Off","251.1","1","Off","On","Off","Off","Off","Off","1","0","Off","0","2","0","0","0","0","0","0","0","0","0","12"
"571","BKFME UA Eng2","145.32000","144.72000","D-Digital","High","12.5K","Off","Off","UA English 2-123","Group Call","123","KC1JMH / Brad Brown","Always","Carrier","Off","1","1","1","Off","12","1","None","None","Off","Off","Off","Off","Normal Encryption","Off","Off","Off","Off","251.1","1","Off","On","Off","Off","Off","Off","1","0","Off","0","2","0","0","0","0","0","0","0","0","0","12"
"572","BKFME WW","145.32000","144.72000","D-Digital","High","12.5K","Off","Off","WW Call","Group Call","1","KC1JMH / Brad Brown","Always","Carrier","Off","1","1","1","Off","12","1","None","None","Off","Off","Off","Off","Normal Encryption","Off","Off","Off","Off","251.1","1","Off","On","Off","Off","Off","Off","1","0","Off","0","2","0","0","0","0","0","0","0","0","0","12"
"573","BKFME WW Eng","145.32000","144.72000","D-Digital","High","12.5K","Off","Off","WW English","Group Call","13","KC1JMH / Brad Brown","Always","Carrier","Off","1","1","1","Off","12","1","None","None","Off","Off","Off","Off","Normal Encryption","Off","Off","Off","Off","251.1","1","Off","On","Off","Off","Off","Off","1","0","Off","0","2","0","0","0","0","0","0","0","0","0","12"
"574","CLSME  Parrot","147.04500","147.64500","D-Digital","High","12.5K","Off","Off","Parrot","Group Call","9998","KC1JMH / Brad Brown","Always","Carrier","Off","1","1","1","Off","1","1","None","None","Off","Off","Off","Off","Normal Encryption","Off","Off","Off","Off","251.1","1","Off","On","Off","Off","Off","Off","1","0","Off","0","2","0","0","0","0","0","0","0","0","0","1"
"575","CLSME Local","147.04500","147.64500","D-Digital","High","12.5K","Off","Off","Local","Group Call","9","KC1JMH / Brad Brown","Always","Carrier","Off","1","1","1","Off","1","2","None","None","Off","Off","Off","Off","Normal Encryption","Off","Off","Off","Off","251.1","1","Off","On","Off","Off","Off","Off","1","0","Off","0","2","0","0","0","0","0","0","0","0","0","1"
"576","CLSME ME Event 1","147.04500","147.64500","D-Digital","High","12.5K","Off","Off","ME Event 1","Group Call","31231","KC1JMH / Brad Brown","Always","Carrier","Off","1","1","1","Off","1","1","None","None","Off","Off","Off","Off","Normal Encryption","Off","Off","Off","Off","251.1","1","Off","On","Off","Off","Off","Off","1","0","Off","0","2","0","0","0","0","0","0","0","0","0","1"
"577","CLSME ME Event 2","147.04500","147.64500","D-Digital","High","12.5K","Off","Off","ME Event 2","Group Call","31232","KC1JMH / Brad Brown","Always","Carrier","Off","1","1","1","Off","1","2","None","None","Off","Off","Off","Off","Normal Encryption","Off","Off","Off","Off","251.1","1","Off","On","Off","Off","Off","Off","1","0","Off","0","2","0","0","0","0","0","0","0","0","0","1"
"578","CLSME ME SW","147.04500","147.64500","D-Digital","High","12.5K","Off","Off","ME Statewide","Group Call","3123","KC1JMH / Brad Brown","Always","Carrier","Off","1","1","1","Off","1","2","None","None","Off","Off","Off","Off","Normal Encryption","Off","Off","Off","Off","251.1","1","Off","On","Off","Off","Off","Off","1","0","Off","0","2","0","0","0","0","0","0","0","0","0","1"
"579","CLSME NE Wide","147.04500","147.64500","D-Digital","High","12.5K","Off","Off","New England-Wide","Group Call","3181","KC1JMH / Brad Brown","Always","Carrier","Off","1","1","1","Off","1","2","None","None","Off","Off","Off","Off","Normal Encryption","Off","Off","Off","Off","251.1","1","Off","On","Off","Off","Off","Off","1","0","Off","0","2","0","0","0","0","0","0","0","0","0","1"
"580","CLSME NETAC1","147.04500","147.64500","D-Digital","High","12.5K","Off","Off","NETAC1","Group Call","8801","KC1JMH / Brad Brown","Always","Carrier","Off","1","1","1","Off","1","1","None","None","Off","Off","Off","Off","Normal Encryption","Off","Off","Off","Off","251.1","1","Off","On","Off","Off","Off","Off","1","0","Off","0","2","0","0","0","0","0","0","0","0","0","1"
"581","CLSME NETAC2","147.04500","147.64500","D-Digital","High","12.5K","Off","Off","NETAC2","Group Call","8802","KC1JMH / Brad Brown","Always","Carrier","Off","1","1","1","Off","1","2","None","None","Off","Off","Off","Off","Normal Encryption","Off","Off","Off","Off","251.1","1","Off","On","Off","Off","Off","Off","1","0","Off","0","2","0","0","0","0","0","0","0","0","0","1"
"582","CLSME NEWBRNSWCK","147.04500","147.64500","D-Digital","High","12.5K","Off","Off","New Brunswick","Group Call","3029","KC1JMH / Brad Brown","Always","Carrier","Off","1","1","1","Off","1","2","None","None","Off","Off","Off","Off","Normal Encryption","Off","Off","Off","Off","251.1","1","Off","On","Off","Off","Off","Off","1","0","Off","0","2","0","0","0","0","0","0","0","0","0","1"
"583","CLSME NH SW","147.04500","147.64500","D-Digital","High","12.5K","Off","Off","NH Statewide","Group Call","3133","KC1JMH / Brad Brown","Always","Carrier","Off","1","1","1","Off","1","2","None","None","Off","Off","Off","Off","Normal Encryption","Off","Off","Off","Off","251.1","1","Off","On","Off","Off","Off","Off","1","0","Off","0","2","0","0","0","0","0","0","0","0","0","1"
"584","CLSME North Am","147.04500","147.64500","D-Digital","High","12.5K","Off","Off","North America","Group Call","3","KC1JMH / Brad Brown","Always","Carrier","Off","1","1","1","Off","1","1","None","None","Off","Off","Off","Off","Normal Encryption","Off","Off","Off","Off","251.1","1","Off","On","Off","Off","Off","Off","1","0","Off","0","2","0","0","0","0","0","0","0","0","0","1"
"585","CLSME Northeast","147.04500","147.64500","D-Digital","High","12.5K","Off","Off","Northeast","Group Call","3172","KC1JMH / Brad Brown","Always","Carrier","Off","1","1","1","Off","1","1","None","None","Off","Off","Off","Off","Normal Encryption","Off","Off","Off","Off","251.1","1","Off","On","Off","Off","Off","Off","1","0","Off","0","2","0","0","0","0","0","0","0","0","0","1"
"586","CLSME Reg North","147.04500","147.64500","D-Digital","High","12.5K","Off","Off","Region North","Group Call","8","KC1JMH / Brad Brown","Always","Carrier","Off","1","1","1","Off","1","2","None","None","Off","Off","Off","Off","Normal Encryption","Off","Off","Off","Off","251.1","1","Off","On","Off","Off","Off","Off","1","0","Off","0","2","0","0","0","0","0","0","0","0","0","1"
"587","CLSME SKYWARN","147.04500","147.64500","D-Digital","High","12.5K","Off","Off","SKYWARN","Group Call","759","KC1JMH / Brad Brown","Always","Carrier","Off","1","1","1","Off","1","1","None","None","Off","Off","Off","Off","Normal Encryption","Off","Off","Off","Off","251.1","1","Off","On","Off","Off","Off","Off","1","0","Off","0","2","0","0","0","0","0","0","0","0","0","1"
"588","CLSME TAC310","147.04500","147.64500","D-Digital","High","12.5K","Off","Off","TAC310","Group Call","310","KC1JMH / Brad Brown","Always","Carrier","Off","1","1","1","Off","1","1","None","None","Off","Off","Off","Off","Normal Encryption","Off","Off","Off","Off","251.1","1","Off","On","Off","Off","Off","Off","1","0","Off","0","2","0","0","0","0","0","0","0","0","0","1"
"589","CLSME TAC311","147.04500","147.64500","D-Digital","High","12.5K","Off","Off","TAC311","Group Call","311","KC1JMH / Brad Brown","Always","Carrier","Off","1","1","1","Off","1","1","None","None","Off","Off","Off","Off","Normal Encryption","Off","Off","Off","Off","251.1","1","Off","On","Off","Off","Off","Off","1","0","Off","0","2","0","0","0","0","0","0","0","0","0","1"
"590","CLSME UA Eng1","147.04500","147.64500","D-Digital","High","12.5K","Off","Off","UA English 1-113","Group Call","113","KC1JMH / Brad Brown","Always","Carrier","Off","1","1","1","Off","1","1","None","None","Off","Off","Off","Off","Normal Encryption","Off","Off","Off","Off","251.1","1","Off","On","Off","Off","Off","Off","1","0","Off","0","2","0","0","0","0","0","0","0","0","0","1"
"591","CLSME UA Eng2","147.04500","147.64500","D-Digital","High","12.5K","Off","Off","UA English 2-123","Group Call","123","KC1JMH / Brad Brown","Always","Carrier","Off","1","1","1","Off","1","1","None","None","Off","Off","Off","Off","Normal Encryption","Off","Off","Off","Off","251.1","1","Off","On","Off","Off","Off","Off","1","0","Off","0","2","0","0","0","0","0","0","0","0","0","1"
"592","CLSME WW","147.04500","147.64500","D-Digital","High","12.5K","Off","Off","WW Call","Group Call","1","KC1JMH / Brad Brown","Always","Carrier","Off","1","1","1","Off","1","1","None","None","Off","Off","Off","Off","Normal Encryption","Off","Off","Off","Off","251.1","1","Off","On","Off","Off","Off","Off","1","0","Off","0","2","0","0","0","0","0","0","0","0","0","1"
"593","CLSME WW Eng","147.04500","147.64500","D-Digital","High","12.5K","Off","Off","WW English","Group Call","13","KC1JMH / Brad Brown","Always","Carrier","Off","1","1","1","Off","1","1","None","None","Off","Off","Off","Off","Normal Encryption","Off","Off","Off","Off","251.1","1","Off","On","Off","Off","Off","Off","1","0","Off","0","2","0","0","0","0","0","0","0","0","0","1"
"594","CMDME Local","145.37000","144.77000","D-Digital","High","12.5K","Off","Off","Local","Group Call","9","KC1JMH / Brad Brown","Always","Carrier","Off","1","1","1","Off","12","2","None","None","Off","Off","Off","Off","Normal Encryption","Off","Off","Off","Off","251.1","1","Off","On","Off","Off","Off","Off","1","0","Off","0","2","0","0","0","0","0","0","0","0","0","12"
"595","CMDME ME Event 1","145.37000","144.77000","D-Digital","High","12.5K","Off","Off","ME Event 1","Group Call","31231","KC1JMH / Brad Brown","Always","Carrier","Off","1","1","1","Off","12","1","None","None","Off","Off","Off","Off","Normal Encryption","Off","Off","Off","Off","251.1","1","Off","On","Off","Off","Off","Off","1","0","Off","0","2","0","0","0","0","0","0","0","0","0","12"
"596","CMDME ME Event 2","145.37000","144.77000","D-Digital","High","12.5K","Off","Off","ME Event 2","Group Call","31232","KC1JMH / Brad Brown","Always","Carrier","Off","1","1","1","Off","12","2","None","None","Off","Off","Off","Off","Normal Encryption","Off","Off","Off","Off","251.1","1","Off","On","Off","Off","Off","Off","1","0","Off","0","2","0","0","0","0","0","0","0","0","0","12"
"597","CMDME ME SW","145.37000","144.77000","D-Digital","High","12.5K","Off","Off","ME Statewide","Group Call","3123","KC1JMH / Brad Brown","Always","Carrier","Off","1","1","1","Off","12","2","None","None","Off","Off","Off","Off","Normal Encryption","Off","Off","Off","Off","251.1","1","Off","On","Off","Off","Off","Off","1","0","Off","0","2","0","0","0","0","0","0","0","0","0","12"
"598","CMDME NE Wide","145.37000","144.77000","D-Digital","High","12.5K","Off","Off","New England-Wide","Group Call","3181","KC1JMH / Brad Brown","Always","Carrier","Off","1","1","1","Off","12","2","None","None","Off","Off","Off","Off","Normal Encryption","Off","Off","Off","Off","251.1","1","Off","On","Off","Off","Off","Off","1","0","Off","0","2","0","0","0","0","0","0","0","0","0","12"
"599","CMDME NETAC1","145.37000","144.77000","D-Digital","High","12.5K","Off","Off","NETAC1","Group Call","8801","KC1JMH / Brad Brown","Always","Carrier","Off","1","1","1","Off","12","1","None","None","Off","Off","Off","Off","Normal Encryption","Off","Off","Off","Off","251.1","1","Off","On","Off","Off","Off","Off","1","0","Off","0","2","0","0","0","0","0","0","0","0","0","12"
"600","CMDME NETAC2","145.37000","144.77000","D-Digital","High","12.5K","Off","Off","NETAC2","Group Call","8802","KC1JMH / Brad Brown","Always","Carrier","Off","1","1","1","Off","12","2","None","None","Off","Off","Off","Off","Normal Encryption","Off","Off","Off","Off","251.1","1","Off","On","Off","Off","Off","Off","1","0","Off","0","2","0","0","0","0","0","0","0","0","0","12"
"601","CMDME NH SW","145.37000","144.77000","D-Digital","High","12.5K","Off","Off","NH Statewide","Group Call","3133","KC1JMH / Brad Brown","Always","Carrier","Off","1","1","1","Off","12","2","None","None","Off","Off","Off","Off","Normal Encryption","Off","Off","Off","Off","251.1","1","Off","On","Off","Off","Off","Off","1","0","Off","0","2","0","0","0","0","0","0","0","0","0","12"
"602","CMDME North Am","145.37000","144.77000","D-Digital","High","12.5K","Off","Off","North America","Group Call","3","KC1JMH / Brad Brown","Always","Carrier","Off","1","1","1","Off","12","1","None","None","Off","Off","Off","Off","Normal Encryption","Off","Off","Off","Off","251.1","1","Off","On","Off","Off","Off","Off","1","0","Off","0","2","0","0","0","0","0","0","0","0","0","12"
"603","CMDME Northeast","145.37000","144.77000","D-Digital","High","12.5K","Off","Off","Northeast","Group Call","3172","KC1JMH / Brad Brown","Always","Carrier","Off","1","1","1","Off","12","1","None","None","Off","Off","Off","Off","Normal Encryption","Off","Off","Off","Off","251.1","1","Off","On","Off","Off","Off","Off","1","0","Off","0","2","0","0","0","0","0","0","0","0","0","12"
"604","CMDME Parrot","145.37000","144.77000","D-Digital","High","12.5K","Off","Off","Parrot","Group Call","9998","KC1JMH / Brad Brown","Always","Carrier","Off","1","1","1","Off","12","1","None","None","Off","Off","Off","Off","Normal Encryption","Off","Off","Off","Off","251.1","1","Off","On","Off","Off","Off","Off","1","0","Off","0","2","0","0","0","0","0","0","0","0","0","12"
"605","CMDME Reg North","145.37000","144.77000","D-Digital","High","12.5K","Off","Off","Region North","Group Call","8","KC1JMH / Brad Brown","Always","Carrier","Off","1","1","1","Off","12","2","None","None","Off","Off","Off","Off","Normal Encryption","Off","Off","Off","Off","251.1","1","Off","On","Off","Off","Off","Off","1","0","Off","0","2","0","0","0","0","0","0","0","0","0","12"
"606","CMDME SKYWARN","145.37000","144.77000","D-Digital","High","12.5K","Off","Off","SKYWARN","Group Call","759","KC1JMH / Brad Brown","Always","Carrier","Off","1","1","1","Off","12","1","None","None","Off","Off","Off","Off","Normal Encryption","Off","Off","Off","Off","251.1","1","Off","On","Off","Off","Off","Off","1","0","Off","0","2","0","0","0","0","0","0","0","0","0","12"
"607","CMDME TAC310","145.37000","144.77000","D-Digital","High","12.5K","Off","Off","TAC310","Group Call","310","KC1JMH / Brad Brown","Always","Carrier","Off","1","1","1","Off","12","1","None","None","Off","Off","Off","Off","Normal Encryption","Off","Off","Off","Off","251.1","1","Off","On","Off","Off","Off","Off","1","0","Off","0","2","0","0","0","0","0","0","0","0","0","12"
"608","CMDME TAC311","145.37000","144.77000","D-Digital","High","12.5K","Off","Off","TAC311","Group Call","311","KC1JMH / Brad Brown","Always","Carrier","Off","1","1","1","Off","12","1","None","None","Off","Off","Off","Off","Normal Encryption","Off","Off","Off","Off","251.1","1","Off","On","Off","Off","Off","Off","1","0","Off","0","2","0","0","0","0","0","0","0","0","0","12"
"609","CMDME UA Eng1","145.37000","144.77000","D-Digital","High","12.5K","Off","Off","UA English 1-113","Group Call","113","KC1JMH / Brad Brown","Always","Carrier","Off","1","1","1","Off","12","1","None","None","Off","Off","Off","Off","Normal Encryption","Off","Off","Off","Off","251.1","1","Off","On","Off","Off","Off","Off","1","0","Off","0","2","0","0","0","0","0","0","0","0","0","12"
"610","CMDME UA Eng2","145.37000","144.77000","D-Digital","High","12.5K","Off","Off","UA English 2-123","Group Call","123","KC1JMH / Brad Brown","Always","Carrier","Off","1","1","1","Off","12","1","None","None","Off","Off","Off","Off","Normal Encryption","Off","Off","Off","Off","251.1","1","Off","On","Off","Off","Off","Off","1","0","Off","0","2","0","0","0","0","0","0","0","0","0","12"
"611","CMDME WW","145.37000","144.77000","D-Digital","High","12.5K","Off","Off","WW Call","Group Call","1","KC1JMH / Brad Brown","Always","Carrier","Off","1","1","1","Off","12","1","None","None","Off","Off","Off","Off","Normal Encryption","Off","Off","Off","Off","251.1","1","Off","On","Off","Off","Off","Off","1","0","Off","0","2","0","0","0","0","0","0","0","0","0","12"
"612","CMDME WW Eng","145.37000","144.77000","D-Digital","High","12.5K","Off","Off","WW English","Group Call","13","KC1JMH / Brad Brown","Always","Carrier","Off","1","1","1","Off","12","1","None","None","Off","Off","Off","Off","Normal Encryption","Off","Off","Off","Off","251.1","1","Off","On","Off","Off","Off","Off","1","0","Off","0","2","0","0","0","0","0","0","0","0","0","12"
"613","DRSME Local","145.43000","144.83000","D-Digital","High","12.5K","Off","Off","Local","Group Call","9","KC1JMH / Brad Brown","Always","Carrier","Off","1","1","1","Off","0","2","None","None","Off","Off","Off","Off","Normal Encryption","Off","Off","Off","Off","251.1","1","Off","On","Off","Off","Off","Off","1","0","Off","0","2","0","0","0","0","0","0","0","0","0","0"
"614","DRSME ME Event 1","145.43000","144.83000","D-Digital","High","12.5K","Off","Off","ME Event 1","Group Call","31231","KC1JMH / Brad Brown","Always","Carrier","Off","1","1","1","Off","0","1","None","None","Off","Off","Off","Off","Normal Encryption","Off","Off","Off","Off","251.1","1","Off","On","Off","Off","Off","Off","1","0","Off","0","2","0","0","0","0","0","0","0","0","0","0"
"615","DRSME ME Event 2","145.43000","144.83000","D-Digital","High","12.5K","Off","Off","ME Event 2","Group Call","31232","KC1JMH / Brad Brown","Always","Carrier","Off","1","1","1","Off","0","2","None","None","Off","Off","Off","Off","Normal Encryption","Off","Off","Off","Off","251.1","1","Off","On","Off","Off","Off","Off","1","0","Off","0","2","0","0","0","0","0","0","0","0","0","0"
"616","DRSME ME SW","145.43000","144.83000","D-Digital","High","12.5K","Off","Off","ME Statewide","Group Call","3123","KC1JMH / Brad Brown","Always","Carrier","Off","1","1","1","Off","0","2","None","None","Off","Off","Off","Off","Normal Encryption","Off","Off","Off","Off","251.1","1","Off","On","Off","Off","Off","Off","1","0","Off","0","2","0","0","0","0","0","0","0","0","0","0"
"617","DRSME NE Wide","145.43000","144.83000","D-Digital","High","12.5K","Off","Off","New England-Wide","Group Call","3181","KC1JMH / Brad Brown","Always","Carrier","Off","1","1","1","Off","0","2","None","None","Off","Off","Off","Off","Normal Encryption","Off","Off","Off","Off","251.1","1","Off","On","Off","Off","Off","Off","1","0","Off","0","2","0","0","0","0","0","0","0","0","0","0"
"618","DRSME NETAC1","145.43000","144.83000","D-Digital","High","12.5K","Off","Off","NETAC1","Group Call","8801","KC1JMH / Brad Brown","Always","Carrier","Off","1","1","1","Off","0","1","None","None","Off","Off","Off","Off","Normal Encryption","Off","Off","Off","Off","251.1","1","Off","On","Off","Off","Off","Off","1","0","Off","0","2","0","0","0","0","0","0","0","0","0","0"
"619","DRSME NETAC2","145.43000","144.83000","D-Digital","High","12.5K","Off","Off","NETAC2","Group Call","8802","KC1JMH / Brad Brown","Always","Carrier","Off","1","1","1","Off","0","2","None","None","Off","Off","Off","Off","Normal Encryption","Off","Off","Off","Off","251.1","1","Off","On","Off","Off","Off","Off","1","0","Off","0","2","0","0","0","0","0","0","0","0","0","0"
"620","DRSME NH SW","145.43000","144.83000","D-Digital","High","12.5K","Off","Off","NH Statewide","Group Call","3133","KC1JMH / Brad Brown","Always","Carrier","Off","1","1","1","Off","0","2","None","None","Off","Off","Off","Off","Normal Encryption","Off","Off","Off","Off","251.1","1","Off","On","Off","Off","Off","Off","1","0","Off","0","2","0","0","0","0","0","0","0","0","0","0"
"621","DRSME North Am","145.43000","144.83000","D-Digital","High","12.5K","Off","Off","North America","Group Call","3","KC1JMH / Brad Brown","Always","Carrier","Off","1","1","1","Off","0","1","None","None","Off","Off","Off","Off","Normal Encryption","Off","Off","Off","Off","251.1","1","Off","On","Off","Off","Off","Off","1","0","Off","0","2","0","0","0","0","0","0","0","0","0","0"
"622","DRSME Northeast","145.43000","144.83000","D-Digital","High","12.5K","Off","Off","Northeast","Group Call","3172","KC1JMH / Brad Brown","Always","Carrier","Off","1","1","1","Off","0","1","None","None","Off","Off","Off","Off","Normal Encryption","Off","Off","Off","Off","251.1","1","Off","On","Off","Off","Off","Off","1","0","Off","0","2","0","0","0","0","0","0","0","0","0","0"
"623","DRSME Parrot","145.43000","144.83000","D-Digital","High","12.5K","Off","Off","Parrot","Group Call","9998","KC1JMH / Brad Brown","Always","Carrier","Off","1","1","1","Off","0","1","None","None","Off","Off","Off","Off","Normal Encryption","Off","Off","Off","Off","251.1","1","Off","On","Off","Off","Off","Off","1","0","Off","0","2","0","0","0","0","0","0","0","0","0","0"
"624","DRSME Reg North","145.43000","144.83000","D-Digital","High","12.5K","Off","Off","Region North","Group Call","8","KC1JMH / Brad Brown","Always","Carrier","Off","1","1","1","Off","0","2","None","None","Off","Off","Off","Off","Normal Encryption","Off","Off","Off","Off","251.1","1","Off","On","Off","Off","Off","Off","1","0","Off","0","2","0","0","0","0","0","0","0","0","0","0"
"625","DRSME SKYWARN","145.43000","144.83000","D-Digital","High","12.5K","Off","Off","SKYWARN","Group Call","759","KC1JMH / Brad Brown","Always","Carrier","Off","1","1","1","Off","0","1","None","None","Off","Off","Off","Off","Normal Encryption","Off","Off","Off","Off","251.1","1","Off","On","Off","Off","Off","Off","1","0","Off","0","2","0","0","0","0","0","0","0","0","0","0"
"626","DRSME TAC310","145.43000","144.83000","D-Digital","High","12.5K","Off","Off","TAC310","Group Call","310","KC1JMH / Brad Brown","Always","Carrier","Off","1","1","1","Off","0","1","None","None","Off","Off","Off","Off","Normal Encryption","Off","Off","Off","Off","251.1","1","Off","On","Off","Off","Off","Off","1","0","Off","0","2","0","0","0","0","0","0","0","0","0","0"
"627","DRSME TAC311","145.43000","144.83000","D-Digital","High","12.5K","Off","Off","TAC311","Group Call","311","KC1JMH / Brad Brown","Always","Carrier","Off","1","1","1","Off","0","1","None","None","Off","Off","Off","Off","Normal Encryption","Off","Off","Off","Off","251.1","1","Off","On","Off","Off","Off","Off","1","0","Off","0","2","0","0","0","0","0","0","0","0","0","0"
"628","DRSME UA Eng1","145.43000","144.83000","D-Digital","High","12.5K","Off","Off","UA English 1-113","Group Call","113","KC1JMH / Brad Brown","Always","Carrier","Off","1","1","1","Off","0","1","None","None","Off","Off","Off","Off","Normal Encryption","Off","Off","Off","Off","251.1","1","Off","On","Off","Off","Off","Off","1","0","Off","0","2","0","0","0","0","0","0","0","0","0","0"
"629","DRSME UA Eng2","145.43000","144.83000","D-Digital","High","12.5K","Off","Off","UA English 2-123","Group Call","123","KC1JMH / Brad Brown","Always","Carrier","Off","1","1","1","Off","0","1","None","None","Off","Off","Off","Off","Normal Encryption","Off","Off","Off","Off","251.1","1","Off","On","Off","Off","Off","Off","1","0","Off","0","2","0","0","0","0","0","0","0","0","0","0"
"630","DRSME WW","145.43000","144.83000","D-Digital","High","12.5K","Off","Off","WW Call","Group Call","1","KC1JMH / Brad Brown","Always","Carrier","Off","1","1","1","Off","0","1","None","None","Off","Off","Off","Off","Normal Encryption","Off","Off","Off","Off","251.1","1","Off","On","Off","Off","Off","Off","1","0","Off","0","2","0","0","0","0","0","0","0","0","0","0"
"631","DRSME WW Eng","145.43000","144.83000","D-Digital","High","12.5K","Off","Off","WW English","Group Call","13","KC1JMH / Brad Brown","Always","Carrier","Off","1","1","1","Off","0","1","None","None","Off","Off","Off","Off","Normal Encryption","Off","Off","Off","Off","251.1","1","Off","On","Off","Off","Off","Off","1","0","Off","0","2","0","0","0","0","0","0","0","0","0","0"
"632","DXTME Local","145.22000","144.62000","D-Digital","High","12.5K","Off","Off","Local","Group Call","9","KC1JMH / Brad Brown","Always","Carrier","Off","1","1","1","Off","0","2","None","None","Off","Off","Off","Off","Normal Encryption","Off","Off","Off","Off","251.1","1","Off","On","Off","Off","Off","Off","1","0","Off","0","2","0","0","0","0","0","0","0","0","0","0"
"633","DXTME ME Event 1","145.22000","144.62000","D-Digital","High","12.5K","Off","Off","ME Event 1","Group Call","31231","KC1JMH / Brad Brown","Always","Carrier","Off","1","1","1","Off","0","1","None","None","Off","Off","Off","Off","Normal Encryption","Off","Off","Off","Off","251.1","1","Off","On","Off","Off","Off","Off","1","0","Off","0","2","0","0","0","0","0","0","0","0","0","0"
"634","DXTME ME Event 2","145.22000","144.62000","D-Digital","High","12.5K","Off","Off","ME Event 2","Group Call","31232","KC1JMH / Brad Brown","Always","Carrier","Off","1","1","1","Off","0","2","None","None","Off","Off","Off","Off","Normal Encryption","Off","Off","Off","Off","251.1","1","Off","On","Off","Off","Off","Off","1","0","Off","0","2","0","0","0","0","0","0","0","0","0","0"
"635","DXTME ME SW","145.22000","144.62000","D-Digital","High","12.5K","Off","Off","ME Statewide","Group Call","3123","KC1JMH / Brad Brown","Always","Carrier","Off","1","1","1","Off","0","2","None","None","Off","Off","Off","Off","Normal Encryption","Off","Off","Off","Off","251.1","1","Off","On","Off","Off","Off","Off","1","0","Off","0","2","0","0","0","0","0","0","0","0","0","0"
"636","DXTME NE Wide","145.22000","144.62000","D-Digital","High","12.5K","Off","Off","New England-Wide","Group Call","3181","KC1JMH / Brad Brown","Always","Carrier","Off","1","1","1","Off","0","2","None","None","Off","Off","Off","Off","Normal Encryption","Off","Off","Off","Off","251.1","1","Off","On","Off","Off","Off","Off","1","0","Off","0","2","0","0","0","0","0","0","0","0","0","0"
"637","DXTME NETAC1","145.22000","144.62000","D-Digital","High","12.5K","Off","Off","NETAC1","Group Call","8801","KC1JMH / Brad Brown","Always","Carrier","Off","1","1","1","Off","0","1","None","None","Off","Off","Off","Off","Normal Encryption","Off","Off","Off","Off","251.1","1","Off","On","Off","Off","Off","Off","1","0","Off","0","2","0","0","0","0","0","0","0","0","0","0"
"638","DXTME NETAC2","145.22000","144.62000","D-Digital","High","12.5K","Off","Off","NETAC2","Group Call","8802","KC1JMH / Brad Brown","Always","Carrier","Off","1","1","1","Off","0","2","None","None","Off","Off","Off","Off","Normal Encryption","Off","Off","Off","Off","251.1","1","Off","On","Off","Off","Off","Off","1","0","Off","0","2","0","0","0","0","0","0","0","0","0","0"
"639","DXTME NH SW","145.22000","144.62000","D-Digital","High","12.5K","Off","Off","NH Statewide","Group Call","3133","KC1JMH / Brad Brown","Always","Carrier","Off","1","1","1","Off","0","2","None","None","Off","Off","Off","Off","Normal Encryption","Off","Off","Off","Off","251.1","1","Off","On","Off","Off","Off","Off","1","0","Off","0","2","0","0","0","0","0","0","0","0","0","0"
"640","DXTME North Am","145.22000","144.62000","D-Digital","High","12.5K","Off","Off","North America","Group Call","3","KC1JMH / Brad Brown","Always","Carrier","Off","1","1","1","Off","0","1","None","None","Off","Off","Off","Off","Normal Encryption","Off","Off","Off","Off","251.1","1","Off","On","Off","Off","Off","Off","1","0","Off","0","2","0","0","0","0","0","0","0","0","0","0"
"641","DXTME Northeast","145.22000","144.62000","D-Digital","High","12.5K","Off","Off","Northeast","Group Call","3172","KC1JMH / Brad Brown","Always","Carrier","Off","1","1","1","Off","0","1","None","None","Off","Off","Off","Off","Normal Encryption","Off","Off","Off","Off","251.1","1","Off","On","Off","Off","Off","Off","1","0","Off","0","2","0","0","0","0","0","0","0","0","0","0"
"642","DXTME Parrot","145.22000","144.62000","D-Digital","High","12.5K","Off","Off","Parrot","Group Call","9998","KC1JMH / Brad Brown","Always","Carrier","Off","1","1","1","Off","0","1","None","None","Off","Off","Off","Off","Normal Encryption","Off","Off","Off","Off","251.1","1","Off","On","Off","Off","Off","Off","1","0","Off","0","2","0","0","0","0","0","0","0","0","0","0"
"643","DXTME Reg North","145.22000","144.62000","D-Digital","High","12.5K","Off","Off","Region North","Group Call","8","KC1JMH / Brad Brown","Always","Carrier","Off","1","1","1","Off","0","2","None","None","Off","Off","Off","Off","Normal Encryption","Off","Off","Off","Off","251.1","1","Off","On","Off","Off","Off","Off","1","0","Off","0","2","0","0","0","0","0","0","0","0","0","0"
"644","DXTME SKYWARN","145.22000","144.62000","D-Digital","High","12.5K","Off","Off","SKYWARN","Group Call","759","KC1JMH / Brad Brown","Always","Carrier","Off","1","1","1","Off","0","1","None","None","Off","Off","Off","Off","Normal Encryption","Off","Off","Off","Off","251.1","1","Off","On","Off","Off","Off","Off","1","0","Off","0","2","0","0","0","0","0","0","0","0","0","0"
"645","DXTME TAC310","145.22000","144.62000","D-Digital","High","12.5K","Off","Off","TAC310","Group Call","310","KC1JMH / Brad Brown","Always","Carrier","Off","1","1","1","Off","0","1","None","None","Off","Off","Off","Off","Normal Encryption","Off","Off","Off","Off","251.1","1","Off","On","Off","Off","Off","Off","1","0","Off","0","2","0","0","0","0","0","0","0","0","0","0"
"646","DXTME TAC311","145.22000","144.62000","D-Digital","High","12.5K","Off","Off","TAC311","Group Call","311","KC1JMH / Brad Brown","Always","Carrier","Off","1","1","1","Off","0","1","None","None","Off","Off","Off","Off","Normal Encryption","Off","Off","Off","Off","251.1","1","Off","On","Off","Off","Off","Off","1","0","Off","0","2","0","0","0","0","0","0","0","0","0","0"
"647","DXTME UA Eng1","145.22000","144.62000","D-Digital","High","12.5K","Off","Off","UA English 1-113","Group Call","113","KC1JMH / Brad Brown","Always","Carrier","Off","1","1","1","Off","0","1","None","None","Off","Off","Off","Off","Normal Encryption","Off","Off","Off","Off","251.1","1","Off","On","Off","Off","Off","Off","1","0","Off","0","2","0","0","0","0","0","0","0","0","0","0"
"648","DXTME UA Eng2","145.22000","144.62000","D-Digital","High","12.5K","Off","Off","UA English 2-123","Group Call","123","KC1JMH / Brad Brown","Always","Carrier","Off","1","1","1","Off","0","1","None","None","Off","Off","Off","Off","Normal Encryption","Off","Off","Off","Off","251.1","1","Off","On","Off","Off","Off","Off","1","0","Off","0","2","0","0","0","0","0","0","0","0","0","0"
"649","DXTME WW","145.22000","144.62000","D-Digital","High","12.5K","Off","Off","WW Call","Group Call","1","KC1JMH / Brad Brown","Always","Carrier","Off","1","1","1","Off","0","1","None","None","Off","Off","Off","Off","Normal Encryption","Off","Off","Off","Off","251.1","1","Off","On","Off","Off","Off","Off","1","0","Off","0","2","0","0","0","0","0","0","0","0","0","0"
"650","DXTME WW Eng","145.22000","144.62000","D-Digital","High","12.5K","Off","Off","WW English","Group Call","13","KC1JMH / Brad Brown","Always","Carrier","Off","1","1","1","Off","0","1","None","None","Off","Off","Off","Off","Normal Encryption","Off","Off","Off","Off","251.1","1","Off","On","Off","Off","Off","Off","1","0","Off","0","2","0","0","0","0","0","0","0","0","0","0"
"651","FRMME Local","442.40000","447.40000","D-Digital","High","12.5K","Off","Off","Local","Group Call","9","KC1JMH / Brad Brown","Always","Carrier","Off","1","1","1","Off","11","2","None","None","Off","Off","Off","Off","Normal Encryption","Off","Off","Off","Off","251.1","1","Off","On","Off","Off","Off","Off","1","0","Off","0","2","0","0","0","0","0","0","0","0","0","11"
"652","FRMME ME Event 1","442.40000","447.40000","D-Digital","High","12.5K","Off","Off","ME Event 1","Group Call","31231","KC1JMH / Brad Brown","Always","Carrier","Off","1","1","1","Off","11","1","None","None","Off","Off","Off","Off","Normal Encryption","Off","Off","Off","Off","251.1","1","Off","On","Off","Off","Off","Off","1","0","Off","0","2","0","0","0","0","0","0","0","0","0","11"
"653","FRMME ME Event 2","442.40000","447.40000","D-Digital","High","12.5K","Off","Off","ME Event 2","Group Call","31232","KC1JMH / Brad Brown","Always","Carrier","Off","1","1","1","Off","11","2","None","None","Off","Off","Off","Off","Normal Encryption","Off","Off","Off","Off","251.1","1","Off","On","Off","Off","Off","Off","1","0","Off","0","2","0","0","0","0","0","0","0","0","0","11"
"654","FRMME ME SW","442.40000","447.40000","D-Digital","High","12.5K","Off","Off","ME Statewide","Group Call","3123","KC1JMH / Brad Brown","Always","Carrier","Off","1","1","1","Off","11","2","None","None","Off","Off","Off","Off","Normal Encryption","Off","Off","Off","Off","251.1","1","Off","On","Off","Off","Off","Off","1","0","Off","0","2","0","0","0","0","0","0","0","0","0","11"
"655","FRMME NE Wide","442.40000","447.40000","D-Digital","High","12.5K","Off","Off","New England-Wide","Group Call","3181","KC1JMH / Brad Brown","Always","Carrier","Off","1","1","1","Off","11","2","None","None","Off","Off","Off","Off","Normal Encryption","Off","Off","Off","Off","251.1","1","Off","On","Off","Off","Off","Off","1","0","Off","0","2","0","0","0","0","0","0","0","0","0","11"
"656","FRMME NH SW","442.40000","447.40000","D-Digital","High","12.5K","Off","Off","NH Statewide","Group Call","3133","KC1JMH / Brad Brown","Always","Carrier","Off","1","1","1","Off","11","2","None","None","Off","Off","Off","Off","Normal Encryption","Off","Off","Off","Off","251.1","1","Off","On","Off","Off","Off","Off","1","0","Off","0","2","0","0","0","0","0","0","0","0","0","11"
"657","FRMME North Am","442.40000","447.40000","D-Digital","High","12.5K","Off","Off","North America","Group Call","3","KC1JMH / Brad Brown","Always","Carrier","Off","1","1","1","Off","11","1","None","None","Off","Off","Off","Off","Normal Encryption","Off","Off","Off","Off","251.1","1","Off","On","Off","Off","Off","Off","1","0","Off","0","2","0","0","0","0","0","0","0","0","0","11"
"658","FRMME Northeast","442.40000","447.40000","D-Digital","High","12.5K","Off","Off","Northeast","Group Call","3172","KC1JMH / Brad Brown","Always","Carrier","Off","1","1","1","Off","11","1","None","None","Off","Off","Off","Off","Normal Encryption","Off","Off","Off","Off","251.1","1","Off","On","Off","Off","Off","Off","1","0","Off","0","2","0","0","0","0","0","0","0","0","0","11"
"659","FRMME Parrot","442.40000","447.40000","D-Digital","High","12.5K","Off","Off","Parrot","Group Call","9998","KC1JMH / Brad Brown","Always","Carrier","Off","1","1","1","Off","11","1","None","None","Off","Off","Off","Off","Normal Encryption","Off","Off","Off","Off","251.1","1","Off","On","Off","Off","Off","Off","1","0","Off","0","2","0","0","0","0","0","0","0","0","0","11"
"660","FRMME Reg North","442.40000","447.40000","D-Digital","High","12.5K","Off","Off","Region North","Group Call","8","KC1JMH / Brad Brown","Always","Carrier","Off","1","1","1","Off","11","2","None","None","Off","Off","Off","Off","Normal Encryption","Off","Off","Off","Off","251.1","1","Off","On","Off","Off","Off","Off","1","0","Off","0","2","0","0","0","0","0","0","0","0","0","11"
"661","FRMME SKYWARN","442.40000","447.40000","D-Digital","High","12.5K","Off","Off","SKYWARN","Group Call","759","KC1JMH / Brad Brown","Always","Carrier","Off","1","1","1","Off","11","1","None","None","Off","Off","Off","Off","Normal Encryption","Off","Off","Off","Off","251.1","1","Off","On","Off","Off","Off","Off","1","0","Off","0","2","0","0","0","0","0","0","0","0","0","11"
"662","FRMME WW","442.40000","447.40000","D-Digital","High","12.5K","Off","Off","WW Call","Group Call","1","KC1JMH / Brad Brown","Always","Carrier","Off","1","1","1","Off","11","1","None","None","Off","Off","Off","Off","Normal Encryption","Off","Off","Off","Off","251.1","1","Off","On","Off","Off","Off","Off","1","0","Off","0","2","0","0","0","0","0","0","0","0","0","11"
"663","FRMME WW Eng","442.40000","447.40000","D-Digital","High","12.5K","Off","Off","WW English","Group Call","13","KC1JMH / Brad Brown","Always","Carrier","Off","1","1","1","Off","11","1","None","None","Off","Off","Off","Off","Normal Encryption","Off","Off","Off","Off","251.1","1","Off","On","Off","Off","Off","Off","1","0","Off","0","2","0","0","0","0","0","0","0","0","0","11"
"664","FTKME Local","145.20000","144.60000","D-Digital","High","12.5K","Off","Off","Local","Group Call","9","KC1JMH / Brad Brown","Always","Carrier","Off","1","1","1","Off","12","2","None","None","Off","Off","Off","Off","Normal Encryption","Off","Off","Off","Off","251.1","1","Off","On","Off","Off","Off","Off","1","0","Off","0","2","0","0","0","0","0","0","0","0","0","12"
"665","FTKME ME Event 1","145.20000","144.60000","D-Digital","High","12.5K","Off","Off","ME Event 1","Group Call","31231","KC1JMH / Brad Brown","Always","Carrier","Off","1","1","1","Off","12","1","None","None","Off","Off","Off","Off","Normal Encryption","Off","Off","Off","Off","251.1","1","Off","On","Off","Off","Off","Off","1","0","Off","0","2","0","0","0","0","0","0","0","0","0","12"
"666","FTKME ME Event 2","145.20000","144.60000","D-Digital","High","12.5K","Off","Off","ME Event 2","Group Call","31232","KC1JMH / Brad Brown","Always","Carrier","Off","1","1","1","Off","12","2","None","None","Off","Off","Off","Off","Normal Encryption","Off","Off","Off","Off","251.1","1","Off","On","Off","Off","Off","Off","1","0","Off","0","2","0","0","0","0","0","0","0","0","0","12"
"667","FTKME ME SW","145.20000","144.60000","D-Digital","High","12.5K","Off","Off","ME Statewide","Group Call","3123","KC1JMH / Brad Brown","Always","Carrier","Off","1","1","1","Off","12","2","None","None","Off","Off","Off","Off","Normal Encryption","Off","Off","Off","Off","251.1","1","Off","On","Off","Off","Off","Off","1","0","Off","0","2","0","0","0","0","0","0","0","0","0","12"
"668","FTKME NE Wide","145.20000","144.60000","D-Digital","High","12.5K","Off","Off","New England-Wide","Group Call","3181","KC1JMH / Brad Brown","Always","Carrier","Off","1","1","1","Off","12","2","None","None","Off","Off","Off","Off","Normal Encryption","Off","Off","Off","Off","251.1","1","Off","On","Off","Off","Off","Off","1","0","Off","0","2","0","0","0","0","0","0","0","0","0","12"
"669","FTKME NETAC1","145.20000","144.60000","D-Digital","High","12.5K","Off","Off","NETAC1","Group Call","8801","KC1JMH / Brad Brown","Always","Carrier","Off","1","1","1","Off","12","1","None","None","Off","Off","Off","Off","Normal Encryption","Off","Off","Off","Off","251.1","1","Off","On","Off","Off","Off","Off","1","0","Off","0","2","0","0","0","0","0","0","0","0","0","12"
"670","FTKME NETAC2","145.20000","144.60000","D-Digital","High","12.5K","Off","Off","NETAC2","Group Call","8802","KC1JMH / Brad Brown","Always","Carrier","Off","1","1","1","Off","12","2","None","None","Off","Off","Off","Off","Normal Encryption","Off","Off","Off","Off","251.1","1","Off","On","Off","Off","Off","Off","1","0","Off","0","2","0","0","0","0","0","0","0","0","0","12"
"671","FTKME NEWBRNSWCK","145.20000","144.60000","D-Digital","High","12.5K","Off","Off","New Brunswick","Group Call","3029","KC1JMH / Brad Brown","Always","Carrier","Off","1","1","1","Off","12","2","None","None","Off","Off","Off","Off","Normal Encryption","Off","Off","Off","Off","251.1","1","Off","On","Off","Off","Off","Off","1","0","Off","0","2","0","0","0","0","0","0","0","0","0","12"
"672","FTKME NH SW","145.20000","144.60000","D-Digital","High","12.5K","Off","Off","NH Statewide","Group Call","3133","KC1JMH / Brad Brown","Always","Carrier","Off","1","1","1","Off","12","2","None","None","Off","Off","Off","Off","Normal Encryption","Off","Off","Off","Off","251.1","1","Off","On","Off","Off","Off","Off","1","0","Off","0","2","0","0","0","0","0","0","0","0","0","12"
"673","FTKME North Am","145.20000","144.60000","D-Digital","High","12.5K","Off","Off","North America","Group Call","3","KC1JMH / Brad Brown","Always","Carrier","Off","1","1","1","Off","12","1","None","None","Off","Off","Off","Off","Normal Encryption","Off","Off","Off","Off","251.1","1","Off","On","Off","Off","Off","Off","1","0","Off","0","2","0","0","0","0","0","0","0","0","0","12"
"674","FTKME Northeast","145.20000","144.60000","D-Digital","High","12.5K","Off","Off","Northeast","Group Call","3172","KC1JMH / Brad Brown","Always","Carrier","Off","1","1","1","Off","12","1","None","None","Off","Off","Off","Off","Normal Encryption","Off","Off","Off","Off","251.1","1","Off","On","Off","Off","Off","Off","1","0","Off","0","2","0","0","0","0","0","0","0","0","0","12"
"675","FTKME Parrot","145.20000","144.60000","D-Digital","High","12.5K","Off","Off","Parrot","Group Call","9998","KC1JMH / Brad Brown","Always","Carrier","Off","1","1","1","Off","12","1","None","None","Off","Off","Off","Off","Normal Encryption","Off","Off","Off","Off","251.1","1","Off","On","Off","Off","Off","Off","1","0","Off","0","2","0","0","0","0","0","0","0","0","0","12"
"676","FTKME Reg North","145.20000","144.60000","D-Digital","High","12.5K","Off","Off","Region North","Group Call","8","KC1JMH / Brad Brown","Always","Carrier","Off","1","1","1","Off","12","2","None","None","Off","Off","Off","Off","Normal Encryption","Off","Off","Off","Off","251.1","1","Off","On","Off","Off","Off","Off","1","0","Off","0","2","0","0","0","0","0","0","0","0","0","12"
"677","FTKME SKYWARN","145.20000","144.60000","D-Digital","High","12.5K","Off","Off","SKYWARN","Group Call","759","KC1JMH / Brad Brown","Always","Carrier","Off","1","1","1","Off","12","1","None","None","Off","Off","Off","Off","Normal Encryption","Off","Off","Off","Off","251.1","1","Off","On","Off","Off","Off","Off","1","0","Off","0","2","0","0","0","0","0","0","0","0","0","12"
"678","FTKME TAC310","145.20000","144.60000","D-Digital","High","12.5K","Off","Off","TAC310","Group Call","310","KC1JMH / Brad Brown","Always","Carrier","Off","1","1","1","Off","12","1","None","None","Off","Off","Off","Off","Normal Encryption","Off","Off","Off","Off","251.1","1","Off","On","Off","Off","Off","Off","1","0","Off","0","2","0","0","0","0","0","0","0","0","0","12"
"679","FTKME TAC311","145.20000","144.60000","D-Digital","High","12.5K","Off","Off","TAC311","Group Call","311","KC1JMH / Brad Brown","Always","Carrier","Off","1","1","1","Off","12","1","None","None","Off","Off","Off","Off","Normal Encryption","Off","Off","Off","Off","251.1","1","Off","On","Off","Off","Off","Off","1","0","Off","0","2","0","0","0","0","0","0","0","0","0","12"
"680","FTKME UA Eng1","145.20000","144.60000","D-Digital","High","12.5K","Off","Off","UA English 1-113","Group Call","113","KC1JMH / Brad Brown","Always","Carrier","Off","1","1","1","Off","12","1","None","None","Off","Off","Off","Off","Normal Encryption","Off","Off","Off","Off","251.1","1","Off","On","Off","Off","Off","Off","1","0","Off","0","2","0","0","0","0","0","0","0","0","0","12"
"681","FTKME UA Eng2","145.20000","144.60000","D-Digital","High","12.5K","Off","Off","UA English 2-123","Group Call","123","KC1JMH / Brad Brown","Always","Carrier","Off","1","1","1","Off","12","1","None","None","Off","Off","Off","Off","Normal Encryption","Off","Off","Off","Off","251.1","1","Off","On","Off","Off","Off","Off","1","0","Off","0","2","0","0","0","0","0","0","0","0","0","12"
"682","FTKME WW","145.20000","144.60000","D-Digital","High","12.5K","Off","Off","WW Call","Group Call","1","KC1JMH / Brad Brown","Always","Carrier","Off","1","1","1","Off","12","1","None","None","Off","Off","Off","Off","Normal Encryption","Off","Off","Off","Off","251.1","1","Off","On","Off","Off","Off","Off","1","0","Off","0","2","0","0","0","0","0","0","0","0","0","12"
"683","FTKME WW Eng","145.20000","144.60000","D-Digital","High","12.5K","Off","Off","WW English","Group Call","13","KC1JMH / Brad Brown","Always","Carrier","Off","1","1","1","Off","12","1","None","None","Off","Off","Off","Off","Normal Encryption","Off","Off","Off","Off","251.1","1","Off","On","Off","Off","Off","Off","1","0","Off","0","2","0","0","0","0","0","0","0","0","0","12"
"684","GLDME Local","145.21000","144.61000","D-Digital","High","12.5K","Off","Off","Local","Group Call","9","KC1JMH / Brad Brown","Always","Carrier","Off","1","1","1","Off","12","2","None","None","Off","Off","Off","Off","Normal Encryption","Off","Off","Off","Off","251.1","1","Off","On","Off","Off","Off","Off","1","0","Off","0","2","0","0","0","0","0","0","0","0","0","12"
"685","GLDME ME Event 1","145.21000","144.61000","D-Digital","High","12.5K","Off","Off","ME Event 1","Group Call","31231","KC1JMH / Brad Brown","Always","Carrier","Off","1","1","1","Off","12","1","None","None","Off","Off","Off","Off","Normal Encryption","Off","Off","Off","Off","251.1","1","Off","On","Off","Off","Off","Off","1","0","Off","0","2","0","0","0","0","0","0","0","0","0","12"
"686","GLDME ME Event 2","145.21000","144.61000","D-Digital","High","12.5K","Off","Off","ME Event 2","Group Call","31232","KC1JMH / Brad Brown","Always","Carrier","Off","1","1","1","Off","12","2","None","None","Off","Off","Off","Off","Normal Encryption","Off","Off","Off","Off","251.1","1","Off","On","Off","Off","Off","Off","1","0","Off","0","2","0","0","0","0","0","0","0","0","0","12"
"687","GLDME ME SW","145.21000","144.61000","D-Digital","High","12.5K","Off","Off","ME Statewide","Group Call","3123","KC1JMH / Brad Brown","Always","Carrier","Off","1","1","1","Off","12","2","None","None","Off","Off","Off","Off","Normal Encryption","Off","Off","Off","Off","251.1","1","Off","On","Off","Off","Off","Off","1","0","Off","0","2","0","0","0","0","0","0","0","0","0","12"
"688","GLDME NE Wide","145.21000","144.61000","D-Digital","High","12.5K","Off","Off","New England-Wide","Group Call","3181","KC1JMH / Brad Brown","Always","Carrier","Off","1","1","1","Off","12","2","None","None","Off","Off","Off","Off","Normal Encryption","Off","Off","Off","Off","251.1","1","Off","On","Off","Off","Off","Off","1","0","Off","0","2","0","0","0","0","0","0","0","0","0","12"
"689","GLDME NETAC1","145.21000","144.61000","D-Digital","High","12.5K","Off","Off","NETAC1","Group Call","8801","KC1JMH / Brad Brown","Always","Carrier","Off","1","1","1","Off","12","1","None","None","Off","Off","Off","Off","Normal Encryption","Off","Off","Off","Off","251.1","1","Off","On","Off","Off","Off","Off","1","0","Off","0","2","0","0","0","0","0","0","0","0","0","12"
"690","GLDME NETAC2","145.21000","144.61000","D-Digital","High","12.5K","Off","Off","NETAC2","Group Call","8802","KC1JMH / Brad Brown","Always","Carrier","Off","1","1","1","Off","12","2","None","None","Off","Off","Off","Off","Normal Encryption","Off","Off","Off","Off","251.1","1","Off","On","Off","Off","Off","Off","1","0","Off","0","2","0","0","0","0","0","0","0","0","0","12"
"691","GLDME NEWBRNSWCK","145.21000","144.61000","D-Digital","High","12.5K","Off","Off","New Brunswick","Group Call","3029","KC1JMH / Brad Brown","Always","Carrier","Off","1","1","1","Off","12","2","None","None","Off","Off","Off","Off","Normal Encryption","Off","Off","Off","Off","251.1","1","Off","On","Off","Off","Off","Off","1","0","Off","0","2","0","0","0","0","0","0","0","0","0","12"
"692","GLDME NH SW","145.21000","144.61000","D-Digital","High","12.5K","Off","Off","NH Statewide","Group Call","3133","KC1JMH / Brad Brown","Always","Carrier","Off","1","1","1","Off","12","2","None","None","Off","Off","Off","Off","Normal Encryption","Off","Off","Off","Off","251.1","1","Off","On","Off","Off","Off","Off","1","0","Off","0","2","0","0","0","0","0","0","0","0","0","12"
"693","GLDME North Am","145.21000","144.61000","D-Digital","High","12.5K","Off","Off","North America","Group Call","3","KC1JMH / Brad Brown","Always","Carrier","Off","1","1","1","Off","12","1","None","None","Off","Off","Off","Off","Normal Encryption","Off","Off","Off","Off","251.1","1","Off","On","Off","Off","Off","Off","1","0","Off","0","2","0","0","0","0","0","0","0","0","0","12"
"694","GLDME Northeast","145.21000","144.61000","D-Digital","High","12.5K","Off","Off","Northeast","Group Call","3172","KC1JMH / Brad Brown","Always","Carrier","Off","1","1","1","Off","12","1","None","None","Off","Off","Off","Off","Normal Encryption","Off","Off","Off","Off","251.1","1","Off","On","Off","Off","Off","Off","1","0","Off","0","2","0","0","0","0","0","0","0","0","0","12"
"695","GLDME Parrot","145.21000","144.61000","D-Digital","High","12.5K","Off","Off","Parrot","Group Call","9998","KC1JMH / Brad Brown","Always","Carrier","Off","1","1","1","Off","12","1","None","None","Off","Off","Off","Off","Normal Encryption","Off","Off","Off","Off","251.1","1","Off","On","Off","Off","Off","Off","1","0","Off","0","2","0","0","0","0","0","0","0","0","0","12"
"696","GLDME Reg North","145.21000","144.61000","D-Digital","High","12.5K","Off","Off","Region North","Group Call","8","KC1JMH / Brad Brown","Always","Carrier","Off","1","1","1","Off","12","2","None","None","Off","Off","Off","Off","Normal Encryption","Off","Off","Off","Off","251.1","1","Off","On","Off","Off","Off","Off","1","0","Off","0","2","0","0","0","0","0","0","0","0","0","12"
"697","GLDME SKYWARN","145.21000","144.61000","D-Digital","High","12.5K","Off","Off","SKYWARN","Group Call","759","KC1JMH / Brad Brown","Always","Carrier","Off","1","1","1","Off","12","1","None","None","Off","Off","Off","Off","Normal Encryption","Off","Off","Off","Off","251.1","1","Off","On","Off","Off","Off","Off","1","0","Off","0","2","0","0","0","0","0","0","0","0","0","12"
"698","GLDME TAC310","145.21000","144.61000","D-Digital","High","12.5K","Off","Off","TAC310","Group Call","310","KC1JMH / Brad Brown","Always","Carrier","Off","1","1","1","Off","12","1","None","None","Off","Off","Off","Off","Normal Encryption","Off","Off","Off","Off","251.1","1","Off","On","Off","Off","Off","Off","1","0","Off","0","2","0","0","0","0","0","0","0","0","0","12"
"699","GLDME TAC311","145.21000","144.61000","D-Digital","High","12.5K","Off","Off","TAC311","Group Call","311","KC1JMH / Brad Brown","Always","Carrier","Off","1","1","1","Off","12","1","None","None","Off","Off","Off","Off","Normal Encryption","Off","Off","Off","Off","251.1","1","Off","On","Off","Off","Off","Off","1","0","Off","0","2","0","0","0","0","0","0","0","0","0","12"
"700","GLDME UA Eng1","145.21000","144.61000","D-Digital","High","12.5K","Off","Off","UA English 1-113","Group Call","113","KC1JMH / Brad Brown","Always","Carrier","Off","1","1","1","Off","12","1","None","None","Off","Off","Off","Off","Normal Encryption","Off","Off","Off","Off","251.1","1","Off","On","Off","Off","Off","Off","1","0","Off","0","2","0","0","0","0","0","0","0","0","0","12"
"701","GLDME UA Eng2","145.21000","144.61000","D-Digital","High","12.5K","Off","Off","UA English 2-123","Group Call","123","KC1JMH / Brad Brown","Always","Carrier","Off","1","1","1","Off","12","1","None","None","Off","Off","Off","Off","Normal Encryption","Off","Off","Off","Off","251.1","1","Off","On","Off","Off","Off","Off","1","0","Off","0","2","0","0","0","0","0","0","0","0","0","12"
"702","GLDME WW","145.21000","144.61000","D-Digital","High","12.5K","Off","Off","WW Call","Group Call","1","KC1JMH / Brad Brown","Always","Carrier","Off","1","1","1","Off","12","1","None","None","Off","Off","Off","Off","Normal Encryption","Off","Off","Off","Off","251.1","1","Off","On","Off","Off","Off","Off","1","0","Off","0","2","0","0","0","0","0","0","0","0","0","12"
"703","GLDME WW Eng","145.21000","144.61000","D-Digital","High","12.5K","Off","Off","WW English","Group Call","13","KC1JMH / Brad Brown","Always","Carrier","Off","1","1","1","Off","12","1","None","None","Off","Off","Off","Off","Normal Encryption","Off","Off","Off","Off","251.1","1","Off","On","Off","Off","Off","Off","1","0","Off","0","2","0","0","0","0","0","0","0","0","0","12"
"704","HLDME Local","145.31000","144.71000","D-Digital","High","12.5K","Off","Off","Local","Group Call","9","KC1JMH / Brad Brown","Always","Carrier","Off","1","1","1","Off","10","2","None","None","Off","Off","Off","Off","Normal Encryption","Off","Off","Off","Off","251.1","1","Off","On","Off","Off","Off","Off","1","0","Off","0","2","0","0","0","0","0","0","0","0","0","10"
"705","HLDME ME Event 1","145.31000","144.71000","D-Digital","Turbo","12.5K","Off","Off","ME Event 1","Group Call","31231","KC1JMH / Brad Brown","Always","Carrier","Off","1","1","1","Off","10","1","None","None","Off","Off","Off","Off","Normal Encryption","Off","Off","Off","Off","251.1","1","Off","Off","Off","Off","Off","Off","1","0","Off","0","2","0","0","0","0","0","0","0","0","0","10"
"706","HLDME ME Event 2","145.31000","144.71000","D-Digital","Turbo","12.5K","Off","Off","ME Event 2","Group Call","31232","KC1JMH / Brad Brown","Always","Carrier","Off","1","1","1","Off","10","2","None","None","Off","Off","Off","Off","Normal Encryption","Off","Off","Off","Off","251.1","1","Off","Off","Off","Off","Off","Off","1","0","Off","0","2","0","0","0","0","0","0","0","0","0","10"
"707","HLDME ME SW","145.31000","144.71000","D-Digital","High","12.5K","Off","Off","ME Statewide","Group Call","3123","KC1JMH / Brad Brown","Always","Carrier","Off","1","1","1","Off","10","2","None","None","Off","Off","Off","Off","Normal Encryption","Off","Off","Off","Off","251.1","1","Off","On","Off","Off","Off","Off","1","0","Off","0","2","0","0","0","0","0","0","0","0","0","10"
"708","HLDME NE Wide","145.31000","144.71000","D-Digital","High","12.5K","Off","Off","New England-Wide","Group Call","3181","KC1JMH / Brad Brown","Always","Carrier","Off","1","1","1","Off","10","2","None","None","Off","Off","Off","Off","Normal Encryption","Off","Off","Off","Off","251.1","1","Off","On","Off","Off","Off","Off","1","0","Off","0","2","0","0","0","0","0","0","0","0","0","10"
"709","HLDME NETAC1","145.31000","144.71000","D-Digital","High","12.5K","Off","Off","NETAC1","Group Call","8801","KC1JMH / Brad Brown","Always","Carrier","Off","1","1","1","Off","10","1","None","None","Off","Off","Off","Off","Normal Encryption","Off","Off","Off","Off","251.1","1","Off","On","Off","Off","Off","Off","1","0","Off","0","2","0","0","0","0","0","0","0","0","0","10"
"710","HLDME NETAC2","145.31000","144.71000","D-Digital","High","12.5K","Off","Off","NETAC2","Group Call","8802","KC1JMH / Brad Brown","Always","Carrier","Off","1","1","1","Off","10","2","None","None","Off","Off","Off","Off","Normal Encryption","Off","Off","Off","Off","251.1","1","Off","On","Off","Off","Off","Off","1","0","Off","0","2","0","0","0","0","0","0","0","0","0","10"
"711","HLDME NH SW","145.31000","144.71000","D-Digital","High","12.5K","Off","Off","NH Statewide","Group Call","3133","KC1JMH / Brad Brown","Always","Carrier","Off","1","1","1","Off","10","2","None","None","Off","Off","Off","Off","Normal Encryption","Off","Off","Off","Off","251.1","1","Off","On","Off","Off","Off","Off","1","0","Off","0","2","0","0","0","0","0","0","0","0","0","10"
"712","HLDME North Am","145.31000","144.71000","D-Digital","High","12.5K","Off","Off","North America","Group Call","3","KC1JMH / Brad Brown","Always","Carrier","Off","1","1","1","Off","10","1","None","None","Off","Off","Off","Off","Normal Encryption","Off","Off","Off","Off","251.1","1","Off","On","Off","Off","Off","Off","1","0","Off","0","2","0","0","0","0","0","0","0","0","0","10"
"713","HLDME Northeast","145.31000","144.71000","D-Digital","High","12.5K","Off","Off","Northeast","Group Call","3172","KC1JMH / Brad Brown","Always","Carrier","Off","1","1","1","Off","10","1","None","None","Off","Off","Off","Off","Normal Encryption","Off","Off","Off","Off","251.1","1","Off","On","Off","Off","Off","Off","1","0","Off","0","2","0","0","0","0","0","0","0","0","0","10"
"714","HLDME Parrot","145.31000","144.71000","D-Digital","High","12.5K","Off","Off","Parrot","Group Call","9998","KC1JMH / Brad Brown","Always","Carrier","Off","1","1","1","Off","10","1","None","None","Off","Off","Off","Off","Normal Encryption","Off","Off","Off","Off","251.1","1","Off","On","Off","Off","Off","Off","1","0","Off","0","2","0","0","0","0","0","0","0","0","0","10"
"715","HLDME Reg North","145.31000","144.71000","D-Digital","High","12.5K","Off","Off","Region North","Group Call","8","KC1JMH / Brad Brown","Always","Carrier","Off","1","1","1","Off","10","2","None","None","Off","Off","Off","Off","Normal Encryption","Off","Off","Off","Off","251.1","1","Off","On","Off","Off","Off","Off","1","0","Off","0","2","0","0","0","0","0","0","0","0","0","10"
"716","HLDME SKYWARN","145.31000","144.71000","D-Digital","High","12.5K","Off","Off","SKYWARN","Group Call","759","KC1JMH / Brad Brown","Always","Carrier","Off","1","1","1","Off","10","1","None","None","Off","Off","Off","Off","Normal Encryption","Off","Off","Off","Off","251.1","1","Off","On","Off","Off","Off","Off","1","0","Off","0","2","0","0","0","0","0","0","0","0","0","10"
"717","HLDME TAC310","145.31000","144.71000","D-Digital","High","12.5K","Off","Off","TAC310","Group Call","310","KC1JMH / Brad Brown","Always","Carrier","Off","1","1","1","Off","10","1","None","None","Off","Off","Off","Off","Normal Encryption","Off","Off","Off","Off","251.1","1","Off","On","Off","Off","Off","Off","1","0","Off","0","2","0","0","0","0","0","0","0","0","0","10"
"718","HLDME TAC311","145.31000","144.71000","D-Digital","High","12.5K","Off","Off","TAC311","Group Call","311","KC1JMH / Brad Brown","Always","Carrier","Off","1","1","1","Off","10","1","None","None","Off","Off","Off","Off","Normal Encryption","Off","Off","Off","Off","251.1","1","Off","On","Off","Off","Off","Off","1","0","Off","0","2","0","0","0","0","0","0","0","0","0","10"
"719","HLDME UA Eng1","145.31000","144.71000","D-Digital","High","12.5K","Off","Off","UA English 1-113","Group Call","113","KC1JMH / Brad Brown","Always","Carrier","Off","1","1","1","Off","10","1","None","None","Off","Off","Off","Off","Normal Encryption","Off","Off","Off","Off","251.1","1","Off","On","Off","Off","Off","Off","1","0","Off","0","2","0","0","0","0","0","0","0","0","0","10"
"720","HLDME UA Eng2","145.31000","144.71000","D-Digital","High","12.5K","Off","Off","UA English 2-123","Group Call","123","KC1JMH / Brad Brown","Always","Carrier","Off","1","1","1","Off","10","1","None","None","Off","Off","Off","Off","Normal Encryption","Off","Off","Off","Off","251.1","1","Off","On","Off","Off","Off","Off","1","0","Off","0","2","0","0","0","0","0","0","0","0","0","10"
"721","HLDME WW","145.31000","144.71000","D-Digital","High","12.5K","Off","Off","WW Call","Group Call","1","KC1JMH / Brad Brown","Always","Carrier","Off","1","1","1","Off","10","1","None","None","Off","Off","Off","Off","Normal Encryption","Off","Off","Off","Off","251.1","1","Off","On","Off","Off","Off","Off","1","0","Off","0","2","0","0","0","0","0","0","0","0","0","10"
"722","HLDME WW Eng","145.31000","144.71000","D-Digital","High","12.5K","Off","Off","WW English","Group Call","13","KC1JMH / Brad Brown","Always","Carrier","Off","1","1","1","Off","10","1","None","None","Off","Off","Off","Off","Normal Encryption","Off","Off","Off","Off","251.1","1","Off","On","Off","Off","Off","Off","1","0","Off","0","2","0","0","0","0","0","0","0","0","0","10"
"723","KBYME CT SW","145.12000","144.52000","D-Digital","High","12.5K","Off","Off","CT Statewide","Group Call","3109","KC1JMH / Brad Brown","Always","Carrier","Off","1","1","1","Off","11","1","None","None","Off","Off","Off","Off","Normal Encryption","Off","Off","Off","Off","251.1","1","Off","On","Off","Off","Off","Off","1","0","Off","0","2","0","0","0","0","0","0","0","0","0","11"
"724","KBYME Local","145.12000","144.52000","D-Digital","High","12.5K","Off","Off","Local","Group Call","9","KC1JMH / Brad Brown","Always","Carrier","Off","1","1","1","Off","11","2","None","None","Off","Off","Off","Off","Normal Encryption","Off","Off","Off","Off","251.1","1","Off","On","Off","Off","Off","Off","1","0","Off","0","2","0","0","0","0","0","0","0","0","0","11"
"725","KBYME MA SW","145.12000","144.52000","D-Digital","High","12.5K","Off","Off","MA Statewide","Group Call","3125","KC1JMH / Brad Brown","Always","Carrier","Off","1","1","1","Off","11","1","None","None","Off","Off","Off","Off","Normal Encryption","Off","Off","Off","Off","251.1","1","Off","On","Off","Off","Off","Off","1","0","Off","0","2","0","0","0","0","0","0","0","0","0","11"
"726","KBYME ME Event 1","145.12000","144.52000","D-Digital","High","12.5K","Off","Off","ME Event 1","Group Call","31231","KC1JMH / Brad Brown","Always","Carrier","Off","1","1","1","Off","11","1","None","None","Off","Off","Off","Off","Normal Encryption","Off","Off","Off","Off","251.1","1","Off","On","Off","Off","Off","Off","1","0","Off","0","2","0","0","0","0","0","0","0","0","0","11"
"727","KBYME ME Event 2","145.12000","144.52000","D-Digital","High","12.5K","Off","Off","ME Event 2","Group Call","31232","KC1JMH / Brad Brown","Always","Carrier","Off","1","1","1","Off","11","2","None","None","Off","Off","Off","Off","Normal Encryption","Off","Off","Off","Off","251.1","1","Off","On","Off","Off","Off","Off","1","0","Off","0","2","0","0","0","0","0","0","0","0","0","11"
"728","KBYME ME SW","145.12000","144.52000","D-Digital","High","12.5K","Off","Off","ME Statewide","Group Call","3123","KC1JMH / Brad Brown","Always","Carrier","Off","1","1","1","Off","11","2","None","None","Off","Off","Off","Off","Normal Encryption","Off","Off","Off","Off","251.1","1","Off","On","Off","Off","Off","Off","1","0","Off","0","2","0","0","0","0","0","0","0","0","0","11"
"729","KBYME NE Wide","145.12000","144.52000","D-Digital","High","12.5K","Off","Off","New England-Wide","Group Call","3181","KC1JMH / Brad Brown","Always","Carrier","Off","1","1","1","Off","11","2","None","None","Off","Off","Off","Off","Normal Encryption","Off","Off","Off","Off","251.1","1","Off","On","Off","Off","Off","Off","1","0","Off","0","2","0","0","0","0","0","0","0","0","0","11"
"730","KBYME NETAC1","145.12000","144.52000","D-Digital","High","12.5K","Off","Off","NETAC1","Group Call","8801","KC1JMH / Brad Brown","Always","Carrier","Off","1","1","1","Off","11","1","None","None","Off","Off","Off","Off","Normal Encryption","Off","Off","Off","Off","251.1","1","Off","On","Off","Off","Off","Off","1","0","Off","0","2","0","0","0","0","0","0","0","0","0","11"
"731","KBYME NETAC2","145.12000","144.52000","D-Digital","High","12.5K","Off","Off","NETAC2","Group Call","8802","KC1JMH / Brad Brown","Always","Carrier","Off","1","1","1","Off","11","2","None","None","Off","Off","Off","Off","Normal Encryption","Off","Off","Off","Off","251.1","1","Off","On","Off","Off","Off","Off","1","0","Off","0","2","0","0","0","0","0","0","0","0","0","11"
"732","KBYME NH SW","145.12000","144.52000","D-Digital","High","12.5K","Off","Off","NH Statewide","Group Call","3133","KC1JMH / Brad Brown","Always","Carrier","Off","1","1","1","Off","11","1","None","None","Off","Off","Off","Off","Normal Encryption","Off","Off","Off","Off","251.1","1","Off","On","Off","Off","Off","Off","1","0","Off","0","2","0","0","0","0","0","0","0","0","0","11"
"733","KBYME North Am","145.12000","144.52000","D-Digital","High","12.5K","Off","Off","North America","Group Call","3","KC1JMH / Brad Brown","Always","Carrier","Off","1","1","1","Off","11","1","None","None","Off","Off","Off","Off","Normal Encryption","Off","Off","Off","Off","251.1","1","Off","On","Off","Off","Off","Off","1","0","Off","0","2","0","0","0","0","0","0","0","0","0","11"
"734","KBYME Northeast","145.12000","144.52000","D-Digital","High","12.5K","Off","Off","Northeast","Group Call","3172","KC1JMH / Brad Brown","Always","Carrier","Off","1","1","1","Off","11","1","None","None","Off","Off","Off","Off","Normal Encryption","Off","Off","Off","Off","251.1","1","Off","On","Off","Off","Off","Off","1","0","Off","0","2","0","0","0","0","0","0","0","0","0","11"
"735","KBYME Parrot","145.12000","144.52000","D-Digital","High","12.5K","Off","Off","Parrot","Group Call","9998","KC1JMH / Brad Brown","Always","Carrier","Off","1","1","1","Off","11","1","None","None","Off","Off","Off","Off","Normal Encryption","Off","Off","Off","Off","251.1","1","Off","On","Off","Off","Off","Off","1","0","Off","0","2","0","0","0","0","0","0","0","0","0","11"
"736","KBYME Reg North","145.12000","144.52000","D-Digital","High","12.5K","Off","Off","Region North","Group Call","8","KC1JMH / Brad Brown","Always","Carrier","Off","1","1","1","Off","11","1","None","None","Off","Off","Off","Off","Normal Encryption","Off","Off","Off","Off","251.1","1","Off","On","Off","Off","Off","Off","1","0","Off","0","2","0","0","0","0","0","0","0","0","0","11"
"737","KBYME SKYWARN","145.12000","144.52000","D-Digital","High","12.5K","Off","Off","SKYWARN","Group Call","759","KC1JMH / Brad Brown","Always","Carrier","Off","1","1","1","Off","11","1","None","None","Off","Off","Off","Off","Normal Encryption","Off","Off","Off","Off","251.1","1","Off","On","Off","Off","Off","Off","1","0","Off","0","2","0","0","0","0","0","0","0","0","0","11"
"738","KBYME TAC310","145.12000","144.52000","D-Digital","High","12.5K","Off","Off","TAC310","Group Call","310","KC1JMH / Brad Brown","Always","Carrier","Off","1","1","1","Off","11","1","None","None","Off","Off","Off","Off","Normal Encryption","Off","Off","Off","Off","251.1","1","Off","On","Off","Off","Off","Off","1","0","Off","0","2","0","0","0","0","0","0","0","0","0","11"
"739","KBYME TAC311","145.12000","144.52000","D-Digital","High","12.5K","Off","Off","TAC311","Group Call","311","KC1JMH / Brad Brown","Always","Carrier","Off","1","1","1","Off","11","1","None","None","Off","Off","Off","Off","Normal Encryption","Off","Off","Off","Off","251.1","1","Off","On","Off","Off","Off","Off","1","0","Off","0","2","0","0","0","0","0","0","0","0","0","11"
"740","KBYME UA Eng1","145.12000","144.52000","D-Digital","High","12.5K","Off","Off","UA English 1-113","Group Call","113","KC1JMH / Brad Brown","Always","Carrier","Off","1","1","1","Off","11","1","None","None","Off","Off","Off","Off","Normal Encryption","Off","Off","Off","Off","251.1","1","Off","On","Off","Off","Off","Off","1","0","Off","0","2","0","0","0","0","0","0","0","0","0","11"
"741","KBYME UA Eng2","145.12000","144.52000","D-Digital","High","12.5K","Off","Off","UA English 2-123","Group Call","123","KC1JMH / Brad Brown","Always","Carrier","Off","1","1","1","Off","11","1","None","None","Off","Off","Off","Off","Normal Encryption","Off","Off","Off","Off","251.1","1","Off","On","Off","Off","Off","Off","1","0","Off","0","2","0","0","0","0","0","0","0","0","0","11"
"742","KBYME VT SW","145.12000","144.52000","D-Digital","High","12.5K","Off","Off","VT Statewide","Group Call","3150","KC1JMH / Brad Brown","Always","Carrier","Off","1","1","1","Off","11","1","None","None","Off","Off","Off","Off","Normal Encryption","Off","Off","Off","Off","251.1","1","Off","On","Off","Off","Off","Off","1","0","Off","0","2","0","0","0","0","0","0","0","0","0","11"
"743","KBYME WW","145.12000","144.52000","D-Digital","High","12.5K","Off","Off","WW Call","Group Call","1","KC1JMH / Brad Brown","Always","Carrier","Off","1","1","1","Off","11","1","None","None","Off","Off","Off","Off","Normal Encryption","Off","Off","Off","Off","251.1","1","Off","On","Off","Off","Off","Off","1","0","Off","0","2","0","0","0","0","0","0","0","0","0","11"
"744","KBYME WW Eng","145.12000","144.52000","D-Digital","High","12.5K","Off","Off","WW English","Group Call","13","KC1JMH / Brad Brown","Always","Carrier","Off","1","1","1","Off","11","1","None","None","Off","Off","Off","Off","Normal Encryption","Off","Off","Off","Off","251.1","1","Off","On","Off","Off","Off","Off","1","0","Off","0","2","0","0","0","0","0","0","0","0","0","11"
"745","KNXME Local","145.42000","144.82000","D-Digital","High","12.5K","Off","Off","Local","Group Call","9","KC1JMH / Brad Brown","Always","Carrier","Off","1","1","1","Off","12","2","None","None","Off","Off","Off","Off","Normal Encryption","Off","Off","Off","Off","251.1","1","Off","On","Off","Off","Off","Off","1","0","Off","0","2","0","0","0","0","0","0","0","0","0","12"
"746","KNXME ME Event 1","145.42000","144.82000","D-Digital","High","12.5K","Off","Off","ME Event 1","Group Call","31231","KC1JMH / Brad Brown","Always","Carrier","Off","1","1","1","Off","12","1","None","None","Off","Off","Off","Off","Normal Encryption","Off","Off","Off","Off","251.1","1","Off","On","Off","Off","Off","Off","1","0","Off","0","2","0","0","0","0","0","0","0","0","0","12"
"747","KNXME ME Event 2","145.42000","144.82000","D-Digital","High","12.5K","Off","Off","ME Event 2","Group Call","31232","KC1JMH / Brad Brown","Always","Carrier","Off","1","1","1","Off","12","2","None","None","Off","Off","Off","Off","Normal Encryption","Off","Off","Off","Off","251.1","1","Off","On","Off","Off","Off","Off","1","0","Off","0","2","0","0","0","0","0","0","0","0","0","12"
"748","KNXME ME SW","145.42000","144.82000","D-Digital","High","12.5K","Off","Off","ME Statewide","Group Call","3123","KC1JMH / Brad Brown","Always","Carrier","Off","1","1","1","Off","12","2","None","None","Off","Off","Off","Off","Normal Encryption","Off","Off","Off","Off","251.1","1","Off","On","Off","Off","Off","Off","1","0","Off","0","2","0","0","0","0","0","0","0","0","0","12"
"749","KNXME NE Wide","145.42000","144.82000","D-Digital","High","12.5K","Off","Off","New England-Wide","Group Call","3181","KC1JMH / Brad Brown","Always","Carrier","Off","1","1","1","Off","12","2","None","None","Off","Off","Off","Off","Normal Encryption","Off","Off","Off","Off","251.1","1","Off","On","Off","Off","Off","Off","1","0","Off","0","2","0","0","0","0","0","0","0","0","0","12"
"750","KNXME NETAC1","145.42000","144.82000","D-Digital","High","12.5K","Off","Off","NETAC1","Group Call","8801","KC1JMH / Brad Brown","Always","Carrier","Off","1","1","1","Off","12","1","None","None","Off","Off","Off","Off","Normal Encryption","Off","Off","Off","Off","251.1","1","Off","On","Off","Off","Off","Off","1","0","Off","0","2","0","0","0","0","0","0","0","0","0","12"
"751","KNXME NETAC2","145.42000","144.82000","D-Digital","High","12.5K","Off","Off","NETAC2","Group Call","8802","KC1JMH / Brad Brown","Always","Carrier","Off","1","1","1","Off","12","2","None","None","Off","Off","Off","Off","Normal Encryption","Off","Off","Off","Off","251.1","1","Off","On","Off","Off","Off","Off","1","0","Off","0","2","0","0","0","0","0","0","0","0","0","12"
"752","KNXME NH SW","145.42000","144.82000","D-Digital","High","12.5K","Off","Off","NH Statewide","Group Call","3133","KC1JMH / Brad Brown","Always","Carrier","Off","1","1","1","Off","12","2","None","None","Off","Off","Off","Off","Normal Encryption","Off","Off","Off","Off","251.1","1","Off","On","Off","Off","Off","Off","1","0","Off","0","2","0","0","0","0","0","0","0","0","0","12"
"753","KNXME North Am","145.42000","144.82000","D-Digital","High","12.5K","Off","Off","North America","Group Call","3","KC1JMH / Brad Brown","Always","Carrier","Off","1","1","1","Off","12","1","None","None","Off","Off","Off","Off","Normal Encryption","Off","Off","Off","Off","251.1","1","Off","On","Off","Off","Off","Off","1","0","Off","0","2","0","0","0","0","0","0","0","0","0","12"
"754","KNXME Northeast","145.42000","144.82000","D-Digital","High","12.5K","Off","Off","Northeast","Group Call","3172","KC1JMH / Brad Brown","Always","Carrier","Off","1","1","1","Off","12","1","None","None","Off","Off","Off","Off","Normal Encryption","Off","Off","Off","Off","251.1","1","Off","On","Off","Off","Off","Off","1","0","Off","0","2","0","0","0","0","0","0","0","0","0","12"
"755","KNXME Parrot","145.42000","144.82000","D-Digital","High","12.5K","Off","Off","Parrot","Group Call","9998","KC1JMH / Brad Brown","Always","Carrier","Off","1","1","1","Off","12","1","None","None","Off","Off","Off","Off","Normal Encryption","Off","Off","Off","Off","251.1","1","Off","On","Off","Off","Off","Off","1","0","Off","0","2","0","0","0","0","0","0","0","0","0","12"
"756","KNXME Reg North","145.42000","144.82000","D-Digital","High","12.5K","Off","Off","Region North","Group Call","8","KC1JMH / Brad Brown","Always","Carrier","Off","1","1","1","Off","12","2","None","None","Off","Off","Off","Off","Normal Encryption","Off","Off","Off","Off","251.1","1","Off","On","Off","Off","Off","Off","1","0","Off","0","2","0","0","0","0","0","0","0","0","0","12"
"757","KNXME SKYWARN","145.42000","144.82000","D-Digital","High","12.5K","Off","Off","SKYWARN","Group Call","759","KC1JMH / Brad Brown","Always","Carrier","Off","1","1","1","Off","12","1","None","None","Off","Off","Off","Off","Normal Encryption","Off","Off","Off","Off","251.1","1","Off","On","Off","Off","Off","Off","1","0","Off","0","2","0","0","0","0","0","0","0","0","0","12"
"758","KNXME TAC310","145.42000","144.82000","D-Digital","High","12.5K","Off","Off","TAC310","Group Call","310","KC1JMH / Brad Brown","Always","Carrier","Off","1","1","1","Off","12","1","None","None","Off","Off","Off","Off","Normal Encryption","Off","Off","Off","Off","251.1","1","Off","On","Off","Off","Off","Off","1","0","Off","0","2","0","0","0","0","0","0","0","0","0","12"
"759","KNXME TAC311","145.42000","144.82000","D-Digital","High","12.5K","Off","Off","TAC311","Group Call","311","KC1JMH / Brad Brown","Always","Carrier","Off","1","1","1","Off","12","1","None","None","Off","Off","Off","Off","Normal Encryption","Off","Off","Off","Off","251.1","1","Off","On","Off","Off","Off","Off","1","0","Off","0","2","0","0","0","0","0","0","0","0","0","12"
"760","KNXME UA Eng1","145.42000","144.82000","D-Digital","High","12.5K","Off","Off","UA English 1-113","Group Call","113","KC1JMH / Brad Brown","Always","Carrier","Off","1","1","1","Off","12","1","None","None","Off","Off","Off","Off","Normal Encryption","Off","Off","Off","Off","251.1","1","Off","On","Off","Off","Off","Off","1","0","Off","0","2","0","0","0","0","0","0","0","0","0","12"
"761","KNXME UA Eng2","145.42000","144.82000","D-Digital","High","12.5K","Off","Off","UA English 2-123","Group Call","123","KC1JMH / Brad Brown","Always","Carrier","Off","1","1","1","Off","12","1","None","None","Off","Off","Off","Off","Normal Encryption","Off","Off","Off","Off","251.1","1","Off","On","Off","Off","Off","Off","1","0","Off","0","2","0","0","0","0","0","0","0","0","0","12"
"762","KNXME WW","145.42000","144.82000","D-Digital","High","12.5K","Off","Off","WW Call","Group Call","1","KC1JMH / Brad Brown","Always","Carrier","Off","1","1","1","Off","12","1","None","None","Off","Off","Off","Off","Normal Encryption","Off","Off","Off","Off","251.1","1","Off","On","Off","Off","Off","Off","1","0","Off","0","2","0","0","0","0","0","0","0","0","0","12"
"763","KNXME WW Eng","145.42000","144.82000","D-Digital","High","12.5K","Off","Off","WW English","Group Call","13","KC1JMH / Brad Brown","Always","Carrier","Off","1","1","1","Off","12","1","None","None","Off","Off","Off","Off","Normal Encryption","Off","Off","Off","Off","251.1","1","Off","On","Off","Off","Off","Off","1","0","Off","0","2","0","0","0","0","0","0","0","0","0","12"
"764","LCHME Local","146.70000","146.10000","D-Digital","High","12.5K","Off","Off","Local","Group Call","9","KC1JMH / Brad Brown","Always","Carrier","Off","1","1","1","Off","12","2","None","None","Off","Off","Off","Off","Normal Encryption","Off","Off","Off","Off","251.1","1","Off","On","Off","Off","Off","Off","1","0","Off","0","2","0","0","0","0","0","0","0","0","0","12"
"765","LCHME ME Event 1","146.70000","146.10000","D-Digital","High","12.5K","Off","Off","ME Event 1","Group Call","31231","KC1JMH / Brad Brown","Always","Carrier","Off","1","1","1","Off","12","1","None","None","Off","Off","Off","Off","Normal Encryption","Off","Off","Off","Off","251.1","1","Off","On","Off","Off","Off","Off","1","0","Off","0","2","0","0","0","0","0","0","0","0","0","12"
"766","LCHME ME Event 2","146.70000","146.10000","D-Digital","High","12.5K","Off","Off","ME Event 2","Group Call","31232","KC1JMH / Brad Brown","Always","Carrier","Off","1","1","1","Off","12","2","None","None","Off","Off","Off","Off","Normal Encryption","Off","Off","Off","Off","251.1","1","Off","On","Off","Off","Off","Off","1","0","Off","0","2","0","0","0","0","0","0","0","0","0","12"
"767","LCHME ME SW","146.70000","146.10000","D-Digital","Turbo","12.5K","Off","Off","ME Statewide","Group Call","3123","KC1JMH / Brad Brown","Always","Carrier","Off","1","1","1","Off","12","2","None","None","Off","Off","Off","Off","Normal Encryption","Off","Off","Off","Off","251.1","1","Off","On","Off","Off","Off","Off","1","0","Off","0","2","0","0","0","0","0","0","0","0","0","12"
"768","LCHME NE Wide","146.70000","146.10000","D-Digital","High","12.5K","Off","Off","New England-Wide","Group Call","3181","KC1JMH / Brad Brown","Always","Carrier","Off","1","1","1","Off","12","2","None","None","Off","Off","Off","Off","Normal Encryption","Off","Off","Off","Off","251.1","1","Off","On","Off","Off","Off","Off","1","0","Off","0","2","0","0","0","0","0","0","0","0","0","12"
"769","LCHME NETAC1","146.70000","146.10000","D-Digital","High","12.5K","Off","Off","NETAC1","Group Call","8801","KC1JMH / Brad Brown","Always","Carrier","Off","1","1","1","Off","12","1","None","None","Off","Off","Off","Off","Normal Encryption","Off","Off","Off","Off","251.1","1","Off","On","Off","Off","Off","Off","1","0","Off","0","2","0","0","0","0","0","0","0","0","0","12"
"770","LCHME NETAC2","146.70000","146.10000","D-Digital","High","12.5K","Off","Off","NETAC2","Group Call","8802","KC1JMH / Brad Brown","Always","Carrier","Off","1","1","1","Off","12","2","None","None","Off","Off","Off","Off","Normal Encryption","Off","Off","Off","Off","251.1","1","Off","On","Off","Off","Off","Off","1","0","Off","0","2","0","0","0","0","0","0","0","0","0","12"
"771","LCHME NH SW","146.70000","146.10000","D-Digital","High","12.5K","Off","Off","NH Statewide","Group Call","3133","KC1JMH / Brad Brown","Always","Carrier","Off","1","1","1","Off","12","2","None","None","Off","Off","Off","Off","Normal Encryption","Off","Off","Off","Off","251.1","1","Off","On","Off","Off","Off","Off","1","0","Off","0","2","0","0","0","0","0","0","0","0","0","12"
"772","LCHME North Am","146.70000","146.10000","D-Digital","High","12.5K","Off","Off","North America","Group Call","3","KC1JMH / Brad Brown","Always","Carrier","Off","1","1","1","Off","12","1","None","None","Off","Off","Off","Off","Normal Encryption","Off","Off","Off","Off","251.1","1","Off","On","Off","Off","Off","Off","1","0","Off","0","2","0","0","0","0","0","0","0","0","0","12"
"773","LCHME Northeast","146.70000","146.10000","D-Digital","High","12.5K","Off","Off","Northeast","Group Call","3172","KC1JMH / Brad Brown","Always","Carrier","Off","1","1","1","Off","12","1","None","None","Off","Off","Off","Off","Normal Encryption","Off","Off","Off","Off","251.1","1","Off","On","Off","Off","Off","Off","1","0","Off","0","2","0","0","0","0","0","0","0","0","0","12"
"774","LCHME Parrot","146.70000","146.10000","D-Digital","High","12.5K","Off","Off","Parrot","Group Call","9998","KC1JMH / Brad Brown","Always","Carrier","Off","1","1","1","Off","12","1","None","None","Off","Off","Off","Off","Normal Encryption","Off","Off","Off","Off","251.1","1","Off","On","Off","Off","Off","Off","1","0","Off","0","2","0","0","0","0","0","0","0","0","0","12"
"775","LCHME Reg North","146.70000","146.10000","D-Digital","High","12.5K","Off","Off","Region North","Group Call","8","KC1JMH / Brad Brown","Always","Carrier","Off","1","1","1","Off","12","2","None","None","Off","Off","Off","Off","Normal Encryption","Off","Off","Off","Off","251.1","1","Off","On","Off","Off","Off","Off","1","0","Off","0","2","0","0","0","0","0","0","0","0","0","12"
"776","LCHME SKYWARN","146.70000","146.10000","D-Digital","High","12.5K","Off","Off","SKYWARN","Group Call","759","KC1JMH / Brad Brown","Always","Carrier","Off","1","1","1","Off","12","1","None","None","Off","Off","Off","Off","Normal Encryption","Off","Off","Off","Off","251.1","1","Off","On","Off","Off","Off","Off","1","0","Off","0","2","0","0","0","0","0","0","0","0","0","12"
"777","LCHME TAC310","146.70000","146.10000","D-Digital","High","12.5K","Off","Off","TAC310","Group Call","310","KC1JMH / Brad Brown","Always","Carrier","Off","1","1","1","Off","12","1","None","None","Off","Off","Off","Off","Normal Encryption","Off","Off","Off","Off","251.1","1","Off","On","Off","Off","Off","Off","1","0","Off","0","2","0","0","0","0","0","0","0","0","0","12"
"778","LCHME TAC311","146.70000","146.10000","D-Digital","High","12.5K","Off","Off","TAC311","Group Call","311","KC1JMH / Brad Brown","Always","Carrier","Off","1","1","1","Off","12","1","None","None","Off","Off","Off","Off","Normal Encryption","Off","Off","Off","Off","251.1","1","Off","On","Off","Off","Off","Off","1","0","Off","0","2","0","0","0","0","0","0","0","0","0","12"
"779","LCHME UA Eng1","146.70000","146.10000","D-Digital","High","12.5K","Off","Off","UA English 1-113","Group Call","113","KC1JMH / Brad Brown","Always","Carrier","Off","1","1","1","Off","12","1","None","None","Off","Off","Off","Off","Normal Encryption","Off","Off","Off","Off","251.1","1","Off","On","Off","Off","Off","Off","1","0","Off","0","2","0","0","0","0","0","0","0","0","0","12"
"780","LCHME UA Eng2","146.70000","146.10000","D-Digital","High","12.5K","Off","Off","UA English 2-123","Group Call","123","KC1JMH / Brad Brown","Always","Carrier","Off","1","1","1","Off","12","1","None","None","Off","Off","Off","Off","Normal Encryption","Off","Off","Off","Off","251.1","1","Off","On","Off","Off","Off","Off","1","0","Off","0","2","0","0","0","0","0","0","0","0","0","12"
"781","LCHME WW","146.70000","146.10000","D-Digital","High","12.5K","Off","Off","WW Call","Group Call","1","KC1JMH / Brad Brown","Always","Carrier","Off","1","1","1","Off","12","1","None","None","Off","Off","Off","Off","Normal Encryption","Off","Off","Off","Off","251.1","1","Off","On","Off","Off","Off","Off","1","0","Off","0","2","0","0","0","0","0","0","0","0","0","12"
"782","LCHME WW Eng","146.70000","146.10000","D-Digital","High","12.5K","Off","Off","WW English","Group Call","13","KC1JMH / Brad Brown","Always","Carrier","Off","1","1","1","Off","12","1","None","None","Off","Off","Off","Off","Normal Encryption","Off","Off","Off","Off","251.1","1","Off","On","Off","Off","Off","Off","1","0","Off","0","2","0","0","0","0","0","0","0","0","0","12"
"783","LNCME Local","145.35000","144.75000","D-Digital","High","12.5K","Off","Off","Local","Group Call","9","KC1JMH / Brad Brown","Always","Carrier","Off","1","1","1","Off","12","2","None","None","Off","Off","Off","Off","Normal Encryption","Off","Off","Off","Off","251.1","1","Off","On","Off","Off","Off","Off","1","0","Off","0","2","0","0","0","0","0","0","0","0","0","12"
"784","LNCME ME Event 1","145.35000","144.75000","D-Digital","High","12.5K","Off","Off","ME Event 1","Group Call","31231","KC1JMH / Brad Brown","Always","Carrier","Off","1","1","1","Off","12","1","None","None","Off","Off","Off","Off","Normal Encryption","Off","Off","Off","Off","251.1","1","Off","On","Off","Off","Off","Off","1","0","Off","0","2","0","0","0","0","0","0","0","0","0","12"
"785","LNCME ME Event 2","145.35000","144.75000","D-Digital","High","12.5K","Off","Off","ME Event 2","Group Call","31232","KC1JMH / Brad Brown","Always","Carrier","Off","1","1","1","Off","12","2","None","None","Off","Off","Off","Off","Normal Encryption","Off","Off","Off","Off","251.1","1","Off","On","Off","Off","Off","Off","1","0","Off","0","2","0","0","0","0","0","0","0","0","0","12"
"786","LNCME ME SW","145.35000","144.75000","D-Digital","High","12.5K","Off","Off","ME Statewide","Group Call","3123","KC1JMH / Brad Brown","Always","Carrier","Off","1","1","1","Off","12","2","None","None","Off","Off","Off","Off","Normal Encryption","Off","Off","Off","Off","251.1","1","Off","On","Off","Off","Off","Off","1","0","Off","0","2","0","0","0","0","0","0","0","0","0","12"
"787","LNCME NE Wide","145.35000","144.75000","D-Digital","High","12.5K","Off","Off","New England-Wide","Group Call","3181","KC1JMH / Brad Brown","Always","Carrier","Off","1","1","1","Off","12","2","None","None","Off","Off","Off","Off","Normal Encryption","Off","Off","Off","Off","251.1","1","Off","On","Off","Off","Off","Off","1","0","Off","0","2","0","0","0","0","0","0","0","0","0","12"
"788","LNCME NETAC1","145.35000","144.75000","D-Digital","High","12.5K","Off","Off","NETAC1","Group Call","8801","KC1JMH / Brad Brown","Always","Carrier","Off","1","1","1","Off","12","1","None","None","Off","Off","Off","Off","Normal Encryption","Off","Off","Off","Off","251.1","1","Off","On","Off","Off","Off","Off","1","0","Off","0","2","0","0","0","0","0","0","0","0","0","12"
"789","LNCME NETAC2","145.35000","144.75000","D-Digital","High","12.5K","Off","Off","NETAC2","Group Call","8802","KC1JMH / Brad Brown","Always","Carrier","Off","1","1","1","Off","12","2","None","None","Off","Off","Off","Off","Normal Encryption","Off","Off","Off","Off","251.1","1","Off","On","Off","Off","Off","Off","1","0","Off","0","2","0","0","0","0","0","0","0","0","0","12"
"790","LNCME NEWBRNSWCK","145.35000","144.75000","D-Digital","High","12.5K","Off","Off","New Brunswick","Group Call","3029","KC1JMH / Brad Brown","Always","Carrier","Off","1","1","1","Off","12","2","None","None","Off","Off","Off","Off","Normal Encryption","Off","Off","Off","Off","251.1","1","Off","On","Off","Off","Off","Off","1","0","Off","0","2","0","0","0","0","0","0","0","0","0","12"
"791","LNCME NH SW","145.35000","144.75000","D-Digital","High","12.5K","Off","Off","NH Statewide","Group Call","3133","KC1JMH / Brad Brown","Always","Carrier","Off","1","1","1","Off","12","2","None","None","Off","Off","Off","Off","Normal Encryption","Off","Off","Off","Off","251.1","1","Off","On","Off","Off","Off","Off","1","0","Off","0","2","0","0","0","0","0","0","0","0","0","12"
"792","LNCME North Am","145.35000","144.75000","D-Digital","High","12.5K","Off","Off","North America","Group Call","3","KC1JMH / Brad Brown","Always","Carrier","Off","1","1","1","Off","12","1","None","None","Off","Off","Off","Off","Normal Encryption","Off","Off","Off","Off","251.1","1","Off","On","Off","Off","Off","Off","1","0","Off","0","2","0","0","0","0","0","0","0","0","0","12"
"793","LNCME Northeast","145.35000","144.75000","D-Digital","High","12.5K","Off","Off","Northeast","Group Call","3172","KC1JMH / Brad Brown","Always","Carrier","Off","1","1","1","Off","12","1","None","None","Off","Off","Off","Off","Normal Encryption","Off","Off","Off","Off","251.1","1","Off","On","Off","Off","Off","Off","1","0","Off","0","2","0","0","0","0","0","0","0","0","0","12"
"794","LNCME Parrot","145.35000","144.75000","D-Digital","High","12.5K","Off","Off","Parrot","Group Call","9998","KC1JMH / Brad Brown","Always","Carrier","Off","1","1","1","Off","12","1","None","None","Off","Off","Off","Off","Normal Encryption","Off","Off","Off","Off","251.1","1","Off","On","Off","Off","Off","Off","1","0","Off","0","2","0","0","0","0","0","0","0","0","0","12"
"795","LNCME Reg North","145.35000","144.75000","D-Digital","High","12.5K","Off","Off","Region North","Group Call","8","KC1JMH / Brad Brown","Always","Carrier","Off","1","1","1","Off","12","2","None","None","Off","Off","Off","Off","Normal Encryption","Off","Off","Off","Off","251.1","1","Off","On","Off","Off","Off","Off","1","0","Off","0","2","0","0","0","0","0","0","0","0","0","12"
"796","LNCME SKYWARN","145.35000","144.75000","D-Digital","High","12.5K","Off","Off","SKYWARN","Group Call","759","KC1JMH / Brad Brown","Always","Carrier","Off","1","1","1","Off","12","1","None","None","Off","Off","Off","Off","Normal Encryption","Off","Off","Off","Off","251.1","1","Off","On","Off","Off","Off","Off","1","0","Off","0","2","0","0","0","0","0","0","0","0","0","12"
"797","LNCME TAC310","145.35000","144.75000","D-Digital","High","12.5K","Off","Off","TAC310","Group Call","310","KC1JMH / Brad Brown","Always","Carrier","Off","1","1","1","Off","12","1","None","None","Off","Off","Off","Off","Normal Encryption","Off","Off","Off","Off","251.1","1","Off","On","Off","Off","Off","Off","1","0","Off","0","2","0","0","0","0","0","0","0","0","0","12"
"798","LNCME TAC311","145.35000","144.75000","D-Digital","High","12.5K","Off","Off","TAC311","Group Call","311","KC1JMH / Brad Brown","Always","Carrier","Off","1","1","1","Off","12","1","None","None","Off","Off","Off","Off","Normal Encryption","Off","Off","Off","Off","251.1","1","Off","On","Off","Off","Off","Off","1","0","Off","0","2","0","0","0","0","0","0","0","0","0","12"
"799","LNCME UA Eng1","145.35000","144.75000","D-Digital","High","12.5K","Off","Off","UA English 1-113","Group Call","113","KC1JMH / Brad Brown","Always","Carrier","Off","1","1","1","Off","12","1","None","None","Off","Off","Off","Off","Normal Encryption","Off","Off","Off","Off","251.1","1","Off","On","Off","Off","Off","Off","1","0","Off","0","2","0","0","0","0","0","0","0","0","0","12"
"800","LNCME UA Eng2","145.35000","144.75000","D-Digital","High","12.5K","Off","Off","UA English 2-123","Group Call","123","KC1JMH / Brad Brown","Always","Carrier","Off","1","1","1","Off","12","1","None","None","Off","Off","Off","Off","Normal Encryption","Off","Off","Off","Off","251.1","1","Off","On","Off","Off","Off","Off","1","0","Off","0","2","0","0","0","0","0","0","0","0","0","12"
"801","LNCME WW","145.35000","144.75000","D-Digital","High","12.5K","Off","Off","WW Call","Group Call","1","KC1JMH / Brad Brown","Always","Carrier","Off","1","1","1","Off","12","1","None","None","Off","Off","Off","Off","Normal Encryption","Off","Off","Off","Off","251.1","1","Off","On","Off","Off","Off","Off","1","0","Off","0","2","0","0","0","0","0","0","0","0","0","12"
"802","LNCME WW Eng","145.35000","144.75000","D-Digital","High","12.5K","Off","Off","WW English","Group Call","13","KC1JMH / Brad Brown","Always","Carrier","Off","1","1","1","Off","12","1","None","None","Off","Off","Off","Off","Normal Encryption","Off","Off","Off","Off","251.1","1","Off","On","Off","Off","Off","Off","1","0","Off","0","2","0","0","0","0","0","0","0","0","0","12"
"803","NSHME Local","145.14000","144.54000","D-Digital","High","12.5K","Off","Off","Local","Group Call","9","KC1JMH / Brad Brown","Always","Carrier","Off","1","1","1","Off","11","2","None","None","Off","Off","Off","Off","Normal Encryption","Off","Off","Off","Off","251.1","1","Off","On","Off","Off","Off","Off","1","0","Off","0","2","0","0","0","0","0","0","0","0","0","11"
"804","NSHME ME Event 1","145.14000","144.54000","D-Digital","High","12.5K","Off","Off","ME Event 1","Group Call","31231","KC1JMH / Brad Brown","Always","Carrier","Off","1","1","1","Off","11","1","None","None","Off","Off","Off","Off","Normal Encryption","Off","Off","Off","Off","251.1","1","Off","On","Off","Off","Off","Off","1","0","Off","0","2","0","0","0","0","0","0","0","0","0","11"
"805","NSHME ME Event 2","145.14000","144.54000","D-Digital","High","12.5K","Off","Off","ME Event 2","Group Call","31232","KC1JMH / Brad Brown","Always","Carrier","Off","1","1","1","Off","11","2","None","None","Off","Off","Off","Off","Normal Encryption","Off","Off","Off","Off","251.1","1","Off","On","Off","Off","Off","Off","1","0","Off","0","2","0","0","0","0","0","0","0","0","0","11"
"806","NSHME ME SW","145.14000","144.54000","D-Digital","High","12.5K","Off","Off","ME Statewide","Group Call","3123","KC1JMH / Brad Brown","Always","Carrier","Off","1","1","1","Off","11","2","None","None","Off","Off","Off","Off","Normal Encryption","Off","Off","Off","Off","251.1","1","Off","On","Off","Off","Off","Off","1","0","Off","0","2","0","0","0","0","0","0","0","0","0","11"
"807","NSHME NE Wide","145.14000","144.54000","D-Digital","High","12.5K","Off","Off","New England-Wide","Group Call","3181","KC1JMH / Brad Brown","Always","Carrier","Off","1","1","1","Off","11","2","None","None","Off","Off","Off","Off","Normal Encryption","Off","Off","Off","Off","251.1","1","Off","On","Off","Off","Off","Off","1","0","Off","0","2","0","0","0","0","0","0","0","0","0","11"
"808","NSHME NETAC1","145.14000","144.54000","D-Digital","High","12.5K","Off","Off","NETAC1","Group Call","8801","KC1JMH / Brad Brown","Always","Carrier","Off","1","1","1","Off","11","1","None","None","Off","Off","Off","Off","Normal Encryption","Off","Off","Off","Off","251.1","1","Off","On","Off","Off","Off","Off","1","0","Off","0","2","0","0","0","0","0","0","0","0","0","11"
"809","NSHME NETAC2","145.14000","144.54000","D-Digital","High","12.5K","Off","Off","NETAC2","Group Call","8802","KC1JMH / Brad Brown","Always","Carrier","Off","1","1","1","Off","11","2","None","None","Off","Off","Off","Off","Normal Encryption","Off","Off","Off","Off","251.1","1","Off","On","Off","Off","Off","Off","1","0","Off","0","2","0","0","0","0","0","0","0","0","0","11"
"810","NSHME NH SW","145.14000","144.54000","D-Digital","High","12.5K","Off","Off","NH Statewide","Group Call","3133","KC1JMH / Brad Brown","Always","Carrier","Off","1","1","1","Off","11","2","None","None","Off","Off","Off","Off","Normal Encryption","Off","Off","Off","Off","251.1","1","Off","On","Off","Off","Off","Off","1","0","Off","0","2","0","0","0","0","0","0","0","0","0","11"
"811","NSHME North Am","145.14000","144.54000","D-Digital","High","12.5K","Off","Off","North America","Group Call","3","KC1JMH / Brad Brown","Always","Carrier","Off","1","1","1","Off","11","1","None","None","Off","Off","Off","Off","Normal Encryption","Off","Off","Off","Off","251.1","1","Off","On","Off","Off","Off","Off","1","0","Off","0","2","0","0","0","0","0","0","0","0","0","11"
"812","NSHME Northeast","145.14000","144.54000","D-Digital","High","12.5K","Off","Off","Northeast","Group Call","3172","KC1JMH / Brad Brown","Always","Carrier","Off","1","1","1","Off","11","1","None","None","Off","Off","Off","Off","Normal Encryption","Off","Off","Off","Off","251.1","1","Off","On","Off","Off","Off","Off","1","0","Off","0","2","0","0","0","0","0","0","0","0","0","11"
"813","NSHME Parrot","145.14000","144.54000","D-Digital","High","12.5K","Off","Off","Parrot","Group Call","9998","KC1JMH / Brad Brown","Always","Carrier","Off","1","1","1","Off","11","1","None","None","Off","Off","Off","Off","Normal Encryption","Off","Off","Off","Off","251.1","1","Off","On","Off","Off","Off","Off","1","0","Off","0","2","0","0","0","0","0","0","0","0","0","11"
"814","NSHME Reg North","145.14000","144.54000","D-Digital","High","12.5K","Off","Off","Region North","Group Call","8","KC1JMH / Brad Brown","Always","Carrier","Off","1","1","1","Off","11","2","None","None","Off","Off","Off","Off","Normal Encryption","Off","Off","Off","Off","251.1","1","Off","On","Off","Off","Off","Off","1","0","Off","0","2","0","0","0","0","0","0","0","0","0","11"
"815","NSHME SKYWARN","145.14000","144.54000","D-Digital","High","12.5K","Off","Off","SKYWARN","Group Call","759","KC1JMH / Brad Brown","Always","Carrier","Off","1","1","1","Off","11","1","None","None","Off","Off","Off","Off","Normal Encryption","Off","Off","Off","Off","251.1","1","Off","On","Off","Off","Off","Off","1","0","Off","0","2","0","0","0","0","0","0","0","0","0","11"
"816","NSHME TAC310","145.14000","144.54000","D-Digital","High","12.5K","Off","Off","TAC310","Group Call","310","KC1JMH / Brad Brown","Always","Carrier","Off","1","1","1","Off","11","1","None","None","Off","Off","Off","Off","Normal Encryption","Off","Off","Off","Off","251.1","1","Off","On","Off","Off","Off","Off","1","0","Off","0","2","0","0","0","0","0","0","0","0","0","11"
"817","NSHME TAC311","145.14000","144.54000","D-Digital","High","12.5K","Off","Off","TAC311","Group Call","311","KC1JMH / Brad Brown","Always","Carrier","Off","1","1","1","Off","11","1","None","None","Off","Off","Off","Off","Normal Encryption","Off","Off","Off","Off","251.1","1","Off","On","Off","Off","Off","Off","1","0","Off","0","2","0","0","0","0","0","0","0","0","0","11"
"818","NSHME UA Eng1","145.14000","144.54000","D-Digital","High","12.5K","Off","Off","UA English 1-113","Group Call","113","KC1JMH / Brad Brown","Always","Carrier","Off","1","1","1","Off","11","1","None","None","Off","Off","Off","Off","Normal Encryption","Off","Off","Off","Off","251.1","1","Off","On","Off","Off","Off","Off","1","0","Off","0","2","0","0","0","0","0","0","0","0","0","11"
"819","NSHME UA Eng2","145.14000","144.54000","D-Digital","High","12.5K","Off","Off","UA English 2-123","Group Call","123","KC1JMH / Brad Brown","Always","Carrier","Off","1","1","1","Off","11","1","None","None","Off","Off","Off","Off","Normal Encryption","Off","Off","Off","Off","251.1","1","Off","On","Off","Off","Off","Off","1","0","Off","0","2","0","0","0","0","0","0","0","0","0","11"
"820","NSHME WW","145.14000","144.54000","D-Digital","High","12.5K","Off","Off","WW Call","Group Call","1","KC1JMH / Brad Brown","Always","Carrier","Off","1","1","1","Off","11","1","None","None","Off","Off","Off","Off","Normal Encryption","Off","Off","Off","Off","251.1","1","Off","On","Off","Off","Off","Off","1","0","Off","0","2","0","0","0","0","0","0","0","0","0","11"
"821","NSHME WW Eng","145.14000","144.54000","D-Digital","High","12.5K","Off","Off","WW English","Group Call","13","KC1JMH / Brad Brown","Always","Carrier","Off","1","1","1","Off","11","1","None","None","Off","Off","Off","Off","Normal Encryption","Off","Off","Off","Off","251.1","1","Off","On","Off","Off","Off","Off","1","0","Off","0","2","0","0","0","0","0","0","0","0","0","11"
"822","PQIME Local","145.18000","144.58000","D-Digital","High","12.5K","Off","Off","Local","Group Call","9","KC1JMH / Brad Brown","Always","Carrier","Off","1","1","1","Off","12","2","None","None","Off","Off","Off","Off","Normal Encryption","Off","Off","Off","Off","251.1","1","Off","On","Off","Off","Off","Off","1","0","Off","0","2","0","0","0","0","0","0","0","0","0","12"
"823","PQIME ME Event 1","145.18000","144.58000","D-Digital","High","12.5K","Off","Off","ME Event 1","Group Call","31231","KC1JMH / Brad Brown","Always","Carrier","Off","1","1","1","Off","12","1","None","None","Off","Off","Off","Off","Normal Encryption","Off","Off","Off","Off","251.1","1","Off","On","Off","Off","Off","Off","1","0","Off","0","2","0","0","0","0","0","0","0","0","0","12"
"824","PQIME ME Event 2","145.18000","144.58000","D-Digital","High","12.5K","Off","Off","ME Event 2","Group Call","31232","KC1JMH / Brad Brown","Always","Carrier","Off","1","1","1","Off","12","2","None","None","Off","Off","Off","Off","Normal Encryption","Off","Off","Off","Off","251.1","1","Off","On","Off","Off","Off","Off","1","0","Off","0","2","0","0","0","0","0","0","0","0","0","12"
"825","PQIME ME SW","145.18000","144.58000","D-Digital","High","12.5K","Off","Off","ME Statewide","Group Call","3123","KC1JMH / Brad Brown","Always","Carrier","Off","1","1","1","Off","12","2","None","None","Off","Off","Off","Off","Normal Encryption","Off","Off","Off","Off","251.1","1","Off","On","Off","Off","Off","Off","1","0","Off","0","2","0","0","0","0","0","0","0","0","0","12"
"826","PQIME NE Wide","145.18000","144.58000","D-Digital","High","12.5K","Off","Off","New England-Wide","Group Call","3181","KC1JMH / Brad Brown","Always","Carrier","Off","1","1","1","Off","12","2","None","None","Off","Off","Off","Off","Normal Encryption","Off","Off","Off","Off","251.1","1","Off","On","Off","Off","Off","Off","1","0","Off","0","2","0","0","0","0","0","0","0","0","0","12"
"827","PQIME NETAC1","145.18000","144.58000","D-Digital","High","12.5K","Off","Off","NETAC1","Group Call","8801","KC1JMH / Brad Brown","Always","Carrier","Off","1","1","1","Off","12","1","None","None","Off","Off","Off","Off","Normal Encryption","Off","Off","Off","Off","251.1","1","Off","On","Off","Off","Off","Off","1","0","Off","0","2","0","0","0","0","0","0","0","0","0","12"
"828","PQIME NETAC2","145.18000","144.58000","D-Digital","High","12.5K","Off","Off","NETAC2","Group Call","8802","KC1JMH / Brad Brown","Always","Carrier","Off","1","1","1","Off","12","2","None","None","Off","Off","Off","Off","Normal Encryption","Off","Off","Off","Off","251.1","1","Off","On","Off","Off","Off","Off","1","0","Off","0","2","0","0","0","0","0","0","0","0","0","12"
"829","PQIME NEWBRNSWCK","145.18000","144.58000","D-Digital","High","12.5K","Off","Off","New Brunswick","Group Call","3029","KC1JMH / Brad Brown","Always","Carrier","Off","1","1","1","Off","12","2","None","None","Off","Off","Off","Off","Normal Encryption","Off","Off","Off","Off","251.1","1","Off","On","Off","Off","Off","Off","1","0","Off","0","2","0","0","0","0","0","0","0","0","0","12"
"830","PQIME NH SW","145.18000","144.58000","D-Digital","High","12.5K","Off","Off","NH Statewide","Group Call","3133","KC1JMH / Brad Brown","Always","Carrier","Off","1","1","1","Off","12","2","None","None","Off","Off","Off","Off","Normal Encryption","Off","Off","Off","Off","251.1","1","Off","On","Off","Off","Off","Off","1","0","Off","0","2","0","0","0","0","0","0","0","0","0","12"
"831","PQIME North Am","145.18000","144.58000","D-Digital","High","12.5K","Off","Off","North America","Group Call","3","KC1JMH / Brad Brown","Always","Carrier","Off","1","1","1","Off","12","1","None","None","Off","Off","Off","Off","Normal Encryption","Off","Off","Off","Off","251.1","1","Off","On","Off","Off","Off","Off","1","0","Off","0","2","0","0","0","0","0","0","0","0","0","12"
"832","PQIME Northeast","145.18000","144.58000","D-Digital","High","12.5K","Off","Off","Northeast","Group Call","3172","KC1JMH / Brad Brown","Always","Carrier","Off","1","1","1","Off","12","1","None","None","Off","Off","Off","Off","Normal Encryption","Off","Off","Off","Off","251.1","1","Off","On","Off","Off","Off","Off","1","0","Off","0","2","0","0","0","0","0","0","0","0","0","12"
"833","PQIME Parrot","145.18000","144.58000","D-Digital","High","12.5K","Off","Off","Parrot","Group Call","9998","KC1JMH / Brad Brown","Always","Carrier","Off","1","1","1","Off","12","1","None","None","Off","Off","Off","Off","Normal Encryption","Off","Off","Off","Off","251.1","1","Off","On","Off","Off","Off","Off","1","0","Off","0","2","0","0","0","0","0","0","0","0","0","12"
"834","PQIME Reg North","145.18000","144.58000","D-Digital","High","12.5K","Off","Off","Region North","Group Call","8","KC1JMH / Brad Brown","Always","Carrier","Off","1","1","1","Off","12","2","None","None","Off","Off","Off","Off","Normal Encryption","Off","Off","Off","Off","251.1","1","Off","On","Off","Off","Off","Off","1","0","Off","0","2","0","0","0","0","0","0","0","0","0","12"
"835","PQIME SKYWARN","145.18000","144.58000","D-Digital","High","12.5K","Off","Off","SKYWARN","Group Call","759","KC1JMH / Brad Brown","Always","Carrier","Off","1","1","1","Off","12","1","None","None","Off","Off","Off","Off","Normal Encryption","Off","Off","Off","Off","251.1","1","Off","On","Off","Off","Off","Off","1","0","Off","0","2","0","0","0","0","0","0","0","0","0","12"
"836","PQIME TAC310","145.18000","144.58000","D-Digital","High","12.5K","Off","Off","TAC310","Group Call","310","KC1JMH / Brad Brown","Always","Carrier","Off","1","1","1","Off","12","1","None","None","Off","Off","Off","Off","Normal Encryption","Off","Off","Off","Off","251.1","1","Off","On","Off","Off","Off","Off","1","0","Off","0","2","0","0","0","0","0","0","0","0","0","12"
"837","PQIME TAC311","145.18000","144.58000","D-Digital","High","12.5K","Off","Off","TAC311","Group Call","311","KC1JMH / Brad Brown","Always","Carrier","Off","1","1","1","Off","12","1","None","None","Off","Off","Off","Off","Normal Encryption","Off","Off","Off","Off","251.1","1","Off","On","Off","Off","Off","Off","1","0","Off","0","2","0","0","0","0","0","0","0","0","0","12"
"838","PQIME UA Eng1","145.18000","144.58000","D-Digital","High","12.5K","Off","Off","UA English 1-113","Group Call","113","KC1JMH / Brad Brown","Always","Carrier","Off","1","1","1","Off","12","1","None","None","Off","Off","Off","Off","Normal Encryption","Off","Off","Off","Off","251.1","1","Off","On","Off","Off","Off","Off","1","0","Off","0","2","0","0","0","0","0","0","0","0","0","12"
"839","PQIME UA Eng2","145.18000","144.58000","D-Digital","High","12.5K","Off","Off","UA English 2-123","Group Call","123","KC1JMH / Brad Brown","Always","Carrier","Off","1","1","1","Off","12","1","None","None","Off","Off","Off","Off","Normal Encryption","Off","Off","Off","Off","251.1","1","Off","On","Off","Off","Off","Off","1","0","Off","0","2","0","0","0","0","0","0","0","0","0","12"
"840","PQIME WW","145.18000","144.58000","D-Digital","High","12.5K","Off","Off","WW Call","Group Call","1","KC1JMH / Brad Brown","Always","Carrier","Off","1","1","1","Off","12","1","None","None","Off","Off","Off","Off","Normal Encryption","Off","Off","Off","Off","251.1","1","Off","On","Off","Off","Off","Off","1","0","Off","0","2","0","0","0","0","0","0","0","0","0","12"
"841","PQIME WW Eng","145.18000","144.58000","D-Digital","High","12.5K","Off","Off","WW English","Group Call","13","KC1JMH / Brad Brown","Always","Carrier","Off","1","1","1","Off","12","1","None","None","Off","Off","Off","Off","Normal Encryption","Off","Off","Off","Off","251.1","1","Off","On","Off","Off","Off","Off","1","0","Off","0","2","0","0","0","0","0","0","0","0","0","12"
"842","PRUME CT SW","145.19000","144.59000","D-Digital","Turbo","12.5K","Off","Off","CT Statewide","Group Call","3109","KC1JMH / Brad Brown","Always","Carrier","Off","1","1","1","Off","13","1","None","None","Off","Off","Off","Off","Normal Encryption","Off","Off","Off","Off","251.1","1","Off","Off","Off","Off","Off","Off","1","0","Off","0","2","0","0","0","0","0","0","0","0","0","13"
"843","PRUME Local","145.19000","144.59000","D-Digital","Turbo","12.5K","Off","Off","Local","Group Call","9","KC1JMH / Brad Brown","Always","Carrier","Off","1","1","1","Off","13","2","None","None","Off","Off","Off","Off","Normal Encryption","Off","Off","Off","Off","251.1","1","Off","Off","Off","Off","Off","Off","1","0","Off","0","2","0","0","0","0","0","0","0","0","0","13"
"844","PRUME MA SW","145.19000","144.59000","D-Digital","Turbo","12.5K","Off","Off","MA Statewide","Group Call","3125","KC1JMH / Brad Brown","Always","Carrier","Off","1","1","1","Off","13","1","None","None","Off","Off","Off","Off","Normal Encryption","Off","Off","Off","Off","251.1","1","Off","Off","Off","Off","Off","Off","1","0","Off","0","2","0","0","0","0","0","0","0","0","0","13"
"845","PRUME ME Event 1","145.19000","144.59000","D-Digital","Turbo","12.5K","Off","Off","ME Event 1","Group Call","31231","KC1JMH / Brad Brown","Always","Carrier","Off","1","1","1","Off","13","1","None","None","Off","Off","Off","Off","Normal Encryption","Off","Off","Off","Off","251.1","1","Off","Off","Off","Off","Off","Off","1","0","Off","0","2","0","0","0","0","0","0","0","0","0","13"
"846","PRUME ME Event 2","145.19000","144.59000","D-Digital","Turbo","12.5K","Off","Off","ME Event 2","Group Call","31232","KC1JMH / Brad Brown","Always","Carrier","Off","1","1","1","Off","13","2","None","None","Off","Off","Off","Off","Normal Encryption","Off","Off","Off","Off","251.1","1","Off","Off","Off","Off","Off","Off","1","0","Off","0","2","0","0","0","0","0","0","0","0","0","13"
"847","PRUME ME SW","145.19000","144.59000","D-Digital","Turbo","12.5K","Off","Off","ME Statewide","Group Call","3123","KC1JMH / Brad Brown","Always","Carrier","Off","1","1","1","Off","13","2","None","None","Off","Off","Off","Off","Normal Encryption","Off","Off","Off","Off","251.1","1","Off","Off","Off","Off","Off","Off","1","0","Off","0","2","0","0","0","0","0","0","0","0","0","13"
"848","PRUME NE Wide","145.19000","144.59000","D-Digital","Turbo","12.5K","Off","Off","New England-Wide","Group Call","3181","KC1JMH / Brad Brown","Always","Carrier","Off","1","1","1","Off","13","2","None","None","Off","Off","Off","Off","Normal Encryption","Off","Off","Off","Off","251.1","1","Off","Off","Off","Off","Off","Off","1","0","Off","0","2","0","0","0","0","0","0","0","0","0","13"
"849","PRUME NETAC1","145.19000","144.59000","D-Digital","Turbo","12.5K","Off","Off","NETAC1","Group Call","8801","KC1JMH / Brad Brown","Always","Carrier","Off","1","1","1","Off","13","1","None","None","Off","Off","Off","Off","Normal Encryption","Off","Off","Off","Off","251.1","1","Off","Off","Off","Off","Off","Off","1","0","Off","0","2","0","0","0","0","0","0","0","0","0","13"
"850","PRUME NETAC2","145.19000","144.59000","D-Digital","Turbo","12.5K","Off","Off","NETAC2","Group Call","8802","KC1JMH / Brad Brown","Always","Carrier","Off","1","1","1","Off","13","2","None","None","Off","Off","Off","Off","Normal Encryption","Off","Off","Off","Off","251.1","1","Off","Off","Off","Off","Off","Off","1","0","Off","0","2","0","0","0","0","0","0","0","0","0","13"
"851","PRUME NH SW","145.19000","144.59000","D-Digital","Turbo","12.5K","Off","Off","NH Statewide","Group Call","3133","KC1JMH / Brad Brown","Always","Carrier","Off","1","1","1","Off","13","1","None","None","Off","Off","Off","Off","Normal Encryption","Off","Off","Off","Off","251.1","1","Off","Off","Off","Off","Off","Off","1","0","Off","0","2","0","0","0","0","0","0","0","0","0","13"
"852","PRUME North Am","145.19000","144.59000","D-Digital","Turbo","12.5K","Off","Off","North America","Group Call","3","KC1JMH / Brad Brown","Always","Carrier","Off","1","1","1","Off","13","1","None","None","Off","Off","Off","Off","Normal Encryption","Off","Off","Off","Off","251.1","1","Off","Off","Off","Off","Off","Off","1","0","Off","0","2","0","0","0","0","0","0","0","0","0","13"
"853","PRUME Northeast","145.19000","144.59000","D-Digital","Turbo","12.5K","Off","Off","Northeast","Group Call","3172","KC1JMH / Brad Brown","Always","Carrier","Off","1","1","1","Off","13","1","None","None","Off","Off","Off","Off","Normal Encryption","Off","Off","Off","Off","251.1","1","Off","Off","Off","Off","Off","Off","1","0","Off","0","2","0","0","0","0","0","0","0","0","0","13"
"854","PRUME Parrot","145.19000","144.59000","D-Digital","Turbo","12.5K","Off","Off","Parrot","Group Call","9998","KC1JMH / Brad Brown","Always","Carrier","Off","1","1","1","Off","13","1","None","None","Off","Off","Off","Off","Normal Encryption","Off","Off","Off","Off","251.1","1","Off","Off","Off","Off","Off","Off","1","0","Off","0","2","0","0","0","0","0","0","0","0","0","13"
"855","PRUME RI SW","145.19000","144.59000","D-Digital","Turbo","12.5K","Off","Off","RI Statewide","Group Call","3144","KC1JMH / Brad Brown","Always","Carrier","Off","1","1","1","Off","13","1","None","None","Off","Off","Off","Off","Normal Encryption","Off","Off","Off","Off","251.1","1","Off","Off","Off","Off","Off","Off","1","0","Off","0","2","0","0","0","0","0","0","0","0","0","13"
"856","PRUME SKYWARN","145.19000","144.59000","D-Digital","Turbo","12.5K","Off","Off","SKYWARN","Group Call","759","KC1JMH / Brad Brown","Always","Carrier","Off","1","1","1","Off","13","1","None","None","Off","Off","Off","Off","Normal Encryption","Off","Off","Off","Off","251.1","1","Off","Off","Off","Off","Off","Off","1","0","Off","0","2","0","0","0","0","0","0","0","0","0","13"
"857","PRUME TAC310","145.19000","144.59000","D-Digital","Turbo","12.5K","Off","Off","TAC310","Group Call","310","KC1JMH / Brad Brown","Always","Carrier","Off","1","1","1","Off","13","1","None","None","Off","Off","Off","Off","Normal Encryption","Off","Off","Off","Off","251.1","1","Off","Off","Off","Off","Off","Off","1","0","Off","0","2","0","0","0","0","0","0","0","0","0","13"
"858","PRUME TAC311","145.19000","144.59000","D-Digital","Turbo","12.5K","Off","Off","TAC311","Group Call","311","KC1JMH / Brad Brown","Always","Carrier","Off","1","1","1","Off","13","1","None","None","Off","Off","Off","Off","Normal Encryption","Off","Off","Off","Off","251.1","1","Off","Off","Off","Off","Off","Off","1","0","Off","0","2","0","0","0","0","0","0","0","0","0","13"
"859","PRUME VT SW","145.19000","144.59000","D-Digital","Turbo","12.5K","Off","Off","VT Statewide","Group Call","3150","KC1JMH / Brad Brown","Always","Carrier","Off","1","1","1","Off","13","1","None","None","Off","Off","Off","Off","Normal Encryption","Off","Off","Off","Off","251.1","1","Off","Off","Off","Off","Off","Off","1","0","Off","0","2","0","0","0","0","0","0","0","0","0","13"
"860","PRUME WW","145.19000","144.59000","D-Digital","Turbo","12.5K","Off","Off","WW Call","Group Call","1","KC1JMH / Brad Brown","Always","Carrier","Off","1","1","1","Off","13","1","None","None","Off","Off","Off","Off","Normal Encryption","Off","Off","Off","Off","251.1","1","Off","Off","Off","Off","Off","Off","1","0","Off","0","2","0","0","0","0","0","0","0","0","0","13"
"861","PTLME Local","145.34000","144.74000","D-Digital","High","12.5K","Off","Off","Local","Group Call","9","KC1JMH / Brad Brown","Always","Carrier","Off","1","1","1","Off","12","2","None","None","Off","Off","Off","Off","Normal Encryption","Off","Off","Off","Off","251.1","1","Off","On","Off","Off","Off","Off","1","0","Off","0","2","0","0","0","0","0","0","0","0","0","12"
"862","PTLME ME Event 1","145.34000","144.74000","D-Digital","High","12.5K","Off","Off","ME Event 1","Group Call","31231","KC1JMH / Brad Brown","Always","Carrier","Off","1","1","1","Off","12","1","None","None","Off","Off","Off","Off","Normal Encryption","Off","Off","Off","Off","251.1","1","Off","On","Off","Off","Off","Off","1","0","Off","0","2","0","0","0","0","0","0","0","0","0","12"
"863","PTLME ME Event 2","145.34000","144.74000","D-Digital","High","12.5K","Off","Off","ME Event 2","Group Call","31232","KC1JMH / Brad Brown","Always","Carrier","Off","1","1","1","Off","12","2","None","None","Off","Off","Off","Off","Normal Encryption","Off","Off","Off","Off","251.1","1","Off","On","Off","Off","Off","Off","1","0","Off","0","2","0","0","0","0","0","0","0","0","0","12"
"864","PTLME ME SW","145.34000","144.74000","D-Digital","High","12.5K","Off","Off","ME Statewide","Group Call","3123","KC1JMH / Brad Brown","Always","Carrier","Off","1","1","1","Off","12","2","None","None","Off","Off","Off","Off","Normal Encryption","Off","Off","Off","Off","251.1","1","Off","On","Off","Off","Off","Off","1","0","Off","0","2","0","0","0","0","0","0","0","0","0","12"
"865","PTLME NE Wide","145.34000","144.74000","D-Digital","High","12.5K","Off","Off","New England-Wide","Group Call","3181","KC1JMH / Brad Brown","Always","Carrier","Off","1","1","1","Off","12","2","None","None","Off","Off","Off","Off","Normal Encryption","Off","Off","Off","Off","251.1","1","Off","On","Off","Off","Off","Off","1","0","Off","0","2","0","0","0","0","0","0","0","0","0","12"
"866","PTLME NETAC1","145.34000","144.74000","D-Digital","High","12.5K","Off","Off","NETAC1","Group Call","8801","KC1JMH / Brad Brown","Always","Carrier","Off","1","1","1","Off","12","1","None","None","Off","Off","Off","Off","Normal Encryption","Off","Off","Off","Off","251.1","1","Off","On","Off","Off","Off","Off","1","0","Off","0","2","0","0","0","0","0","0","0","0","0","12"
"867","PTLME NETAC2","145.34000","144.74000","D-Digital","High","12.5K","Off","Off","NETAC2","Group Call","8802","KC1JMH / Brad Brown","Always","Carrier","Off","1","1","1","Off","12","2","None","None","Off","Off","Off","Off","Normal Encryption","Off","Off","Off","Off","251.1","1","Off","On","Off","Off","Off","Off","1","0","Off","0","2","0","0","0","0","0","0","0","0","0","12"
"868","PTLME NH SW","145.34000","144.74000","D-Digital","High","12.5K","Off","Off","NH Statewide","Group Call","3133","KC1JMH / Brad Brown","Always","Carrier","Off","1","1","1","Off","12","2","None","None","Off","Off","Off","Off","Normal Encryption","Off","Off","Off","Off","251.1","1","Off","On","Off","Off","Off","Off","1","0","Off","0","2","0","0","0","0","0","0","0","0","0","12"
"869","PTLME North Am","145.34000","144.74000","D-Digital","High","12.5K","Off","Off","North America","Group Call","3","KC1JMH / Brad Brown","Always","Carrier","Off","1","1","1","Off","12","1","None","None","Off","Off","Off","Off","Normal Encryption","Off","Off","Off","Off","251.1","1","Off","On","Off","Off","Off","Off","1","0","Off","0","2","0","0","0","0","0","0","0","0","0","12"
"870","PTLME Northeast","145.34000","144.74000","D-Digital","High","12.5K","Off","Off","Northeast","Group Call","3172","KC1JMH / Brad Brown","Always","Carrier","Off","1","1","1","Off","12","1","None","None","Off","Off","Off","Off","Normal Encryption","Off","Off","Off","Off","251.1","1","Off","On","Off","Off","Off","Off","1","0","Off","0","2","0","0","0","0","0","0","0","0","0","12"
"871","PTLME Parrot","145.34000","144.74000","D-Digital","High","12.5K","Off","Off","Parrot","Group Call","9998","KC1JMH / Brad Brown","Always","Carrier","Off","1","1","1","Off","12","1","None","None","Off","Off","Off","Off","Normal Encryption","Off","Off","Off","Off","251.1","1","Off","On","Off","Off","Off","Off","1","0","Off","0","2","0","0","0","0","0","0","0","0","0","12"
"872","PTLME Reg North","145.34000","144.74000","D-Digital","High","12.5K","Off","Off","Region North","Group Call","8","KC1JMH / Brad Brown","Always","Carrier","Off","1","1","1","Off","12","2","None","None","Off","Off","Off","Off","Normal Encryption","Off","Off","Off","Off","251.1","1","Off","On","Off","Off","Off","Off","1","0","Off","0","2","0","0","0","0","0","0","0","0","0","12"
"873","PTLME SKYWARN","145.34000","144.74000","D-Digital","High","12.5K","Off","Off","SKYWARN","Group Call","759","KC1JMH / Brad Brown","Always","Carrier","Off","1","1","1","Off","12","1","None","None","Off","Off","Off","Off","Normal Encryption","Off","Off","Off","Off","251.1","1","Off","On","Off","Off","Off","Off","1","0","Off","0","2","0","0","0","0","0","0","0","0","0","12"
"874","PTLME TAC310","145.34000","144.74000","D-Digital","High","12.5K","Off","Off","TAC310","Group Call","310","KC1JMH / Brad Brown","Always","Carrier","Off","1","1","1","Off","12","1","None","None","Off","Off","Off","Off","Normal Encryption","Off","Off","Off","Off","251.1","1","Off","On","Off","Off","Off","Off","1","0","Off","0","2","0","0","0","0","0","0","0","0","0","12"
"875","PTLME TAC311","145.34000","144.74000","D-Digital","High","12.5K","Off","Off","TAC311","Group Call","311","KC1JMH / Brad Brown","Always","Carrier","Off","1","1","1","Off","12","1","None","None","Off","Off","Off","Off","Normal Encryption","Off","Off","Off","Off","251.1","1","Off","On","Off","Off","Off","Off","1","0","Off","0","2","0","0","0","0","0","0","0","0","0","12"
"876","PTLME UA Eng1","145.34000","144.74000","D-Digital","High","12.5K","Off","Off","UA English 1-113","Group Call","113","KC1JMH / Brad Brown","Always","Carrier","Off","1","1","1","Off","12","1","None","None","Off","Off","Off","Off","Normal Encryption","Off","Off","Off","Off","251.1","1","Off","On","Off","Off","Off","Off","1","0","Off","0","2","0","0","0","0","0","0","0","0","0","12"
"877","PTLME UA Eng2","145.34000","144.74000","D-Digital","High","12.5K","Off","Off","UA English 2-123","Group Call","123","KC1JMH / Brad Brown","Always","Carrier","Off","1","1","1","Off","12","1","None","None","Off","Off","Off","Off","Normal Encryption","Off","Off","Off","Off","251.1","1","Off","On","Off","Off","Off","Off","1","0","Off","0","2","0","0","0","0","0","0","0","0","0","12"
"878","PTLME WW","145.34000","144.74000","D-Digital","High","12.5K","Off","Off","WW Call","Group Call","1","KC1JMH / Brad Brown","Always","Carrier","Off","1","1","1","Off","12","1","None","None","Off","Off","Off","Off","Normal Encryption","Off","Off","Off","Off","251.1","1","Off","On","Off","Off","Off","Off","1","0","Off","0","2","0","0","0","0","0","0","0","0","0","12"
"879","PTLME WW Eng","145.34000","144.74000","D-Digital","High","12.5K","Off","Off","WW English","Group Call","13","KC1JMH / Brad Brown","Always","Carrier","Off","1","1","1","Off","12","1","None","None","Off","Off","Off","Off","Normal Encryption","Off","Off","Off","Off","251.1","1","Off","On","Off","Off","Off","Off","1","0","Off","0","2","0","0","0","0","0","0","0","0","0","12"
"880","SHPME Local","145.11000","144.51000","D-Digital","High","12.5K","Off","Off","Local","Group Call","9","KC1JMH / Brad Brown","Always","Carrier","Off","1","1","1","Off","4","2","None","None","Off","Off","Off","Off","Normal Encryption","Off","Off","Off","Off","251.1","1","Off","On","Off","Off","Off","Off","1","0","Off","0","2","0","0","0","0","0","0","0","0","0","4"
"881","SHPME ME Event 1","145.11000","144.51000","D-Digital","High","12.5K","Off","Off","ME Event 1","Group Call","31231","KC1JMH / Brad Brown","Always","Carrier","Off","1","1","1","Off","4","1","None","None","Off","Off","Off","Off","Normal Encryption","Off","Off","Off","Off","251.1","1","Off","On","Off","Off","Off","Off","1","0","Off","0","2","0","0","0","0","0","0","0","0","0","4"
"882","SHPME ME Event 2","145.11000","144.51000","D-Digital","High","12.5K","Off","Off","ME Event 2","Group Call","31232","KC1JMH / Brad Brown","Always","Carrier","Off","1","1","1","Off","4","2","None","None","Off","Off","Off","Off","Normal Encryption","Off","Off","Off","Off","251.1","1","Off","On","Off","Off","Off","Off","1","0","Off","0","2","0","0","0","0","0","0","0","0","0","4"
"883","SHPME ME SW","145.11000","144.51000","D-Digital","Turbo","12.5K","Off","Off","ME Statewide","Group Call","3123","KC1JMH / Brad Brown","Always","Carrier","Off","1","1","1","Off","4","2","None","None","Off","Off","Off","Off","Normal Encryption","Off","Off","Off","Off","251.1","1","Off","Off","Off","Off","Off","Off","1","0","Off","0","2","0","0","0","0","0","0","0","0","0","4"
"884","SHPME NE Wide","145.11000","144.51000","D-Digital","High","12.5K","Off","Off","New England-Wide","Group Call","3181","KC1JMH / Brad Brown","Always","Carrier","Off","1","1","1","Off","4","2","None","None","Off","Off","Off","Off","Normal Encryption","Off","Off","Off","Off","251.1","1","Off","On","Off","Off","Off","Off","1","0","Off","0","2","0","0","0","0","0","0","0","0","0","4"
"885","SHPME NETAC1","145.11000","144.51000","D-Digital","High","12.5K","Off","Off","NETAC1","Group Call","8801","KC1JMH / Brad Brown","Always","Carrier","Off","1","1","1","Off","4","1","None","None","Off","Off","Off","Off","Normal Encryption","Off","Off","Off","Off","251.1","1","Off","On","Off","Off","Off","Off","1","0","Off","0","2","0","0","0","0","0","0","0","0","0","4"
"886","SHPME NETAC2","145.11000","144.51000","D-Digital","High","12.5K","Off","Off","NETAC2","Group Call","8802","KC1JMH / Brad Brown","Always","Carrier","Off","1","1","1","Off","4","2","None","None","Off","Off","Off","Off","Normal Encryption","Off","Off","Off","Off","251.1","1","Off","On","Off","Off","Off","Off","1","0","Off","0","2","0","0","0","0","0","0","0","0","0","4"
"887","SHPME NH SW","145.11000","144.51000","D-Digital","High","12.5K","Off","Off","NH Statewide","Group Call","3133","KC1JMH / Brad Brown","Always","Carrier","Off","1","1","1","Off","4","1","None","None","Off","Off","Off","Off","Normal Encryption","Off","Off","Off","Off","251.1","1","Off","On","Off","Off","Off","Off","1","0","Off","0","2","0","0","0","0","0","0","0","0","0","4"
"888","SHPME North Am","145.11000","144.51000","D-Digital","High","12.5K","Off","Off","North America","Group Call","3","KC1JMH / Brad Brown","Always","Carrier","Off","1","1","1","Off","4","1","None","None","Off","Off","Off","Off","Normal Encryption","Off","Off","Off","Off","251.1","1","Off","On","Off","Off","Off","Off","1","0","Off","0","2","0","0","0","0","0","0","0","0","0","4"
"889","SHPME Northeast","145.11000","144.51000","D-Digital","High","12.5K","Off","Off","Northeast","Group Call","3172","KC1JMH / Brad Brown","Always","Carrier","Off","1","1","1","Off","4","1","None","None","Off","Off","Off","Off","Normal Encryption","Off","Off","Off","Off","251.1","1","Off","On","Off","Off","Off","Off","1","0","Off","0","2","0","0","0","0","0","0","0","0","0","4"
"890","SHPME Parrot","145.11000","144.51000","D-Digital","High","12.5K","Off","Off","Parrot","Group Call","9998","KC1JMH / Brad Brown","Always","Carrier","Off","1","1","1","Off","4","1","None","None","Off","Off","Off","Off","Normal Encryption","Off","Off","Off","Off","251.1","1","Off","On","Off","Off","Off","Off","1","0","Off","0","2","0","0","0","0","0","0","0","0","0","4"
"891","SHPME Reg North","145.11000","144.51000","D-Digital","High","12.5K","Off","Off","Region North","Group Call","8","KC1JMH / Brad Brown","Always","Carrier","Off","1","1","1","Off","4","2","None","None","Off","Off","Off","Off","Normal Encryption","Off","Off","Off","Off","251.1","1","Off","On","Off","Off","Off","Off","1","0","Off","0","2","0","0","0","0","0","0","0","0","0","4"
"892","SHPME SKYWARN","145.11000","144.51000","D-Digital","Turbo","12.5K","Off","Off","SKYWARN","Group Call","759","KC1JMH / Brad Brown","Always","Carrier","Off","1","1","1","Off","4","1","None","None","Off","Off","Off","Off","Normal Encryption","Off","Off","Off","Off","251.1","1","Off","On","Off","Off","Off","Off","1","0","Off","0","2","0","0","0","0","0","0","0","0","0","4"
"893","SHPME TAC310","145.11000","144.51000","D-Digital","High","12.5K","Off","Off","TAC310","Group Call","310","KC1JMH / Brad Brown","Always","Carrier","Off","1","1","1","Off","4","1","None","None","Off","Off","Off","Off","Normal Encryption","Off","Off","Off","Off","251.1","1","Off","On","Off","Off","Off","Off","1","0","Off","0","2","0","0","0","0","0","0","0","0","0","4"
"894","SHPME TAC311","145.11000","144.51000","D-Digital","High","12.5K","Off","Off","TAC311","Group Call","311","KC1JMH / Brad Brown","Always","Carrier","Off","1","1","1","Off","4","1","None","None","Off","Off","Off","Off","Normal Encryption","Off","Off","Off","Off","251.1","1","Off","On","Off","Off","Off","Off","1","0","Off","0","2","0","0","0","0","0","0","0","0","0","4"
"895","SHPME UA Eng1","145.11000","144.51000","D-Digital","High","12.5K","Off","Off","UA English 1-113","Group Call","113","KC1JMH / Brad Brown","Always","Carrier","Off","1","1","1","Off","4","1","None","None","Off","Off","Off","Off","Normal Encryption","Off","Off","Off","Off","251.1","1","Off","On","Off","Off","Off","Off","1","0","Off","0","2","0","0","0","0","0","0","0","0","0","4"
"896","SHPME UA Eng2","145.11000","144.51000","D-Digital","High","12.5K","Off","Off","UA English 2-123","Group Call","123","KC1JMH / Brad Brown","Always","Carrier","Off","1","1","1","Off","4","1","None","None","Off","Off","Off","Off","Normal Encryption","Off","Off","Off","Off","251.1","1","Off","On","Off","Off","Off","Off","1","0","Off","0","2","0","0","0","0","0","0","0","0","0","4"
"897","SHPME VT SW","145.11000","144.51000","D-Digital","High","12.5K","Off","Off","VT Statewide","Group Call","3150","KC1JMH / Brad Brown","Always","Carrier","Off","1","1","1","Off","4","1","None","None","Off","Off","Off","Off","Normal Encryption","Off","Off","Off","Off","251.1","1","Off","On","Off","Off","Off","Off","1","0","Off","0","2","0","0","0","0","0","0","0","0","0","4"
"898","SHPME WW","145.11000","144.51000","D-Digital","High","12.5K","Off","Off","WW Call","Group Call","1","KC1JMH / Brad Brown","Always","Carrier","Off","1","1","1","Off","4","1","None","None","Off","Off","Off","Off","Normal Encryption","Off","Off","Off","Off","251.1","1","Off","On","Off","Off","Off","Off","1","0","Off","0","2","0","0","0","0","0","0","0","0","0","4"
"899","SHPME WW Eng","145.11000","144.51000","D-Digital","High","12.5K","Off","Off","WW English","Group Call","13","KC1JMH / Brad Brown","Always","Carrier","Off","1","1","1","Off","4","1","None","None","Off","Off","Off","Off","Normal Encryption","Off","Off","Off","Off","251.1","1","Off","On","Off","Off","Off","Off","1","0","Off","0","2","0","0","0","0","0","0","0","0","0","4"
"900","SIDME Local","145.24000","144.64000","D-Digital","High","12.5K","Off","Off","Local","Group Call","9","KC1JMH / Brad Brown","Always","Carrier","Off","1","1","1","Off","12","2","None","None","Off","Off","Off","Off","Normal Encryption","Off","Off","Off","Off","251.1","1","Off","On","Off","Off","Off","Off","1","0","Off","0","2","0","0","0","0","0","0","0","0","0","12"
"901","SIDME ME Event 1","145.24000","144.64000","D-Digital","High","12.5K","Off","Off","ME Event 1","Group Call","31231","KC1JMH / Brad Brown","Always","Carrier","Off","1","1","1","Off","12","1","None","None","Off","Off","Off","Off","Normal Encryption","Off","Off","Off","Off","251.1","1","Off","On","Off","Off","Off","Off","1","0","Off","0","2","0","0","0","0","0","0","0","0","0","12"
"902","SIDME ME Event 2","145.24000","144.64000","D-Digital","High","12.5K","Off","Off","ME Event 2","Group Call","31232","KC1JMH / Brad Brown","Always","Carrier","Off","1","1","1","Off","12","2","None","None","Off","Off","Off","Off","Normal Encryption","Off","Off","Off","Off","251.1","1","Off","On","Off","Off","Off","Off","1","0","Off","0","2","0","0","0","0","0","0","0","0","0","12"
"903","SIDME ME SW","145.24000","144.64000","D-Digital","High","12.5K","Off","Off","ME Statewide","Group Call","3123","KC1JMH / Brad Brown","Always","Carrier","Off","1","1","1","Off","12","2","None","None","Off","Off","Off","Off","Normal Encryption","Off","Off","Off","Off","251.1","1","Off","On","Off","Off","Off","Off","1","0","Off","0","2","0","0","0","0","0","0","0","0","0","12"
"904","SIDME NE Wide","145.24000","144.64000","D-Digital","High","12.5K","Off","Off","New England-Wide","Group Call","3181","KC1JMH / Brad Brown","Always","Carrier","Off","1","1","1","Off","12","2","None","None","Off","Off","Off","Off","Normal Encryption","Off","Off","Off","Off","251.1","1","Off","On","Off","Off","Off","Off","1","0","Off","0","2","0","0","0","0","0","0","0","0","0","12"
"905","SIDME NETAC1","145.24000","144.64000","D-Digital","High","12.5K","Off","Off","NETAC1","Group Call","8801","KC1JMH / Brad Brown","Always","Carrier","Off","1","1","1","Off","12","1","None","None","Off","Off","Off","Off","Normal Encryption","Off","Off","Off","Off","251.1","1","Off","On","Off","Off","Off","Off","1","0","Off","0","2","0","0","0","0","0","0","0","0","0","12"
"906","SIDME NETAC2","145.24000","144.64000","D-Digital","High","12.5K","Off","Off","NETAC2","Group Call","8802","KC1JMH / Brad Brown","Always","Carrier","Off","1","1","1","Off","12","2","None","None","Off","Off","Off","Off","Normal Encryption","Off","Off","Off","Off","251.1","1","Off","On","Off","Off","Off","Off","1","0","Off","0","2","0","0","0","0","0","0","0","0","0","12"
"907","SIDME NH SW","145.24000","144.64000","D-Digital","High","12.5K","Off","Off","NH Statewide","Group Call","3133","KC1JMH / Brad Brown","Always","Carrier","Off","1","1","1","Off","12","2","None","None","Off","Off","Off","Off","Normal Encryption","Off","Off","Off","Off","251.1","1","Off","On","Off","Off","Off","Off","1","0","Off","0","2","0","0","0","0","0","0","0","0","0","12"
"908","SIDME North Am","145.24000","144.64000","D-Digital","High","12.5K","Off","Off","North America","Group Call","3","KC1JMH / Brad Brown","Always","Carrier","Off","1","1","1","Off","12","1","None","None","Off","Off","Off","Off","Normal Encryption","Off","Off","Off","Off","251.1","1","Off","On","Off","Off","Off","Off","1","0","Off","0","2","0","0","0","0","0","0","0","0","0","12"
"909","SIDME Northeast","145.24000","144.64000","D-Digital","High","12.5K","Off","Off","Northeast","Group Call","3172","KC1JMH / Brad Brown","Always","Carrier","Off","1","1","1","Off","12","1","None","None","Off","Off","Off","Off","Normal Encryption","Off","Off","Off","Off","251.1","1","Off","On","Off","Off","Off","Off","1","0","Off","0","2","0","0","0","0","0","0","0","0","0","12"
"910","SIDME Parrot","145.24000","144.64000","D-Digital","High","12.5K","Off","Off","Parrot","Group Call","9998","KC1JMH / Brad Brown","Always","Carrier","Off","1","1","1","Off","12","1","None","None","Off","Off","Off","Off","Normal Encryption","Off","Off","Off","Off","251.1","1","Off","On","Off","Off","Off","Off","1","0","Off","0","2","0","0","0","0","0","0","0","0","0","12"
"911","SIDME Reg North","145.24000","144.64000","D-Digital","High","12.5K","Off","Off","Region North","Group Call","8","KC1JMH / Brad Brown","Always","Carrier","Off","1","1","1","Off","12","2","None","None","Off","Off","Off","Off","Normal Encryption","Off","Off","Off","Off","251.1","1","Off","On","Off","Off","Off","Off","1","0","Off","0","2","0","0","0","0","0","0","0","0","0","12"
"912","SIDME SKYWARN","145.24000","144.64000","D-Digital","High","12.5K","Off","Off","SKYWARN","Group Call","759","KC1JMH / Brad Brown","Always","Carrier","Off","1","1","1","Off","12","1","None","None","Off","Off","Off","Off","Normal Encryption","Off","Off","Off","Off","251.1","1","Off","On","Off","Off","Off","Off","1","0","Off","0","2","0","0","0","0","0","0","0","0","0","12"
"913","SIDME TAC310","145.24000","144.64000","D-Digital","High","12.5K","Off","Off","TAC310","Group Call","310","KC1JMH / Brad Brown","Always","Carrier","Off","1","1","1","Off","12","1","None","None","Off","Off","Off","Off","Normal Encryption","Off","Off","Off","Off","251.1","1","Off","On","Off","Off","Off","Off","1","0","Off","0","2","0","0","0","0","0","0","0","0","0","12"
"914","SIDME TAC311","145.24000","144.64000","D-Digital","High","12.5K","Off","Off","TAC311","Group Call","311","KC1JMH / Brad Brown","Always","Carrier","Off","1","1","1","Off","12","1","None","None","Off","Off","Off","Off","Normal Encryption","Off","Off","Off","Off","251.1","1","Off","On","Off","Off","Off","Off","1","0","Off","0","2","0","0","0","0","0","0","0","0","0","12"
"915","SIDME UA Eng1","145.24000","144.64000","D-Digital","High","12.5K","Off","Off","UA English 1-113","Group Call","113","KC1JMH / Brad Brown","Always","Carrier","Off","1","1","1","Off","12","1","None","None","Off","Off","Off","Off","Normal Encryption","Off","Off","Off","Off","251.1","1","Off","On","Off","Off","Off","Off","1","0","Off","0","2","0","0","0","0","0","0","0","0","0","12"
"916","SIDME UA Eng2","145.24000","144.64000","D-Digital","High","12.5K","Off","Off","UA English 2-123","Group Call","123","KC1JMH / Brad Brown","Always","Carrier","Off","1","1","1","Off","12","1","None","None","Off","Off","Off","Off","Normal Encryption","Off","Off","Off","Off","251.1","1","Off","On","Off","Off","Off","Off","1","0","Off","0","2","0","0","0","0","0","0","0","0","0","12"
"917","SIDME WW","145.24000","144.64000","D-Digital","High","12.5K","Off","Off","WW Call","Group Call","1","KC1JMH / Brad Brown","Always","Carrier","Off","1","1","1","Off","12","1","None","None","Off","Off","Off","Off","Normal Encryption","Off","Off","Off","Off","251.1","1","Off","On","Off","Off","Off","Off","1","0","Off","0","2","0","0","0","0","0","0","0","0","0","12"
"918","SIDME WW Eng","145.24000","144.64000","D-Digital","High","12.5K","Off","Off","WW English","Group Call","13","KC1JMH / Brad Brown","Always","Carrier","Off","1","1","1","Off","12","1","None","None","Off","Off","Off","Off","Normal Encryption","Off","Off","Off","Off","251.1","1","Off","On","Off","Off","Off","Off","1","0","Off","0","2","0","0","0","0","0","0","0","0","0","12"
"919","SMYME Local","147.09000","147.69000","D-Digital","High","12.5K","Off","Off","Local","Group Call","9","KC1JMH / Brad Brown","Always","Carrier","Off","1","1","1","Off","12","2","None","None","Off","Off","Off","Off","Normal Encryption","Off","Off","Off","Off","251.1","1","Off","On","Off","Off","Off","Off","1","0","Off","0","2","0","0","0","0","0","0","0","0","0","12"
"920","SMYME ME Event 1","147.09000","147.69000","D-Digital","High","12.5K","Off","Off","ME Event 1","Group Call","31231","KC1JMH / Brad Brown","Always","Carrier","Off","1","1","1","Off","12","1","None","None","Off","Off","Off","Off","Normal Encryption","Off","Off","Off","Off","251.1","1","Off","On","Off","Off","Off","Off","1","0","Off","0","2","0","0","0","0","0","0","0","0","0","12"
"921","SMYME ME Event 2","147.09000","147.69000","D-Digital","High","12.5K","Off","Off","ME Event 2","Group Call","31232","KC1JMH / Brad Brown","Always","Carrier","Off","1","1","1","Off","12","2","None","None","Off","Off","Off","Off","Normal Encryption","Off","Off","Off","Off","251.1","1","Off","On","Off","Off","Off","Off","1","0","Off","0","2","0","0","0","0","0","0","0","0","0","12"
"922","SMYME ME SW","147.09000","147.69000","D-Digital","High","12.5K","Off","Off","ME Statewide","Group Call","3123","KC1JMH / Brad Brown","Always","Carrier","Off","1","1","1","Off","12","2","None","None","Off","Off","Off","Off","Normal Encryption","Off","Off","Off","Off","251.1","1","Off","On","Off","Off","Off","Off","1","0","Off","0","2","0","0","0","0","0","0","0","0","0","12"
"923","SMYME NE Wide","147.09000","147.69000","D-Digital","High","12.5K","Off","Off","New England-Wide","Group Call","3181","KC1JMH / Brad Brown","Always","Carrier","Off","1","1","1","Off","12","2","None","None","Off","Off","Off","Off","Normal Encryption","Off","Off","Off","Off","251.1","1","Off","On","Off","Off","Off","Off","1","0","Off","0","2","0","0","0","0","0","0","0","0","0","12"
"924","SMYME NETAC1","147.09000","147.69000","D-Digital","High","12.5K","Off","Off","NETAC1","Group Call","8801","KC1JMH / Brad Brown","Always","Carrier","Off","1","1","1","Off","12","1","None","None","Off","Off","Off","Off","Normal Encryption","Off","Off","Off","Off","251.1","1","Off","On","Off","Off","Off","Off","1","0","Off","0","2","0","0","0","0","0","0","0","0","0","12"
"925","SMYME NETAC2","147.09000","147.69000","D-Digital","High","12.5K","Off","Off","NETAC2","Group Call","8802","KC1JMH / Brad Brown","Always","Carrier","Off","1","1","1","Off","12","2","None","None","Off","Off","Off","Off","Normal Encryption","Off","Off","Off","Off","251.1","1","Off","On","Off","Off","Off","Off","1","0","Off","0","2","0","0","0","0","0","0","0","0","0","12"
"926","SMYME NEWBRNSWCK","147.09000","147.69000","D-Digital","High","12.5K","Off","Off","New Brunswick","Group Call","3029","KC1JMH / Brad Brown","Always","Carrier","Off","1","1","1","Off","12","2","None","None","Off","Off","Off","Off","Normal Encryption","Off","Off","Off","Off","251.1","1","Off","On","Off","Off","Off","Off","1","0","Off","0","2","0","0","0","0","0","0","0","0","0","12"
"927","SMYME NH SW","147.09000","147.69000","D-Digital","High","12.5K","Off","Off","NH Statewide","Group Call","3133","KC1JMH / Brad Brown","Always","Carrier","Off","1","1","1","Off","12","2","None","None","Off","Off","Off","Off","Normal Encryption","Off","Off","Off","Off","251.1","1","Off","On","Off","Off","Off","Off","1","0","Off","0","2","0","0","0","0","0","0","0","0","0","12"
"928","SMYME North Am","147.09000","147.69000","D-Digital","High","12.5K","Off","Off","North America","Group Call","3","KC1JMH / Brad Brown","Always","Carrier","Off","1","1","1","Off","12","1","None","None","Off","Off","Off","Off","Normal Encryption","Off","Off","Off","Off","251.1","1","Off","On","Off","Off","Off","Off","1","0","Off","0","2","0","0","0","0","0","0","0","0","0","12"
"929","SMYME Northeast","147.09000","147.69000","D-Digital","High","12.5K","Off","Off","Northeast","Group Call","3172","KC1JMH / Brad Brown","Always","Carrier","Off","1","1","1","Off","12","1","None","None","Off","Off","Off","Off","Normal Encryption","Off","Off","Off","Off","251.1","1","Off","On","Off","Off","Off","Off","1","0","Off","0","2","0","0","0","0","0","0","0","0","0","12"
"930","SMYME Parrot","147.09000","147.69000","D-Digital","High","12.5K","Off","Off","Parrot","Group Call","9998","KC1JMH / Brad Brown","Always","Carrier","Off","1","1","1","Off","12","1","None","None","Off","Off","Off","Off","Normal Encryption","Off","Off","Off","Off","251.1","1","Off","On","Off","Off","Off","Off","1","0","Off","0","2","0","0","0","0","0","0","0","0","0","12"
"931","SMYME Reg North","147.09000","147.69000","D-Digital","High","12.5K","Off","Off","Region North","Group Call","8","KC1JMH / Brad Brown","Always","Carrier","Off","1","1","1","Off","12","2","None","None","Off","Off","Off","Off","Normal Encryption","Off","Off","Off","Off","251.1","1","Off","On","Off","Off","Off","Off","1","0","Off","0","2","0","0","0","0","0","0","0","0","0","12"
"932","SMYME SKYWARN","147.09000","147.69000","D-Digital","High","12.5K","Off","Off","SKYWARN","Group Call","759","KC1JMH / Brad Brown","Always","Carrier","Off","1","1","1","Off","12","1","None","None","Off","Off","Off","Off","Normal Encryption","Off","Off","Off","Off","251.1","1","Off","On","Off","Off","Off","Off","1","0","Off","0","2","0","0","0","0","0","0","0","0","0","12"
"933","SMYME TAC310","147.09000","147.69000","D-Digital","High","12.5K","Off","Off","TAC310","Group Call","310","KC1JMH / Brad Brown","Always","Carrier","Off","1","1","1","Off","12","1","None","None","Off","Off","Off","Off","Normal Encryption","Off","Off","Off","Off","251.1","1","Off","On","Off","Off","Off","Off","1","0","Off","0","2","0","0","0","0","0","0","0","0","0","12"
"934","SMYME TAC311","147.09000","147.69000","D-Digital","High","12.5K","Off","Off","TAC311","Group Call","311","KC1JMH / Brad Brown","Always","Carrier","Off","1","1","1","Off","12","1","None","None","Off","Off","Off","Off","Normal Encryption","Off","Off","Off","Off","251.1","1","Off","On","Off","Off","Off","Off","1","0","Off","0","2","0","0","0","0","0","0","0","0","0","12"
"935","SMYME UA Eng1","147.09000","147.69000","D-Digital","High","12.5K","Off","Off","UA English 1-113","Group Call","113","KC1JMH / Brad Brown","Always","Carrier","Off","1","1","1","Off","12","1","None","None","Off","Off","Off","Off","Normal Encryption","Off","Off","Off","Off","251.1","1","Off","On","Off","Off","Off","Off","1","0","Off","0","2","0","0","0","0","0","0","0","0","0","12"
"936","SMYME UA Eng2","147.09000","147.69000","D-Digital","High","12.5K","Off","Off","UA English 2-123","Group Call","123","KC1JMH / Brad Brown","Always","Carrier","Off","1","1","1","Off","12","1","None","None","Off","Off","Off","Off","Normal Encryption","Off","Off","Off","Off","251.1","1","Off","On","Off","Off","Off","Off","1","0","Off","0","2","0","0","0","0","0","0","0","0","0","12"
"937","SMYME WW","147.09000","147.69000","D-Digital","High","12.5K","Off","Off","WW Call","Group Call","1","KC1JMH / Brad Brown","Always","Carrier","Off","1","1","1","Off","12","1","None","None","Off","Off","Off","Off","Normal Encryption","Off","Off","Off","Off","251.1","1","Off","On","Off","Off","Off","Off","1","0","Off","0","2","0","0","0","0","0","0","0","0","0","12"
"938","SMYME WW Eng","147.09000","147.69000","D-Digital","High","12.5K","Off","Off","WW English","Group Call","13","KC1JMH / Brad Brown","Always","Carrier","Off","1","1","1","Off","12","1","None","None","Off","Off","Off","Off","Normal Encryption","Off","Off","Off","Off","251.1","1","Off","On","Off","Off","Off","Off","1","0","Off","0","2","0","0","0","0","0","0","0","0","0","12"
"939","TPMME Local","145.19000","144.59000","D-Digital","High","12.5K","Off","Off","Local","Group Call","9","KC1JMH / Brad Brown","Always","Carrier","Off","1","1","1","Off","13","2","None","None","Off","Off","Off","Off","Normal Encryption","Off","Off","Off","Off","251.1","1","Off","On","Off","Off","Off","Off","1","0","Off","0","2","0","0","0","0","0","0","0","0","0","13"
"940","TPMME ME Event 1","145.19000","144.59000","D-Digital","High","12.5K","Off","Off","ME Event 1","Group Call","31231","KC1JMH / Brad Brown","Always","Carrier","Off","1","1","1","Off","13","1","None","None","Off","Off","Off","Off","Normal Encryption","Off","Off","Off","Off","251.1","1","Off","On","Off","Off","Off","Off","1","0","Off","0","2","0","0","0","0","0","0","0","0","0","13"
"941","TPMME ME Event 2","145.19000","144.59000","D-Digital","High","12.5K","Off","Off","ME Event 2","Group Call","31232","KC1JMH / Brad Brown","Always","Carrier","Off","1","1","1","Off","13","2","None","None","Off","Off","Off","Off","Normal Encryption","Off","Off","Off","Off","251.1","1","Off","On","Off","Off","Off","Off","1","0","Off","0","2","0","0","0","0","0","0","0","0","0","13"
"942","TPMME ME SW","145.19000","144.59000","D-Digital","High","12.5K","Off","Off","ME Statewide","Group Call","3123","KC1JMH / Brad Brown","Always","Carrier","Off","1","1","1","Off","13","2","None","None","Off","Off","Off","Off","Normal Encryption","Off","Off","Off","Off","251.1","1","Off","On","Off","Off","Off","Off","1","0","Off","0","2","0","0","0","0","0","0","0","0","0","13"
"943","TPMME NE Wide","145.19000","144.59000","D-Digital","High","12.5K","Off","Off","New England-Wide","Group Call","3181","KC1JMH / Brad Brown","Always","Carrier","Off","1","1","1","Off","13","2","None","None","Off","Off","Off","Off","Normal Encryption","Off","Off","Off","Off","251.1","1","Off","On","Off","Off","Off","Off","1","0","Off","0","2","0","0","0","0","0","0","0","0","0","13"
"944","TPMME NETAC1","145.19000","144.59000","D-Digital","High","12.5K","Off","Off","NETAC1","Group Call","8801","KC1JMH / Brad Brown","Always","Carrier","Off","1","1","1","Off","13","1","None","None","Off","Off","Off","Off","Normal Encryption","Off","Off","Off","Off","251.1","1","Off","On","Off","Off","Off","Off","1","0","Off","0","2","0","0","0","0","0","0","0","0","0","13"
"945","TPMME NETAC2","145.19000","144.59000","D-Digital","High","12.5K","Off","Off","NETAC2","Group Call","8802","KC1JMH / Brad Brown","Always","Carrier","Off","1","1","1","Off","13","2","None","None","Off","Off","Off","Off","Normal Encryption","Off","Off","Off","Off","251.1","1","Off","On","Off","Off","Off","Off","1","0","Off","0","2","0","0","0","0","0","0","0","0","0","13"
"946","TPMME NH SW","145.19000","144.59000","D-Digital","High","12.5K","Off","Off","NH Statewide","Group Call","3133","KC1JMH / Brad Brown","Always","Carrier","Off","1","1","1","Off","13","2","None","None","Off","Off","Off","Off","Normal Encryption","Off","Off","Off","Off","251.1","1","Off","On","Off","Off","Off","Off","1","0","Off","0","2","0","0","0","0","0","0","0","0","0","13"
"947","TPMME North Am","145.19000","144.59000","D-Digital","High","12.5K","Off","Off","North America","Group Call","3","KC1JMH / Brad Brown","Always","Carrier","Off","1","1","1","Off","13","1","None","None","Off","Off","Off","Off","Normal Encryption","Off","Off","Off","Off","251.1","1","Off","On","Off","Off","Off","Off","1","0","Off","0","2","0","0","0","0","0","0","0","0","0","13"
"948","TPMME Northeast","145.19000","144.59000","D-Digital","High","12.5K","Off","Off","Northeast","Group Call","3172","KC1JMH / Brad Brown","Always","Carrier","Off","1","1","1","Off","13","1","None","None","Off","Off","Off","Off","Normal Encryption","Off","Off","Off","Off","251.1","1","Off","On","Off","Off","Off","Off","1","0","Off","0","2","0","0","0","0","0","0","0","0","0","13"
"949","TPMME Parrot","145.19000","144.59000","D-Digital","High","12.5K","Off","Off","Parrot","Group Call","9998","KC1JMH / Brad Brown","Always","Carrier","Off","1","1","1","Off","13","1","None","None","Off","Off","Off","Off","Normal Encryption","Off","Off","Off","Off","251.1","1","Off","On","Off","Off","Off","Off","1","0","Off","0","2","0","0","0","0","0","0","0","0","0","13"
"950","TPMME Reg North","145.19000","144.59000","D-Digital","High","12.5K","Off","Off","Region North","Group Call","8","KC1JMH / Brad Brown","Always","Carrier","Off","1","1","1","Off","13","2","None","None","Off","Off","Off","Off","Normal Encryption","Off","Off","Off","Off","251.1","1","Off","On","Off","Off","Off","Off","1","0","Off","0","2","0","0","0","0","0","0","0","0","0","13"
"951","TPMME SKYWARN","145.19000","144.59000","D-Digital","High","12.5K","Off","Off","SKYWARN","Group Call","759","KC1JMH / Brad Brown","Always","Carrier","Off","1","1","1","Off","13","1","None","None","Off","Off","Off","Off","Normal Encryption","Off","Off","Off","Off","251.1","1","Off","On","Off","Off","Off","Off","1","0","Off","0","2","0","0","0","0","0","0","0","0","0","13"
"952","TPMME TAC310","145.19000","144.59000","D-Digital","High","12.5K","Off","Off","TAC310","Group Call","310","KC1JMH / Brad Brown","Always","Carrier","Off","1","1","1","Off","13","1","None","None","Off","Off","Off","Off","Normal Encryption","Off","Off","Off","Off","251.1","1","Off","On","Off","Off","Off","Off","1","0","Off","0","2","0","0","0","0","0","0","0","0","0","13"
"953","TPMME TAC311","145.19000","144.59000","D-Digital","High","12.5K","Off","Off","TAC311","Group Call","311","KC1JMH / Brad Brown","Always","Carrier","Off","1","1","1","Off","13","1","None","None","Off","Off","Off","Off","Normal Encryption","Off","Off","Off","Off","251.1","1","Off","On","Off","Off","Off","Off","1","0","Off","0","2","0","0","0","0","0","0","0","0","0","13"
"954","TPMME UA Eng1","145.19000","144.59000","D-Digital","High","12.5K","Off","Off","UA English 1-113","Group Call","113","KC1JMH / Brad Brown","Always","Carrier","Off","1","1","1","Off","13","1","None","None","Off","Off","Off","Off","Normal Encryption","Off","Off","Off","Off","251.1","1","Off","On","Off","Off","Off","Off","1","0","Off","0","2","0","0","0","0","0","0","0","0","0","13"
"955","TPMME UA Eng2","145.19000","144.59000","D-Digital","High","12.5K","Off","Off","UA English 2-123","Group Call","123","KC1JMH / Brad Brown","Always","Carrier","Off","1","1","1","Off","13","1","None","None","Off","Off","Off","Off","Normal Encryption","Off","Off","Off","Off","251.1","1","Off","On","Off","Off","Off","Off","1","0","Off","0","2","0","0","0","0","0","0","0","0","0","13"
"956","TPMME WW","145.19000","144.59000","D-Digital","High","12.5K","Off","Off","WW Call","Group Call","1","KC1JMH / Brad Brown","Always","Carrier","Off","1","1","1","Off","13","1","None","None","Off","Off","Off","Off","Normal Encryption","Off","Off","Off","Off","251.1","1","Off","On","Off","Off","Off","Off","1","0","Off","0","2","0","0","0","0","0","0","0","0","0","13"
"957","TPMME WW Eng","145.19000","144.59000","D-Digital","High","12.5K","Off","Off","WW English","Group Call","13","KC1JMH / Brad Brown","Always","Carrier","Off","1","1","1","Off","13","1","None","None","Off","Off","Off","Off","Normal Encryption","Off","Off","Off","Off","251.1","1","Off","On","Off","Off","Off","Off","1","0","Off","0","2","0","0","0","0","0","0","0","0","0","13"
"958","BOWNH Local","145.17000","144.57000","D-Digital","High","12.5K","Off","Off","Local","Group Call","9","KC1JMH / Brad Brown","Always","Carrier","Off","1","1","1","Off","8","2","None","None","Off","Off","Off","Off","Normal Encryption","Off","Off","Off","Off","251.1","1","Off","On","Off","Off","Off","Off","1","0","Off","0","2","0","0","0","0","0","0","0","0","0","8"
"959","BOWNH NE Wide","145.17000","144.57000","D-Digital","High","12.5K","Off","Off","New England-Wide","Group Call","3181","KC1JMH / Brad Brown","Always","Carrier","Off","1","1","1","Off","8","2","None","None","Off","Off","Off","Off","Normal Encryption","Off","Off","Off","Off","251.1","1","Off","On","Off","Off","Off","Off","1","0","Off","0","2","0","0","0","0","0","0","0","0","0","8"
"960","BOWNH NETAC1","145.17000","144.57000","D-Digital","High","12.5K","Off","Off","NETAC1","Group Call","8801","KC1JMH / Brad Brown","Always","Carrier","Off","1","1","1","Off","8","1","None","None","Off","Off","Off","Off","Normal Encryption","Off","Off","Off","Off","251.1","1","Off","On","Off","Off","Off","Off","1","0","Off","0","2","0","0","0","0","0","0","0","0","0","8"
"961","BOWNH NETAC2","145.17000","144.57000","D-Digital","High","12.5K","Off","Off","NETAC2","Group Call","8802","KC1JMH / Brad Brown","Always","Carrier","Off","1","1","1","Off","8","2","None","None","Off","Off","Off","Off","Normal Encryption","Off","Off","Off","Off","251.1","1","Off","On","Off","Off","Off","Off","1","0","Off","0","2","0","0","0","0","0","0","0","0","0","8"
"962","BOWNH NH SW","145.17000","144.57000","D-Digital","High","12.5K","Off","Off","NH Statewide","Group Call","3133","KC1JMH / Brad Brown","Always","Carrier","Off","1","1","1","Off","8","2","None","None","Off","Off","Off","Off","Normal Encryption","Off","Off","Off","Off","251.1","1","Off","On","Off","Off","Off","Off","1","0","Off","0","2","0","0","0","0","0","0","0","0","0","8"
"963","BOWNH North Am","145.17000","144.57000","D-Digital","High","12.5K","Off","Off","North America","Group Call","3","KC1JMH / Brad Brown","Always","Carrier","Off","1","1","1","Off","8","1","None","None","Off","Off","Off","Off","Normal Encryption","Off","Off","Off","Off","251.1","1","Off","On","Off","Off","Off","Off","1","0","Off","0","2","0","0","0","0","0","0","0","0","0","8"
"964","BOWNH Northeast","145.17000","144.57000","D-Digital","High","12.5K","Off","Off","Northeast","Group Call","3172","KC1JMH / Brad Brown","Always","Carrier","Off","1","1","1","Off","8","1","None","None","Off","Off","Off","Off","Normal Encryption","Off","Off","Off","Off","251.1","1","Off","On","Off","Off","Off","Off","1","0","Off","0","2","0","0","0","0","0","0","0","0","0","8"
"965","BOWNH Parrot","145.17000","144.57000","D-Digital","High","12.5K","Off","Off","Parrot","Group Call","9998","KC1JMH / Brad Brown","Always","Carrier","Off","1","1","1","Off","8","1","None","None","Off","Off","Off","Off","Normal Encryption","Off","Off","Off","Off","251.1","1","Off","On","Off","Off","Off","Off","1","0","Off","0","2","0","0","0","0","0","0","0","0","0","8"
"966","BOWNH Reg North","145.17000","144.57000","D-Digital","High","12.5K","Off","Off","Region North","Group Call","8","KC1JMH / Brad Brown","Always","Carrier","Off","1","1","1","Off","8","2","None","None","Off","Off","Off","Off","Normal Encryption","Off","Off","Off","Off","251.1","1","Off","On","Off","Off","Off","Off","1","0","Off","0","2","0","0","0","0","0","0","0","0","0","8"
"967","BOWNH SKYWARN","145.17000","144.57000","D-Digital","High","12.5K","Off","Off","SKYWARN","Group Call","759","KC1JMH / Brad Brown","Always","Carrier","Off","1","1","1","Off","8","1","None","None","Off","Off","Off","Off","Normal Encryption","Off","Off","Off","Off","251.1","1","Off","On","Off","Off","Off","Off","1","0","Off","0","2","0","0","0","0","0","0","0","0","0","8"
"968","BOWNH TAC310","145.17000","144.57000","D-Digital","High","12.5K","Off","Off","TAC310","Group Call","310","KC1JMH / Brad Brown","Always","Carrier","Off","1","1","1","Off","8","1","None","None","Off","Off","Off","Off","Normal Encryption","Off","Off","Off","Off","251.1","1","Off","On","Off","Off","Off","Off","1","0","Off","0","2","0","0","0","0","0","0","0","0","0","8"
"969","BOWNH TAC311","145.17000","144.57000","D-Digital","High","12.5K","Off","Off","TAC311","Group Call","311","KC1JMH / Brad Brown","Always","Carrier","Off","1","1","1","Off","8","1","None","None","Off","Off","Off","Off","Normal Encryption","Off","Off","Off","Off","251.1","1","Off","On","Off","Off","Off","Off","1","0","Off","0","2","0","0","0","0","0","0","0","0","0","8"
"970","BOWNH UA Eng1","145.17000","144.57000","D-Digital","High","12.5K","Off","Off","UA English 1-113","Group Call","113","KC1JMH / Brad Brown","Always","Carrier","Off","1","1","1","Off","8","1","None","None","Off","Off","Off","Off","Normal Encryption","Off","Off","Off","Off","251.1","1","Off","On","Off","Off","Off","Off","1","0","Off","0","2","0","0","0","0","0","0","0","0","0","8"
"971","BOWNH UA Eng2","145.17000","144.57000","D-Digital","High","12.5K","Off","Off","UA English 2-123","Group Call","123","KC1JMH / Brad Brown","Always","Carrier","Off","1","1","1","Off","8","1","None","None","Off","Off","Off","Off","Normal Encryption","Off","Off","Off","Off","251.1","1","Off","On","Off","Off","Off","Off","1","0","Off","0","2","0","0","0","0","0","0","0","0","0","8"
"972","BOWNH WW","145.17000","144.57000","D-Digital","High","12.5K","Off","Off","WW Call","Group Call","1","KC1JMH / Brad Brown","Always","Carrier","Off","1","1","1","Off","8","1","None","None","Off","Off","Off","Off","Normal Encryption","Off","Off","Off","Off","251.1","1","Off","On","Off","Off","Off","Off","1","0","Off","0","2","0","0","0","0","0","0","0","0","0","8"
"973","BOWNH WW Eng","145.17000","144.57000","D-Digital","High","12.5K","Off","Off","WW English","Group Call","13","KC1JMH / Brad Brown","Always","Carrier","Off","1","1","1","Off","8","1","None","None","Off","Off","Off","Off","Normal Encryption","Off","Off","Off","Off","251.1","1","Off","On","Off","Off","Off","Off","1","0","Off","0","2","0","0","0","0","0","0","0","0","0","8"
"974","CHSNH Local","145.19000","144.59000","D-Digital","High","12.5K","Off","Off","Local","Group Call","9","KC1JMH / Brad Brown","Always","Carrier","Off","1","1","1","Off","9","2","None","None","Off","Off","Off","Off","Normal Encryption","Off","Off","Off","Off","251.1","1","Off","On","Off","Off","Off","Off","1","0","Off","0","2","0","0","0","0","0","0","0","0","0","9"
"975","CHSNH MA SW","145.19000","144.59000","D-Digital","High","12.5K","Off","Off","MA Statewide","Group Call","3125","KC1JMH / Brad Brown","Always","Carrier","Off","1","1","1","Off","9","2","None","None","Off","Off","Off","Off","Normal Encryption","Off","Off","Off","Off","251.1","1","Off","On","Off","Off","Off","Off","1","0","Off","0","2","0","0","0","0","0","0","0","0","0","9"
"976","CHSNH ME SW","145.19000","144.59000","D-Digital","High","12.5K","Off","Off","ME Statewide","Group Call","3123","KC1JMH / Brad Brown","Always","Carrier","Off","1","1","1","Off","9","1","None","None","Off","Off","Off","Off","Normal Encryption","Off","Off","Off","Off","251.1","1","Off","On","Off","Off","Off","Off","1","0","Off","0","2","0","0","0","0","0","0","0","0","0","9"
"977","CHSNH NE Wide","145.19000","144.59000","D-Digital","High","12.5K","Off","Off","New England-Wide","Group Call","3181","KC1JMH / Brad Brown","Always","Carrier","Off","1","1","1","Off","9","2","None","None","Off","Off","Off","Off","Normal Encryption","Off","Off","Off","Off","251.1","1","Off","On","Off","Off","Off","Off","1","0","Off","0","2","0","0","0","0","0","0","0","0","0","9"
"978","CHSNH NETAC1","145.19000","144.59000","D-Digital","High","12.5K","Off","Off","NETAC1","Group Call","8801","KC1JMH / Brad Brown","Always","Carrier","Off","1","1","1","Off","9","1","None","None","Off","Off","Off","Off","Normal Encryption","Off","Off","Off","Off","251.1","1","Off","On","Off","Off","Off","Off","1","0","Off","0","2","0","0","0","0","0","0","0","0","0","9"
"979","CHSNH NETAC2","145.19000","144.59000","D-Digital","High","12.5K","Off","Off","NETAC2","Group Call","8802","KC1JMH / Brad Brown","Always","Carrier","Off","1","1","1","Off","9","2","None","None","Off","Off","Off","Off","Normal Encryption","Off","Off","Off","Off","251.1","1","Off","On","Off","Off","Off","Off","1","0","Off","0","2","0","0","0","0","0","0","0","0","0","9"
"980","CHSNH NH SW","145.19000","144.59000","D-Digital","High","12.5K","Off","Off","NH Statewide","Group Call","3133","KC1JMH / Brad Brown","Always","Carrier","Off","1","1","1","Off","9","2","None","None","Off","Off","Off","Off","Normal Encryption","Off","Off","Off","Off","251.1","1","Off","On","Off","Off","Off","Off","1","0","Off","0","2","0","0","0","0","0","0","0","0","0","9"
"981","CHSNH North Am","145.19000","144.59000","D-Digital","High","12.5K","Off","Off","North America","Group Call","3","KC1JMH / Brad Brown","Always","Carrier","Off","1","1","1","Off","9","1","None","None","Off","Off","Off","Off","Normal Encryption","Off","Off","Off","Off","251.1","1","Off","On","Off","Off","Off","Off","1","0","Off","0","2","0","0","0","0","0","0","0","0","0","9"
"982","CHSNH Northeast","145.19000","144.59000","D-Digital","High","12.5K","Off","Off","Northeast","Group Call","3172","KC1JMH / Brad Brown","Always","Carrier","Off","1","1","1","Off","9","1","None","None","Off","Off","Off","Off","Normal Encryption","Off","Off","Off","Off","251.1","1","Off","On","Off","Off","Off","Off","1","0","Off","0","2","0","0","0","0","0","0","0","0","0","9"
"983","CHSNH Parrot","145.19000","144.59000","D-Digital","High","12.5K","Off","Off","Parrot","Group Call","9998","KC1JMH / Brad Brown","Always","Carrier","Off","1","1","1","Off","9","1","None","None","Off","Off","Off","Off","Normal Encryption","Off","Off","Off","Off","251.1","1","Off","On","Off","Off","Off","Off","1","0","Off","0","2","0","0","0","0","0","0","0","0","0","9"
"984","CHSNH Reg North","145.19000","144.59000","D-Digital","High","12.5K","Off","Off","Region North","Group Call","8","KC1JMH / Brad Brown","Always","Carrier","Off","1","1","1","Off","9","2","None","None","Off","Off","Off","Off","Normal Encryption","Off","Off","Off","Off","251.1","1","Off","On","Off","Off","Off","Off","1","0","Off","0","2","0","0","0","0","0","0","0","0","0","9"
"985","CHSNH SKYWARN","145.19000","144.59000","D-Digital","High","12.5K","Off","Off","SKYWARN","Group Call","759","KC1JMH / Brad Brown","Always","Carrier","Off","1","1","1","Off","9","1","None","None","Off","Off","Off","Off","Normal Encryption","Off","Off","Off","Off","251.1","1","Off","On","Off","Off","Off","Off","1","0","Off","0","2","0","0","0","0","0","0","0","0","0","9"
"986","CHSNH TAC310","145.19000","144.59000","D-Digital","High","12.5K","Off","Off","TAC310","Group Call","310","KC1JMH / Brad Brown","Always","Carrier","Off","1","1","1","Off","9","1","None","None","Off","Off","Off","Off","Normal Encryption","Off","Off","Off","Off","251.1","1","Off","On","Off","Off","Off","Off","1","0","Off","0","2","0","0","0","0","0","0","0","0","0","9"
"987","CHSNH TAC311","145.19000","144.59000","D-Digital","High","12.5K","Off","Off","TAC311","Group Call","311","KC1JMH / Brad Brown","Always","Carrier","Off","1","1","1","Off","9","1","None","None","Off","Off","Off","Off","Normal Encryption","Off","Off","Off","Off","251.1","1","Off","On","Off","Off","Off","Off","1","0","Off","0","2","0","0","0","0","0","0","0","0","0","9"
"988","CHSNH UA Eng1","145.19000","144.59000","D-Digital","High","12.5K","Off","Off","UA English 1-113","Group Call","113","KC1JMH / Brad Brown","Always","Carrier","Off","1","1","1","Off","9","1","None","None","Off","Off","Off","Off","Normal Encryption","Off","Off","Off","Off","251.1","1","Off","On","Off","Off","Off","Off","1","0","Off","0","2","0","0","0","0","0","0","0","0","0","9"
"989","CHSNH UA Eng2","145.19000","144.59000","D-Digital","High","12.5K","Off","Off","UA English 2-123","Group Call","123","KC1JMH / Brad Brown","Always","Carrier","Off","1","1","1","Off","9","1","None","None","Off","Off","Off","Off","Normal Encryption","Off","Off","Off","Off","251.1","1","Off","On","Off","Off","Off","Off","1","0","Off","0","2","0","0","0","0","0","0","0","0","0","9"
"990","CHSNH WW","145.19000","144.59000","D-Digital","High","12.5K","Off","Off","WW Call","Group Call","1","KC1JMH / Brad Brown","Always","Carrier","Off","1","1","1","Off","9","1","None","None","Off","Off","Off","Off","Normal Encryption","Off","Off","Off","Off","251.1","1","Off","On","Off","Off","Off","Off","1","0","Off","0","2","0","0","0","0","0","0","0","0","0","9"
"991","CHSNH WW Eng","145.19000","144.59000","D-Digital","High","12.5K","Off","Off","WW English","Group Call","13","KC1JMH / Brad Brown","Always","Carrier","Off","1","1","1","Off","9","1","None","None","Off","Off","Off","Off","Normal Encryption","Off","Off","Off","Off","251.1","1","Off","On","Off","Off","Off","Off","1","0","Off","0","2","0","0","0","0","0","0","0","0","0","9"
"992","CLKNH COOS","145.25000","144.65000","D-Digital","High","12.5K","Off","Off","Coos Net","Group Call","8803","KC1JMH / Brad Brown","Always","Carrier","Off","1","1","1","Off","0","2","None","None","Off","Off","Off","Off","Normal Encryption","Off","Off","Off","Off","251.1","1","Off","On","Off","Off","Off","Off","1","0","Off","0","2","0","0","0","0","0","0","0","0","0","0"
"993","CLKNH Local","145.25000","144.65000","D-Digital","High","12.5K","Off","Off","Local","Group Call","9","KC1JMH / Brad Brown","Always","Carrier","Off","1","1","1","Off","0","2","None","None","Off","Off","Off","Off","Normal Encryption","Off","Off","Off","Off","251.1","1","Off","On","Off","Off","Off","Off","1","0","Off","0","2","0","0","0","0","0","0","0","0","0","0"
"994","CLKNH NE Wide","145.25000","144.65000","D-Digital","High","12.5K","Off","Off","New England-Wide","Group Call","3181","KC1JMH / Brad Brown","Always","Carrier","Off","1","1","1","Off","0","2","None","None","Off","Off","Off","Off","Normal Encryption","Off","Off","Off","Off","251.1","1","Off","On","Off","Off","Off","Off","1","0","Off","0","2","0","0","0","0","0","0","0","0","0","0"
"995","CLKNH NETAC1","145.25000","144.65000","D-Digital","High","12.5K","Off","Off","NETAC1","Group Call","8801","KC1JMH / Brad Brown","Always","Carrier","Off","1","1","1","Off","0","1","None","None","Off","Off","Off","Off","Normal Encryption","Off","Off","Off","Off","251.1","1","Off","On","Off","Off","Off","Off","1","0","Off","0","2","0","0","0","0","0","0","0","0","0","0"
"996","CLKNH NETAC2","145.25000","144.65000","D-Digital","High","12.5K","Off","Off","NETAC2","Group Call","8802","KC1JMH / Brad Brown","Always","Carrier","Off","1","1","1","Off","0","2","None","None","Off","Off","Off","Off","Normal Encryption","Off","Off","Off","Off","251.1","1","Off","On","Off","Off","Off","Off","1","0","Off","0","2","0","0","0","0","0","0","0","0","0","0"
"997","CLKNH NH SW","145.25000","144.65000","D-Digital","High","12.5K","Off","Off","NH Statewide","Group Call","3133","KC1JMH / Brad Brown","Always","Carrier","Off","1","1","1","Off","0","2","None","None","Off","Off","Off","Off","Normal Encryption","Off","Off","Off","Off","251.1","1","Off","On","Off","Off","Off","Off","1","0","Off","0","2","0","0","0","0","0","0","0","0","0","0"
"998","CLKNH North Am","145.25000","144.65000","D-Digital","High","12.5K","Off","Off","North America","Group Call","3","KC1JMH / Brad Brown","Always","Carrier","Off","1","1","1","Off","0","1","None","None","Off","Off","Off","Off","Normal Encryption","Off","Off","Off","Off","251.1","1","Off","On","Off","Off","Off","Off","1","0","Off","0","2","0","0","0","0","0","0","0","0","0","0"
"999","CLKNH Northeast","145.25000","144.65000","D-Digital","High","12.5K","Off","Off","Northeast","Group Call","3172","KC1JMH / Brad Brown","Always","Carrier","Off","1","1","1","Off","0","1","None","None","Off","Off","Off","Off","Normal Encryption","Off","Off","Off","Off","251.1","1","Off","On","Off","Off","Off","Off","1","0","Off","0","2","0","0","0","0","0","0","0","0","0","0"
"1000","CLKNH Parrot","145.25000","144.65000","D-Digital","High","12.5K","Off","Off","Parrot","Group Call","9998","KC1JMH / Brad Brown","Always","Carrier","Off","1","1","1","Off","0","1","None","None","Off","Off","Off","Off","Normal Encryption","Off","Off","Off","Off","251.1","1","Off","On","Off","Off","Off","Off","1","0","Off","0","2","0","0","0","0","0","0","0","0","0","0"
"1001","CLKNH Reg North","145.25000","144.65000","D-Digital","High","12.5K","Off","Off","Region North","Group Call","8","KC1JMH / Brad Brown","Always","Carrier","Off","1","1","1","Off","0","2","None","None","Off","Off","Off","Off","Normal Encryption","Off","Off","Off","Off","251.1","1","Off","On","Off","Off","Off","Off","1","0","Off","0","2","0","0","0","0","0","0","0","0","0","0"
"1002","CLKNH SKYWARN","145.25000","144.65000","D-Digital","High","12.5K","Off","Off","SKYWARN","Group Call","759","KC1JMH / Brad Brown","Always","Carrier","Off","1","1","1","Off","0","1","None","None","Off","Off","Off","Off","Normal Encryption","Off","Off","Off","Off","251.1","1","Off","On","Off","Off","Off","Off","1","0","Off","0","2","0","0","0","0","0","0","0","0","0","0"
"1003","CLKNH TAC310","145.25000","144.65000","D-Digital","High","12.5K","Off","Off","TAC310","Group Call","310","KC1JMH / Brad Brown","Always","Carrier","Off","1","1","1","Off","0","1","None","None","Off","Off","Off","Off","Normal Encryption","Off","Off","Off","Off","251.1","1","Off","On","Off","Off","Off","Off","1","0","Off","0","2","0","0","0","0","0","0","0","0","0","0"
"1004","CLKNH TAC311","145.25000","144.65000","D-Digital","High","12.5K","Off","Off","TAC311","Group Call","311","KC1JMH / Brad Brown","Always","Carrier","Off","1","1","1","Off","0","1","None","None","Off","Off","Off","Off","Normal Encryption","Off","Off","Off","Off","251.1","1","Off","On","Off","Off","Off","Off","1","0","Off","0","2","0","0","0","0","0","0","0","0","0","0"
"1005","CLKNH UA Eng1","145.25000","144.65000","D-Digital","High","12.5K","Off","Off","UA English 1-113","Group Call","113","KC1JMH / Brad Brown","Always","Carrier","Off","1","1","1","Off","0","1","None","None","Off","Off","Off","Off","Normal Encryption","Off","Off","Off","Off","251.1","1","Off","On","Off","Off","Off","Off","1","0","Off","0","2","0","0","0","0","0","0","0","0","0","0"
"1006","CLKNH UA Eng2","145.25000","144.65000","D-Digital","High","12.5K","Off","Off","UA English 2-123","Group Call","123","KC1JMH / Brad Brown","Always","Carrier","Off","1","1","1","Off","0","1","None","None","Off","Off","Off","Off","Normal Encryption","Off","Off","Off","Off","251.1","1","Off","On","Off","Off","Off","Off","1","0","Off","0","2","0","0","0","0","0","0","0","0","0","0"
"1007","CLKNH VT SW","145.25000","144.65000","D-Digital","High","12.5K","Off","Off","VT Statewide","Group Call","3150","KC1JMH / Brad Brown","Always","Carrier","Off","1","1","1","Off","0","2","None","None","Off","Off","Off","Off","Normal Encryption","Off","Off","Off","Off","251.1","1","Off","On","Off","Off","Off","Off","1","0","Off","0","2","0","0","0","0","0","0","0","0","0","0"
"1008","CLKNH WW","145.25000","144.65000","D-Digital","High","12.5K","Off","Off","WW Call","Group Call","1","KC1JMH / Brad Brown","Always","Carrier","Off","1","1","1","Off","0","1","None","None","Off","Off","Off","Off","Normal Encryption","Off","Off","Off","Off","251.1","1","Off","On","Off","Off","Off","Off","1","0","Off","0","2","0","0","0","0","0","0","0","0","0","0"
"1009","CLKNH WW Eng","145.25000","144.65000","D-Digital","High","12.5K","Off","Off","WW English","Group Call","13","KC1JMH / Brad Brown","Always","Carrier","Off","1","1","1","Off","0","1","None","None","Off","Off","Off","Off","Normal Encryption","Off","Off","Off","Off","251.1","1","Off","On","Off","Off","Off","Off","1","0","Off","0","2","0","0","0","0","0","0","0","0","0","0"
"1010","CMPNH CT SW","145.18000","144.58000","D-Digital","High","12.5K","Off","Off","CT Statewide","Group Call","3109","KC1JMH / Brad Brown","Always","Carrier","Off","1","1","1","Off","6","1","None","None","Off","Off","Off","Off","Normal Encryption","Off","Off","Off","Off","251.1","1","Off","On","Off","Off","Off","Off","1","0","Off","0","2","0","0","0","0","0","0","0","0","0","6"
"1011","CMPNH Local","145.18000","144.58000","D-Digital","High","12.5K","Off","Off","Local","Group Call","9","KC1JMH / Brad Brown","Always","Carrier","Off","1","1","1","Off","6","2","None","None","Off","Off","Off","Off","Normal Encryption","Off","Off","Off","Off","251.1","1","Off","On","Off","Off","Off","Off","1","0","Off","0","2","0","0","0","0","0","0","0","0","0","6"
"1012","CMPNH MA SW","145.18000","144.58000","D-Digital","High","12.5K","Off","Off","MA Statewide","Group Call","3125","KC1JMH / Brad Brown","Always","Carrier","Off","1","1","1","Off","6","1","None","None","Off","Off","Off","Off","Normal Encryption","Off","Off","Off","Off","251.1","1","Off","On","Off","Off","Off","Off","1","0","Off","0","2","0","0","0","0","0","0","0","0","0","6"
"1013","CMPNH ME SW","145.18000","144.58000","D-Digital","High","12.5K","Off","Off","ME Statewide","Group Call","3123","KC1JMH / Brad Brown","Always","Carrier","Off","1","1","1","Off","6","1","None","None","Off","Off","Off","Off","Normal Encryption","Off","Off","Off","Off","251.1","1","Off","On","Off","Off","Off","Off","1","0","Off","0","2","0","0","0","0","0","0","0","0","0","6"
"1014","CMPNH NE Wide","145.18000","144.58000","D-Digital","High","12.5K","Off","Off","New England-Wide","Group Call","3181","KC1JMH / Brad Brown","Always","Carrier","Off","1","1","1","Off","6","2","None","None","Off","Off","Off","Off","Normal Encryption","Off","Off","Off","Off","251.1","1","Off","On","Off","Off","Off","Off","1","0","Off","0","2","0","0","0","0","0","0","0","0","0","6"
"1015","CMPNH NETAC1","145.18000","144.58000","D-Digital","High","12.5K","Off","Off","NETAC1","Group Call","8801","KC1JMH / Brad Brown","Always","Carrier","Off","1","1","1","Off","6","1","None","None","Off","Off","Off","Off","Normal Encryption","Off","Off","Off","Off","251.1","1","Off","On","Off","Off","Off","Off","1","0","Off","0","2","0","0","0","0","0","0","0","0","0","6"
"1016","CMPNH NETAC2","145.18000","144.58000","D-Digital","High","12.5K","Off","Off","NETAC2","Group Call","8802","KC1JMH / Brad Brown","Always","Carrier","Off","1","1","1","Off","6","2","None","None","Off","Off","Off","Off","Normal Encryption","Off","Off","Off","Off","251.1","1","Off","On","Off","Off","Off","Off","1","0","Off","0","2","0","0","0","0","0","0","0","0","0","6"
"1017","CMPNH NH SW","145.18000","144.58000","D-Digital","High","12.5K","Off","Off","NH Statewide","Group Call","3133","KC1JMH / Brad Brown","Always","Carrier","Off","1","1","1","Off","6","2","None","None","Off","Off","Off","Off","Normal Encryption","Off","Off","Off","Off","251.1","1","Off","On","Off","Off","Off","Off","1","0","Off","0","2","0","0","0","0","0","0","0","0","0","6"
"1018","CMPNH North Am","145.18000","144.58000","D-Digital","High","12.5K","Off","Off","North America","Group Call","3","KC1JMH / Brad Brown","Always","Carrier","Off","1","1","1","Off","6","1","None","None","Off","Off","Off","Off","Normal Encryption","Off","Off","Off","Off","251.1","1","Off","On","Off","Off","Off","Off","1","0","Off","0","2","0","0","0","0","0","0","0","0","0","6"
"1019","CMPNH Northeast","145.18000","144.58000","D-Digital","High","12.5K","Off","Off","Northeast","Group Call","3172","KC1JMH / Brad Brown","Always","Carrier","Off","1","1","1","Off","6","1","None","None","Off","Off","Off","Off","Normal Encryption","Off","Off","Off","Off","251.1","1","Off","On","Off","Off","Off","Off","1","0","Off","0","2","0","0","0","0","0","0","0","0","0","6"
"1020","CMPNH Parrot","145.18000","144.58000","D-Digital","High","12.5K","Off","Off","Parrot","Group Call","9998","KC1JMH / Brad Brown","Always","Carrier","Off","1","1","1","Off","6","1","None","None","Off","Off","Off","Off","Normal Encryption","Off","Off","Off","Off","251.1","1","Off","On","Off","Off","Off","Off","1","0","Off","0","2","0","0","0","0","0","0","0","0","0","6"
"1021","CMPNH Reg North","145.18000","144.58000","D-Digital","High","12.5K","Off","Off","Region North","Group Call","8","KC1JMH / Brad Brown","Always","Carrier","Off","1","1","1","Off","6","1","None","None","Off","Off","Off","Off","Normal Encryption","Off","Off","Off","Off","251.1","1","Off","On","Off","Off","Off","Off","1","0","Off","0","2","0","0","0","0","0","0","0","0","0","6"
"1022","CMPNH SKYWARN","145.18000","144.58000","D-Digital","High","12.5K","Off","Off","SKYWARN","Group Call","759","KC1JMH / Brad Brown","Always","Carrier","Off","1","1","1","Off","6","1","None","None","Off","Off","Off","Off","Normal Encryption","Off","Off","Off","Off","251.1","1","Off","On","Off","Off","Off","Off","1","0","Off","0","2","0","0","0","0","0","0","0","0","0","6"
"1023","CMPNH TAC310","145.18000","144.58000","D-Digital","High","12.5K","Off","Off","TAC310","Group Call","310","KC1JMH / Brad Brown","Always","Carrier","Off","1","1","1","Off","6","1","None","None","Off","Off","Off","Off","Normal Encryption","Off","Off","Off","Off","251.1","1","Off","On","Off","Off","Off","Off","1","0","Off","0","2","0","0","0","0","0","0","0","0","0","6"
"1024","CMPNH TAC311","145.18000","144.58000","D-Digital","High","12.5K","Off","Off","TAC311","Group Call","311","KC1JMH / Brad Brown","Always","Carrier","Off","1","1","1","Off","6","1","None","None","Off","Off","Off","Off","Normal Encryption","Off","Off","Off","Off","251.1","1","Off","On","Off","Off","Off","Off","1","0","Off","0","2","0","0","0","0","0","0","0","0","0","6"
"1025","CMPNH UA Eng1","145.18000","144.58000","D-Digital","High","12.5K","Off","Off","UA English 1-113","Group Call","113","KC1JMH / Brad Brown","Always","Carrier","Off","1","1","1","Off","6","1","None","None","Off","Off","Off","Off","Normal Encryption","Off","Off","Off","Off","251.1","1","Off","On","Off","Off","Off","Off","1","0","Off","0","2","0","0","0","0","0","0","0","0","0","6"
"1026","CMPNH UA Eng2","145.18000","144.58000","D-Digital","High","12.5K","Off","Off","UA English 2-123","Group Call","123","KC1JMH / Brad Brown","Always","Carrier","Off","1","1","1","Off","6","1","None","None","Off","Off","Off","Off","Normal Encryption","Off","Off","Off","Off","251.1","1","Off","On","Off","Off","Off","Off","1","0","Off","0","2","0","0","0","0","0","0","0","0","0","6"
"1027","CMPNH VT SW","145.18000","144.58000","D-Digital","High","12.5K","Off","Off","VT Statewide","Group Call","3150","KC1JMH / Brad Brown","Always","Carrier","Off","1","1","1","Off","6","1","None","None","Off","Off","Off","Off","Normal Encryption","Off","Off","Off","Off","251.1","1","Off","On","Off","Off","Off","Off","1","0","Off","0","2","0","0","0","0","0","0","0","0","0","6"
"1028","CMPNH WW","145.18000","144.58000","D-Digital","High","12.5K","Off","Off","WW Call","Group Call","1","KC1JMH / Brad Brown","Always","Carrier","Off","1","1","1","Off","6","1","None","None","Off","Off","Off","Off","Normal Encryption","Off","Off","Off","Off","251.1","1","Off","On","Off","Off","Off","Off","1","0","Off","0","2","0","0","0","0","0","0","0","0","0","6"
"1029","CMPNH WW Eng","145.18000","144.58000","D-Digital","High","12.5K","Off","Off","WW English","Group Call","13","KC1JMH / Brad Brown","Always","Carrier","Off","1","1","1","Off","6","1","None","None","Off","Off","Off","Off","Normal Encryption","Off","Off","Off","Off","251.1","1","Off","On","Off","Off","Off","Off","1","0","Off","0","2","0","0","0","0","0","0","0","0","0","6"
"1030","CMTNH Local","446.97500","441.97500","D-Digital","High","12.5K","Off","Off","Local","Group Call","9","KC1JMH / Brad Brown","Always","Carrier","Off","1","1","1","Off","10","2","None","None","Off","Off","Off","Off","Normal Encryption","Off","Off","Off","Off","251.1","1","Off","On","Off","Off","Off","Off","1","0","Off","0","2","0","0","0","0","0","0","0","0","0","10"
"1031","CMTNH MA SW","446.97500","441.97500","D-Digital","High","12.5K","Off","Off","MA Statewide","Group Call","3125","KC1JMH / Brad Brown","Always","Carrier","Off","1","1","1","Off","10","1","None","None","Off","Off","Off","Off","Normal Encryption","Off","Off","Off","Off","251.1","1","Off","On","Off","Off","Off","Off","1","0","Off","0","2","0","0","0","0","0","0","0","0","0","10"
"1032","CMTNH NE Wide","446.97500","441.97500","D-Digital","High","12.5K","Off","Off","New England-Wide","Group Call","3181","KC1JMH / Brad Brown","Always","Carrier","Off","1","1","1","Off","10","2","None","None","Off","Off","Off","Off","Normal Encryption","Off","Off","Off","Off","251.1","1","Off","On","Off","Off","Off","Off","1","0","Off","0","2","0","0","0","0","0","0","0","0","0","10"
"1033","CMTNH NETAC1","446.97500","441.97500","D-Digital","High","12.5K","Off","Off","NETAC1","Group Call","8801","KC1JMH / Brad Brown","Always","Carrier","Off","1","1","1","Off","10","1","None","None","Off","Off","Off","Off","Normal Encryption","Off","Off","Off","Off","251.1","1","Off","On","Off","Off","Off","Off","1","0","Off","0","2","0","0","0","0","0","0","0","0","0","10"
"1034","CMTNH NETAC2","446.97500","441.97500","D-Digital","High","12.5K","Off","Off","NETAC2","Group Call","8802","KC1JMH / Brad Brown","Always","Carrier","Off","1","1","1","Off","10","2","None","None","Off","Off","Off","Off","Normal Encryption","Off","Off","Off","Off","251.1","1","Off","On","Off","Off","Off","Off","1","0","Off","0","2","0","0","0","0","0","0","0","0","0","10"
"1035","CMTNH NH SW","446.97500","441.97500","D-Digital","High","12.5K","Off","Off","NH Statewide","Group Call","3133","KC1JMH / Brad Brown","Always","Carrier","Off","1","1","1","Off","10","2","None","None","Off","Off","Off","Off","Normal Encryption","Off","Off","Off","Off","251.1","1","Off","On","Off","Off","Off","Off","1","0","Off","0","2","0","0","0","0","0","0","0","0","0","10"
"1036","CMTNH North Am","446.97500","441.97500","D-Digital","High","12.5K","Off","Off","North America","Group Call","3","KC1JMH / Brad Brown","Always","Carrier","Off","1","1","1","Off","10","1","None","None","Off","Off","Off","Off","Normal Encryption","Off","Off","Off","Off","251.1","1","Off","On","Off","Off","Off","Off","1","0","Off","0","2","0","0","0","0","0","0","0","0","0","10"
"1037","CMTNH Northeast","446.97500","441.97500","D-Digital","High","12.5K","Off","Off","Northeast","Group Call","3172","KC1JMH / Brad Brown","Always","Carrier","Off","1","1","1","Off","10","1","None","None","Off","Off","Off","Off","Normal Encryption","Off","Off","Off","Off","251.1","1","Off","On","Off","Off","Off","Off","1","0","Off","0","2","0","0","0","0","0","0","0","0","0","10"
"1038","CMTNH Parrot","446.97500","441.97500","D-Digital","High","12.5K","Off","Off","Parrot","Group Call","9998","KC1JMH / Brad Brown","Always","Carrier","Off","1","1","1","Off","10","1","None","None","Off","Off","Off","Off","Normal Encryption","Off","Off","Off","Off","251.1","1","Off","On","Off","Off","Off","Off","1","0","Off","0","2","0","0","0","0","0","0","0","0","0","10"
"1039","CMTNH Reg North","446.97500","441.97500","D-Digital","High","12.5K","Off","Off","Region North","Group Call","8","KC1JMH / Brad Brown","Always","Carrier","Off","1","1","1","Off","10","2","None","None","Off","Off","Off","Off","Normal Encryption","Off","Off","Off","Off","251.1","1","Off","On","Off","Off","Off","Off","1","0","Off","0","2","0","0","0","0","0","0","0","0","0","10"
"1040","CMTNH SKYWARN","446.97500","441.97500","D-Digital","High","12.5K","Off","Off","SKYWARN","Group Call","759","KC1JMH / Brad Brown","Always","Carrier","Off","1","1","1","Off","10","1","None","None","Off","Off","Off","Off","Normal Encryption","Off","Off","Off","Off","251.1","1","Off","On","Off","Off","Off","Off","1","0","Off","0","2","0","0","0","0","0","0","0","0","0","10"
"1041","CMTNH TAC310","446.97500","441.97500","D-Digital","High","12.5K","Off","Off","TAC310","Group Call","310","KC1JMH / Brad Brown","Always","Carrier","Off","1","1","1","Off","10","1","None","None","Off","Off","Off","Off","Normal Encryption","Off","Off","Off","Off","251.1","1","Off","On","Off","Off","Off","Off","1","0","Off","0","2","0","0","0","0","0","0","0","0","0","10"
"1042","CMTNH TAC311","446.97500","441.97500","D-Digital","High","12.5K","Off","Off","TAC311","Group Call","311","KC1JMH / Brad Brown","Always","Carrier","Off","1","1","1","Off","10","1","None","None","Off","Off","Off","Off","Normal Encryption","Off","Off","Off","Off","251.1","1","Off","On","Off","Off","Off","Off","1","0","Off","0","2","0","0","0","0","0","0","0","0","0","10"
"1043","CMTNH UA Eng1","446.97500","441.97500","D-Digital","High","12.5K","Off","Off","UA English 1-113","Group Call","113","KC1JMH / Brad Brown","Always","Carrier","Off","1","1","1","Off","10","1","None","None","Off","Off","Off","Off","Normal Encryption","Off","Off","Off","Off","251.1","1","Off","On","Off","Off","Off","Off","1","0","Off","0","2","0","0","0","0","0","0","0","0","0","10"
"1044","CMTNH UA Eng2","446.97500","441.97500","D-Digital","High","12.5K","Off","Off","UA English 2-123","Group Call","123","KC1JMH / Brad Brown","Always","Carrier","Off","1","1","1","Off","10","1","None","None","Off","Off","Off","Off","Normal Encryption","Off","Off","Off","Off","251.1","1","Off","On","Off","Off","Off","Off","1","0","Off","0","2","0","0","0","0","0","0","0","0","0","10"
"1045","CMTNH VT SW","446.97500","441.97500","D-Digital","High","12.5K","Off","Off","VT Statewide","Group Call","3150","KC1JMH / Brad Brown","Always","Carrier","Off","1","1","1","Off","10","1","None","None","Off","Off","Off","Off","Normal Encryption","Off","Off","Off","Off","251.1","1","Off","On","Off","Off","Off","Off","1","0","Off","0","2","0","0","0","0","0","0","0","0","0","10"
"1046","CMTNH WW","446.97500","441.97500","D-Digital","High","12.5K","Off","Off","WW Call","Group Call","1","KC1JMH / Brad Brown","Always","Carrier","Off","1","1","1","Off","10","1","None","None","Off","Off","Off","Off","Normal Encryption","Off","Off","Off","Off","251.1","1","Off","On","Off","Off","Off","Off","1","0","Off","0","2","0","0","0","0","0","0","0","0","0","10"
"1047","CMTNH WW Eng","446.97500","441.97500","D-Digital","High","12.5K","Off","Off","WW English","Group Call","13","KC1JMH / Brad Brown","Always","Carrier","Off","1","1","1","Off","10","1","None","None","Off","Off","Off","Off","Normal Encryption","Off","Off","Off","Off","251.1","1","Off","On","Off","Off","Off","Off","1","0","Off","0","2","0","0","0","0","0","0","0","0","0","10"
"1048","CNCNH Local","145.42000","144.82000","D-Digital","High","12.5K","Off","Off","Local","Group Call","9","KC1JMH / Brad Brown","Always","Carrier","Off","1","1","1","Off","7","2","None","None","Off","Off","Off","Off","Normal Encryption","Off","Off","Off","Off","251.1","1","Off","On","Off","Off","Off","Off","1","0","Off","0","2","0","0","0","0","0","0","0","0","0","7"
"1049","CNCNH NE Wide","145.42000","144.82000","D-Digital","High","12.5K","Off","Off","New England-Wide","Group Call","3181","KC1JMH / Brad Brown","Always","Carrier","Off","1","1","1","Off","7","2","None","None","Off","Off","Off","Off","Normal Encryption","Off","Off","Off","Off","251.1","1","Off","On","Off","Off","Off","Off","1","0","Off","0","2","0","0","0","0","0","0","0","0","0","7"
"1050","CNCNH NETAC1","145.42000","144.82000","D-Digital","High","12.5K","Off","Off","NETAC1","Group Call","8801","KC1JMH / Brad Brown","Always","Carrier","Off","1","1","1","Off","7","1","None","None","Off","Off","Off","Off","Normal Encryption","Off","Off","Off","Off","251.1","1","Off","On","Off","Off","Off","Off","1","0","Off","0","2","0","0","0","0","0","0","0","0","0","7"
"1051","CNCNH NETAC2","145.42000","144.82000","D-Digital","High","12.5K","Off","Off","NETAC2","Group Call","8802","KC1JMH / Brad Brown","Always","Carrier","Off","1","1","1","Off","7","2","None","None","Off","Off","Off","Off","Normal Encryption","Off","Off","Off","Off","251.1","1","Off","On","Off","Off","Off","Off","1","0","Off","0","2","0","0","0","0","0","0","0","0","0","7"
"1052","CNCNH NH SW","145.42000","144.82000","D-Digital","High","12.5K","Off","Off","NH Statewide","Group Call","3133","KC1JMH / Brad Brown","Always","Carrier","Off","1","1","1","Off","7","2","None","None","Off","Off","Off","Off","Normal Encryption","Off","Off","Off","Off","251.1","1","Off","On","Off","Off","Off","Off","1","0","Off","0","2","0","0","0","0","0","0","0","0","0","7"
"1053","CNCNH North Am","145.42000","144.82000","D-Digital","High","12.5K","Off","Off","North America","Group Call","3","KC1JMH / Brad Brown","Always","Carrier","Off","1","1","1","Off","7","1","None","None","Off","Off","Off","Off","Normal Encryption","Off","Off","Off","Off","251.1","1","Off","On","Off","Off","Off","Off","1","0","Off","0","2","0","0","0","0","0","0","0","0","0","7"
"1054","CNCNH Northeast","145.42000","144.82000","D-Digital","High","12.5K","Off","Off","Northeast","Group Call","3172","KC1JMH / Brad Brown","Always","Carrier","Off","1","1","1","Off","7","1","None","None","Off","Off","Off","Off","Normal Encryption","Off","Off","Off","Off","251.1","1","Off","On","Off","Off","Off","Off","1","0","Off","0","2","0","0","0","0","0","0","0","0","0","7"
"1055","CNCNH Parrot","145.42000","144.82000","D-Digital","High","12.5K","Off","Off","Parrot","Group Call","9998","KC1JMH / Brad Brown","Always","Carrier","Off","1","1","1","Off","7","1","None","None","Off","Off","Off","Off","Normal Encryption","Off","Off","Off","Off","251.1","1","Off","On","Off","Off","Off","Off","1","0","Off","0","2","0","0","0","0","0","0","0","0","0","7"
"1056","CNCNH Reg North","145.42000","144.82000","D-Digital","High","12.5K","Off","Off","Region North","Group Call","8","KC1JMH / Brad Brown","Always","Carrier","Off","1","1","1","Off","7","2","None","None","Off","Off","Off","Off","Normal Encryption","Off","Off","Off","Off","251.1","1","Off","On","Off","Off","Off","Off","1","0","Off","0","2","0","0","0","0","0","0","0","0","0","7"
"1057","CNCNH SKYWARN","145.42000","144.82000","D-Digital","High","12.5K","Off","Off","SKYWARN","Group Call","759","KC1JMH / Brad Brown","Always","Carrier","Off","1","1","1","Off","7","1","None","None","Off","Off","Off","Off","Normal Encryption","Off","Off","Off","Off","251.1","1","Off","On","Off","Off","Off","Off","1","0","Off","0","2","0","0","0","0","0","0","0","0","0","7"
"1058","CNCNH TAC310","145.42000","144.82000","D-Digital","High","12.5K","Off","Off","TAC310","Group Call","310","KC1JMH / Brad Brown","Always","Carrier","Off","1","1","1","Off","7","1","None","None","Off","Off","Off","Off","Normal Encryption","Off","Off","Off","Off","251.1","1","Off","On","Off","Off","Off","Off","1","0","Off","0","2","0","0","0","0","0","0","0","0","0","7"
"1059","CNCNH TAC311","145.42000","144.82000","D-Digital","High","12.5K","Off","Off","TAC311","Group Call","311","KC1JMH / Brad Brown","Always","Carrier","Off","1","1","1","Off","7","1","None","None","Off","Off","Off","Off","Normal Encryption","Off","Off","Off","Off","251.1","1","Off","On","Off","Off","Off","Off","1","0","Off","0","2","0","0","0","0","0","0","0","0","0","7"
"1060","CNCNH UA Eng1","145.42000","144.82000","D-Digital","High","12.5K","Off","Off","UA English 1-113","Group Call","113","KC1JMH / Brad Brown","Always","Carrier","Off","1","1","1","Off","7","1","None","None","Off","Off","Off","Off","Normal Encryption","Off","Off","Off","Off","251.1","1","Off","On","Off","Off","Off","Off","1","0","Off","0","2","0","0","0","0","0","0","0","0","0","7"
"1061","CNCNH UA Eng2","145.42000","144.82000","D-Digital","High","12.5K","Off","Off","UA English 2-123","Group Call","123","KC1JMH / Brad Brown","Always","Carrier","Off","1","1","1","Off","7","1","None","None","Off","Off","Off","Off","Normal Encryption","Off","Off","Off","Off","251.1","1","Off","On","Off","Off","Off","Off","1","0","Off","0","2","0","0","0","0","0","0","0","0","0","7"
"1062","CNCNH WW","145.42000","144.82000","D-Digital","High","12.5K","Off","Off","WW Call","Group Call","1","KC1JMH / Brad Brown","Always","Carrier","Off","1","1","1","Off","7","1","None","None","Off","Off","Off","Off","Normal Encryption","Off","Off","Off","Off","251.1","1","Off","On","Off","Off","Off","Off","1","0","Off","0","2","0","0","0","0","0","0","0","0","0","7"
"1063","CNCNH WW Eng","145.42000","144.82000","D-Digital","High","12.5K","Off","Off","WW English","Group Call","13","KC1JMH / Brad Brown","Always","Carrier","Off","1","1","1","Off","7","1","None","None","Off","Off","Off","Off","Normal Encryption","Off","Off","Off","Off","251.1","1","Off","On","Off","Off","Off","Off","1","0","Off","0","2","0","0","0","0","0","0","0","0","0","7"
"1064","DRYNH Local","145.31000","144.71000","D-Digital","High","12.5K","Off","Off","Local","Group Call","9","KC1JMH / Brad Brown","Always","Carrier","Off","1","1","1","Off","1","2","None","None","Off","Off","Off","Off","Normal Encryption","Off","Off","Off","Off","251.1","1","Off","On","Off","Off","Off","Off","1","0","Off","0","2","0","0","0","0","0","0","0","0","0","1"
"1065","DRYNH NE Wide","145.31000","144.71000","D-Digital","High","12.5K","Off","Off","New England-Wide","Group Call","3181","KC1JMH / Brad Brown","Always","Carrier","Off","1","1","1","Off","1","2","None","None","Off","Off","Off","Off","Normal Encryption","Off","Off","Off","Off","251.1","1","Off","On","Off","Off","Off","Off","1","0","Off","0","2","0","0","0","0","0","0","0","0","0","1"
"1066","DRYNH NETAC1","145.31000","144.71000","D-Digital","High","12.5K","Off","Off","NETAC1","Group Call","8801","KC1JMH / Brad Brown","Always","Carrier","Off","1","1","1","Off","1","1","None","None","Off","Off","Off","Off","Normal Encryption","Off","Off","Off","Off","251.1","1","Off","On","Off","Off","Off","Off","1","0","Off","0","2","0","0","0","0","0","0","0","0","0","1"
"1067","DRYNH NETAC2","145.31000","144.71000","D-Digital","High","12.5K","Off","Off","NETAC2","Group Call","8802","KC1JMH / Brad Brown","Always","Carrier","Off","1","1","1","Off","1","2","None","None","Off","Off","Off","Off","Normal Encryption","Off","Off","Off","Off","251.1","1","Off","On","Off","Off","Off","Off","1","0","Off","0","2","0","0","0","0","0","0","0","0","0","1"
"1068","DRYNH NH SW","145.31000","144.71000","D-Digital","High","12.5K","Off","Off","NH Statewide","Group Call","3133","KC1JMH / Brad Brown","Always","Carrier","Off","1","1","1","Off","1","2","None","None","Off","Off","Off","Off","Normal Encryption","Off","Off","Off","Off","251.1","1","Off","On","Off","Off","Off","Off","1","0","Off","0","2","0","0","0","0","0","0","0","0","0","1"
"1069","DRYNH North Am","145.31000","144.71000","D-Digital","High","12.5K","Off","Off","North America","Group Call","3","KC1JMH / Brad Brown","Always","Carrier","Off","1","1","1","Off","1","1","None","None","Off","Off","Off","Off","Normal Encryption","Off","Off","Off","Off","251.1","1","Off","On","Off","Off","Off","Off","1","0","Off","0","2","0","0","0","0","0","0","0","0","0","1"
"1070","DRYNH Northeast","145.31000","144.71000","D-Digital","High","12.5K","Off","Off","Northeast","Group Call","3172","KC1JMH / Brad Brown","Always","Carrier","Off","1","1","1","Off","1","1","None","None","Off","Off","Off","Off","Normal Encryption","Off","Off","Off","Off","251.1","1","Off","On","Off","Off","Off","Off","1","0","Off","0","2","0","0","0","0","0","0","0","0","0","1"
"1071","DRYNH Parrot","145.31000","144.71000","D-Digital","High","12.5K","Off","Off","Parrot","Group Call","9998","KC1JMH / Brad Brown","Always","Carrier","Off","1","1","1","Off","1","1","None","None","Off","Off","Off","Off","Normal Encryption","Off","Off","Off","Off","251.1","1","Off","On","Off","Off","Off","Off","1","0","Off","0","2","0","0","0","0","0","0","0","0","0","1"
"1072","DRYNH Reg North","145.31000","144.71000","D-Digital","High","12.5K","Off","Off","Region North","Group Call","8","KC1JMH / Brad Brown","Always","Carrier","Off","1","1","1","Off","1","2","None","None","Off","Off","Off","Off","Normal Encryption","Off","Off","Off","Off","251.1","1","Off","On","Off","Off","Off","Off","1","0","Off","0","2","0","0","0","0","0","0","0","0","0","1"
"1073","DRYNH SKYWARN","145.31000","144.71000","D-Digital","High","12.5K","Off","Off","SKYWARN","Group Call","759","KC1JMH / Brad Brown","Always","Carrier","Off","1","1","1","Off","1","1","None","None","Off","Off","Off","Off","Normal Encryption","Off","Off","Off","Off","251.1","1","Off","On","Off","Off","Off","Off","1","0","Off","0","2","0","0","0","0","0","0","0","0","0","1"
"1074","DRYNH TAC310","145.31000","144.71000","D-Digital","High","12.5K","Off","Off","TAC310","Group Call","310","KC1JMH / Brad Brown","Always","Carrier","Off","1","1","1","Off","1","1","None","None","Off","Off","Off","Off","Normal Encryption","Off","Off","Off","Off","251.1","1","Off","On","Off","Off","Off","Off","1","0","Off","0","2","0","0","0","0","0","0","0","0","0","1"
"1075","DRYNH TAC311","145.31000","144.71000","D-Digital","High","12.5K","Off","Off","TAC311","Group Call","311","KC1JMH / Brad Brown","Always","Carrier","Off","1","1","1","Off","1","1","None","None","Off","Off","Off","Off","Normal Encryption","Off","Off","Off","Off","251.1","1","Off","On","Off","Off","Off","Off","1","0","Off","0","2","0","0","0","0","0","0","0","0","0","1"
"1076","DRYNH UA Eng1","145.31000","144.71000","D-Digital","High","12.5K","Off","Off","UA English 1-113","Group Call","113","KC1JMH / Brad Brown","Always","Carrier","Off","1","1","1","Off","1","1","None","None","Off","Off","Off","Off","Normal Encryption","Off","Off","Off","Off","251.1","1","Off","On","Off","Off","Off","Off","1","0","Off","0","2","0","0","0","0","0","0","0","0","0","1"
"1077","DRYNH UA Eng2","145.31000","144.71000","D-Digital","High","12.5K","Off","Off","UA English 2-123","Group Call","123","KC1JMH / Brad Brown","Always","Carrier","Off","1","1","1","Off","1","1","None","None","Off","Off","Off","Off","Normal Encryption","Off","Off","Off","Off","251.1","1","Off","On","Off","Off","Off","Off","1","0","Off","0","2","0","0","0","0","0","0","0","0","0","1"
"1078","DRYNH WW","145.31000","144.71000","D-Digital","High","12.5K","Off","Off","WW Call","Group Call","1","KC1JMH / Brad Brown","Always","Carrier","Off","1","1","1","Off","1","1","None","None","Off","Off","Off","Off","Normal Encryption","Off","Off","Off","Off","251.1","1","Off","On","Off","Off","Off","Off","1","0","Off","0","2","0","0","0","0","0","0","0","0","0","1"
"1079","DRYNH WW Eng","145.31000","144.71000","D-Digital","High","12.5K","Off","Off","WW English","Group Call","13","KC1JMH / Brad Brown","Always","Carrier","Off","1","1","1","Off","1","1","None","None","Off","Off","Off","Off","Normal Encryption","Off","Off","Off","Off","251.1","1","Off","On","Off","Off","Off","Off","1","0","Off","0","2","0","0","0","0","0","0","0","0","0","1"
"1080","FRNNH CT SW","145.46000","144.86000","D-Digital","High","12.5K","Off","Off","CT Statewide","Group Call","3109","KC1JMH / Brad Brown","Always","Carrier","Off","1","1","1","Off","1","1","None","None","Off","Off","Off","Off","Normal Encryption","Off","Off","Off","Off","251.1","1","Off","On","Off","Off","Off","Off","1","0","Off","0","2","0","0","0","0","0","0","0","0","0","1"
"1081","FRNNH Local","145.46000","144.86000","D-Digital","High","12.5K","Off","Off","Local","Group Call","9","KC1JMH / Brad Brown","Always","Carrier","Off","1","1","1","Off","1","2","None","None","Off","Off","Off","Off","Normal Encryption","Off","Off","Off","Off","251.1","1","Off","On","Off","Off","Off","Off","1","0","Off","0","2","0","0","0","0","0","0","0","0","0","1"
"1082","FRNNH MA SW","145.46000","144.86000","D-Digital","High","12.5K","Off","Off","MA Statewide","Group Call","3125","KC1JMH / Brad Brown","Always","Carrier","Off","1","1","1","Off","1","1","None","None","Off","Off","Off","Off","Normal Encryption","Off","Off","Off","Off","251.1","1","Off","On","Off","Off","Off","Off","1","0","Off","0","2","0","0","0","0","0","0","0","0","0","1"
"1083","FRNNH ME SW","145.46000","144.86000","D-Digital","High","12.5K","Off","Off","ME Statewide","Group Call","3123","KC1JMH / Brad Brown","Always","Carrier","Off","1","1","1","Off","1","1","None","None","Off","Off","Off","Off","Normal Encryption","Off","Off","Off","Off","251.1","1","Off","On","Off","Off","Off","Off","1","0","Off","0","2","0","0","0","0","0","0","0","0","0","1"
"1084","FRNNH NE Wide","145.46000","144.86000","D-Digital","High","12.5K","Off","Off","New England-Wide","Group Call","3181","KC1JMH / Brad Brown","Always","Carrier","Off","1","1","1","Off","1","2","None","None","Off","Off","Off","Off","Normal Encryption","Off","Off","Off","Off","251.1","1","Off","On","Off","Off","Off","Off","1","0","Off","0","2","0","0","0","0","0","0","0","0","0","1"
"1085","FRNNH NETAC1","145.46000","144.86000","D-Digital","High","12.5K","Off","Off","NETAC1","Group Call","8801","KC1JMH / Brad Brown","Always","Carrier","Off","1","1","1","Off","1","1","None","None","Off","Off","Off","Off","Normal Encryption","Off","Off","Off","Off","251.1","1","Off","On","Off","Off","Off","Off","1","0","Off","0","2","0","0","0","0","0","0","0","0","0","1"
"1086","FRNNH NETAC2","145.46000","144.86000","D-Digital","High","12.5K","Off","Off","NETAC2","Group Call","8802","KC1JMH / Brad Brown","Always","Carrier","Off","1","1","1","Off","1","2","None","None","Off","Off","Off","Off","Normal Encryption","Off","Off","Off","Off","251.1","1","Off","On","Off","Off","Off","Off","1","0","Off","0","2","0","0","0","0","0","0","0","0","0","1"
"1087","FRNNH NH SW","145.46000","144.86000","D-Digital","High","12.5K","Off","Off","NH Statewide","Group Call","3133","KC1JMH / Brad Brown","Always","Carrier","Off","1","1","1","Off","1","2","None","None","Off","Off","Off","Off","Normal Encryption","Off","Off","Off","Off","251.1","1","Off","On","Off","Off","Off","Off","1","0","Off","0","2","0","0","0","0","0","0","0","0","0","1"
"1088","FRNNH North Am","145.46000","144.86000","D-Digital","High","12.5K","Off","Off","North America","Group Call","3","KC1JMH / Brad Brown","Always","Carrier","Off","1","1","1","Off","1","1","None","None","Off","Off","Off","Off","Normal Encryption","Off","Off","Off","Off","251.1","1","Off","On","Off","Off","Off","Off","1","0","Off","0","2","0","0","0","0","0","0","0","0","0","1"
"1089","FRNNH Northeast","145.46000","144.86000","D-Digital","High","12.5K","Off","Off","Northeast","Group Call","3172","KC1JMH / Brad Brown","Always","Carrier","Off","1","1","1","Off","1","1","None","None","Off","Off","Off","Off","Normal Encryption","Off","Off","Off","Off","251.1","1","Off","On","Off","Off","Off","Off","1","0","Off","0","2","0","0","0","0","0","0","0","0","0","1"
"1090","FRNNH Parrot","145.46000","144.86000","D-Digital","High","12.5K","Off","Off","Parrot","Group Call","9998","KC1JMH / Brad Brown","Always","Carrier","Off","1","1","1","Off","1","1","None","None","Off","Off","Off","Off","Normal Encryption","Off","Off","Off","Off","251.1","1","Off","On","Off","Off","Off","Off","1","0","Off","0","2","0","0","0","0","0","0","0","0","0","1"
"1091","FRNNH Reg North","145.46000","144.86000","D-Digital","High","12.5K","Off","Off","Region North","Group Call","8","KC1JMH / Brad Brown","Always","Carrier","Off","1","1","1","Off","1","1","None","None","Off","Off","Off","Off","Normal Encryption","Off","Off","Off","Off","251.1","1","Off","On","Off","Off","Off","Off","1","0","Off","0","2","0","0","0","0","0","0","0","0","0","1"
"1092","FRNNH SKYWARN","145.46000","144.86000","D-Digital","High","12.5K","Off","Off","SKYWARN","Group Call","759","KC1JMH / Brad Brown","Always","Carrier","Off","1","1","1","Off","1","1","None","None","Off","Off","Off","Off","Normal Encryption","Off","Off","Off","Off","251.1","1","Off","On","Off","Off","Off","Off","1","0","Off","0","2","0","0","0","0","0","0","0","0","0","1"
"1093","FRNNH TAC310","145.46000","144.86000","D-Digital","High","12.5K","Off","Off","TAC310","Group Call","310","KC1JMH / Brad Brown","Always","Carrier","Off","1","1","1","Off","1","1","None","None","Off","Off","Off","Off","Normal Encryption","Off","Off","Off","Off","251.1","1","Off","On","Off","Off","Off","Off","1","0","Off","0","2","0","0","0","0","0","0","0","0","0","1"
"1094","FRNNH TAC311","145.46000","144.86000","D-Digital","High","12.5K","Off","Off","TAC311","Group Call","311","KC1JMH / Brad Brown","Always","Carrier","Off","1","1","1","Off","1","1","None","None","Off","Off","Off","Off","Normal Encryption","Off","Off","Off","Off","251.1","1","Off","On","Off","Off","Off","Off","1","0","Off","0","2","0","0","0","0","0","0","0","0","0","1"
"1095","FRNNH UA Eng1","145.46000","144.86000","D-Digital","High","12.5K","Off","Off","UA English 1-113","Group Call","113","KC1JMH / Brad Brown","Always","Carrier","Off","1","1","1","Off","1","1","None","None","Off","Off","Off","Off","Normal Encryption","Off","Off","Off","Off","251.1","1","Off","On","Off","Off","Off","Off","1","0","Off","0","2","0","0","0","0","0","0","0","0","0","1"
"1096","FRNNH UA Eng2","145.46000","144.86000","D-Digital","High","12.5K","Off","Off","UA English 2-123","Group Call","123","KC1JMH / Brad Brown","Always","Carrier","Off","1","1","1","Off","1","1","None","None","Off","Off","Off","Off","Normal Encryption","Off","Off","Off","Off","251.1","1","Off","On","Off","Off","Off","Off","1","0","Off","0","2","0","0","0","0","0","0","0","0","0","1"
"1097","FRNNH VT SW","145.46000","144.86000","D-Digital","High","12.5K","Off","Off","VT Statewide","Group Call","3150","KC1JMH / Brad Brown","Always","Carrier","Off","1","1","1","Off","1","1","None","None","Off","Off","Off","Off","Normal Encryption","Off","Off","Off","Off","251.1","1","Off","On","Off","Off","Off","Off","1","0","Off","0","2","0","0","0","0","0","0","0","0","0","1"
"1098","FRNNH WW","145.46000","144.86000","D-Digital","High","12.5K","Off","Off","WW Call","Group Call","1","KC1JMH / Brad Brown","Always","Carrier","Off","1","1","1","Off","1","1","None","None","Off","Off","Off","Off","Normal Encryption","Off","Off","Off","Off","251.1","1","Off","On","Off","Off","Off","Off","1","0","Off","0","2","0","0","0","0","0","0","0","0","0","1"
"1099","FRNNH WW Eng","145.46000","144.86000","D-Digital","High","12.5K","Off","Off","WW English","Group Call","13","KC1JMH / Brad Brown","Always","Carrier","Off","1","1","1","Off","1","1","None","None","Off","Off","Off","Off","Normal Encryption","Off","Off","Off","Off","251.1","1","Off","On","Off","Off","Off","Off","1","0","Off","0","2","0","0","0","0","0","0","0","0","0","1"
"1100","GILFNH Local","449.42500","444.42500","D-Digital","High","12.5K","Off","Off","Local","Group Call","9","KC1JMH / Brad Brown","Always","Carrier","Off","1","1","1","Off","3","2","None","None","Off","Off","Off","Off","Normal Encryption","Off","Off","Off","Off","251.1","1","Off","On","Off","Off","Off","Off","1","0","Off","0","2","0","0","0","0","0","0","0","0","0","3"
"1101","GILFNH MA SW","449.42500","444.42500","D-Digital","High","12.5K","Off","Off","MA Statewide","Group Call","3125","KC1JMH / Brad Brown","Always","Carrier","Off","1","1","1","Off","3","2","None","None","Off","Off","Off","Off","Normal Encryption","Off","Off","Off","Off","251.1","1","Off","On","Off","Off","Off","Off","1","0","Off","0","2","0","0","0","0","0","0","0","0","0","3"
"1102","GILFNH NE Wide","449.42500","444.42500","D-Digital","High","12.5K","Off","Off","New England-Wide","Group Call","3181","KC1JMH / Brad Brown","Always","Carrier","Off","1","1","1","Off","3","2","None","None","Off","Off","Off","Off","Normal Encryption","Off","Off","Off","Off","251.1","1","Off","On","Off","Off","Off","Off","1","0","Off","0","2","0","0","0","0","0","0","0","0","0","3"
"1103","GILFNH NETAC1","449.42500","444.42500","D-Digital","High","12.5K","Off","Off","NETAC1","Group Call","8801","KC1JMH / Brad Brown","Always","Carrier","Off","1","1","1","Off","3","1","None","None","Off","Off","Off","Off","Normal Encryption","Off","Off","Off","Off","251.1","1","Off","On","Off","Off","Off","Off","1","0","Off","0","2","0","0","0","0","0","0","0","0","0","3"
"1104","GILFNH NETAC2","449.42500","444.42500","D-Digital","High","12.5K","Off","Off","NETAC2","Group Call","8802","KC1JMH / Brad Brown","Always","Carrier","Off","1","1","1","Off","3","2","None","None","Off","Off","Off","Off","Normal Encryption","Off","Off","Off","Off","251.1","1","Off","On","Off","Off","Off","Off","1","0","Off","0","2","0","0","0","0","0","0","0","0","0","3"
"1105","GILFNH NH SW","449.42500","444.42500","D-Digital","High","12.5K","Off","Off","NH Statewide","Group Call","3133","KC1JMH / Brad Brown","Always","Carrier","Off","1","1","1","Off","3","2","None","None","Off","Off","Off","Off","Normal Encryption","Off","Off","Off","Off","251.1","1","Off","On","Off","Off","Off","Off","1","0","Off","0","2","0","0","0","0","0","0","0","0","0","3"
"1106","GILFNH North Am","449.42500","444.42500","D-Digital","High","12.5K","Off","Off","North America","Group Call","3","KC1JMH / Brad Brown","Always","Carrier","Off","1","1","1","Off","3","1","None","None","Off","Off","Off","Off","Normal Encryption","Off","Off","Off","Off","251.1","1","Off","On","Off","Off","Off","Off","1","0","Off","0","2","0","0","0","0","0","0","0","0","0","3"
"1107","GILFNH Northeast","449.42500","444.42500","D-Digital","High","12.5K","Off","Off","Northeast","Group Call","3172","KC1JMH / Brad Brown","Always","Carrier","Off","1","1","1","Off","3","1","None","None","Off","Off","Off","Off","Normal Encryption","Off","Off","Off","Off","251.1","1","Off","On","Off","Off","Off","Off","1","0","Off","0","2","0","0","0","0","0","0","0","0","0","3"
"1108","GILFNH Parrot","449.42500","444.42500","D-Digital","High","12.5K","Off","Off","Parrot","Group Call","9998","KC1JMH / Brad Brown","Always","Carrier","Off","1","1","1","Off","3","1","None","None","Off","Off","Off","Off","Normal Encryption","Off","Off","Off","Off","251.1","1","Off","On","Off","Off","Off","Off","1","0","Off","0","2","0","0","0","0","0","0","0","0","0","3"
"1109","GILFNH Reg North","449.42500","444.42500","D-Digital","High","12.5K","Off","Off","Region North","Group Call","8","KC1JMH / Brad Brown","Always","Carrier","Off","1","1","1","Off","3","2","None","None","Off","Off","Off","Off","Normal Encryption","Off","Off","Off","Off","251.1","1","Off","On","Off","Off","Off","Off","1","0","Off","0","2","0","0","0","0","0","0","0","0","0","3"
"1110","GILFNH SKYWARN","449.42500","444.42500","D-Digital","High","12.5K","Off","Off","SKYWARN","Group Call","759","KC1JMH / Brad Brown","Always","Carrier","Off","1","1","1","Off","3","1","None","None","Off","Off","Off","Off","Normal Encryption","Off","Off","Off","Off","251.1","1","Off","On","Off","Off","Off","Off","1","0","Off","0","2","0","0","0","0","0","0","0","0","0","3"
"1111","GILFNH TAC310","449.42500","444.42500","D-Digital","High","12.5K","Off","Off","TAC310","Group Call","310","KC1JMH / Brad Brown","Always","Carrier","Off","1","1","1","Off","3","1","None","None","Off","Off","Off","Off","Normal Encryption","Off","Off","Off","Off","251.1","1","Off","On","Off","Off","Off","Off","1","0","Off","0","2","0","0","0","0","0","0","0","0","0","3"
"1112","GILFNH TAC311","449.42500","444.42500","D-Digital","High","12.5K","Off","Off","TAC311","Group Call","311","KC1JMH / Brad Brown","Always","Carrier","Off","1","1","1","Off","3","1","None","None","Off","Off","Off","Off","Normal Encryption","Off","Off","Off","Off","251.1","1","Off","On","Off","Off","Off","Off","1","0","Off","0","2","0","0","0","0","0","0","0","0","0","3"
"1113","GILFNH UA Eng1","449.42500","444.42500","D-Digital","High","12.5K","Off","Off","UA English 1-113","Group Call","113","KC1JMH / Brad Brown","Always","Carrier","Off","1","1","1","Off","3","1","None","None","Off","Off","Off","Off","Normal Encryption","Off","Off","Off","Off","251.1","1","Off","On","Off","Off","Off","Off","1","0","Off","0","2","0","0","0","0","0","0","0","0","0","3"
"1114","GILFNH UA Eng2","449.42500","444.42500","D-Digital","High","12.5K","Off","Off","UA English 2-123","Group Call","123","KC1JMH / Brad Brown","Always","Carrier","Off","1","1","1","Off","3","1","None","None","Off","Off","Off","Off","Normal Encryption","Off","Off","Off","Off","251.1","1","Off","On","Off","Off","Off","Off","1","0","Off","0","2","0","0","0","0","0","0","0","0","0","3"
"1115","GILFNH VT SW","449.42500","444.42500","D-Digital","High","12.5K","Off","Off","VT Statewide","Group Call","3150","KC1JMH / Brad Brown","Always","Carrier","Off","1","1","1","Off","3","2","None","None","Off","Off","Off","Off","Normal Encryption","Off","Off","Off","Off","251.1","1","Off","On","Off","Off","Off","Off","1","0","Off","0","2","0","0","0","0","0","0","0","0","0","3"
"1116","GILFNH WW","449.42500","444.42500","D-Digital","High","12.5K","Off","Off","WW Call","Group Call","1","KC1JMH / Brad Brown","Always","Carrier","Off","1","1","1","Off","3","1","None","None","Off","Off","Off","Off","Normal Encryption","Off","Off","Off","Off","251.1","1","Off","On","Off","Off","Off","Off","1","0","Off","0","2","0","0","0","0","0","0","0","0","0","3"
"1117","GILFNH WW Eng","449.42500","444.42500","D-Digital","High","12.5K","Off","Off","WW English","Group Call","13","KC1JMH / Brad Brown","Always","Carrier","Off","1","1","1","Off","3","1","None","None","Off","Off","Off","Off","Normal Encryption","Off","Off","Off","Off","251.1","1","Off","On","Off","Off","Off","Off","1","0","Off","0","2","0","0","0","0","0","0","0","0","0","3"
"1118","GNUNH Local","447.87500","442.87500","D-Digital","High","12.5K","Off","Off","Local","Group Call","9","KC1JMH / Brad Brown","Always","Carrier","Off","1","1","1","Off","9","2","None","None","Off","Off","Off","Off","Normal Encryption","Off","Off","Off","Off","251.1","1","Off","On","Off","Off","Off","Off","1","0","Off","0","2","0","0","0","0","0","0","0","0","0","9"
"1119","GNUNH MA SW","447.87500","442.87500","D-Digital","High","12.5K","Off","Off","MA Statewide","Group Call","3125","KC1JMH / Brad Brown","Always","Carrier","Off","1","1","1","Off","9","1","None","None","Off","Off","Off","Off","Normal Encryption","Off","Off","Off","Off","251.1","1","Off","On","Off","Off","Off","Off","1","0","Off","0","2","0","0","0","0","0","0","0","0","0","9"
"1120","GNUNH ME SW","447.87500","442.87500","D-Digital","High","12.5K","Off","Off","ME Statewide","Group Call","3123","KC1JMH / Brad Brown","Always","Carrier","Off","1","1","1","Off","9","1","None","None","Off","Off","Off","Off","Normal Encryption","Off","Off","Off","Off","251.1","1","Off","On","Off","Off","Off","Off","1","0","Off","0","2","0","0","0","0","0","0","0","0","0","9"
"1121","GNUNH NE Wide","447.87500","442.87500","D-Digital","High","12.5K","Off","Off","New England-Wide","Group Call","3181","KC1JMH / Brad Brown","Always","Carrier","Off","1","1","1","Off","9","2","None","None","Off","Off","Off","Off","Normal Encryption","Off","Off","Off","Off","251.1","1","Off","On","Off","Off","Off","Off","1","0","Off","0","2","0","0","0","0","0","0","0","0","0","9"
"1122","GNUNH NETAC1","447.87500","442.87500","D-Digital","High","12.5K","Off","Off","NETAC1","Group Call","8801","KC1JMH / Brad Brown","Always","Carrier","Off","1","1","1","Off","9","1","None","None","Off","Off","Off","Off","Normal Encryption","Off","Off","Off","Off","251.1","1","Off","On","Off","Off","Off","Off","1","0","Off","0","2","0","0","0","0","0","0","0","0","0","9"
"1123","GNUNH NETAC2","447.87500","442.87500","D-Digital","High","12.5K","Off","Off","NETAC2","Group Call","8802","KC1JMH / Brad Brown","Always","Carrier","Off","1","1","1","Off","9","2","None","None","Off","Off","Off","Off","Normal Encryption","Off","Off","Off","Off","251.1","1","Off","On","Off","Off","Off","Off","1","0","Off","0","2","0","0","0","0","0","0","0","0","0","9"
"1124","GNUNH NH SW","447.87500","442.87500","D-Digital","High","12.5K","Off","Off","NH Statewide","Group Call","3133","KC1JMH / Brad Brown","Always","Carrier","Off","1","1","1","Off","9","2","None","None","Off","Off","Off","Off","Normal Encryption","Off","Off","Off","Off","251.1","1","Off","On","Off","Off","Off","Off","1","0","Off","0","2","0","0","0","0","0","0","0","0","0","9"
"1125","GNUNH North Am","447.87500","442.87500","D-Digital","High","12.5K","Off","Off","North America","Group Call","3","KC1JMH / Brad Brown","Always","Carrier","Off","1","1","1","Off","9","1","None","None","Off","Off","Off","Off","Normal Encryption","Off","Off","Off","Off","251.1","1","Off","On","Off","Off","Off","Off","1","0","Off","0","2","0","0","0","0","0","0","0","0","0","9"
"1126","GNUNH Northeast","447.87500","442.87500","D-Digital","High","12.5K","Off","Off","Northeast","Group Call","3172","KC1JMH / Brad Brown","Always","Carrier","Off","1","1","1","Off","9","1","None","None","Off","Off","Off","Off","Normal Encryption","Off","Off","Off","Off","251.1","1","Off","On","Off","Off","Off","Off","1","0","Off","0","2","0","0","0","0","0","0","0","0","0","9"
"1127","GNUNH Parrot","447.87500","442.87500","D-Digital","High","12.5K","Off","Off","Parrot","Group Call","9998","KC1JMH / Brad Brown","Always","Carrier","Off","1","1","1","Off","9","1","None","None","Off","Off","Off","Off","Normal Encryption","Off","Off","Off","Off","251.1","1","Off","On","Off","Off","Off","Off","1","0","Off","0","2","0","0","0","0","0","0","0","0","0","9"
"1128","GNUNH Reg North","447.87500","442.87500","D-Digital","High","12.5K","Off","Off","Region North","Group Call","8","KC1JMH / Brad Brown","Always","Carrier","Off","1","1","1","Off","9","2","None","None","Off","Off","Off","Off","Normal Encryption","Off","Off","Off","Off","251.1","1","Off","On","Off","Off","Off","Off","1","0","Off","0","2","0","0","0","0","0","0","0","0","0","9"
"1129","GNUNH SKYWARN","447.87500","442.87500","D-Digital","High","12.5K","Off","Off","SKYWARN","Group Call","759","KC1JMH / Brad Brown","Always","Carrier","Off","1","1","1","Off","9","1","None","None","Off","Off","Off","Off","Normal Encryption","Off","Off","Off","Off","251.1","1","Off","On","Off","Off","Off","Off","1","0","Off","0","2","0","0","0","0","0","0","0","0","0","9"
"1130","GNUNH TAC310","447.87500","442.87500","D-Digital","High","12.5K","Off","Off","TAC310","Group Call","310","KC1JMH / Brad Brown","Always","Carrier","Off","1","1","1","Off","9","1","None","None","Off","Off","Off","Off","Normal Encryption","Off","Off","Off","Off","251.1","1","Off","On","Off","Off","Off","Off","1","0","Off","0","2","0","0","0","0","0","0","0","0","0","9"
"1131","GNUNH TAC311","447.87500","442.87500","D-Digital","High","12.5K","Off","Off","TAC311","Group Call","311","KC1JMH / Brad Brown","Always","Carrier","Off","1","1","1","Off","9","1","None","None","Off","Off","Off","Off","Normal Encryption","Off","Off","Off","Off","251.1","1","Off","On","Off","Off","Off","Off","1","0","Off","0","2","0","0","0","0","0","0","0","0","0","9"
"1132","GNUNH UA Eng1","447.87500","442.87500","D-Digital","High","12.5K","Off","Off","UA English 1-113","Group Call","113","KC1JMH / Brad Brown","Always","Carrier","Off","1","1","1","Off","9","1","None","None","Off","Off","Off","Off","Normal Encryption","Off","Off","Off","Off","251.1","1","Off","On","Off","Off","Off","Off","1","0","Off","0","2","0","0","0","0","0","0","0","0","0","9"
"1133","GNUNH UA Eng2","447.87500","442.87500","D-Digital","High","12.5K","Off","Off","UA English 2-123","Group Call","123","KC1JMH / Brad Brown","Always","Carrier","Off","1","1","1","Off","9","1","None","None","Off","Off","Off","Off","Normal Encryption","Off","Off","Off","Off","251.1","1","Off","On","Off","Off","Off","Off","1","0","Off","0","2","0","0","0","0","0","0","0","0","0","9"
"1134","GNUNH VT SW","447.87500","442.87500","D-Digital","High","12.5K","Off","Off","VT Statewide","Group Call","3150","KC1JMH / Brad Brown","Always","Carrier","Off","1","1","1","Off","9","1","None","None","Off","Off","Off","Off","Normal Encryption","Off","Off","Off","Off","251.1","1","Off","On","Off","Off","Off","Off","1","0","Off","0","2","0","0","0","0","0","0","0","0","0","9"
"1135","GNUNH WW","447.87500","442.87500","D-Digital","High","12.5K","Off","Off","WW Call","Group Call","1","KC1JMH / Brad Brown","Always","Carrier","Off","1","1","1","Off","9","1","None","None","Off","Off","Off","Off","Normal Encryption","Off","Off","Off","Off","251.1","1","Off","On","Off","Off","Off","Off","1","0","Off","0","2","0","0","0","0","0","0","0","0","0","9"
"1136","GNUNH WW Eng","447.87500","442.87500","D-Digital","High","12.5K","Off","Off","WW English","Group Call","13","KC1JMH / Brad Brown","Always","Carrier","Off","1","1","1","Off","9","1","None","None","Off","Off","Off","Off","Normal Encryption","Off","Off","Off","Off","251.1","1","Off","On","Off","Off","Off","Off","1","0","Off","0","2","0","0","0","0","0","0","0","0","0","9"
"1137","GNVNH Local","145.36000","144.76000","D-Digital","High","12.5K","Off","Off","Local","Group Call","9","KC1JMH / Brad Brown","Always","Carrier","Off","1","1","1","Off","3","2","None","None","Off","Off","Off","Off","Normal Encryption","Off","Off","Off","Off","251.1","1","Off","On","Off","Off","Off","Off","1","0","Off","0","2","0","0","0","0","0","0","0","0","0","3"
"1138","GNVNH NE Wide","145.36000","144.76000","D-Digital","High","12.5K","Off","Off","New England-Wide","Group Call","3181","KC1JMH / Brad Brown","Always","Carrier","Off","1","1","1","Off","3","2","None","None","Off","Off","Off","Off","Normal Encryption","Off","Off","Off","Off","251.1","1","Off","On","Off","Off","Off","Off","1","0","Off","0","2","0","0","0","0","0","0","0","0","0","3"
"1139","GNVNH NETAC1","145.36000","144.76000","D-Digital","High","12.5K","Off","Off","NETAC1","Group Call","8801","KC1JMH / Brad Brown","Always","Carrier","Off","1","1","1","Off","3","1","None","None","Off","Off","Off","Off","Normal Encryption","Off","Off","Off","Off","251.1","1","Off","On","Off","Off","Off","Off","1","0","Off","0","2","0","0","0","0","0","0","0","0","0","3"
"1140","GNVNH NETAC2","145.36000","144.76000","D-Digital","High","12.5K","Off","Off","NETAC2","Group Call","8802","KC1JMH / Brad Brown","Always","Carrier","Off","1","1","1","Off","3","2","None","None","Off","Off","Off","Off","Normal Encryption","Off","Off","Off","Off","251.1","1","Off","On","Off","Off","Off","Off","1","0","Off","0","2","0","0","0","0","0","0","0","0","0","3"
"1141","GNVNH NH SW","145.36000","144.76000","D-Digital","High","12.5K","Off","Off","NH Statewide","Group Call","3133","KC1JMH / Brad Brown","Always","Carrier","Off","1","1","1","Off","3","2","None","None","Off","Off","Off","Off","Normal Encryption","Off","Off","Off","Off","251.1","1","Off","On","Off","Off","Off","Off","1","0","Off","0","2","0","0","0","0","0","0","0","0","0","3"
"1142","GNVNH North Am","145.36000","144.76000","D-Digital","High","12.5K","Off","Off","North America","Group Call","3","KC1JMH / Brad Brown","Always","Carrier","Off","1","1","1","Off","3","1","None","None","Off","Off","Off","Off","Normal Encryption","Off","Off","Off","Off","251.1","1","Off","On","Off","Off","Off","Off","1","0","Off","0","2","0","0","0","0","0","0","0","0","0","3"
"1143","GNVNH Northeast","145.36000","144.76000","D-Digital","High","12.5K","Off","Off","Northeast","Group Call","3172","KC1JMH / Brad Brown","Always","Carrier","Off","1","1","1","Off","3","1","None","None","Off","Off","Off","Off","Normal Encryption","Off","Off","Off","Off","251.1","1","Off","On","Off","Off","Off","Off","1","0","Off","0","2","0","0","0","0","0","0","0","0","0","3"
"1144","GNVNH Parrot","145.36000","144.76000","D-Digital","High","12.5K","Off","Off","Parrot","Group Call","9998","KC1JMH / Brad Brown","Always","Carrier","Off","1","1","1","Off","3","1","None","None","Off","Off","Off","Off","Normal Encryption","Off","Off","Off","Off","251.1","1","Off","On","Off","Off","Off","Off","1","0","Off","0","2","0","0","0","0","0","0","0","0","0","3"
"1145","GNVNH Reg North","145.36000","144.76000","D-Digital","High","12.5K","Off","Off","Region North","Group Call","8","KC1JMH / Brad Brown","Always","Carrier","Off","1","1","1","Off","3","2","None","None","Off","Off","Off","Off","Normal Encryption","Off","Off","Off","Off","251.1","1","Off","On","Off","Off","Off","Off","1","0","Off","0","2","0","0","0","0","0","0","0","0","0","3"
"1146","GNVNH SKYWARN","145.36000","144.76000","D-Digital","High","12.5K","Off","Off","SKYWARN","Group Call","759","KC1JMH / Brad Brown","Always","Carrier","Off","1","1","1","Off","3","1","None","None","Off","Off","Off","Off","Normal Encryption","Off","Off","Off","Off","251.1","1","Off","On","Off","Off","Off","Off","1","0","Off","0","2","0","0","0","0","0","0","0","0","0","3"
"1147","GNVNH TAC311","145.36000","144.76000","D-Digital","High","12.5K","Off","Off","TAC311","Group Call","311","KC1JMH / Brad Brown","Always","Carrier","Off","1","1","1","Off","3","1","None","None","Off","Off","Off","Off","Normal Encryption","Off","Off","Off","Off","251.1","1","Off","On","Off","Off","Off","Off","1","0","Off","0","2","0","0","0","0","0","0","0","0","0","3"
"1148","GNVNH UA Eng1","145.36000","144.76000","D-Digital","High","12.5K","Off","Off","UA English 1-113","Group Call","113","KC1JMH / Brad Brown","Always","Carrier","Off","1","1","1","Off","3","1","None","None","Off","Off","Off","Off","Normal Encryption","Off","Off","Off","Off","251.1","1","Off","On","Off","Off","Off","Off","1","0","Off","0","2","0","0","0","0","0","0","0","0","0","3"
"1149","GNVNH UA Eng2","145.36000","144.76000","D-Digital","High","12.5K","Off","Off","UA English 2-123","Group Call","123","KC1JMH / Brad Brown","Always","Carrier","Off","1","1","1","Off","3","1","None","None","Off","Off","Off","Off","Normal Encryption","Off","Off","Off","Off","251.1","1","Off","On","Off","Off","Off","Off","1","0","Off","0","2","0","0","0","0","0","0","0","0","0","3"
"1150","GNVNH WW","145.36000","144.76000","D-Digital","High","12.5K","Off","Off","WW Call","Group Call","1","KC1JMH / Brad Brown","Always","Carrier","Off","1","1","1","Off","3","1","None","None","Off","Off","Off","Off","Normal Encryption","Off","Off","Off","Off","251.1","1","Off","On","Off","Off","Off","Off","1","0","Off","0","2","0","0","0","0","0","0","0","0","0","3"
"1151","GNVNH WW Eng","145.36000","144.76000","D-Digital","High","12.5K","Off","Off","WW English","Group Call","13","KC1JMH / Brad Brown","Always","Carrier","Off","1","1","1","Off","3","1","None","None","Off","Off","Off","Off","Normal Encryption","Off","Off","Off","Off","251.1","1","Off","On","Off","Off","Off","Off","1","0","Off","0","2","0","0","0","0","0","0","0","0","0","3"
"1152","GOFNH Local","145.22000","144.62000","D-Digital","High","12.5K","Off","Off","Local","Group Call","9","KC1JMH / Brad Brown","Always","Carrier","Off","1","1","1","Off","11","2","None","None","Off","Off","Off","Off","Normal Encryption","Off","Off","Off","Off","251.1","1","Off","On","Off","Off","Off","Off","1","0","Off","0","2","0","0","0","0","0","0","0","0","0","11"
"1153","GOFNH MA SW","145.22000","144.62000","D-Digital","High","12.5K","Off","Off","MA Statewide","Group Call","3125","KC1JMH / Brad Brown","Always","Carrier","Off","1","1","1","Off","11","2","None","None","Off","Off","Off","Off","Normal Encryption","Off","Off","Off","Off","251.1","1","Off","On","Off","Off","Off","Off","1","0","Off","0","2","0","0","0","0","0","0","0","0","0","11"
"1154","GOFNH NE Wide","145.22000","144.62000","D-Digital","High","12.5K","Off","Off","New England-Wide","Group Call","3181","KC1JMH / Brad Brown","Always","Carrier","Off","1","1","1","Off","11","2","None","None","Off","Off","Off","Off","Normal Encryption","Off","Off","Off","Off","251.1","1","Off","On","Off","Off","Off","Off","1","0","Off","0","2","0","0","0","0","0","0","0","0","0","11"
"1155","GOFNH NETAC1","145.22000","144.62000","D-Digital","High","12.5K","Off","Off","NETAC1","Group Call","8801","KC1JMH / Brad Brown","Always","Carrier","Off","1","1","1","Off","11","1","None","None","Off","Off","Off","Off","Normal Encryption","Off","Off","Off","Off","251.1","1","Off","On","Off","Off","Off","Off","1","0","Off","0","2","0","0","0","0","0","0","0","0","0","11"
"1156","GOFNH NETAC2","145.22000","144.62000","D-Digital","High","12.5K","Off","Off","NETAC2","Group Call","8802","KC1JMH / Brad Brown","Always","Carrier","Off","1","1","1","Off","11","2","None","None","Off","Off","Off","Off","Normal Encryption","Off","Off","Off","Off","251.1","1","Off","On","Off","Off","Off","Off","1","0","Off","0","2","0","0","0","0","0","0","0","0","0","11"
"1157","GOFNH NH SW","145.22000","144.62000","D-Digital","High","12.5K","Off","Off","NH Statewide","Group Call","3133","KC1JMH / Brad Brown","Always","Carrier","Off","1","1","1","Off","11","2","None","None","Off","Off","Off","Off","Normal Encryption","Off","Off","Off","Off","251.1","1","Off","On","Off","Off","Off","Off","1","0","Off","0","2","0","0","0","0","0","0","0","0","0","11"
"1158","GOFNH North Am","145.22000","144.62000","D-Digital","High","12.5K","Off","Off","North America","Group Call","3","KC1JMH / Brad Brown","Always","Carrier","Off","1","1","1","Off","11","1","None","None","Off","Off","Off","Off","Normal Encryption","Off","Off","Off","Off","251.1","1","Off","On","Off","Off","Off","Off","1","0","Off","0","2","0","0","0","0","0","0","0","0","0","11"
"1159","GOFNH Northeast","145.22000","144.62000","D-Digital","High","12.5K","Off","Off","Northeast","Group Call","3172","KC1JMH / Brad Brown","Always","Carrier","Off","1","1","1","Off","11","1","None","None","Off","Off","Off","Off","Normal Encryption","Off","Off","Off","Off","251.1","1","Off","On","Off","Off","Off","Off","1","0","Off","0","2","0","0","0","0","0","0","0","0","0","11"
"1160","GOFNH Parrot","145.22000","144.62000","D-Digital","High","12.5K","Off","Off","Parrot","Group Call","9998","KC1JMH / Brad Brown","Always","Carrier","Off","1","1","1","Off","11","1","None","None","Off","Off","Off","Off","Normal Encryption","Off","Off","Off","Off","251.1","1","Off","On","Off","Off","Off","Off","1","0","Off","0","2","0","0","0","0","0","0","0","0","0","11"
"1161","GOFNH Reg North","145.22000","144.62000","D-Digital","High","12.5K","Off","Off","Region North","Group Call","8","KC1JMH / Brad Brown","Always","Carrier","Off","1","1","1","Off","11","2","None","None","Off","Off","Off","Off","Normal Encryption","Off","Off","Off","Off","251.1","1","Off","On","Off","Off","Off","Off","1","0","Off","0","2","0","0","0","0","0","0","0","0","0","11"
"1162","GOFNH SKYWARN","145.22000","144.62000","D-Digital","High","12.5K","Off","Off","SKYWARN","Group Call","759","KC1JMH / Brad Brown","Always","Carrier","Off","1","1","1","Off","11","1","None","None","Off","Off","Off","Off","Normal Encryption","Off","Off","Off","Off","251.1","1","Off","On","Off","Off","Off","Off","1","0","Off","0","2","0","0","0","0","0","0","0","0","0","11"
"1163","GOFNH TAC310","145.22000","144.62000","D-Digital","High","12.5K","Off","Off","TAC310","Group Call","310","KC1JMH / Brad Brown","Always","Carrier","Off","1","1","1","Off","11","1","None","None","Off","Off","Off","Off","Normal Encryption","Off","Off","Off","Off","251.1","1","Off","On","Off","Off","Off","Off","1","0","Off","0","2","0","0","0","0","0","0","0","0","0","11"
"1164","GOFNH TAC311","145.22000","144.62000","D-Digital","High","12.5K","Off","Off","TAC311","Group Call","311","KC1JMH / Brad Brown","Always","Carrier","Off","1","1","1","Off","11","1","None","None","Off","Off","Off","Off","Normal Encryption","Off","Off","Off","Off","251.1","1","Off","On","Off","Off","Off","Off","1","0","Off","0","2","0","0","0","0","0","0","0","0","0","11"
"1165","GOFNH UA Eng1","145.22000","144.62000","D-Digital","High","12.5K","Off","Off","UA English 1-113","Group Call","113","KC1JMH / Brad Brown","Always","Carrier","Off","1","1","1","Off","11","1","None","None","Off","Off","Off","Off","Normal Encryption","Off","Off","Off","Off","251.1","1","Off","On","Off","Off","Off","Off","1","0","Off","0","2","0","0","0","0","0","0","0","0","0","11"
"1166","GOFNH UA Eng2","145.22000","144.62000","D-Digital","High","12.5K","Off","Off","UA English 2-123","Group Call","123","KC1JMH / Brad Brown","Always","Carrier","Off","1","1","1","Off","11","1","None","None","Off","Off","Off","Off","Normal Encryption","Off","Off","Off","Off","251.1","1","Off","On","Off","Off","Off","Off","1","0","Off","0","2","0","0","0","0","0","0","0","0","0","11"
"1167","GOFNH WW","145.22000","144.62000","D-Digital","High","12.5K","Off","Off","WW Call","Group Call","1","KC1JMH / Brad Brown","Always","Carrier","Off","1","1","1","Off","11","1","None","None","Off","Off","Off","Off","Normal Encryption","Off","Off","Off","Off","251.1","1","Off","On","Off","Off","Off","Off","1","0","Off","0","2","0","0","0","0","0","0","0","0","0","11"
"1168","GOFNH WW Eng","145.22000","144.62000","D-Digital","High","12.5K","Off","Off","WW English","Group Call","13","KC1JMH / Brad Brown","Always","Carrier","Off","1","1","1","Off","11","1","None","None","Off","Off","Off","Off","Normal Encryption","Off","Off","Off","Off","251.1","1","Off","On","Off","Off","Off","Off","1","0","Off","0","2","0","0","0","0","0","0","0","0","0","11"
"1169","GOFUNH CT SW","444.30000","449.30000","D-Digital","High","12.5K","Off","Off","CT Statewide","Group Call","3109","KC1JMH / Brad Brown","Always","Carrier","Off","1","1","1","Off","10","1","None","None","Off","Off","Off","Off","Normal Encryption","Off","Off","Off","Off","251.1","1","Off","On","Off","Off","Off","Off","1","0","Off","0","2","0","0","0","0","0","0","0","0","0","10"
"1170","GOFUNH Local","444.30000","449.30000","D-Digital","High","12.5K","Off","Off","Local","Group Call","9","KC1JMH / Brad Brown","Always","Carrier","Off","1","1","1","Off","10","2","None","None","Off","Off","Off","Off","Normal Encryption","Off","Off","Off","Off","251.1","1","Off","On","Off","Off","Off","Off","1","0","Off","0","2","0","0","0","0","0","0","0","0","0","10"
"1171","GOFUNH MA SW","444.30000","449.30000","D-Digital","High","12.5K","Off","Off","MA Statewide","Group Call","3125","KC1JMH / Brad Brown","Always","Carrier","Off","1","1","1","Off","10","1","None","None","Off","Off","Off","Off","Normal Encryption","Off","Off","Off","Off","251.1","1","Off","On","Off","Off","Off","Off","1","0","Off","0","2","0","0","0","0","0","0","0","0","0","10"
"1172","GOFUNH ME SW","444.30000","449.30000","D-Digital","High","12.5K","Off","Off","ME Statewide","Group Call","3123","KC1JMH / Brad Brown","Always","Carrier","Off","1","1","1","Off","10","1","None","None","Off","Off","Off","Off","Normal Encryption","Off","Off","Off","Off","251.1","1","Off","On","Off","Off","Off","Off","1","0","Off","0","2","0","0","0","0","0","0","0","0","0","10"
"1173","GOFUNH NE Wide","444.30000","449.30000","D-Digital","High","12.5K","Off","Off","New England-Wide","Group Call","3181","KC1JMH / Brad Brown","Always","Carrier","Off","1","1","1","Off","10","2","None","None","Off","Off","Off","Off","Normal Encryption","Off","Off","Off","Off","251.1","1","Off","On","Off","Off","Off","Off","1","0","Off","0","2","0","0","0","0","0","0","0","0","0","10"
"1174","GOFUNH NETAC1","444.30000","449.30000","D-Digital","High","12.5K","Off","Off","NETAC1","Group Call","8801","KC1JMH / Brad Brown","Always","Carrier","Off","1","1","1","Off","10","1","None","None","Off","Off","Off","Off","Normal Encryption","Off","Off","Off","Off","251.1","1","Off","On","Off","Off","Off","Off","1","0","Off","0","2","0","0","0","0","0","0","0","0","0","10"
"1175","GOFUNH NETAC2","444.30000","449.30000","D-Digital","High","12.5K","Off","Off","NETAC2","Group Call","8802","KC1JMH / Brad Brown","Always","Carrier","Off","1","1","1","Off","10","2","None","None","Off","Off","Off","Off","Normal Encryption","Off","Off","Off","Off","251.1","1","Off","On","Off","Off","Off","Off","1","0","Off","0","2","0","0","0","0","0","0","0","0","0","10"
"1176","GOFUNH NH SW","444.30000","449.30000","D-Digital","High","12.5K","Off","Off","NH Statewide","Group Call","3133","KC1JMH / Brad Brown","Always","Carrier","Off","1","1","1","Off","10","2","None","None","Off","Off","Off","Off","Normal Encryption","Off","Off","Off","Off","251.1","1","Off","On","Off","Off","Off","Off","1","0","Off","0","2","0","0","0","0","0","0","0","0","0","10"
"1177","GOFUNH North Am","444.30000","449.30000","D-Digital","High","12.5K","Off","Off","North America","Group Call","3","KC1JMH / Brad Brown","Always","Carrier","Off","1","1","1","Off","10","1","None","None","Off","Off","Off","Off","Normal Encryption","Off","Off","Off","Off","251.1","1","Off","On","Off","Off","Off","Off","1","0","Off","0","2","0","0","0","0","0","0","0","0","0","10"
"1178","GOFUNH Northeast","444.30000","449.30000","D-Digital","High","12.5K","Off","Off","Northeast","Group Call","3172","KC1JMH / Brad Brown","Always","Carrier","Off","1","1","1","Off","10","1","None","None","Off","Off","Off","Off","Normal Encryption","Off","Off","Off","Off","251.1","1","Off","On","Off","Off","Off","Off","1","0","Off","0","2","0","0","0","0","0","0","0","0","0","10"
"1179","GOFUNH Parrot","444.30000","449.30000","D-Digital","High","12.5K","Off","Off","Parrot","Group Call","9998","KC1JMH / Brad Brown","Always","Carrier","Off","1","1","1","Off","10","1","None","None","Off","Off","Off","Off","Normal Encryption","Off","Off","Off","Off","251.1","1","Off","On","Off","Off","Off","Off","1","0","Off","0","2","0","0","0","0","0","0","0","0","0","10"
"1180","GOFUNH Reg North","444.30000","449.30000","D-Digital","High","12.5K","Off","Off","Region North","Group Call","8","KC1JMH / Brad Brown","Always","Carrier","Off","1","1","1","Off","10","1","None","None","Off","Off","Off","Off","Normal Encryption","Off","Off","Off","Off","251.1","1","Off","On","Off","Off","Off","Off","1","0","Off","0","2","0","0","0","0","0","0","0","0","0","10"
"1181","GOFUNH SKYWARN","444.30000","449.30000","D-Digital","High","12.5K","Off","Off","SKYWARN","Group Call","759","KC1JMH / Brad Brown","Always","Carrier","Off","1","1","1","Off","10","1","None","None","Off","Off","Off","Off","Normal Encryption","Off","Off","Off","Off","251.1","1","Off","On","Off","Off","Off","Off","1","0","Off","0","2","0","0","0","0","0","0","0","0","0","10"
"1182","GOFUNH TAC310","444.30000","449.30000","D-Digital","High","12.5K","Off","Off","TAC310","Group Call","310","KC1JMH / Brad Brown","Always","Carrier","Off","1","1","1","Off","10","1","None","None","Off","Off","Off","Off","Normal Encryption","Off","Off","Off","Off","251.1","1","Off","On","Off","Off","Off","Off","1","0","Off","0","2","0","0","0","0","0","0","0","0","0","10"
"1183","GOFUNH TAC311","444.30000","449.30000","D-Digital","High","12.5K","Off","Off","TAC311","Group Call","311","KC1JMH / Brad Brown","Always","Carrier","Off","1","1","1","Off","10","1","None","None","Off","Off","Off","Off","Normal Encryption","Off","Off","Off","Off","251.1","1","Off","On","Off","Off","Off","Off","1","0","Off","0","2","0","0","0","0","0","0","0","0","0","10"
"1184","GOFUNH UA Eng1","444.30000","449.30000","D-Digital","High","12.5K","Off","Off","UA English 1-113","Group Call","113","KC1JMH / Brad Brown","Always","Carrier","Off","1","1","1","Off","10","1","None","None","Off","Off","Off","Off","Normal Encryption","Off","Off","Off","Off","251.1","1","Off","On","Off","Off","Off","Off","1","0","Off","0","2","0","0","0","0","0","0","0","0","0","10"
"1185","GOFUNH UA Eng2","444.30000","449.30000","D-Digital","High","12.5K","Off","Off","UA English 2-123","Group Call","123","KC1JMH / Brad Brown","Always","Carrier","Off","1","1","1","Off","10","1","None","None","Off","Off","Off","Off","Normal Encryption","Off","Off","Off","Off","251.1","1","Off","On","Off","Off","Off","Off","1","0","Off","0","2","0","0","0","0","0","0","0","0","0","10"
"1186","GOFUNH VT SW","444.30000","449.30000","D-Digital","High","12.5K","Off","Off","VT Statewide","Group Call","3150","KC1JMH / Brad Brown","Always","Carrier","Off","1","1","1","Off","10","1","None","None","Off","Off","Off","Off","Normal Encryption","Off","Off","Off","Off","251.1","1","Off","On","Off","Off","Off","Off","1","0","Off","0","2","0","0","0","0","0","0","0","0","0","10"
"1187","GOFUNH WW","444.30000","449.30000","D-Digital","High","12.5K","Off","Off","WW Call","Group Call","1","KC1JMH / Brad Brown","Always","Carrier","Off","1","1","1","Off","10","1","None","None","Off","Off","Off","Off","Normal Encryption","Off","Off","Off","Off","251.1","1","Off","On","Off","Off","Off","Off","1","0","Off","0","2","0","0","0","0","0","0","0","0","0","10"
"1188","GOFUNH WW Eng","444.30000","449.30000","D-Digital","High","12.5K","Off","Off","WW English","Group Call","13","KC1JMH / Brad Brown","Always","Carrier","Off","1","1","1","Off","10","1","None","None","Off","Off","Off","Off","Normal Encryption","Off","Off","Off","Off","251.1","1","Off","On","Off","Off","Off","Off","1","0","Off","0","2","0","0","0","0","0","0","0","0","0","10"
"1189","HANNH CT SW","146.64000","146.04000","D-Digital","High","12.5K","Off","Off","CT Statewide","Group Call","3109","KC1JMH / Brad Brown","Always","Carrier","Off","1","1","1","Off","1","1","None","None","Off","Off","Off","Off","Normal Encryption","Off","Off","Off","Off","251.1","1","Off","On","Off","Off","Off","Off","1","0","Off","0","2","0","0","0","0","0","0","0","0","0","1"
"1190","HANNH Local","146.64000","146.04000","D-Digital","High","12.5K","Off","Off","Local","Group Call","9","KC1JMH / Brad Brown","Always","Carrier","Off","1","1","1","Off","1","2","None","None","Off","Off","Off","Off","Normal Encryption","Off","Off","Off","Off","251.1","1","Off","On","Off","Off","Off","Off","1","0","Off","0","2","0","0","0","0","0","0","0","0","0","1"
"1191","HANNH MA SW","146.64000","146.04000","D-Digital","High","12.5K","Off","Off","MA Statewide","Group Call","3125","KC1JMH / Brad Brown","Always","Carrier","Off","1","1","1","Off","1","1","None","None","Off","Off","Off","Off","Normal Encryption","Off","Off","Off","Off","251.1","1","Off","On","Off","Off","Off","Off","1","0","Off","0","2","0","0","0","0","0","0","0","0","0","1"
"1192","HANNH ME SW","146.64000","146.04000","D-Digital","High","12.5K","Off","Off","ME Statewide","Group Call","3123","KC1JMH / Brad Brown","Always","Carrier","Off","1","1","1","Off","1","1","None","None","Off","Off","Off","Off","Normal Encryption","Off","Off","Off","Off","251.1","1","Off","On","Off","Off","Off","Off","1","0","Off","0","2","0","0","0","0","0","0","0","0","0","1"
"1193","HANNH NE Wide","146.64000","146.04000","D-Digital","High","12.5K","Off","Off","New England-Wide","Group Call","3181","KC1JMH / Brad Brown","Always","Carrier","Off","1","1","1","Off","1","2","None","None","Off","Off","Off","Off","Normal Encryption","Off","Off","Off","Off","251.1","1","Off","On","Off","Off","Off","Off","1","0","Off","0","2","0","0","0","0","0","0","0","0","0","1"
"1194","HANNH NETAC1","146.64000","146.04000","D-Digital","High","12.5K","Off","Off","NETAC1","Group Call","8801","KC1JMH / Brad Brown","Always","Carrier","Off","1","1","1","Off","1","1","None","None","Off","Off","Off","Off","Normal Encryption","Off","Off","Off","Off","251.1","1","Off","On","Off","Off","Off","Off","1","0","Off","0","2","0","0","0","0","0","0","0","0","0","1"
"1195","HANNH NETAC2","146.64000","146.04000","D-Digital","High","12.5K","Off","Off","NETAC2","Group Call","8802","KC1JMH / Brad Brown","Always","Carrier","Off","1","1","1","Off","1","2","None","None","Off","Off","Off","Off","Normal Encryption","Off","Off","Off","Off","251.1","1","Off","On","Off","Off","Off","Off","1","0","Off","0","2","0","0","0","0","0","0","0","0","0","1"
"1196","HANNH NH SW","146.64000","146.04000","D-Digital","High","12.5K","Off","Off","NH Statewide","Group Call","3133","KC1JMH / Brad Brown","Always","Carrier","Off","1","1","1","Off","1","2","None","None","Off","Off","Off","Off","Normal Encryption","Off","Off","Off","Off","251.1","1","Off","On","Off","Off","Off","Off","1","0","Off","0","2","0","0","0","0","0","0","0","0","0","1"
"1197","HANNH North Am","146.64000","146.04000","D-Digital","High","12.5K","Off","Off","North America","Group Call","3","KC1JMH / Brad Brown","Always","Carrier","Off","1","1","1","Off","1","1","None","None","Off","Off","Off","Off","Normal Encryption","Off","Off","Off","Off","251.1","1","Off","On","Off","Off","Off","Off","1","0","Off","0","2","0","0","0","0","0","0","0","0","0","1"
"1198","HANNH Northeast","146.64000","146.04000","D-Digital","High","12.5K","Off","Off","Northeast","Group Call","3172","KC1JMH / Brad Brown","Always","Carrier","Off","1","1","1","Off","1","1","None","None","Off","Off","Off","Off","Normal Encryption","Off","Off","Off","Off","251.1","1","Off","On","Off","Off","Off","Off","1","0","Off","0","2","0","0","0","0","0","0","0","0","0","1"
"1199","HANNH Parrot","146.64000","146.04000","D-Digital","High","12.5K","Off","Off","Parrot","Group Call","9998","KC1JMH / Brad Brown","Always","Carrier","Off","1","1","1","Off","1","1","None","None","Off","Off","Off","Off","Normal Encryption","Off","Off","Off","Off","251.1","1","Off","On","Off","Off","Off","Off","1","0","Off","0","2","0","0","0","0","0","0","0","0","0","1"
"1200","HANNH Reg North","146.64000","146.04000","D-Digital","High","12.5K","Off","Off","Region North","Group Call","8","KC1JMH / Brad Brown","Always","Carrier","Off","1","1","1","Off","1","1","None","None","Off","Off","Off","Off","Normal Encryption","Off","Off","Off","Off","251.1","1","Off","On","Off","Off","Off","Off","1","0","Off","0","2","0","0","0","0","0","0","0","0","0","1"
"1201","HANNH SKYWARN","146.64000","146.04000","D-Digital","High","12.5K","Off","Off","SKYWARN","Group Call","759","KC1JMH / Brad Brown","Always","Carrier","Off","1","1","1","Off","1","1","None","None","Off","Off","Off","Off","Normal Encryption","Off","Off","Off","Off","251.1","1","Off","On","Off","Off","Off","Off","1","0","Off","0","2","0","0","0","0","0","0","0","0","0","1"
"1202","HANNH TAC310","146.64000","146.04000","D-Digital","High","12.5K","Off","Off","TAC310","Group Call","310","KC1JMH / Brad Brown","Always","Carrier","Off","1","1","1","Off","1","1","None","None","Off","Off","Off","Off","Normal Encryption","Off","Off","Off","Off","251.1","1","Off","On","Off","Off","Off","Off","1","0","Off","0","2","0","0","0","0","0","0","0","0","0","1"
"1203","HANNH TAC311","146.64000","146.04000","D-Digital","High","12.5K","Off","Off","TAC311","Group Call","311","KC1JMH / Brad Brown","Always","Carrier","Off","1","1","1","Off","1","1","None","None","Off","Off","Off","Off","Normal Encryption","Off","Off","Off","Off","251.1","1","Off","On","Off","Off","Off","Off","1","0","Off","0","2","0","0","0","0","0","0","0","0","0","1"
"1204","HANNH UA Eng1","146.64000","146.04000","D-Digital","High","12.5K","Off","Off","UA English 1-113","Group Call","113","KC1JMH / Brad Brown","Always","Carrier","Off","1","1","1","Off","1","1","None","None","Off","Off","Off","Off","Normal Encryption","Off","Off","Off","Off","251.1","1","Off","On","Off","Off","Off","Off","1","0","Off","0","2","0","0","0","0","0","0","0","0","0","1"
"1205","HANNH UA Eng2","146.64000","146.04000","D-Digital","High","12.5K","Off","Off","UA English 2-123","Group Call","123","KC1JMH / Brad Brown","Always","Carrier","Off","1","1","1","Off","1","1","None","None","Off","Off","Off","Off","Normal Encryption","Off","Off","Off","Off","251.1","1","Off","On","Off","Off","Off","Off","1","0","Off","0","2","0","0","0","0","0","0","0","0","0","1"
"1206","HANNH VT SW","146.64000","146.04000","D-Digital","High","12.5K","Off","Off","VT Statewide","Group Call","3150","KC1JMH / Brad Brown","Always","Carrier","Off","1","1","1","Off","1","1","None","None","Off","Off","Off","Off","Normal Encryption","Off","Off","Off","Off","251.1","1","Off","On","Off","Off","Off","Off","1","0","Off","0","2","0","0","0","0","0","0","0","0","0","1"
"1207","HANNH WW","146.64000","146.04000","D-Digital","High","12.5K","Off","Off","WW Call","Group Call","1","KC1JMH / Brad Brown","Always","Carrier","Off","1","1","1","Off","1","1","None","None","Off","Off","Off","Off","Normal Encryption","Off","Off","Off","Off","251.1","1","Off","On","Off","Off","Off","Off","1","0","Off","0","2","0","0","0","0","0","0","0","0","0","1"
"1208","HANNH WW Eng","146.64000","146.04000","D-Digital","High","12.5K","Off","Off","WW English","Group Call","13","KC1JMH / Brad Brown","Always","Carrier","Off","1","1","1","Off","1","1","None","None","Off","Off","Off","Off","Normal Encryption","Off","Off","Off","Off","251.1","1","Off","On","Off","Off","Off","Off","1","0","Off","0","2","0","0","0","0","0","0","0","0","0","1"
"1209","HDUNH CT SW","447.72500","442.72500","D-Digital","High","12.5K","Off","Off","CT Statewide","Group Call","3109","KC1JMH / Brad Brown","Always","Carrier","Off","1","1","1","Off","1","2","None","None","Off","Off","Off","Off","Normal Encryption","Off","Off","Off","Off","251.1","1","Off","On","Off","Off","Off","Off","1","0","Off","0","2","0","0","0","0","0","0","0","0","0","1"
"1210","HDUNH Local","447.72500","442.72500","D-Digital","High","12.5K","Off","Off","Local","Group Call","9","KC1JMH / Brad Brown","Always","Carrier","Off","1","1","1","Off","1","2","None","None","Off","Off","Off","Off","Normal Encryption","Off","Off","Off","Off","251.1","1","Off","On","Off","Off","Off","Off","1","0","Off","0","2","0","0","0","0","0","0","0","0","0","1"
"1211","HDUNH MA SW","447.72500","442.72500","D-Digital","High","12.5K","Off","Off","MA Statewide","Group Call","3125","KC1JMH / Brad Brown","Always","Carrier","Off","1","1","1","Off","1","1","None","None","Off","Off","Off","Off","Normal Encryption","Off","Off","Off","Off","251.1","1","Off","On","Off","Off","Off","Off","1","0","Off","0","2","0","0","0","0","0","0","0","0","0","1"
"1212","HDUNH NE Wide","447.72500","442.72500","D-Digital","High","12.5K","Off","Off","New England-Wide","Group Call","3181","KC1JMH / Brad Brown","Always","Carrier","Off","1","1","1","Off","1","2","None","None","Off","Off","Off","Off","Normal Encryption","Off","Off","Off","Off","251.1","1","Off","On","Off","Off","Off","Off","1","0","Off","0","2","0","0","0","0","0","0","0","0","0","1"
"1213","HDUNH NETAC1","447.72500","442.72500","D-Digital","High","12.5K","Off","Off","NETAC1","Group Call","8801","KC1JMH / Brad Brown","Always","Carrier","Off","1","1","1","Off","1","1","None","None","Off","Off","Off","Off","Normal Encryption","Off","Off","Off","Off","251.1","1","Off","On","Off","Off","Off","Off","1","0","Off","0","2","0","0","0","0","0","0","0","0","0","1"
"1214","HDUNH NETAC2","447.72500","442.72500","D-Digital","High","12.5K","Off","Off","NETAC2","Group Call","8802","KC1JMH / Brad Brown","Always","Carrier","Off","1","1","1","Off","1","2","None","None","Off","Off","Off","Off","Normal Encryption","Off","Off","Off","Off","251.1","1","Off","On","Off","Off","Off","Off","1","0","Off","0","2","0","0","0","0","0","0","0","0","0","1"
"1215","HDUNH NH SW","447.72500","442.72500","D-Digital","High","12.5K","Off","Off","NH Statewide","Group Call","3133","KC1JMH / Brad Brown","Always","Carrier","Off","1","1","1","Off","1","2","None","None","Off","Off","Off","Off","Normal Encryption","Off","Off","Off","Off","251.1","1","Off","On","Off","Off","Off","Off","1","0","Off","0","2","0","0","0","0","0","0","0","0","0","1"
"1216","HDUNH North Am","447.72500","442.72500","D-Digital","High","12.5K","Off","Off","North America","Group Call","3","KC1JMH / Brad Brown","Always","Carrier","Off","1","1","1","Off","1","1","None","None","Off","Off","Off","Off","Normal Encryption","Off","Off","Off","Off","251.1","1","Off","On","Off","Off","Off","Off","1","0","Off","0","2","0","0","0","0","0","0","0","0","0","1"
"1217","HDUNH Northeast","447.72500","442.72500","D-Digital","High","12.5K","Off","Off","Northeast","Group Call","3172","KC1JMH / Brad Brown","Always","Carrier","Off","1","1","1","Off","1","1","None","None","Off","Off","Off","Off","Normal Encryption","Off","Off","Off","Off","251.1","1","Off","On","Off","Off","Off","Off","1","0","Off","0","2","0","0","0","0","0","0","0","0","0","1"
"1218","HDUNH Parrot","447.72500","442.72500","D-Digital","High","12.5K","Off","Off","Parrot","Group Call","9998","KC1JMH / Brad Brown","Always","Carrier","Off","1","1","1","Off","1","1","None","None","Off","Off","Off","Off","Normal Encryption","Off","Off","Off","Off","251.1","1","Off","On","Off","Off","Off","Off","1","0","Off","0","2","0","0","0","0","0","0","0","0","0","1"
"1219","HDUNH Reg North","447.72500","442.72500","D-Digital","High","12.5K","Off","Off","Region North","Group Call","8","KC1JMH / Brad Brown","Always","Carrier","Off","1","1","1","Off","1","2","None","None","Off","Off","Off","Off","Normal Encryption","Off","Off","Off","Off","251.1","1","Off","On","Off","Off","Off","Off","1","0","Off","0","2","0","0","0","0","0","0","0","0","0","1"
"1220","HDUNH SKYWARN","447.72500","442.72500","D-Digital","High","12.5K","Off","Off","SKYWARN","Group Call","759","KC1JMH / Brad Brown","Always","Carrier","Off","1","1","1","Off","1","1","None","None","Off","Off","Off","Off","Normal Encryption","Off","Off","Off","Off","251.1","1","Off","On","Off","Off","Off","Off","1","0","Off","0","2","0","0","0","0","0","0","0","0","0","1"
"1221","HDUNH TAC310","447.72500","442.72500","D-Digital","High","12.5K","Off","Off","TAC310","Group Call","310","KC1JMH / Brad Brown","Always","Carrier","Off","1","1","1","Off","1","1","None","None","Off","Off","Off","Off","Normal Encryption","Off","Off","Off","Off","251.1","1","Off","On","Off","Off","Off","Off","1","0","Off","0","2","0","0","0","0","0","0","0","0","0","1"
"1222","HDUNH TAC311","447.72500","442.72500","D-Digital","High","12.5K","Off","Off","TAC311","Group Call","311","KC1JMH / Brad Brown","Always","Carrier","Off","1","1","1","Off","1","1","None","None","Off","Off","Off","Off","Normal Encryption","Off","Off","Off","Off","251.1","1","Off","On","Off","Off","Off","Off","1","0","Off","0","2","0","0","0","0","0","0","0","0","0","1"
"1223","HDUNH UA Eng1","447.72500","442.72500","D-Digital","High","12.5K","Off","Off","UA English 1-113","Group Call","113","KC1JMH / Brad Brown","Always","Carrier","Off","1","1","1","Off","1","1","None","None","Off","Off","Off","Off","Normal Encryption","Off","Off","Off","Off","251.1","1","Off","On","Off","Off","Off","Off","1","0","Off","0","2","0","0","0","0","0","0","0","0","0","1"
"1224","HDUNH UA Eng2","447.72500","442.72500","D-Digital","High","12.5K","Off","Off","UA English 2-123","Group Call","123","KC1JMH / Brad Brown","Always","Carrier","Off","1","1","1","Off","1","1","None","None","Off","Off","Off","Off","Normal Encryption","Off","Off","Off","Off","251.1","1","Off","On","Off","Off","Off","Off","1","0","Off","0","2","0","0","0","0","0","0","0","0","0","1"
"1225","HDUNH VT SW","447.72500","442.72500","D-Digital","High","12.5K","Off","Off","VT Statewide","Group Call","3150","KC1JMH / Brad Brown","Always","Carrier","Off","1","1","1","Off","1","1","None","None","Off","Off","Off","Off","Normal Encryption","Off","Off","Off","Off","251.1","1","Off","On","Off","Off","Off","Off","1","0","Off","0","2","0","0","0","0","0","0","0","0","0","1"
"1226","HDUNH WW","447.72500","442.72500","D-Digital","High","12.5K","Off","Off","WW Call","Group Call","1","KC1JMH / Brad Brown","Always","Carrier","Off","1","1","1","Off","1","1","None","None","Off","Off","Off","Off","Normal Encryption","Off","Off","Off","Off","251.1","1","Off","On","Off","Off","Off","Off","1","0","Off","0","2","0","0","0","0","0","0","0","0","0","1"
"1227","HDUNH WW Eng","447.72500","442.72500","D-Digital","High","12.5K","Off","Off","WW English","Group Call","13","KC1JMH / Brad Brown","Always","Carrier","Off","1","1","1","Off","1","1","None","None","Off","Off","Off","Off","Normal Encryption","Off","Off","Off","Off","251.1","1","Off","On","Off","Off","Off","Off","1","0","Off","0","2","0","0","0","0","0","0","0","0","0","1"
"1228","HDVNH Local","145.26000","144.66000","D-Digital","High","12.5K","Off","Off","Local","Group Call","9","KC1JMH / Brad Brown","Always","Carrier","Off","1","1","1","Off","5","2","None","None","Off","Off","Off","Off","Normal Encryption","Off","Off","Off","Off","251.1","1","Off","On","Off","Off","Off","Off","1","0","Off","0","2","0","0","0","0","0","0","0","0","0","5"
"1229","HDVNH NE Wide","145.26000","144.66000","D-Digital","High","12.5K","Off","Off","New England-Wide","Group Call","3181","KC1JMH / Brad Brown","Always","Carrier","Off","1","1","1","Off","5","2","None","None","Off","Off","Off","Off","Normal Encryption","Off","Off","Off","Off","251.1","1","Off","On","Off","Off","Off","Off","1","0","Off","0","2","0","0","0","0","0","0","0","0","0","5"
"1230","HDVNH NETAC1","145.26000","144.66000","D-Digital","High","12.5K","Off","Off","NETAC1","Group Call","8801","KC1JMH / Brad Brown","Always","Carrier","Off","1","1","1","Off","5","1","None","None","Off","Off","Off","Off","Normal Encryption","Off","Off","Off","Off","251.1","1","Off","On","Off","Off","Off","Off","1","0","Off","0","2","0","0","0","0","0","0","0","0","0","5"
"1231","HDVNH NETAC2","145.26000","144.66000","D-Digital","High","12.5K","Off","Off","NETAC2","Group Call","8802","KC1JMH / Brad Brown","Always","Carrier","Off","1","1","1","Off","5","2","None","None","Off","Off","Off","Off","Normal Encryption","Off","Off","Off","Off","251.1","1","Off","On","Off","Off","Off","Off","1","0","Off","0","2","0","0","0","0","0","0","0","0","0","5"
"1232","HDVNH NH SW","145.26000","144.66000","D-Digital","High","12.5K","Off","Off","NH Statewide","Group Call","3133","KC1JMH / Brad Brown","Always","Carrier","Off","1","1","1","Off","5","2","None","None","Off","Off","Off","Off","Normal Encryption","Off","Off","Off","Off","251.1","1","Off","On","Off","Off","Off","Off","1","0","Off","0","2","0","0","0","0","0","0","0","0","0","5"
"1233","HDVNH North Am","145.26000","144.66000","D-Digital","High","12.5K","Off","Off","North America","Group Call","3","KC1JMH / Brad Brown","Always","Carrier","Off","1","1","1","Off","5","1","None","None","Off","Off","Off","Off","Normal Encryption","Off","Off","Off","Off","251.1","1","Off","On","Off","Off","Off","Off","1","0","Off","0","2","0","0","0","0","0","0","0","0","0","5"
"1234","HDVNH Northeast","145.26000","144.66000","D-Digital","High","12.5K","Off","Off","Northeast","Group Call","3172","KC1JMH / Brad Brown","Always","Carrier","Off","1","1","1","Off","5","1","None","None","Off","Off","Off","Off","Normal Encryption","Off","Off","Off","Off","251.1","1","Off","On","Off","Off","Off","Off","1","0","Off","0","2","0","0","0","0","0","0","0","0","0","5"
"1235","HDVNH Parrot","145.26000","144.66000","D-Digital","High","12.5K","Off","Off","Parrot","Group Call","9998","KC1JMH / Brad Brown","Always","Carrier","Off","1","1","1","Off","5","1","None","None","Off","Off","Off","Off","Normal Encryption","Off","Off","Off","Off","251.1","1","Off","On","Off","Off","Off","Off","1","0","Off","0","2","0","0","0","0","0","0","0","0","0","5"
"1236","HDVNH Reg North","145.26000","144.66000","D-Digital","High","12.5K","Off","Off","Region North","Group Call","8","KC1JMH / Brad Brown","Always","Carrier","Off","1","1","1","Off","5","2","None","None","Off","Off","Off","Off","Normal Encryption","Off","Off","Off","Off","251.1","1","Off","On","Off","Off","Off","Off","1","0","Off","0","2","0","0","0","0","0","0","0","0","0","5"
"1237","HDVNH SKYWARN","145.26000","144.66000","D-Digital","High","12.5K","Off","Off","SKYWARN","Group Call","759","KC1JMH / Brad Brown","Always","Carrier","Off","1","1","1","Off","5","1","None","None","Off","Off","Off","Off","Normal Encryption","Off","Off","Off","Off","251.1","1","Off","On","Off","Off","Off","Off","1","0","Off","0","2","0","0","0","0","0","0","0","0","0","5"
"1238","HDVNH TAC310","145.26000","144.66000","D-Digital","High","12.5K","Off","Off","TAC310","Group Call","310","KC1JMH / Brad Brown","Always","Carrier","Off","1","1","1","Off","5","1","None","None","Off","Off","Off","Off","Normal Encryption","Off","Off","Off","Off","251.1","1","Off","On","Off","Off","Off","Off","1","0","Off","0","2","0","0","0","0","0","0","0","0","0","5"
"1239","HDVNH TAC311","145.26000","144.66000","D-Digital","High","12.5K","Off","Off","TAC311","Group Call","311","KC1JMH / Brad Brown","Always","Carrier","Off","1","1","1","Off","5","1","None","None","Off","Off","Off","Off","Normal Encryption","Off","Off","Off","Off","251.1","1","Off","On","Off","Off","Off","Off","1","0","Off","0","2","0","0","0","0","0","0","0","0","0","5"
"1240","HDVNH UA Eng1","145.26000","144.66000","D-Digital","High","12.5K","Off","Off","UA English 1-113","Group Call","113","KC1JMH / Brad Brown","Always","Carrier","Off","1","1","1","Off","5","1","None","None","Off","Off","Off","Off","Normal Encryption","Off","Off","Off","Off","251.1","1","Off","On","Off","Off","Off","Off","1","0","Off","0","2","0","0","0","0","0","0","0","0","0","5"
"1241","HDVNH UA Eng2","145.26000","144.66000","D-Digital","High","12.5K","Off","Off","UA English 2-123","Group Call","123","KC1JMH / Brad Brown","Always","Carrier","Off","1","1","1","Off","5","1","None","None","Off","Off","Off","Off","Normal Encryption","Off","Off","Off","Off","251.1","1","Off","On","Off","Off","Off","Off","1","0","Off","0","2","0","0","0","0","0","0","0","0","0","5"
"1242","HDVNH WW","145.26000","144.66000","D-Digital","High","12.5K","Off","Off","WW Call","Group Call","1","KC1JMH / Brad Brown","Always","Carrier","Off","1","1","1","Off","5","1","None","None","Off","Off","Off","Off","Normal Encryption","Off","Off","Off","Off","251.1","1","Off","On","Off","Off","Off","Off","1","0","Off","0","2","0","0","0","0","0","0","0","0","0","5"
"1243","HDVNH WW Eng","145.26000","144.66000","D-Digital","High","12.5K","Off","Off","WW English","Group Call","13","KC1JMH / Brad Brown","Always","Carrier","Off","1","1","1","Off","5","1","None","None","Off","Off","Off","Off","Normal Encryption","Off","Off","Off","Off","251.1","1","Off","On","Off","Off","Off","Off","1","0","Off","0","2","0","0","0","0","0","0","0","0","0","5"
"1244","KNENH Local","444.65000","449.65000","D-Digital","High","12.5K","Off","Off","Local","Group Call","9","KC1JMH / Brad Brown","Always","Carrier","Off","1","1","1","Off","1","2","None","None","Off","Off","Off","Off","Normal Encryption","Off","Off","Off","Off","251.1","1","Off","On","Off","Off","Off","Off","1","0","Off","0","2","0","0","0","0","0","0","0","0","0","1"
"1245","KNENH MA SW","444.65000","449.65000","D-Digital","High","12.5K","Off","Off","MA Statewide","Group Call","3125","KC1JMH / Brad Brown","Always","Carrier","Off","1","1","1","Off","1","2","None","None","Off","Off","Off","Off","Normal Encryption","Off","Off","Off","Off","251.1","1","Off","On","Off","Off","Off","Off","1","0","Off","0","2","0","0","0","0","0","0","0","0","0","1"
"1246","KNENH NE Wide","444.65000","449.65000","D-Digital","High","12.5K","Off","Off","New England-Wide","Group Call","3181","KC1JMH / Brad Brown","Always","Carrier","Off","1","1","1","Off","1","2","None","None","Off","Off","Off","Off","Normal Encryption","Off","Off","Off","Off","251.1","1","Off","On","Off","Off","Off","Off","1","0","Off","0","2","0","0","0","0","0","0","0","0","0","1"
"1247","KNENH NETAC1","444.65000","449.65000","D-Digital","High","12.5K","Off","Off","NETAC1","Group Call","8801","KC1JMH / Brad Brown","Always","Carrier","Off","1","1","1","Off","1","1","None","None","Off","Off","Off","Off","Normal Encryption","Off","Off","Off","Off","251.1","1","Off","On","Off","Off","Off","Off","1","0","Off","0","2","0","0","0","0","0","0","0","0","0","1"
"1248","KNENH NETAC2","444.65000","449.65000","D-Digital","High","12.5K","Off","Off","NETAC2","Group Call","8802","KC1JMH / Brad Brown","Always","Carrier","Off","1","1","1","Off","1","2","None","None","Off","Off","Off","Off","Normal Encryption","Off","Off","Off","Off","251.1","1","Off","On","Off","Off","Off","Off","1","0","Off","0","2","0","0","0","0","0","0","0","0","0","1"
"1249","KNENH NH SW","444.65000","449.65000","D-Digital","High","12.5K","Off","Off","NH Statewide","Group Call","3133","KC1JMH / Brad Brown","Always","Carrier","Off","1","1","1","Off","1","2","None","None","Off","Off","Off","Off","Normal Encryption","Off","Off","Off","Off","251.1","1","Off","On","Off","Off","Off","Off","1","0","Off","0","2","0","0","0","0","0","0","0","0","0","1"
"1250","KNENH North Am","444.65000","449.65000","D-Digital","High","12.5K","Off","Off","North America","Group Call","3","KC1JMH / Brad Brown","Always","Carrier","Off","1","1","1","Off","1","1","None","None","Off","Off","Off","Off","Normal Encryption","Off","Off","Off","Off","251.1","1","Off","On","Off","Off","Off","Off","1","0","Off","0","2","0","0","0","0","0","0","0","0","0","1"
"1251","KNENH Northeast","444.65000","449.65000","D-Digital","High","12.5K","Off","Off","Northeast","Group Call","3172","KC1JMH / Brad Brown","Always","Carrier","Off","1","1","1","Off","1","1","None","None","Off","Off","Off","Off","Normal Encryption","Off","Off","Off","Off","251.1","1","Off","On","Off","Off","Off","Off","1","0","Off","0","2","0","0","0","0","0","0","0","0","0","1"
"1252","KNENH Parrot","444.65000","449.65000","D-Digital","High","12.5K","Off","Off","Parrot","Group Call","9998","KC1JMH / Brad Brown","Always","Carrier","Off","1","1","1","Off","1","1","None","None","Off","Off","Off","Off","Normal Encryption","Off","Off","Off","Off","251.1","1","Off","On","Off","Off","Off","Off","1","0","Off","0","2","0","0","0","0","0","0","0","0","0","1"
"1253","KNENH Reg North","444.65000","449.65000","D-Digital","High","12.5K","Off","Off","Region North","Group Call","8","KC1JMH / Brad Brown","Always","Carrier","Off","1","1","1","Off","1","2","None","None","Off","Off","Off","Off","Normal Encryption","Off","Off","Off","Off","251.1","1","Off","On","Off","Off","Off","Off","1","0","Off","0","2","0","0","0","0","0","0","0","0","0","1"
"1254","KNENH SKYWARN","444.65000","449.65000","D-Digital","High","12.5K","Off","Off","SKYWARN","Group Call","759","KC1JMH / Brad Brown","Always","Carrier","Off","1","1","1","Off","1","1","None","None","Off","Off","Off","Off","Normal Encryption","Off","Off","Off","Off","251.1","1","Off","On","Off","Off","Off","Off","1","0","Off","0","2","0","0","0","0","0","0","0","0","0","1"
"1255","KNENH TAC310","444.65000","449.65000","D-Digital","High","12.5K","Off","Off","TAC310","Group Call","310","KC1JMH / Brad Brown","Always","Carrier","Off","1","1","1","Off","1","1","None","None","Off","Off","Off","Off","Normal Encryption","Off","Off","Off","Off","251.1","1","Off","On","Off","Off","Off","Off","1","0","Off","0","2","0","0","0","0","0","0","0","0","0","1"
"1256","KNENH TAC311","444.65000","449.65000","D-Digital","High","12.5K","Off","Off","TAC311","Group Call","311","KC1JMH / Brad Brown","Always","Carrier","Off","1","1","1","Off","1","1","None","None","Off","Off","Off","Off","Normal Encryption","Off","Off","Off","Off","251.1","1","Off","On","Off","Off","Off","Off","1","0","Off","0","2","0","0","0","0","0","0","0","0","0","1"
"1257","KNENH UA Eng1","444.65000","449.65000","D-Digital","High","12.5K","Off","Off","UA English 1-113","Group Call","113","KC1JMH / Brad Brown","Always","Carrier","Off","1","1","1","Off","1","1","None","None","Off","Off","Off","Off","Normal Encryption","Off","Off","Off","Off","251.1","1","Off","On","Off","Off","Off","Off","1","0","Off","0","2","0","0","0","0","0","0","0","0","0","1"
"1258","KNENH UA Eng2","444.65000","449.65000","D-Digital","High","12.5K","Off","Off","UA English 2-123","Group Call","123","KC1JMH / Brad Brown","Always","Carrier","Off","1","1","1","Off","1","1","None","None","Off","Off","Off","Off","Normal Encryption","Off","Off","Off","Off","251.1","1","Off","On","Off","Off","Off","Off","1","0","Off","0","2","0","0","0","0","0","0","0","0","0","1"
"1259","KNENH VT SW","444.65000","449.65000","D-Digital","High","12.5K","Off","Off","VT Statewide","Group Call","3150","KC1JMH / Brad Brown","Always","Carrier","Off","1","1","1","Off","1","2","None","None","Off","Off","Off","Off","Normal Encryption","Off","Off","Off","Off","251.1","1","Off","On","Off","Off","Off","Off","1","0","Off","0","2","0","0","0","0","0","0","0","0","0","1"
"1260","KNENH WW","444.65000","449.65000","D-Digital","High","12.5K","Off","Off","WW Call","Group Call","1","KC1JMH / Brad Brown","Always","Carrier","Off","1","1","1","Off","1","1","None","None","Off","Off","Off","Off","Normal Encryption","Off","Off","Off","Off","251.1","1","Off","On","Off","Off","Off","Off","1","0","Off","0","2","0","0","0","0","0","0","0","0","0","1"
"1261","KNENH WW Eng","444.65000","449.65000","D-Digital","High","12.5K","Off","Off","WW English","Group Call","13","KC1JMH / Brad Brown","Always","Carrier","Off","1","1","1","Off","1","1","None","None","Off","Off","Off","Off","Normal Encryption","Off","Off","Off","Off","251.1","1","Off","On","Off","Off","Off","Off","1","0","Off","0","2","0","0","0","0","0","0","0","0","0","1"
"1262","LYNDNH CT SW","433.93750","438.93750","D-Digital","High","12.5K","Off","Off","CT Statewide","Group Call","3109","KC1JMH / Brad Brown","Always","Carrier","Off","1","1","1","Off","1","1","None","None","Off","Off","Off","Off","Normal Encryption","Off","Off","Off","Off","251.1","1","Off","On","Off","Off","Off","Off","1","0","Off","0","2","0","0","0","0","0","0","0","0","0","1"
"1263","LYNDNH Local","433.93750","438.93750","D-Digital","High","12.5K","Off","Off","Local","Group Call","9","KC1JMH / Brad Brown","Always","Carrier","Off","1","1","1","Off","1","2","None","None","Off","Off","Off","Off","Normal Encryption","Off","Off","Off","Off","251.1","1","Off","On","Off","Off","Off","Off","1","0","Off","0","2","0","0","0","0","0","0","0","0","0","1"
"1264","LYNDNH MA SW","433.93750","438.93750","D-Digital","High","12.5K","Off","Off","MA Statewide","Group Call","3125","KC1JMH / Brad Brown","Always","Carrier","Off","1","1","1","Off","1","1","None","None","Off","Off","Off","Off","Normal Encryption","Off","Off","Off","Off","251.1","1","Off","On","Off","Off","Off","Off","1","0","Off","0","2","0","0","0","0","0","0","0","0","0","1"
"1265","LYNDNH ME SW","433.93750","438.93750","D-Digital","High","12.5K","Off","Off","ME Statewide","Group Call","3123","KC1JMH / Brad Brown","Always","Carrier","Off","1","1","1","Off","1","1","None","None","Off","Off","Off","Off","Normal Encryption","Off","Off","Off","Off","251.1","1","Off","On","Off","Off","Off","Off","1","0","Off","0","2","0","0","0","0","0","0","0","0","0","1"
"1266","LYNDNH NE Wide","433.93750","438.93750","D-Digital","High","12.5K","Off","Off","New England-Wide","Group Call","3181","KC1JMH / Brad Brown","Always","Carrier","Off","1","1","1","Off","1","2","None","None","Off","Off","Off","Off","Normal Encryption","Off","Off","Off","Off","251.1","1","Off","On","Off","Off","Off","Off","1","0","Off","0","2","0","0","0","0","0","0","0","0","0","1"
"1267","LYNDNH NETAC1","433.93750","438.93750","D-Digital","High","12.5K","Off","Off","NETAC1","Group Call","8801","KC1JMH / Brad Brown","Always","Carrier","Off","1","1","1","Off","1","1","None","None","Off","Off","Off","Off","Normal Encryption","Off","Off","Off","Off","251.1","1","Off","On","Off","Off","Off","Off","1","0","Off","0","2","0","0","0","0","0","0","0","0","0","1"
"1268","LYNDNH NETAC2","433.93750","438.93750","D-Digital","High","12.5K","Off","Off","NETAC2","Group Call","8802","KC1JMH / Brad Brown","Always","Carrier","Off","1","1","1","Off","1","2","None","None","Off","Off","Off","Off","Normal Encryption","Off","Off","Off","Off","251.1","1","Off","On","Off","Off","Off","Off","1","0","Off","0","2","0","0","0","0","0","0","0","0","0","1"
"1269","LYNDNH NH SW","433.93750","438.93750","D-Digital","High","12.5K","Off","Off","NH Statewide","Group Call","3133","KC1JMH / Brad Brown","Always","Carrier","Off","1","1","1","Off","1","2","None","None","Off","Off","Off","Off","Normal Encryption","Off","Off","Off","Off","251.1","1","Off","On","Off","Off","Off","Off","1","0","Off","0","2","0","0","0","0","0","0","0","0","0","1"
"1270","LYNDNH North Am","433.93750","438.93750","D-Digital","High","12.5K","Off","Off","North America","Group Call","3","KC1JMH / Brad Brown","Always","Carrier","Off","1","1","1","Off","1","1","None","None","Off","Off","Off","Off","Normal Encryption","Off","Off","Off","Off","251.1","1","Off","On","Off","Off","Off","Off","1","0","Off","0","2","0","0","0","0","0","0","0","0","0","1"
"1271","LYNDNH Northeast","433.93750","438.93750","D-Digital","High","12.5K","Off","Off","Northeast","Group Call","3172","KC1JMH / Brad Brown","Always","Carrier","Off","1","1","1","Off","1","1","None","None","Off","Off","Off","Off","Normal Encryption","Off","Off","Off","Off","251.1","1","Off","On","Off","Off","Off","Off","1","0","Off","0","2","0","0","0","0","0","0","0","0","0","1"
"1272","LYNDNH Parrot","433.93750","438.93750","D-Digital","High","12.5K","Off","Off","Parrot","Group Call","9998","KC1JMH / Brad Brown","Always","Carrier","Off","1","1","1","Off","1","1","None","None","Off","Off","Off","Off","Normal Encryption","Off","Off","Off","Off","251.1","1","Off","On","Off","Off","Off","Off","1","0","Off","0","2","0","0","0","0","0","0","0","0","0","1"
"1273","LYNDNH Reg North","433.93750","438.93750","D-Digital","High","12.5K","Off","Off","Region North","Group Call","8","KC1JMH / Brad Brown","Always","Carrier","Off","1","1","1","Off","1","1","None","None","Off","Off","Off","Off","Normal Encryption","Off","Off","Off","Off","251.1","1","Off","On","Off","Off","Off","Off","1","0","Off","0","2","0","0","0","0","0","0","0","0","0","1"
"1274","LYNDNH SKYWARN","433.93750","438.93750","D-Digital","High","12.5K","Off","Off","SKYWARN","Group Call","759","KC1JMH / Brad Brown","Always","Carrier","Off","1","1","1","Off","1","1","None","None","Off","Off","Off","Off","Normal Encryption","Off","Off","Off","Off","251.1","1","Off","On","Off","Off","Off","Off","1","0","Off","0","2","0","0","0","0","0","0","0","0","0","1"
"1275","LYNDNH TAC310","433.93750","438.93750","D-Digital","High","12.5K","Off","Off","TAC310","Group Call","310","KC1JMH / Brad Brown","Always","Carrier","Off","1","1","1","Off","1","1","None","None","Off","Off","Off","Off","Normal Encryption","Off","Off","Off","Off","251.1","1","Off","On","Off","Off","Off","Off","1","0","Off","0","2","0","0","0","0","0","0","0","0","0","1"
"1276","LYNDNH TAC311","433.93750","438.93750","D-Digital","High","12.5K","Off","Off","TAC311","Group Call","311","KC1JMH / Brad Brown","Always","Carrier","Off","1","1","1","Off","1","1","None","None","Off","Off","Off","Off","Normal Encryption","Off","Off","Off","Off","251.1","1","Off","On","Off","Off","Off","Off","1","0","Off","0","2","0","0","0","0","0","0","0","0","0","1"
"1277","LYNDNH UA Eng1","433.93750","438.93750","D-Digital","High","12.5K","Off","Off","UA English 1-113","Group Call","113","KC1JMH / Brad Brown","Always","Carrier","Off","1","1","1","Off","1","1","None","None","Off","Off","Off","Off","Normal Encryption","Off","Off","Off","Off","251.1","1","Off","On","Off","Off","Off","Off","1","0","Off","0","2","0","0","0","0","0","0","0","0","0","1"
"1278","LYNDNH UA Eng2","433.93750","438.93750","D-Digital","High","12.5K","Off","Off","UA English 2-123","Group Call","123","KC1JMH / Brad Brown","Always","Carrier","Off","1","1","1","Off","1","1","None","None","Off","Off","Off","Off","Normal Encryption","Off","Off","Off","Off","251.1","1","Off","On","Off","Off","Off","Off","1","0","Off","0","2","0","0","0","0","0","0","0","0","0","1"
"1279","LYNDNH VT SW","433.93750","438.93750","D-Digital","High","12.5K","Off","Off","VT Statewide","Group Call","3150","KC1JMH / Brad Brown","Always","Carrier","Off","1","1","1","Off","1","1","None","None","Off","Off","Off","Off","Normal Encryption","Off","Off","Off","Off","251.1","1","Off","On","Off","Off","Off","Off","1","0","Off","0","2","0","0","0","0","0","0","0","0","0","1"
"1280","LYNDNH WW","433.93750","438.93750","D-Digital","High","12.5K","Off","Off","WW Call","Group Call","1","KC1JMH / Brad Brown","Always","Carrier","Off","1","1","1","Off","1","1","None","None","Off","Off","Off","Off","Normal Encryption","Off","Off","Off","Off","251.1","1","Off","On","Off","Off","Off","Off","1","0","Off","0","2","0","0","0","0","0","0","0","0","0","1"
"1281","LYNDNH WW Eng","433.93750","438.93750","D-Digital","High","12.5K","Off","Off","WW English","Group Call","13","KC1JMH / Brad Brown","Always","Carrier","Off","1","1","1","Off","1","1","None","None","Off","Off","Off","Off","Normal Encryption","Off","Off","Off","Off","251.1","1","Off","On","Off","Off","Off","Off","1","0","Off","0","2","0","0","0","0","0","0","0","0","0","1"
"1282","MTWNH COOS","448.97500","443.97500","D-Digital","High","12.5K","Off","Off","Coos Net","Group Call","8803","KC1JMH / Brad Brown","Always","Carrier","Off","1","1","1","Off","2","2","None","None","Off","Off","Off","Off","Normal Encryption","Off","Off","Off","Off","251.1","1","Off","On","Off","Off","Off","Off","1","0","Off","0","2","0","0","0","0","0","0","0","0","0","2"
"1283","MTWNH Local","448.97500","443.97500","D-Digital","High","12.5K","Off","Off","Local","Group Call","9","KC1JMH / Brad Brown","Always","Carrier","Off","1","1","1","Off","2","2","None","None","Off","Off","Off","Off","Normal Encryption","Off","Off","Off","Off","251.1","1","Off","On","Off","Off","Off","Off","1","0","Off","0","2","0","0","0","0","0","0","0","0","0","2"
"1284","MTWNH ME SW","448.97500","443.97500","D-Digital","High","12.5K","Off","Off","ME Statewide","Group Call","3123","KC1JMH / Brad Brown","Always","Carrier","Off","1","1","1","Off","2","1","None","None","Off","Off","Off","Off","Normal Encryption","Off","Off","Off","Off","251.1","1","Off","On","Off","Off","Off","Off","1","0","Off","0","2","0","0","0","0","0","0","0","0","0","2"
"1285","MTWNH NE Wide","448.97500","443.97500","D-Digital","High","12.5K","Off","Off","New England-Wide","Group Call","3181","KC1JMH / Brad Brown","Always","Carrier","Off","1","1","1","Off","2","2","None","None","Off","Off","Off","Off","Normal Encryption","Off","Off","Off","Off","251.1","1","Off","On","Off","Off","Off","Off","1","0","Off","0","2","0","0","0","0","0","0","0","0","0","2"
"1286","MTWNH NETAC1","448.97500","443.97500","D-Digital","High","12.5K","Off","Off","NETAC1","Group Call","8801","KC1JMH / Brad Brown","Always","Carrier","Off","1","1","1","Off","2","1","None","None","Off","Off","Off","Off","Normal Encryption","Off","Off","Off","Off","251.1","1","Off","On","Off","Off","Off","Off","1","0","Off","0","2","0","0","0","0","0","0","0","0","0","2"
"1287","MTWNH NETAC2","448.97500","443.97500","D-Digital","High","12.5K","Off","Off","NETAC2","Group Call","8802","KC1JMH / Brad Brown","Always","Carrier","Off","1","1","1","Off","2","2","None","None","Off","Off","Off","Off","Normal Encryption","Off","Off","Off","Off","251.1","1","Off","On","Off","Off","Off","Off","1","0","Off","0","2","0","0","0","0","0","0","0","0","0","2"
"1288","MTWNH NH SW","448.97500","443.97500","D-Digital","High","12.5K","Off","Off","NH Statewide","Group Call","3133","KC1JMH / Brad Brown","Always","Carrier","Off","1","1","1","Off","2","2","None","None","Off","Off","Off","Off","Normal Encryption","Off","Off","Off","Off","251.1","1","Off","On","Off","Off","Off","Off","1","0","Off","0","2","0","0","0","0","0","0","0","0","0","2"
"1289","MTWNH North Am","448.97500","443.97500","D-Digital","High","12.5K","Off","Off","North America","Group Call","3","KC1JMH / Brad Brown","Always","Carrier","Off","1","1","1","Off","2","1","None","None","Off","Off","Off","Off","Normal Encryption","Off","Off","Off","Off","251.1","1","Off","On","Off","Off","Off","Off","1","0","Off","0","2","0","0","0","0","0","0","0","0","0","2"
"1290","MTWNH Northeast","448.97500","443.97500","D-Digital","High","12.5K","Off","Off","Northeast","Group Call","3172","KC1JMH / Brad Brown","Always","Carrier","Off","1","1","1","Off","2","1","None","None","Off","Off","Off","Off","Normal Encryption","Off","Off","Off","Off","251.1","1","Off","On","Off","Off","Off","Off","1","0","Off","0","2","0","0","0","0","0","0","0","0","0","2"
"1291","MTWNH Parrot","448.97500","443.97500","D-Digital","High","12.5K","Off","Off","Parrot","Group Call","9998","KC1JMH / Brad Brown","Always","Carrier","Off","1","1","1","Off","2","1","None","None","Off","Off","Off","Off","Normal Encryption","Off","Off","Off","Off","251.1","1","Off","On","Off","Off","Off","Off","1","0","Off","0","2","0","0","0","0","0","0","0","0","0","2"
"1292","MTWNH Reg North","448.97500","443.97500","D-Digital","High","12.5K","Off","Off","Region North","Group Call","8","KC1JMH / Brad Brown","Always","Carrier","Off","1","1","1","Off","2","2","None","None","Off","Off","Off","Off","Normal Encryption","Off","Off","Off","Off","251.1","1","Off","On","Off","Off","Off","Off","1","0","Off","0","2","0","0","0","0","0","0","0","0","0","2"
"1293","MTWNH SKYWARN","448.97500","443.97500","D-Digital","High","12.5K","Off","Off","SKYWARN","Group Call","759","KC1JMH / Brad Brown","Always","Carrier","Off","1","1","1","Off","2","1","None","None","Off","Off","Off","Off","Normal Encryption","Off","Off","Off","Off","251.1","1","Off","On","Off","Off","Off","Off","1","0","Off","0","2","0","0","0","0","0","0","0","0","0","2"
"1294","MTWNH TAC310","448.97500","443.97500","D-Digital","High","12.5K","Off","Off","TAC310","Group Call","310","KC1JMH / Brad Brown","Always","Carrier","Off","1","1","1","Off","2","1","None","None","Off","Off","Off","Off","Normal Encryption","Off","Off","Off","Off","251.1","1","Off","On","Off","Off","Off","Off","1","0","Off","0","2","0","0","0","0","0","0","0","0","0","2"
"1295","MTWNH TAC311","448.97500","443.97500","D-Digital","High","12.5K","Off","Off","TAC311","Group Call","311","KC1JMH / Brad Brown","Always","Carrier","Off","1","1","1","Off","2","1","None","None","Off","Off","Off","Off","Normal Encryption","Off","Off","Off","Off","251.1","1","Off","On","Off","Off","Off","Off","1","0","Off","0","2","0","0","0","0","0","0","0","0","0","2"
"1296","MTWNH UA Eng1","448.97500","443.97500","D-Digital","High","12.5K","Off","Off","UA English 1-113","Group Call","113","KC1JMH / Brad Brown","Always","Carrier","Off","1","1","1","Off","2","1","None","None","Off","Off","Off","Off","Normal Encryption","Off","Off","Off","Off","251.1","1","Off","On","Off","Off","Off","Off","1","0","Off","0","2","0","0","0","0","0","0","0","0","0","2"
"1297","MTWNH UA Eng2","448.97500","443.97500","D-Digital","High","12.5K","Off","Off","UA English 2-123","Group Call","123","KC1JMH / Brad Brown","Always","Carrier","Off","1","1","1","Off","2","1","None","None","Off","Off","Off","Off","Normal Encryption","Off","Off","Off","Off","251.1","1","Off","On","Off","Off","Off","Off","1","0","Off","0","2","0","0","0","0","0","0","0","0","0","2"
"1298","MTWNH VT SW","448.97500","443.97500","D-Digital","High","12.5K","Off","Off","VT Statewide","Group Call","3150","KC1JMH / Brad Brown","Always","Carrier","Off","1","1","1","Off","2","1","None","None","Off","Off","Off","Off","Normal Encryption","Off","Off","Off","Off","251.1","1","Off","On","Off","Off","Off","Off","1","0","Off","0","2","0","0","0","0","0","0","0","0","0","2"
"1299","MTWNH WW","448.97500","443.97500","D-Digital","High","12.5K","Off","Off","WW Call","Group Call","1","KC1JMH / Brad Brown","Always","Carrier","Off","1","1","1","Off","2","1","None","None","Off","Off","Off","Off","Normal Encryption","Off","Off","Off","Off","251.1","1","Off","On","Off","Off","Off","Off","1","0","Off","0","2","0","0","0","0","0","0","0","0","0","2"
"1300","MTWNH WW Eng","448.97500","443.97500","D-Digital","High","12.5K","Off","Off","WW English","Group Call","13","KC1JMH / Brad Brown","Always","Carrier","Off","1","1","1","Off","2","1","None","None","Off","Off","Off","Off","Normal Encryption","Off","Off","Off","Off","251.1","1","Off","On","Off","Off","Off","Off","1","0","Off","0","2","0","0","0","0","0","0","0","0","0","2"
"1301","NCWNH Local","448.77500","443.77500","D-Digital","High","12.5K","Off","Off","Local","Group Call","9","KC1JMH / Brad Brown","Always","Carrier","Off","1","1","1","Off","2","2","None","None","Off","Off","Off","Off","Normal Encryption","Off","Off","Off","Off","251.1","1","Off","On","Off","Off","Off","Off","1","0","Off","0","2","0","0","0","0","0","0","0","0","0","2"
"1302","NCWNH ME SW","448.77500","443.77500","D-Digital","High","12.5K","Off","Off","ME Statewide","Group Call","3123","KC1JMH / Brad Brown","Always","Carrier","Off","1","1","1","Off","2","1","None","None","Off","Off","Off","Off","Normal Encryption","Off","Off","Off","Off","251.1","1","Off","On","Off","Off","Off","Off","1","0","Off","0","2","0","0","0","0","0","0","0","0","0","2"
"1303","NCWNH NE Wide","448.77500","443.77500","D-Digital","High","12.5K","Off","Off","New England-Wide","Group Call","3181","KC1JMH / Brad Brown","Always","Carrier","Off","1","1","1","Off","2","2","None","None","Off","Off","Off","Off","Normal Encryption","Off","Off","Off","Off","251.1","1","Off","On","Off","Off","Off","Off","1","0","Off","0","2","0","0","0","0","0","0","0","0","0","2"
"1304","NCWNH NETAC1","448.77500","443.77500","D-Digital","High","12.5K","Off","Off","NETAC1","Group Call","8801","KC1JMH / Brad Brown","Always","Carrier","Off","1","1","1","Off","2","1","None","None","Off","Off","Off","Off","Normal Encryption","Off","Off","Off","Off","251.1","1","Off","On","Off","Off","Off","Off","1","0","Off","0","2","0","0","0","0","0","0","0","0","0","2"
"1305","NCWNH NETAC2","448.77500","443.77500","D-Digital","High","12.5K","Off","Off","NETAC2","Group Call","8802","KC1JMH / Brad Brown","Always","Carrier","Off","1","1","1","Off","2","2","None","None","Off","Off","Off","Off","Normal Encryption","Off","Off","Off","Off","251.1","1","Off","On","Off","Off","Off","Off","1","0","Off","0","2","0","0","0","0","0","0","0","0","0","2"
"1306","NCWNH NH SW","448.77500","443.77500","D-Digital","High","12.5K","Off","Off","NH Statewide","Group Call","3133","KC1JMH / Brad Brown","Always","Carrier","Off","1","1","1","Off","2","2","None","None","Off","Off","Off","Off","Normal Encryption","Off","Off","Off","Off","251.1","1","Off","On","Off","Off","Off","Off","1","0","Off","0","2","0","0","0","0","0","0","0","0","0","2"
"1307","NCWNH North Am","448.77500","443.77500","D-Digital","High","12.5K","Off","Off","North America","Group Call","3","KC1JMH / Brad Brown","Always","Carrier","Off","1","1","1","Off","2","1","None","None","Off","Off","Off","Off","Normal Encryption","Off","Off","Off","Off","251.1","1","Off","On","Off","Off","Off","Off","1","0","Off","0","2","0","0","0","0","0","0","0","0","0","2"
"1308","NCWNH Northeast","448.77500","443.77500","D-Digital","High","12.5K","Off","Off","Northeast","Group Call","3172","KC1JMH / Brad Brown","Always","Carrier","Off","1","1","1","Off","2","1","None","None","Off","Off","Off","Off","Normal Encryption","Off","Off","Off","Off","251.1","1","Off","On","Off","Off","Off","Off","1","0","Off","0","2","0","0","0","0","0","0","0","0","0","2"
"1309","NCWNH Parrot","448.77500","443.77500","D-Digital","High","12.5K","Off","Off","Parrot","Group Call","9998","KC1JMH / Brad Brown","Always","Carrier","Off","1","1","1","Off","2","1","None","None","Off","Off","Off","Off","Normal Encryption","Off","Off","Off","Off","251.1","1","Off","On","Off","Off","Off","Off","1","0","Off","0","2","0","0","0","0","0","0","0","0","0","2"
"1310","NCWNH Reg North","448.77500","443.77500","D-Digital","High","12.5K","Off","Off","Region North","Group Call","8","KC1JMH / Brad Brown","Always","Carrier","Off","1","1","1","Off","2","2","None","None","Off","Off","Off","Off","Normal Encryption","Off","Off","Off","Off","251.1","1","Off","On","Off","Off","Off","Off","1","0","Off","0","2","0","0","0","0","0","0","0","0","0","2"
"1311","NCWNH SKYWARN","448.77500","443.77500","D-Digital","High","12.5K","Off","Off","SKYWARN","Group Call","759","KC1JMH / Brad Brown","Always","Carrier","Off","1","1","1","Off","2","1","None","None","Off","Off","Off","Off","Normal Encryption","Off","Off","Off","Off","251.1","1","Off","On","Off","Off","Off","Off","1","0","Off","0","2","0","0","0","0","0","0","0","0","0","2"
"1312","NCWNH TAC310","448.77500","443.77500","D-Digital","High","12.5K","Off","Off","TAC310","Group Call","310","KC1JMH / Brad Brown","Always","Carrier","Off","1","1","1","Off","2","1","None","None","Off","Off","Off","Off","Normal Encryption","Off","Off","Off","Off","251.1","1","Off","On","Off","Off","Off","Off","1","0","Off","0","2","0","0","0","0","0","0","0","0","0","2"
"1313","NCWNH TAC311","448.77500","443.77500","D-Digital","High","12.5K","Off","Off","TAC311","Group Call","311","KC1JMH / Brad Brown","Always","Carrier","Off","1","1","1","Off","2","1","None","None","Off","Off","Off","Off","Normal Encryption","Off","Off","Off","Off","251.1","1","Off","On","Off","Off","Off","Off","1","0","Off","0","2","0","0","0","0","0","0","0","0","0","2"
"1314","NCWNH UA Eng1","448.77500","443.77500","D-Digital","High","12.5K","Off","Off","UA English 1-113","Group Call","113","KC1JMH / Brad Brown","Always","Carrier","Off","1","1","1","Off","2","1","None","None","Off","Off","Off","Off","Normal Encryption","Off","Off","Off","Off","251.1","1","Off","On","Off","Off","Off","Off","1","0","Off","0","2","0","0","0","0","0","0","0","0","0","2"
"1315","NCWNH UA Eng2","448.77500","443.77500","D-Digital","High","12.5K","Off","Off","UA English 2-123","Group Call","123","KC1JMH / Brad Brown","Always","Carrier","Off","1","1","1","Off","2","1","None","None","Off","Off","Off","Off","Normal Encryption","Off","Off","Off","Off","251.1","1","Off","On","Off","Off","Off","Off","1","0","Off","0","2","0","0","0","0","0","0","0","0","0","2"
"1316","NCWNH WW","448.77500","443.77500","D-Digital","High","12.5K","Off","Off","WW Call","Group Call","1","KC1JMH / Brad Brown","Always","Carrier","Off","1","1","1","Off","2","1","None","None","Off","Off","Off","Off","Normal Encryption","Off","Off","Off","Off","251.1","1","Off","On","Off","Off","Off","Off","1","0","Off","0","2","0","0","0","0","0","0","0","0","0","2"
"1317","NCWNH WW Eng","448.77500","443.77500","D-Digital","High","12.5K","Off","Off","WW English","Group Call","13","KC1JMH / Brad Brown","Always","Carrier","Off","1","1","1","Off","2","1","None","None","Off","Off","Off","Off","Normal Encryption","Off","Off","Off","Off","251.1","1","Off","On","Off","Off","Off","Off","1","0","Off","0","2","0","0","0","0","0","0","0","0","0","2"
"1318","PSMNH CT SW","444.55000","449.55000","D-Digital","Turbo","12.5K","Off","Off","CT Statewide","Group Call","3109","KC1JMH / Brad Brown","Always","Carrier","Off","1","1","1","Off","5","1","None","None","Off","Off","Off","Off","Normal Encryption","Off","Off","Off","Off","251.1","1","Off","Off","Off","Off","Off","Off","1","0","Off","0","2","0","0","0","0","0","0","0","0","0","5"
"1319","PSMNH Local","444.55000","449.55000","D-Digital","Turbo","12.5K","Off","Off","Local","Group Call","9","KC1JMH / Brad Brown","Always","Carrier","Off","1","1","1","Off","5","2","None","None","Off","Off","Off","Off","Normal Encryption","Off","Off","Off","Off","251.1","1","Off","Off","Off","Off","Off","Off","1","0","Off","0","2","0","0","0","0","0","0","0","0","0","5"
"1320","PSMNH MA SW","444.55000","449.55000","D-Digital","Turbo","12.5K","Off","Off","MA Statewide","Group Call","3125","KC1JMH / Brad Brown","Always","Carrier","Off","1","1","1","Off","5","1","None","None","Off","Off","Off","Off","Normal Encryption","Off","Off","Off","Off","251.1","1","Off","Off","Off","Off","Off","Off","1","0","Off","0","2","0","0","0","0","0","0","0","0","0","5"
"1321","PSMNH ME SW","444.55000","449.55000","D-Digital","Turbo","12.5K","Off","Off","ME Statewide","Group Call","3123","KC1JMH / Brad Brown","Always","Carrier","Off","1","1","1","Off","5","1","None","None","Off","Off","Off","Off","Normal Encryption","Off","Off","Off","Off","251.1","1","Off","Off","Off","Off","Off","Off","1","0","Off","0","2","0","0","0","0","0","0","0","0","0","5"
"1322","PSMNH NE Wide","444.55000","449.55000","D-Digital","Turbo","12.5K","Off","Off","New England-Wide","Group Call","3181","KC1JMH / Brad Brown","Always","Carrier","Off","1","1","1","Off","5","2","None","None","Off","Off","Off","Off","Normal Encryption","Off","Off","Off","Off","251.1","1","Off","Off","Off","Off","Off","Off","1","0","Off","0","2","0","0","0","0","0","0","0","0","0","5"
"1323","PSMNH NETAC1","444.55000","449.55000","D-Digital","Turbo","12.5K","Off","Off","NETAC1","Group Call","8801","KC1JMH / Brad Brown","Always","Carrier","Off","1","1","1","Off","5","1","None","None","Off","Off","Off","Off","Normal Encryption","Off","Off","Off","Off","251.1","1","Off","Off","Off","Off","Off","Off","1","0","Off","0","2","0","0","0","0","0","0","0","0","0","5"
"1324","PSMNH NETAC2","444.55000","449.55000","D-Digital","Turbo","12.5K","Off","Off","NETAC2","Group Call","8802","KC1JMH / Brad Brown","Always","Carrier","Off","1","1","1","Off","5","2","None","None","Off","Off","Off","Off","Normal Encryption","Off","Off","Off","Off","251.1","1","Off","Off","Off","Off","Off","Off","1","0","Off","0","2","0","0","0","0","0","0","0","0","0","5"
"1325","PSMNH NH SW","444.55000","449.55000","D-Digital","Turbo","12.5K","Off","Off","NH Statewide","Group Call","3133","KC1JMH / Brad Brown","Always","Carrier","Off","1","1","1","Off","5","2","None","None","Off","Off","Off","Off","Normal Encryption","Off","Off","Off","Off","251.1","1","Off","Off","Off","Off","Off","Off","1","0","Off","0","2","0","0","0","0","0","0","0","0","0","5"
"1326","PSMNH North Am","444.55000","449.55000","D-Digital","Turbo","12.5K","Off","Off","North America","Group Call","3","KC1JMH / Brad Brown","Always","Carrier","Off","1","1","1","Off","5","1","None","None","Off","Off","Off","Off","Normal Encryption","Off","Off","Off","Off","251.1","1","Off","Off","Off","Off","Off","Off","1","0","Off","0","2","0","0","0","0","0","0","0","0","0","5"
"1327","PSMNH Northeast","444.55000","449.55000","D-Digital","Turbo","12.5K","Off","Off","Northeast","Group Call","3172","KC1JMH / Brad Brown","Always","Carrier","Off","1","1","1","Off","5","1","None","None","Off","Off","Off","Off","Normal Encryption","Off","Off","Off","Off","251.1","1","Off","Off","Off","Off","Off","Off","1","0","Off","0","2","0","0","0","0","0","0","0","0","0","5"
"1328","PSMNH Parrot","444.55000","449.55000","D-Digital","Turbo","12.5K","Off","Off","Parrot","Group Call","9998","KC1JMH / Brad Brown","Always","Carrier","Off","1","1","1","Off","5","1","None","None","Off","Off","Off","Off","Normal Encryption","Off","Off","Off","Off","251.1","1","Off","Off","Off","Off","Off","Off","1","0","Off","0","2","0","0","0","0","0","0","0","0","0","5"
"1329","PSMNH RI SW","444.55000","449.55000","D-Digital","Turbo","12.5K","Off","Off","RI Statewide","Group Call","3144","KC1JMH / Brad Brown","Always","Carrier","Off","1","1","1","Off","5","1","None","None","Off","Off","Off","Off","Normal Encryption","Off","Off","Off","Off","251.1","1","Off","Off","Off","Off","Off","Off","1","0","Off","0","2","0","0","0","0","0","0","0","0","0","5"
"1330","PSMNH SKYWARN","444.55000","449.55000","D-Digital","Turbo","12.5K","Off","Off","SKYWARN","Group Call","759","KC1JMH / Brad Brown","Always","Carrier","Off","1","1","1","Off","5","1","None","None","Off","Off","Off","Off","Normal Encryption","Off","Off","Off","Off","251.1","1","Off","Off","Off","Off","Off","Off","1","0","Off","0","2","0","0","0","0","0","0","0","0","0","5"
"1331","PSMNH TAC310","444.55000","449.55000","D-Digital","Turbo","12.5K","Off","Off","TAC310","Group Call","310","KC1JMH / Brad Brown","Always","Carrier","Off","1","1","1","Off","5","1","None","None","Off","Off","Off","Off","Normal Encryption","Off","Off","Off","Off","251.1","1","Off","Off","Off","Off","Off","Off","1","0","Off","0","2","0","0","0","0","0","0","0","0","0","5"
"1332","PSMNH TAC311","444.55000","449.55000","D-Digital","Turbo","12.5K","Off","Off","TAC311","Group Call","311","KC1JMH / Brad Brown","Always","Carrier","Off","1","1","1","Off","5","1","None","None","Off","Off","Off","Off","Normal Encryption","Off","Off","Off","Off","251.1","1","Off","Off","Off","Off","Off","Off","1","0","Off","0","2","0","0","0","0","0","0","0","0","0","5"
"1333","PSMNH VT SW","444.55000","449.55000","D-Digital","Turbo","12.5K","Off","Off","VT Statewide","Group Call","3150","KC1JMH / Brad Brown","Always","Carrier","Off","1","1","1","Off","5","1","None","None","Off","Off","Off","Off","Normal Encryption","Off","Off","Off","Off","251.1","1","Off","Off","Off","Off","Off","Off","1","0","Off","0","2","0","0","0","0","0","0","0","0","0","5"
"1334","PSMNH WW","444.55000","449.55000","D-Digital","Turbo","12.5K","Off","Off","WW Call","Group Call","1","KC1JMH / Brad Brown","Always","Carrier","Off","1","1","1","Off","5","1","None","None","Off","Off","Off","Off","Normal Encryption","Off","Off","Off","Off","251.1","1","Off","Off","Off","Off","Off","Off","1","0","Off","0","2","0","0","0","0","0","0","0","0","0","5"
"1335","RCHNH Local","145.24000","144.64000","D-Digital","High","12.5K","Off","Off","Local","Group Call","9","KC1JMH / Brad Brown","Always","Carrier","Off","1","1","1","Off","3","2","None","None","Off","Off","Off","Off","Normal Encryption","Off","Off","Off","Off","251.1","1","Off","On","Off","Off","Off","Off","1","0","Off","0","2","0","0","0","0","0","0","0","0","0","3"
"1336","RCHNH ME SW","145.24000","144.64000","D-Digital","High","12.5K","Off","Off","ME Statewide","Group Call","3123","KC1JMH / Brad Brown","Always","Carrier","Off","1","1","1","Off","3","1","None","None","Off","Off","Off","Off","Normal Encryption","Off","Off","Off","Off","251.1","1","Off","On","Off","Off","Off","Off","1","0","Off","0","2","0","0","0","0","0","0","0","0","0","3"
"1337","RCHNH NE Wide","145.24000","144.64000","D-Digital","High","12.5K","Off","Off","New England-Wide","Group Call","3181","KC1JMH / Brad Brown","Always","Carrier","Off","1","1","1","Off","3","2","None","None","Off","Off","Off","Off","Normal Encryption","Off","Off","Off","Off","251.1","1","Off","On","Off","Off","Off","Off","1","0","Off","0","2","0","0","0","0","0","0","0","0","0","3"
"1338","RCHNH NETAC1","145.24000","144.64000","D-Digital","High","12.5K","Off","Off","NETAC1","Group Call","8801","KC1JMH / Brad Brown","Always","Carrier","Off","1","1","1","Off","3","1","None","None","Off","Off","Off","Off","Normal Encryption","Off","Off","Off","Off","251.1","1","Off","On","Off","Off","Off","Off","1","0","Off","0","2","0","0","0","0","0","0","0","0","0","3"
"1339","RCHNH NETAC2","145.24000","144.64000","D-Digital","High","12.5K","Off","Off","NETAC2","Group Call","8802","KC1JMH / Brad Brown","Always","Carrier","Off","1","1","1","Off","3","2","None","None","Off","Off","Off","Off","Normal Encryption","Off","Off","Off","Off","251.1","1","Off","On","Off","Off","Off","Off","1","0","Off","0","2","0","0","0","0","0","0","0","0","0","3"
"1340","RCHNH NH SW","145.24000","144.64000","D-Digital","High","12.5K","Off","Off","NH Statewide","Group Call","3133","KC1JMH / Brad Brown","Always","Carrier","Off","1","1","1","Off","3","2","None","None","Off","Off","Off","Off","Normal Encryption","Off","Off","Off","Off","251.1","1","Off","On","Off","Off","Off","Off","1","0","Off","0","2","0","0","0","0","0","0","0","0","0","3"
"1341","RCHNH North Am","145.24000","144.64000","D-Digital","High","12.5K","Off","Off","North America","Group Call","3","KC1JMH / Brad Brown","Always","Carrier","Off","1","1","1","Off","3","1","None","None","Off","Off","Off","Off","Normal Encryption","Off","Off","Off","Off","251.1","1","Off","On","Off","Off","Off","Off","1","0","Off","0","2","0","0","0","0","0","0","0","0","0","3"
"1342","RCHNH Northeast","145.24000","144.64000","D-Digital","High","12.5K","Off","Off","Northeast","Group Call","3172","KC1JMH / Brad Brown","Always","Carrier","Off","1","1","1","Off","3","1","None","None","Off","Off","Off","Off","Normal Encryption","Off","Off","Off","Off","251.1","1","Off","On","Off","Off","Off","Off","1","0","Off","0","2","0","0","0","0","0","0","0","0","0","3"
"1343","RCHNH Parrot","145.24000","144.64000","D-Digital","High","12.5K","Off","Off","Parrot","Group Call","9998","KC1JMH / Brad Brown","Always","Carrier","Off","1","1","1","Off","3","1","None","None","Off","Off","Off","Off","Normal Encryption","Off","Off","Off","Off","251.1","1","Off","On","Off","Off","Off","Off","1","0","Off","0","2","0","0","0","0","0","0","0","0","0","3"
"1344","RCHNH Reg North","145.24000","144.64000","D-Digital","High","12.5K","Off","Off","Region North","Group Call","8","KC1JMH / Brad Brown","Always","Carrier","Off","1","1","1","Off","3","2","None","None","Off","Off","Off","Off","Normal Encryption","Off","Off","Off","Off","251.1","1","Off","On","Off","Off","Off","Off","1","0","Off","0","2","0","0","0","0","0","0","0","0","0","3"
"1345","RCHNH SKYWARN","145.24000","144.64000","D-Digital","High","12.5K","Off","Off","SKYWARN","Group Call","759","KC1JMH / Brad Brown","Always","Carrier","Off","1","1","1","Off","3","1","None","None","Off","Off","Off","Off","Normal Encryption","Off","Off","Off","Off","251.1","1","Off","On","Off","Off","Off","Off","1","0","Off","0","2","0","0","0","0","0","0","0","0","0","3"
"1346","RCHNH TAC310","145.24000","144.64000","D-Digital","High","12.5K","Off","Off","TAC310","Group Call","310","KC1JMH / Brad Brown","Always","Carrier","Off","1","1","1","Off","3","1","None","None","Off","Off","Off","Off","Normal Encryption","Off","Off","Off","Off","251.1","1","Off","On","Off","Off","Off","Off","1","0","Off","0","2","0","0","0","0","0","0","0","0","0","3"
"1347","RCHNH TAC311","145.24000","144.64000","D-Digital","High","12.5K","Off","Off","TAC311","Group Call","311","KC1JMH / Brad Brown","Always","Carrier","Off","1","1","1","Off","3","1","None","None","Off","Off","Off","Off","Normal Encryption","Off","Off","Off","Off","251.1","1","Off","On","Off","Off","Off","Off","1","0","Off","0","2","0","0","0","0","0","0","0","0","0","3"
"1348","RCHNH UA Eng1","145.24000","144.64000","D-Digital","High","12.5K","Off","Off","UA English 1-113","Group Call","113","KC1JMH / Brad Brown","Always","Carrier","Off","1","1","1","Off","3","1","None","None","Off","Off","Off","Off","Normal Encryption","Off","Off","Off","Off","251.1","1","Off","On","Off","Off","Off","Off","1","0","Off","0","2","0","0","0","0","0","0","0","0","0","3"
"1349","RCHNH UA Eng2","145.24000","144.64000","D-Digital","High","12.5K","Off","Off","UA English 2-123","Group Call","123","KC1JMH / Brad Brown","Always","Carrier","Off","1","1","1","Off","3","1","None","None","Off","Off","Off","Off","Normal Encryption","Off","Off","Off","Off","251.1","1","Off","On","Off","Off","Off","Off","1","0","Off","0","2","0","0","0","0","0","0","0","0","0","3"
"1350","RCHNH WW","145.24000","144.64000","D-Digital","High","12.5K","Off","Off","WW Call","Group Call","1","KC1JMH / Brad Brown","Always","Carrier","Off","1","1","1","Off","3","1","None","None","Off","Off","Off","Off","Normal Encryption","Off","Off","Off","Off","251.1","1","Off","On","Off","Off","Off","Off","1","0","Off","0","2","0","0","0","0","0","0","0","0","0","3"
"1351","RCHNH WW Eng","145.24000","144.64000","D-Digital","High","12.5K","Off","Off","WW English","Group Call","13","KC1JMH / Brad Brown","Always","Carrier","Off","1","1","1","Off","3","1","None","None","Off","Off","Off","Off","Normal Encryption","Off","Off","Off","Off","251.1","1","Off","On","Off","Off","Off","Off","1","0","Off","0","2","0","0","0","0","0","0","0","0","0","3"
"1352","SANNH Local","145.18000","144.58000","D-Digital","High","12.5K","Off","Off","Local","Group Call","9","KC1JMH / Brad Brown","Always","Carrier","Off","1","1","1","Off","6","2","None","None","Off","Off","Off","Off","Normal Encryption","Off","Off","Off","Off","251.1","1","Off","On","Off","Off","Off","Off","1","0","Off","0","2","0","0","0","0","0","0","0","0","0","6"
"1353","SANNH NE Wide","145.18000","144.58000","D-Digital","High","12.5K","Off","Off","New England-Wide","Group Call","3181","KC1JMH / Brad Brown","Always","Carrier","Off","1","1","1","Off","6","2","None","None","Off","Off","Off","Off","Normal Encryption","Off","Off","Off","Off","251.1","1","Off","On","Off","Off","Off","Off","1","0","Off","0","2","0","0","0","0","0","0","0","0","0","6"
"1354","SANNH NETAC1","145.18000","144.58000","D-Digital","High","12.5K","Off","Off","NETAC1","Group Call","8801","KC1JMH / Brad Brown","Always","Carrier","Off","1","1","1","Off","6","1","None","None","Off","Off","Off","Off","Normal Encryption","Off","Off","Off","Off","251.1","1","Off","On","Off","Off","Off","Off","1","0","Off","0","2","0","0","0","0","0","0","0","0","0","6"
"1355","SANNH NETAC2","145.18000","144.58000","D-Digital","High","12.5K","Off","Off","NETAC2","Group Call","8802","KC1JMH / Brad Brown","Always","Carrier","Off","1","1","1","Off","6","2","None","None","Off","Off","Off","Off","Normal Encryption","Off","Off","Off","Off","251.1","1","Off","On","Off","Off","Off","Off","1","0","Off","0","2","0","0","0","0","0","0","0","0","0","6"
"1356","SANNH NH SW","145.18000","144.58000","D-Digital","High","12.5K","Off","Off","NH Statewide","Group Call","3133","KC1JMH / Brad Brown","Always","Carrier","Off","1","1","1","Off","6","2","None","None","Off","Off","Off","Off","Normal Encryption","Off","Off","Off","Off","251.1","1","Off","On","Off","Off","Off","Off","1","0","Off","0","2","0","0","0","0","0","0","0","0","0","6"
"1357","SANNH North Am","145.18000","144.58000","D-Digital","High","12.5K","Off","Off","North America","Group Call","3","KC1JMH / Brad Brown","Always","Carrier","Off","1","1","1","Off","6","1","None","None","Off","Off","Off","Off","Normal Encryption","Off","Off","Off","Off","251.1","1","Off","On","Off","Off","Off","Off","1","0","Off","0","2","0","0","0","0","0","0","0","0","0","6"
"1358","SANNH Northeast","145.18000","144.58000","D-Digital","High","12.5K","Off","Off","Northeast","Group Call","3172","KC1JMH / Brad Brown","Always","Carrier","Off","1","1","1","Off","6","1","None","None","Off","Off","Off","Off","Normal Encryption","Off","Off","Off","Off","251.1","1","Off","On","Off","Off","Off","Off","1","0","Off","0","2","0","0","0","0","0","0","0","0","0","6"
"1359","SANNH Parrot","145.18000","144.58000","D-Digital","High","12.5K","Off","Off","Parrot","Group Call","9998","KC1JMH / Brad Brown","Always","Carrier","Off","1","1","1","Off","6","1","None","None","Off","Off","Off","Off","Normal Encryption","Off","Off","Off","Off","251.1","1","Off","On","Off","Off","Off","Off","1","0","Off","0","2","0","0","0","0","0","0","0","0","0","6"
"1360","SANNH Reg North","145.18000","144.58000","D-Digital","High","12.5K","Off","Off","Region North","Group Call","8","KC1JMH / Brad Brown","Always","Carrier","Off","1","1","1","Off","6","2","None","None","Off","Off","Off","Off","Normal Encryption","Off","Off","Off","Off","251.1","1","Off","On","Off","Off","Off","Off","1","0","Off","0","2","0","0","0","0","0","0","0","0","0","6"
"1361","SANNH SKYWARN","145.18000","144.58000","D-Digital","High","12.5K","Off","Off","SKYWARN","Group Call","759","KC1JMH / Brad Brown","Always","Carrier","Off","1","1","1","Off","6","1","None","None","Off","Off","Off","Off","Normal Encryption","Off","Off","Off","Off","251.1","1","Off","On","Off","Off","Off","Off","1","0","Off","0","2","0","0","0","0","0","0","0","0","0","6"
"1362","SANNH TAC310","145.18000","144.58000","D-Digital","High","12.5K","Off","Off","TAC310","Group Call","310","KC1JMH / Brad Brown","Always","Carrier","Off","1","1","1","Off","6","1","None","None","Off","Off","Off","Off","Normal Encryption","Off","Off","Off","Off","251.1","1","Off","On","Off","Off","Off","Off","1","0","Off","0","2","0","0","0","0","0","0","0","0","0","6"
"1363","SANNH TAC311","145.18000","144.58000","D-Digital","High","12.5K","Off","Off","TAC311","Group Call","311","KC1JMH / Brad Brown","Always","Carrier","Off","1","1","1","Off","6","1","None","None","Off","Off","Off","Off","Normal Encryption","Off","Off","Off","Off","251.1","1","Off","On","Off","Off","Off","Off","1","0","Off","0","2","0","0","0","0","0","0","0","0","0","6"
"1364","SANNH UA Eng1","145.18000","144.58000","D-Digital","High","12.5K","Off","Off","UA English 1-113","Group Call","113","KC1JMH / Brad Brown","Always","Carrier","Off","1","1","1","Off","6","1","None","None","Off","Off","Off","Off","Normal Encryption","Off","Off","Off","Off","251.1","1","Off","On","Off","Off","Off","Off","1","0","Off","0","2","0","0","0","0","0","0","0","0","0","6"
"1365","SANNH UA Eng2","145.18000","144.58000","D-Digital","High","12.5K","Off","Off","UA English 2-123","Group Call","123","KC1JMH / Brad Brown","Always","Carrier","Off","1","1","1","Off","6","1","None","None","Off","Off","Off","Off","Normal Encryption","Off","Off","Off","Off","251.1","1","Off","On","Off","Off","Off","Off","1","0","Off","0","2","0","0","0","0","0","0","0","0","0","6"
"1366","SANNH WW","145.18000","144.58000","D-Digital","High","12.5K","Off","Off","WW Call","Group Call","1","KC1JMH / Brad Brown","Always","Carrier","Off","1","1","1","Off","6","1","None","None","Off","Off","Off","Off","Normal Encryption","Off","Off","Off","Off","251.1","1","Off","On","Off","Off","Off","Off","1","0","Off","0","2","0","0","0","0","0","0","0","0","0","6"
"1367","SANNH WW Eng","145.18000","144.58000","D-Digital","High","12.5K","Off","Off","WW English","Group Call","13","KC1JMH / Brad Brown","Always","Carrier","Off","1","1","1","Off","6","1","None","None","Off","Off","Off","Off","Normal Encryption","Off","Off","Off","Off","251.1","1","Off","On","Off","Off","Off","Off","1","0","Off","0","2","0","0","0","0","0","0","0","0","0","6"
"1368","SOMNH Local","145.18000","144.58000","D-Digital","High","12.5K","Off","Off","Local","Group Call","9","KC1JMH / Brad Brown","Always","Carrier","Off","1","1","1","Off","5","2","None","None","Off","Off","Off","Off","Normal Encryption","Off","Off","Off","Off","251.1","1","Off","On","Off","Off","Off","Off","1","0","Off","0","2","0","0","0","0","0","0","0","0","0","5"
"1369","SOMNH NE Wide","145.18000","144.58000","D-Digital","High","12.5K","Off","Off","New England-Wide","Group Call","3181","KC1JMH / Brad Brown","Always","Carrier","Off","1","1","1","Off","5","2","None","None","Off","Off","Off","Off","Normal Encryption","Off","Off","Off","Off","251.1","1","Off","On","Off","Off","Off","Off","1","0","Off","0","2","0","0","0","0","0","0","0","0","0","5"
"1370","SOMNH NETAC1","145.18000","144.58000","D-Digital","High","12.5K","Off","Off","NETAC1","Group Call","8801","KC1JMH / Brad Brown","Always","Carrier","Off","1","1","1","Off","5","1","None","None","Off","Off","Off","Off","Normal Encryption","Off","Off","Off","Off","251.1","1","Off","On","Off","Off","Off","Off","1","0","Off","0","2","0","0","0","0","0","0","0","0","0","5"
"1371","SOMNH NETAC2","145.18000","144.58000","D-Digital","High","12.5K","Off","Off","NETAC2","Group Call","8802","KC1JMH / Brad Brown","Always","Carrier","Off","1","1","1","Off","5","2","None","None","Off","Off","Off","Off","Normal Encryption","Off","Off","Off","Off","251.1","1","Off","On","Off","Off","Off","Off","1","0","Off","0","2","0","0","0","0","0","0","0","0","0","5"
"1372","SOMNH NH SW","145.18000","144.58000","D-Digital","High","12.5K","Off","Off","NH Statewide","Group Call","3133","KC1JMH / Brad Brown","Always","Carrier","Off","1","1","1","Off","5","2","None","None","Off","Off","Off","Off","Normal Encryption","Off","Off","Off","Off","251.1","1","Off","On","Off","Off","Off","Off","1","0","Off","0","2","0","0","0","0","0","0","0","0","0","5"
"1373","SOMNH North Am","145.18000","144.58000","D-Digital","High","12.5K","Off","Off","North America","Group Call","3","KC1JMH / Brad Brown","Always","Carrier","Off","1","1","1","Off","5","1","None","None","Off","Off","Off","Off","Normal Encryption","Off","Off","Off","Off","251.1","1","Off","On","Off","Off","Off","Off","1","0","Off","0","2","0","0","0","0","0","0","0","0","0","5"
"1374","SOMNH Northeast","145.18000","144.58000","D-Digital","High","12.5K","Off","Off","Northeast","Group Call","3172","KC1JMH / Brad Brown","Always","Carrier","Off","1","1","1","Off","5","1","None","None","Off","Off","Off","Off","Normal Encryption","Off","Off","Off","Off","251.1","1","Off","On","Off","Off","Off","Off","1","0","Off","0","2","0","0","0","0","0","0","0","0","0","5"
"1375","SOMNH Parrot","145.18000","144.58000","D-Digital","High","12.5K","Off","Off","Parrot","Group Call","9998","KC1JMH / Brad Brown","Always","Carrier","Off","1","1","1","Off","5","1","None","None","Off","Off","Off","Off","Normal Encryption","Off","Off","Off","Off","251.1","1","Off","On","Off","Off","Off","Off","1","0","Off","0","2","0","0","0","0","0","0","0","0","0","5"
"1376","SOMNH Reg North","145.18000","144.58000","D-Digital","High","12.5K","Off","Off","Region North","Group Call","8","KC1JMH / Brad Brown","Always","Carrier","Off","1","1","1","Off","5","2","None","None","Off","Off","Off","Off","Normal Encryption","Off","Off","Off","Off","251.1","1","Off","On","Off","Off","Off","Off","1","0","Off","0","2","0","0","0","0","0","0","0","0","0","5"
"1377","SOMNH SKYWARN","145.18000","144.58000","D-Digital","High","12.5K","Off","Off","SKYWARN","Group Call","759","KC1JMH / Brad Brown","Always","Carrier","Off","1","1","1","Off","5","1","None","None","Off","Off","Off","Off","Normal Encryption","Off","Off","Off","Off","251.1","1","Off","On","Off","Off","Off","Off","1","0","Off","0","2","0","0","0","0","0","0","0","0","0","5"
"1378","SOMNH TAC310","145.18000","144.58000","D-Digital","High","12.5K","Off","Off","TAC310","Group Call","310","KC1JMH / Brad Brown","Always","Carrier","Off","1","1","1","Off","5","1","None","None","Off","Off","Off","Off","Normal Encryption","Off","Off","Off","Off","251.1","1","Off","On","Off","Off","Off","Off","1","0","Off","0","2","0","0","0","0","0","0","0","0","0","5"
"1379","SOMNH TAC311","145.18000","144.58000","D-Digital","High","12.5K","Off","Off","TAC311","Group Call","311","KC1JMH / Brad Brown","Always","Carrier","Off","1","1","1","Off","5","1","None","None","Off","Off","Off","Off","Normal Encryption","Off","Off","Off","Off","251.1","1","Off","On","Off","Off","Off","Off","1","0","Off","0","2","0","0","0","0","0","0","0","0","0","5"
"1380","SOMNH UA Eng1","145.18000","144.58000","D-Digital","High","12.5K","Off","Off","UA English 1-113","Group Call","113","KC1JMH / Brad Brown","Always","Carrier","Off","1","1","1","Off","5","1","None","None","Off","Off","Off","Off","Normal Encryption","Off","Off","Off","Off","251.1","1","Off","On","Off","Off","Off","Off","1","0","Off","0","2","0","0","0","0","0","0","0","0","0","5"
"1381","SOMNH UA Eng2","145.18000","144.58000","D-Digital","High","12.5K","Off","Off","UA English 2-123","Group Call","123","KC1JMH / Brad Brown","Always","Carrier","Off","1","1","1","Off","5","1","None","None","Off","Off","Off","Off","Normal Encryption","Off","Off","Off","Off","251.1","1","Off","On","Off","Off","Off","Off","1","0","Off","0","2","0","0","0","0","0","0","0","0","0","5"
"1382","SOMNH WW","145.18000","144.58000","D-Digital","High","12.5K","Off","Off","WW Call","Group Call","1","KC1JMH / Brad Brown","Always","Carrier","Off","1","1","1","Off","5","1","None","None","Off","Off","Off","Off","Normal Encryption","Off","Off","Off","Off","251.1","1","Off","On","Off","Off","Off","Off","1","0","Off","0","2","0","0","0","0","0","0","0","0","0","5"
"1383","SOMNH WW Eng","145.18000","144.58000","D-Digital","High","12.5K","Off","Off","WW English","Group Call","13","KC1JMH / Brad Brown","Always","Carrier","Off","1","1","1","Off","5","1","None","None","Off","Off","Off","Off","Normal Encryption","Off","Off","Off","Off","251.1","1","Off","On","Off","Off","Off","Off","1","0","Off","0","2","0","0","0","0","0","0","0","0","0","5"
"1384","WKFNH Local","145.28000","144.68000","D-Digital","High","12.5K","Off","Off","Local","Group Call","9","KC1JMH / Brad Brown","Always","Carrier","Off","1","1","1","Off","7","2","None","None","Off","Off","Off","Off","Normal Encryption","Off","Off","Off","Off","251.1","1","Off","On","Off","Off","Off","Off","1","0","Off","0","2","0","0","0","0","0","0","0","0","0","7"
"1385","WKFNH ME SW","145.28000","144.68000","D-Digital","High","12.5K","Off","Off","ME Statewide","Group Call","3123","KC1JMH / Brad Brown","Always","Carrier","Off","1","1","1","Off","7","1","None","None","Off","Off","Off","Off","Normal Encryption","Off","Off","Off","Off","251.1","1","Off","On","Off","Off","Off","Off","1","0","Off","0","2","0","0","0","0","0","0","0","0","0","7"
"1386","WKFNH NE Wide","145.28000","144.68000","D-Digital","High","12.5K","Off","Off","New England-Wide","Group Call","3181","KC1JMH / Brad Brown","Always","Carrier","Off","1","1","1","Off","7","2","None","None","Off","Off","Off","Off","Normal Encryption","Off","Off","Off","Off","251.1","1","Off","On","Off","Off","Off","Off","1","0","Off","0","2","0","0","0","0","0","0","0","0","0","7"
"1387","WKFNH NETAC1","145.28000","144.68000","D-Digital","High","12.5K","Off","Off","NETAC1","Group Call","8801","KC1JMH / Brad Brown","Always","Carrier","Off","1","1","1","Off","7","1","None","None","Off","Off","Off","Off","Normal Encryption","Off","Off","Off","Off","251.1","1","Off","On","Off","Off","Off","Off","1","0","Off","0","2","0","0","0","0","0","0","0","0","0","7"
"1388","WKFNH NETAC2","145.28000","144.68000","D-Digital","High","12.5K","Off","Off","NETAC2","Group Call","8802","KC1JMH / Brad Brown","Always","Carrier","Off","1","1","1","Off","7","2","None","None","Off","Off","Off","Off","Normal Encryption","Off","Off","Off","Off","251.1","1","Off","On","Off","Off","Off","Off","1","0","Off","0","2","0","0","0","0","0","0","0","0","0","7"
"1389","WKFNH NH SW","145.28000","144.68000","D-Digital","High","12.5K","Off","Off","NH Statewide","Group Call","3133","KC1JMH / Brad Brown","Always","Carrier","Off","1","1","1","Off","7","2","None","None","Off","Off","Off","Off","Normal Encryption","Off","Off","Off","Off","251.1","1","Off","On","Off","Off","Off","Off","1","0","Off","0","2","0","0","0","0","0","0","0","0","0","7"
"1390","WKFNH North Am","145.28000","144.68000","D-Digital","High","12.5K","Off","Off","North America","Group Call","3","KC1JMH / Brad Brown","Always","Carrier","Off","1","1","1","Off","7","1","None","None","Off","Off","Off","Off","Normal Encryption","Off","Off","Off","Off","251.1","1","Off","On","Off","Off","Off","Off","1","0","Off","0","2","0","0","0","0","0","0","0","0","0","7"
"1391","WKFNH Northeast","145.28000","144.68000","D-Digital","High","12.5K","Off","Off","Northeast","Group Call","3172","KC1JMH / Brad Brown","Always","Carrier","Off","1","1","1","Off","7","1","None","None","Off","Off","Off","Off","Normal Encryption","Off","Off","Off","Off","251.1","1","Off","On","Off","Off","Off","Off","1","0","Off","0","2","0","0","0","0","0","0","0","0","0","7"
"1392","WKFNH Parrot","145.28000","144.68000","D-Digital","High","12.5K","Off","Off","Parrot","Group Call","9998","KC1JMH / Brad Brown","Always","Carrier","Off","1","1","1","Off","7","1","None","None","Off","Off","Off","Off","Normal Encryption","Off","Off","Off","Off","251.1","1","Off","On","Off","Off","Off","Off","1","0","Off","0","2","0","0","0","0","0","0","0","0","0","7"
"1393","WKFNH Reg North","145.28000","144.68000","D-Digital","High","12.5K","Off","Off","Region North","Group Call","8","KC1JMH / Brad Brown","Always","Carrier","Off","1","1","1","Off","7","2","None","None","Off","Off","Off","Off","Normal Encryption","Off","Off","Off","Off","251.1","1","Off","On","Off","Off","Off","Off","1","0","Off","0","2","0","0","0","0","0","0","0","0","0","7"
"1394","WKFNH SKYWARN","145.28000","144.68000","D-Digital","High","12.5K","Off","Off","SKYWARN","Group Call","759","KC1JMH / Brad Brown","Always","Carrier","Off","1","1","1","Off","7","1","None","None","Off","Off","Off","Off","Normal Encryption","Off","Off","Off","Off","251.1","1","Off","On","Off","Off","Off","Off","1","0","Off","0","2","0","0","0","0","0","0","0","0","0","7"
"1395","WKFNH TAC310","145.28000","144.68000","D-Digital","High","12.5K","Off","Off","TAC310","Group Call","310","KC1JMH / Brad Brown","Always","Carrier","Off","1","1","1","Off","7","1","None","None","Off","Off","Off","Off","Normal Encryption","Off","Off","Off","Off","251.1","1","Off","On","Off","Off","Off","Off","1","0","Off","0","2","0","0","0","0","0","0","0","0","0","7"
"1396","WKFNH TAC311","145.28000","144.68000","D-Digital","High","12.5K","Off","Off","TAC311","Group Call","311","KC1JMH / Brad Brown","Always","Carrier","Off","1","1","1","Off","7","1","None","None","Off","Off","Off","Off","Normal Encryption","Off","Off","Off","Off","251.1","1","Off","On","Off","Off","Off","Off","1","0","Off","0","2","0","0","0","0","0","0","0","0","0","7"
"1397","WKFNH UA Eng1","145.28000","144.68000","D-Digital","High","12.5K","Off","Off","UA English 1-113","Group Call","113","KC1JMH / Brad Brown","Always","Carrier","Off","1","1","1","Off","7","1","None","None","Off","Off","Off","Off","Normal Encryption","Off","Off","Off","Off","251.1","1","Off","On","Off","Off","Off","Off","1","0","Off","0","2","0","0","0","0","0","0","0","0","0","7"
"1398","WKFNH UA Eng2","145.28000","144.68000","D-Digital","High","12.5K","Off","Off","UA English 2-123","Group Call","123","KC1JMH / Brad Brown","Always","Carrier","Off","1","1","1","Off","7","1","None","None","Off","Off","Off","Off","Normal Encryption","Off","Off","Off","Off","251.1","1","Off","On","Off","Off","Off","Off","1","0","Off","0","2","0","0","0","0","0","0","0","0","0","7"
"1399","WKFNH WW","145.28000","144.68000","D-Digital","High","12.5K","Off","Off","WW Call","Group Call","1","KC1JMH / Brad Brown","Always","Carrier","Off","1","1","1","Off","7","1","None","None","Off","Off","Off","Off","Normal Encryption","Off","Off","Off","Off","251.1","1","Off","On","Off","Off","Off","Off","1","0","Off","0","2","0","0","0","0","0","0","0","0","0","7"
"1400","WKFNH WW Eng","145.28000","144.68000","D-Digital","High","12.5K","Off","Off","WW English","Group Call","13","KC1JMH / Brad Brown","Always","Carrier","Off","1","1","1","Off","7","1","None","None","Off","Off","Off","Off","Normal Encryption","Off","Off","Off","Off","251.1","1","Off","On","Off","Off","Off","Off","1","0","Off","0","2","0","0","0","0","0","0","0","0","0","7"
"1401","WOSNH Local","147.07500","147.67500","D-Digital","High","12.5K","Off","Off","Local","Group Call","9","KC1JMH / Brad Brown","Always","Carrier","Off","1","1","1","Off","6","2","None","None","Off","Off","Off","Off","Normal Encryption","Off","Off","Off","Off","251.1","1","Off","On","Off","Off","Off","Off","1","0","Off","0","2","0","0","0","0","0","0","0","0","0","6"
"1402","WOSNH ME SW","147.07500","147.67500","D-Digital","High","12.5K","Off","Off","ME Statewide","Group Call","3123","KC1JMH / Brad Brown","Always","Carrier","Off","1","1","1","Off","6","1","None","None","Off","Off","Off","Off","Normal Encryption","Off","Off","Off","Off","251.1","1","Off","On","Off","Off","Off","Off","1","0","Off","0","2","0","0","0","0","0","0","0","0","0","6"
"1403","WOSNH NE Wide","147.07500","147.67500","D-Digital","High","12.5K","Off","Off","New England-Wide","Group Call","3181","KC1JMH / Brad Brown","Always","Carrier","Off","1","1","1","Off","6","2","None","None","Off","Off","Off","Off","Normal Encryption","Off","Off","Off","Off","251.1","1","Off","On","Off","Off","Off","Off","1","0","Off","0","2","0","0","0","0","0","0","0","0","0","6"
"1404","WOSNH NETAC1","147.07500","147.67500","D-Digital","High","12.5K","Off","Off","NETAC1","Group Call","8801","KC1JMH / Brad Brown","Always","Carrier","Off","1","1","1","Off","6","1","None","None","Off","Off","Off","Off","Normal Encryption","Off","Off","Off","Off","251.1","1","Off","On","Off","Off","Off","Off","1","0","Off","0","2","0","0","0","0","0","0","0","0","0","6"
"1405","WOSNH NETAC2","147.07500","147.67500","D-Digital","High","12.5K","Off","Off","NETAC2","Group Call","8802","KC1JMH / Brad Brown","Always","Carrier","Off","1","1","1","Off","6","2","None","None","Off","Off","Off","Off","Normal Encryption","Off","Off","Off","Off","251.1","1","Off","On","Off","Off","Off","Off","1","0","Off","0","2","0","0","0","0","0","0","0","0","0","6"
"1406","WOSNH NH SW","147.07500","147.67500","D-Digital","High","12.5K","Off","Off","NH Statewide","Group Call","3133","KC1JMH / Brad Brown","Always","Carrier","Off","1","1","1","Off","6","2","None","None","Off","Off","Off","Off","Normal Encryption","Off","Off","Off","Off","251.1","1","Off","On","Off","Off","Off","Off","1","0","Off","0","2","0","0","0","0","0","0","0","0","0","6"
"1407","WOSNH North Am","147.07500","147.67500","D-Digital","High","12.5K","Off","Off","North America","Group Call","3","KC1JMH / Brad Brown","Always","Carrier","Off","1","1","1","Off","6","1","None","None","Off","Off","Off","Off","Normal Encryption","Off","Off","Off","Off","251.1","1","Off","On","Off","Off","Off","Off","1","0","Off","0","2","0","0","0","0","0","0","0","0","0","6"
"1408","WOSNH Northeast","147.07500","147.67500","D-Digital","High","12.5K","Off","Off","Northeast","Group Call","3172","KC1JMH / Brad Brown","Always","Carrier","Off","1","1","1","Off","6","1","None","None","Off","Off","Off","Off","Normal Encryption","Off","Off","Off","Off","251.1","1","Off","On","Off","Off","Off","Off","1","0","Off","0","2","0","0","0","0","0","0","0","0","0","6"
"1409","WOSNH Parrot","147.07500","147.67500","D-Digital","High","12.5K","Off","Off","Parrot","Group Call","9998","KC1JMH / Brad Brown","Always","Carrier","Off","1","1","1","Off","6","1","None","None","Off","Off","Off","Off","Normal Encryption","Off","Off","Off","Off","251.1","1","Off","On","Off","Off","Off","Off","1","0","Off","0","2","0","0","0","0","0","0","0","0","0","6"
"1410","WOSNH Reg North","147.07500","147.67500","D-Digital","High","12.5K","Off","Off","Region North","Group Call","8","KC1JMH / Brad Brown","Always","Carrier","Off","1","1","1","Off","6","2","None","None","Off","Off","Off","Off","Normal Encryption","Off","Off","Off","Off","251.1","1","Off","On","Off","Off","Off","Off","1","0","Off","0","2","0","0","0","0","0","0","0","0","0","6"
"1411","WOSNH SKYWARN","147.07500","147.67500","D-Digital","High","12.5K","Off","Off","SKYWARN","Group Call","759","KC1JMH / Brad Brown","Always","Carrier","Off","1","1","1","Off","6","1","None","None","Off","Off","Off","Off","Normal Encryption","Off","Off","Off","Off","251.1","1","Off","On","Off","Off","Off","Off","1","0","Off","0","2","0","0","0","0","0","0","0","0","0","6"
"1412","WOSNH TAC310","147.07500","147.67500","D-Digital","High","12.5K","Off","Off","TAC310","Group Call","310","KC1JMH / Brad Brown","Always","Carrier","Off","1","1","1","Off","6","1","None","None","Off","Off","Off","Off","Normal Encryption","Off","Off","Off","Off","251.1","1","Off","On","Off","Off","Off","Off","1","0","Off","0","2","0","0","0","0","0","0","0","0","0","6"
"1413","WOSNH TAC311","147.07500","147.67500","D-Digital","High","12.5K","Off","Off","TAC311","Group Call","311","KC1JMH / Brad Brown","Always","Carrier","Off","1","1","1","Off","6","1","None","None","Off","Off","Off","Off","Normal Encryption","Off","Off","Off","Off","251.1","1","Off","On","Off","Off","Off","Off","1","0","Off","0","2","0","0","0","0","0","0","0","0","0","6"
"1414","WOSNH UA Eng1","147.07500","147.67500","D-Digital","High","12.5K","Off","Off","UA English 1-113","Group Call","113","KC1JMH / Brad Brown","Always","Carrier","Off","1","1","1","Off","6","1","None","None","Off","Off","Off","Off","Normal Encryption","Off","Off","Off","Off","251.1","1","Off","On","Off","Off","Off","Off","1","0","Off","0","2","0","0","0","0","0","0","0","0","0","6"
"1415","WOSNH UA Eng2","147.07500","147.67500","D-Digital","High","12.5K","Off","Off","UA English 2-123","Group Call","123","KC1JMH / Brad Brown","Always","Carrier","Off","1","1","1","Off","6","1","None","None","Off","Off","Off","Off","Normal Encryption","Off","Off","Off","Off","251.1","1","Off","On","Off","Off","Off","Off","1","0","Off","0","2","0","0","0","0","0","0","0","0","0","6"
"1416","WOSNH WW","147.07500","147.67500","D-Digital","High","12.5K","Off","Off","WW Call","Group Call","1","KC1JMH / Brad Brown","Always","Carrier","Off","1","1","1","Off","6","1","None","None","Off","Off","Off","Off","Normal Encryption","Off","Off","Off","Off","251.1","1","Off","On","Off","Off","Off","Off","1","0","Off","0","2","0","0","0","0","0","0","0","0","0","6"
"1417","WOSNH WW Eng","147.07500","147.67500","D-Digital","High","12.5K","Off","Off","WW English","Group Call","13","KC1JMH / Brad Brown","Always","Carrier","Off","1","1","1","Off","6","1","None","None","Off","Off","Off","Off","Normal Encryption","Off","Off","Off","Off","251.1","1","Off","On","Off","Off","Off","Off","1","0","Off","0","2","0","0","0","0","0","0","0","0","0","6"
"1418","MTBNY CT SW","441.01875","446.01875","D-Digital","High","12.5K","Off","Off","CT Statewide","Group Call","3109","KC1JMH / Brad Brown","Always","Carrier","Off","1","1","1","Off","10","1","None","None","Off","Off","Off","Off","Normal Encryption","Off","Off","Off","Off","251.1","1","Off","On","Off","Off","Off","Off","1","0","Off","0","2","0","0","0","0","0","0","0","0","0","10"
"1419","MTBNY Local","441.01875","446.01875","D-Digital","High","12.5K","Off","Off","Local","Group Call","9","KC1JMH / Brad Brown","Always","Carrier","Off","1","1","1","Off","10","2","None","None","Off","Off","Off","Off","Normal Encryption","Off","Off","Off","Off","251.1","1","Off","On","Off","Off","Off","Off","1","0","Off","0","2","0","0","0","0","0","0","0","0","0","10"
"1420","MTBNY NE Wide","441.01875","446.01875","D-Digital","High","12.5K","Off","Off","New England-Wide","Group Call","3181","KC1JMH / Brad Brown","Always","Carrier","Off","1","1","1","Off","10","2","None","None","Off","Off","Off","Off","Normal Encryption","Off","Off","Off","Off","251.1","1","Off","On","Off","Off","Off","Off","1","0","Off","0","2","0","0","0","0","0","0","0","0","0","10"
"1421","MTBNY NETAC1","441.01875","446.01875","D-Digital","High","12.5K","Off","Off","NETAC1","Group Call","8801","KC1JMH / Brad Brown","Always","Carrier","Off","1","1","1","Off","10","1","None","None","Off","Off","Off","Off","Normal Encryption","Off","Off","Off","Off","251.1","1","Off","On","Off","Off","Off","Off","1","0","Off","0","2","0","0","0","0","0","0","0","0","0","10"
"1422","MTBNY NETAC2","441.01875","446.01875","D-Digital","High","12.5K","Off","Off","NETAC2","Group Call","8802","KC1JMH / Brad Brown","Always","Carrier","Off","1","1","1","Off","10","2","None","None","Off","Off","Off","Off","Normal Encryption","Off","Off","Off","Off","251.1","1","Off","On","Off","Off","Off","Off","1","0","Off","0","2","0","0","0","0","0","0","0","0","0","10"
"1423","MTBNY NY SW","441.01875","446.01875","D-Digital","High","12.5K","Off","Off","NY Statewide","Group Call","3136","KC1JMH / Brad Brown","Always","Carrier","Off","1","1","1","Off","10","2","None","None","Off","Off","Off","Off","Normal Encryption","Off","Off","Off","Off","251.1","1","Off","On","Off","Off","Off","Off","1","0","Off","0","2","0","0","0","0","0","0","0","0","0","10"
"1424","MTBNY North Am","441.01875","446.01875","D-Digital","High","12.5K","Off","Off","North America","Group Call","3","KC1JMH / Brad Brown","Always","Carrier","Off","1","1","1","Off","10","1","None","None","Off","Off","Off","Off","Normal Encryption","Off","Off","Off","Off","251.1","1","Off","On","Off","Off","Off","Off","1","0","Off","0","2","0","0","0","0","0","0","0","0","0","10"
"1425","MTBNY Northeast","441.01875","446.01875","D-Digital","High","12.5K","Off","Off","Northeast","Group Call","3172","KC1JMH / Brad Brown","Always","Carrier","Off","1","1","1","Off","10","1","None","None","Off","Off","Off","Off","Normal Encryption","Off","Off","Off","Off","251.1","1","Off","On","Off","Off","Off","Off","1","0","Off","0","2","0","0","0","0","0","0","0","0","0","10"
"1426","MTBNY Parrot","441.01875","446.01875","D-Digital","High","12.5K","Off","Off","Parrot","Group Call","9998","KC1JMH / Brad Brown","Always","Carrier","Off","1","1","1","Off","10","1","None","None","Off","Off","Off","Off","Normal Encryption","Off","Off","Off","Off","251.1","1","Off","On","Off","Off","Off","Off","1","0","Off","0","2","0","0","0","0","0","0","0","0","0","10"
"1427","MTBNY SKYWARN","441.01875","446.01875","D-Digital","High","12.5K","Off","Off","SKYWARN","Group Call","759","KC1JMH / Brad Brown","Always","Carrier","Off","1","1","1","Off","10","1","None","None","Off","Off","Off","Off","Normal Encryption","Off","Off","Off","Off","251.1","1","Off","On","Off","Off","Off","Off","1","0","Off","0","2","0","0","0","0","0","0","0","0","0","10"
"1428","MTBNY TAC310","441.01875","446.01875","D-Digital","High","12.5K","Off","Off","TAC310","Group Call","310","KC1JMH / Brad Brown","Always","Carrier","Off","1","1","1","Off","10","1","None","None","Off","Off","Off","Off","Normal Encryption","Off","Off","Off","Off","251.1","1","Off","On","Off","Off","Off","Off","1","0","Off","0","2","0","0","0","0","0","0","0","0","0","10"
"1429","MTBNY TAC311","441.01875","446.01875","D-Digital","High","12.5K","Off","Off","TAC311","Group Call","311","KC1JMH / Brad Brown","Always","Carrier","Off","1","1","1","Off","10","1","None","None","Off","Off","Off","Off","Normal Encryption","Off","Off","Off","Off","251.1","1","Off","On","Off","Off","Off","Off","1","0","Off","0","2","0","0","0","0","0","0","0","0","0","10"
"1430","MTBNY WW","441.01875","446.01875","D-Digital","High","12.5K","Off","Off","WW Call","Group Call","1","KC1JMH / Brad Brown","Always","Carrier","Off","1","1","1","Off","10","1","None","None","Off","Off","Off","Off","Normal Encryption","Off","Off","Off","Off","251.1","1","Off","On","Off","Off","Off","Off","1","0","Off","0","2","0","0","0","0","0","0","0","0","0","10"
"1431","MTBNY WW Eng","441.01875","446.01875","D-Digital","High","12.5K","Off","Off","WW English","Group Call","13","KC1JMH / Brad Brown","Always","Carrier","Off","1","1","1","Off","10","1","None","None","Off","Off","Off","Off","Normal Encryption","Off","Off","Off","Off","251.1","1","Off","On","Off","Off","Off","Off","1","0","Off","0","2","0","0","0","0","0","0","0","0","0","10"
"1432","MTKNY CT SW","443.20000","448.20000","D-Digital","High","12.5K","Off","Off","CT Statewide","Group Call","3109","KC1JMH / Brad Brown","Always","Carrier","Off","1","1","1","Off","1","1","None","None","Off","Off","Off","Off","Normal Encryption","Off","Off","Off","Off","251.1","1","Off","On","Off","Off","Off","Off","1","0","Off","0","2","0","0","0","0","0","0","0","0","0","1"
"1433","MTKNY Local","443.20000","448.20000","D-Digital","High","12.5K","Off","Off","Local","Group Call","9","KC1JMH / Brad Brown","Always","Carrier","Off","1","1","1","Off","1","2","None","None","Off","Off","Off","Off","Normal Encryption","Off","Off","Off","Off","251.1","1","Off","On","Off","Off","Off","Off","1","0","Off","0","2","0","0","0","0","0","0","0","0","0","1"
"1434","MTKNY NE Wide","443.20000","448.20000","D-Digital","High","12.5K","Off","Off","New England-Wide","Group Call","3181","KC1JMH / Brad Brown","Always","Carrier","Off","1","1","1","Off","1","2","None","None","Off","Off","Off","Off","Normal Encryption","Off","Off","Off","Off","251.1","1","Off","On","Off","Off","Off","Off","1","0","Off","0","2","0","0","0","0","0","0","0","0","0","1"
"1435","MTKNY NETAC1","443.20000","448.20000","D-Digital","High","12.5K","Off","Off","NETAC1","Group Call","8801","KC1JMH / Brad Brown","Always","Carrier","Off","1","1","1","Off","1","1","None","None","Off","Off","Off","Off","Normal Encryption","Off","Off","Off","Off","251.1","1","Off","On","Off","Off","Off","Off","1","0","Off","0","2","0","0","0","0","0","0","0","0","0","1"
"1436","MTKNY NETAC2","443.20000","448.20000","D-Digital","High","12.5K","Off","Off","NETAC2","Group Call","8802","KC1JMH / Brad Brown","Always","Carrier","Off","1","1","1","Off","1","2","None","None","Off","Off","Off","Off","Normal Encryption","Off","Off","Off","Off","251.1","1","Off","On","Off","Off","Off","Off","1","0","Off","0","2","0","0","0","0","0","0","0","0","0","1"
"1437","MTKNY NY SW","443.20000","448.20000","D-Digital","High","12.5K","Off","Off","NY Statewide","Group Call","3136","KC1JMH / Brad Brown","Always","Carrier","Off","1","1","1","Off","1","2","None","None","Off","Off","Off","Off","Normal Encryption","Off","Off","Off","Off","251.1","1","Off","On","Off","Off","Off","Off","1","0","Off","0","2","0","0","0","0","0","0","0","0","0","1"
"1438","MTKNY North Am","443.20000","448.20000","D-Digital","High","12.5K","Off","Off","North America","Group Call","3","KC1JMH / Brad Brown","Always","Carrier","Off","1","1","1","Off","1","1","None","None","Off","Off","Off","Off","Normal Encryption","Off","Off","Off","Off","251.1","1","Off","On","Off","Off","Off","Off","1","0","Off","0","2","0","0","0","0","0","0","0","0","0","1"
"1439","MTKNY Northeast","443.20000","448.20000","D-Digital","High","12.5K","Off","Off","Northeast","Group Call","3172","KC1JMH / Brad Brown","Always","Carrier","Off","1","1","1","Off","1","1","None","None","Off","Off","Off","Off","Normal Encryption","Off","Off","Off","Off","251.1","1","Off","On","Off","Off","Off","Off","1","0","Off","0","2","0","0","0","0","0","0","0","0","0","1"
"1440","MTKNY Parrot","443.20000","448.20000","D-Digital","High","12.5K","Off","Off","Parrot","Group Call","9998","KC1JMH / Brad Brown","Always","Carrier","Off","1","1","1","Off","1","1","None","None","Off","Off","Off","Off","Normal Encryption","Off","Off","Off","Off","251.1","1","Off","On","Off","Off","Off","Off","1","0","Off","0","2","0","0","0","0","0","0","0","0","0","1"
"1441","MTKNY SKYWARN","443.20000","448.20000","D-Digital","High","12.5K","Off","Off","SKYWARN","Group Call","759","KC1JMH / Brad Brown","Always","Carrier","Off","1","1","1","Off","1","1","None","None","Off","Off","Off","Off","Normal Encryption","Off","Off","Off","Off","251.1","1","Off","On","Off","Off","Off","Off","1","0","Off","0","2","0","0","0","0","0","0","0","0","0","1"
"1442","MTKNY TAC310","443.20000","448.20000","D-Digital","High","12.5K","Off","Off","TAC310","Group Call","310","KC1JMH / Brad Brown","Always","Carrier","Off","1","1","1","Off","1","1","None","None","Off","Off","Off","Off","Normal Encryption","Off","Off","Off","Off","251.1","1","Off","On","Off","Off","Off","Off","1","0","Off","0","2","0","0","0","0","0","0","0","0","0","1"
"1443","MTKNY TAC311","443.20000","448.20000","D-Digital","High","12.5K","Off","Off","TAC311","Group Call","311","KC1JMH / Brad Brown","Always","Carrier","Off","1","1","1","Off","1","1","None","None","Off","Off","Off","Off","Normal Encryption","Off","Off","Off","Off","251.1","1","Off","On","Off","Off","Off","Off","1","0","Off","0","2","0","0","0","0","0","0","0","0","0","1"
"1444","MTKNY WW","443.20000","448.20000","D-Digital","High","12.5K","Off","Off","WW Call","Group Call","1","KC1JMH / Brad Brown","Always","Carrier","Off","1","1","1","Off","1","1","None","None","Off","Off","Off","Off","Normal Encryption","Off","Off","Off","Off","251.1","1","Off","On","Off","Off","Off","Off","1","0","Off","0","2","0","0","0","0","0","0","0","0","0","1"
"1445","MTKNY WW Eng","443.20000","448.20000","D-Digital","High","12.5K","Off","Off","WW English","Group Call","13","KC1JMH / Brad Brown","Always","Carrier","Off","1","1","1","Off","1","1","None","None","Off","Off","Off","Off","Normal Encryption","Off","Off","Off","Off","251.1","1","Off","On","Off","Off","Off","Off","1","0","Off","0","2","0","0","0","0","0","0","0","0","0","1"
"1446","PECNY CT SW","449.97500","444.97500","D-Digital","High","12.5K","Off","Off","CT Statewide","Group Call","3109","KC1JMH / Brad Brown","Always","Carrier","Off","1","1","1","Off","1","1","None","None","Off","Off","Off","Off","Normal Encryption","Off","Off","Off","Off","251.1","1","Off","On","Off","Off","Off","Off","1","0","Off","0","2","0","0","0","0","0","0","0","0","0","1"
"1447","PECNY Local","449.97500","444.97500","D-Digital","High","12.5K","Off","Off","Local","Group Call","9","KC1JMH / Brad Brown","Always","Carrier","Off","1","1","1","Off","1","2","None","None","Off","Off","Off","Off","Normal Encryption","Off","Off","Off","Off","251.1","1","Off","On","Off","Off","Off","Off","1","0","Off","0","2","0","0","0","0","0","0","0","0","0","1"
"1448","PECNY NE Wide","449.97500","444.97500","D-Digital","High","12.5K","Off","Off","New England-Wide","Group Call","3181","KC1JMH / Brad Brown","Always","Carrier","Off","1","1","1","Off","1","2","None","None","Off","Off","Off","Off","Normal Encryption","Off","Off","Off","Off","251.1","1","Off","On","Off","Off","Off","Off","1","0","Off","0","2","0","0","0","0","0","0","0","0","0","1"
"1449","PECNY NETAC1","449.97500","444.97500","D-Digital","High","12.5K","Off","Off","NETAC1","Group Call","8801","KC1JMH / Brad Brown","Always","Carrier","Off","1","1","1","Off","1","1","None","None","Off","Off","Off","Off","Normal Encryption","Off","Off","Off","Off","251.1","1","Off","On","Off","Off","Off","Off","1","0","Off","0","2","0","0","0","0","0","0","0","0","0","1"
"1450","PECNY NETAC2","449.97500","444.97500","D-Digital","High","12.5K","Off","Off","NETAC2","Group Call","8802","KC1JMH / Brad Brown","Always","Carrier","Off","1","1","1","Off","1","2","None","None","Off","Off","Off","Off","Normal Encryption","Off","Off","Off","Off","251.1","1","Off","On","Off","Off","Off","Off","1","0","Off","0","2","0","0","0","0","0","0","0","0","0","1"
"1451","PECNY NY SW","449.97500","444.97500","D-Digital","High","12.5K","Off","Off","NY Statewide","Group Call","3136","KC1JMH / Brad Brown","Always","Carrier","Off","1","1","1","Off","1","2","None","None","Off","Off","Off","Off","Normal Encryption","Off","Off","Off","Off","251.1","1","Off","On","Off","Off","Off","Off","1","0","Off","0","2","0","0","0","0","0","0","0","0","0","1"
"1452","PECNY North Am","449.97500","444.97500","D-Digital","High","12.5K","Off","Off","North America","Group Call","3","KC1JMH / Brad Brown","Always","Carrier","Off","1","1","1","Off","1","1","None","None","Off","Off","Off","Off","Normal Encryption","Off","Off","Off","Off","251.1","1","Off","On","Off","Off","Off","Off","1","0","Off","0","2","0","0","0","0","0","0","0","0","0","1"
"1453","PECNY Northeast","449.97500","444.97500","D-Digital","High","12.5K","Off","Off","Northeast","Group Call","3172","KC1JMH / Brad Brown","Always","Carrier","Off","1","1","1","Off","1","1","None","None","Off","Off","Off","Off","Normal Encryption","Off","Off","Off","Off","251.1","1","Off","On","Off","Off","Off","Off","1","0","Off","0","2","0","0","0","0","0","0","0","0","0","1"
"1454","PECNY Parrot","449.97500","444.97500","D-Digital","High","12.5K","Off","Off","Parrot","Group Call","9998","KC1JMH / Brad Brown","Always","Carrier","Off","1","1","1","Off","1","1","None","None","Off","Off","Off","Off","Normal Encryption","Off","Off","Off","Off","251.1","1","Off","On","Off","Off","Off","Off","1","0","Off","0","2","0","0","0","0","0","0","0","0","0","1"
"1455","PECNY SKYWARN","449.97500","444.97500","D-Digital","High","12.5K","Off","Off","SKYWARN","Group Call","759","KC1JMH / Brad Brown","Always","Carrier","Off","1","1","1","Off","1","1","None","None","Off","Off","Off","Off","Normal Encryption","Off","Off","Off","Off","251.1","1","Off","On","Off","Off","Off","Off","1","0","Off","0","2","0","0","0","0","0","0","0","0","0","1"
"1456","PECNY TAC310","449.97500","444.97500","D-Digital","High","12.5K","Off","Off","TAC310","Group Call","310","KC1JMH / Brad Brown","Always","Carrier","Off","1","1","1","Off","1","1","None","None","Off","Off","Off","Off","Normal Encryption","Off","Off","Off","Off","251.1","1","Off","On","Off","Off","Off","Off","1","0","Off","0","2","0","0","0","0","0","0","0","0","0","1"
"1457","PECNY TAC311","449.97500","444.97500","D-Digital","High","12.5K","Off","Off","TAC311","Group Call","311","KC1JMH / Brad Brown","Always","Carrier","Off","1","1","1","Off","1","1","None","None","Off","Off","Off","Off","Normal Encryption","Off","Off","Off","Off","251.1","1","Off","On","Off","Off","Off","Off","1","0","Off","0","2","0","0","0","0","0","0","0","0","0","1"
"1458","PECNY WW","449.97500","444.97500","D-Digital","High","12.5K","Off","Off","WW Call","Group Call","1","KC1JMH / Brad Brown","Always","Carrier","Off","1","1","1","Off","1","1","None","None","Off","Off","Off","Off","Normal Encryption","Off","Off","Off","Off","251.1","1","Off","On","Off","Off","Off","Off","1","0","Off","0","2","0","0","0","0","0","0","0","0","0","1"
"1459","PECNY WW Eng","449.97500","444.97500","D-Digital","High","12.5K","Off","Off","WW English","Group Call","13","KC1JMH / Brad Brown","Always","Carrier","Off","1","1","1","Off","1","1","None","None","Off","Off","Off","Off","Normal Encryption","Off","Off","Off","Off","251.1","1","Off","On","Off","Off","Off","Off","1","0","Off","0","2","0","0","0","0","0","0","0","0","0","1"
"1460","PRVDRI CT SW","447.72500","442.72500","D-Digital","High","12.5K","Off","Off","CT Statewide","Group Call","3109","KC1JMH / Brad Brown","Always","Carrier","Off","1","1","1","Off","2","1","None","None","Off","Off","Off","Off","Normal Encryption","Off","Off","Off","Off","251.1","1","Off","On","Off","Off","Off","Off","1","0","Off","0","2","0","0","0","0","0","0","0","0","0","2"
"1461","PRVDRI Local","447.72500","442.72500","D-Digital","High","12.5K","Off","Off","Local","Group Call","9","KC1JMH / Brad Brown","Always","Carrier","Off","1","1","1","Off","2","2","None","None","Off","Off","Off","Off","Normal Encryption","Off","Off","Off","Off","251.1","1","Off","On","Off","Off","Off","Off","1","0","Off","0","2","0","0","0","0","0","0","0","0","0","2"
"1462","PRVDRI MA SW","447.72500","442.72500","D-Digital","High","12.5K","Off","Off","MA Statewide","Group Call","3125","KC1JMH / Brad Brown","Always","Carrier","Off","1","1","1","Off","2","1","None","None","Off","Off","Off","Off","Normal Encryption","Off","Off","Off","Off","251.1","1","Off","On","Off","Off","Off","Off","1","0","Off","0","2","0","0","0","0","0","0","0","0","0","2"
"1463","PRVDRI ME SW","447.72500","442.72500","D-Digital","High","12.5K","Off","Off","ME Statewide","Group Call","3123","KC1JMH / Brad Brown","Always","Carrier","Off","1","1","1","Off","2","1","None","None","Off","Off","Off","Off","Normal Encryption","Off","Off","Off","Off","251.1","1","Off","On","Off","Off","Off","Off","1","0","Off","0","2","0","0","0","0","0","0","0","0","0","2"
"1464","PRVDRI NE Wide","447.72500","442.72500","D-Digital","High","12.5K","Off","Off","New England-Wide","Group Call","3181","KC1JMH / Brad Brown","Always","Carrier","Off","1","1","1","Off","2","2","None","None","Off","Off","Off","Off","Normal Encryption","Off","Off","Off","Off","251.1","1","Off","On","Off","Off","Off","Off","1","0","Off","0","2","0","0","0","0","0","0","0","0","0","2"
"1465","PRVDRI NETAC1","447.72500","442.72500","D-Digital","High","12.5K","Off","Off","NETAC1","Group Call","8801","KC1JMH / Brad Brown","Always","Carrier","Off","1","1","1","Off","2","1","None","None","Off","Off","Off","Off","Normal Encryption","Off","Off","Off","Off","251.1","1","Off","On","Off","Off","Off","Off","1","0","Off","0","2","0","0","0","0","0","0","0","0","0","2"
"1466","PRVDRI NETAC2","447.72500","442.72500","D-Digital","High","12.5K","Off","Off","NETAC2","Group Call","8802","KC1JMH / Brad Brown","Always","Carrier","Off","1","1","1","Off","2","2","None","None","Off","Off","Off","Off","Normal Encryption","Off","Off","Off","Off","251.1","1","Off","On","Off","Off","Off","Off","1","0","Off","0","2","0","0","0","0","0","0","0","0","0","2"
"1467","PRVDRI NH SW","447.72500","442.72500","D-Digital","High","12.5K","Off","Off","NH Statewide","Group Call","3133","KC1JMH / Brad Brown","Always","Carrier","Off","1","1","1","Off","2","1","None","None","Off","Off","Off","Off","Normal Encryption","Off","Off","Off","Off","251.1","1","Off","On","Off","Off","Off","Off","1","0","Off","0","2","0","0","0","0","0","0","0","0","0","2"
"1468","PRVDRI North Am","447.72500","442.72500","D-Digital","High","12.5K","Off","Off","North America","Group Call","3","KC1JMH / Brad Brown","Always","Carrier","Off","1","1","1","Off","2","1","None","None","Off","Off","Off","Off","Normal Encryption","Off","Off","Off","Off","251.1","1","Off","On","Off","Off","Off","Off","1","0","Off","0","2","0","0","0","0","0","0","0","0","0","2"
"1469","PRVDRI Northeast","447.72500","442.72500","D-Digital","High","12.5K","Off","Off","Northeast","Group Call","3172","KC1JMH / Brad Brown","Always","Carrier","Off","1","1","1","Off","2","1","None","None","Off","Off","Off","Off","Normal Encryption","Off","Off","Off","Off","251.1","1","Off","On","Off","Off","Off","Off","1","0","Off","0","2","0","0","0","0","0","0","0","0","0","2"
"1470","PRVDRI Parrot","447.72500","442.72500","D-Digital","High","12.5K","Off","Off","Parrot","Group Call","9998","KC1JMH / Brad Brown","Always","Carrier","Off","1","1","1","Off","2","1","None","None","Off","Off","Off","Off","Normal Encryption","Off","Off","Off","Off","251.1","1","Off","On","Off","Off","Off","Off","1","0","Off","0","2","0","0","0","0","0","0","0","0","0","2"
"1471","PRVDRI RI SW","447.72500","442.72500","D-Digital","High","12.5K","Off","Off","RI Statewide","Group Call","3144","KC1JMH / Brad Brown","Always","Carrier","Off","1","1","1","Off","2","2","None","None","Off","Off","Off","Off","Normal Encryption","Off","Off","Off","Off","251.1","1","Off","On","Off","Off","Off","Off","1","0","Off","0","2","0","0","0","0","0","0","0","0","0","2"
"1472","PRVDRI SKYWARN","447.72500","442.72500","D-Digital","High","12.5K","Off","Off","SKYWARN","Group Call","759","KC1JMH / Brad Brown","Always","Carrier","Off","1","1","1","Off","2","1","None","None","Off","Off","Off","Off","Normal Encryption","Off","Off","Off","Off","251.1","1","Off","On","Off","Off","Off","Off","1","0","Off","0","2","0","0","0","0","0","0","0","0","0","2"
"1473","PRVDRI TAC310","447.72500","442.72500","D-Digital","High","12.5K","Off","Off","TAC310","Group Call","310","KC1JMH / Brad Brown","Always","Carrier","Off","1","1","1","Off","2","1","None","None","Off","Off","Off","Off","Normal Encryption","Off","Off","Off","Off","251.1","1","Off","On","Off","Off","Off","Off","1","0","Off","0","2","0","0","0","0","0","0","0","0","0","2"
"1474","PRVDRI TAC311","447.72500","442.72500","D-Digital","High","12.5K","Off","Off","TAC311","Group Call","311","KC1JMH / Brad Brown","Always","Carrier","Off","1","1","1","Off","2","1","None","None","Off","Off","Off","Off","Normal Encryption","Off","Off","Off","Off","251.1","1","Off","On","Off","Off","Off","Off","1","0","Off","0","2","0","0","0","0","0","0","0","0","0","2"
"1475","PRVDRI WW","447.72500","442.72500","D-Digital","High","12.5K","Off","Off","WW Call","Group Call","1","KC1JMH / Brad Brown","Always","Carrier","Off","1","1","1","Off","2","1","None","None","Off","Off","Off","Off","Normal Encryption","Off","Off","Off","Off","251.1","1","Off","On","Off","Off","Off","Off","1","0","Off","0","2","0","0","0","0","0","0","0","0","0","2"
"1476","PRVDRI WW Eng","447.72500","442.72500","D-Digital","High","12.5K","Off","Off","WW English","Group Call","13","KC1JMH / Brad Brown","Always","Carrier","Off","1","1","1","Off","2","1","None","None","Off","Off","Off","Off","Normal Encryption","Off","Off","Off","Off","251.1","1","Off","On","Off","Off","Off","Off","1","0","Off","0","2","0","0","0","0","0","0","0","0","0","2"
"1477","ASCVT Local","448.47500","443.47500","D-Digital","High","12.5K","Off","Off","Local","Group Call","9","KC1JMH / Brad Brown","Always","Carrier","Off","1","1","1","Off","5","2","None","None","Off","Off","Off","Off","Normal Encryption","Off","Off","Off","Off","251.1","1","Off","On","Off","Off","Off","Off","1","0","Off","0","2","0","0","0","0","0","0","0","0","0","5"
"1478","ASCVT MA SW","448.47500","443.47500","D-Digital","High","12.5K","Off","Off","MA Statewide","Group Call","3125","KC1JMH / Brad Brown","Always","Carrier","Off","1","1","1","Off","5","1","None","None","Off","Off","Off","Off","Normal Encryption","Off","Off","Off","Off","251.1","1","Off","On","Off","Off","Off","Off","1","0","Off","0","2","0","0","0","0","0","0","0","0","0","5"
"1479","ASCVT NE Wide","448.47500","443.47500","D-Digital","High","12.5K","Off","Off","New England-Wide","Group Call","3181","KC1JMH / Brad Brown","Always","Carrier","Off","1","1","1","Off","5","2","None","None","Off","Off","Off","Off","Normal Encryption","Off","Off","Off","Off","251.1","1","Off","On","Off","Off","Off","Off","1","0","Off","0","2","0","0","0","0","0","0","0","0","0","5"
"1480","ASCVT NETAC1","448.47500","443.47500","D-Digital","High","12.5K","Off","Off","NETAC1","Group Call","8801","KC1JMH / Brad Brown","Always","Carrier","Off","1","1","1","Off","5","1","None","None","Off","Off","Off","Off","Normal Encryption","Off","Off","Off","Off","251.1","1","Off","On","Off","Off","Off","Off","1","0","Off","0","2","0","0","0","0","0","0","0","0","0","5"
"1481","ASCVT NETAC2","448.47500","443.47500","D-Digital","High","12.5K","Off","Off","NETAC2","Group Call","8802","KC1JMH / Brad Brown","Always","Carrier","Off","1","1","1","Off","5","2","None","None","Off","Off","Off","Off","Normal Encryption","Off","Off","Off","Off","251.1","1","Off","On","Off","Off","Off","Off","1","0","Off","0","2","0","0","0","0","0","0","0","0","0","5"
"1482","ASCVT NH SW","448.47500","443.47500","D-Digital","High","12.5K","Off","Off","NH Statewide","Group Call","3133","KC1JMH / Brad Brown","Always","Carrier","Off","1","1","1","Off","5","1","None","None","Off","Off","Off","Off","Normal Encryption","Off","Off","Off","Off","251.1","1","Off","On","Off","Off","Off","Off","1","0","Off","0","2","0","0","0","0","0","0","0","0","0","5"
"1483","ASCVT North Am","448.47500","443.47500","D-Digital","High","12.5K","Off","Off","North America","Group Call","3","KC1JMH / Brad Brown","Always","Carrier","Off","1","1","1","Off","5","1","None","None","Off","Off","Off","Off","Normal Encryption","Off","Off","Off","Off","251.1","1","Off","On","Off","Off","Off","Off","1","0","Off","0","2","0","0","0","0","0","0","0","0","0","5"
"1484","ASCVT Northeast","448.47500","443.47500","D-Digital","High","12.5K","Off","Off","Northeast","Group Call","3172","KC1JMH / Brad Brown","Always","Carrier","Off","1","1","1","Off","5","1","None","None","Off","Off","Off","Off","Normal Encryption","Off","Off","Off","Off","251.1","1","Off","On","Off","Off","Off","Off","1","0","Off","0","2","0","0","0","0","0","0","0","0","0","5"
"1485","ASCVT Parrot","448.47500","443.47500","D-Digital","High","12.5K","Off","Off","Parrot","Group Call","9998","KC1JMH / Brad Brown","Always","Carrier","Off","1","1","1","Off","5","1","None","None","Off","Off","Off","Off","Normal Encryption","Off","Off","Off","Off","251.1","1","Off","On","Off","Off","Off","Off","1","0","Off","0","2","0","0","0","0","0","0","0","0","0","5"
"1486","ASCVT Reg North","448.47500","443.47500","D-Digital","High","12.5K","Off","Off","Region North","Group Call","8","KC1JMH / Brad Brown","Always","Carrier","Off","1","1","1","Off","5","2","None","None","Off","Off","Off","Off","Normal Encryption","Off","Off","Off","Off","251.1","1","Off","On","Off","Off","Off","Off","1","0","Off","0","2","0","0","0","0","0","0","0","0","0","5"
"1487","ASCVT SKYWARN","448.47500","443.47500","D-Digital","High","12.5K","Off","Off","SKYWARN","Group Call","759","KC1JMH / Brad Brown","Always","Carrier","Off","1","1","1","Off","5","1","None","None","Off","Off","Off","Off","Normal Encryption","Off","Off","Off","Off","251.1","1","Off","On","Off","Off","Off","Off","1","0","Off","0","2","0","0","0","0","0","0","0","0","0","5"
"1488","ASCVT TAC310","448.47500","443.47500","D-Digital","High","12.5K","Off","Off","TAC310","Group Call","310","KC1JMH / Brad Brown","Always","Carrier","Off","1","1","1","Off","5","1","None","None","Off","Off","Off","Off","Normal Encryption","Off","Off","Off","Off","251.1","1","Off","On","Off","Off","Off","Off","1","0","Off","0","2","0","0","0","0","0","0","0","0","0","5"
"1489","ASCVT TAC311","448.47500","443.47500","D-Digital","High","12.5K","Off","Off","TAC311","Group Call","311","KC1JMH / Brad Brown","Always","Carrier","Off","1","1","1","Off","5","1","None","None","Off","Off","Off","Off","Normal Encryption","Off","Off","Off","Off","251.1","1","Off","On","Off","Off","Off","Off","1","0","Off","0","2","0","0","0","0","0","0","0","0","0","5"
"1490","ASCVT UA Eng1","448.47500","443.47500","D-Digital","High","12.5K","Off","Off","UA English 1-113","Group Call","113","KC1JMH / Brad Brown","Always","Carrier","Off","1","1","1","Off","5","1","None","None","Off","Off","Off","Off","Normal Encryption","Off","Off","Off","Off","251.1","1","Off","On","Off","Off","Off","Off","1","0","Off","0","2","0","0","0","0","0","0","0","0","0","5"
"1491","ASCVT UA Eng2","448.47500","443.47500","D-Digital","High","12.5K","Off","Off","UA English 2-123","Group Call","123","KC1JMH / Brad Brown","Always","Carrier","Off","1","1","1","Off","5","1","None","None","Off","Off","Off","Off","Normal Encryption","Off","Off","Off","Off","251.1","1","Off","On","Off","Off","Off","Off","1","0","Off","0","2","0","0","0","0","0","0","0","0","0","5"
"1492","ASCVT VT SW","448.47500","443.47500","D-Digital","High","12.5K","Off","Off","VT Statewide","Group Call","3150","KC1JMH / Brad Brown","Always","Carrier","Off","1","1","1","Off","5","2","None","None","Off","Off","Off","Off","Normal Encryption","Off","Off","Off","Off","251.1","1","Off","On","Off","Off","Off","Off","1","0","Off","0","2","0","0","0","0","0","0","0","0","0","5"
"1493","ASCVT WW","448.47500","443.47500","D-Digital","High","12.5K","Off","Off","WW Call","Group Call","1","KC1JMH / Brad Brown","Always","Carrier","Off","1","1","1","Off","5","1","None","None","Off","Off","Off","Off","Normal Encryption","Off","Off","Off","Off","251.1","1","Off","On","Off","Off","Off","Off","1","0","Off","0","2","0","0","0","0","0","0","0","0","0","5"
"1494","ASCVT WW Eng","448.47500","443.47500","D-Digital","High","12.5K","Off","Off","WW English","Group Call","13","KC1JMH / Brad Brown","Always","Carrier","Off","1","1","1","Off","5","1","None","None","Off","Off","Off","Off","Normal Encryption","Off","Off","Off","Off","251.1","1","Off","On","Off","Off","Off","Off","1","0","Off","0","2","0","0","0","0","0","0","0","0","0","5"
"1495","BOLVT Local","445.07500","440.07500","D-Digital","High","12.5K","Off","Off","Local","Group Call","9","KC1JMH / Brad Brown","Always","Carrier","Off","1","1","1","Off","7","2","None","None","Off","Off","Off","Off","Normal Encryption","Off","Off","Off","Off","251.1","1","Off","On","Off","Off","Off","Off","1","0","Off","0","2","0","0","0","0","0","0","0","0","0","7"
"1496","BOLVT MA SW","445.07500","440.07500","D-Digital","High","12.5K","Off","Off","MA Statewide","Group Call","3125","KC1JMH / Brad Brown","Always","Carrier","Off","1","1","1","Off","7","1","None","None","Off","Off","Off","Off","Normal Encryption","Off","Off","Off","Off","251.1","1","Off","On","Off","Off","Off","Off","1","0","Off","0","2","0","0","0","0","0","0","0","0","0","7"
"1497","BOLVT NE Wide","445.07500","440.07500","D-Digital","High","12.5K","Off","Off","New England-Wide","Group Call","3181","KC1JMH / Brad Brown","Always","Carrier","Off","1","1","1","Off","7","2","None","None","Off","Off","Off","Off","Normal Encryption","Off","Off","Off","Off","251.1","1","Off","On","Off","Off","Off","Off","1","0","Off","0","2","0","0","0","0","0","0","0","0","0","7"
"1498","BOLVT NETAC1","445.07500","440.07500","D-Digital","High","12.5K","Off","Off","NETAC1","Group Call","8801","KC1JMH / Brad Brown","Always","Carrier","Off","1","1","1","Off","7","1","None","None","Off","Off","Off","Off","Normal Encryption","Off","Off","Off","Off","251.1","1","Off","On","Off","Off","Off","Off","1","0","Off","0","2","0","0","0","0","0","0","0","0","0","7"
"1499","BOLVT NETAC2","445.07500","440.07500","D-Digital","High","12.5K","Off","Off","NETAC2","Group Call","8802","KC1JMH / Brad Brown","Always","Carrier","Off","1","1","1","Off","7","2","None","None","Off","Off","Off","Off","Normal Encryption","Off","Off","Off","Off","251.1","1","Off","On","Off","Off","Off","Off","1","0","Off","0","2","0","0","0","0","0","0","0","0","0","7"
"1500","BOLVT NH SW","445.07500","440.07500","D-Digital","High","12.5K","Off","Off","NH Statewide","Group Call","3133","KC1JMH / Brad Brown","Always","Carrier","Off","1","1","1","Off","7","1","None","None","Off","Off","Off","Off","Normal Encryption","Off","Off","Off","Off","251.1","1","Off","On","Off","Off","Off","Off","1","0","Off","0","2","0","0","0","0","0","0","0","0","0","7"
"1501","BOLVT North Am","445.07500","440.07500","D-Digital","High","12.5K","Off","Off","North America","Group Call","3","KC1JMH / Brad Brown","Always","Carrier","Off","1","1","1","Off","7","1","None","None","Off","Off","Off","Off","Normal Encryption","Off","Off","Off","Off","251.1","1","Off","On","Off","Off","Off","Off","1","0","Off","0","2","0","0","0","0","0","0","0","0","0","7"
"1502","BOLVT Northeast","445.07500","440.07500","D-Digital","High","12.5K","Off","Off","Northeast","Group Call","3172","KC1JMH / Brad Brown","Always","Carrier","Off","1","1","1","Off","7","1","None","None","Off","Off","Off","Off","Normal Encryption","Off","Off","Off","Off","251.1","1","Off","On","Off","Off","Off","Off","1","0","Off","0","2","0","0","0","0","0","0","0","0","0","7"
"1503","BOLVT Parrot","445.07500","440.07500","D-Digital","High","12.5K","Off","Off","Parrot","Group Call","9998","KC1JMH / Brad Brown","Always","Carrier","Off","1","1","1","Off","7","1","None","None","Off","Off","Off","Off","Normal Encryption","Off","Off","Off","Off","251.1","1","Off","On","Off","Off","Off","Off","1","0","Off","0","2","0","0","0","0","0","0","0","0","0","7"
"1504","BOLVT Reg North","445.07500","440.07500","D-Digital","High","12.5K","Off","Off","Region North","Group Call","8","KC1JMH / Brad Brown","Always","Carrier","Off","1","1","1","Off","7","2","None","None","Off","Off","Off","Off","Normal Encryption","Off","Off","Off","Off","251.1","1","Off","On","Off","Off","Off","Off","1","0","Off","0","2","0","0","0","0","0","0","0","0","0","7"
"1505","BOLVT SKYWARN","445.07500","440.07500","D-Digital","High","12.5K","Off","Off","SKYWARN","Group Call","759","KC1JMH / Brad Brown","Always","Carrier","Off","1","1","1","Off","7","1","None","None","Off","Off","Off","Off","Normal Encryption","Off","Off","Off","Off","251.1","1","Off","On","Off","Off","Off","Off","1","0","Off","0","2","0","0","0","0","0","0","0","0","0","7"
"1506","BOLVT TAC310","445.07500","440.07500","D-Digital","High","12.5K","Off","Off","TAC310","Group Call","310","KC1JMH / Brad Brown","Always","Carrier","Off","1","1","1","Off","7","1","None","None","Off","Off","Off","Off","Normal Encryption","Off","Off","Off","Off","251.1","1","Off","On","Off","Off","Off","Off","1","0","Off","0","2","0","0","0","0","0","0","0","0","0","7"
"1507","BOLVT TAC311","445.07500","440.07500","D-Digital","High","12.5K","Off","Off","TAC311","Group Call","311","KC1JMH / Brad Brown","Always","Carrier","Off","1","1","1","Off","7","1","None","None","Off","Off","Off","Off","Normal Encryption","Off","Off","Off","Off","251.1","1","Off","On","Off","Off","Off","Off","1","0","Off","0","2","0","0","0","0","0","0","0","0","0","7"
"1508","BOLVT UA Eng1","445.07500","440.07500","D-Digital","High","12.5K","Off","Off","UA English 1-113","Group Call","113","KC1JMH / Brad Brown","Always","Carrier","Off","1","1","1","Off","7","1","None","None","Off","Off","Off","Off","Normal Encryption","Off","Off","Off","Off","251.1","1","Off","On","Off","Off","Off","Off","1","0","Off","0","2","0","0","0","0","0","0","0","0","0","7"
"1509","BOLVT UA Eng2","445.07500","440.07500","D-Digital","High","12.5K","Off","Off","UA English 2-123","Group Call","123","KC1JMH / Brad Brown","Always","Carrier","Off","1","1","1","Off","7","1","None","None","Off","Off","Off","Off","Normal Encryption","Off","Off","Off","Off","251.1","1","Off","On","Off","Off","Off","Off","1","0","Off","0","2","0","0","0","0","0","0","0","0","0","7"
"1510","BOLVT VT SW","445.07500","440.07500","D-Digital","High","12.5K","Off","Off","VT Statewide","Group Call","3150","KC1JMH / Brad Brown","Always","Carrier","Off","1","1","1","Off","7","2","None","None","Off","Off","Off","Off","Normal Encryption","Off","Off","Off","Off","251.1","1","Off","On","Off","Off","Off","Off","1","0","Off","0","2","0","0","0","0","0","0","0","0","0","7"
"1511","BOLVT WW","445.07500","440.07500","D-Digital","High","12.5K","Off","Off","WW Call","Group Call","1","KC1JMH / Brad Brown","Always","Carrier","Off","1","1","1","Off","7","1","None","None","Off","Off","Off","Off","Normal Encryption","Off","Off","Off","Off","251.1","1","Off","On","Off","Off","Off","Off","1","0","Off","0","2","0","0","0","0","0","0","0","0","0","7"
"1512","BOLVT WW Eng","445.07500","440.07500","D-Digital","High","12.5K","Off","Off","WW English","Group Call","13","KC1JMH / Brad Brown","Always","Carrier","Off","1","1","1","Off","7","1","None","None","Off","Off","Off","Off","Normal Encryption","Off","Off","Off","Off","251.1","1","Off","On","Off","Off","Off","Off","1","0","Off","0","2","0","0","0","0","0","0","0","0","0","7"
"1513","BRLVT Local","446.47500","441.47500","D-Digital","High","12.5K","Off","Off","Local","Group Call","9","KC1JMH / Brad Brown","Always","Carrier","Off","1","1","1","Off","1","2","None","None","Off","Off","Off","Off","Normal Encryption","Off","Off","Off","Off","251.1","1","Off","On","Off","Off","Off","Off","1","0","Off","0","2","0","0","0","0","0","0","0","0","0","1"
"1514","BRLVT MA SW","446.47500","441.47500","D-Digital","High","12.5K","Off","Off","MA Statewide","Group Call","3125","KC1JMH / Brad Brown","Always","Carrier","Off","1","1","1","Off","1","1","None","None","Off","Off","Off","Off","Normal Encryption","Off","Off","Off","Off","251.1","1","Off","On","Off","Off","Off","Off","1","0","Off","0","2","0","0","0","0","0","0","0","0","0","1"
"1515","BRLVT NE Wide","446.47500","441.47500","D-Digital","High","12.5K","Off","Off","New England-Wide","Group Call","3181","KC1JMH / Brad Brown","Always","Carrier","Off","1","1","1","Off","1","2","None","None","Off","Off","Off","Off","Normal Encryption","Off","Off","Off","Off","251.1","1","Off","On","Off","Off","Off","Off","1","0","Off","0","2","0","0","0","0","0","0","0","0","0","1"
"1516","BRLVT NETAC1","446.47500","441.47500","D-Digital","High","12.5K","Off","Off","NETAC1","Group Call","8801","KC1JMH / Brad Brown","Always","Carrier","Off","1","1","1","Off","1","1","None","None","Off","Off","Off","Off","Normal Encryption","Off","Off","Off","Off","251.1","1","Off","On","Off","Off","Off","Off","1","0","Off","0","2","0","0","0","0","0","0","0","0","0","1"
"1517","BRLVT NETAC2","446.47500","441.47500","D-Digital","High","12.5K","Off","Off","NETAC2","Group Call","8802","KC1JMH / Brad Brown","Always","Carrier","Off","1","1","1","Off","1","2","None","None","Off","Off","Off","Off","Normal Encryption","Off","Off","Off","Off","251.1","1","Off","On","Off","Off","Off","Off","1","0","Off","0","2","0","0","0","0","0","0","0","0","0","1"
"1518","BRLVT NH SW","446.47500","441.47500","D-Digital","High","12.5K","Off","Off","NH Statewide","Group Call","3133","KC1JMH / Brad Brown","Always","Carrier","Off","1","1","1","Off","1","1","None","None","Off","Off","Off","Off","Normal Encryption","Off","Off","Off","Off","251.1","1","Off","On","Off","Off","Off","Off","1","0","Off","0","2","0","0","0","0","0","0","0","0","0","1"
"1519","BRLVT North Am","446.47500","441.47500","D-Digital","High","12.5K","Off","Off","North America","Group Call","3","KC1JMH / Brad Brown","Always","Carrier","Off","1","1","1","Off","1","1","None","None","Off","Off","Off","Off","Normal Encryption","Off","Off","Off","Off","251.1","1","Off","On","Off","Off","Off","Off","1","0","Off","0","2","0","0","0","0","0","0","0","0","0","1"
"1520","BRLVT Northeast","446.47500","441.47500","D-Digital","High","12.5K","Off","Off","Northeast","Group Call","3172","KC1JMH / Brad Brown","Always","Carrier","Off","1","1","1","Off","1","1","None","None","Off","Off","Off","Off","Normal Encryption","Off","Off","Off","Off","251.1","1","Off","On","Off","Off","Off","Off","1","0","Off","0","2","0","0","0","0","0","0","0","0","0","1"
"1521","BRLVT Parrot","446.47500","441.47500","D-Digital","High","12.5K","Off","Off","Parrot","Group Call","9998","KC1JMH / Brad Brown","Always","Carrier","Off","1","1","1","Off","1","1","None","None","Off","Off","Off","Off","Normal Encryption","Off","Off","Off","Off","251.1","1","Off","On","Off","Off","Off","Off","1","0","Off","0","2","0","0","0","0","0","0","0","0","0","1"
"1522","BRLVT Reg North","446.47500","441.47500","D-Digital","High","12.5K","Off","Off","Region North","Group Call","8","KC1JMH / Brad Brown","Always","Carrier","Off","1","1","1","Off","1","2","None","None","Off","Off","Off","Off","Normal Encryption","Off","Off","Off","Off","251.1","1","Off","On","Off","Off","Off","Off","1","0","Off","0","2","0","0","0","0","0","0","0","0","0","1"
"1523","BRLVT SKYWARN","446.47500","441.47500","D-Digital","High","12.5K","Off","Off","SKYWARN","Group Call","759","KC1JMH / Brad Brown","Always","Carrier","Off","1","1","1","Off","1","1","None","None","Off","Off","Off","Off","Normal Encryption","Off","Off","Off","Off","251.1","1","Off","On","Off","Off","Off","Off","1","0","Off","0","2","0","0","0","0","0","0","0","0","0","1"
"1524","BRLVT TAC310","446.47500","441.47500","D-Digital","High","12.5K","Off","Off","TAC310","Group Call","310","KC1JMH / Brad Brown","Always","Carrier","Off","1","1","1","Off","1","1","None","None","Off","Off","Off","Off","Normal Encryption","Off","Off","Off","Off","251.1","1","Off","On","Off","Off","Off","Off","1","0","Off","0","2","0","0","0","0","0","0","0","0","0","1"
"1525","BRLVT TAC311","446.47500","441.47500","D-Digital","High","12.5K","Off","Off","TAC311","Group Call","311","KC1JMH / Brad Brown","Always","Carrier","Off","1","1","1","Off","1","1","None","None","Off","Off","Off","Off","Normal Encryption","Off","Off","Off","Off","251.1","1","Off","On","Off","Off","Off","Off","1","0","Off","0","2","0","0","0","0","0","0","0","0","0","1"
"1526","BRLVT UA Eng1","446.47500","441.47500","D-Digital","High","12.5K","Off","Off","UA English 1-113","Group Call","113","KC1JMH / Brad Brown","Always","Carrier","Off","1","1","1","Off","1","1","None","None","Off","Off","Off","Off","Normal Encryption","Off","Off","Off","Off","251.1","1","Off","On","Off","Off","Off","Off","1","0","Off","0","2","0","0","0","0","0","0","0","0","0","1"
"1527","BRLVT UA Eng2","446.47500","441.47500","D-Digital","High","12.5K","Off","Off","UA English 2-123","Group Call","123","KC1JMH / Brad Brown","Always","Carrier","Off","1","1","1","Off","1","1","None","None","Off","Off","Off","Off","Normal Encryption","Off","Off","Off","Off","251.1","1","Off","On","Off","Off","Off","Off","1","0","Off","0","2","0","0","0","0","0","0","0","0","0","1"
"1528","BRLVT VT SW","446.47500","441.47500","D-Digital","High","12.5K","Off","Off","VT Statewide","Group Call","3150","KC1JMH / Brad Brown","Always","Carrier","Off","1","1","1","Off","1","2","None","None","Off","Off","Off","Off","Normal Encryption","Off","Off","Off","Off","251.1","1","Off","On","Off","Off","Off","Off","1","0","Off","0","2","0","0","0","0","0","0","0","0","0","1"
"1529","BRLVT WW","446.47500","441.47500","D-Digital","High","12.5K","Off","Off","WW Call","Group Call","1","KC1JMH / Brad Brown","Always","Carrier","Off","1","1","1","Off","1","1","None","None","Off","Off","Off","Off","Normal Encryption","Off","Off","Off","Off","251.1","1","Off","On","Off","Off","Off","Off","1","0","Off","0","2","0","0","0","0","0","0","0","0","0","1"
"1530","BRLVT WW Eng","446.47500","441.47500","D-Digital","High","12.5K","Off","Off","WW English","Group Call","13","KC1JMH / Brad Brown","Always","Carrier","Off","1","1","1","Off","1","1","None","None","Off","Off","Off","Off","Normal Encryption","Off","Off","Off","Off","251.1","1","Off","On","Off","Off","Off","Off","1","0","Off","0","2","0","0","0","0","0","0","0","0","0","1"
"1531","BRTVT Local","444.40000","449.40000","D-Digital","High","12.5K","Off","Off","Local","Group Call","9","KC1JMH / Brad Brown","Always","Carrier","Off","1","1","1","Off","1","2","None","None","Off","Off","Off","Off","Normal Encryption","Off","Off","Off","Off","251.1","1","Off","On","Off","Off","Off","Off","1","0","Off","0","2","0","0","0","0","0","0","0","0","0","1"
"1532","BRTVT MA SW","444.40000","449.40000","D-Digital","High","12.5K","Off","Off","MA Statewide","Group Call","3125","KC1JMH / Brad Brown","Always","Carrier","Off","1","1","1","Off","1","1","None","None","Off","Off","Off","Off","Normal Encryption","Off","Off","Off","Off","251.1","1","Off","On","Off","Off","Off","Off","1","0","Off","0","2","0","0","0","0","0","0","0","0","0","1"
"1533","BRTVT NE Wide","444.40000","449.40000","D-Digital","High","12.5K","Off","Off","New England-Wide","Group Call","3181","KC1JMH / Brad Brown","Always","Carrier","Off","1","1","1","Off","1","2","None","None","Off","Off","Off","Off","Normal Encryption","Off","Off","Off","Off","251.1","1","Off","On","Off","Off","Off","Off","1","0","Off","0","2","0","0","0","0","0","0","0","0","0","1"
"1534","BRTVT NETAC1","444.40000","449.40000","D-Digital","High","12.5K","Off","Off","NETAC1","Group Call","8801","KC1JMH / Brad Brown","Always","Carrier","Off","1","1","1","Off","1","1","None","None","Off","Off","Off","Off","Normal Encryption","Off","Off","Off","Off","251.1","1","Off","On","Off","Off","Off","Off","1","0","Off","0","2","0","0","0","0","0","0","0","0","0","1"
"1535","BRTVT NETAC2","444.40000","449.40000","D-Digital","High","12.5K","Off","Off","NETAC2","Group Call","8802","KC1JMH / Brad Brown","Always","Carrier","Off","1","1","1","Off","1","2","None","None","Off","Off","Off","Off","Normal Encryption","Off","Off","Off","Off","251.1","1","Off","On","Off","Off","Off","Off","1","0","Off","0","2","0","0","0","0","0","0","0","0","0","1"
"1536","BRTVT NH SW","444.40000","449.40000","D-Digital","High","12.5K","Off","Off","NH Statewide","Group Call","3133","KC1JMH / Brad Brown","Always","Carrier","Off","1","1","1","Off","1","1","None","None","Off","Off","Off","Off","Normal Encryption","Off","Off","Off","Off","251.1","1","Off","On","Off","Off","Off","Off","1","0","Off","0","2","0","0","0","0","0","0","0","0","0","1"
"1537","BRTVT North Am","444.40000","449.40000","D-Digital","High","12.5K","Off","Off","North America","Group Call","3","KC1JMH / Brad Brown","Always","Carrier","Off","1","1","1","Off","1","1","None","None","Off","Off","Off","Off","Normal Encryption","Off","Off","Off","Off","251.1","1","Off","On","Off","Off","Off","Off","1","0","Off","0","2","0","0","0","0","0","0","0","0","0","1"
"1538","BRTVT Northeast","444.40000","449.40000","D-Digital","High","12.5K","Off","Off","Northeast","Group Call","3172","KC1JMH / Brad Brown","Always","Carrier","Off","1","1","1","Off","1","1","None","None","Off","Off","Off","Off","Normal Encryption","Off","Off","Off","Off","251.1","1","Off","On","Off","Off","Off","Off","1","0","Off","0","2","0","0","0","0","0","0","0","0","0","1"
"1539","BRTVT Parrot","444.40000","449.40000","D-Digital","High","12.5K","Off","Off","Parrot","Group Call","9998","KC1JMH / Brad Brown","Always","Carrier","Off","1","1","1","Off","1","1","None","None","Off","Off","Off","Off","Normal Encryption","Off","Off","Off","Off","251.1","1","Off","On","Off","Off","Off","Off","1","0","Off","0","2","0","0","0","0","0","0","0","0","0","1"
"1540","BRTVT Reg North","444.40000","449.40000","D-Digital","High","12.5K","Off","Off","Region North","Group Call","8","KC1JMH / Brad Brown","Always","Carrier","Off","1","1","1","Off","1","2","None","None","Off","Off","Off","Off","Normal Encryption","Off","Off","Off","Off","251.1","1","Off","On","Off","Off","Off","Off","1","0","Off","0","2","0","0","0","0","0","0","0","0","0","1"
"1541","BRTVT SKYWARN","444.40000","449.40000","D-Digital","High","12.5K","Off","Off","SKYWARN","Group Call","759","KC1JMH / Brad Brown","Always","Carrier","Off","1","1","1","Off","1","1","None","None","Off","Off","Off","Off","Normal Encryption","Off","Off","Off","Off","251.1","1","Off","On","Off","Off","Off","Off","1","0","Off","0","2","0","0","0","0","0","0","0","0","0","1"
"1542","BRTVT TAC310","444.40000","449.40000","D-Digital","High","12.5K","Off","Off","TAC310","Group Call","310","KC1JMH / Brad Brown","Always","Carrier","Off","1","1","1","Off","1","1","None","None","Off","Off","Off","Off","Normal Encryption","Off","Off","Off","Off","251.1","1","Off","On","Off","Off","Off","Off","1","0","Off","0","2","0","0","0","0","0","0","0","0","0","1"
"1543","BRTVT TAC311","444.40000","449.40000","D-Digital","High","12.5K","Off","Off","TAC311","Group Call","311","KC1JMH / Brad Brown","Always","Carrier","Off","1","1","1","Off","1","1","None","None","Off","Off","Off","Off","Normal Encryption","Off","Off","Off","Off","251.1","1","Off","On","Off","Off","Off","Off","1","0","Off","0","2","0","0","0","0","0","0","0","0","0","1"
"1544","BRTVT UA Eng1","444.40000","449.40000","D-Digital","High","12.5K","Off","Off","UA English 1-113","Group Call","113","KC1JMH / Brad Brown","Always","Carrier","Off","1","1","1","Off","1","1","None","None","Off","Off","Off","Off","Normal Encryption","Off","Off","Off","Off","251.1","1","Off","On","Off","Off","Off","Off","1","0","Off","0","2","0","0","0","0","0","0","0","0","0","1"
"1545","BRTVT UA Eng2","444.40000","449.40000","D-Digital","High","12.5K","Off","Off","UA English 2-123","Group Call","123","KC1JMH / Brad Brown","Always","Carrier","Off","1","1","1","Off","1","1","None","None","Off","Off","Off","Off","Normal Encryption","Off","Off","Off","Off","251.1","1","Off","On","Off","Off","Off","Off","1","0","Off","0","2","0","0","0","0","0","0","0","0","0","1"
"1546","BRTVT VT SW","444.40000","449.40000","D-Digital","High","12.5K","Off","Off","VT Statewide","Group Call","3150","KC1JMH / Brad Brown","Always","Carrier","Off","1","1","1","Off","1","2","None","None","Off","Off","Off","Off","Normal Encryption","Off","Off","Off","Off","251.1","1","Off","On","Off","Off","Off","Off","1","0","Off","0","2","0","0","0","0","0","0","0","0","0","1"
"1547","BRTVT WW","444.40000","449.40000","D-Digital","High","12.5K","Off","Off","WW Call","Group Call","1","KC1JMH / Brad Brown","Always","Carrier","Off","1","1","1","Off","1","1","None","None","Off","Off","Off","Off","Normal Encryption","Off","Off","Off","Off","251.1","1","Off","On","Off","Off","Off","Off","1","0","Off","0","2","0","0","0","0","0","0","0","0","0","1"
"1548","BRTVT WW Eng","444.40000","449.40000","D-Digital","High","12.5K","Off","Off","WW English","Group Call","13","KC1JMH / Brad Brown","Always","Carrier","Off","1","1","1","Off","1","1","None","None","Off","Off","Off","Off","Normal Encryption","Off","Off","Off","Off","251.1","1","Off","On","Off","Off","Off","Off","1","0","Off","0","2","0","0","0","0","0","0","0","0","0","1"
"1549","BURKEVT CT SW","448.57500","443.57500","D-Digital","High","12.5K","Off","Off","CT Statewide","Group Call","3109","KC1JMH / Brad Brown","Always","Carrier","Off","1","1","1","Off","5","1","None","None","Off","Off","Off","Off","Normal Encryption","Off","Off","Off","Off","251.1","1","Off","On","Off","Off","Off","Off","1","0","Off","0","2","0","0","0","0","0","0","0","0","0","5"
"1550","BURKEVT Local","448.57500","443.57500","D-Digital","High","12.5K","Off","Off","Local","Group Call","9","KC1JMH / Brad Brown","Always","Carrier","Off","1","1","1","Off","5","2","None","None","Off","Off","Off","Off","Normal Encryption","Off","Off","Off","Off","251.1","1","Off","On","Off","Off","Off","Off","1","0","Off","0","2","0","0","0","0","0","0","0","0","0","5"
"1551","BURKEVT MA SW","448.57500","443.57500","D-Digital","High","12.5K","Off","Off","MA Statewide","Group Call","3125","KC1JMH / Brad Brown","Always","Carrier","Off","1","1","1","Off","5","1","None","None","Off","Off","Off","Off","Normal Encryption","Off","Off","Off","Off","251.1","1","Off","On","Off","Off","Off","Off","1","0","Off","0","2","0","0","0","0","0","0","0","0","0","5"
"1552","BURKEVT ME SW","448.57500","443.57500","D-Digital","High","12.5K","Off","Off","ME Statewide","Group Call","3123","KC1JMH / Brad Brown","Always","Carrier","Off","1","1","1","Off","5","1","None","None","Off","Off","Off","Off","Normal Encryption","Off","Off","Off","Off","251.1","1","Off","On","Off","Off","Off","Off","1","0","Off","0","2","0","0","0","0","0","0","0","0","0","5"
"1553","BURKEVT NE Wide","448.57500","443.57500","D-Digital","High","12.5K","Off","Off","New England-Wide","Group Call","3181","KC1JMH / Brad Brown","Always","Carrier","Off","1","1","1","Off","5","2","None","None","Off","Off","Off","Off","Normal Encryption","Off","Off","Off","Off","251.1","1","Off","On","Off","Off","Off","Off","1","0","Off","0","2","0","0","0","0","0","0","0","0","0","5"
"1554","BURKEVT NETAC1","448.57500","443.57500","D-Digital","High","12.5K","Off","Off","NETAC1","Group Call","8801","KC1JMH / Brad Brown","Always","Carrier","Off","1","1","1","Off","5","1","None","None","Off","Off","Off","Off","Normal Encryption","Off","Off","Off","Off","251.1","1","Off","On","Off","Off","Off","Off","1","0","Off","0","2","0","0","0","0","0","0","0","0","0","5"
"1555","BURKEVT NETAC2","448.57500","443.57500","D-Digital","High","12.5K","Off","Off","NETAC2","Group Call","8802","KC1JMH / Brad Brown","Always","Carrier","Off","1","1","1","Off","5","2","None","None","Off","Off","Off","Off","Normal Encryption","Off","Off","Off","Off","251.1","1","Off","On","Off","Off","Off","Off","1","0","Off","0","2","0","0","0","0","0","0","0","0","0","5"
"1556","BURKEVT NH SW","448.57500","443.57500","D-Digital","High","12.5K","Off","Off","NH Statewide","Group Call","3133","KC1JMH / Brad Brown","Always","Carrier","Off","1","1","1","Off","5","1","None","None","Off","Off","Off","Off","Normal Encryption","Off","Off","Off","Off","251.1","1","Off","On","Off","Off","Off","Off","1","0","Off","0","2","0","0","0","0","0","0","0","0","0","5"
"1557","BURKEVT Neast","448.57500","443.57500","D-Digital","High","12.5K","Off","Off","Northeast","Group Call","3172","KC1JMH / Brad Brown","Always","Carrier","Off","1","1","1","Off","5","1","None","None","Off","Off","Off","Off","Normal Encryption","Off","Off","Off","Off","251.1","1","Off","On","Off","Off","Off","Off","1","0","Off","0","2","0","0","0","0","0","0","0","0","0","5"
"1558","BURKEVT North Am","448.57500","443.57500","D-Digital","High","12.5K","Off","Off","North America","Group Call","3","KC1JMH / Brad Brown","Always","Carrier","Off","1","1","1","Off","5","1","None","None","Off","Off","Off","Off","Normal Encryption","Off","Off","Off","Off","251.1","1","Off","On","Off","Off","Off","Off","1","0","Off","0","2","0","0","0","0","0","0","0","0","0","5"
"1559","BURKEVT Parrot","448.57500","443.57500","D-Digital","High","12.5K","Off","Off","Parrot","Group Call","9998","KC1JMH / Brad Brown","Always","Carrier","Off","1","1","1","Off","5","1","None","None","Off","Off","Off","Off","Normal Encryption","Off","Off","Off","Off","251.1","1","Off","On","Off","Off","Off","Off","1","0","Off","0","2","0","0","0","0","0","0","0","0","0","5"
"1560","BURKEVT Reg N","448.57500","443.57500","D-Digital","High","12.5K","Off","Off","Region North","Group Call","8","KC1JMH / Brad Brown","Always","Carrier","Off","1","1","1","Off","5","1","None","None","Off","Off","Off","Off","Normal Encryption","Off","Off","Off","Off","251.1","1","Off","On","Off","Off","Off","Off","1","0","Off","0","2","0","0","0","0","0","0","0","0","0","5"
"1561","BURKEVT SKYWARN","448.57500","443.57500","D-Digital","High","12.5K","Off","Off","SKYWARN","Group Call","759","KC1JMH / Brad Brown","Always","Carrier","Off","1","1","1","Off","5","1","None","None","Off","Off","Off","Off","Normal Encryption","Off","Off","Off","Off","251.1","1","Off","On","Off","Off","Off","Off","1","0","Off","0","2","0","0","0","0","0","0","0","0","0","5"
"1562","BURKEVT TAC310","448.57500","443.57500","D-Digital","High","12.5K","Off","Off","TAC310","Group Call","310","KC1JMH / Brad Brown","Always","Carrier","Off","1","1","1","Off","5","1","None","None","Off","Off","Off","Off","Normal Encryption","Off","Off","Off","Off","251.1","1","Off","On","Off","Off","Off","Off","1","0","Off","0","2","0","0","0","0","0","0","0","0","0","5"
"1563","BURKEVT TAC311","448.57500","443.57500","D-Digital","High","12.5K","Off","Off","TAC311","Group Call","311","KC1JMH / Brad Brown","Always","Carrier","Off","1","1","1","Off","5","1","None","None","Off","Off","Off","Off","Normal Encryption","Off","Off","Off","Off","251.1","1","Off","On","Off","Off","Off","Off","1","0","Off","0","2","0","0","0","0","0","0","0","0","0","5"
"1564","BURKEVT UA Eng1","448.57500","443.57500","D-Digital","High","12.5K","Off","Off","UA English 1-113","Group Call","113","KC1JMH / Brad Brown","Always","Carrier","Off","1","1","1","Off","5","1","None","None","Off","Off","Off","Off","Normal Encryption","Off","Off","Off","Off","251.1","1","Off","On","Off","Off","Off","Off","1","0","Off","0","2","0","0","0","0","0","0","0","0","0","5"
"1565","BURKEVT UA Eng2","448.57500","443.57500","D-Digital","High","12.5K","Off","Off","UA English 2-123","Group Call","123","KC1JMH / Brad Brown","Always","Carrier","Off","1","1","1","Off","5","1","None","None","Off","Off","Off","Off","Normal Encryption","Off","Off","Off","Off","251.1","1","Off","On","Off","Off","Off","Off","1","0","Off","0","2","0","0","0","0","0","0","0","0","0","5"
"1566","BURKEVT VT SW","448.57500","443.57500","D-Digital","High","12.5K","Off","Off","VT Statewide","Group Call","3150","KC1JMH / Brad Brown","Always","Carrier","Off","1","1","1","Off","5","2","None","None","Off","Off","Off","Off","Normal Encryption","Off","Off","Off","Off","251.1","1","Off","On","Off","Off","Off","Off","1","0","Off","0","2","0","0","0","0","0","0","0","0","0","5"
"1567","BURKEVT WW","448.57500","443.57500","D-Digital","High","12.5K","Off","Off","WW Call","Group Call","1","KC1JMH / Brad Brown","Always","Carrier","Off","1","1","1","Off","5","1","None","None","Off","Off","Off","Off","Normal Encryption","Off","Off","Off","Off","251.1","1","Off","On","Off","Off","Off","Off","1","0","Off","0","2","0","0","0","0","0","0","0","0","0","5"
"1568","BURKEVT WW Eng","448.57500","443.57500","D-Digital","High","12.5K","Off","Off","WW English","Group Call","13","KC1JMH / Brad Brown","Always","Carrier","Off","1","1","1","Off","5","1","None","None","Off","Off","Off","Off","Normal Encryption","Off","Off","Off","Off","251.1","1","Off","On","Off","Off","Off","Off","1","0","Off","0","2","0","0","0","0","0","0","0","0","0","5"
"1569","CORVT Local","443.90000","448.90000","D-Digital","High","12.5K","Off","Off","Local","Group Call","9","KC1JMH / Brad Brown","Always","Carrier","Off","1","1","1","Off","8","2","None","None","Off","Off","Off","Off","Normal Encryption","Off","Off","Off","Off","251.1","1","Off","On","Off","Off","Off","Off","1","0","Off","0","2","0","0","0","0","0","0","0","0","0","8"
"1570","CORVT MA SW","443.90000","448.90000","D-Digital","High","12.5K","Off","Off","MA Statewide","Group Call","3125","KC1JMH / Brad Brown","Always","Carrier","Off","1","1","1","Off","8","1","None","None","Off","Off","Off","Off","Normal Encryption","Off","Off","Off","Off","251.1","1","Off","On","Off","Off","Off","Off","1","0","Off","0","2","0","0","0","0","0","0","0","0","0","8"
"1571","CORVT NE Wide","443.90000","448.90000","D-Digital","High","12.5K","Off","Off","New England-Wide","Group Call","3181","KC1JMH / Brad Brown","Always","Carrier","Off","1","1","1","Off","8","2","None","None","Off","Off","Off","Off","Normal Encryption","Off","Off","Off","Off","251.1","1","Off","On","Off","Off","Off","Off","1","0","Off","0","2","0","0","0","0","0","0","0","0","0","8"
"1572","CORVT NETAC1","443.90000","448.90000","D-Digital","High","12.5K","Off","Off","NETAC1","Group Call","8801","KC1JMH / Brad Brown","Always","Carrier","Off","1","1","1","Off","8","1","None","None","Off","Off","Off","Off","Normal Encryption","Off","Off","Off","Off","251.1","1","Off","On","Off","Off","Off","Off","1","0","Off","0","2","0","0","0","0","0","0","0","0","0","8"
"1573","CORVT NETAC2","443.90000","448.90000","D-Digital","High","12.5K","Off","Off","NETAC2","Group Call","8802","KC1JMH / Brad Brown","Always","Carrier","Off","1","1","1","Off","8","2","None","None","Off","Off","Off","Off","Normal Encryption","Off","Off","Off","Off","251.1","1","Off","On","Off","Off","Off","Off","1","0","Off","0","2","0","0","0","0","0","0","0","0","0","8"
"1574","CORVT NH SW","443.90000","448.90000","D-Digital","High","12.5K","Off","Off","NH Statewide","Group Call","3133","KC1JMH / Brad Brown","Always","Carrier","Off","1","1","1","Off","8","1","None","None","Off","Off","Off","Off","Normal Encryption","Off","Off","Off","Off","251.1","1","Off","On","Off","Off","Off","Off","1","0","Off","0","2","0","0","0","0","0","0","0","0","0","8"
"1575","CORVT North Am","443.90000","448.90000","D-Digital","High","12.5K","Off","Off","North America","Group Call","3","KC1JMH / Brad Brown","Always","Carrier","Off","1","1","1","Off","8","1","None","None","Off","Off","Off","Off","Normal Encryption","Off","Off","Off","Off","251.1","1","Off","On","Off","Off","Off","Off","1","0","Off","0","2","0","0","0","0","0","0","0","0","0","8"
"1576","CORVT Northeast","443.90000","448.90000","D-Digital","High","12.5K","Off","Off","Northeast","Group Call","3172","KC1JMH / Brad Brown","Always","Carrier","Off","1","1","1","Off","8","1","None","None","Off","Off","Off","Off","Normal Encryption","Off","Off","Off","Off","251.1","1","Off","On","Off","Off","Off","Off","1","0","Off","0","2","0","0","0","0","0","0","0","0","0","8"
"1577","CORVT Parrot","443.90000","448.90000","D-Digital","High","12.5K","Off","Off","Parrot","Group Call","9998","KC1JMH / Brad Brown","Always","Carrier","Off","1","1","1","Off","8","1","None","None","Off","Off","Off","Off","Normal Encryption","Off","Off","Off","Off","251.1","1","Off","On","Off","Off","Off","Off","1","0","Off","0","2","0","0","0","0","0","0","0","0","0","8"
"1578","CORVT Reg North","443.90000","448.90000","D-Digital","High","12.5K","Off","Off","Region North","Group Call","8","KC1JMH / Brad Brown","Always","Carrier","Off","1","1","1","Off","8","2","None","None","Off","Off","Off","Off","Normal Encryption","Off","Off","Off","Off","251.1","1","Off","On","Off","Off","Off","Off","1","0","Off","0","2","0","0","0","0","0","0","0","0","0","8"
"1579","CORVT SKYWARN","443.90000","448.90000","D-Digital","High","12.5K","Off","Off","SKYWARN","Group Call","759","KC1JMH / Brad Brown","Always","Carrier","Off","1","1","1","Off","8","1","None","None","Off","Off","Off","Off","Normal Encryption","Off","Off","Off","Off","251.1","1","Off","On","Off","Off","Off","Off","1","0","Off","0","2","0","0","0","0","0","0","0","0","0","8"
"1580","CORVT TAC310","443.90000","448.90000","D-Digital","High","12.5K","Off","Off","TAC310","Group Call","310","KC1JMH / Brad Brown","Always","Carrier","Off","1","1","1","Off","8","1","None","None","Off","Off","Off","Off","Normal Encryption","Off","Off","Off","Off","251.1","1","Off","On","Off","Off","Off","Off","1","0","Off","0","2","0","0","0","0","0","0","0","0","0","8"
"1581","CORVT TAC311","443.90000","448.90000","D-Digital","High","12.5K","Off","Off","TAC311","Group Call","311","KC1JMH / Brad Brown","Always","Carrier","Off","1","1","1","Off","8","1","None","None","Off","Off","Off","Off","Normal Encryption","Off","Off","Off","Off","251.1","1","Off","On","Off","Off","Off","Off","1","0","Off","0","2","0","0","0","0","0","0","0","0","0","8"
"1582","CORVT UA Eng1","443.90000","448.90000","D-Digital","High","12.5K","Off","Off","UA English 1-113","Group Call","113","KC1JMH / Brad Brown","Always","Carrier","Off","1","1","1","Off","8","1","None","None","Off","Off","Off","Off","Normal Encryption","Off","Off","Off","Off","251.1","1","Off","On","Off","Off","Off","Off","1","0","Off","0","2","0","0","0","0","0","0","0","0","0","8"
"1583","CORVT UA Eng2","443.90000","448.90000","D-Digital","High","12.5K","Off","Off","UA English 2-123","Group Call","123","KC1JMH / Brad Brown","Always","Carrier","Off","1","1","1","Off","8","1","None","None","Off","Off","Off","Off","Normal Encryption","Off","Off","Off","Off","251.1","1","Off","On","Off","Off","Off","Off","1","0","Off","0","2","0","0","0","0","0","0","0","0","0","8"
"1584","CORVT VT SW","443.90000","448.90000","D-Digital","High","12.5K","Off","Off","VT Statewide","Group Call","3150","KC1JMH / Brad Brown","Always","Carrier","Off","1","1","1","Off","8","2","None","None","Off","Off","Off","Off","Normal Encryption","Off","Off","Off","Off","251.1","1","Off","On","Off","Off","Off","Off","1","0","Off","0","2","0","0","0","0","0","0","0","0","0","8"
"1585","CORVT WW","443.90000","448.90000","D-Digital","High","12.5K","Off","Off","WW Call","Group Call","1","KC1JMH / Brad Brown","Always","Carrier","Off","1","1","1","Off","8","1","None","None","Off","Off","Off","Off","Normal Encryption","Off","Off","Off","Off","251.1","1","Off","On","Off","Off","Off","Off","1","0","Off","0","2","0","0","0","0","0","0","0","0","0","8"
"1586","CORVT WW Eng","443.90000","448.90000","D-Digital","High","12.5K","Off","Off","WW English","Group Call","13","KC1JMH / Brad Brown","Always","Carrier","Off","1","1","1","Off","8","1","None","None","Off","Off","Off","Off","Normal Encryption","Off","Off","Off","Off","251.1","1","Off","On","Off","Off","Off","Off","1","0","Off","0","2","0","0","0","0","0","0","0","0","0","8"
"1587","EQXVT Local","441.35000","446.35000","D-Digital","High","12.5K","Off","Off","Local","Group Call","9","KC1JMH / Brad Brown","Always","Carrier","Off","1","1","1","Off","7","2","None","None","Off","Off","Off","Off","Normal Encryption","Off","Off","Off","Off","251.1","1","Off","On","Off","Off","Off","Off","1","0","Off","0","2","0","0","0","0","0","0","0","0","0","7"
"1588","EQXVT MA SW","441.35000","446.35000","D-Digital","High","12.5K","Off","Off","MA Statewide","Group Call","3125","KC1JMH / Brad Brown","Always","Carrier","Off","1","1","1","Off","7","1","None","None","Off","Off","Off","Off","Normal Encryption","Off","Off","Off","Off","251.1","1","Off","On","Off","Off","Off","Off","1","0","Off","0","2","0","0","0","0","0","0","0","0","0","7"
"1589","EQXVT NE Wide","441.35000","446.35000","D-Digital","High","12.5K","Off","Off","New England-Wide","Group Call","3181","KC1JMH / Brad Brown","Always","Carrier","Off","1","1","1","Off","7","2","None","None","Off","Off","Off","Off","Normal Encryption","Off","Off","Off","Off","251.1","1","Off","On","Off","Off","Off","Off","1","0","Off","0","2","0","0","0","0","0","0","0","0","0","7"
"1590","EQXVT NETAC1","441.35000","446.35000","D-Digital","High","12.5K","Off","Off","NETAC1","Group Call","8801","KC1JMH / Brad Brown","Always","Carrier","Off","1","1","1","Off","7","1","None","None","Off","Off","Off","Off","Normal Encryption","Off","Off","Off","Off","251.1","1","Off","On","Off","Off","Off","Off","1","0","Off","0","2","0","0","0","0","0","0","0","0","0","7"
"1591","EQXVT NETAC2","441.35000","446.35000","D-Digital","High","12.5K","Off","Off","NETAC2","Group Call","8802","KC1JMH / Brad Brown","Always","Carrier","Off","1","1","1","Off","7","2","None","None","Off","Off","Off","Off","Normal Encryption","Off","Off","Off","Off","251.1","1","Off","On","Off","Off","Off","Off","1","0","Off","0","2","0","0","0","0","0","0","0","0","0","7"
"1592","EQXVT North Am","441.35000","446.35000","D-Digital","High","12.5K","Off","Off","North America","Group Call","3","KC1JMH / Brad Brown","Always","Carrier","Off","1","1","1","Off","7","1","None","None","Off","Off","Off","Off","Normal Encryption","Off","Off","Off","Off","251.1","1","Off","On","Off","Off","Off","Off","1","0","Off","0","2","0","0","0","0","0","0","0","0","0","7"
"1593","EQXVT Northeast","441.35000","446.35000","D-Digital","High","12.5K","Off","Off","Northeast","Group Call","3172","KC1JMH / Brad Brown","Always","Carrier","Off","1","1","1","Off","7","1","None","None","Off","Off","Off","Off","Normal Encryption","Off","Off","Off","Off","251.1","1","Off","On","Off","Off","Off","Off","1","0","Off","0","2","0","0","0","0","0","0","0","0","0","7"
"1594","EQXVT Parrot","441.35000","446.35000","D-Digital","High","12.5K","Off","Off","Parrot","Group Call","9998","KC1JMH / Brad Brown","Always","Carrier","Off","1","1","1","Off","7","1","None","None","Off","Off","Off","Off","Normal Encryption","Off","Off","Off","Off","251.1","1","Off","On","Off","Off","Off","Off","1","0","Off","0","2","0","0","0","0","0","0","0","0","0","7"
"1595","EQXVT Reg North","441.35000","446.35000","D-Digital","High","12.5K","Off","Off","Region North","Group Call","8","KC1JMH / Brad Brown","Always","Carrier","Off","1","1","1","Off","7","2","None","None","Off","Off","Off","Off","Normal Encryption","Off","Off","Off","Off","251.1","1","Off","On","Off","Off","Off","Off","1","0","Off","0","2","0","0","0","0","0","0","0","0","0","7"
"1596","EQXVT SKYWARN","441.35000","446.35000","D-Digital","High","12.5K","Off","Off","SKYWARN","Group Call","759","KC1JMH / Brad Brown","Always","Carrier","Off","1","1","1","Off","7","1","None","None","Off","Off","Off","Off","Normal Encryption","Off","Off","Off","Off","251.1","1","Off","On","Off","Off","Off","Off","1","0","Off","0","2","0","0","0","0","0","0","0","0","0","7"
"1597","EQXVT TAC310","441.35000","446.35000","D-Digital","High","12.5K","Off","Off","TAC310","Group Call","310","KC1JMH / Brad Brown","Always","Carrier","Off","1","1","1","Off","7","1","None","None","Off","Off","Off","Off","Normal Encryption","Off","Off","Off","Off","251.1","1","Off","On","Off","Off","Off","Off","1","0","Off","0","2","0","0","0","0","0","0","0","0","0","7"
"1598","EQXVT TAC311","441.35000","446.35000","D-Digital","High","12.5K","Off","Off","TAC311","Group Call","311","KC1JMH / Brad Brown","Always","Carrier","Off","1","1","1","Off","7","1","None","None","Off","Off","Off","Off","Normal Encryption","Off","Off","Off","Off","251.1","1","Off","On","Off","Off","Off","Off","1","0","Off","0","2","0","0","0","0","0","0","0","0","0","7"
"1599","EQXVT UA Eng1","441.35000","446.35000","D-Digital","High","12.5K","Off","Off","UA English 1-113","Group Call","113","KC1JMH / Brad Brown","Always","Carrier","Off","1","1","1","Off","7","1","None","None","Off","Off","Off","Off","Normal Encryption","Off","Off","Off","Off","251.1","1","Off","On","Off","Off","Off","Off","1","0","Off","0","2","0","0","0","0","0","0","0","0","0","7"
"1600","EQXVT UA Eng2","441.35000","446.35000","D-Digital","High","12.5K","Off","Off","UA English 2-123","Group Call","123","KC1JMH / Brad Brown","Always","Carrier","Off","1","1","1","Off","7","1","None","None","Off","Off","Off","Off","Normal Encryption","Off","Off","Off","Off","251.1","1","Off","On","Off","Off","Off","Off","1","0","Off","0","2","0","0","0","0","0","0","0","0","0","7"
"1601","EQXVT VT SW","441.35000","446.35000","D-Digital","High","12.5K","Off","Off","VT Statewide","Group Call","3150","KC1JMH / Brad Brown","Always","Carrier","Off","1","1","1","Off","7","2","None","None","Off","Off","Off","Off","Normal Encryption","Off","Off","Off","Off","251.1","1","Off","On","Off","Off","Off","Off","1","0","Off","0","2","0","0","0","0","0","0","0","0","0","7"
"1602","EQXVT WW","441.35000","446.35000","D-Digital","High","12.5K","Off","Off","WW Call","Group Call","1","KC1JMH / Brad Brown","Always","Carrier","Off","1","1","1","Off","7","1","None","None","Off","Off","Off","Off","Normal Encryption","Off","Off","Off","Off","251.1","1","Off","On","Off","Off","Off","Off","1","0","Off","0","2","0","0","0","0","0","0","0","0","0","7"
"1603","EQXVT WW Eng","441.35000","446.35000","D-Digital","High","12.5K","Off","Off","WW English","Group Call","13","KC1JMH / Brad Brown","Always","Carrier","Off","1","1","1","Off","7","1","None","None","Off","Off","Off","Off","Normal Encryption","Off","Off","Off","Off","251.1","1","Off","On","Off","Off","Off","Off","1","0","Off","0","2","0","0","0","0","0","0","0","0","0","7"
"1604","JAYVT Local","446.37500","441.37500","D-Digital","High","12.5K","Off","Off","Local","Group Call","9","KC1JMH / Brad Brown","Always","Carrier","Off","1","1","1","Off","7","2","None","None","Off","Off","Off","Off","Normal Encryption","Off","Off","Off","Off","251.1","1","Off","On","Off","Off","Off","Off","1","0","Off","0","2","0","0","0","0","0","0","0","0","0","7"
"1605","JAYVT NE Wide","446.37500","441.37500","D-Digital","High","12.5K","Off","Off","New England-Wide","Group Call","3181","KC1JMH / Brad Brown","Always","Carrier","Off","1","1","1","Off","7","2","None","None","Off","Off","Off","Off","Normal Encryption","Off","Off","Off","Off","251.1","1","Off","On","Off","Off","Off","Off","1","0","Off","0","2","0","0","0","0","0","0","0","0","0","7"
"1606","JAYVT NETAC1","446.37500","441.37500","D-Digital","High","12.5K","Off","Off","NETAC1","Group Call","8801","KC1JMH / Brad Brown","Always","Carrier","Off","1","1","1","Off","7","1","None","None","Off","Off","Off","Off","Normal Encryption","Off","Off","Off","Off","251.1","1","Off","On","Off","Off","Off","Off","1","0","Off","0","2","0","0","0","0","0","0","0","0","0","7"
"1607","JAYVT NETAC2","446.37500","441.37500","D-Digital","High","12.5K","Off","Off","NETAC2","Group Call","8802","KC1JMH / Brad Brown","Always","Carrier","Off","1","1","1","Off","7","2","None","None","Off","Off","Off","Off","Normal Encryption","Off","Off","Off","Off","251.1","1","Off","On","Off","Off","Off","Off","1","0","Off","0","2","0","0","0","0","0","0","0","0","0","7"
"1608","JAYVT NH SW","446.37500","441.37500","D-Digital","High","12.5K","Off","Off","NH Statewide","Group Call","3133","KC1JMH / Brad Brown","Always","Carrier","Off","1","1","1","Off","7","1","None","None","Off","Off","Off","Off","Normal Encryption","Off","Off","Off","Off","251.1","1","Off","On","Off","Off","Off","Off","1","0","Off","0","2","0","0","0","0","0","0","0","0","0","7"
"1609","JAYVT North Am","446.37500","441.37500","D-Digital","High","12.5K","Off","Off","North America","Group Call","3","KC1JMH / Brad Brown","Always","Carrier","Off","1","1","1","Off","7","1","None","None","Off","Off","Off","Off","Normal Encryption","Off","Off","Off","Off","251.1","1","Off","On","Off","Off","Off","Off","1","0","Off","0","2","0","0","0","0","0","0","0","0","0","7"
"1610","JAYVT Northeast","446.37500","441.37500","D-Digital","High","12.5K","Off","Off","Northeast","Group Call","3172","KC1JMH / Brad Brown","Always","Carrier","Off","1","1","1","Off","7","1","None","None","Off","Off","Off","Off","Normal Encryption","Off","Off","Off","Off","251.1","1","Off","On","Off","Off","Off","Off","1","0","Off","0","2","0","0","0","0","0","0","0","0","0","7"
"1611","JAYVT Parrot","446.37500","441.37500","D-Digital","High","12.5K","Off","Off","Parrot","Group Call","9998","KC1JMH / Brad Brown","Always","Carrier","Off","1","1","1","Off","7","1","None","None","Off","Off","Off","Off","Normal Encryption","Off","Off","Off","Off","251.1","1","Off","On","Off","Off","Off","Off","1","0","Off","0","2","0","0","0","0","0","0","0","0","0","7"
"1612","JAYVT Reg North","446.37500","441.37500","D-Digital","High","12.5K","Off","Off","Region North","Group Call","8","KC1JMH / Brad Brown","Always","Carrier","Off","1","1","1","Off","7","2","None","None","Off","Off","Off","Off","Normal Encryption","Off","Off","Off","Off","251.1","1","Off","On","Off","Off","Off","Off","1","0","Off","0","2","0","0","0","0","0","0","0","0","0","7"
"1613","JAYVT SKYWARN","446.37500","441.37500","D-Digital","High","12.5K","Off","Off","SKYWARN","Group Call","759","KC1JMH / Brad Brown","Always","Carrier","Off","1","1","1","Off","7","1","None","None","Off","Off","Off","Off","Normal Encryption","Off","Off","Off","Off","251.1","1","Off","On","Off","Off","Off","Off","1","0","Off","0","2","0","0","0","0","0","0","0","0","0","7"
"1614","JAYVT TAC310","446.37500","441.37500","D-Digital","High","12.5K","Off","Off","TAC310","Group Call","310","KC1JMH / Brad Brown","Always","Carrier","Off","1","1","1","Off","7","1","None","None","Off","Off","Off","Off","Normal Encryption","Off","Off","Off","Off","251.1","1","Off","On","Off","Off","Off","Off","1","0","Off","0","2","0","0","0","0","0","0","0","0","0","7"
"1615","JAYVT TAC311","446.37500","441.37500","D-Digital","High","12.5K","Off","Off","TAC311","Group Call","311","KC1JMH / Brad Brown","Always","Carrier","Off","1","1","1","Off","7","1","None","None","Off","Off","Off","Off","Normal Encryption","Off","Off","Off","Off","251.1","1","Off","On","Off","Off","Off","Off","1","0","Off","0","2","0","0","0","0","0","0","0","0","0","7"
"1616","JAYVT UA Eng1","446.37500","441.37500","D-Digital","High","12.5K","Off","Off","UA English 1-113","Group Call","113","KC1JMH / Brad Brown","Always","Carrier","Off","1","1","1","Off","7","1","None","None","Off","Off","Off","Off","Normal Encryption","Off","Off","Off","Off","251.1","1","Off","On","Off","Off","Off","Off","1","0","Off","0","2","0","0","0","0","0","0","0","0","0","7"
"1617","JAYVT UA Eng2","446.37500","441.37500","D-Digital","High","12.5K","Off","Off","UA English 2-123","Group Call","123","KC1JMH / Brad Brown","Always","Carrier","Off","1","1","1","Off","7","1","None","None","Off","Off","Off","Off","Normal Encryption","Off","Off","Off","Off","251.1","1","Off","On","Off","Off","Off","Off","1","0","Off","0","2","0","0","0","0","0","0","0","0","0","7"
"1618","JAYVT VT SW","446.37500","441.37500","D-Digital","High","12.5K","Off","Off","VT Statewide","Group Call","3150","KC1JMH / Brad Brown","Always","Carrier","Off","1","1","1","Off","7","2","None","None","Off","Off","Off","Off","Normal Encryption","Off","Off","Off","Off","251.1","1","Off","On","Off","Off","Off","Off","1","0","Off","0","2","0","0","0","0","0","0","0","0","0","7"
"1619","JAYVT WW","446.37500","441.37500","D-Digital","High","12.5K","Off","Off","WW Call","Group Call","1","KC1JMH / Brad Brown","Always","Carrier","Off","1","1","1","Off","7","1","None","None","Off","Off","Off","Off","Normal Encryption","Off","Off","Off","Off","251.1","1","Off","On","Off","Off","Off","Off","1","0","Off","0","2","0","0","0","0","0","0","0","0","0","7"
"1620","JAYVT WW Eng","446.37500","441.37500","D-Digital","High","12.5K","Off","Off","WW English","Group Call","13","KC1JMH / Brad Brown","Always","Carrier","Off","1","1","1","Off","7","1","None","None","Off","Off","Off","Off","Normal Encryption","Off","Off","Off","Off","251.1","1","Off","On","Off","Off","Off","Off","1","0","Off","0","2","0","0","0","0","0","0","0","0","0","7"
"1621","LYNVT Local","448.57500","443.57500","D-Digital","High","12.5K","Off","Off","Local","Group Call","9","KC1JMH / Brad Brown","Always","Carrier","Off","1","1","1","Off","5","2","None","None","Off","Off","Off","Off","Normal Encryption","Off","Off","Off","Off","251.1","1","Off","On","Off","Off","Off","Off","1","0","Off","0","2","0","0","0","0","0","0","0","0","0","5"
"1622","LYNVT MA SW","448.57500","443.57500","D-Digital","High","12.5K","Off","Off","MA Statewide","Group Call","3125","KC1JMH / Brad Brown","Always","Carrier","Off","1","1","1","Off","5","1","None","None","Off","Off","Off","Off","Normal Encryption","Off","Off","Off","Off","251.1","1","Off","On","Off","Off","Off","Off","1","0","Off","0","2","0","0","0","0","0","0","0","0","0","5"
"1623","LYNVT NE Wide","448.57500","443.57500","D-Digital","High","12.5K","Off","Off","New England-Wide","Group Call","3181","KC1JMH / Brad Brown","Always","Carrier","Off","1","1","1","Off","5","2","None","None","Off","Off","Off","Off","Normal Encryption","Off","Off","Off","Off","251.1","1","Off","On","Off","Off","Off","Off","1","0","Off","0","2","0","0","0","0","0","0","0","0","0","5"
"1624","LYNVT NETAC1","448.57500","443.57500","D-Digital","High","12.5K","Off","Off","NETAC1","Group Call","8801","KC1JMH / Brad Brown","Always","Carrier","Off","1","1","1","Off","5","1","None","None","Off","Off","Off","Off","Normal Encryption","Off","Off","Off","Off","251.1","1","Off","On","Off","Off","Off","Off","1","0","Off","0","2","0","0","0","0","0","0","0","0","0","5"
"1625","LYNVT NETAC2","448.57500","443.57500","D-Digital","High","12.5K","Off","Off","NETAC2","Group Call","8802","KC1JMH / Brad Brown","Always","Carrier","Off","1","1","1","Off","5","2","None","None","Off","Off","Off","Off","Normal Encryption","Off","Off","Off","Off","251.1","1","Off","On","Off","Off","Off","Off","1","0","Off","0","2","0","0","0","0","0","0","0","0","0","5"
"1626","LYNVT NH SW","448.57500","443.57500","D-Digital","High","12.5K","Off","Off","NH Statewide","Group Call","3133","KC1JMH / Brad Brown","Always","Carrier","Off","1","1","1","Off","5","1","None","None","Off","Off","Off","Off","Normal Encryption","Off","Off","Off","Off","251.1","1","Off","On","Off","Off","Off","Off","1","0","Off","0","2","0","0","0","0","0","0","0","0","0","5"
"1627","LYNVT North Am","448.57500","443.57500","D-Digital","High","12.5K","Off","Off","North America","Group Call","3","KC1JMH / Brad Brown","Always","Carrier","Off","1","1","1","Off","5","1","None","None","Off","Off","Off","Off","Normal Encryption","Off","Off","Off","Off","251.1","1","Off","On","Off","Off","Off","Off","1","0","Off","0","2","0","0","0","0","0","0","0","0","0","5"
"1628","LYNVT Northeast","448.57500","443.57500","D-Digital","High","12.5K","Off","Off","Northeast","Group Call","3172","KC1JMH / Brad Brown","Always","Carrier","Off","1","1","1","Off","5","1","None","None","Off","Off","Off","Off","Normal Encryption","Off","Off","Off","Off","251.1","1","Off","On","Off","Off","Off","Off","1","0","Off","0","2","0","0","0","0","0","0","0","0","0","5"
"1629","LYNVT Parrot","448.57500","443.57500","D-Digital","High","12.5K","Off","Off","Parrot","Group Call","9998","KC1JMH / Brad Brown","Always","Carrier","Off","1","1","1","Off","5","1","None","None","Off","Off","Off","Off","Normal Encryption","Off","Off","Off","Off","251.1","1","Off","On","Off","Off","Off","Off","1","0","Off","0","2","0","0","0","0","0","0","0","0","0","5"
"1630","LYNVT Reg North","448.57500","443.57500","D-Digital","High","12.5K","Off","Off","Region North","Group Call","8","KC1JMH / Brad Brown","Always","Carrier","Off","1","1","1","Off","5","2","None","None","Off","Off","Off","Off","Normal Encryption","Off","Off","Off","Off","251.1","1","Off","On","Off","Off","Off","Off","1","0","Off","0","2","0","0","0","0","0","0","0","0","0","5"
"1631","LYNVT SKYWARN","448.57500","443.57500","D-Digital","High","12.5K","Off","Off","SKYWARN","Group Call","759","KC1JMH / Brad Brown","Always","Carrier","Off","1","1","1","Off","5","1","None","None","Off","Off","Off","Off","Normal Encryption","Off","Off","Off","Off","251.1","1","Off","On","Off","Off","Off","Off","1","0","Off","0","2","0","0","0","0","0","0","0","0","0","5"
"1632","LYNVT TAC310","448.57500","443.57500","D-Digital","High","12.5K","Off","Off","TAC310","Group Call","310","KC1JMH / Brad Brown","Always","Carrier","Off","1","1","1","Off","5","1","None","None","Off","Off","Off","Off","Normal Encryption","Off","Off","Off","Off","251.1","1","Off","On","Off","Off","Off","Off","1","0","Off","0","2","0","0","0","0","0","0","0","0","0","5"
"1633","LYNVT TAC311","448.57500","443.57500","D-Digital","High","12.5K","Off","Off","TAC311","Group Call","311","KC1JMH / Brad Brown","Always","Carrier","Off","1","1","1","Off","5","1","None","None","Off","Off","Off","Off","Normal Encryption","Off","Off","Off","Off","251.1","1","Off","On","Off","Off","Off","Off","1","0","Off","0","2","0","0","0","0","0","0","0","0","0","5"
"1634","LYNVT UA Eng1","448.57500","443.57500","D-Digital","High","12.5K","Off","Off","UA English 1-113","Group Call","113","KC1JMH / Brad Brown","Always","Carrier","Off","1","1","1","Off","5","1","None","None","Off","Off","Off","Off","Normal Encryption","Off","Off","Off","Off","251.1","1","Off","On","Off","Off","Off","Off","1","0","Off","0","2","0","0","0","0","0","0","0","0","0","5"
"1635","LYNVT UA Eng2","448.57500","443.57500","D-Digital","High","12.5K","Off","Off","UA English 2-123","Group Call","123","KC1JMH / Brad Brown","Always","Carrier","Off","1","1","1","Off","5","1","None","None","Off","Off","Off","Off","Normal Encryption","Off","Off","Off","Off","251.1","1","Off","On","Off","Off","Off","Off","1","0","Off","0","2","0","0","0","0","0","0","0","0","0","5"
"1636","LYNVT VT SW","448.57500","443.57500","D-Digital","High","12.5K","Off","Off","VT Statewide","Group Call","3150","KC1JMH / Brad Brown","Always","Carrier","Off","1","1","1","Off","5","2","None","None","Off","Off","Off","Off","Normal Encryption","Off","Off","Off","Off","251.1","1","Off","On","Off","Off","Off","Off","1","0","Off","0","2","0","0","0","0","0","0","0","0","0","5"
"1637","LYNVT WW","448.57500","443.57500","D-Digital","High","12.5K","Off","Off","WW Call","Group Call","1","KC1JMH / Brad Brown","Always","Carrier","Off","1","1","1","Off","5","1","None","None","Off","Off","Off","Off","Normal Encryption","Off","Off","Off","Off","251.1","1","Off","On","Off","Off","Off","Off","1","0","Off","0","2","0","0","0","0","0","0","0","0","0","5"
"1638","LYNVT WW Eng","448.57500","443.57500","D-Digital","High","12.5K","Off","Off","WW English","Group Call","13","KC1JMH / Brad Brown","Always","Carrier","Off","1","1","1","Off","5","1","None","None","Off","Off","Off","Off","Normal Encryption","Off","Off","Off","Off","251.1","1","Off","On","Off","Off","Off","Off","1","0","Off","0","2","0","0","0","0","0","0","0","0","0","5"
"1639","MNKVT Local","443.75000","448.75000","D-Digital","High","12.5K","Off","Off","Local","Group Call","9","KC1JMH / Brad Brown","Always","Carrier","Off","1","1","1","Off","7","2","None","None","Off","Off","Off","Off","Normal Encryption","Off","Off","Off","Off","251.1","1","Off","On","Off","Off","Off","Off","1","0","Off","0","2","0","0","0","0","0","0","0","0","0","7"
"1640","MNKVT MA SW","443.75000","448.75000","D-Digital","High","12.5K","Off","Off","MA Statewide","Group Call","3125","KC1JMH / Brad Brown","Always","Carrier","Off","1","1","1","Off","7","1","None","None","Off","Off","Off","Off","Normal Encryption","Off","Off","Off","Off","251.1","1","Off","On","Off","Off","Off","Off","1","0","Off","0","2","0","0","0","0","0","0","0","0","0","7"
"1641","MNKVT NE Wide","443.75000","448.75000","D-Digital","High","12.5K","Off","Off","New England-Wide","Group Call","3181","KC1JMH / Brad Brown","Always","Carrier","Off","1","1","1","Off","7","2","None","None","Off","Off","Off","Off","Normal Encryption","Off","Off","Off","Off","251.1","1","Off","On","Off","Off","Off","Off","1","0","Off","0","2","0","0","0","0","0","0","0","0","0","7"
"1642","MNKVT NETAC1","443.75000","448.75000","D-Digital","High","12.5K","Off","Off","NETAC1","Group Call","8801","KC1JMH / Brad Brown","Always","Carrier","Off","1","1","1","Off","7","1","None","None","Off","Off","Off","Off","Normal Encryption","Off","Off","Off","Off","251.1","1","Off","On","Off","Off","Off","Off","1","0","Off","0","2","0","0","0","0","0","0","0","0","0","7"
"1643","MNKVT NETAC2","443.75000","448.75000","D-Digital","High","12.5K","Off","Off","NETAC2","Group Call","8802","KC1JMH / Brad Brown","Always","Carrier","Off","1","1","1","Off","7","2","None","None","Off","Off","Off","Off","Normal Encryption","Off","Off","Off","Off","251.1","1","Off","On","Off","Off","Off","Off","1","0","Off","0","2","0","0","0","0","0","0","0","0","0","7"
"1644","MNKVT NH SW","443.75000","448.75000","D-Digital","High","12.5K","Off","Off","NH Statewide","Group Call","3133","KC1JMH / Brad Brown","Always","Carrier","Off","1","1","1","Off","7","1","None","None","Off","Off","Off","Off","Normal Encryption","Off","Off","Off","Off","251.1","1","Off","On","Off","Off","Off","Off","1","0","Off","0","2","0","0","0","0","0","0","0","0","0","7"
"1645","MNKVT North Am","443.75000","448.75000","D-Digital","High","12.5K","Off","Off","North America","Group Call","3","KC1JMH / Brad Brown","Always","Carrier","Off","1","1","1","Off","7","1","None","None","Off","Off","Off","Off","Normal Encryption","Off","Off","Off","Off","251.1","1","Off","On","Off","Off","Off","Off","1","0","Off","0","2","0","0","0","0","0","0","0","0","0","7"
"1646","MNKVT Northeast","443.75000","448.75000","D-Digital","High","12.5K","Off","Off","Northeast","Group Call","3172","KC1JMH / Brad Brown","Always","Carrier","Off","1","1","1","Off","7","1","None","None","Off","Off","Off","Off","Normal Encryption","Off","Off","Off","Off","251.1","1","Off","On","Off","Off","Off","Off","1","0","Off","0","2","0","0","0","0","0","0","0","0","0","7"
"1647","MNKVT Parrot","443.75000","448.75000","D-Digital","High","12.5K","Off","Off","Parrot","Group Call","9998","KC1JMH / Brad Brown","Always","Carrier","Off","1","1","1","Off","7","1","None","None","Off","Off","Off","Off","Normal Encryption","Off","Off","Off","Off","251.1","1","Off","On","Off","Off","Off","Off","1","0","Off","0","2","0","0","0","0","0","0","0","0","0","7"
"1648","MNKVT Reg North","443.75000","448.75000","D-Digital","High","12.5K","Off","Off","Region North","Group Call","8","KC1JMH / Brad Brown","Always","Carrier","Off","1","1","1","Off","7","2","None","None","Off","Off","Off","Off","Normal Encryption","Off","Off","Off","Off","251.1","1","Off","On","Off","Off","Off","Off","1","0","Off","0","2","0","0","0","0","0","0","0","0","0","7"
"1649","MNKVT SKYWARN","443.75000","448.75000","D-Digital","High","12.5K","Off","Off","SKYWARN","Group Call","759","KC1JMH / Brad Brown","Always","Carrier","Off","1","1","1","Off","7","1","None","None","Off","Off","Off","Off","Normal Encryption","Off","Off","Off","Off","251.1","1","Off","On","Off","Off","Off","Off","1","0","Off","0","2","0","0","0","0","0","0","0","0","0","7"
"1650","MNKVT TAC310","443.75000","448.75000","D-Digital","High","12.5K","Off","Off","TAC310","Group Call","310","KC1JMH / Brad Brown","Always","Carrier","Off","1","1","1","Off","7","1","None","None","Off","Off","Off","Off","Normal Encryption","Off","Off","Off","Off","251.1","1","Off","On","Off","Off","Off","Off","1","0","Off","0","2","0","0","0","0","0","0","0","0","0","7"
"1651","MNKVT TAC311","443.75000","448.75000","D-Digital","High","12.5K","Off","Off","TAC311","Group Call","311","KC1JMH / Brad Brown","Always","Carrier","Off","1","1","1","Off","7","1","None","None","Off","Off","Off","Off","Normal Encryption","Off","Off","Off","Off","251.1","1","Off","On","Off","Off","Off","Off","1","0","Off","0","2","0","0","0","0","0","0","0","0","0","7"
"1652","MNKVT UA Eng1","443.75000","448.75000","D-Digital","High","12.5K","Off","Off","UA English 1-113","Group Call","113","KC1JMH / Brad Brown","Always","Carrier","Off","1","1","1","Off","7","1","None","None","Off","Off","Off","Off","Normal Encryption","Off","Off","Off","Off","251.1","1","Off","On","Off","Off","Off","Off","1","0","Off","0","2","0","0","0","0","0","0","0","0","0","7"
"1653","MNKVT UA Eng2","443.75000","448.75000","D-Digital","High","12.5K","Off","Off","UA English 2-123","Group Call","123","KC1JMH / Brad Brown","Always","Carrier","Off","1","1","1","Off","7","1","None","None","Off","Off","Off","Off","Normal Encryption","Off","Off","Off","Off","251.1","1","Off","On","Off","Off","Off","Off","1","0","Off","0","2","0","0","0","0","0","0","0","0","0","7"
"1654","MNKVT VT SW","443.75000","448.75000","D-Digital","High","12.5K","Off","Off","VT Statewide","Group Call","3150","KC1JMH / Brad Brown","Always","Carrier","Off","1","1","1","Off","7","2","None","None","Off","Off","Off","Off","Normal Encryption","Off","Off","Off","Off","251.1","1","Off","On","Off","Off","Off","Off","1","0","Off","0","2","0","0","0","0","0","0","0","0","0","7"
"1655","MNKVT WW","443.75000","448.75000","D-Digital","High","12.5K","Off","Off","WW Call","Group Call","1","KC1JMH / Brad Brown","Always","Carrier","Off","1","1","1","Off","7","1","None","None","Off","Off","Off","Off","Normal Encryption","Off","Off","Off","Off","251.1","1","Off","On","Off","Off","Off","Off","1","0","Off","0","2","0","0","0","0","0","0","0","0","0","7"
"1656","MNKVT WW Eng","443.75000","448.75000","D-Digital","High","12.5K","Off","Off","WW English","Group Call","13","KC1JMH / Brad Brown","Always","Carrier","Off","1","1","1","Off","7","1","None","None","Off","Off","Off","Off","Normal Encryption","Off","Off","Off","Off","251.1","1","Off","On","Off","Off","Off","Off","1","0","Off","0","2","0","0","0","0","0","0","0","0","0","7"
"1657","NFLDVT CT SW","449.47500","444.47500","D-Digital","High","12.5K","Off","Off","CT Statewide","Group Call","3109","KC1JMH / Brad Brown","Always","Carrier","Off","1","1","1","Off","6","1","None","None","Off","Off","Off","Off","Normal Encryption","Off","Off","Off","Off","251.1","1","Off","On","Off","Off","Off","Off","1","0","Off","0","2","0","0","0","0","0","0","0","0","0","6"
"1658","NFLDVT Local","449.47500","444.47500","D-Digital","High","12.5K","Off","Off","Local","Group Call","9","KC1JMH / Brad Brown","Always","Carrier","Off","1","1","1","Off","6","2","None","None","Off","Off","Off","Off","Normal Encryption","Off","Off","Off","Off","251.1","1","Off","On","Off","Off","Off","Off","1","0","Off","0","2","0","0","0","0","0","0","0","0","0","6"
"1659","NFLDVT MA SW","449.47500","444.47500","D-Digital","High","12.5K","Off","Off","MA Statewide","Group Call","3125","KC1JMH / Brad Brown","Always","Carrier","Off","1","1","1","Off","6","1","None","None","Off","Off","Off","Off","Normal Encryption","Off","Off","Off","Off","251.1","1","Off","On","Off","Off","Off","Off","1","0","Off","0","2","0","0","0","0","0","0","0","0","0","6"
"1660","NFLDVT ME SW","449.47500","444.47500","D-Digital","High","12.5K","Off","Off","ME Statewide","Group Call","3123","KC1JMH / Brad Brown","Always","Carrier","Off","1","1","1","Off","6","1","None","None","Off","Off","Off","Off","Normal Encryption","Off","Off","Off","Off","251.1","1","Off","On","Off","Off","Off","Off","1","0","Off","0","2","0","0","0","0","0","0","0","0","0","6"
"1661","NFLDVT NE Wide","449.47500","444.47500","D-Digital","High","12.5K","Off","Off","New England-Wide","Group Call","3181","KC1JMH / Brad Brown","Always","Carrier","Off","1","1","1","Off","6","2","None","None","Off","Off","Off","Off","Normal Encryption","Off","Off","Off","Off","251.1","1","Off","On","Off","Off","Off","Off","1","0","Off","0","2","0","0","0","0","0","0","0","0","0","6"
"1662","NFLDVT NETAC1","449.47500","444.47500","D-Digital","High","12.5K","Off","Off","NETAC1","Group Call","8801","KC1JMH / Brad Brown","Always","Carrier","Off","1","1","1","Off","6","1","None","None","Off","Off","Off","Off","Normal Encryption","Off","Off","Off","Off","251.1","1","Off","On","Off","Off","Off","Off","1","0","Off","0","2","0","0","0","0","0","0","0","0","0","6"
"1663","NFLDVT NETAC2","449.47500","444.47500","D-Digital","High","12.5K","Off","Off","NETAC2","Group Call","8802","KC1JMH / Brad Brown","Always","Carrier","Off","1","1","1","Off","6","2","None","None","Off","Off","Off","Off","Normal Encryption","Off","Off","Off","Off","251.1","1","Off","On","Off","Off","Off","Off","1","0","Off","0","2","0","0","0","0","0","0","0","0","0","6"
"1664","NFLDVT NH SW","449.47500","444.47500","D-Digital","High","12.5K","Off","Off","NH Statewide","Group Call","3133","KC1JMH / Brad Brown","Always","Carrier","Off","1","1","1","Off","6","1","None","None","Off","Off","Off","Off","Normal Encryption","Off","Off","Off","Off","251.1","1","Off","On","Off","Off","Off","Off","1","0","Off","0","2","0","0","0","0","0","0","0","0","0","6"
"1665","NFLDVT North Am","449.47500","444.47500","D-Digital","High","12.5K","Off","Off","North America","Group Call","3","KC1JMH / Brad Brown","Always","Carrier","Off","1","1","1","Off","6","1","None","None","Off","Off","Off","Off","Normal Encryption","Off","Off","Off","Off","251.1","1","Off","On","Off","Off","Off","Off","1","0","Off","0","2","0","0","0","0","0","0","0","0","0","6"
"1666","NFLDVT Northeast","449.47500","444.47500","D-Digital","High","12.5K","Off","Off","Northeast","Group Call","3172","KC1JMH / Brad Brown","Always","Carrier","Off","1","1","1","Off","6","1","None","None","Off","Off","Off","Off","Normal Encryption","Off","Off","Off","Off","251.1","1","Off","On","Off","Off","Off","Off","1","0","Off","0","2","0","0","0","0","0","0","0","0","0","6"
"1667","NFLDVT Parrot","449.47500","444.47500","D-Digital","High","12.5K","Off","Off","Parrot","Group Call","9998","KC1JMH / Brad Brown","Always","Carrier","Off","1","1","1","Off","6","1","None","None","Off","Off","Off","Off","Normal Encryption","Off","Off","Off","Off","251.1","1","Off","On","Off","Off","Off","Off","1","0","Off","0","2","0","0","0","0","0","0","0","0","0","6"
"1668","NFLDVT Reg North","449.47500","444.47500","D-Digital","High","12.5K","Off","Off","Region North","Group Call","8","KC1JMH / Brad Brown","Always","Carrier","Off","1","1","1","Off","6","1","None","None","Off","Off","Off","Off","Normal Encryption","Off","Off","Off","Off","251.1","1","Off","On","Off","Off","Off","Off","1","0","Off","0","2","0","0","0","0","0","0","0","0","0","6"
"1669","NFLDVT SKYWARN","449.47500","444.47500","D-Digital","High","12.5K","Off","Off","SKYWARN","Group Call","759","KC1JMH / Brad Brown","Always","Carrier","Off","1","1","1","Off","6","1","None","None","Off","Off","Off","Off","Normal Encryption","Off","Off","Off","Off","251.1","1","Off","On","Off","Off","Off","Off","1","0","Off","0","2","0","0","0","0","0","0","0","0","0","6"
"1670","NFLDVT TAC310","449.47500","444.47500","D-Digital","High","12.5K","Off","Off","TAC310","Group Call","310","KC1JMH / Brad Brown","Always","Carrier","Off","1","1","1","Off","6","1","None","None","Off","Off","Off","Off","Normal Encryption","Off","Off","Off","Off","251.1","1","Off","On","Off","Off","Off","Off","1","0","Off","0","2","0","0","0","0","0","0","0","0","0","6"
"1671","NFLDVT TAC311","449.47500","444.47500","D-Digital","High","12.5K","Off","Off","TAC311","Group Call","311","KC1JMH / Brad Brown","Always","Carrier","Off","1","1","1","Off","6","1","None","None","Off","Off","Off","Off","Normal Encryption","Off","Off","Off","Off","251.1","1","Off","On","Off","Off","Off","Off","1","0","Off","0","2","0","0","0","0","0","0","0","0","0","6"
"1672","NFLDVT UA Eng1","449.47500","444.47500","D-Digital","High","12.5K","Off","Off","UA English 1-113","Group Call","113","KC1JMH / Brad Brown","Always","Carrier","Off","1","1","1","Off","6","1","None","None","Off","Off","Off","Off","Normal Encryption","Off","Off","Off","Off","251.1","1","Off","On","Off","Off","Off","Off","1","0","Off","0","2","0","0","0","0","0","0","0","0","0","6"
"1673","NFLDVT UA Eng2","449.47500","444.47500","D-Digital","High","12.5K","Off","Off","UA English 2-123","Group Call","123","KC1JMH / Brad Brown","Always","Carrier","Off","1","1","1","Off","6","1","None","None","Off","Off","Off","Off","Normal Encryption","Off","Off","Off","Off","251.1","1","Off","On","Off","Off","Off","Off","1","0","Off","0","2","0","0","0","0","0","0","0","0","0","6"
"1674","NFLDVT VT SW","449.47500","444.47500","D-Digital","High","12.5K","Off","Off","VT Statewide","Group Call","3150","KC1JMH / Brad Brown","Always","Carrier","Off","1","1","1","Off","6","2","None","None","Off","Off","Off","Off","Normal Encryption","Off","Off","Off","Off","251.1","1","Off","On","Off","Off","Off","Off","1","0","Off","0","2","0","0","0","0","0","0","0","0","0","6"
"1675","NFLDVT WW","449.47500","444.47500","D-Digital","High","12.5K","Off","Off","WW Call","Group Call","1","KC1JMH / Brad Brown","Always","Carrier","Off","1","1","1","Off","6","1","None","None","Off","Off","Off","Off","Normal Encryption","Off","Off","Off","Off","251.1","1","Off","On","Off","Off","Off","Off","1","0","Off","0","2","0","0","0","0","0","0","0","0","0","6"
"1676","NFLDVT WW Eng","449.47500","444.47500","D-Digital","High","12.5K","Off","Off","WW English","Group Call","13","KC1JMH / Brad Brown","Always","Carrier","Off","1","1","1","Off","6","1","None","None","Off","Off","Off","Off","Normal Encryption","Off","Off","Off","Off","251.1","1","Off","On","Off","Off","Off","Off","1","0","Off","0","2","0","0","0","0","0","0","0","0","0","6"
"1677","PICVT Local","444.50000","449.50000","D-Digital","High","12.5K","Off","Off","Local","Group Call","9","KC1JMH / Brad Brown","Always","Carrier","Off","1","1","1","Off","1","2","None","None","Off","Off","Off","Off","Normal Encryption","Off","Off","Off","Off","251.1","1","Off","On","Off","Off","Off","Off","1","0","Off","0","2","0","0","0","0","0","0","0","0","0","1"
"1678","PICVT MA SW","444.50000","449.50000","D-Digital","High","12.5K","Off","Off","MA Statewide","Group Call","3125","KC1JMH / Brad Brown","Always","Carrier","Off","1","1","1","Off","1","1","None","None","Off","Off","Off","Off","Normal Encryption","Off","Off","Off","Off","251.1","1","Off","On","Off","Off","Off","Off","1","0","Off","0","2","0","0","0","0","0","0","0","0","0","1"
"1679","PICVT NE Wide","444.50000","449.50000","D-Digital","High","12.5K","Off","Off","New England-Wide","Group Call","3181","KC1JMH / Brad Brown","Always","Carrier","Off","1","1","1","Off","1","2","None","None","Off","Off","Off","Off","Normal Encryption","Off","Off","Off","Off","251.1","1","Off","On","Off","Off","Off","Off","1","0","Off","0","2","0","0","0","0","0","0","0","0","0","1"
"1680","PICVT NETAC1","444.50000","449.50000","D-Digital","High","12.5K","Off","Off","NETAC1","Group Call","8801","KC1JMH / Brad Brown","Always","Carrier","Off","1","1","1","Off","1","1","None","None","Off","Off","Off","Off","Normal Encryption","Off","Off","Off","Off","251.1","1","Off","On","Off","Off","Off","Off","1","0","Off","0","2","0","0","0","0","0","0","0","0","0","1"
"1681","PICVT NETAC2","444.50000","449.50000","D-Digital","High","12.5K","Off","Off","NETAC2","Group Call","8802","KC1JMH / Brad Brown","Always","Carrier","Off","1","1","1","Off","1","2","None","None","Off","Off","Off","Off","Normal Encryption","Off","Off","Off","Off","251.1","1","Off","On","Off","Off","Off","Off","1","0","Off","0","2","0","0","0","0","0","0","0","0","0","1"
"1682","PICVT NH SW","444.50000","449.50000","D-Digital","High","12.5K","Off","Off","NH Statewide","Group Call","3133","KC1JMH / Brad Brown","Always","Carrier","Off","1","1","1","Off","1","1","None","None","Off","Off","Off","Off","Normal Encryption","Off","Off","Off","Off","251.1","1","Off","On","Off","Off","Off","Off","1","0","Off","0","2","0","0","0","0","0","0","0","0","0","1"
"1683","PICVT North Am","444.50000","449.50000","D-Digital","High","12.5K","Off","Off","North America","Group Call","3","KC1JMH / Brad Brown","Always","Carrier","Off","1","1","1","Off","1","1","None","None","Off","Off","Off","Off","Normal Encryption","Off","Off","Off","Off","251.1","1","Off","On","Off","Off","Off","Off","1","0","Off","0","2","0","0","0","0","0","0","0","0","0","1"
"1684","PICVT Northeast","444.50000","449.50000","D-Digital","High","12.5K","Off","Off","Northeast","Group Call","3172","KC1JMH / Brad Brown","Always","Carrier","Off","1","1","1","Off","1","1","None","None","Off","Off","Off","Off","Normal Encryption","Off","Off","Off","Off","251.1","1","Off","On","Off","Off","Off","Off","1","0","Off","0","2","0","0","0","0","0","0","0","0","0","1"
"1685","PICVT Parrot","444.50000","449.50000","D-Digital","High","12.5K","Off","Off","Parrot","Group Call","9998","KC1JMH / Brad Brown","Always","Carrier","Off","1","1","1","Off","1","1","None","None","Off","Off","Off","Off","Normal Encryption","Off","Off","Off","Off","251.1","1","Off","On","Off","Off","Off","Off","1","0","Off","0","2","0","0","0","0","0","0","0","0","0","1"
"1686","PICVT Reg North","444.50000","449.50000","D-Digital","High","12.5K","Off","Off","Region North","Group Call","8","KC1JMH / Brad Brown","Always","Carrier","Off","1","1","1","Off","1","2","None","None","Off","Off","Off","Off","Normal Encryption","Off","Off","Off","Off","251.1","1","Off","On","Off","Off","Off","Off","1","0","Off","0","2","0","0","0","0","0","0","0","0","0","1"
"1687","PICVT SKYWARN","444.50000","449.50000","D-Digital","High","12.5K","Off","Off","SKYWARN","Group Call","759","KC1JMH / Brad Brown","Always","Carrier","Off","1","1","1","Off","1","1","None","None","Off","Off","Off","Off","Normal Encryption","Off","Off","Off","Off","251.1","1","Off","On","Off","Off","Off","Off","1","0","Off","0","2","0","0","0","0","0","0","0","0","0","1"
"1688","PICVT TAC310","444.50000","449.50000","D-Digital","High","12.5K","Off","Off","TAC310","Group Call","310","KC1JMH / Brad Brown","Always","Carrier","Off","1","1","1","Off","1","1","None","None","Off","Off","Off","Off","Normal Encryption","Off","Off","Off","Off","251.1","1","Off","On","Off","Off","Off","Off","1","0","Off","0","2","0","0","0","0","0","0","0","0","0","1"
"1689","PICVT TAC311","444.50000","449.50000","D-Digital","High","12.5K","Off","Off","TAC311","Group Call","311","KC1JMH / Brad Brown","Always","Carrier","Off","1","1","1","Off","1","1","None","None","Off","Off","Off","Off","Normal Encryption","Off","Off","Off","Off","251.1","1","Off","On","Off","Off","Off","Off","1","0","Off","0","2","0","0","0","0","0","0","0","0","0","1"
"1690","PICVT UA Eng1","444.50000","449.50000","D-Digital","High","12.5K","Off","Off","UA English 1-113","Group Call","113","KC1JMH / Brad Brown","Always","Carrier","Off","1","1","1","Off","1","1","None","None","Off","Off","Off","Off","Normal Encryption","Off","Off","Off","Off","251.1","1","Off","On","Off","Off","Off","Off","1","0","Off","0","2","0","0","0","0","0","0","0","0","0","1"
"1691","PICVT UA Eng2","444.50000","449.50000","D-Digital","High","12.5K","Off","Off","UA English 2-123","Group Call","123","KC1JMH / Brad Brown","Always","Carrier","Off","1","1","1","Off","1","1","None","None","Off","Off","Off","Off","Normal Encryption","Off","Off","Off","Off","251.1","1","Off","On","Off","Off","Off","Off","1","0","Off","0","2","0","0","0","0","0","0","0","0","0","1"
"1692","PICVT VT SW","444.50000","449.50000","D-Digital","High","12.5K","Off","Off","VT Statewide","Group Call","3150","KC1JMH / Brad Brown","Always","Carrier","Off","1","1","1","Off","1","2","None","None","Off","Off","Off","Off","Normal Encryption","Off","Off","Off","Off","251.1","1","Off","On","Off","Off","Off","Off","1","0","Off","0","2","0","0","0","0","0","0","0","0","0","1"
"1693","PICVT WW","444.50000","449.50000","D-Digital","High","12.5K","Off","Off","WW Call","Group Call","1","KC1JMH / Brad Brown","Always","Carrier","Off","1","1","1","Off","1","1","None","None","Off","Off","Off","Off","Normal Encryption","Off","Off","Off","Off","251.1","1","Off","On","Off","Off","Off","Off","1","0","Off","0","2","0","0","0","0","0","0","0","0","0","1"
"1694","PICVT WW Eng","444.50000","449.50000","D-Digital","High","12.5K","Off","Off","WW English","Group Call","13","KC1JMH / Brad Brown","Always","Carrier","Off","1","1","1","Off","1","1","None","None","Off","Off","Off","Off","Normal Encryption","Off","Off","Off","Off","251.1","1","Off","On","Off","Off","Off","Off","1","0","Off","0","2","0","0","0","0","0","0","0","0","0","1"
"1695","SNWVT Local","446.27500","441.27500","D-Digital","High","12.5K","Off","Off","Local","Group Call","9","KC1JMH / Brad Brown","Always","Carrier","Off","1","1","1","Off","6","2","None","None","Off","Off","Off","Off","Normal Encryption","Off","Off","Off","Off","251.1","1","Off","On","Off","Off","Off","Off","1","0","Off","0","2","0","0","0","0","0","0","0","0","0","6"
"1696","SNWVT MA SW","446.27500","441.27500","D-Digital","High","12.5K","Off","Off","MA Statewide","Group Call","3125","KC1JMH / Brad Brown","Always","Carrier","Off","1","1","1","Off","6","1","None","None","Off","Off","Off","Off","Normal Encryption","Off","Off","Off","Off","251.1","1","Off","On","Off","Off","Off","Off","1","0","Off","0","2","0","0","0","0","0","0","0","0","0","6"
"1697","SNWVT NE Wide","446.27500","441.27500","D-Digital","High","12.5K","Off","Off","New England-Wide","Group Call","3181","KC1JMH / Brad Brown","Always","Carrier","Off","1","1","1","Off","6","2","None","None","Off","Off","Off","Off","Normal Encryption","Off","Off","Off","Off","251.1","1","Off","On","Off","Off","Off","Off","1","0","Off","0","2","0","0","0","0","0","0","0","0","0","6"
"1698","SNWVT NETAC1","446.27500","441.27500","D-Digital","High","12.5K","Off","Off","NETAC1","Group Call","8801","KC1JMH / Brad Brown","Always","Carrier","Off","1","1","1","Off","6","1","None","None","Off","Off","Off","Off","Normal Encryption","Off","Off","Off","Off","251.1","1","Off","On","Off","Off","Off","Off","1","0","Off","0","2","0","0","0","0","0","0","0","0","0","6"
"1699","SNWVT NETAC2","446.27500","441.27500","D-Digital","High","12.5K","Off","Off","NETAC2","Group Call","8802","KC1JMH / Brad Brown","Always","Carrier","Off","1","1","1","Off","6","2","None","None","Off","Off","Off","Off","Normal Encryption","Off","Off","Off","Off","251.1","1","Off","On","Off","Off","Off","Off","1","0","Off","0","2","0","0","0","0","0","0","0","0","0","6"
"1700","SNWVT NH SW","446.27500","441.27500","D-Digital","High","12.5K","Off","Off","NH Statewide","Group Call","3133","KC1JMH / Brad Brown","Always","Carrier","Off","1","1","1","Off","6","1","None","None","Off","Off","Off","Off","Normal Encryption","Off","Off","Off","Off","251.1","1","Off","On","Off","Off","Off","Off","1","0","Off","0","2","0","0","0","0","0","0","0","0","0","6"
"1701","SNWVT North Am","446.27500","441.27500","D-Digital","High","12.5K","Off","Off","North America","Group Call","3","KC1JMH / Brad Brown","Always","Carrier","Off","1","1","1","Off","6","1","None","None","Off","Off","Off","Off","Normal Encryption","Off","Off","Off","Off","251.1","1","Off","On","Off","Off","Off","Off","1","0","Off","0","2","0","0","0","0","0","0","0","0","0","6"
"1702","SNWVT Northeast","446.27500","441.27500","D-Digital","High","12.5K","Off","Off","Northeast","Group Call","3172","KC1JMH / Brad Brown","Always","Carrier","Off","1","1","1","Off","6","1","None","None","Off","Off","Off","Off","Normal Encryption","Off","Off","Off","Off","251.1","1","Off","On","Off","Off","Off","Off","1","0","Off","0","2","0","0","0","0","0","0","0","0","0","6"
"1703","SNWVT Parrot","446.27500","441.27500","D-Digital","High","12.5K","Off","Off","Parrot","Group Call","9998","KC1JMH / Brad Brown","Always","Carrier","Off","1","1","1","Off","6","1","None","None","Off","Off","Off","Off","Normal Encryption","Off","Off","Off","Off","251.1","1","Off","On","Off","Off","Off","Off","1","0","Off","0","2","0","0","0","0","0","0","0","0","0","6"
"1704","SNWVT Reg North","446.27500","441.27500","D-Digital","High","12.5K","Off","Off","Region North","Group Call","8","KC1JMH / Brad Brown","Always","Carrier","Off","1","1","1","Off","6","2","None","None","Off","Off","Off","Off","Normal Encryption","Off","Off","Off","Off","251.1","1","Off","On","Off","Off","Off","Off","1","0","Off","0","2","0","0","0","0","0","0","0","0","0","6"
"1705","SNWVT SKYWARN","446.27500","441.27500","D-Digital","High","12.5K","Off","Off","SKYWARN","Group Call","759","KC1JMH / Brad Brown","Always","Carrier","Off","1","1","1","Off","6","1","None","None","Off","Off","Off","Off","Normal Encryption","Off","Off","Off","Off","251.1","1","Off","On","Off","Off","Off","Off","1","0","Off","0","2","0","0","0","0","0","0","0","0","0","6"
"1706","SNWVT TAC310","446.27500","441.27500","D-Digital","High","12.5K","Off","Off","TAC310","Group Call","310","KC1JMH / Brad Brown","Always","Carrier","Off","1","1","1","Off","6","1","None","None","Off","Off","Off","Off","Normal Encryption","Off","Off","Off","Off","251.1","1","Off","On","Off","Off","Off","Off","1","0","Off","0","2","0","0","0","0","0","0","0","0","0","6"
"1707","SNWVT TAC311","446.27500","441.27500","D-Digital","High","12.5K","Off","Off","TAC311","Group Call","311","KC1JMH / Brad Brown","Always","Carrier","Off","1","1","1","Off","6","1","None","None","Off","Off","Off","Off","Normal Encryption","Off","Off","Off","Off","251.1","1","Off","On","Off","Off","Off","Off","1","0","Off","0","2","0","0","0","0","0","0","0","0","0","6"
"1708","SNWVT UA Eng1","446.27500","441.27500","D-Digital","High","12.5K","Off","Off","UA English 1-113","Group Call","113","KC1JMH / Brad Brown","Always","Carrier","Off","1","1","1","Off","6","1","None","None","Off","Off","Off","Off","Normal Encryption","Off","Off","Off","Off","251.1","1","Off","On","Off","Off","Off","Off","1","0","Off","0","2","0","0","0","0","0","0","0","0","0","6"
"1709","SNWVT UA Eng2","446.27500","441.27500","D-Digital","High","12.5K","Off","Off","UA English 2-123","Group Call","123","KC1JMH / Brad Brown","Always","Carrier","Off","1","1","1","Off","6","1","None","None","Off","Off","Off","Off","Normal Encryption","Off","Off","Off","Off","251.1","1","Off","On","Off","Off","Off","Off","1","0","Off","0","2","0","0","0","0","0","0","0","0","0","6"
"1710","SNWVT VT SW","446.27500","441.27500","D-Digital","High","12.5K","Off","Off","VT Statewide","Group Call","3150","KC1JMH / Brad Brown","Always","Carrier","Off","1","1","1","Off","6","2","None","None","Off","Off","Off","Off","Normal Encryption","Off","Off","Off","Off","251.1","1","Off","On","Off","Off","Off","Off","1","0","Off","0","2","0","0","0","0","0","0","0","0","0","6"
"1711","SNWVT WW","446.27500","441.27500","D-Digital","High","12.5K","Off","Off","WW Call","Group Call","1","KC1JMH / Brad Brown","Always","Carrier","Off","1","1","1","Off","6","1","None","None","Off","Off","Off","Off","Normal Encryption","Off","Off","Off","Off","251.1","1","Off","On","Off","Off","Off","Off","1","0","Off","0","2","0","0","0","0","0","0","0","0","0","6"
"1712","SNWVT WW Eng","446.27500","441.27500","D-Digital","High","12.5K","Off","Off","WW English","Group Call","13","KC1JMH / Brad Brown","Always","Carrier","Off","1","1","1","Off","6","1","None","None","Off","Off","Off","Off","Normal Encryption","Off","Off","Off","Off","251.1","1","Off","On","Off","Off","Off","Off","1","0","Off","0","2","0","0","0","0","0","0","0","0","0","6"
"1713","WARVT Local","449.47500","444.47500","D-Digital","High","12.5K","Off","Off","Local","Group Call","9","KC1JMH / Brad Brown","Always","Carrier","Off","1","1","1","Off","5","2","None","None","Off","Off","Off","Off","Normal Encryption","Off","Off","Off","Off","251.1","1","Off","On","Off","Off","Off","Off","1","0","Off","0","2","0","0","0","0","0","0","0","0","0","5"
"1714","WARVT MA SW","449.47500","444.47500","D-Digital","High","12.5K","Off","Off","MA Statewide","Group Call","3125","KC1JMH / Brad Brown","Always","Carrier","Off","1","1","1","Off","5","1","None","None","Off","Off","Off","Off","Normal Encryption","Off","Off","Off","Off","251.1","1","Off","On","Off","Off","Off","Off","1","0","Off","0","2","0","0","0","0","0","0","0","0","0","5"
"1715","WARVT NE Wide","449.47500","444.47500","D-Digital","High","12.5K","Off","Off","New England-Wide","Group Call","3181","KC1JMH / Brad Brown","Always","Carrier","Off","1","1","1","Off","5","2","None","None","Off","Off","Off","Off","Normal Encryption","Off","Off","Off","Off","251.1","1","Off","On","Off","Off","Off","Off","1","0","Off","0","2","0","0","0","0","0","0","0","0","0","5"
"1716","WARVT NETAC1","449.47500","444.47500","D-Digital","High","12.5K","Off","Off","NETAC1","Group Call","8801","KC1JMH / Brad Brown","Always","Carrier","Off","1","1","1","Off","5","1","None","None","Off","Off","Off","Off","Normal Encryption","Off","Off","Off","Off","251.1","1","Off","On","Off","Off","Off","Off","1","0","Off","0","2","0","0","0","0","0","0","0","0","0","5"
"1717","WARVT NETAC2","449.47500","444.47500","D-Digital","High","12.5K","Off","Off","NETAC2","Group Call","8802","KC1JMH / Brad Brown","Always","Carrier","Off","1","1","1","Off","5","2","None","None","Off","Off","Off","Off","Normal Encryption","Off","Off","Off","Off","251.1","1","Off","On","Off","Off","Off","Off","1","0","Off","0","2","0","0","0","0","0","0","0","0","0","5"
"1718","WARVT NH SW","449.47500","444.47500","D-Digital","High","12.5K","Off","Off","NH Statewide","Group Call","3133","KC1JMH / Brad Brown","Always","Carrier","Off","1","1","1","Off","5","1","None","None","Off","Off","Off","Off","Normal Encryption","Off","Off","Off","Off","251.1","1","Off","On","Off","Off","Off","Off","1","0","Off","0","2","0","0","0","0","0","0","0","0","0","5"
"1719","WARVT North Am","449.47500","444.47500","D-Digital","High","12.5K","Off","Off","North America","Group Call","3","KC1JMH / Brad Brown","Always","Carrier","Off","1","1","1","Off","5","1","None","None","Off","Off","Off","Off","Normal Encryption","Off","Off","Off","Off","251.1","1","Off","On","Off","Off","Off","Off","1","0","Off","0","2","0","0","0","0","0","0","0","0","0","5"
"1720","WARVT Northeast","449.47500","444.47500","D-Digital","High","12.5K","Off","Off","Northeast","Group Call","3172","KC1JMH / Brad Brown","Always","Carrier","Off","1","1","1","Off","5","1","None","None","Off","Off","Off","Off","Normal Encryption","Off","Off","Off","Off","251.1","1","Off","On","Off","Off","Off","Off","1","0","Off","0","2","0","0","0","0","0","0","0","0","0","5"
"1721","WARVT Parrot","449.47500","444.47500","D-Digital","High","12.5K","Off","Off","Parrot","Group Call","9998","KC1JMH / Brad Brown","Always","Carrier","Off","1","1","1","Off","5","1","None","None","Off","Off","Off","Off","Normal Encryption","Off","Off","Off","Off","251.1","1","Off","On","Off","Off","Off","Off","1","0","Off","0","2","0","0","0","0","0","0","0","0","0","5"
"1722","WARVT Reg North","449.47500","444.47500","D-Digital","High","12.5K","Off","Off","Region North","Group Call","8","KC1JMH / Brad Brown","Always","Carrier","Off","1","1","1","Off","5","2","None","None","Off","Off","Off","Off","Normal Encryption","Off","Off","Off","Off","251.1","1","Off","On","Off","Off","Off","Off","1","0","Off","0","2","0","0","0","0","0","0","0","0","0","5"
"1723","WARVT SKYWARN","449.47500","444.47500","D-Digital","High","12.5K","Off","Off","SKYWARN","Group Call","759","KC1JMH / Brad Brown","Always","Carrier","Off","1","1","1","Off","5","1","None","None","Off","Off","Off","Off","Normal Encryption","Off","Off","Off","Off","251.1","1","Off","On","Off","Off","Off","Off","1","0","Off","0","2","0","0","0","0","0","0","0","0","0","5"
"1724","WARVT TAC310","449.47500","444.47500","D-Digital","High","12.5K","Off","Off","TAC310","Group Call","310","KC1JMH / Brad Brown","Always","Carrier","Off","1","1","1","Off","5","1","None","None","Off","Off","Off","Off","Normal Encryption","Off","Off","Off","Off","251.1","1","Off","On","Off","Off","Off","Off","1","0","Off","0","2","0","0","0","0","0","0","0","0","0","5"
"1725","WARVT TAC311","449.47500","444.47500","D-Digital","High","12.5K","Off","Off","TAC311","Group Call","311","KC1JMH / Brad Brown","Always","Carrier","Off","1","1","1","Off","5","1","None","None","Off","Off","Off","Off","Normal Encryption","Off","Off","Off","Off","251.1","1","Off","On","Off","Off","Off","Off","1","0","Off","0","2","0","0","0","0","0","0","0","0","0","5"
"1726","WARVT UA Eng1","449.47500","444.47500","D-Digital","High","12.5K","Off","Off","UA English 1-113","Group Call","113","KC1JMH / Brad Brown","Always","Carrier","Off","1","1","1","Off","5","1","None","None","Off","Off","Off","Off","Normal Encryption","Off","Off","Off","Off","251.1","1","Off","On","Off","Off","Off","Off","1","0","Off","0","2","0","0","0","0","0","0","0","0","0","5"
"1727","WARVT UA Eng2","449.47500","444.47500","D-Digital","High","12.5K","Off","Off","UA English 2-123","Group Call","123","KC1JMH / Brad Brown","Always","Carrier","Off","1","1","1","Off","5","1","None","None","Off","Off","Off","Off","Normal Encryption","Off","Off","Off","Off","251.1","1","Off","On","Off","Off","Off","Off","1","0","Off","0","2","0","0","0","0","0","0","0","0","0","5"
"1728","WARVT VT SW","449.47500","444.47500","D-Digital","High","12.5K","Off","Off","VT Statewide","Group Call","3150","KC1JMH / Brad Brown","Always","Carrier","Off","1","1","1","Off","5","2","None","None","Off","Off","Off","Off","Normal Encryption","Off","Off","Off","Off","251.1","1","Off","On","Off","Off","Off","Off","1","0","Off","0","2","0","0","0","0","0","0","0","0","0","5"
"1729","WARVT WW","449.47500","444.47500","D-Digital","High","12.5K","Off","Off","WW Call","Group Call","1","KC1JMH / Brad Brown","Always","Carrier","Off","1","1","1","Off","5","1","None","None","Off","Off","Off","Off","Normal Encryption","Off","Off","Off","Off","251.1","1","Off","On","Off","Off","Off","Off","1","0","Off","0","2","0","0","0","0","0","0","0","0","0","5"
"1730","WARVT WW Eng","449.47500","444.47500","D-Digital","High","12.5K","Off","Off","WW English","Group Call","13","KC1JMH / Brad Brown","Always","Carrier","Off","1","1","1","Off","5","1","None","None","Off","Off","Off","Off","Normal Encryption","Off","Off","Off","Off","251.1","1","Off","On","Off","Off","Off","Off","1","0","Off","0","2","0","0","0","0","0","0","0","0","0","5"
"1731","WLMVT Local","448.87500","443.87500","D-Digital","High","12.5K","Off","Off","Local","Group Call","9","KC1JMH / Brad Brown","Always","Carrier","Off","1","1","1","Off","7","2","None","None","Off","Off","Off","Off","Normal Encryption","Off","Off","Off","Off","251.1","1","Off","On","Off","Off","Off","Off","1","0","Off","0","2","0","0","0","0","0","0","0","0","0","7"
"1732","WLMVT MA SW","448.87500","443.87500","D-Digital","High","12.5K","Off","Off","MA Statewide","Group Call","3125","KC1JMH / Brad Brown","Always","Carrier","Off","1","1","1","Off","7","1","None","None","Off","Off","Off","Off","Normal Encryption","Off","Off","Off","Off","251.1","1","Off","On","Off","Off","Off","Off","1","0","Off","0","2","0","0","0","0","0","0","0","0","0","7"
"1733","WLMVT NE Wide","448.87500","443.87500","D-Digital","High","12.5K","Off","Off","New England-Wide","Group Call","3181","KC1JMH / Brad Brown","Always","Carrier","Off","1","1","1","Off","7","2","None","None","Off","Off","Off","Off","Normal Encryption","Off","Off","Off","Off","251.1","1","Off","On","Off","Off","Off","Off","1","0","Off","0","2","0","0","0","0","0","0","0","0","0","7"
"1734","WLMVT NETAC1","448.87500","443.87500","D-Digital","High","12.5K","Off","Off","NETAC1","Group Call","8801","KC1JMH / Brad Brown","Always","Carrier","Off","1","1","1","Off","7","1","None","None","Off","Off","Off","Off","Normal Encryption","Off","Off","Off","Off","251.1","1","Off","On","Off","Off","Off","Off","1","0","Off","0","2","0","0","0","0","0","0","0","0","0","7"
"1735","WLMVT NETAC2","448.87500","443.87500","D-Digital","High","12.5K","Off","Off","NETAC2","Group Call","8802","KC1JMH / Brad Brown","Always","Carrier","Off","1","1","1","Off","7","2","None","None","Off","Off","Off","Off","Normal Encryption","Off","Off","Off","Off","251.1","1","Off","On","Off","Off","Off","Off","1","0","Off","0","2","0","0","0","0","0","0","0","0","0","7"
"1736","WLMVT NH SW","448.87500","443.87500","D-Digital","High","12.5K","Off","Off","NH Statewide","Group Call","3133","KC1JMH / Brad Brown","Always","Carrier","Off","1","1","1","Off","7","1","None","None","Off","Off","Off","Off","Normal Encryption","Off","Off","Off","Off","251.1","1","Off","On","Off","Off","Off","Off","1","0","Off","0","2","0","0","0","0","0","0","0","0","0","7"
"1737","WLMVT North Am","448.87500","443.87500","D-Digital","High","12.5K","Off","Off","North America","Group Call","3","KC1JMH / Brad Brown","Always","Carrier","Off","1","1","1","Off","7","1","None","None","Off","Off","Off","Off","Normal Encryption","Off","Off","Off","Off","251.1","1","Off","On","Off","Off","Off","Off","1","0","Off","0","2","0","0","0","0","0","0","0","0","0","7"
"1738","WLMVT Northeast","448.87500","443.87500","D-Digital","High","12.5K","Off","Off","Northeast","Group Call","3172","KC1JMH / Brad Brown","Always","Carrier","Off","1","1","1","Off","7","1","None","None","Off","Off","Off","Off","Normal Encryption","Off","Off","Off","Off","251.1","1","Off","On","Off","Off","Off","Off","1","0","Off","0","2","0","0","0","0","0","0","0","0","0","7"
"1739","WLMVT Parrot","448.87500","443.87500","D-Digital","High","12.5K","Off","Off","Parrot","Group Call","9998","KC1JMH / Brad Brown","Always","Carrier","Off","1","1","1","Off","7","1","None","None","Off","Off","Off","Off","Normal Encryption","Off","Off","Off","Off","251.1","1","Off","On","Off","Off","Off","Off","1","0","Off","0","2","0","0","0","0","0","0","0","0","0","7"
"1740","WLMVT Reg North","448.87500","443.87500","D-Digital","High","12.5K","Off","Off","Region North","Group Call","8","KC1JMH / Brad Brown","Always","Carrier","Off","1","1","1","Off","7","2","None","None","Off","Off","Off","Off","Normal Encryption","Off","Off","Off","Off","251.1","1","Off","On","Off","Off","Off","Off","1","0","Off","0","2","0","0","0","0","0","0","0","0","0","7"
"1741","WLMVT SKYWARN","448.87500","443.87500","D-Digital","High","12.5K","Off","Off","SKYWARN","Group Call","759","KC1JMH / Brad Brown","Always","Carrier","Off","1","1","1","Off","7","1","None","None","Off","Off","Off","Off","Normal Encryption","Off","Off","Off","Off","251.1","1","Off","On","Off","Off","Off","Off","1","0","Off","0","2","0","0","0","0","0","0","0","0","0","7"
"1742","WLMVT TAC310","448.87500","443.87500","D-Digital","High","12.5K","Off","Off","TAC310","Group Call","310","KC1JMH / Brad Brown","Always","Carrier","Off","1","1","1","Off","7","1","None","None","Off","Off","Off","Off","Normal Encryption","Off","Off","Off","Off","251.1","1","Off","On","Off","Off","Off","Off","1","0","Off","0","2","0","0","0","0","0","0","0","0","0","7"
"1743","WLMVT TAC311","448.87500","443.87500","D-Digital","High","12.5K","Off","Off","TAC311","Group Call","311","KC1JMH / Brad Brown","Always","Carrier","Off","1","1","1","Off","7","1","None","None","Off","Off","Off","Off","Normal Encryption","Off","Off","Off","Off","251.1","1","Off","On","Off","Off","Off","Off","1","0","Off","0","2","0","0","0","0","0","0","0","0","0","7"
"1744","WLMVT UA Eng1","448.87500","443.87500","D-Digital","High","12.5K","Off","Off","UA English 1-113","Group Call","113","KC1JMH / Brad Brown","Always","Carrier","Off","1","1","1","Off","7","1","None","None","Off","Off","Off","Off","Normal Encryption","Off","Off","Off","Off","251.1","1","Off","On","Off","Off","Off","Off","1","0","Off","0","2","0","0","0","0","0","0","0","0","0","7"
"1745","WLMVT UA Eng2","448.87500","443.87500","D-Digital","High","12.5K","Off","Off","UA English 2-123","Group Call","123","KC1JMH / Brad Brown","Always","Carrier","Off","1","1","1","Off","7","1","None","None","Off","Off","Off","Off","Normal Encryption","Off","Off","Off","Off","251.1","1","Off","On","Off","Off","Off","Off","1","0","Off","0","2","0","0","0","0","0","0","0","0","0","7"
"1746","WLMVT VT SW","448.87500","443.87500","D-Digital","High","12.5K","Off","Off","VT Statewide","Group Call","3150","KC1JMH / Brad Brown","Always","Carrier","Off","1","1","1","Off","7","2","None","None","Off","Off","Off","Off","Normal Encryption","Off","Off","Off","Off","251.1","1","Off","On","Off","Off","Off","Off","1","0","Off","0","2","0","0","0","0","0","0","0","0","0","7"
"1747","WLMVT WW","448.87500","443.87500","D-Digital","High","12.5K","Off","Off","WW Call","Group Call","1","KC1JMH / Brad Brown","Always","Carrier","Off","1","1","1","Off","7","1","None","None","Off","Off","Off","Off","Normal Encryption","Off","Off","Off","Off","251.1","1","Off","On","Off","Off","Off","Off","1","0","Off","0","2","0","0","0","0","0","0","0","0","0","7"
"1748","WLMVT WW Eng","448.87500","443.87500","D-Digital","High","12.5K","Off","Off","WW English","Group Call","13","KC1JMH / Brad Brown","Always","Carrier","Off","1","1","1","Off","7","1","None","None","Off","Off","Off","Off","Normal Encryption","Off","Off","Off","Off","251.1","1","Off","On","Off","Off","Off","Off","1","0","Off","0","2","0","0","0","0","0","0","0","0","0","7"
"1749","HNKNH CT SW","448.57500","443.57500","D-Digital","Turbo","12.5K","Off","Off","CT Statewide","Group Call","3109","KC1JMH / Brad Brown","Always","Carrier","Off","1","1","1","Off","4","1","None","None","Off","Off","Off","Off","Normal Encryption","Off","Off","Off","Off","251.1","1","Off","Off","Off","Off","Off","Off","1","0","Off","0","2","0","0","0","0","0","0","0","0","0","4"
"1750","HNKNH Local","448.57500","443.57500","D-Digital","Turbo","12.5K","Off","Off","Local","Group Call","9","KC1JMH / Brad Brown","Always","Carrier","Off","1","1","1","Off","4","2","None","None","Off","Off","Off","Off","Normal Encryption","Off","Off","Off","Off","251.1","1","Off","Off","Off","Off","Off","Off","1","0","Off","0","2","0","0","0","0","0","0","0","0","0","4"
"1751","HNKNH MA SW","448.57500","443.57500","D-Digital","Turbo","12.5K","Off","Off","MA Statewide","Group Call","3125","KC1JMH / Brad Brown","Always","Carrier","Off","1","1","1","Off","4","1","None","None","Off","Off","Off","Off","Normal Encryption","Off","Off","Off","Off","251.1","1","Off","Off","Off","Off","Off","Off","1","0","Off","0","2","0","0","0","0","0","0","0","0","0","4"
"1752","HNKNH ME SW","448.57500","443.57500","D-Digital","Turbo","12.5K","Off","Off","ME Statewide","Group Call","3123","KC1JMH / Brad Brown","Always","Carrier","Off","1","1","1","Off","4","1","None","None","Off","Off","Off","Off","Normal Encryption","Off","Off","Off","Off","251.1","1","Off","Off","Off","Off","Off","Off","1","0","Off","0","2","0","0","0","0","0","0","0","0","0","4"
"1753","HNKNH NE Wide","448.57500","443.57500","D-Digital","Turbo","12.5K","Off","Off","New England-Wide","Group Call","3181","KC1JMH / Brad Brown","Always","Carrier","Off","1","1","1","Off","4","2","None","None","Off","Off","Off","Off","Normal Encryption","Off","Off","Off","Off","251.1","1","Off","Off","Off","Off","Off","Off","1","0","Off","0","2","0","0","0","0","0","0","0","0","0","4"
"1754","HNKNH NETAC1","448.57500","443.57500","D-Digital","Turbo","12.5K","Off","Off","NETAC1","Group Call","8801","KC1JMH / Brad Brown","Always","Carrier","Off","1","1","1","Off","4","1","None","None","Off","Off","Off","Off","Normal Encryption","Off","Off","Off","Off","251.1","1","Off","Off","Off","Off","Off","Off","1","0","Off","0","2","0","0","0","0","0","0","0","0","0","4"
"1755","HNKNH NETAC2","448.57500","443.57500","D-Digital","Turbo","12.5K","Off","Off","NETAC2","Group Call","8802","KC1JMH / Brad Brown","Always","Carrier","Off","1","1","1","Off","4","2","None","None","Off","Off","Off","Off","Normal Encryption","Off","Off","Off","Off","251.1","1","Off","Off","Off","Off","Off","Off","1","0","Off","0","2","0","0","0","0","0","0","0","0","0","4"
"1756","HNKNH NH SW","448.57500","443.57500","D-Digital","Turbo","12.5K","Off","Off","NH Statewide","Group Call","3133","KC1JMH / Brad Brown","Always","Carrier","Off","1","1","1","Off","4","2","None","None","Off","Off","Off","Off","Normal Encryption","Off","Off","Off","Off","251.1","1","Off","Off","Off","Off","Off","Off","1","0","Off","0","2","0","0","0","0","0","0","0","0","0","4"
"1757","HNKNH North Am","448.57500","443.57500","D-Digital","Turbo","12.5K","Off","Off","North America","Group Call","3","KC1JMH / Brad Brown","Always","Carrier","Off","1","1","1","Off","4","1","None","None","Off","Off","Off","Off","Normal Encryption","Off","Off","Off","Off","251.1","1","Off","Off","Off","Off","Off","Off","1","0","Off","0","2","0","0","0","0","0","0","0","0","0","4"
"1758","HNKNH Northeast","448.57500","443.57500","D-Digital","Turbo","12.5K","Off","Off","Northeast","Group Call","3172","KC1JMH / Brad Brown","Always","Carrier","Off","1","1","1","Off","4","1","None","None","Off","Off","Off","Off","Normal Encryption","Off","Off","Off","Off","251.1","1","Off","Off","Off","Off","Off","Off","1","0","Off","0","2","0","0","0","0","0","0","0","0","0","4"
"1759","HNKNH Parrot","448.57500","443.57500","D-Digital","Turbo","12.5K","Off","Off","Parrot","Group Call","9998","KC1JMH / Brad Brown","Always","Carrier","Off","1","1","1","Off","4","1","None","None","Off","Off","Off","Off","Normal Encryption","Off","Off","Off","Off","251.1","1","Off","Off","Off","Off","Off","Off","1","0","Off","0","2","0","0","0","0","0","0","0","0","0","4"
"1760","HNKNH RI SW","448.57500","443.57500","D-Digital","Turbo","12.5K","Off","Off","RI Statewide","Group Call","3144","KC1JMH / Brad Brown","Always","Carrier","Off","1","1","1","Off","4","1","None","None","Off","Off","Off","Off","Normal Encryption","Off","Off","Off","Off","251.1","1","Off","Off","Off","Off","Off","Off","1","0","Off","0","2","0","0","0","0","0","0","0","0","0","4"
"1761","HNKNH SKYWARN","448.57500","443.57500","D-Digital","Turbo","12.5K","Off","Off","SKYWARN","Group Call","759","KC1JMH / Brad Brown","Always","Carrier","Off","1","1","1","Off","4","1","None","None","Off","Off","Off","Off","Normal Encryption","Off","Off","Off","Off","251.1","1","Off","Off","Off","Off","Off","Off","1","0","Off","0","2","0","0","0","0","0","0","0","0","0","4"
"1762","HNKNH TAC310","448.57500","443.57500","D-Digital","Turbo","12.5K","Off","Off","TAC310","Group Call","310","KC1JMH / Brad Brown","Always","Carrier","Off","1","1","1","Off","4","1","None","None","Off","Off","Off","Off","Normal Encryption","Off","Off","Off","Off","251.1","1","Off","Off","Off","Off","Off","Off","1","0","Off","0","2","0","0","0","0","0","0","0","0","0","4"
"1763","HNKNH TAC311","448.57500","443.57500","D-Digital","Turbo","12.5K","Off","Off","TAC311","Group Call","311","KC1JMH / Brad Brown","Always","Carrier","Off","1","1","1","Off","4","1","None","None","Off","Off","Off","Off","Normal Encryption","Off","Off","Off","Off","251.1","1","Off","Off","Off","Off","Off","Off","1","0","Off","0","2","0","0","0","0","0","0","0","0","0","4"
"1764","HNKNH VT SW","448.57500","443.57500","D-Digital","Turbo","12.5K","Off","Off","VT Statewide","Group Call","3150","KC1JMH / Brad Brown","Always","Carrier","Off","1","1","1","Off","4","1","None","None","Off","Off","Off","Off","Normal Encryption","Off","Off","Off","Off","251.1","1","Off","Off","Off","Off","Off","Off","1","0","Off","0","2","0","0","0","0","0","0","0","0","0","4"
"1765","HNKNH WW","448.57500","443.57500","D-Digital","Turbo","12.5K","Off","Off","WW Call","Group Call","1","KC1JMH / Brad Brown","Always","Carrier","Off","1","1","1","Off","4","1","None","None","Off","Off","Off","Off","Normal Encryption","Off","Off","Off","Off","251.1","1","Off","Off","Off","Off","Off","Off","1","0","Off","0","2","0","0","0","0","0","0","0","0","0","4"
"1766","HUDNE1B CT SW","147.10500","147.70500","D-Digital","High","12.5K","Off","Off","CT Statewide","Group Call","3109","KC1JMH / Brad Brown","Always","Carrier","Off","1","1","1","Off","0","1","None","None","Off","Off","Off","Off","Normal Encryption","Off","Off","Off","Off","251.1","1","Off","On","Off","Off","Off","Off","1","0","Off","0","2","0","0","0","0","0","0","0","0","0","0"
"1767","HUDNE1B Local","147.10500","147.70500","D-Digital","High","12.5K","Off","Off","Local","Group Call","9","KC1JMH / Brad Brown","Always","Carrier","Off","1","1","1","Off","0","2","None","None","Off","Off","Off","Off","Normal Encryption","Off","Off","Off","Off","251.1","1","Off","On","Off","Off","Off","Off","1","0","Off","0","2","0","0","0","0","0","0","0","0","0","0"
"1768","HUDNE1B MA SW","147.10500","147.70500","D-Digital","High","12.5K","Off","Off","MA Statewide","Group Call","3125","KC1JMH / Brad Brown","Always","Carrier","Off","1","1","1","Off","0","1","None","None","Off","Off","Off","Off","Normal Encryption","Off","Off","Off","Off","251.1","1","Off","On","Off","Off","Off","Off","1","0","Off","0","2","0","0","0","0","0","0","0","0","0","0"
"1769","HUDNE1B ME SW","147.10500","147.70500","D-Digital","High","12.5K","Off","Off","ME Statewide","Group Call","3123","KC1JMH / Brad Brown","Always","Carrier","Off","1","1","1","Off","0","1","None","None","Off","Off","Off","Off","Normal Encryption","Off","Off","Off","Off","251.1","1","Off","On","Off","Off","Off","Off","1","0","Off","0","2","0","0","0","0","0","0","0","0","0","0"
"1770","HUDNE1B NE Wide","147.10500","147.70500","D-Digital","High","12.5K","Off","Off","New England-Wide","Group Call","3181","KC1JMH / Brad Brown","Always","Carrier","Off","1","1","1","Off","0","2","None","None","Off","Off","Off","Off","Normal Encryption","Off","Off","Off","Off","251.1","1","Off","On","Off","Off","Off","Off","1","0","Off","0","2","0","0","0","0","0","0","0","0","0","0"
"1771","HUDNE1B NETAC1","147.10500","147.70500","D-Digital","High","12.5K","Off","Off","NETAC1","Group Call","8801","KC1JMH / Brad Brown","Always","Carrier","Off","1","1","1","Off","0","1","None","None","Off","Off","Off","Off","Normal Encryption","Off","Off","Off","Off","251.1","1","Off","On","Off","Off","Off","Off","1","0","Off","0","2","0","0","0","0","0","0","0","0","0","0"
"1772","HUDNE1B NETAC2","147.10500","147.70500","D-Digital","High","12.5K","Off","Off","NETAC2","Group Call","8802","KC1JMH / Brad Brown","Always","Carrier","Off","1","1","1","Off","0","2","None","None","Off","Off","Off","Off","Normal Encryption","Off","Off","Off","Off","251.1","1","Off","On","Off","Off","Off","Off","1","0","Off","0","2","0","0","0","0","0","0","0","0","0","0"
"1773","HUDNE1B NH SW","147.10500","147.70500","D-Digital","High","12.5K","Off","Off","NH Statewide","Group Call","3133","KC1JMH / Brad Brown","Always","Carrier","Off","1","1","1","Off","0","2","None","None","Off","Off","Off","Off","Normal Encryption","Off","Off","Off","Off","251.1","1","Off","On","Off","Off","Off","Off","1","0","Off","0","2","0","0","0","0","0","0","0","0","0","0"
"1774","HUDNE1B Neast","147.10500","147.70500","D-Digital","High","12.5K","Off","Off","Northeast","Group Call","3172","KC1JMH / Brad Brown","Always","Carrier","Off","1","1","1","Off","0","1","None","None","Off","Off","Off","Off","Normal Encryption","Off","Off","Off","Off","251.1","1","Off","On","Off","Off","Off","Off","1","0","Off","0","2","0","0","0","0","0","0","0","0","0","0"
"1775","HUDNE1B North Am","147.10500","147.70500","D-Digital","High","12.5K","Off","Off","North America","Group Call","3","KC1JMH / Brad Brown","Always","Carrier","Off","1","1","1","Off","0","1","None","None","Off","Off","Off","Off","Normal Encryption","Off","Off","Off","Off","251.1","1","Off","On","Off","Off","Off","Off","1","0","Off","0","2","0","0","0","0","0","0","0","0","0","0"
"1776","HUDNE1B Parrot","147.10500","147.70500","D-Digital","High","12.5K","Off","Off","Parrot","Group Call","9998","KC1JMH / Brad Brown","Always","Carrier","Off","1","1","1","Off","0","1","None","None","Off","Off","Off","Off","Normal Encryption","Off","Off","Off","Off","251.1","1","Off","On","Off","Off","Off","Off","1","0","Off","0","2","0","0","0","0","0","0","0","0","0","0"
"1777","HUDNE1B Reg N","147.10500","147.70500","D-Digital","High","12.5K","Off","Off","Region North","Group Call","8","KC1JMH / Brad Brown","Always","Carrier","Off","1","1","1","Off","0","1","None","None","Off","Off","Off","Off","Normal Encryption","Off","Off","Off","Off","251.1","1","Off","On","Off","Off","Off","Off","1","0","Off","0","2","0","0","0","0","0","0","0","0","0","0"
"1778","HUDNE1B SKYWARN","147.10500","147.70500","D-Digital","High","12.5K","Off","Off","SKYWARN","Group Call","759","KC1JMH / Brad Brown","Always","Carrier","Off","1","1","1","Off","0","1","None","None","Off","Off","Off","Off","Normal Encryption","Off","Off","Off","Off","251.1","1","Off","On","Off","Off","Off","Off","1","0","Off","0","2","0","0","0","0","0","0","0","0","0","0"
"1779","HUDNE1B TAC310","147.10500","147.70500","D-Digital","High","12.5K","Off","Off","TAC310","Group Call","310","KC1JMH / Brad Brown","Always","Carrier","Off","1","1","1","Off","0","1","None","None","Off","Off","Off","Off","Normal Encryption","Off","Off","Off","Off","251.1","1","Off","On","Off","Off","Off","Off","1","0","Off","0","2","0","0","0","0","0","0","0","0","0","0"
"1780","HUDNE1B TAC311","147.10500","147.70500","D-Digital","High","12.5K","Off","Off","TAC311","Group Call","311","KC1JMH / Brad Brown","Always","Carrier","Off","1","1","1","Off","0","1","None","None","Off","Off","Off","Off","Normal Encryption","Off","Off","Off","Off","251.1","1","Off","On","Off","Off","Off","Off","1","0","Off","0","2","0","0","0","0","0","0","0","0","0","0"
"1781","HUDNE1B UA Eng1","147.10500","147.70500","D-Digital","High","12.5K","Off","Off","UA English 1-113","Group Call","113","KC1JMH / Brad Brown","Always","Carrier","Off","1","1","1","Off","0","1","None","None","Off","Off","Off","Off","Normal Encryption","Off","Off","Off","Off","251.1","1","Off","On","Off","Off","Off","Off","1","0","Off","0","2","0","0","0","0","0","0","0","0","0","0"
"1782","HUDNE1B UA Eng2","147.10500","147.70500","D-Digital","High","12.5K","Off","Off","UA English 2-123","Group Call","123","KC1JMH / Brad Brown","Always","Carrier","Off","1","1","1","Off","0","1","None","None","Off","Off","Off","Off","Normal Encryption","Off","Off","Off","Off","251.1","1","Off","On","Off","Off","Off","Off","1","0","Off","0","2","0","0","0","0","0","0","0","0","0","0"
"1783","HUDNE1B VT SW","147.10500","147.70500","D-Digital","High","12.5K","Off","Off","VT Statewide","Group Call","3150","KC1JMH / Brad Brown","Always","Carrier","Off","1","1","1","Off","0","1","None","None","Off","Off","Off","Off","Normal Encryption","Off","Off","Off","Off","251.1","1","Off","On","Off","Off","Off","Off","1","0","Off","0","2","0","0","0","0","0","0","0","0","0","0"
"1784","HUDNE1B WW","147.10500","147.70500","D-Digital","High","12.5K","Off","Off","WW Call","Group Call","1","KC1JMH / Brad Brown","Always","Carrier","Off","1","1","1","Off","0","1","None","None","Off","Off","Off","Off","Normal Encryption","Off","Off","Off","Off","251.1","1","Off","On","Off","Off","Off","Off","1","0","Off","0","2","0","0","0","0","0","0","0","0","0","0"
"1785","HUDNE1B WW Eng","147.10500","147.70500","D-Digital","High","12.5K","Off","Off","WW English","Group Call","13","KC1JMH / Brad Brown","Always","Carrier","Off","1","1","1","Off","0","1","None","None","Off","Off","Off","Off","Normal Encryption","Off","Off","Off","Off","251.1","1","Off","On","Off","Off","Off","Off","1","0","Off","0","2","0","0","0","0","0","0","0","0","0","0"
"1786","WJ1L Alfred 2m","145.41000","144.81000","A-Analog","Turbo","25K","103.5","103.5","Local","Group Call","9","KC1JMH / Brad Brown","Off","CTCSS/DCS","Off","1","1","1","Off","1","1","None","None","Off","Off","Off","Off","Normal Encryption","Off","Off","Off","Off","251.1","1","Off","On","Off","Off","Off","Off","1","0","Off","0","0","0","0","0","0","0","0","0","0","0","1"
"1787","WJ1L Alfred 70cm","448.72500","443.72500","A-Analog","High","25K","103.5","103.5","Local","Group Call","9","KC1JMH / Brad Brown","Off","CTCSS/DCS","Off","1","1","1","Off","1","1","None","None","Off","Off","Off","Off","Normal Encryption","Off","Off","Off","Off","251.1","1","Off","On","Off","Off","Off","Off","1","0","Off","0","0","0","0","0","0","0","0","0","0","0","1"
"1788","W1BHR Alfred","147.34500","147.94500","A-Analog","Turbo","25K","123.0","123.0","Local","Group Call","9","KC1JMH / Brad Brown","Off","CTCSS/DCS","Off","1","1","1","Off","1","1","All Analog","None","Off","Off","Off","Off","Normal Encryption","Off","Off","Off","Off","251.1","1","Off","On","Off","Off","Off","Off","1","0","Off","0","0","0","0","0","0","0","0","0","0","0","0"
"1789","KQ1L York","147.18000","147.78000","A-Analog","High","25K","131.8","131.8","Local","Group Call","9","KC1JMH / Brad Brown","Off","CTCSS/DCS","Off","1","1","1","Off","1","1","None","None","Off","Off","Off","Off","Normal Encryption","Off","Off","Off","Off","251.1","1","Off","On","Off","Off","Off","Off","1","0","Off","0","0","0","0","0","0","0","0","0","0","0","0"
"1790","KQ1L Buckfield","146.88000","146.28000","A-Analog","Turbo","25K","88.5","100.0","Local","Group Call","9","KC1JMH / Brad Brown","Off","Carrier","Off","1","1","1","Off","1","1","All Analog","None","Off","Off","Off","Off","Normal Encryption","Off","Off","Off","Off","251.1","1","Off","On","Off","Off","Off","Off","1","0","Off","0","0","0","0","0","0","0","0","0","0","0","0"
"1791","N1ROA Sanford","146.80500","146.20500","A-Analog","High","25K","103.5","103.5","Local","Group Call","9","KC1JMH / Brad Brown","Off","CTCSS/DCS","Off","1","1","1","Off","1","1","All Analog","None","Off","Off","Off","Off","Normal Encryption","Off","Off","Off","Off","251.1","1","Off","On","Off","Off","Off","Off","1","0","Off","0","0","0","0","0","0","0","0","0","0","0","0"
"1792","K1AAM Hiram","147.01500","147.61500","A-Analog","High","25K","103.5","103.5","Local","Group Call","9","KC1JMH / Brad Brown","Off","CTCSS/DCS","Off","1","1","1","Off","1","1","None","None","Off","Off","Off","Off","Normal Encryption","Off","Off","Off","Off","251.1","1","Off","On","Off","Off","Off","Off","1","0","Off","0","0","0","0","0","0","0","0","0","0","0","0"
"1793","N1SNR Westbrook","147.27000","147.87000","A-Analog","High","25K","103.5","103.5","Local","Group Call","9","KC1JMH / Brad Brown","Off","CTCSS/DCS","Off","1","1","1","Off","1","1","None","None","Off","Off","Off","Off","Normal Encryption","Off","Off","Off","Off","251.1","1","Off","On","Off","Off","Off","Off","1","0","Off","0","0","0","0","0","0","0","0","0","0","0","0"
"1794","K1AAM Naples","146.83500","146.23500","A-Analog","High","25K","103.5","103.5","Local","Group Call","9","KC1JMH / Brad Brown","Off","CTCSS/DCS","Off","1","1","1","Off","1","1","None","None","Off","Off","Off","Off","Normal Encryption","Off","Off","Off","Off","251.1","1","Off","On","Off","Off","Off","Off","1","0","Off","0","0","0","0","0","0","0","0","0","0","0","0"
"1795","W6BZ Arundel","146.92500","146.32500","A-Analog","High","25K","103.5","103.5","Local","Group Call","9","KC1JMH / Brad Brown","Off","CTCSS/DCS","Off","1","1","1","Off","1","1","None","None","Off","Off","Off","Off","Normal Encryption","Off","Off","Off","Off","251.1","1","Off","On","Off","Off","Off","Off","1","0","Off","0","0","0","0","0","0","0","0","0","0","0","0"
"1796","W1QUI Falmouth","147.09000","147.69000","A-Analog","Turbo","25K","100.0","100.0","Local","Group Call","9","KC1JMH / Brad Brown","Off","CTCSS/DCS","Off","1","1","1","Off","1","1","None","None","Off","Off","Off","Off","Normal Encryption","Off","Off","Off","Off","251.1","1","Off","On","Off","Off","Off","Off","1","0","Off","0","0","0","0","0","0","0","0","0","0","0","0"
"1797","W1KVI Falmouth","146.73000","146.13000","A-Analog","High","25K","62.5","62.5","Local","Group Call","9","KC1JMH / Brad Brown","Off","CTCSS/DCS","Off","1","1","1","Off","1","1","None","None","Off","Off","Off","Off","Normal Encryption","Off","Off","Off","Off","251.1","1","Off","On","Off","Off","Off","Off","1","0","Off","0","0","0","0","0","0","0","0","0","0","0","0"
"1798","K1SA Portland","147.36000","147.96000","A-Analog","High","25K","62.5","62.5","Local","Group Call","9","KC1JMH / Brad Brown","Off","CTCSS/DCS","Off","1","1","1","Off","1","1","None","None","Off","Off","Off","Off","Normal Encryption","Off","Off","Off","Off","251.1","1","Off","On","Off","Off","Off","Off","1","0","Off","0","0","0","0","0","0","0","0","0","0","0","0"
"1799","K1MV Gray","147.04500","147.64500","A-Analog","High","25K","103.5","103.5","Local","Group Call","9","KC1JMH / Brad Brown","Off","CTCSS/DCS","Off","1","1","1","Off","1","1","None","None","Off","Off","Off","Off","Normal Encryption","Off","Off","Off","Off","251.1","1","Off","On","Off","Off","Off","Off","1","0","Off","0","0","0","0","0","0","0","0","0","0","0","0"
"1800","W1NPP Poland","147.31500","147.91500","A-Analog","High","25K","103.5","103.5","Local","Group Call","9","KC1JMH / Brad Brown","Off","CTCSS/DCS","Off","1","1","1","Off","1","1","None","None","Off","Off","Off","Off","Normal Encryption","Off","Off","Off","Off","251.1","1","Off","On","Off","Off","Off","Off","1","0","Off","0","0","0","0","0","0","0","0","0","0","0","0"
"1801","W1NPP Auburn","146.61000","146.01000","A-Analog","High","25K","88.5","88.5","Local","Group Call","9","KC1JMH / Brad Brown","Off","CTCSS/DCS","Off","1","1","1","Off","1","1","None","None","Off","Off","Off","Off","Normal Encryption","Off","Off","Off","Off","251.1","1","Off","On","Off","Off","Off","Off","1","0","Off","0","0","0","0","0","0","0","0","0","0","0","0"
"1802","WZ1J Brunswick","147.13500","147.73500","A-Analog","High","25K","103.5","103.5","Local","Group Call","9","KC1JMH / Brad Brown","Off","CTCSS/DCS","Off","1","1","1","Off","1","1","None","None","Off","Off","Off","Off","Normal Encryption","Off","Off","Off","Off","251.1","1","Off","On","Off","Off","Off","Off","1","0","Off","0","0","0","0","0","0","0","0","0","0","0","0"
"1803","K8MOT Bridgton","145.21000","144.61000","A-Analog","High","25K","118.8","118.8","Local","Group Call","9","KC1JMH / Brad Brown","Off","CTCSS/DCS","Off","1","1","1","Off","1","1","All Analog","None","Off","Off","Off","Off","Normal Encryption","Off","Off","Off","Off","251.1","1","Off","On","Off","Off","Off","Off","1","0","Off","0","0","0","0","0","0","0","0","0","0","0","0"
"1804","W1PIG Wales ME","145.29000","144.69000","A-Analog","High","25K","100.0","62.5","Local","Group Call","9","KC1JMH / Brad Brown","Off","CTCSS/DCS","Off","1","1","1","Off","1","1","None","None","Off","Off","Off","Off","Normal Encryption","Off","Off","Off","Off","251.1","1","Off","On","Off","Off","Off","Off","1","0","Off","0","0","0","0","0","0","0","0","0","0","0","0"
"1805","W1NH Mt Washing","146.65500","146.05500","A-Analog","High","25K","62.5","62.5","Local","Group Call","9","KC1JMH / Brad Brown","Off","CTCSS/DCS","Off","1","1","1","Off","1","1","None","None","Off","Off","Off","Off","Normal Encryption","Off","Off","Off","Off","251.1","1","Off","On","Off","Off","Off","Off","1","0","Off","0","0","0","0","0","0","0","0","0","0","0","0"
"1806","W1BST Ossipee","147.03000","147.63000","A-Analog","High","25K","88.5","88.5","Local","Group Call","9","KC1JMH / Brad Brown","Off","CTCSS/DCS","Off","1","1","1","Off","1","1","None","None","Off","Off","Off","Off","Normal Encryption","Off","Off","Off","Off","251.1","1","Off","On","Off","Off","Off","Off","1","0","Off","0","0","0","0","0","0","0","0","0","0","0","0"
"1807","W1JY Gilford NH","146.98500","146.38500","A-Analog","High","25K","123.0","123.0","Local","Group Call","9","KC1JMH / Brad Brown","Off","CTCSS/DCS","Off","1","1","1","Off","1","1","None","None","Off","Off","Off","Off","Normal Encryption","Off","Off","Off","Off","251.1","1","Off","On","Off","Off","Off","Off","1","0","Off","0","0","0","0","0","0","0","0","0","0","0","0"
"1808","W1SRA Saddleback","147.00000","146.40000","A-Analog","High","25K","62.5","62.5","Local","Group Call","9","KC1JMH / Brad Brown","Off","CTCSS/DCS","Off","1","1","1","Off","1","1","None","None","Off","Off","Off","Off","Normal Encryption","Off","Off","Off","Off","251.1","1","Off","On","Off","Off","Off","Off","1","0","Off","0","0","0","0","0","0","0","0","0","0","0","0"
"1809","W1ALE Merrimack","146.94000","146.34000","A-Analog","High","25K","114.8","114.8","Local","Group Call","9","KC1JMH / Brad Brown","Off","CTCSS/DCS","Off","1","1","1","Off","1","1","None","None","Off","Off","Off","Off","Normal Encryption","Off","Off","Off","Off","251.1","1","Off","On","Off","Off","Off","Off","1","0","Off","0","0","0","0","0","0","0","0","0","0","0","0"
"1810","K1CA Derry NH","146.85000","146.25000","A-Analog","High","25K","85.4","85.4","Local","Group Call","9","KC1JMH / Brad Brown","Off","CTCSS/DCS","Off","1","1","1","Off","1","1","None","None","Off","Off","Off","Off","Normal Encryption","Off","Off","Off","Off","251.1","1","Off","On","Off","Off","Off","Off","1","0","Off","0","0","0","0","0","0","0","0","0","0","0","0"
"1811","DMRS 145.510","145.51000","145.51000","D-Digital","High","12.5K","Off","Off","DMR Simplex","Group Call","99","KC1JMH / Brad Brown","Always","Carrier","Off","1","1","1","Off","1","1","None","None","Off","Off","Off","Off","Normal Encryption","Off","Off","Off","Off","251.1","1","Off","On","Off","Off","Off","Off","1","0","Off","0","0","0","0","0","0","0","0","0","0","0","1"
"1812","DMRS 146.790","146.79000","146.79000","D-Digital","High","12.5K","Off","Off","DMR Simplex","Group Call","99","KC1JMH / Brad Brown","Always","Carrier","Off","1","1","1","Off","1","1","None","None","Off","Off","Off","Off","Normal Encryption","Off","Off","Off","Off","251.1","1","Off","On","Off","Off","Off","Off","1","0","Off","0","0","0","0","0","0","0","0","0","0","0","1"
"1813","DMRS 441.000","441.00000","441.00000","D-Digital","High","12.5K","Off","Off","DMR Simplex","Group Call","99","KC1JMH / Brad Brown","Always","Carrier","Off","1","1","1","Off","1","1","None","None","Off","Off","Off","Off","Normal Encryption","Off","Off","Off","Off","251.1","1","Off","On","Off","Off","Off","Off","1","0","Off","0","0","0","0","0","0","0","0","0","0","0","1"
"1814","DMRS 446.500","446.50000","446.50000","D-Digital","High","12.5K","Off","Off","DMR Simplex","Group Call","99","KC1JMH / Brad Brown","Always","Carrier","Off","1","1","1","Off","1","1","None","None","Off","Off","Off","Off","Normal Encryption","Off","Off","Off","Off","251.1","1","Off","On","Off","Off","Off","Off","1","0","Off","0","0","0","0","0","0","0","0","0","0","0","1"
"1815","DMRS 446.075","446.07500","446.07500","D-Digital","High","12.5K","Off","Off","DMR Simplex","Group Call","99","KC1JMH / Brad Brown","Always","Carrier","Off","1","1","1","Off","1","1","None","None","Off","Off","Off","Off","Normal Encryption","Off","Off","Off","Off","251.1","1","Off","On","Off","Off","Off","Off","1","0","Off","0","0","0","0","0","0","0","0","0","0","0","1"
"1816","DMRS 443.450","443.45000","443.45000","D-Digital","High","12.5K","Off","Off","DMR Simplex","Group Call","99","KC1JMH / Brad Brown","Always","Carrier","Off","1","1","1","Off","1","1","None","None","Off","Off","Off","Off","Normal Encryption","Off","Off","Off","Off","251.1","1","Off","On","Off","Off","Off","Off","1","0","Off","0","0","0","0","0","0","0","0","0","0","0","1"
"1817","2m Call 146.52","146.52000","146.52000","A-Analog","Mid","25K","Off","Off","Local","Group Call","9","KC1JMH / Brad Brown","Off","Carrier","Off","1","1","1","Off","1","1","None","None","Off","Off","Off","Off","Normal Encryption","Off","Off","Off","Off","251.1","1","Off","On","Off","Off","Off","Off","1","0","Off","0","0","0","0","0","0","0","0","0","0","0","0"
"1818","70cm Call 446.00","446.00000","446.00000","A-Analog","High","25K","Off","Off","Local","Group Call","9","KC1JMH / Brad Brown","Off","Carrier","Off","1","1","1","Off","1","1","None","None","Off","Off","Off","Off","Normal Encryption","Off","Off","Off","Off","251.1","1","Off","On","Off","Off","Off","Off","1","0","Off","0","0","0","0","0","0","0","0","0","0","0","0"
"1819","APRS Analog","144.39000","144.39000","A-Analog","High","25K","Off","Off","Local","Group Call","9","KC1JMH / Brad Brown","Off","Carrier","Off","1","1","1","Off","4","2","None","None","Off","Off","Off","Off","Normal Encryption","Off","Off","Off","Off","251.1","1","Off","On","On","Off","Off","Off","1","0","Off","0","0","0","0","0","0","0","0","0","0","0","0"
"1820","Weather 1","162.40000","162.40000","A-Analog","High","25K","Off","Off","Local","Group Call","9","KC1JMH / Brad Brown","Off","Carrier","Off","1","1","1","Off","1","1","Weather","None","On","Off","Off","Off","Normal Encryption","Off","Off","Off","Off","251.1","1","Off","On","Off","Off","Off","Off","1","0","Off","0","0","0","0","0","0","0","0","0","0","0","0"
"1821","Weather 2","162.42500","162.42500","A-Analog","High","25K","Off","Off","Local","Group Call","9","KC1JMH / Brad Brown","Off","Carrier","Off","1","1","1","Off","1","1","Weather","None","On","Off","Off","Off","Normal Encryption","Off","Off","Off","Off","251.1","1","Off","On","Off","Off","Off","Off","1","0","Off","0","0","0","0","0","0","0","0","0","0","0","0"
"1822","Weather 3","162.45000","162.45000","A-Analog","High","25K","Off","Off","Local","Group Call","9","KC1JMH / Brad Brown","Off","Carrier","Off","1","1","1","Off","1","1","Weather","None","On","Off","Off","Off","Normal Encryption","Off","Off","Off","Off","251.1","1","Off","On","Off","Off","Off","Off","1","0","Off","0","0","0","0","0","0","0","0","0","0","0","0"
"1823","Weather 4","162.47500","162.47500","A-Analog","High","25K","Off","Off","Local","Group Call","9","KC1JMH / Brad Brown","Off","Carrier","Off","1","1","1","Off","1","1","Weather","None","On","Off","Off","Off","Normal Encryption","Off","Off","Off","Off","251.1","1","Off","On","Off","Off","Off","Off","1","0","Off","0","0","0","0","0","0","0","0","0","0","0","0"
"1824","Weather 5","162.50000","162.50000","A-Analog","High","25K","Off","Off","Local","Group Call","9","KC1JMH / Brad Brown","Off","Carrier","Off","1","1","1","Off","1","1","Weather","None","On","Off","Off","Off","Normal Encryption","Off","Off","Off","Off","251.1","1","Off","On","Off","Off","Off","Off","1","0","Off","0","0","0","0","0","0","0","0","0","0","0","0"
"1825","Weather 6","162.52500","162.52500","A-Analog","High","25K","Off","Off","Local","Group Call","9","KC1JMH / Brad Brown","Off","Carrier","Off","1","1","1","Off","1","1","Weather","None","On","Off","Off","Off","Normal Encryption","Off","Off","Off","Off","251.1","1","Off","On","Off","Off","Off","Off","1","0","Off","0","0","0","0","0","0","0","0","0","0","0","0"
"1826","Weather 7","162.55000","162.55000","A-Analog","High","25K","Off","Off","Local","Group Call","9","KC1JMH / Brad Brown","Off","Carrier","Off","1","1","1","Off","1","1","Weather","None","On","Off","Off","Off","Normal Encryption","Off","Off","Off","Off","251.1","1","Off","On","Off","Off","Off","Off","1","0","Off","0","0","0","0","0","0","0","0","0","0","0","0"
"1827","Marine 01A","156.05000","156.05000","A-Analog","High","25K","Off","Off","Local","Group Call","9","KC1JMH / Brad Brown","Off","Carrier","Off","1","1","1","Off","1","1","Marine","None","Off","Off","Off","Off","Normal Encryption","Off","Off","Off","Off","251.1","1","Off","On","Off","Off","Off","Off","1","0","Off","0","0","0","0","0","0","0","0","0","0","0","0"
"1828","Marine 05A","156.25000","156.25000","A-Analog","High","25K","Off","Off","Local","Group Call","9","KC1JMH / Brad Brown","Off","Carrier","Off","1","1","1","Off","1","1","Marine","None","Off","Off","Off","Off","Normal Encryption","Off","Off","Off","Off","251.1","1","Off","On","Off","Off","Off","Off","1","0","Off","0","0","0","0","0","0","0","0","0","0","0","0"
"1829","Marine 6","156.30000","156.30000","A-Analog","High","25K","Off","Off","Local","Group Call","9","KC1JMH / Brad Brown","Off","Carrier","Off","1","1","1","Off","1","1","Marine","None","Off","Off","Off","Off","Normal Encryption","Off","Off","Off","Off","251.1","1","Off","On","Off","Off","Off","Off","1","0","Off","0","0","0","0","0","0","0","0","0","0","0","0"
"1830","Marine 07A","156.35000","156.35000","A-Analog","High","25K","Off","Off","Local","Group Call","9","KC1JMH / Brad Brown","Off","Carrier","Off","1","1","1","Off","1","1","Marine","None","Off","Off","Off","Off","Normal Encryption","Off","Off","Off","Off","251.1","1","Off","On","Off","Off","Off","Off","1","0","Off","0","0","0","0","0","0","0","0","0","0","0","0"
"1831","Marine 8","156.40000","156.40000","A-Analog","High","25K","Off","Off","Local","Group Call","9","KC1JMH / Brad Brown","Off","Carrier","Off","1","1","1","Off","1","1","Marine","None","Off","Off","Off","Off","Normal Encryption","Off","Off","Off","Off","251.1","1","Off","On","Off","Off","Off","Off","1","0","Off","0","0","0","0","0","0","0","0","0","0","0","0"
"1832","Marine 9","156.45000","156.45000","A-Analog","High","25K","Off","Off","Local","Group Call","9","KC1JMH / Brad Brown","Off","Carrier","Off","1","1","1","Off","1","1","Marine","None","Off","Off","Off","Off","Normal Encryption","Off","Off","Off","Off","251.1","1","Off","On","Off","Off","Off","Off","1","0","Off","0","0","0","0","0","0","0","0","0","0","0","0"
"1833","Marine 10","156.50000","156.50000","A-Analog","High","25K","Off","Off","Local","Group Call","9","KC1JMH / Brad Brown","Off","Carrier","Off","1","1","1","Off","1","1","Marine","None","Off","Off","Off","Off","Normal Encryption","Off","Off","Off","Off","251.1","1","Off","On","Off","Off","Off","Off","1","0","Off","0","0","0","0","0","0","0","0","0","0","0","0"
"1834","Marine 11","156.55000","156.55000","A-Analog","High","25K","Off","Off","Local","Group Call","9","KC1JMH / Brad Brown","Off","Carrier","Off","1","1","1","Off","1","1","Marine","None","Off","Off","Off","Off","Normal Encryption","Off","Off","Off","Off","251.1","1","Off","On","Off","Off","Off","Off","1","0","Off","0","0","0","0","0","0","0","0","0","0","0","0"
"1835","Marine 12","156.60000","156.60000","A-Analog","High","25K","Off","Off","Local","Group Call","9","KC1JMH / Brad Brown","Off","Carrier","Off","1","1","1","Off","1","1","Marine","None","Off","Off","Off","Off","Normal Encryption","Off","Off","Off","Off","251.1","1","Off","On","Off","Off","Off","Off","1","0","Off","0","0","0","0","0","0","0","0","0","0","0","0"
"1836","Marine 13","156.65000","156.65000","A-Analog","High","25K","Off","Off","Local","Group Call","9","KC1JMH / Brad Brown","Off","Carrier","Off","1","1","1","Off","1","1","Marine","None","Off","Off","Off","Off","Normal Encryption","Off","Off","Off","Off","251.1","1","Off","On","Off","Off","Off","Off","1","0","Off","0","0","0","0","0","0","0","0","0","0","0","0"
"1837","Marine 14","156.70000","156.70000","A-Analog","High","25K","Off","Off","Local","Group Call","9","KC1JMH / Brad Brown","Off","Carrier","Off","1","1","1","Off","1","1","Marine","None","Off","Off","Off","Off","Normal Encryption","Off","Off","Off","Off","251.1","1","Off","On","Off","Off","Off","Off","1","0","Off","0","0","0","0","0","0","0","0","0","0","0","0"
"1838","Marine 15","156.75000","156.75000","A-Analog","High","25K","Off","Off","Local","Group Call","9","KC1JMH / Brad Brown","Off","Carrier","Off","1","1","1","Off","1","1","Marine","None","On","Off","Off","Off","Normal Encryption","Off","Off","Off","Off","251.1","1","Off","On","Off","Off","Off","Off","1","0","Off","0","0","0","0","0","0","0","0","0","0","0","0"
"1839","Marine 16","156.80000","156.80000","A-Analog","High","25K","Off","Off","Local","Group Call","9","KC1JMH / Brad Brown","Off","Carrier","Off","1","1","1","Off","1","1","Marine","None","Off","Off","Off","Off","Normal Encryption","Off","Off","Off","Off","251.1","1","Off","On","Off","Off","Off","Off","1","0","Off","0","0","0","0","0","0","0","0","0","0","0","0"
"1840","Marine 17","156.85000","156.85000","A-Analog","High","25K","Off","Off","Local","Group Call","9","KC1JMH / Brad Brown","Off","Carrier","Off","1","1","1","Off","1","1","Marine","None","Off","Off","Off","Off","Normal Encryption","Off","Off","Off","Off","251.1","1","Off","On","Off","Off","Off","Off","1","0","Off","0","0","0","0","0","0","0","0","0","0","0","0"
"1841","Marine 18A","156.90000","156.90000","A-Analog","High","25K","Off","Off","Local","Group Call","9","KC1JMH / Brad Brown","Off","Carrier","Off","1","1","1","Off","1","1","Marine","None","Off","Off","Off","Off","Normal Encryption","Off","Off","Off","Off","251.1","1","Off","On","Off","Off","Off","Off","1","0","Off","0","0","0","0","0","0","0","0","0","0","0","0"
"1842","Marine 19A","156.95000","156.95000","A-Analog","High","25K","Off","Off","Local","Group Call","9","KC1JMH / Brad Brown","Off","Carrier","Off","1","1","1","Off","1","1","Marine","None","Off","Off","Off","Off","Normal Encryption","Off","Off","Off","Off","251.1","1","Off","On","Off","Off","Off","Off","1","0","Off","0","0","0","0","0","0","0","0","0","0","0","0"
"1843","Marine 20","161.60000","157.00000","A-Analog","High","25K","Off","Off","Local","Group Call","9","KC1JMH / Brad Brown","Off","Carrier","Off","1","1","1","Off","1","1","Marine","None","Off","Off","Off","Off","Normal Encryption","Off","Off","Off","Off","251.1","1","Off","On","Off","Off","Off","Off","1","0","Off","0","0","0","0","0","0","0","0","0","0","0","0"
"1844","Marine 20A","157.00000","157.00000","A-Analog","High","25K","Off","Off","Local","Group Call","9","KC1JMH / Brad Brown","Off","Carrier","Off","1","1","1","Off","1","1","Marine","None","Off","Off","Off","Off","Normal Encryption","Off","Off","Off","Off","251.1","1","Off","On","Off","Off","Off","Off","1","0","Off","0","0","0","0","0","0","0","0","0","0","0","0"
"1845","Marine 21A","157.05000","157.05000","A-Analog","High","25K","Off","Off","Local","Group Call","9","KC1JMH / Brad Brown","Off","Carrier","Off","1","1","1","Off","1","1","Marine","None","Off","Off","Off","Off","Normal Encryption","Off","Off","Off","Off","251.1","1","Off","On","Off","Off","Off","Off","1","0","Off","0","0","0","0","0","0","0","0","0","0","0","0"
"1846","Marine 22A","157.10000","157.10000","A-Analog","High","25K","Off","Off","Local","Group Call","9","KC1JMH / Brad Brown","Off","Carrier","Off","1","1","1","Off","1","1","Marine","None","Off","Off","Off","Off","Normal Encryption","Off","Off","Off","Off","251.1","1","Off","On","Off","Off","Off","Off","1","0","Off","0","0","0","0","0","0","0","0","0","0","0","0"
"1847","Marine 23A","157.15000","157.15000","A-Analog","High","25K","Off","Off","Local","Group Call","9","KC1JMH / Brad Brown","Off","Carrier","Off","1","1","1","Off","1","1","Marine","None","Off","Off","Off","Off","Normal Encryption","Off","Off","Off","Off","251.1","1","Off","On","Off","Off","Off","Off","1","0","Off","0","0","0","0","0","0","0","0","0","0","0","0"
"1848","Marine 24","161.80000","157.20000","A-Analog","High","25K","Off","Off","Local","Group Call","9","KC1JMH / Brad Brown","Off","Carrier","Off","1","1","1","Off","1","1","Marine","None","Off","Off","Off","Off","Normal Encryption","Off","Off","Off","Off","251.1","1","Off","On","Off","Off","Off","Off","1","0","Off","0","0","0","0","0","0","0","0","0","0","0","0"
"1849","Marine 25","161.85000","157.25000","A-Analog","High","25K","Off","Off","Local","Group Call","9","KC1JMH / Brad Brown","Off","Carrier","Off","1","1","1","Off","1","1","Marine","None","Off","Off","Off","Off","Normal Encryption","Off","Off","Off","Off","251.1","1","Off","On","Off","Off","Off","Off","1","0","Off","0","0","0","0","0","0","0","0","0","0","0","0"
"1850","Marine 26","161.90000","157.30000","A-Analog","High","25K","Off","Off","Local","Group Call","9","KC1JMH / Brad Brown","Off","Carrier","Off","1","1","1","Off","1","1","Marine","None","Off","Off","Off","Off","Normal Encryption","Off","Off","Off","Off","251.1","1","Off","On","Off","Off","Off","Off","1","0","Off","0","0","0","0","0","0","0","0","0","0","0","0"
"1851","Marine 27","161.95000","157.35000","A-Analog","High","25K","Off","Off","Local","Group Call","9","KC1JMH / Brad Brown","Off","Carrier","Off","1","1","1","Off","1","1","Marine","None","Off","Off","Off","Off","Normal Encryption","Off","Off","Off","Off","251.1","1","Off","On","Off","Off","Off","Off","1","0","Off","0","0","0","0","0","0","0","0","0","0","0","0"
"1852","Marine 28","162.00000","157.40000","A-Analog","High","25K","Off","Off","Local","Group Call","9","KC1JMH / Brad Brown","Off","Carrier","Off","1","1","1","Off","1","1","Marine","None","Off","Off","Off","Off","Normal Encryption","Off","Off","Off","Off","251.1","1","Off","On","Off","Off","Off","Off","1","0","Off","0","0","0","0","0","0","0","0","0","0","0","0"
"1853","Marine 63A","156.17500","156.17500","A-Analog","High","25K","Off","Off","Local","Group Call","9","KC1JMH / Brad Brown","Off","Carrier","Off","1","1","1","Off","1","1","Marine","None","Off","Off","Off","Off","Normal Encryption","Off","Off","Off","Off","251.1","1","Off","On","Off","Off","Off","Off","1","0","Off","0","0","0","0","0","0","0","0","0","0","0","0"
"1854","Marine 65A","156.27500","156.27500","A-Analog","High","25K","Off","Off","Local","Group Call","9","KC1JMH / Brad Brown","Off","Carrier","Off","1","1","1","Off","1","1","Marine","None","Off","Off","Off","Off","Normal Encryption","Off","Off","Off","Off","251.1","1","Off","On","Off","Off","Off","Off","1","0","Off","0","0","0","0","0","0","0","0","0","0","0","0"
"1855","Marine 66A","156.32500","156.32500","A-Analog","High","25K","Off","Off","Local","Group Call","9","KC1JMH / Brad Brown","Off","Carrier","Off","1","1","1","Off","1","1","Marine","None","Off","Off","Off","Off","Normal Encryption","Off","Off","Off","Off","251.1","1","Off","On","Off","Off","Off","Off","1","0","Off","0","0","0","0","0","0","0","0","0","0","0","0"
"1856","Marine 67","156.37500","156.37500","A-Analog","High","25K","Off","Off","Local","Group Call","9","KC1JMH / Brad Brown","Off","Carrier","Off","1","1","1","Off","1","1","Marine","None","Off","Off","Off","Off","Normal Encryption","Off","Off","Off","Off","251.1","1","Off","On","Off","Off","Off","Off","1","0","Off","0","0","0","0","0","0","0","0","0","0","0","0"
"1857","Marine 68","156.42500","156.42500","A-Analog","High","25K","Off","Off","Local","Group Call","9","KC1JMH / Brad Brown","Off","Carrier","Off","1","1","1","Off","1","1","Marine","None","Off","Off","Off","Off","Normal Encryption","Off","Off","Off","Off","251.1","1","Off","On","Off","Off","Off","Off","1","0","Off","0","0","0","0","0","0","0","0","0","0","0","0"
"1858","Marine 69","156.47500","156.47500","A-Analog","High","25K","Off","Off","Local","Group Call","9","KC1JMH / Brad Brown","Off","Carrier","Off","1","1","1","Off","1","1","Marine","None","Off","Off","Off","Off","Normal Encryption","Off","Off","Off","Off","251.1","1","Off","On","Off","Off","Off","Off","1","0","Off","0","0","0","0","0","0","0","0","0","0","0","0"
"1859","Marine 70","156.52500","156.52500","A-Analog","High","25K","Off","Off","Local","Group Call","9","KC1JMH / Brad Brown","Off","Carrier","Off","1","1","1","Off","1","1","Marine","None","Off","Off","Off","Off","Normal Encryption","Off","Off","Off","Off","251.1","1","Off","On","Off","Off","Off","Off","1","0","Off","0","0","0","0","0","0","0","0","0","0","0","0"
"1860","Marine 71","156.57500","156.57500","A-Analog","High","25K","Off","Off","Local","Group Call","9","KC1JMH / Brad Brown","Off","Carrier","Off","1","1","1","Off","1","1","Marine","None","Off","Off","Off","Off","Normal Encryption","Off","Off","Off","Off","251.1","1","Off","On","Off","Off","Off","Off","1","0","Off","0","0","0","0","0","0","0","0","0","0","0","0"
"1861","Marine 72","156.62500","156.62500","A-Analog","High","25K","Off","Off","Local","Group Call","9","KC1JMH / Brad Brown","Off","Carrier","Off","1","1","1","Off","1","1","Marine","None","Off","Off","Off","Off","Normal Encryption","Off","Off","Off","Off","251.1","1","Off","On","Off","Off","Off","Off","1","0","Off","0","0","0","0","0","0","0","0","0","0","0","0"
"1862","Marine 73","156.67500","156.67500","A-Analog","High","25K","Off","Off","Local","Group Call","9","KC1JMH / Brad Brown","Off","Carrier","Off","1","1","1","Off","1","1","Marine","None","Off","Off","Off","Off","Normal Encryption","Off","Off","Off","Off","251.1","1","Off","On","Off","Off","Off","Off","1","0","Off","0","0","0","0","0","0","0","0","0","0","0","0"
"1863","Marine 74","156.72500","156.72500","A-Analog","High","25K","Off","Off","Local","Group Call","9","KC1JMH / Brad Brown","Off","Carrier","Off","1","1","1","Off","1","1","Marine","None","Off","Off","Off","Off","Normal Encryption","Off","Off","Off","Off","251.1","1","Off","On","Off","Off","Off","Off","1","0","Off","0","0","0","0","0","0","0","0","0","0","0","0"
"1864","Marine 77","156.87500","156.87500","A-Analog","High","25K","Off","Off","Local","Group Call","9","KC1JMH / Brad Brown","Off","Carrier","Off","1","1","1","Off","1","1","Marine","None","Off","Off","Off","Off","Normal Encryption","Off","Off","Off","Off","251.1","1","Off","On","Off","Off","Off","Off","1","0","Off","0","0","0","0","0","0","0","0","0","0","0","0"
"1865","Marine 78A","156.92500","156.92500","A-Analog","High","25K","Off","Off","Local","Group Call","9","KC1JMH / Brad Brown","Off","Carrier","Off","1","1","1","Off","1","1","Marine","None","Off","Off","Off","Off","Normal Encryption","Off","Off","Off","Off","251.1","1","Off","On","Off","Off","Off","Off","1","0","Off","0","0","0","0","0","0","0","0","0","0","0","0"
"1866","Marine 79A","156.97500","156.97500","A-Analog","High","25K","Off","Off","Local","Group Call","9","KC1JMH / Brad Brown","Off","Carrier","Off","1","1","1","Off","1","1","Marine","None","Off","Off","Off","Off","Normal Encryption","Off","Off","Off","Off","251.1","1","Off","On","Off","Off","Off","Off","1","0","Off","0","0","0","0","0","0","0","0","0","0","0","0"
"1867","Marine 80A","157.02500","157.02500","A-Analog","High","25K","Off","Off","Local","Group Call","9","KC1JMH / Brad Brown","Off","Carrier","Off","1","1","1","Off","1","1","Marine","None","Off","Off","Off","Off","Normal Encryption","Off","Off","Off","Off","251.1","1","Off","On","Off","Off","Off","Off","1","0","Off","0","0","0","0","0","0","0","0","0","0","0","0"
"1868","Marine 81A","157.07500","157.07500","A-Analog","High","25K","Off","Off","Local","Group Call","9","KC1JMH / Brad Brown","Off","Carrier","Off","1","1","1","Off","1","1","Marine","None","Off","Off","Off","Off","Normal Encryption","Off","Off","Off","Off","251.1","1","Off","On","Off","Off","Off","Off","1","0","Off","0","0","0","0","0","0","0","0","0","0","0","0"
"1869","Marine 82A","157.12500","157.12500","A-Analog","High","25K","Off","Off","Local","Group Call","9","KC1JMH / Brad Brown","Off","Carrier","Off","1","1","1","Off","1","1","Marine","None","Off","Off","Off","Off","Normal Encryption","Off","Off","Off","Off","251.1","1","Off","On","Off","Off","Off","Off","1","0","Off","0","0","0","0","0","0","0","0","0","0","0","0"
"1870","Marine 83A","157.17500","157.17500","A-Analog","High","25K","Off","Off","Local","Group Call","9","KC1JMH / Brad Brown","Off","Carrier","Off","1","1","1","Off","1","1","Marine","None","Off","Off","Off","Off","Normal Encryption","Off","Off","Off","Off","251.1","1","Off","On","Off","Off","Off","Off","1","0","Off","0","0","0","0","0","0","0","0","0","0","0","0"
"1871","Marine 84","161.82500","157.22500","A-Analog","High","25K","Off","Off","Local","Group Call","9","KC1JMH / Brad Brown","Off","Carrier","Off","1","1","1","Off","1","1","Marine","None","Off","Off","Off","Off","Normal Encryption","Off","Off","Off","Off","251.1","1","Off","On","Off","Off","Off","Off","1","0","Off","0","0","0","0","0","0","0","0","0","0","0","0"
"1872","Marine 85","161.87500","157.27500","A-Analog","High","25K","Off","Off","Local","Group Call","9","KC1JMH / Brad Brown","Off","Carrier","Off","1","1","1","Off","1","1","Marine","None","Off","Off","Off","Off","Normal Encryption","Off","Off","Off","Off","251.1","1","Off","On","Off","Off","Off","Off","1","0","Off","0","0","0","0","0","0","0","0","0","0","0","0"
"1873","Marine 86","161.92500","157.32500","A-Analog","High","25K","Off","Off","Local","Group Call","9","KC1JMH / Brad Brown","Off","Carrier","Off","1","1","1","Off","1","1","Marine","None","Off","Off","Off","Off","Normal Encryption","Off","Off","Off","Off","251.1","1","Off","On","Off","Off","Off","Off","1","0","Off","0","0","0","0","0","0","0","0","0","0","0","0"
"1874","Marine 87","157.37500","157.37500","A-Analog","High","25K","Off","Off","Local","Group Call","9","KC1JMH / Brad Brown","Off","Carrier","Off","1","1","1","Off","1","1","Marine","None","Off","Off","Off","Off","Normal Encryption","Off","Off","Off","Off","251.1","1","Off","On","Off","Off","Off","Off","1","0","Off","0","0","0","0","0","0","0","0","0","0","0","0"
"1875","Marine 88","157.42500","157.42500","A-Analog","High","25K","Off","Off","Local","Group Call","9","KC1JMH / Brad Brown","Off","Carrier","Off","1","1","1","Off","1","1","Marine","None","Off","Off","Off","Off","Normal Encryption","Off","Off","Off","Off","251.1","1","Off","On","Off","Off","Off","Off","1","0","Off","0","0","0","0","0","0","0","0","0","0","0","0"
"1876","Marine AIS 1","161.97500","161.97500","A-Analog","High","25K","Off","Off","Local","Group Call","9","KC1JMH / Brad Brown","Off","Carrier","Off","1","1","1","Off","1","1","Marine","None","Off","Off","Off","Off","Normal Encryption","Off","Off","Off","Off","251.1","1","Off","On","Off","Off","Off","Off","1","0","Off","0","0","0","0","0","0","0","0","0","0","0","0"
"1877","Marine AIS 2","162.02500","162.02500","A-Analog","High","25K","Off","Off","Local","Group Call","9","KC1JMH / Brad Brown","Off","Carrier","Off","1","1","1","Off","1","1","Marine","None","Off","Off","Off","Off","Normal Encryption","Off","Off","Off","Off","251.1","1","Off","On","Off","Off","Off","Off","1","0","Off","0","0","0","0","0","0","0","0","0","0","0","0"
"1878","GMRS 1","462.56250","462.56250","A-Analog","High","25K","Off","Off","Local","Group Call","9","KC1JMH / Brad Brown","Off","Carrier","Off","1","1","1","Off","1","1","GMRS","None","Off","Off","Off","Off","Normal Encryption","Off","Off","Off","Off","251.1","1","Off","On","Off","Off","Off","Off","1","0","Off","0","0","0","0","0","0","0","0","0","0","0","0"
"1879","GMRS 2","462.58750","462.58750","A-Analog","High","25K","Off","Off","Local","Group Call","9","KC1JMH / Brad Brown","Off","Carrier","Off","1","1","1","Off","1","1","GMRS","None","Off","Off","Off","Off","Normal Encryption","Off","Off","Off","Off","251.1","1","Off","On","Off","Off","Off","Off","1","0","Off","0","0","0","0","0","0","0","0","0","0","0","0"
"1880","GMRS 3","462.61250","462.61250","A-Analog","High","25K","Off","Off","Local","Group Call","9","KC1JMH / Brad Brown","Off","Carrier","Off","1","1","1","Off","1","1","GMRS","None","Off","Off","Off","Off","Normal Encryption","Off","Off","Off","Off","251.1","1","Off","On","Off","Off","Off","Off","1","0","Off","0","0","0","0","0","0","0","0","0","0","0","0"
"1881","GMRS 4","462.63750","462.63750","A-Analog","High","25K","Off","Off","Local","Group Call","9","KC1JMH / Brad Brown","Off","Carrier","Off","1","1","1","Off","1","1","GMRS","None","Off","Off","Off","Off","Normal Encryption","Off","Off","Off","Off","251.1","1","Off","On","Off","Off","Off","Off","1","0","Off","0","0","0","0","0","0","0","0","0","0","0","0"
"1882","GMRS 5","462.66250","462.66250","A-Analog","High","25K","Off","Off","Local","Group Call","9","KC1JMH / Brad Brown","Off","Carrier","Off","1","1","1","Off","1","1","GMRS","None","Off","Off","Off","Off","Normal Encryption","Off","Off","Off","Off","251.1","1","Off","On","Off","Off","Off","Off","1","0","Off","0","0","0","0","0","0","0","0","0","0","0","0"
"1883","GMRS 6","462.68750","462.68750","A-Analog","High","25K","Off","Off","Local","Group Call","9","KC1JMH / Brad Brown","Off","Carrier","Off","1","1","1","Off","1","1","GMRS","None","Off","Off","Off","Off","Normal Encryption","Off","Off","Off","Off","251.1","1","Off","On","Off","Off","Off","Off","1","0","Off","0","0","0","0","0","0","0","0","0","0","0","0"
"1884","GMRS 7","462.71250","462.71250","A-Analog","High","25K","Off","Off","Local","Group Call","9","KC1JMH / Brad Brown","Off","Carrier","Off","1","1","1","Off","1","1","GMRS","None","Off","Off","Off","Off","Normal Encryption","Off","Off","Off","Off","251.1","1","Off","On","Off","Off","Off","Off","1","0","Off","0","0","0","0","0","0","0","0","0","0","0","0"
"1885","GMRS 8","467.56250","467.56250","A-Analog","Low","12.5K","Off","Off","Local","Group Call","9","KC1JMH / Brad Brown","Off","Carrier","Off","1","1","1","Off","1","1","GMRS","None","Off","Off","Off","Off","Normal Encryption","Off","Off","Off","Off","251.1","1","Off","On","Off","Off","Off","Off","1","0","Off","0","0","0","0","0","0","0","0","0","0","0","0"
"1886","GMRS 9","467.58750","467.58750","A-Analog","Low","12.5K","Off","Off","Local","Group Call","9","KC1JMH / Brad Brown","Off","Carrier","Off","1","1","1","Off","1","1","GMRS","None","Off","Off","Off","Off","Normal Encryption","Off","Off","Off","Off","251.1","1","Off","On","Off","Off","Off","Off","1","0","Off","0","0","0","0","0","0","0","0","0","0","0","0"
"1887","GMRS 10","467.61250","467.61250","A-Analog","Low","12.5K","Off","Off","Local","Group Call","9","KC1JMH / Brad Brown","Off","Carrier","Off","1","1","1","Off","1","1","GMRS","None","Off","Off","Off","Off","Normal Encryption","Off","Off","Off","Off","251.1","1","Off","On","Off","Off","Off","Off","1","0","Off","0","0","0","0","0","0","0","0","0","0","0","0"
"1888","GMRS 11","467.63750","467.63750","A-Analog","Low","12.5K","Off","Off","Local","Group Call","9","KC1JMH / Brad Brown","Off","Carrier","Off","1","1","1","Off","1","1","GMRS","None","Off","Off","Off","Off","Normal Encryption","Off","Off","Off","Off","251.1","1","Off","On","Off","Off","Off","Off","1","0","Off","0","0","0","0","0","0","0","0","0","0","0","0"
"1889","GMRS 12","467.66250","467.66250","A-Analog","Low","12.5K","Off","Off","Local","Group Call","9","KC1JMH / Brad Brown","Off","Carrier","Off","1","1","1","Off","1","1","GMRS","None","Off","Off","Off","Off","Normal Encryption","Off","Off","Off","Off","251.1","1","Off","On","Off","Off","Off","Off","1","0","Off","0","0","0","0","0","0","0","0","0","0","0","0"
"1890","GMRS 13","467.68750","467.68750","A-Analog","Low","12.5K","Off","Off","Local","Group Call","9","KC1JMH / Brad Brown","Off","Carrier","Off","1","1","1","Off","1","1","GMRS","None","Off","Off","Off","Off","Normal Encryption","Off","Off","Off","Off","251.1","1","Off","On","Off","Off","Off","Off","1","0","Off","0","0","0","0","0","0","0","0","0","0","0","0"
"1891","GMRS 14","467.71250","467.71250","A-Analog","Low","12.5K","Off","Off","Local","Group Call","9","KC1JMH / Brad Brown","Off","Carrier","Off","1","1","1","Off","1","1","GMRS","None","Off","Off","Off","Off","Normal Encryption","Off","Off","Off","Off","251.1","1","Off","On","Off","Off","Off","Off","1","0","Off","0","0","0","0","0","0","0","0","0","0","0","0"
"1892","GMRS 15-1","462.55000","462.55000","A-Analog","High","25K","Off","Off","Local","Group Call","9","KC1JMH / Brad Brown","Off","Carrier","Off","1","1","1","Off","1","1","GMRS","None","Off","Off","Off","Off","Normal Encryption","Off","Off","Off","Off","251.1","1","Off","On","Off","Off","Off","Off","1","0","Off","0","0","0","0","0","0","0","0","0","0","0","0"
"1893","GMRS 16-2","462.57500","462.57500","A-Analog","High","25K","Off","Off","Local","Group Call","9","KC1JMH / Brad Brown","Off","Carrier","Off","1","1","1","Off","1","1","GMRS","None","Off","Off","Off","Off","Normal Encryption","Off","Off","Off","Off","251.1","1","Off","On","Off","Off","Off","Off","1","0","Off","0","0","0","0","0","0","0","0","0","0","0","0"
"1894","GMRS 17-3","462.60000","462.60000","A-Analog","High","25K","Off","Off","Local","Group Call","9","KC1JMH / Brad Brown","Off","Carrier","Off","1","1","1","Off","1","1","GMRS","None","Off","Off","Off","Off","Normal Encryption","Off","Off","Off","Off","251.1","1","Off","On","Off","Off","Off","Off","1","0","Off","0","0","0","0","0","0","0","0","0","0","0","0"
"1895","GMRS 18-4","462.62500","462.62500","A-Analog","High","25K","Off","Off","Local","Group Call","9","KC1JMH / Brad Brown","Off","Carrier","Off","1","1","1","Off","1","1","GMRS","None","Off","Off","Off","Off","Normal Encryption","Off","Off","Off","Off","251.1","1","Off","On","Off","Off","Off","Off","1","0","Off","0","0","0","0","0","0","0","0","0","0","0","0"
"1896","GMRS 19-5","462.65000","462.65000","A-Analog","High","25K","Off","Off","Local","Group Call","9","KC1JMH / Brad Brown","Off","Carrier","Off","1","1","1","Off","1","1","GMRS","None","Off","Off","Off","Off","Normal Encryption","Off","Off","Off","Off","251.1","1","Off","On","Off","Off","Off","Off","1","0","Off","0","0","0","0","0","0","0","0","0","0","0","0"
"1897","GMRS 20-6","462.67500","462.67500","A-Analog","High","25K","Off","Off","Local","Group Call","9","KC1JMH / Brad Brown","Off","Carrier","Off","1","1","1","Off","1","1","GMRS","None","Off","Off","Off","Off","Normal Encryption","Off","Off","Off","Off","251.1","1","Off","On","Off","Off","Off","Off","1","0","Off","0","0","0","0","0","0","0","0","0","0","0","0"
"1898","GMRS 21-7","462.70000","462.70000","A-Analog","High","25K","Off","Off","Local","Group Call","9","KC1JMH / Brad Brown","Off","Carrier","Off","1","1","1","Off","1","1","GMRS","None","Off","Off","Off","Off","Normal Encryption","Off","Off","Off","Off","251.1","1","Off","On","Off","Off","Off","Off","1","0","Off","0","0","0","0","0","0","0","0","0","0","0","0"
"1899","GMRS 22-8","462.72500","462.72500","A-Analog","High","25K","Off","Off","Local","Group Call","9","KC1JMH / Brad Brown","Off","Carrier","Off","1","1","1","Off","1","1","GMRS","None","Off","Off","Off","Off","Normal Encryption","Off","Off","Off","Off","251.1","1","Off","On","Off","Off","Off","Off","1","0","Off","0","0","0","0","0","0","0","0","0","0","0","0"
"1900","Channel 1","440.00000","440.00000","D-Digital","High","12.5K","Off","Off","Local","Group Call","9","KC1JMH / Brad Brown","Always","Carrier","Off","1","1","1","Off","1","1","None","None","Off","Off","Off","Off","Normal Encryption","Off","Off","Off","Off","251.1","1","Off","On","Off","Off","Off","Off","1","0","Off","0","0","0","0","0","0","0","0","0","0","0","1"
"1901","MURS 1 (82)","151.82000","151.82000","A-Analog","Mid","12.5K","Off","Off","Local","Group Call","9","KC1JMH / Brad Brown","Off","Carrier","Off","1","1","1","Off","1","1","None","None","Off","Off","Off","Off","Normal Encryption","Off","Off","Off","Off","251.1","0","Off","On","Off","Off","Off","Off","1","0","Off","0","0","0","0","0","0","0","0","0","0","0","0"
"1902","MURS 2 (88)","151.88000","151.88000","A-Analog","Mid","12.5K","Off","Off","Local","Group Call","9","KC1JMH / Brad Brown","Off","Carrier","Off","1","1","1","Off","1","1","None","None","Off","Off","Off","Off","Normal Encryption","Off","Off","Off","Off","251.1","0","Off","On","Off","Off","Off","Off","1","0","Off","0","0","0","0","0","0","0","0","0","0","0","0"
"1903","MURS 3 (94)","151.94000","151.94000","A-Analog","Mid","12.5K","Off","Off","Local","Group Call","9","KC1JMH / Brad Brown","Off","Carrier","Off","1","1","1","Off","1","1","None","None","Off","Off","Off","Off","Normal Encryption","Off","Off","Off","Off","251.1","0","Off","On","Off","Off","Off","Off","1","0","Off","0","0","0","0","0","0","0","0","0","0","0","0"
"1904","Blue Dot","154.57000","154.57000","A-Analog","Mid","25K","Off","Off","Local","Group Call","9","KC1JMH / Brad Brown","Off","Carrier","Off","1","1","1","Off","1","1","None","None","Off","Off","Off","Off","Normal Encryption","Off","Off","Off","Off","251.1","0","Off","On","Off","Off","Off","Off","1","0","Off","0","0","0","0","0","0","0","0","0","0","0","0"
"1905","Green Dot","154.60000","154.60000","A-Analog","Mid","25K","Off","Off","Local","Group Call","9","KC1JMH / Brad Brown","Off","Carrier","Off","1","1","1","Off","1","1","None","None","Off","Off","Off","Off","Normal Encryption","Off","Off","Off","Off","251.1","0","Off","On","Off","Off","Off","Off","1","0","Off","0","0","0","0","0","0","0","0","0","0","0","0"
"1906","Gray-575","462.57500","467.57500","A-Analog","High","25K","Off","192.8","Local","Group Call","9","KC1JMH / Brad Brown","Off","Carrier","Off","1","1","1","Off","1","1","GMRS","None","Off","Off","Off","Off","Normal Encryption","Off","Off","Off","Off","251.1","0","Off","On","Off","Off","Off","Off","1","0","Off","0","0","0","0","0","0","0","0","0","0","0","0"
"1907","Hiram-575","462.57500","467.57500","A-Analog","High","25K","Off","156.7","Local","Group Call","9","KC1JMH / Brad Brown","Off","Carrier","Off","1","1","1","Off","1","1","GMRS","None","Off","Off","Off","Off","Normal Encryption","Off","Off","Off","Off","251.1","0","Off","On","Off","Off","Off","Off","1","0","Off","0","0","0","0","0","0","0","0","0","0","0","0"
"1908","Shapleigh-Pub","462.60000","467.60000","A-Analog","High","25K","Off","162.2","Local","Group Call","9","KC1JMH / Brad Brown","Off","Carrier","Off","1","1","1","Off","1","1","GMRS","None","Off","Off","Off","Off","Normal Encryption","Off","Off","Off","Off","251.1","0","Off","On","Off","Off","Off","Off","1","0","Off","0","0","0","0","0","0","0","0","0","0","0","0"
"1909","Shapleigh-Fam","462.60000","467.60000","A-Analog","High","25K","Off","88.5","Local","Group Call","9","KC1JMH / Brad Brown","Off","Carrier","Off","1","1","1","Off","1","1","GMRS","None","Off","Off","Off","Off","Normal Encryption","Off","Off","Off","Off","251.1","0","Off","On","Off","Off","Off","Off","1","0","Off","0","0","0","0","0","0","0","0","0","0","0","0"
"1910","Falmouth-650","462.65000","467.50000","A-Analog","High","25K","Off","156.7","Local","Group Call","9","KC1JMH / Brad Brown","Off","Carrier","Off","1","1","1","Off","1","1","GMRS","None","Off","Off","Off","Off","Normal Encryption","Off","Off","Off","Off","251.1","0","Off","On","Off","Off","Off","Off","1","0","Off","0","0","0","0","0","0","0","0","0","0","0","0"
"1911","Woodstock-675","462.67500","467.67500","A-Analog","High","25K","Off","156.7","Local","Group Call","9","KC1JMH / Brad Brown","Off","Carrier","Off","1","1","1","Off","1","1","GMRS","None","Off","Off","Off","Off","Normal Encryption","Off","Off","Off","Off","251.1","0","Off","On","Off","Off","Off","Off","1","0","Off","0","0","0","0","0","0","0","0","0","0","0","0"
"1912","Brunswick-700","462.70000","467.70000","A-Analog","High","25K","Off","114.8","Local","Group Call","9","KC1JMH / Brad Brown","Off","Carrier","Off","1","1","1","Off","1","1","GMRS","None","Off","Off","Off","Off","Normal Encryption","Off","Off","Off","Off","251.1","0","Off","On","Off","Off","Off","Off","1","0","Off","0","0","0","0","0","0","0","0","0","0","0","0"
"1913","Milton--700","462.70000","467.70000","A-Analog","High","25K","Off","250.3","Local","Group Call","9","KC1JMH / Brad Brown","Off","Carrier","Off","1","1","1","Off","1","1","GMRS","None","Off","Off","Off","Off","Normal Encryption","Off","Off","Off","Off","251.1","0","Off","On","Off","Off","Off","Off","1","0","Off","0","0","0","0","0","0","0","0","0","0","0","0"
"1914","Ossipee-550","462.55000","467.55000","A-Analog","High","25K","Off","156.7","Local","Group Call","9","KC1JMH / Brad Brown","Off","Carrier","Off","1","1","1","Off","1","1","GMRS","None","Off","Off","Off","Off","Normal Encryption","Off","Off","Off","Off","251.1","0","Off","On","Off","Off","Off","Off","1","0","Off","0","0","0","0","0","0","0","0","0","0","0","0"
"1915","Portland-725","462.72500","467.72500","A-Analog","High","25K","Off","156.7","Local","Group Call","9","KC1JMH / Brad Brown","Off","Carrier","Off","1","1","1","Off","1","1","GMRS","None","Off","Off","Off","Off","Normal Encryption","Off","Off","Off","Off","251.1","0","Off","On","Off","Off","Off","Off","1","0","Off","0","0","0","0","0","0","0","0","0","0","0","0"
"1916","Waterboro-625","462.62500","467.62500","A-Analog","High","25K","Off","179.9","Local","Group Call","9","KC1JMH / Brad Brown","Off","Carrier","Off","1","1","1","Off","1","1","GMRS","None","Off","Off","Off","Off","Normal Encryption","Off","Off","Off","Off","251.1","0","Off","On","Off","Off","Off","Off","1","0","Off","0","0","0","0","0","0","0","0","0","0","0","0"
"1917","WS1EC","449.22500","444.22500","A-Analog","High","25K","103.5","103.5","Local","Group Call","9","KC1JMH / Brad Brown","Off","CTCSS/DCS","Off","1","1","1","Off","1","1","None","None","Off","Off","Off","Off","Normal Encryption","Off","Off","Off","Off","251.1","0","Off","On","Off","Off","Off","Off","1","0","Off","0","0","0","0","0","0","0","0","0","0","0","0"
"1918","CCEMA DIR","155.76000","155.76000","A-Analog","High","12.5K","192.8","192.8","Local","Group Call","9","KC1JMH / Brad Brown","Off","Carrier","Off","1","1","1","Off","1","1","None","None","Off","Off","Off","Off","Normal Encryption","Off","Off","Off","Off","131.8","1","Off","On","Off","Off","Off","Off","1","0","Off","0","0","0","0","0","0","0","0","0","0","0","0"
"1919","CCEMA RPTR","155.76000","155.10000","A-Analog","High","12.5K","192.8","91.5","Local","Group Call","9","KC1JMH / Brad Brown","Off","Carrier","Off","1","1","1","Off","1","1","None","None","Off","Off","Off","Off","Normal Encryption","Off","Off","Off","Off","131.8","1","Off","On","Off","Off","Off","Off","1","0","Off","0","0","0","0","0","0","0","0","0","0","0","0"
"1920","CCEMA TAC 1","155.10000","155.10000","A-Analog","High","12.5K","173.8","173.8","Local","Group Call","9","KC1JMH / Brad Brown","Off","Carrier","Off","1","1","1","Off","1","1","None","None","Off","Off","Off","Off","Normal Encryption","Off","Off","Off","Off","131.8","1","Off","On","Off","Off","Off","Off","1","0","Off","0","0","0","0","0","0","0","0","0","0","0","0"
"1921","CCEMA TAC 2","155.64000","155.64000","A-Analog","High","12.5K","173.8","173.8","Local","Group Call","9","KC1JMH / Brad Brown","Off","Carrier","Off","1","1","1","Off","1","1","None","None","Off","Off","Off","Off","Normal Encryption","Off","Off","Off","Off","131.8","1","Off","On","Off","Off","Off","Off","1","0","Off","0","0","0","0","0","0","0","0","0","0","0","0"
"1922","CCEMA TAC 3","155.68500","155.68500","A-Analog","High","12.5K","173.8","173.8","Local","Group Call","9","KC1JMH / Brad Brown","Off","Carrier","Off","1","1","1","Off","1","1","None","None","Off","Off","Off","Off","Normal Encryption","Off","Off","Off","Off","131.8","1","Off","On","Off","Off","Off","Off","1","0","Off","0","0","0","0","0","0","0","0","0","0","0","0"
"1923","CCEMA TAC 4","155.95500","155.95500","A-Analog","High","12.5K","173.8","173.8","Local","Group Call","9","KC1JMH / Brad Brown","Off","Carrier","Off","1","1","1","Off","1","1","None","None","Off","Off","Off","Off","Normal Encryption","Off","Off","Off","Off","131.8","1","Off","On","Off","Off","Off","Off","1","0","Off","0","0","0","0","0","0","0","0","0","0","0","0"
"1924","CCEMA TAC 5","155.37000","155.37000","A-Analog","High","12.5K","173.8","173.8","Local","Group Call","9","KC1JMH / Brad Brown","Off","Carrier","Off","1","1","1","Off","1","1","None","None","Off","Off","Off","Off","Normal Encryption","Off","Off","Off","Off","131.8","1","Off","On","Off","Off","Off","Off","1","0","Off","0","0","0","0","0","0","0","0","0","0","0","0"
"1925","C1 SWSP","155.71000","155.71000","A-Analog","High","12.5K","Off","192.8","Local","Group Call","9","KC1JMH / Brad Brown","Off","Carrier","Off","1","1","1","Off","1","1","None","None","Off","Off","Off","Off","Normal Encryption","Off","Off","Off","Off","131.8","1","Off","On","Off","Off","Off","Off","1","0","Off","0","0","0","0","0","0","0","0","0","0","0","0"
"1926","C2 NWC/C","155.47500","155.47500","A-Analog","High","12.5K","Off","192.8","Local","Group Call","9","KC1JMH / Brad Brown","Off","Carrier","Off","1","1","1","Off","1","1","None","None","Off","Off","Off","Off","Normal Encryption","Off","Off","Off","Off","131.8","1","Off","On","Off","Off","Off","Off","1","0","Off","0","0","0","0","0","0","0","0","0","0","0","0"
"1927","C3 EMS2 LASR","155.16000","155.16000","A-Analog","High","12.5K","Off","156.7","Local","Group Call","9","KC1JMH / Brad Brown","Off","Carrier","Off","1","1","1","Off","1","1","None","None","Off","Off","Off","Off","Normal Encryption","Off","Off","Off","Off","131.8","1","Off","On","Off","Off","Off","Off","1","0","Off","0","0","0","0","0","0","0","0","0","0","0","0"
"1928","C4 SPC/C","154.93500","154.93500","A-Analog","High","12.5K","Off","192.8","Local","Group Call","9","KC1JMH / Brad Brown","Off","Carrier","Off","1","1","1","Off","1","1","None","None","Off","Off","Off","Off","Normal Encryption","Off","Off","Off","Off","131.8","1","Off","On","Off","Off","Off","Off","1","0","Off","0","0","0","0","0","0","0","0","0","0","0","0"
"1929","C5 ST FIRE","154.31000","154.31000","A-Analog","High","12.5K","Off","192.8","Local","Group Call","9","KC1JMH / Brad Brown","Off","Carrier","Off","1","1","1","Off","1","1","None","None","Off","Off","Off","Off","Normal Encryption","Off","Off","Off","Off","131.8","1","Off","On","Off","Off","Off","Off","1","0","Off","0","0","0","0","0","0","0","0","0","0","0","0"
"1930","C6 SWC/C","154.69500","154.69500","A-Analog","High","12.5K","Off","192.8","Local","Group Call","9","KC1JMH / Brad Brown","Off","Carrier","Off","1","1","1","Off","1","1","None","None","Off","Off","Off","Off","Normal Encryption","Off","Off","Off","Off","131.8","1","Off","On","Off","Off","Off","Off","1","0","Off","0","0","0","0","0","0","0","0","0","0","0","0"
"1931","C7 VCALL 10","155.75250","155.75250","A-Analog","High","12.5K","Off","156.7","Local","Group Call","9","KC1JMH / Brad Brown","Off","Carrier","Off","1","1","1","Off","1","1","None","None","Off","Off","Off","Off","Normal Encryption","Off","Off","Off","Off","131.8","1","Off","On","Off","Off","Off","Off","1","0","Off","0","0","0","0","0","0","0","0","0","0","0","0"
"1932","VTAC 11","151.13750","151.13750","A-Analog","High","12.5K","Off","156.7","Local","Group Call","9","KC1JMH / Brad Brown","Off","Carrier","Off","1","1","1","Off","1","1","None","None","Off","Off","Off","Off","Normal Encryption","Off","Off","Off","Off","131.8","1","Off","On","Off","Off","Off","Off","1","0","Off","0","0","0","0","0","0","0","0","0","0","0","0"
"1933","VTAC 12","154.45250","154.45250","A-Analog","High","12.5K","Off","156.7","Local","Group Call","9","KC1JMH / Brad Brown","Off","Carrier","Off","1","1","1","Off","1","1","None","None","Off","Off","Off","Off","Normal Encryption","Off","Off","Off","Off","131.8","1","Off","On","Off","Off","Off","Off","1","0","Off","0","0","0","0","0","0","0","0","0","0","0","0"
"1934","VTAC 13","158.73750","158.73750","A-Analog","High","12.5K","Off","156.7","Local","Group Call","9","KC1JMH / Brad Brown","Off","Carrier","Off","1","1","1","Off","1","1","None","None","Off","Off","Off","Off","Normal Encryption","Off","Off","Off","Off","131.8","1","Off","On","Off","Off","Off","Off","1","0","Off","0","0","0","0","0","0","0","0","0","0","0","0"
"1935","VTAC 14","159.47250","159.47250","A-Analog","High","12.5K","Off","156.7","Local","Group Call","9","KC1JMH / Brad Brown","Off","Carrier","Off","1","1","1","Off","1","1","None","None","Off","Off","Off","Off","Normal Encryption","Off","Off","Off","Off","131.8","1","Off","On","Off","Off","Off","Off","1","0","Off","0","0","0","0","0","0","0","0","0","0","0","0"
"1936","VTAC 33","159.47250","151.13750","A-Analog","High","12.5K","156.7","136.5","Local","Group Call","9","KC1JMH / Brad Brown","Off","Carrier","Off","1","1","1","Off","1","1","None","None","Off","Off","Off","Off","Normal Encryption","Off","Off","Off","Off","131.8","1","Off","On","Off","Off","Off","Off","1","0","Off","0","0","0","0","0","0","0","0","0","0","0","0"
"1937","VTAC 34","158.73750","154.45250","A-Analog","High","12.5K","156.7","136.5","Local","Group Call","9","KC1JMH / Brad Brown","Off","Carrier","Off","1","1","1","Off","1","1","None","None","Off","Off","Off","Off","Normal Encryption","Off","Off","Off","Off","131.8","1","Off","On","Off","Off","Off","Off","1","0","Off","0","0","0","0","0","0","0","0","0","0","0","0"
"1938","VTAC 35","159.47250","158.73750","A-Analog","High","12.5K","156.7","136.5","Local","Group Call","9","KC1JMH / Brad Brown","Off","Carrier","Off","1","1","1","Off","1","1","None","None","Off","Off","Off","Off","Normal Encryption","Off","Off","Off","Off","131.8","1","Off","On","Off","Off","Off","Off","1","0","Off","0","0","0","0","0","0","0","0","0","0","0","0"
"1939","VTAC 36","151.13750","159.47250","A-Analog","High","12.5K","156.7","136.5","Local","Group Call","9","KC1JMH / Brad Brown","Off","Carrier","Off","1","1","1","Off","1","1","None","None","Off","Off","Off","Off","Normal Encryption","Off","Off","Off","Off","131.8","1","Off","On","Off","Off","Off","Off","1","0","Off","0","0","0","0","0","0","0","0","0","0","0","0"
"1940","VTAC 37","154.45250","158.73750","A-Analog","High","12.5K","156.7","136.5","Local","Group Call","9","KC1JMH / Brad Brown","Off","Carrier","Off","1","1","1","Off","1","1","None","None","Off","Off","Off","Off","Normal Encryption","Off","Off","Off","Off","131.8","1","Off","On","Off","Off","Off","Off","1","0","Off","0","0","0","0","0","0","0","0","0","0","0","0"
"1941","VTAC 38","158.73750","159.47250","A-Analog","High","12.5K","156.7","136.5","Local","Group Call","9","KC1JMH / Brad Brown","Off","Carrier","Off","1","1","1","Off","1","1","None","None","Off","Off","Off","Off","Normal Encryption","Off","Off","Off","Off","131.8","1","Off","On","Off","Off","Off","Off","1","0","Off","0","0","0","0","0","0","0","0","0","0","0","0"
"1942","CHF 265","154.26500","154.26500","A-Analog","High","12.5K","Off","Off","Local","Group Call","9","KC1JMH / Brad Brown","Off","Carrier","Off","1","1","1","Off","1","1","None","None","Off","Off","Off","Off","Normal Encryption","Off","Off","Off","Off","131.8","1","Off","On","Off","Off","Off","Off","1","0","Off","0","0","0","0","0","0","0","0","0","0","0","0"
"1943","CHF 280","154.28000","154.28000","A-Analog","High","12.5K","Off","Off","Local","Group Call","9","KC1JMH / Brad Brown","Off","Carrier","Off","1","1","1","Off","1","1","None","None","Off","Off","Off","Off","Normal Encryption","Off","Off","Off","Off","131.8","1","Off","On","Off","Off","Off","Off","1","0","Off","0","0","0","0","0","0","0","0","0","0","0","0"
"1944","CHF 295","154.29500","154.29500","A-Analog","High","12.5K","Off","Off","Local","Group Call","9","KC1JMH / Brad Brown","Off","Carrier","Off","1","1","1","Off","1","1","None","None","Off","Off","Off","Off","Normal Encryption","Off","Off","Off","Off","131.8","1","Off","On","Off","Off","Off","Off","1","0","Off","0","0","0","0","0","0","0","0","0","0","0","0"
"1945","EMS-1","155.38500","155.38500","A-Analog","High","12.5K","Off","Off","Local","Group Call","9","KC1JMH / Brad Brown","Off","Carrier","Off","1","1","1","Off","1","1","None","None","Off","Off","Off","Off","Normal Encryption","Off","Off","Off","Off","131.8","1","Off","On","Off","Off","Off","Off","1","0","Off","0","0","0","0","0","0","0","0","0","0","0","0"
"1946","RN OSSIPEE Z","172.42500","159.33000","A-Analog","High","12.5K","162.2","162.2","Local","Group Call","9","KC1JMH / Brad Brown","Off","Carrier","Off","1","1","1","Off","1","1","None","None","Off","Off","Off","Off","Normal Encryption","Off","Off","Off","Off","131.8","1","Off","On","Off","Off","Off","Off","1","0","Off","0","0","0","0","0","0","0","0","0","0","0","0"
"1947","RN SPRUCE Z","172.77500","161.46000","A-Analog","High","12.5K","162.2","162.2","Local","Group Call","9","KC1JMH / Brad Brown","Off","Carrier","Off","1","1","1","Off","1","1","None","None","Off","Off","Off","Off","Normal Encryption","Off","Off","Off","Off","131.8","1","Off","On","Off","Off","Off","Off","1","0","Off","0","0","0","0","0","0","0","0","0","0","0","0"
"1948","RN GRAY","151.16000","155.97000","A-Analog","High","12.5K","162.2","162.2","Local","Group Call","9","KC1JMH / Brad Brown","Off","Carrier","Off","1","1","1","Off","1","1","None","None","Off","Off","Off","Off","Normal Encryption","Off","Off","Off","Off","131.8","1","Off","On","Off","Off","Off","Off","1","0","Off","0","0","0","0","0","0","0","0","0","0","0","0"
"1949","RN HOSAC","169.88750","159.16500","A-Analog","High","12.5K","162.2","162.2","Local","Group Call","9","KC1JMH / Brad Brown","Off","Carrier","Off","1","1","1","Off","1","1","None","None","Off","Off","Off","Off","Normal Encryption","Off","Off","Off","Off","131.8","1","Off","On","Off","Off","Off","Off","1","0","Off","0","0","0","0","0","0","0","0","0","0","0","0"
"1950","RN PLEASANT","169.66250","163.57500","A-Analog","High","12.5K","162.2","162.2","Local","Group Call","9","KC1JMH / Brad Brown","Off","Carrier","Off","1","1","1","Off","1","1","None","None","Off","Off","Off","Off","Normal Encryption","Off","Off","Off","Off","131.8","1","Off","On","Off","Off","Off","Off","1","0","Off","0","0","0","0","0","0","0","0","0","0","0","0"
"1951","RN AGGAMNT","155.45250","156.15000","A-Analog","High","12.5K","162.2","162.2","Local","Group Call","9","KC1JMH / Brad Brown","Off","Carrier","Off","1","1","1","Off","1","1","None","None","Off","Off","Off","Off","Normal Encryption","Off","Off","Off","Off","131.8","1","Off","On","Off","Off","Off","Off","1","0","Off","0","0","0","0","0","0","0","0","0","0","0","0"
"1952","RN YORK Z","159.45000","153.92000","A-Analog","High","12.5K","162.2","162.2","Local","Group Call","9","KC1JMH / Brad Brown","Off","Carrier","Off","1","1","1","Off","1","1","None","None","Off","Off","Off","Off","Normal Encryption","Off","Off","Off","Off","131.8","1","Off","On","Off","Off","Off","Off","1","0","Off","0","0","0","0","0","0","0","0","0","0","0","0"
"1953","RN GRANITE","151.35500","159.38250","A-Analog","High","12.5K","162.2","162.2","Local","Group Call","9","KC1JMH / Brad Brown","Off","Carrier","Off","1","1","1","Off","1","1","None","None","Off","Off","Off","Off","Normal Encryption","Off","Off","Off","Off","131.8","1","Off","On","Off","Off","Off","Off","1","0","Off","0","0","0","0","0","0","0","0","0","0","0","0"
"1954","RN HUNTOON","160.53000","159.28500","A-Analog","High","12.5K","162.2","162.2","Local","Group Call","9","KC1JMH / Brad Brown","Off","Carrier","Off","1","1","1","Off","1","1","None","None","Off","Off","Off","Off","Normal Encryption","Off","Off","Off","Off","131.8","1","Off","On","Off","Off","Off","Off","1","0","Off","0","0","0","0","0","0","0","0","0","0","0","0"
"1955","RN WHITN Z","161.13000","159.40500","A-Analog","High","12.5K","162.2","162.2","Local","Group Call","9","KC1JMH / Brad Brown","Off","Carrier","Off","1","1","1","Off","1","1","None","None","Off","Off","Off","Off","Normal Encryption","Off","Off","Off","Off","131.8","1","Off","On","Off","Off","Off","Off","1","0","Off","0","0","0","0","0","0","0","0","0","0","0","0"
"1956","RN CADDY Z","160.89000","165.13750","A-Analog","High","12.5K","162.2","162.2","Local","Group Call","9","KC1JMH / Brad Brown","Off","Carrier","Off","1","1","1","Off","1","1","None","None","Off","Off","Off","Off","Normal Encryption","Off","Off","Off","Off","131.8","1","Off","On","Off","Off","Off","Off","1","0","Off","0","0","0","0","0","0","0","0","0","0","0","0"
"1957","CG81 CBERG","157.07500","157.07500","A-Analog","High","25K","Off","Off","Local","Group Call","9","KC1JMH / Brad Brown","Off","Carrier","Off","1","1","1","Off","1","1","None","None","Off","Off","Off","Off","Normal Encryption","Off","Off","Off","Off","131.8","1","Off","On","Off","Off","Off","Off","1","0","Off","0","0","0","0","0","0","0","0","0","0","0","0"
"1958","CCFIRE","155.62500","160.45500","A-Analog","High","12.5K","107.2","107.2","Local","Group Call","9","KC1JMH / Brad Brown","Off","Carrier","Off","1","1","1","Off","1","1","None","None","Off","Off","Off","Off","Normal Encryption","Off","Off","Off","Off","131.8","1","Off","On","Off","Off","Off","Off","1","0","Off","0","0","0","0","0","0","0","0","0","0","0","0"
"1959","CCLAW","154.87500","160.54500","A-Analog","High","12.5K","107.2","107.2","Local","Group Call","9","KC1JMH / Brad Brown","Off","Carrier","Off","1","1","1","Off","1","1","None","None","Off","Off","Off","Off","Normal Encryption","Off","Off","Off","Off","131.8","1","Off","On","Off","Off","Off","Off","1","0","Off","0","0","0","0","0","0","0","0","0","0","0","0"
"1960","Pkt 144.93","144.93000","144.93000","A-Analog","High","25K","Off","Off","Local","Group Call","9","KC1JMH / Brad Brown","Off","Carrier","Off","1","1","1","Off","1","1","Packet","None","Off","Off","Off","Off","Normal Encryption","Off","Off","Off","Off","251.1","1","Off","On","On","Off","Off","Off","1","0","Off","0","0","0","0","0","0","0","0","0","0","0","0"
"1961","Pkt 144.95","144.95000","144.95000","A-Analog","High","25K","Off","Off","Local","Group Call","9","KC1JMH / Brad Brown","Off","Carrier","Off","1","1","1","Off","1","1","Packet","None","Off","Off","Off","Off","Normal Encryption","Off","Off","Off","Off","251.1","1","Off","On","On","Off","Off","Off","1","0","Off","0","0","0","0","0","0","0","0","0","0","0","0"
"1962","Pkt 144.97","144.97000","144.97000","A-Analog","High","25K","Off","Off","Local","Group Call","9","KC1JMH / Brad Brown","Off","Carrier","Off","1","1","1","Off","1","1","Packet","None","Off","Off","Off","Off","Normal Encryption","Off","Off","Off","Off","251.1","1","Off","On","On","Off","Off","Off","1","0","Off","0","0","0","0","0","0","0","0","0","0","0","0"
"1963","Pkt 144.99","144.99000","144.99000","A-Analog","High","25K","Off","Off","Local","Group Call","9","KC1JMH / Brad Brown","Off","Carrier","Off","1","1","1","Off","1","1","Packet","None","Off","Off","Off","Off","Normal Encryption","Off","Off","Off","Off","251.1","1","Off","On","On","Off","Off","Off","1","0","Off","0","0","0","0","0","0","0","0","0","0","0","0"
"1964","Pkt 145.01","145.01000","145.01000","A-Analog","High","25K","Off","Off","Local","Group Call","9","KC1JMH / Brad Brown","Off","Carrier","Off","1","1","1","Off","1","1","Packet","None","Off","Off","Off","Off","Normal Encryption","Off","Off","Off","Off","251.1","1","Off","On","On","Off","Off","Off","1","0","Off","0","0","0","0","0","0","0","0","0","0","0","0"
"1965","Pkt 145.03","145.03000","145.03000","A-Analog","High","25K","Off","Off","Local","Group Call","9","KC1JMH / Brad Brown","Off","Carrier","Off","1","1","1","Off","1","1","Packet","None","Off","Off","Off","Off","Normal Encryption","Off","Off","Off","Off","251.1","1","Off","On","On","Off","Off","Off","1","0","Off","0","0","0","0","0","0","0","0","0","0","0","0"
"1966","Pkt 145.05","145.05000","145.05000","A-Analog","High","25K","Off","Off","Local","Group Call","9","KC1JMH / Brad Brown","Off","Carrier","Off","1","1","1","Off","1","1","Packet","None","Off","Off","Off","Off","Normal Encryption","Off","Off","Off","Off","251.1","1","Off","On","On","Off","Off","Off","1","0","Off","0","0","0","0","0","0","0","0","0","0","0","0"
"1967","Pkt 145.07","145.07000","145.07000","A-Analog","High","25K","Off","Off","Local","Group Call","9","KC1JMH / Brad Brown","Off","Carrier","Off","1","1","1","Off","1","1","Packet","None","Off","Off","Off","Off","Normal Encryption","Off","Off","Off","Off","251.1","1","Off","On","On","Off","Off","Off","1","0","Off","0","0","0","0","0","0","0","0","0","0","0","0"
"1968","Pkt 145.09","145.09000","145.09000","A-Analog","High","25K","Off","Off","Local","Group Call","9","KC1JMH / Brad Brown","Off","Carrier","Off","1","1","1","Off","1","1","Packet","None","Off","Off","Off","Off","Normal Encryption","Off","Off","Off","Off","251.1","1","Off","On","On","Off","Off","Off","1","0","Off","0","0","0","0","0","0","0","0","0","0","0","0"
"1969","ME Backbone","433.30000","433.30000","A-Analog","High","25K","Off","Off","Local","Group Call","9","KC1JMH / Brad Brown","Off","Carrier","Off","1","1","1","Off","1","1","Packet","None","Off","Off","Off","Off","Normal Encryption","Off","Off","Off","Off","251.1","1","Off","On","On","Off","Off","Off","1","0","Off","0","0","0","0","0","0","0","0","0","0","0","0"
"1970","SO-50 AOS","436.80500","145.85000","A-Analog","High","25K","Off","67.0","Local","Group Call","9","KC1JMH / Brad Brown","Off","Carrier","Off","1","1","1","Off","1","1","SO-50","None","Off","Off","Off","Off","Normal Encryption","Off","Off","Off","Off","251.1","1","Off","On","Off","Off","Off","Off","1","0","Off","0","0","0","0","0","0","0","0","0","0","0","0"
"1971","SO-50 Approach","436.80000","145.85000","A-Analog","High","25K","Off","67.0","Local","Group Call","9","KC1JMH / Brad Brown","Off","Carrier","Off","1","1","1","Off","1","1","SO-50","None","Off","Off","Off","Off","Normal Encryption","Off","Off","Off","Off","251.1","1","Off","On","Off","Off","Off","Off","1","0","Off","0","0","0","0","0","0","0","0","0","0","0","0"
"1972","SO-50 TCA","436.79500","145.85000","A-Analog","High","25K","Off","67.0","Local","Group Call","9","KC1JMH / Brad Brown","Off","Carrier","Off","1","1","1","Off","1","1","SO-50","None","Off","Off","Off","Off","Normal Encryption","Off","Off","Off","Off","251.1","1","Off","On","Off","Off","Off","Off","1","0","Off","0","0","0","0","0","0","0","0","0","0","0","0"
"1973","SO-50 Receding","436.79000","145.85000","A-Analog","High","25K","Off","67.0","Local","Group Call","9","KC1JMH / Brad Brown","Off","Carrier","Off","1","1","1","Off","1","1","SO-50","None","Off","Off","Off","Off","Normal Encryption","Off","Off","Off","Off","251.1","1","Off","On","Off","Off","Off","Off","1","0","Off","0","0","0","0","0","0","0","0","0","0","0","0"
"1974","SO-50 LOS","436.78500","145.85000","A-Analog","High","25K","Off","67.0","Local","Group Call","9","KC1JMH / Brad Brown","Off","Carrier","Off","1","1","1","Off","1","1","SO-50","None","Off","Off","Off","Off","Normal Encryption","Off","Off","Off","Off","251.1","1","Off","On","Off","Off","Off","Off","1","0","Off","0","0","0","0","0","0","0","0","0","0","0","0"
"1975","ISS AOS","437.81000","145.99000","A-Analog","High","25K","Off","67.0","Local","Group Call","9","KC1JMH / Brad Brown","Off","Carrier","Off","1","1","1","Off","1","1","ISS","None","Off","Off","Off","Off","Normal Encryption","Off","Off","Off","Off","251.1","1","Off","On","Off","Off","Off","Off","1","0","Off","0","0","0","0","0","0","0","0","0","0","0","0"
"1976","ISS Approach","437.80500","145.99000","A-Analog","High","25K","Off","67.0","Local","Group Call","9","KC1JMH / Brad Brown","Off","Carrier","Off","1","1","1","Off","1","1","ISS","None","Off","Off","Off","Off","Normal Encryption","Off","Off","Off","Off","251.1","1","Off","On","Off","Off","Off","Off","1","0","Off","0","0","0","0","0","0","0","0","0","0","0","0"
"1977","ISS TCA","437.80000","145.99000","A-Analog","High","25K","Off","67.0","Local","Group Call","9","KC1JMH / Brad Brown","Off","Carrier","Off","1","1","1","Off","1","1","ISS","None","Off","Off","Off","Off","Normal Encryption","Off","Off","Off","Off","251.1","1","Off","On","Off","Off","Off","Off","1","0","Off","0","0","0","0","0","0","0","0","0","0","0","0"
"1978","ISS Receding","437.79500","145.99000","A-Analog","High","25K","Off","67.0","Local","Group Call","9","KC1JMH / Brad Brown","Off","Carrier","Off","1","1","1","Off","1","1","ISS","None","Off","Off","Off","Off","Normal Encryption","Off","Off","Off","Off","251.1","1","Off","On","Off","Off","Off","Off","1","0","Off","0","0","0","0","0","0","0","0","0","0","0","0"
"1979","ISS LOS","437.79000","145.99000","A-Analog","High","25K","Off","67.0","Local","Group Call","9","KC1JMH / Brad Brown","Off","Carrier","Off","1","1","1","Off","1","1","ISS","None","Off","Off","Off","Off","Normal Encryption","Off","Off","Off","Off","251.1","1","Off","On","Off","Off","Off","Off","1","0","Off","0","0","0","0","0","0","0","0","0","0","0","0"
"1980","AO-123 AOS","435.41000","145.85000","A-Analog","High","25K","Off","67.0","Local","Group Call","9","KC1JMH / Brad Brown","Off","Carrier","Off","1","1","1","Off","1","1","AO-123","None","Off","Off","Off","Off","Normal Encryption","Off","Off","Off","Off","251.1","1","Off","On","Off","Off","Off","Off","1","0","Off","0","0","0","0","0","0","0","0","0","0","0","0"
"1981","AO-123 Approach","435.40500","145.85000","A-Analog","High","25K","Off","67.0","Local","Group Call","9","KC1JMH / Brad Brown","Off","Carrier","Off","1","1","1","Off","1","1","AO-123","None","Off","Off","Off","Off","Normal Encryption","Off","Off","Off","Off","251.1","1","Off","On","Off","Off","Off","Off","1","0","Off","0","0","0","0","0","0","0","0","0","0","0","0"
"1982","AO-123 TCA","435.40000","145.85000","A-Analog","High","25K","Off","67.0","Local","Group Call","9","KC1JMH / Brad Brown","Off","Carrier","Off","1","1","1","Off","1","1","AO-123","None","Off","Off","Off","Off","Normal Encryption","Off","Off","Off","Off","251.1","1","Off","On","Off","Off","Off","Off","1","0","Off","0","0","0","0","0","0","0","0","0","0","0","0"
"1983","AO-123 Receding","435.39500","145.85000","A-Analog","High","25K","Off","67.0","Local","Group Call","9","KC1JMH / Brad Brown","Off","Carrier","Off","1","1","1","Off","1","1","AO-123","None","Off","Off","Off","Off","Normal Encryption","Off","Off","Off","Off","251.1","1","Off","On","Off","Off","Off","Off","1","0","Off","0","0","0","0","0","0","0","0","0","0","0","0"
"1984","AO-123 LOS","435.39000","145.85000","A-Analog","High","25K","Off","67.0","Local","Group Call","9","KC1JMH / Brad Brown","Off","Carrier","Off","1","1","1","Off","1","1","AO-123","None","Off","Off","Off","Off","Normal Encryption","Off","Off","Off","Off","251.1","1","Off","On","Off","Off","Off","Off","1","0","Off","0","0","0","0","0","0","0","0","0","0","0","0"
"1985","CAS-3H AOS","437.21000","144.35000","A-Analog","High","25K","Off","Off","Local","Group Call","9","KC1JMH / Brad Brown","Off","Carrier","Off","1","1","1","Off","1","1","CAS-3H","None","Off","Off","Off","Off","Normal Encryption","Off","Off","Off","Off","251.1","1","Off","On","Off","Off","Off","Off","1","0","Off","0","0","0","0","0","0","0","0","0","0","0","0"
"1986","CAS-3H Approach","437.20500","144.35000","A-Analog","High","25K","Off","Off","Local","Group Call","9","KC1JMH / Brad Brown","Off","Carrier","Off","1","1","1","Off","1","1","CAS-3H","None","Off","Off","Off","Off","Normal Encryption","Off","Off","Off","Off","251.1","1","Off","On","Off","Off","Off","Off","1","0","Off","0","0","0","0","0","0","0","0","0","0","0","0"
"1987","CAS-3H TCA","437.20000","144.35000","A-Analog","High","25K","Off","Off","Local","Group Call","9","KC1JMH / Brad Brown","Off","Carrier","Off","1","1","1","Off","1","1","CAS-3H","None","Off","Off","Off","Off","Normal Encryption","Off","Off","Off","Off","251.1","1","Off","On","Off","Off","Off","Off","1","0","Off","0","0","0","0","0","0","0","0","0","0","0","0"
"1988","CAS-3H Receding","437.19500","144.35000","A-Analog","High","25K","Off","Off","Local","Group Call","9","KC1JMH / Brad Brown","Off","Carrier","Off","1","1","1","Off","1","1","CAS-3H","None","Off","Off","Off","Off","Normal Encryption","Off","Off","Off","Off","251.1","1","Off","On","Off","Off","Off","Off","1","0","Off","0","0","0","0","0","0","0","0","0","0","0","0"
"1989","CAS-3H LOS","437.19000","144.35000","A-Analog","High","25K","Off","Off","Local","Group Call","9","KC1JMH / Brad Brown","Off","Carrier","Off","1","1","1","Off","1","1","CAS-3H","None","Off","Off","Off","Off","Normal Encryption","Off","Off","Off","Off","251.1","1","Off","On","Off","Off","Off","Off","1","0","Off","0","0","0","0","0","0","0","0","0","0","0","0"
"1990","IO-86 AOS","435.88500","145.88000","A-Analog","High","25K","Off","88.5","Local","Group Call","9","KC1JMH / Brad Brown","Off","Carrier","Off","1","1","1","Off","1","1","IO-86","None","Off","Off","Off","Off","Normal Encryption","Off","Off","Off","Off","251.1","1","Off","On","Off","Off","Off","Off","1","0","Off","0","0","0","0","0","0","0","0","0","0","0","0"
"1991","IO-86 Approach","435.88000","145.88000","A-Analog","High","25K","Off","88.5","Local","Group Call","9","KC1JMH / Brad Brown","Off","Carrier","Off","1","1","1","Off","1","1","IO-86","None","Off","Off","Off","Off","Normal Encryption","Off","Off","Off","Off","251.1","1","Off","On","Off","Off","Off","Off","1","0","Off","0","0","0","0","0","0","0","0","0","0","0","0"
"1992","IO-86 TCA","435.88000","145.88000","A-Analog","High","25K","Off","88.5","Local","Group Call","9","KC1JMH / Brad Brown","Off","Carrier","Off","1","1","1","Off","1","1","IO-86","None","Off","Off","Off","Off","Normal Encryption","Off","Off","Off","Off","251.1","1","Off","On","Off","Off","Off","Off","1","0","Off","0","0","0","0","0","0","0","0","0","0","0","0"
"1993","IO-86 Receding","435.88500","145.88000","A-Analog","High","25K","Off","88.5","Local","Group Call","9","KC1JMH / Brad Brown","Off","Carrier","Off","1","1","1","Off","1","1","IO-86","None","Off","Off","Off","Off","Normal Encryption","Off","Off","Off","Off","251.1","1","Off","On","Off","Off","Off","Off","1","0","Off","0","0","0","0","0","0","0","0","0","0","0","0"
"1994","IO-86 LOS","435.89000","145.88000","A-Analog","High","25K","Off","88.5","Local","Group Call","9","KC1JMH / Brad Brown","Off","Carrier","Off","1","1","1","Off","1","1","IO-86","None","Off","Off","Off","Off","Normal Encryption","Off","Off","Off","Off","251.1","1","Off","On","Off","Off","Off","Off","1","0","Off","0","0","0","0","0","0","0","0","0","0","0","0"
"1995","RS95S AOS","436.96000","145.92000","A-Analog","High","25K","Off","67.0","Local","Group Call","9","KC1JMH / Brad Brown","Off","Carrier","Off","1","1","1","Off","1","1","RS95S","None","Off","Off","Off","Off","Normal Encryption","Off","Off","Off","Off","251.1","1","Off","On","Off","Off","Off","Off","1","0","Off","0","0","0","0","0","0","0","0","0","0","0","0"
"1996","RS95S Approach","436.95500","145.92000","A-Analog","High","25K","Off","67.0","Local","Group Call","9","KC1JMH / Brad Brown","Off","Carrier","Off","1","1","1","Off","1","1","RS95S","None","Off","Off","Off","Off","Normal Encryption","Off","Off","Off","Off","251.1","1","Off","On","Off","Off","Off","Off","1","0","Off","0","0","0","0","0","0","0","0","0","0","0","0"
"1997","RS95S TCA","436.95000","145.92000","A-Analog","High","25K","Off","67.0","Local","Group Call","9","KC1JMH / Brad Brown","Off","Carrier","Off","1","1","1","Off","1","1","RS95S","None","Off","Off","Off","Off","Normal Encryption","Off","Off","Off","Off","251.1","1","Off","On","Off","Off","Off","Off","1","0","Off","0","0","0","0","0","0","0","0","0","0","0","0"
"1998","RS95S Receding","436.94500","145.92000","A-Analog","High","25K","Off","67.0","Local","Group Call","9","KC1JMH / Brad Brown","Off","Carrier","Off","1","1","1","Off","1","1","RS95S","None","Off","Off","Off","Off","Normal Encryption","Off","Off","Off","Off","251.1","1","Off","On","Off","Off","Off","Off","1","0","Off","0","0","0","0","0","0","0","0","0","0","0","0"
"1999","RS95S LOS","436.94000","145.92000","A-Analog","High","25K","Off","67.0","Local","Group Call","9","KC1JMH / Brad Brown","Off","Carrier","Off","1","1","1","Off","1","1","RS95S","None","Off","Off","Off","Off","Normal Encryption","Off","Off","Off","Off","251.1","1","Off","On","Off","Off","Off","Off","1","0","Off","0","0","0","0","0","0","0","0","0","0","0","0"
"2000","TEVEL2 AOS","436.41000","145.97000","A-Analog","High","25K","Off","Off","Local","Group Call","9","KC1JMH / Brad Brown","Off","Carrier","Off","1","1","1","Off","1","1","TEVEL2","None","Off","Off","Off","Off","Normal Encryption","Off","Off","Off","Off","251.1","1","Off","On","Off","Off","Off","Off","1","0","Off","0","0","0","0","0","0","0","0","0","0","0","0"
"2001","TEVEL2 Approach","436.40500","145.97000","A-Analog","High","25K","Off","Off","Local","Group Call","9","KC1JMH / Brad Brown","Off","Carrier","Off","1","1","1","Off","1","1","TEVEL2","None","Off","Off","Off","Off","Normal Encryption","Off","Off","Off","Off","251.1","1","Off","On","Off","Off","Off","Off","1","0","Off","0","0","0","0","0","0","0","0","0","0","0","0"
"2002","TEVEL2 TCA","436.40000","145.97000","A-Analog","High","25K","Off","Off","Local","Group Call","9","KC1JMH / Brad Brown","Off","Carrier","Off","1","1","1","Off","1","1","TEVEL2","None","Off","Off","Off","Off","Normal Encryption","Off","Off","Off","Off","251.1","1","Off","On","Off","Off","Off","Off","1","0","Off","0","0","0","0","0","0","0","0","0","0","0","0"
"2003","TEVEL2 Receding","436.39500","145.97000","A-Analog","High","25K","Off","Off","Local","Group Call","9","KC1JMH / Brad Brown","Off","Carrier","Off","1","1","1","Off","1","1","TEVEL2","None","Off","Off","Off","Off","Normal Encryption","Off","Off","Off","Off","251.1","1","Off","On","Off","Off","Off","Off","1","0","Off","0","0","0","0","0","0","0","0","0","0","0","0"
"2004","TEVEL2 LOS","436.39000","145.97000","A-Analog","High","25K","Off","Off","Local","Group Call","9","KC1JMH / Brad Brown","Off","Carrier","Off","1","1","1","Off","1","1","TEVEL2","None","Off","Off","Off","Off","Normal Encryption","Off","Off","Off","Off","251.1","1","Off","On","Off","Off","Off","Off","1","0","Off","0","0","0","0","0","0","0","0","0","0","0","0"
"2005","AO-91 AOS","435.24000","145.96000","A-Analog","High","25K","Off","67.0","Local","Group Call","9","KC1JMH / Brad Brown","Off","Carrier","Off","1","1","1","Off","1","1","AO-91","None","Off","Off","Off","Off","Normal Encryption","Off","Off","Off","Off","251.1","1","Off","On","Off","Off","Off","Off","1","0","Off","0","0","0","0","0","0","0","0","0","0","0","0"
"2006","AO-91 Approach","435.24500","145.96000","A-Analog","High","25K","Off","67.0","Local","Group Call","9","KC1JMH / Brad Brown","Off","Carrier","Off","1","1","1","Off","1","1","AO-91","None","Off","Off","Off","Off","Normal Encryption","Off","Off","Off","Off","251.1","1","Off","On","Off","Off","Off","Off","1","0","Off","0","0","0","0","0","0","0","0","0","0","0","0"
"2007","AO-91 TCA","435.25000","145.96000","A-Analog","High","25K","Off","67.0","Local","Group Call","9","KC1JMH / Brad Brown","Off","Carrier","Off","1","1","1","Off","1","1","AO-91","None","Off","Off","Off","Off","Normal Encryption","Off","Off","Off","Off","251.1","1","Off","On","Off","Off","Off","Off","1","0","Off","0","0","0","0","0","0","0","0","0","0","0","0"
"2008","AO-91 Receding","435.25500","145.96000","A-Analog","High","25K","Off","67.0","Local","Group Call","9","KC1JMH / Brad Brown","Off","Carrier","Off","1","1","1","Off","1","1","AO-91","None","Off","Off","Off","Off","Normal Encryption","Off","Off","Off","Off","251.1","1","Off","On","Off","Off","Off","Off","1","0","Off","0","0","0","0","0","0","0","0","0","0","0","0"
"2009","AO-91 LOS","435.26000","145.96000","A-Analog","High","25K","Off","67.0","Local","Group Call","9","KC1JMH / Brad Brown","Off","Carrier","Off","1","1","1","Off","1","1","AO-91","None","Off","Off","Off","Off","Normal Encryption","Off","Off","Off","Off","251.1","1","Off","On","Off","Off","Off","Off","1","0","Off","0","0","0","0","0","0","0","0","0","0","0","0"
"2010","PO-101 AOS","437.49000","145.90000","A-Analog","High","25K","Off","141.3","Local","Group Call","9","KC1JMH / Brad Brown","Off","Carrier","Off","1","1","1","Off","1","1","PO-101","None","Off","Off","Off","Off","Normal Encryption","Off","Off","Off","Off","251.1","1","Off","On","Off","Off","Off","Off","1","0","Off","0","0","0","0","0","0","0","0","0","0","0","0"
"2011","PO-101 Approach","437.49500","145.90000","A-Analog","High","25K","Off","141.3","Local","Group Call","9","KC1JMH / Brad Brown","Off","Carrier","Off","1","1","1","Off","1","1","PO-101","None","Off","Off","Off","Off","Normal Encryption","Off","Off","Off","Off","251.1","1","Off","On","Off","Off","Off","Off","1","0","Off","0","0","0","0","0","0","0","0","0","0","0","0"
"2012","PO-101 TCA","437.50000","145.90000","A-Analog","High","25K","Off","141.3","Local","Group Call","9","KC1JMH / Brad Brown","Off","Carrier","Off","1","1","1","Off","1","1","PO-101","None","Off","Off","Off","Off","Normal Encryption","Off","Off","Off","Off","251.1","1","Off","On","Off","Off","Off","Off","1","0","Off","0","0","0","0","0","0","0","0","0","0","0","0"
"2013","PO-101 Receding","437.50500","145.90000","A-Analog","High","25K","Off","141.3","Local","Group Call","9","KC1JMH / Brad Brown","Off","Carrier","Off","1","1","1","Off","1","1","PO-101","None","Off","Off","Off","Off","Normal Encryption","Off","Off","Off","Off","251.1","1","Off","On","Off","Off","Off","Off","1","0","Off","0","0","0","0","0","0","0","0","0","0","0","0"
"2014","PO-101 LOS","437.51000","145.90000","A-Analog","High","25K","Off","141.3","Local","Group Call","9","KC1JMH / Brad Brown","Off","Carrier","Off","1","1","1","Off","1","1","PO-101","None","Off","Off","Off","Off","Normal Encryption","Off","Off","Off","Off","251.1","1","Off","On","Off","Off","Off","Off","1","0","Off","0","0","0","0","0","0","0","0","0","0","0","0"
"2015","SO-50 ACT","436.80500","145.85000","A-Analog","High","25K","Off","Off","Local","Group Call","9","KC1JMH / Brad Brown","Off","Carrier","Off","1","1","1","Off","1","1","SO-50","None","Off","Off","Off","Off","Normal Encryption","Off","Off","Off","Off","251.1","1","Off","On","Off","Off","Off","Off","1","0","Off","0","0","0","0","0","0","0","0","0","0","0","0"
"2016","Channel VFO A","147.09000","147.09000","A-Analog","Low","25K","Off","100.0","Local","Group Call","9","KC1JMH / Brad Brown","Off","Carrier","Off","1","1","1","Off","1","1","None","None","Off","Off","Off","Off","Normal Encryption","Off","Off","Off","Off","131.8","1","Off","On","Off","Off","Off","Off","1","0","Off","0","0","0","0","0","0","0","0","0","0","0","1"
"2017","Channel VFO B","147.69000","147.69000","A-Analog","Low","25K","Off","Off","Local","Group Call","9","KC1JMH / Brad Brown","Off","Carrier","Off","1","1","1","Off","1","1","None","None","Off","Off","Off","Off","Normal Encryption","Off","Off","Off","Off","131.8","1","Off","On","Off","Off","Off","Off","1","0","Off","0","0","0","0","0","0","0","0","0","0","0","1"
